asset_id,ticker,date,Open,High,Low,Close,Volume,return_3m,return_6m,momentum_score,returns,volatility,low_vol_score
LINK-USD_2017-11-09,LINK-USD,2017-11-09,0.2167129963636398,0.2482330054044723,0.1954109966754913,0.2239689975976944,3347920.0,,,,,,
LINK-USD_2017-11-10,LINK-USD,2017-11-10,0.2247000038623809,0.2312799990177154,0.1801609992980957,0.1876019984483719,2125460.0,,,,-0.1623751480758374,,
LINK-USD_2017-11-11,LINK-USD,2017-11-11,0.1863979995250702,0.1976870000362396,0.1660259962081909,0.1797699928283691,2238980.0,,,,-0.0417479860810658,,
LINK-USD_2017-11-12,LINK-USD,2017-11-12,0.1796669960021972,0.1983759999275207,0.1459479928016662,0.1708980053663253,5455200.0,,,,-0.0493518819379056,,
LINK-USD_2017-11-13,LINK-USD,2017-11-13,0.1691170036792755,0.2050140053033828,0.1687429994344711,0.1830710023641586,2992650.0,,,,0.0712296025441614,,
LINK-USD_2017-11-14,LINK-USD,2017-11-14,0.1848150044679641,0.1999679952859878,0.1703999936580658,0.1881140023469925,2203410.0,,,,0.0275466890862514,,
LINK-USD_2017-11-15,LINK-USD,2017-11-15,0.1876129955053329,0.1935130059719085,0.1760299950838089,0.1861380040645599,1689780.0,,,,-0.0105042594266198,,
LINK-USD_2017-11-16,LINK-USD,2017-11-16,0.1874819993972778,0.1884440034627914,0.1645310074090957,0.1697610020637512,1766160.0,,,,-0.0879831181338365,,
LINK-USD_2017-11-17,LINK-USD,2017-11-17,0.1694550067186355,0.1715350002050399,0.1524769961833953,0.1596489995718002,2547360.0,,,,-0.0595661098192243,,
LINK-USD_2017-11-18,LINK-USD,2017-11-18,0.1550090014934539,0.1779119968414306,0.1507019996643066,0.1708720028400421,1948470.0,,,,0.07029798682324,,
LINK-USD_2017-11-19,LINK-USD,2017-11-19,0.1707980036735534,0.1738120019435882,0.1574160009622573,0.1623540073633194,1646620.0,,,,-0.0498501529516021,,
LINK-USD_2017-11-20,LINK-USD,2017-11-20,0.1623660027980804,0.1662829965353012,0.1566720008850097,0.1621830016374588,1916880.0,,,,-0.0010532892204989,,
LINK-USD_2017-11-21,LINK-USD,2017-11-21,0.1634760051965713,0.1680050045251846,0.1537960022687912,0.1549720019102096,1952710.0,,,,-0.0444621178202666,,
LINK-USD_2017-11-22,LINK-USD,2017-11-22,0.1569799929857254,0.1745689958333969,0.1503179967403412,0.168514996767044,2709660.0,,,,0.0873899458605509,,
LINK-USD_2017-11-23,LINK-USD,2017-11-23,0.1696549952030182,0.1903380006551742,0.1570850014686584,0.1643839925527572,3325760.0,,,,-0.0245141636859628,,
LINK-USD_2017-11-24,LINK-USD,2017-11-24,0.1653169989585876,0.1933789998292923,0.1559270024299621,0.1929209977388382,3763260.0,,,,0.1735996598143359,,
LINK-USD_2017-11-25,LINK-USD,2017-11-25,0.1928109973669052,0.193241998553276,0.1745939999818802,0.1809590011835098,2292830.0,,,,-0.0620046376264424,,
LINK-USD_2017-11-26,LINK-USD,2017-11-26,0.1834920048713684,0.1859229952096939,0.1700170040130615,0.182888001203537,1860700.0,,,,0.0106598732719076,,
LINK-USD_2017-11-27,LINK-USD,2017-11-27,0.182888001203537,0.1855420023202896,0.1719069927930832,0.1841679960489273,4242550.0,,,,0.0069987907187296,,
LINK-USD_2017-11-28,LINK-USD,2017-11-28,0.1868209987878799,0.1921350061893463,0.175586000084877,0.1764239966869354,5251760.0,,,,-0.0420485617921073,,
LINK-USD_2017-11-29,LINK-USD,2017-11-29,0.1765670031309127,0.1822959929704666,0.1379629969596862,0.1452549993991851,5052720.0,,,,-0.1766709624148222,,
LINK-USD_2017-11-30,LINK-USD,2017-11-30,0.1473599970340728,0.1767970025539398,0.1421629935503006,0.1704609990119934,4621870.0,,,,0.1735293085750391,,
LINK-USD_2017-12-01,LINK-USD,2017-12-01,0.169527992606163,0.1795639991760254,0.1612699925899505,0.177823007106781,4352980.0,,,,0.0431888123233961,,
LINK-USD_2017-12-02,LINK-USD,2017-12-02,0.1779409945011139,0.2221750020980835,0.1673610061407089,0.2078980058431625,7396790.0,,,,0.1691288389826957,,
LINK-USD_2017-12-03,LINK-USD,2017-12-03,0.2079979926347732,0.2555280029773712,0.1936070024967193,0.2306289970874786,8765840.0,,,,0.1093372259735105,,
LINK-USD_2017-12-04,LINK-USD,2017-12-04,0.2325949966907501,0.2532700002193451,0.2067929953336715,0.2295809984207153,6981590.0,,,,-0.0045440889046827,,
LINK-USD_2017-12-05,LINK-USD,2017-12-05,0.2292699962854385,0.3138769865036011,0.2213509976863861,0.3138769865036011,12459200.0,,,,0.3671731923057952,,
LINK-USD_2017-12-06,LINK-USD,2017-12-06,0.3123579919338226,0.3536489903926849,0.2678419947624206,0.2915700078010559,12387900.0,,,,-0.071069175701702,,
LINK-USD_2017-12-07,LINK-USD,2017-12-07,0.2836900055408478,0.3083530068397522,0.2358070015907287,0.2600640058517456,6697780.0,,,,-0.1080563881961669,,
LINK-USD_2017-12-08,LINK-USD,2017-12-08,0.2600040137767792,0.2734859883785248,0.2118239998817443,0.2452259957790374,4528570.0,,,,-0.0570552238634934,,
LINK-USD_2017-12-09,LINK-USD,2017-12-09,0.2449849992990493,0.2677049934864044,0.2264149934053421,0.2388589978218078,3173600.0,,,,-0.0259637969335299,,
LINK-USD_2017-12-10,LINK-USD,2017-12-10,0.2410549968481063,0.2670010030269623,0.2159090042114257,0.2528980076313019,3142570.0,,,,0.0587753023227843,,
LINK-USD_2017-12-11,LINK-USD,2017-12-11,0.2550790011882782,0.2879509925842285,0.2455269992351532,0.2605920135974884,7534170.0,,,,0.0304233554002668,,
LINK-USD_2017-12-12,LINK-USD,2017-12-12,0.2541140019893646,0.2702639997005462,0.2095959931612014,0.2314240038394928,10320200.0,,,,-0.1119297915363156,,
LINK-USD_2017-12-13,LINK-USD,2017-12-13,0.2314279973506927,0.2880130112171173,0.2241909950971603,0.2618780136108398,10439800.0,,,,0.1315939974509679,,
LINK-USD_2017-12-14,LINK-USD,2017-12-14,0.2613199949264526,0.3668429851531982,0.2531020045280456,0.3085030019283294,16021700.0,,,,0.178040865953627,,
LINK-USD_2017-12-15,LINK-USD,2017-12-15,0.312604010105133,0.3544520139694214,0.2582240104675293,0.3207930028438568,13211800.0,,,,0.039837540765268,,
LINK-USD_2017-12-16,LINK-USD,2017-12-16,0.3181990087032318,0.3528600037097931,0.2930049896240234,0.3413929939270019,13859700.0,,,,0.0642158366938319,,
LINK-USD_2017-12-17,LINK-USD,2017-12-17,0.3418479859828949,0.4444209933280945,0.3399060070514679,0.4175960123538971,20035600.0,,,,0.2232120160122244,,
LINK-USD_2017-12-18,LINK-USD,2017-12-18,0.418269008398056,0.4349069893360138,0.3627830147743225,0.4349069893360138,18220400.0,,,,0.0414538847833783,,
LINK-USD_2017-12-19,LINK-USD,2017-12-19,0.4310750067234039,0.5086029767990112,0.4151279926300049,0.4393559992313385,13254800.0,,,,0.0102297962654431,,
LINK-USD_2017-12-20,LINK-USD,2017-12-20,0.4387289881706238,0.4387289881706238,0.35275599360466,0.3727959990501404,10481200.0,,,,-0.15149446075084,,
LINK-USD_2017-12-21,LINK-USD,2017-12-21,0.3785620033740997,0.4664340019226074,0.3688110113143921,0.4242869913578033,12030600.0,,,,0.1381210968971196,,
LINK-USD_2017-12-22,LINK-USD,2017-12-22,0.4276480078697204,0.4563310146331787,0.283609002828598,0.4268780052661896,14979800.0,,,,0.0061067484065313,,
LINK-USD_2017-12-23,LINK-USD,2017-12-23,0.4392719864845276,0.7233859896659851,0.4392719864845276,0.5776799917221069,24055000.0,,,,0.3532671737488122,,
LINK-USD_2017-12-24,LINK-USD,2017-12-24,0.5845620036125183,0.6043739914894104,0.4438300132751465,0.5441619753837585,15183200.0,,,,-0.0580217712551004,,
LINK-USD_2017-12-25,LINK-USD,2017-12-25,0.5493370294570923,0.5845419764518738,0.4889900088310241,0.5019329786300659,7740550.0,,,,-0.0776037258463557,,
LINK-USD_2017-12-26,LINK-USD,2017-12-26,0.506289005279541,0.5496370196342468,0.4359540045261383,0.5214210152626038,10452900.0,,,,0.0388259737101293,,
LINK-USD_2017-12-27,LINK-USD,2017-12-27,0.5157099962234497,0.5306689739227295,0.4605360031127929,0.5055009722709656,6065390.0,,,,-0.0305320317471675,,
LINK-USD_2017-12-28,LINK-USD,2017-12-28,0.5027819871902466,0.5136370062828064,0.436506986618042,0.5066969990730286,5458410.0,,,,0.0023660227530124,,
LINK-USD_2017-12-29,LINK-USD,2017-12-29,0.5081610083580017,0.5184469819068909,0.4611600041389465,0.4863480031490326,5757530.0,,,,-0.0401600877076896,,
LINK-USD_2017-12-30,LINK-USD,2017-12-30,0.4880039989948272,0.5861279964447021,0.43333300948143,0.5861279964447021,9126190.0,,,,0.2051617209274194,,
LINK-USD_2017-12-31,LINK-USD,2017-12-31,0.5588089823722839,0.6135380268096924,0.5245159864425659,0.6015520095825195,9962080.0,,,,0.0263150936849552,,
LINK-USD_2018-01-01,LINK-USD,2018-01-01,0.6004149913787842,0.7361029982566833,0.5742179751396179,0.7335630059242249,11506300.0,,,,0.2194506779776559,,
LINK-USD_2018-01-02,LINK-USD,2018-01-02,0.7290819883346558,0.7643349766731262,0.5857149958610535,0.6737120151519775,12671100.0,,,,-0.0815894344301623,,
LINK-USD_2018-01-03,LINK-USD,2018-01-03,0.6697989702224731,0.7042499780654907,0.629135012626648,0.6811670064926147,8620400.0,,,,0.0110655460686053,,
LINK-USD_2018-01-04,LINK-USD,2018-01-04,0.6800940036773682,1.0221500396728516,0.6800940036773682,0.9843680262565612,24679000.0,,,,0.4451199439696198,,
LINK-USD_2018-01-05,LINK-USD,2018-01-05,0.9587339758872986,1.2638599872589111,0.8516690135002136,0.9074860215187072,23599300.0,,,,-0.0781029073345945,,
LINK-USD_2018-01-06,LINK-USD,2018-01-06,0.9647960066795348,1.1922800540924072,0.9384620189666748,1.0635700225830078,16319300.0,,,,0.1719960389065706,,
LINK-USD_2018-01-07,LINK-USD,2018-01-07,1.088320016860962,1.32177996635437,1.0080499649047852,1.27046000957489,23308800.0,,,,0.1945240864249116,,
LINK-USD_2018-01-08,LINK-USD,2018-01-08,1.2716699838638306,1.4350199699401855,1.0529199838638306,1.3773000240325928,25545400.0,,,,0.0840955352018146,,
LINK-USD_2018-01-09,LINK-USD,2018-01-09,1.378309965133667,1.4246699810028076,1.1837300062179563,1.228279948234558,14301200.0,,,,-0.1081972505610791,,
LINK-USD_2018-01-10,LINK-USD,2018-01-10,1.2382700443267822,1.2644799947738647,1.092960000038147,1.1887099742889404,11260700.0,,,,-0.0322157615635529,,
LINK-USD_2018-01-11,LINK-USD,2018-01-11,1.1836999654769895,1.2934800386428833,0.9721909761428832,1.0103299617767334,10009300.0,3.5110259572244207,,,-0.1500618455051745,0.1278417725124254,-0.1278417725124254
LINK-USD_2018-01-12,LINK-USD,2018-01-12,1.0297499895095823,1.1414200067520142,0.9895489811897278,1.0515600442886353,9231200.0,4.605271015159387,,,0.0408085319368298,0.1254112708894472,-0.1254112708894472
LINK-USD_2018-01-13,LINK-USD,2018-01-13,1.0534600019454956,1.284000039100647,1.049090027809143,1.1012300252914429,12319900.0,5.125772204612672,,,0.0472345647522283,0.1250364392919602,-0.1250364392919602
LINK-USD_2018-01-14,LINK-USD,2018-01-14,1.1064399480819702,1.1545900106430054,0.9410849809646606,1.0108400583267212,5844480.0,4.914873354782307,,,-0.082080913967815,0.1254646936673492,-0.1254646936673492
LINK-USD_2018-01-15,LINK-USD,2018-01-15,1.0069500207901,1.037019968032837,0.8484219908714294,0.8776879906654358,8351260.0,3.794249112809077,,,-0.1317241699757098,0.1271305092496602,-0.1271305092496602
LINK-USD_2018-01-16,LINK-USD,2018-01-16,0.881771981716156,0.881771981716156,0.5247560143470764,0.7564529776573181,8988860.0,3.021247585078624,,,-0.1381299667962883,0.1289335856378425,-0.1289335856378425
LINK-USD_2018-01-17,LINK-USD,2018-01-17,0.7518470287322998,0.768202006816864,0.4793210029602051,0.6986340284347534,7658770.0,2.753312129598424,,,-0.0764342939089564,0.1295320372185738,-0.1295320372185738
LINK-USD_2018-01-18,LINK-USD,2018-01-18,0.7024539709091187,0.819819986820221,0.691332995891571,0.7442299723625183,5953820.0,3.383986683131347,,,0.0652644189546847,0.1287412971789822,-0.1287412971789822
LINK-USD_2018-01-19,LINK-USD,2018-01-19,0.7391700148582458,0.9082270264625548,0.7031310200691223,0.8129050135612488,7383730.0,4.091826542863205,,,0.0922766399487045,0.1284361978447048,-0.1284361978447048
LINK-USD_2018-01-20,LINK-USD,2018-01-20,0.8206740021705627,1.2193000316619873,0.8054990172386169,1.2193000316619873,13848900.0,6.135750804088175,,,0.4999292799540822,0.1411900469131691,-0.1411900469131691
LINK-USD_2018-01-21,LINK-USD,2018-01-21,1.195639967918396,1.195639967918396,0.840487003326416,0.88782799243927,22703900.0,4.468469838582234,,,-0.2718543677645105,0.1461617545290826,-0.1461617545290826
LINK-USD_2018-01-22,LINK-USD,2018-01-22,0.9057940244674684,1.0158599615097046,0.7348430156707764,0.8028579950332642,12408600.0,3.950321469742924,,,-0.0957054723770922,0.1470417374007868,-0.1470417374007868
LINK-USD_2018-01-23,LINK-USD,2018-01-23,0.8022350072860718,0.8628389835357666,0.7186539769172668,0.8019170165061951,7552930.0,4.174592872400421,,,-0.0011720360672625,0.1467635280820866,-0.1467635280820866
LINK-USD_2018-01-24,LINK-USD,2018-01-24,0.7988479733467102,0.8341159820556641,0.7669609785079956,0.7928630113601685,6451640.0,3.704999712614458,,,-0.0112904514552805,0.1467334532264981,-0.1467334532264981
LINK-USD_2018-01-25,LINK-USD,2018-01-25,0.8003829717636108,0.8326629996299744,0.7206889986991882,0.76043701171875,6271900.0,3.6259796949188727,,,-0.0408973544948088,0.1468541854822367,-0.1468541854822367
LINK-USD_2018-01-26,LINK-USD,2018-01-26,0.7568110227584839,0.787676990032196,0.6784229874610901,0.7098529934883118,5618280.0,2.679500944989186,,,-0.0665196688889557,0.1462937023801236,-0.1462937023801236
LINK-USD_2018-01-27,LINK-USD,2018-01-27,0.7109609842300415,0.8463730216026306,0.6897050142288208,0.7806749939918518,14915400.0,3.314098712338561,,,0.0997699539949974,0.1460648067221124,-0.1460648067221124
LINK-USD_2018-01-28,LINK-USD,2018-01-28,0.789529025554657,0.8559330105781555,0.7519980072975159,0.7606009840965271,9034380.0,3.1588348010324108,,,-0.0257136581161381,0.1462262943381026,-0.1462262943381026
LINK-USD_2018-01-29,LINK-USD,2018-01-29,0.7567989826202393,0.7615249752998352,0.6859250068664551,0.6977120041847229,5220320.0,2.788454124240805,,,-0.0826832744458072,0.1469126114030384,-0.1469126114030384
LINK-USD_2018-01-30,LINK-USD,2018-01-30,0.7000049948692322,0.7000049948692322,0.5627750158309937,0.5967779755592346,5598540.0,2.3826349406323555,,,-0.1446643142444278,0.1482977629364376,-0.1482977629364376
LINK-USD_2018-01-31,LINK-USD,2018-01-31,0.5988720059394836,0.624019980430603,0.5658130049705505,0.6201459765434265,6957010.0,3.269360635492905,,,0.0391569426842435,0.1459355654151918,-0.1459355654151918
LINK-USD_2018-02-01,LINK-USD,2018-02-01,0.6199589967727661,0.6234009861946106,0.480307012796402,0.520346999168396,6605630.0,2.05258682152734,,,-0.1609282026326941,0.146813837117251,-0.146813837117251
LINK-USD_2018-02-02,LINK-USD,2018-02-02,0.5184400081634521,0.5238369703292847,0.3519499897956848,0.4945740103721618,7123780.0,1.7812712112959312,,,-0.0495303880630114,0.1471182127661224,-0.1471182127661224
LINK-USD_2018-02-03,LINK-USD,2018-02-03,0.5001170039176941,0.5447919964790344,0.4534029960632324,0.5185580253601074,5826330.0,1.4942905212438915,,,0.0484942889940736,0.1460061934408996,-0.1460061934408996
LINK-USD_2018-02-04,LINK-USD,2018-02-04,0.5186120271682739,0.5257539749145508,0.4034869968891144,0.4343709945678711,5171480.0,0.8834188244035603,,,-0.1623483326360121,0.1474528388632213,-0.1474528388632213
LINK-USD_2018-02-05,LINK-USD,2018-02-05,0.4301579892635345,0.4370979964733124,0.3072449862957001,0.3415060043334961,4347320.0,0.4875185955401859,,,-0.2137918769800931,0.1503379797634443,-0.1503379797634443
LINK-USD_2018-02-06,LINK-USD,2018-02-06,0.3437069952487945,0.4385139942169189,0.2720569968223572,0.4252479970455169,6105750.0,0.3548237536702554,,,0.2452138224493498,0.1464849005290695,-0.1464849005290695
LINK-USD_2018-02-07,LINK-USD,2018-02-07,0.4258129894733429,0.4436439871788025,0.3731279969215393,0.3767710030078888,5201810.0,0.2922145382832628,,,-0.1139969955753591,0.1469884330084868,-0.1469884330084868
LINK-USD_2018-02-08,LINK-USD,2018-02-08,0.3755240142345428,0.4331269860267639,0.3755240142345428,0.411080002784729,5285960.0,0.580687805828358,,,0.0910606164034386,0.1464649182527519,-0.1464649182527519
LINK-USD_2018-02-09,LINK-USD,2018-02-09,0.4120280146598816,0.4400199949741363,0.391975998878479,0.4351939857006073,3047610.0,0.7746649751307031,,,0.0586600728630093,0.1462466474428349,-0.1462466474428349
LINK-USD_2018-02-10,LINK-USD,2018-02-10,0.4355030059814453,0.4801140129566192,0.4001660048961639,0.4198740124702453,3474900.0,0.7578320946631336,,,-0.0352026308582797,0.1462969192376267,-0.1462969192376267
LINK-USD_2018-02-11,LINK-USD,2018-02-11,0.4197160005569458,0.4356490075588226,0.3783130049705505,0.4161570072174072,2544010.0,0.645552731376672,,,-0.0088526680443254,0.1462461527413796,-0.1462461527413796
LINK-USD_2018-02-12,LINK-USD,2018-02-12,0.4175409972667694,0.519707977771759,0.4146189987659454,0.4902819991111755,7646360.0,0.8814160585460891,,,0.1781178512153327,0.1476319759512835,-0.1476319759512835
LINK-USD_2018-02-13,LINK-USD,2018-02-13,0.4889299869537353,0.624750018119812,0.4825240075588226,0.5707589983940125,30283200.0,1.466291261600806,,,0.1641443076203745,0.1477512160887292,-0.1477512160887292
LINK-USD_2018-02-14,LINK-USD,2018-02-14,0.5642049908638,0.5879160165786743,0.5324339866638184,0.5682529807090759,11953100.0,1.1699148121442544,,,-0.0043906757352716,0.1471512045879225,-0.1471512045879225
LINK-USD_2018-02-15,LINK-USD,2018-02-15,0.568244993686676,0.5793579816818237,0.5297470092773438,0.5652509927749634,7288970.0,0.832238225371567,,,-0.005282837109568,0.1458260950165207,-0.1458260950165207
LINK-USD_2018-02-16,LINK-USD,2018-02-16,0.5618029832839966,0.6666010022163391,0.55765700340271,0.639627993106842,9385160.0,0.9938963363804272,,,0.1315822551089078,0.1464913299330803,-0.1464913299330803
LINK-USD_2018-02-17,LINK-USD,2018-02-17,0.6443390250205994,0.6839010119438171,0.6365460157394409,0.6724870204925537,8038940.0,0.9698325169389614,,,0.0513720908712995,0.1464387649675454,-0.1464387649675454
LINK-USD_2018-02-18,LINK-USD,2018-02-18,0.6766639947891235,0.7813569903373718,0.5871490240097046,0.7617610096931458,15946800.0,0.8241577676933889,,,0.1327519884847807,0.1448542506482178,-0.1448542506482178
LINK-USD_2018-02-19,LINK-USD,2018-02-19,0.7600640058517456,0.8759070038795471,0.7105000019073486,0.7743620276451111,29965000.0,0.7805232995389519,,,0.0165419571120362,0.1448262204301566,-0.1448262204301566
LINK-USD_2018-02-20,LINK-USD,2018-02-20,0.7712590098381042,0.820339024066925,0.6981959939002991,0.6999260187149048,11664800.0,0.593072633444037,,,-0.0961255927754766,0.1455445891645387,-0.1455445891645387
LINK-USD_2018-02-21,LINK-USD,2018-02-21,0.6953639984130859,0.7342709898948669,0.6236810088157654,0.653668999671936,7049450.0,0.753422787093857,,,-0.0660884405010384,0.144342574226286,-0.144342574226286
LINK-USD_2018-02-22,LINK-USD,2018-02-22,0.6547939777374268,0.7138410210609436,0.5842729806900024,0.6019229888916016,5678200.0,0.4186694410906342,,,-0.0791624060591902,0.1440304802185883,-0.1440304802185883
LINK-USD_2018-02-23,LINK-USD,2018-02-23,0.6012139916419983,0.6766930222511292,0.5722249746322632,0.6747909784317017,6902820.0,0.5807583668100216,,,0.1210586584743695,0.1446439207105003,-0.1446439207105003
LINK-USD_2018-02-24,LINK-USD,2018-02-24,0.6760259866714478,0.7184029817581177,0.6184980273246765,0.6509580016136169,5582380.0,0.1268487933484814,,,-0.0353190507577257,0.1382037844543839,-0.1382037844543839
LINK-USD_2018-02-25,LINK-USD,2018-02-25,0.6460130214691162,0.6998270153999329,0.636775016784668,0.6757150292396545,5793540.0,0.2417534848206199,,,0.0380316818668318,0.1379644865958139,-0.1379644865958139
LINK-USD_2018-02-26,LINK-USD,2018-02-26,0.6727510094642639,0.6983479857444763,0.6417570114135742,0.6914460062980652,4113690.0,0.3775663997716196,,,0.0232804901144672,0.1374912260495622,-0.1374912260495622
LINK-USD_2018-02-27,LINK-USD,2018-02-27,0.691860020160675,0.7351800203323364,0.6766549944877625,0.7239570021629333,5426840.0,0.3884308092153252,,,0.0470188497275858,0.1375192491533853,-0.1375192491533853
LINK-USD_2018-02-28,LINK-USD,2018-02-28,0.7241430282592773,0.740327000617981,0.6610519886016846,0.6614469885826111,4943770.0,0.3084979552285671,,,-0.0863449257256493,0.1379886034557866,-0.1379886034557866
LINK-USD_2018-03-01,LINK-USD,2018-03-01,0.662293016910553,0.6808559894561768,0.649848997592926,0.6630650162696838,3992240.0,0.3086026115858611,,,0.002446194048808,0.1379885047249834,-0.1379885047249834
LINK-USD_2018-03-02,LINK-USD,2018-03-02,0.6616629958152771,0.6737989783287048,0.6466190218925476,0.6527420282363892,3763040.0,0.3421295533444766,,,-0.0155685909827824,0.1378705971171656,-0.1378705971171656
LINK-USD_2018-03-03,LINK-USD,2018-03-03,0.6521530151367188,0.6694309711456299,0.6153370141983032,0.6287059783935547,3547810.0,0.0726428053379455,,,-0.0368231993698586,0.1357953017933259,-0.1357953017933259
LINK-USD_2018-03-04,LINK-USD,2018-03-04,0.6292179822921753,0.6401090025901794,0.5746300220489502,0.592818021774292,4243320.0,-0.0145190900688519,,,-0.0570822576094508,0.1360349376294596,-0.1360349376294596
LINK-USD_2018-03-05,LINK-USD,2018-03-05,0.594186007976532,0.6080930233001709,0.5763729810714722,0.5867379903793335,4530590.0,-0.2001532443145831,,,-0.0102561514185434,0.1333321617112332,-0.1333321617112332
LINK-USD_2018-03-06,LINK-USD,2018-03-06,0.5836899876594543,0.5836899876594543,0.5290830135345459,0.5338699817657471,3218950.0,-0.2075694513993261,,,-0.0901049693056462,0.1334251502246349,-0.1334251502246349
LINK-USD_2018-03-07,LINK-USD,2018-03-07,0.5338349938392639,0.5675190091133118,0.4556210041046142,0.5211480259895325,5364650.0,-0.2349188656788197,,,-0.0238296892702927,0.1334694009223213,-0.1334694009223213
LINK-USD_2018-03-08,LINK-USD,2018-03-08,0.5174729824066162,0.5235400199890137,0.4613710045814514,0.4864220023155212,3397200.0,-0.5058535127706978,,,-0.0666337047100487,0.1211868264448941,-0.1211868264448941
LINK-USD_2018-03-09,LINK-USD,2018-03-09,0.4854269921779632,0.4923619925975799,0.4314849972724914,0.480877012014389,3412130.0,-0.4700998135380357,,,-0.0113995466379733,0.1208223773286982,-0.1208223773286982
LINK-USD_2018-03-10,LINK-USD,2018-03-10,0.4787009954452514,0.5113139748573303,0.4660539925098419,0.4677099883556366,2491710.0,-0.5602452321665229,,,-0.0273812707402998,0.118752012003796,-0.118752012003796
LINK-USD_2018-03-11,LINK-USD,2018-03-11,0.4656690061092376,0.5166879892349243,0.4468660056591034,0.5135239958763123,2527380.0,-0.5957968043022912,,,0.0979538788165448,0.116722615125001,-0.116722615125001
LINK-USD_2018-03-12,LINK-USD,2018-03-12,0.5109909772872925,0.5634210109710693,0.4962399899959564,0.5101979970932007,5513180.0,-0.6295665518109892,,,-0.0064768127873671,0.1161271452936988,-0.1161271452936988
LINK-USD_2018-03-13,LINK-USD,2018-03-13,0.5075049996376038,0.5656419992446899,0.5047709941864014,0.5638409852981567,4227540.0,-0.540950753035917,,,0.1051415107675477,0.1163091015731505,-0.1163091015731505
LINK-USD_2018-03-14,LINK-USD,2018-03-14,0.566199004650116,0.5774059891700745,0.4317770004272461,0.4436089992523193,5288160.0,-0.6268147749684054,,,-0.2132374005806961,0.1191685653818711,-0.1191685653818711
LINK-USD_2018-03-15,LINK-USD,2018-03-15,0.4426360130310058,0.4445950090885162,0.3960930109024048,0.4197370111942291,8460960.0,-0.5845545246860805,0.8740853229525283,0.1447653991332239,-0.0538131284494345,0.1179396829709375,-0.1179396829709375
LINK-USD_2018-03-16,LINK-USD,2018-03-16,0.4179989993572235,0.4421620070934295,0.4160149991512298,0.4244199991226196,10271100.0,-0.5963901429806289,1.2623426329833052,0.3329762450013381,0.0111569573411371,0.1178035820334588,-0.1178035820334588
LINK-USD_2018-03-17,LINK-USD,2018-03-17,0.4239940047264099,0.4239940047264099,0.3667339980602264,0.373861014842987,9340520.0,-0.66050597399572,1.07966306812907,0.209578547066675,-0.1191248866315216,0.1184130746467696,-0.1184130746467696
LINK-USD_2018-03-18,LINK-USD,2018-03-18,0.3723320066928863,0.3803260028362274,0.2841840088367462,0.3733380138874054,9742300.0,-0.6306655926305444,1.1845662451539063,0.2769503262616809,-0.0013989181402112,0.1180615083638761,-0.1180615083638761
LINK-USD_2018-03-19,LINK-USD,2018-03-19,0.3711020052433014,0.3863100111484527,0.3531990051269531,0.3816440105438232,8994920.0,-0.5651712059379181,1.0846775601559768,0.2597531771090293,0.022247926403023,0.1170728559343914,-0.1170728559343914
LINK-USD_2018-03-20,LINK-USD,2018-03-20,0.3874160051345825,0.4017890095710754,0.3610590100288391,0.3917129933834076,8897510.0,-0.4821713907498715,1.0823170444317016,0.3000728268409151,0.0263831805593821,0.1159233966669782,-0.1159233966669782
LINK-USD_2018-03-21,LINK-USD,2018-03-21,0.3924590051174164,0.4558030068874359,0.3900600075721741,0.4454210102558136,12823600.0,-0.3624401444433619,1.3929611392057488,0.5152604973811934,0.1371106340091117,0.1168922420886025,-0.1168922420886025
LINK-USD_2018-03-22,LINK-USD,2018-03-22,0.4446460008621216,0.4575749933719635,0.3907079994678497,0.419292002916336,10720800.0,-0.4366096254020569,1.4698958996417637,0.5166431371198532,-0.0586613714617351,0.1168067705425821,-0.1168067705425821
LINK-USD_2018-03-23,LINK-USD,2018-03-23,0.4198890030384063,0.4273329973220825,0.3792200088500976,0.4091399908065796,9846940.0,-0.4966939753339918,1.5627469755773435,0.5330265001216759,-0.0242122722092128,0.1161998235959355,-0.1161998235959355
LINK-USD_2018-03-24,LINK-USD,2018-03-24,0.4143419861793518,0.4332720041275024,0.4019179940223694,0.4190849959850311,8999810.0,-0.6562905067641225,1.4526252927306524,0.398167392983265,0.0243070963531233,0.0967131285201828,-0.0967131285201828
LINK-USD_2018-03-25,LINK-USD,2018-03-25,0.4103460013866424,0.4180740118026733,0.3937880098819732,0.4061050117015838,8585700.0,-0.5425859342575723,1.5013550222557366,0.4793845439990821,-0.0309721999303236,0.0908618642953343,-0.0908618642953343
LINK-USD_2018-03-26,LINK-USD,2018-03-26,0.4057449996471405,0.4136219918727875,0.3469539880752563,0.3714959919452667,9116330.0,-0.5372830634514951,1.290597585409738,0.3766572609791214,-0.0852218484359623,0.0907085903954248,-0.0907085903954248
LINK-USD_2018-03-27,LINK-USD,2018-03-27,0.3712280094623565,0.3723689913749695,0.3372049927711487,0.3426249921321869,6654480.0,-0.5727425842327913,1.210883178309221,0.3190702970382149,-0.0777155082128946,0.0911261324461323,-0.0911261324461323
LINK-USD_2018-03-28,LINK-USD,2018-03-28,0.3436329960823059,0.3596769869327545,0.3363400101661682,0.3513669967651367,8432800.0,-0.5568376986557093,1.0850785004664494,0.26412040090537,0.0255147897371628,0.0912310996032314,-0.0912310996032314
LINK-USD_2018-03-29,LINK-USD,2018-03-29,0.3527249991893768,0.3543179929256439,0.2756490111351013,0.2801609933376312,8848710.0,-0.6315789618072277,0.704308241860695,0.0363646400267336,-0.2026542164832331,0.0943734377458595,-0.0943734377458595
LINK-USD_2018-03-30,LINK-USD,2018-03-30,0.2804549932479858,0.3061090111732483,0.2687450051307678,0.2874940037727356,7631570.0,-0.5949950110656688,0.4902162395092064,-0.0523893857782311,0.0261742733981069,0.0942208714166299,-0.0942208714166299
LINK-USD_2018-03-31,LINK-USD,2018-03-31,0.2867720127105713,0.2983239889144897,0.2785429954528808,0.2801710069179535,7349410.0,-0.6411169704753247,0.5482568155525638,-0.0464300774613804,-0.0254718246595881,0.0931870275838553,-0.0931870275838553
LINK-USD_2018-04-01,LINK-USD,2018-04-01,0.2800869941711426,0.2845839858055115,0.2445670068264007,0.2615799903869629,7962260.0,-0.6560877571073902,0.4302742042428973,-0.1129067764322464,-0.0663559614376332,0.093425261610029,-0.093425261610029
LINK-USD_2018-04-02,LINK-USD,2018-04-02,0.2628990113735199,0.2790839970111847,0.2598820030689239,0.2736839950084686,7697230.0,-0.6077407392061879,0.486056214325967,-0.0608422624401104,0.0462726701824549,0.0932741653224104,-0.0932741653224104
LINK-USD_2018-04-03,LINK-USD,2018-04-03,0.2739579975605011,0.2982690036296844,0.2699539959430694,0.2954730093479156,8705370.0,-0.5048862031628583,0.6747892287704649,0.0849515128038033,0.0796137689336666,0.0923424288575572,-0.0923424288575572
LINK-USD_2018-04-04,LINK-USD,2018-04-04,0.2953250110149383,0.3004480004310608,0.2690609991550445,0.2901610136032104,8929810.0,-0.5321085283492257,0.9975974307486606,0.2327444511997174,-0.0179779390220051,0.0921637882403995,-0.0921637882403995
LINK-USD_2018-04-05,LINK-USD,2018-04-05,0.2890630066394806,0.308896005153656,0.2723810076713562,0.2869249880313873,9738160.0,-0.448589136691587,0.6832295345822748,0.1173201989453438,-0.0111525167755593,0.0900563733626449,-0.0900563733626449
LINK-USD_2018-04-06,LINK-USD,2018-04-06,0.2852390110492706,0.2900330126285553,0.2707990109920501,0.2750619947910309,7671220.0,-0.443840579928473,0.5468301839359786,0.0514948020037527,-0.0413452774599704,0.0899975215927579,-0.0899975215927579
LINK-USD_2018-04-07,LINK-USD,2018-04-07,0.2750590145587921,0.3054539859294891,0.2750129997730255,0.3041239976882934,8668510.0,-0.413519832275091,0.4628519232537682,0.0246660454893385,0.1056561918680965,0.0908322700171589,-0.0908322700171589
LINK-USD_2018-04-08,LINK-USD,2018-04-08,0.3062399923801422,0.3304589986801147,0.3002530038356781,0.3270939886569977,10058800.0,-0.2469709240544403,0.4182691369590852,0.0856491064523224,0.0755283737663048,0.0890851152534328,-0.0890851152534328
LINK-USD_2018-04-09,LINK-USD,2018-04-09,0.3280470073223114,0.3396520018577575,0.3000989854335785,0.3115279972553253,9020550.0,-0.0877817862578366,0.35694155613192,0.1345798849370417,-0.0475887418952092,0.0850375786490954,-0.0850375786490954
LINK-USD_2018-04-10,LINK-USD,2018-04-10,0.3183949887752533,0.3579759895801544,0.3130789995193481,0.3558360040187835,9540080.0,-0.1632270898604698,0.1336798150848215,-0.0147736373878241,0.1422280088911038,0.0811912787521842,-0.0811912787521842
LINK-USD_2018-04-11,LINK-USD,2018-04-11,0.3564819991588592,0.3755500018596649,0.3526020050048828,0.3592869937419891,10603500.0,-0.0464048696059915,0.2322494911312613,0.0929223107626349,0.0096982589851233,0.0798638848981832,-0.0798638848981832
LINK-USD_2018-04-12,LINK-USD,2018-04-12,0.3581070005893707,0.3904320001602173,0.3397510051727295,0.3868109881877899,11536600.0,-0.0590372054892879,0.4873684150212576,0.2141656047659848,0.0766072664059929,0.0796255218575563,-0.0796255218575563
LINK-USD_2018-04-13,LINK-USD,2018-04-13,0.3872930109500885,0.4194979965686798,0.3743650019168854,0.3815430104732513,11271600.0,-0.1232805989746956,0.5558832140171766,0.2163013075212404,-0.0136189970693932,0.0793187352311359,-0.0793187352311359
LINK-USD_2018-04-14,LINK-USD,2018-04-14,0.3800399899482727,0.4182249903678894,0.3749639987945556,0.394006997346878,9167990.0,-0.0616066114003671,0.6495380159001287,0.2939657022498808,0.0326673180519461,0.0792795373209184,-0.0792795373209184
LINK-USD_2018-04-15,LINK-USD,2018-04-15,0.3945150077342987,0.4271189868450165,0.3945150077342987,0.4239459931850433,10745200.0,0.0187164599719618,0.6763516532052358,0.3475340565885988,0.0759859495891324,0.0798090799285908,-0.0798090799285908
LINK-USD_2018-04-16,LINK-USD,2018-04-16,0.4242799878120422,0.4277540147304535,0.3958530128002167,0.4095380008220672,9864350.0,-0.1646888901397314,0.5715677359730658,0.2034394229166671,-0.0339854429445858,0.0767368600954547,-0.0767368600954547
LINK-USD_2018-04-17,LINK-USD,2018-04-17,0.4095929861068725,0.4426389932632446,0.4075979888439178,0.4167940020561218,11459000.0,-0.2697548295709985,0.8009972826552376,0.2656212265421195,0.0177175285797401,0.0738510430734173,-0.0738510430734173
LINK-USD_2018-04-18,LINK-USD,2018-04-18,0.4180920124053955,0.447513997554779,0.4180920124053955,0.446289986371994,11779200.0,-0.2146279887258917,0.7041903603072119,0.2447811857906601,0.0707687350834298,0.0744205137653483,-0.0744205137653483
LINK-USD_2018-04-19,LINK-USD,2018-04-19,0.4464460015296936,0.4827950000762939,0.4457589983940124,0.4827950000762939,12987800.0,-0.1458750073022812,0.5649604608659708,0.2095427267818448,0.0817966228663531,0.0751455873501679,-0.0751455873501679
LINK-USD_2018-04-20,LINK-USD,2018-04-20,0.4831050038337707,0.4913069903850555,0.4632200002670288,0.4814159870147705,12657700.0,-0.2473500343904494,0.5007060090057374,0.1266779873076439,-0.002856311812064,0.0732433486027931,-0.0732433486027931
LINK-USD_2018-04-21,LINK-USD,2018-04-21,0.4823839962482452,0.4945800006389618,0.4375630021095276,0.4913490116596222,13561900.0,-0.2693553976703662,0.4392474959948491,0.0849460491622414,0.0206329347441196,0.0729854039939583,-0.0729854039939583
LINK-USD_2018-04-22,LINK-USD,2018-04-22,0.4917320013046264,0.5072849988937378,0.4848990142345428,0.4993110001087188,12728200.0,-0.3445306418218328,0.1956795212057036,-0.0744255603080645,0.0162043440816204,0.0709563941555282,-0.0709563941555282
LINK-USD_2018-04-23,LINK-USD,2018-04-23,0.4995889961719513,0.5060200095176697,0.4910799860954284,0.4923849999904632,13159300.0,-0.3641410833536862,0.1321616163083581,-0.115989733522664,-0.0138711146294545,0.0709169283748512,-0.0709169283748512
LINK-USD_2018-04-24,LINK-USD,2018-04-24,0.4922220110893249,0.5401750206947327,0.4922220110893249,0.5368239879608154,14352600.0,-0.2330275291859443,0.2218428538588275,-0.0055923376635584,0.0902525218502046,0.0709252964155599,-0.0709252964155599
LINK-USD_2018-04-25,LINK-USD,2018-04-25,0.5330489873886108,0.5330489873886108,0.4205169975757599,0.4343670010566711,11093000.0,-0.3354939560011695,0.1651600397091426,-0.0851669581460134,-0.1908576911649168,0.0744098938741806,-0.0744098938741806
LINK-USD_2018-04-26,LINK-USD,2018-04-26,0.4378179907798767,0.4915220141410827,0.4270580112934112,0.4901480078697204,9472480.0,-0.1856964812520399,0.1552275178203053,-0.0152344817158673,0.1284190711480213,0.0755980049683259,-0.0755980049683259
LINK-USD_2018-04-27,LINK-USD,2018-04-27,0.4903880059719085,0.4903880059719085,0.452004998922348,0.452004998922348,9550110.0,-0.3301555394636959,0.0588622354541081,-0.1356466520047938,-0.0778193695270728,0.0745925605439233,-0.0745925605439233
LINK-USD_2018-04-28,LINK-USD,2018-04-28,0.4521349966526031,0.4858250021934509,0.4488900005817413,0.4844760000705719,11109500.0,-0.255749220580074,-0.1613419072619895,-0.2085455639210317,0.0718377036219508,0.0750753959103253,-0.0750753959103253
LINK-USD_2018-04-29,LINK-USD,2018-04-29,0.4840390086174011,0.5242249965667725,0.4840390086174011,0.5157139897346497,13234600.0,-0.2367877471736056,-0.0522785253950288,-0.1445331362843172,0.0644778888108543,0.0753750222163036,-0.0753750222163036
LINK-USD_2018-04-30,LINK-USD,2018-04-30,0.5188459753990173,0.5955039858818054,0.5016239881515503,0.5446910262107849,16614200.0,-0.212243586267845,0.0851867667620072,-0.0635284097529189,0.0561881916196316,0.0756621264114359,-0.0756621264114359
LINK-USD_2018-05-01,LINK-USD,2018-05-01,0.546737015247345,0.5640900135040283,0.5136020183563232,0.550400972366333,11765500.0,-0.2397325107403822,0.0555788053328345,-0.0920768527037738,0.0104829084394322,0.0754289326311696,-0.0754289326311696
LINK-USD_2018-05-02,LINK-USD,2018-05-02,0.5488070249557495,0.5790550112724304,0.5422670245170593,0.5647010207176208,12012700.0,-0.1462641293027932,0.1171116411125754,-0.0145762440951088,0.0259811465990109,0.0747136394389706,-0.0747136394389706
LINK-USD_2018-05-03,LINK-USD,2018-05-03,0.5660809874534607,0.5806350111961365,0.553803026676178,0.5676689743995667,12504300.0,-0.1438713241226369,0.1203322211066626,-0.0117695515079871,0.0052557965596982,0.0747157499766426,-0.0747157499766426
LINK-USD_2018-05-04,LINK-USD,2018-05-04,0.5681149959564209,0.59517502784729,0.5456820130348206,0.5825830101966858,9514950.0,-0.10748353101954,0.1978727298653342,0.0451945994228971,0.0262724166190233,0.0747575242474594,-0.0747575242474594
LINK-USD_2018-05-05,LINK-USD,2018-05-05,0.5824339985847473,0.6057180166244507,0.5685809850692749,0.5715349912643433,8913690.0,-0.0909343780622105,-0.0248973010483651,-0.0579158395552878,-0.0189638536293954,0.0746453397102251,-0.0746453397102251
LINK-USD_2018-05-06,LINK-USD,2018-05-06,0.5698230266571045,0.579571008682251,0.5157150030136108,0.5383989810943604,10221100.0,-0.0917972104104672,-0.1049834885133003,-0.0983903494618838,-0.0579772204264865,0.0746567219032461,-0.0746567219032461
LINK-USD_2018-05-07,LINK-USD,2018-05-07,0.5391510128974915,0.576308012008667,0.5172460079193115,0.5730180144309998,11589100.0,-0.0233834798041006,-0.2188564447725285,-0.1211199622883145,0.0642999607210847,0.0750599776577596,-0.0750599776577596
LINK-USD_2018-05-08,LINK-USD,2018-05-08,0.5753980278968811,0.6052460074424744,0.5504720211029053,0.552856981754303,11448600.0,0.0355648390751572,-0.1793867864601046,-0.0719109736924736,-0.0351839421605557,0.0742818730208582,-0.0742818730208582
LINK-USD_2018-05-09,LINK-USD,2018-05-09,0.5534409880638123,0.5665889978408813,0.5187399983406067,0.5395119786262512,8745840.0,0.0352374982172294,-0.2079593205721412,-0.0863609111774559,-0.0241382555859309,0.0742837063623673,-0.0742837063623673
LINK-USD_2018-05-10,LINK-USD,2018-05-10,0.5407559871673584,0.5805619955062866,0.5260810256004333,0.526373028755188,8782470.0,0.0821324410686346,-0.4652680555290643,-0.1915678072302148,-0.024353397869902,0.0738305992520229,-0.0738305992520229
LINK-USD_2018-05-11,LINK-USD,2018-05-11,0.5285530090332031,0.5422790050506592,0.4633240103721618,0.467844009399414,7637640.0,-0.0271025694498887,-0.4844614701431302,-0.2557820197965095,-0.1111930440170698,0.0752247419913771,-0.0752247419913771
LINK-USD_2018-05-12,LINK-USD,2018-05-12,0.4655869901180267,0.4795269966125488,0.435912013053894,0.4647639989852905,5915750.0,-0.0062987523116696,-0.5630151385269817,-0.2846569454193257,-0.0065834131724319,0.075137236424254,-0.075137236424254
LINK-USD_2018-05-13,LINK-USD,2018-05-13,0.4638150036334991,0.5078480243682861,0.4619979858398437,0.5034570097923279,7268850.0,-0.0196037306237372,-0.6037206948680027,-0.3116622127458699,0.0832530292611195,0.0748592553959331,-0.0748592553959331
LINK-USD_2018-05-14,LINK-USD,2018-05-14,0.5035610198974609,0.5193880200386047,0.4671519994735718,0.5169119834899902,7448630.0,0.0131595702747595,-0.6246918068174245,-0.3057661182713325,0.0267251690530885,0.0749114553450088,-0.0749114553450088
LINK-USD_2018-05-15,LINK-USD,2018-05-15,0.5171170234680176,0.5402870178222656,0.5027599930763245,0.5040040016174316,4057270.0,-0.1061238633603116,-0.5896668325963873,-0.3478953479783495,-0.0249713341629437,0.0738383969661314,-0.0738383969661314
LINK-USD_2018-05-16,LINK-USD,2018-05-16,0.5040689706802368,0.5093430280685425,0.4739499986171722,0.4808909893035888,2304810.0,0.0840424565644666,-0.5954513719031869,-0.2557044576693601,-0.0458587873105558,0.0688472457864266,-0.0688472457864266
LINK-USD_2018-05-17,LINK-USD,2018-05-17,0.4809570014476776,0.4895240068435669,0.439750999212265,0.4444470107555389,1213040.0,0.0588701946750067,-0.5600971686774994,-0.2506134870012463,-0.075784282422981,0.0691979299460383,-0.0691979299460383
LINK-USD_2018-05-18,LINK-USD,2018-05-18,0.4431979954242706,0.4661549925804138,0.4310329854488373,0.4568409919738769,1238790.0,0.0763889376520414,-0.5655588147770267,-0.2445849385624926,0.0278862967202071,0.0692605173600559,-0.0692605173600559
LINK-USD_2018-05-19,LINK-USD,2018-05-19,0.4568879902362823,0.4694809913635254,0.4468570053577423,0.4530859887599945,1142290.0,0.2119102307318139,-0.5885637166130806,-0.1883267429406333,-0.0082194971113649,0.0674774801698023,-0.0674774801698023
LINK-USD_2018-05-20,LINK-USD,2018-05-20,0.4540599882602691,0.4668000042438507,0.4473040103912353,0.4531710147857666,1025440.0,0.2138357143626899,-0.5516887057919763,-0.1689264957146432,0.000187659799423,0.0674752141516077,-0.0674752141516077
LINK-USD_2018-05-21,LINK-USD,2018-05-21,0.4532760083675384,0.4598149955272674,0.4223589897155761,0.4243560135364532,1486740.0,0.1119158215840139,-0.5165069842020743,-0.2022955813090302,-0.0635852698190229,0.0679937348163168,-0.0679937348163168
LINK-USD_2018-05-22,LINK-USD,2018-05-22,0.4245440065860748,0.4250940084457397,0.3759379982948303,0.3769969940185547,1350350.0,-0.037568320718044,-0.501625342019159,-0.2695968313686015,-0.1116020935422192,0.0694681649369195,-0.0694681649369195
LINK-USD_2018-05-23,LINK-USD,2018-05-23,0.3767949938774109,0.3846499919891357,0.3252210021018982,0.348690003156662,1671040.0,-0.2171675894758471,-0.5008974814211662,-0.3590325354485066,-0.0750854550858819,0.0679303924165261,-0.0679303924165261
LINK-USD_2018-05-24,LINK-USD,2018-05-24,0.3475010097026825,0.3644610047340393,0.327019989490509,0.3605259954929352,994366.0,-0.1401553261561413,-0.5155717871070622,-0.3278635566316017,0.0339441688293984,0.0676758520621609,-0.0676758520621609
LINK-USD_2018-05-25,LINK-USD,2018-05-25,0.361845999956131,0.3680430054664612,0.3375880122184753,0.342848002910614,884160.0,-0.1620276418476653,-0.578243463638348,-0.3701355527430067,-0.0490338916009388,0.0678905890174636,-0.0678905890174636
LINK-USD_2018-05-26,LINK-USD,2018-05-26,0.3429050147533417,0.3787069916725158,0.3410860002040863,0.3646200001239776,2132460.0,-0.1299616936488913,-0.7009595746282593,-0.4154606341385753,0.0635033514225833,0.0682996160627489,-0.0682996160627489
LINK-USD_2018-05-27,LINK-USD,2018-05-27,0.3646129965782165,0.3646129965782165,0.3393270075321197,0.3452489972114563,1537460.0,-0.1498529019258841,-0.6111307593907923,-0.3804918306583382,-0.0531265506717536,0.0685191695621504,-0.0685191695621504
LINK-USD_2018-05-28,LINK-USD,2018-05-28,0.3454540073871612,0.3492259979248047,0.3123799860477447,0.3158499896526336,1893850.0,-0.1497889708076084,-0.6065929571523452,-0.3781909639799768,-0.0851530570581687,0.0685177932047355,-0.0685177932047355
LINK-USD_2018-05-29,LINK-USD,2018-05-29,0.316004991531372,0.3533929884433746,0.3075689971446991,0.3512569963932037,2054720.0,0.0251937379328315,-0.5619783728700934,-0.2683923174686309,0.1121007057163752,0.0692236006679369,-0.0692236006679369
LINK-USD_2018-05-30,LINK-USD,2018-05-30,0.3517070114612579,0.3607879877090454,0.3322589993476867,0.3358339965343475,1887930.0,-0.044207339829278,-0.5764287251107614,-0.3103180324700197,-0.0439080218108777,0.0694088419895763,-0.0694088419895763
LINK-USD_2018-05-31,LINK-USD,2018-05-31,0.336010992527008,0.3520500063896179,0.3318170011043548,0.34477299451828,1893860.0,0.230624543448783,-0.546612028077093,-0.1579937423141549,0.0266173111602125,0.0643462432971995,-0.0643462432971995
LINK-USD_2018-06-01,LINK-USD,2018-06-01,0.3443909883499145,0.3586040139198303,0.3401499986648559,0.3495030105113983,1749230.0,0.2156880001841044,-0.5076402949378376,-0.1459761473768666,0.0137192183504022,0.06430037552362,-0.06430037552362
LINK-USD_2018-06-02,LINK-USD,2018-06-02,0.3511320054531097,0.3704549968242645,0.3464399874210357,0.3673099875450134,1931240.0,0.3110206926321184,-0.5294969220586472,-0.1092381147132643,0.0509494238906831,0.0644338672178295,-0.0644338672178295
LINK-USD_2018-06-03,LINK-USD,2018-06-03,0.3683609962463379,0.3730849921703338,0.3602510094642639,0.3622939884662628,1784810.0,0.385021797463601,-0.523674047179139,-0.069326124857769,-0.0136560378123012,0.0638135237412979,-0.0638135237412979
LINK-USD_2018-06-04,LINK-USD,2018-06-04,0.3608140051364898,0.3634639978408813,0.3306669890880584,0.3405089974403381,1482450.0,0.2441684703915614,-0.5119633955012381,-0.1338974625548383,-0.0601306997064715,0.0641700891861136,-0.0641700891861136
LINK-USD_2018-06-05,LINK-USD,2018-06-05,0.3393329977989197,0.3423750102519989,0.3212099969387054,0.3361909985542297,1150320.0,0.1378061207559204,-0.4366564914879969,-0.1494251853660382,-0.0126810125975157,0.0635013519228021,-0.0635013519228021
LINK-USD_2018-06-06,LINK-USD,2018-06-06,0.3360010087490082,0.3440349996089935,0.323186993598938,0.3298639953136444,958238.0,0.136830862345715,-0.4680865347990446,-0.1656278362266647,-0.0188196687829067,0.0635061512297727,-0.0635061512297727
LINK-USD_2018-06-07,LINK-USD,2018-06-07,0.3301759958267212,0.334410011768341,0.3029870092868805,0.306769996881485,1534880.0,0.0691644495178189,-0.4104511078727153,-0.1706433291774481,-0.0700106673060846,0.0641628536200229,-0.0641628536200229
LINK-USD_2018-06-08,LINK-USD,2018-06-08,0.3071559965610504,0.3205420076847076,0.2935310006141662,0.2935310006141662,1653140.0,0.0671448843275004,-0.4064973200001205,-0.16967621783631,-0.04315609871207,0.0641834915086245,-0.0641834915086245
LINK-USD_2018-06-09,LINK-USD,2018-06-09,0.2953410148620605,0.3102299869060516,0.2903720140457153,0.2976239919662475,980861.0,-0.0213728800471312,-0.4260546025498969,-0.223713741298514,0.0139439832369234,0.0628455622429993,-0.0628455622429993
LINK-USD_2018-06-10,LINK-USD,2018-06-10,0.2969180047512054,0.2969180047512054,0.2381840050220489,0.2418279945850372,1404290.0,-0.2606773497185037,-0.4432685478329027,-0.3519729487757032,-0.1874714367366523,0.066486806938544,-0.066486806938544
LINK-USD_2018-06-11,LINK-USD,2018-06-11,0.242126002907753,0.2642109990119934,0.2413229942321777,0.2629750072956085,822274.0,-0.1558543385746585,-0.2299549525963781,-0.1929046455855183,0.0874465040611132,0.0671844023067001,-0.0671844023067001
LINK-USD_2018-06-12,LINK-USD,2018-06-12,0.2649129927158355,0.2690289914608001,0.2259960025548935,0.2286359965801239,1093790.0,-0.357468063945393,-0.4623466820099999,-0.4099073729776964,-0.1305789894964595,0.0666322492547328,-0.0666322492547328
LINK-USD_2018-06-13,LINK-USD,2018-06-13,0.2285279929637909,0.2317699939012527,0.2006260007619857,0.2145259976387024,1545500.0,-0.4029118744199306,-0.4306196710307596,-0.4167657727253451,-0.0617138121401489,0.066989188938161,-0.066989188938161
LINK-USD_2018-06-14,LINK-USD,2018-06-14,0.21458600461483,0.2463649958372116,0.2134619951248169,0.2399639934301376,1224850.0,-0.379635013590567,-0.41625962877158,-0.3979473211810735,0.1185776832245621,0.0680233561489828,-0.0680233561489828
LINK-USD_2018-06-15,LINK-USD,2018-06-15,0.2399840056896209,0.240676999092102,0.222244992852211,0.2235569953918457,420554.0,-0.4140713123939704,-0.4863049519584991,-0.4501881321762347,-0.0683727496103225,0.0684808500075436,-0.0684808500075436
LINK-USD_2018-06-16,LINK-USD,2018-06-16,0.2235130071640014,0.231014996767044,0.2092850059270858,0.222021996974945,491185.0,-0.4365024010487811,-0.4712175786524087,-0.4538599898505949,-0.0068662508825106,0.0683010250916624,-0.0683010250916624
LINK-USD_2018-06-17,LINK-USD,2018-06-17,0.2223239988088607,0.2275959998369217,0.2109320014715194,0.2140019983053207,659047.0,-0.4952140089883726,-0.4857662021931963,-0.4904901055907845,-0.0361225409144002,0.067568476647394,-0.067568476647394
LINK-USD_2018-06-18,LINK-USD,2018-06-18,0.2141280025243759,0.2191170006990432,0.2037789970636367,0.2100799977779388,649237.0,-0.4870317348909151,-0.5715119091486338,-0.5292718220197745,-0.0183269341335137,0.0675019100484361,-0.0675019100484361
LINK-USD_2018-06-19,LINK-USD,2018-06-19,0.2097949981689453,0.223699003458023,0.2091030031442642,0.2207649946212768,636392.0,-0.4703258839325847,-0.6132080348405196,-0.5417669593865522,0.0508615620542436,0.0678357473779135,-0.0678357473779135
LINK-USD_2018-06-20,LINK-USD,2018-06-20,0.2226160019636154,0.2414059937000274,0.2115119993686676,0.2255810052156448,1090550.0,-0.494541638611588,-0.6030271501010678,-0.548784394356328,0.021815100725683,0.0671997402963296,-0.0671997402963296
LINK-USD_2018-06-21,LINK-USD,2018-06-21,0.2244600057601928,0.2341649979352951,0.2121610045433044,0.2128809988498687,916385.0,-0.5590654443061174,-0.6233867758377907,-0.591226110071954,-0.0562990946584155,0.0664555764970045,-0.0664555764970045
LINK-USD_2018-06-22,LINK-USD,2018-06-22,0.2122700065374374,0.2130479961633682,0.1768179982900619,0.1860889941453933,976667.0,-0.6134548931386364,-0.7090668386142547,-0.6612608658764456,-0.1258543733316944,0.0680107250851939,-0.0680107250851939
LINK-USD_2018-06-23,LINK-USD,2018-06-23,0.1858129948377609,0.1974270045757293,0.1843439936637878,0.1936600059270858,473507.0,-0.6058605973929543,-0.7120241729197356,-0.658942385156345,0.0406848981932654,0.0682155016782233,-0.0682155016782233
LINK-USD_2018-06-24,LINK-USD,2018-06-24,0.1938380002975464,0.1938380002975464,0.1698980033397674,0.1869439929723739,486218.0,-0.6255960855425393,-0.7545897064911748,-0.6900928960168571,-0.0346794007495823,0.0681736819406483,-0.0681736819406483
LINK-USD_2018-06-25,LINK-USD,2018-06-25,0.1867679953575134,0.1890400052070617,0.1785580068826675,0.1796970069408416,534090.0,-0.6350477635502259,-0.7679418663033972,-0.7014948149268115,-0.0387655463880203,0.0682502315302525,-0.0682502315302525
LINK-USD_2018-06-26,LINK-USD,2018-06-26,0.1794860064983368,0.1851129978895187,0.1706250011920929,0.1707710027694702,466123.0,-0.6818864160333772,-0.7560156385056047,-0.718951027269491,-0.0496725255658262,0.0670858529846549,-0.0670858529846549
LINK-USD_2018-06-27,LINK-USD,2018-06-27,0.1707170009613037,0.1757560074329376,0.1657460033893585,0.171994999051094,450340.0,-0.604032998287883,-0.736877534138203,-0.670455266213043,0.0071674714194664,0.0632793143630396,-0.0632793143630396
LINK-USD_2018-06-28,LINK-USD,2018-06-28,0.1721529960632324,0.1755740046501159,0.1646279990673065,0.1662780046463012,1015270.0,-0.6607596032696774,-0.7237553512410444,-0.6922574772553609,-0.0332393060050222,0.0606939861222179,-0.0606939861222179
LINK-USD_2018-06-29,LINK-USD,2018-06-29,0.1662130057811737,0.183459997177124,0.1621350049972534,0.1810719966888427,435250.0,-0.5994026678453841,-0.7316620961506086,-0.6655323819979964,0.0889714311523679,0.061548185148138,-0.061548185148138
LINK-USD_2018-06-30,LINK-USD,2018-06-30,0.1809850037097931,0.2272250056266784,0.1809850037097931,0.226619005203247,1331670.0,-0.5322389444054273,-0.6518684697914519,-0.5920537070984395,0.2515408751617904,0.0692077319178416,-0.0692077319178416
LINK-USD_2018-07-01,LINK-USD,2018-07-01,0.2262029945850372,0.2300380021333694,0.2148219943046569,0.2212000042200088,552528.0,-0.5710800780606653,-0.6726430600945592,-0.6218615690776123,-0.0239123853640521,0.0685736653479051,-0.0685736653479051
LINK-USD_2018-07-02,LINK-USD,2018-07-02,0.2226350009441375,0.2528460025787353,0.2126139998435974,0.248999997973442,832198.0,-0.5428601060207594,-0.6398851165450159,-0.5913726112828877,0.1256780887118922,0.0702120813466939,-0.0702120813466939
LINK-USD_2018-07-03,LINK-USD,2018-07-03,0.2496390044689178,0.2608950138092041,0.2351029962301254,0.236517995595932,721174.0,-0.5702805636787436,-0.6732982830619803,-0.6217894233703619,-0.0501285240124431,0.0703426529721499,-0.0703426529721499
LINK-USD_2018-07-04,LINK-USD,2018-07-04,0.235724002122879,0.247760996222496,0.2304939925670623,0.2322860062122345,617233.0,-0.5886566560176464,-0.6488214320697248,-0.6187390440436855,-0.0178928853723564,0.070188468348637,-0.070188468348637
LINK-USD_2018-07-05,LINK-USD,2018-07-05,0.2311300039291381,0.2414209991693496,0.2152290046215057,0.2184939980506897,646977.0,-0.6151031535908853,-0.6704787725343918,-0.6427909630626385,-0.059375114267294,0.0704099014403029,-0.0704099014403029
LINK-USD_2018-07-06,LINK-USD,2018-07-06,0.2184859961271286,0.2317470014095306,0.2158160060644149,0.2299489974975586,458131.0,-0.6052940208127155,-0.64771841317029,-0.6265062169915028,0.0524270668717012,0.0707194633572394,-0.0707194633572394
LINK-USD_2018-07-07,LINK-USD,2018-07-07,0.2310799956321716,0.2557590007781982,0.2301629930734634,0.2499420046806335,1712400.0,-0.5626829354267275,-0.6024500907096897,-0.5825665130682086,0.0869453983302848,0.0718071173904884,-0.0718071173904884
LINK-USD_2018-07-08,LINK-USD,2018-07-08,0.248089998960495,0.2526879906654358,0.2395160049200058,0.2467450052499771,497111.0,-0.5417060323025902,-0.5837761400851573,-0.5627410861938738,-0.0127909649870232,0.0715508988414393,-0.0715508988414393
LINK-USD_2018-07-09,LINK-USD,2018-07-09,0.2479269951581955,0.2532530128955841,0.2348439991474151,0.2352160066366195,575313.0,-0.5895137662117198,-0.5991123627693693,-0.5943130644905446,-0.0467243444367904,0.0710613157290922,-0.0710613157290922
LINK-USD_2018-07-10,LINK-USD,2018-07-10,0.2351229935884475,0.2365259975194931,0.2079290002584457,0.2111669927835464,584208.0,-0.6180440877973903,-0.6044598872460996,-0.6112519875217449,-0.1022422504188924,0.0719175196046684,-0.0719175196046684
LINK-USD_2018-07-11,LINK-USD,2018-07-11,0.2107149958610534,0.215486004948616,0.2025710046291351,0.2067350000143051,531092.0,-0.6168111029884631,-0.6033084849131569,-0.61005979395081,-0.0209880943551828,0.0719105000924828,-0.0719105000924828
LINK-USD_2018-07-12,LINK-USD,2018-07-12,0.20694500207901,0.2117799967527389,0.1932670027017593,0.204594001173973,598761.0,-0.6113136692094304,-0.5793899120515902,-0.5953517906305104,-0.0103562475641953,0.0718952312538328,-0.0718952312538328
LINK-USD_2018-07-13,LINK-USD,2018-07-13,0.2048580050468444,0.2170629948377609,0.1998659968376159,0.2006949931383133,776288.0,-0.571021560378743,-0.5826479783310831,-0.576834769354913,-0.0190572940227325,0.070781269516131,-0.070781269516131
LINK-USD_2018-07-14,LINK-USD,2018-07-14,0.2010039985179901,0.2036270052194595,0.1927870064973831,0.194691002368927,499009.0,-0.5810970669113964,-0.5837356327295534,-0.5824163498204749,-0.0299159967844764,0.0708192547946598,-0.0708192547946598
LINK-USD_2018-07-15,LINK-USD,2018-07-15,0.1956470012664795,0.201663002371788,0.1892060041427612,0.1993100047111511,398773.0,-0.6041171324769816,-0.6118779135704555,-0.6079975230237186,0.0237247858710563,0.0699290322239397,-0.0699290322239397
LINK-USD_2018-07-16,LINK-USD,2018-07-16,0.2001910060644149,0.2231889963150024,0.1925030052661895,0.2225590050220489,696931.0,-0.5694450658322595,-0.5637791479189347,-0.5666121068755972,0.1166474324487187,0.0716339802428466,-0.0716339802428466
LINK-USD_2018-07-17,LINK-USD,2018-07-17,0.2225140035152435,0.2543410062789917,0.2184759974479675,0.2486740052700042,849921.0,-0.5066031133245601,-0.5589642971085076,-0.5327837052165338,0.1173396701938349,0.073402087611257,-0.073402087611257
LINK-USD_2018-07-18,LINK-USD,2018-07-18,0.2487259954214096,0.2557570040225982,0.2299149930477142,0.239779993891716,913101.0,-0.5013838910998148,-0.4594789684252277,-0.4804314297625213,-0.0357657462774658,0.0733303176356473,-0.0733303176356473
LINK-USD_2018-07-19,LINK-USD,2018-07-19,0.2428279966115951,0.2441869974136352,0.225723996758461,0.2296729981899261,684897.0,-0.4832387379555262,-0.4528169018584659,-0.468027819906996,-0.0421511216918046,0.072953196572168,-0.072953196572168
LINK-USD_2018-07-20,LINK-USD,2018-07-20,0.2284969985485077,0.2350859940052032,0.2121039927005767,0.2164500057697296,583083.0,-0.5262027498134261,-0.490009881209215,-0.5081063155113206,-0.0575731258110797,0.0730723574521843,-0.0730723574521843
LINK-USD_2018-07-21,LINK-USD,2018-07-21,0.2175650000572204,0.2229910045862198,0.1990569978952407,0.2229910045862198,987338.0,-0.5078395489639804,-0.4035457142278639,-0.4556926315959221,0.0302194439460945,0.0732410435098516,-0.0732410435098516
LINK-USD_2018-07-22,LINK-USD,2018-07-22,0.223471000790596,0.2238879948854446,0.2009869962930679,0.2014220058917999,877479.0,-0.5555276058707754,-0.4604835339576576,-0.5080055699142165,-0.0967258689849087,0.0740666086475737,-0.0740666086475737
LINK-USD_2018-07-23,LINK-USD,2018-07-23,0.2024119943380355,0.2139270007610321,0.196369007229805,0.197050005197525,751454.0,-0.5356493158766138,-0.483681127559846,-0.5096652217182299,-0.0217056754792892,0.0737665045500456,-0.0737665045500456
LINK-USD_2018-07-24,LINK-USD,2018-07-24,0.1955839991569519,0.2073079943656921,0.1838890016078949,0.2026239931583404,1061290.0,-0.4625315417014496,-0.4827233291186422,-0.4726274354100459,0.0282871748987165,0.0727410030158692,-0.0727410030158692
LINK-USD_2018-07-25,LINK-USD,2018-07-25,0.200764998793602,0.262497991323471,0.1977380067110061,0.243707999587059,4145790.0,-0.3010754613530917,-0.4528592186365593,-0.3769673399948255,0.2027598301086364,0.0768677441900335,-0.0768677441900335
LINK-USD_2018-07-26,LINK-USD,2018-07-26,0.2450229972600937,0.2811309993267059,0.2432619929313659,0.2518309950828552,2378590.0,-0.3014900500072537,-0.399389939871797,-0.3504399949395254,0.0333308529451634,0.0768630487806388,-0.0768630487806388
LINK-USD_2018-07-27,LINK-USD,2018-07-27,0.2525179982185364,0.2833490073680877,0.246191993355751,0.2668400108814239,2030030.0,-0.2216958867600772,-0.3478026668686802,-0.2847492768143787,0.0595995572095109,0.0770286595833241,-0.0770286595833241
LINK-USD_2018-07-28,LINK-USD,2018-07-28,0.2667860090732574,0.2867740094661712,0.253915011882782,0.2799809873104095,1182800.0,-0.2321293751982591,-0.3319231421007258,-0.2820262586494925,0.0492466492771395,0.0768564713519623,-0.0768564713519623
LINK-USD_2018-07-29,LINK-USD,2018-07-29,0.2813990116119385,0.3468129932880401,0.2769219875335693,0.3286789953708648,5325900.0,-0.0479943518284653,-0.1906551608568022,-0.1193247563426337,0.1739332678560232,0.0796621686008265,-0.0796621686008265
LINK-USD_2018-07-30,LINK-USD,2018-07-30,0.3293980062007904,0.3587340116500854,0.2889559864997864,0.3182739913463592,3691130.0,0.0076745346624562,-0.1432639967936688,-0.0677947310656063,-0.0316570397593102,0.0789978310424894,-0.0789978310424894
LINK-USD_2018-07-31,LINK-USD,2018-07-31,0.3137229979038238,0.3137229979038238,0.2646310031414032,0.2939339876174927,2272300.0,-0.1631939274215695,-0.1421116545284265,-0.152652790974998,-0.0764750007561211,0.0783712225959416,-0.0783712225959416
LINK-USD_2018-08-01,LINK-USD,2018-08-01,0.297105997800827,0.308804988861084,0.2695200145244598,0.2872799932956695,1546730.0,-0.1445773916272116,-0.1823933495731948,-0.1634853706002032,-0.022637716637527,0.0782242304536908,-0.0782242304536908
LINK-USD_2018-08-02,LINK-USD,2018-08-02,0.2883380055427551,0.3173330128192901,0.2882019877433777,0.309579998254776,1954190.0,-0.102075849393819,0.1050074978913675,0.0014658242487742,0.0776246361721237,0.0787616282685996,-0.0787616282685996
LINK-USD_2018-08-03,LINK-USD,2018-08-03,0.3101530075073242,0.3101530075073242,0.2745879888534546,0.284745991230011,1460180.0,-0.185283151600422,-0.0095585038528209,-0.0974208277266215,-0.0802183835026941,0.0794083542097534,-0.0794083542097534
LINK-USD_2018-08-04,LINK-USD,2018-08-04,0.285080999135971,0.2869940102100372,0.2490209937095642,0.2579889893531799,1284510.0,-0.2976259886710442,-0.0791731371807129,-0.1883995629258785,-0.0939679668930525,0.0799984281931971,-0.0799984281931971
LINK-USD_2018-08-05,LINK-USD,2018-08-05,0.2568469941616058,0.257436990737915,0.2420649975538253,0.253946989774704,866923.0,-0.2990582293408609,-0.0291803688843599,-0.1641192991126104,-0.0156673336664864,0.0800033377852098,-0.0800033377852098
LINK-USD_2018-08-06,LINK-USD,2018-08-06,0.2542490065097809,0.2593179941177368,0.2337300032377243,0.2364709973335266,723640.0,-0.3055367138280696,-0.1359706755003722,-0.2207536946642209,-0.0688174821709116,0.0801115559503222,-0.0801115559503222
LINK-USD_2018-08-07,LINK-USD,2018-08-07,0.2348600029945373,0.2580170035362243,0.232132002711296,0.2339970022439956,1039530.0,-0.3039760039671304,-0.2080596371208064,-0.2560178205439684,-0.0104621501893595,0.0801075883692854,-0.0801075883692854
LINK-USD_2018-08-08,LINK-USD,2018-08-08,0.2343360036611557,0.2360929995775222,0.2200330048799514,0.2280399948358535,996081.0,-0.3086847971418452,-0.214091541782061,-0.2613881694619531,-0.0254576227516392,0.0801335298927723,-0.0801335298927723
LINK-USD_2018-08-09,LINK-USD,2018-08-09,0.2281820029020309,0.3005369901657104,0.2281820029020309,0.2761279940605163,5960760.0,-0.0998859182203749,-0.03763002325085,-0.0687579707356125,0.2108752864131453,0.084050768334437,-0.084050768334437
LINK-USD_2018-08-10,LINK-USD,2018-08-10,0.2762160003185272,0.312034010887146,0.2696569859981537,0.2747269868850708,4713140.0,-0.0640614234603876,-0.0012179360009898,-0.0326396797306887,-0.0050737600155761,0.0838598342966486,-0.0838598342966486
LINK-USD_2018-08-11,LINK-USD,2018-08-11,0.2744660079479217,0.2815940082073211,0.2369589954614639,0.2706699967384338,3237720.0,-0.0905639194264636,-0.1100011876870949,-0.1002825535567793,-0.0147673520997564,0.0838734655247755,-0.0838734655247755
LINK-USD_2018-08-12,LINK-USD,2018-08-12,0.2715780138969421,0.2888830006122589,0.2614350020885467,0.2835969924926758,2512980.0,0.1727219298134268,-0.1329801148071063,0.0198709075031602,0.047759248937865,0.0804775643618059,-0.0804775643618059
LINK-USD_2018-08-13,LINK-USD,2018-08-13,0.284197986125946,0.2983080148696899,0.2592920064926147,0.2592920064926147,2741600.0,-0.0140051362327895,-0.1676767135632387,-0.0908409248980141,-0.085702552013801,0.0805925801685437,-0.0805925801685437
LINK-USD_2018-08-14,LINK-USD,2018-08-14,0.258215993642807,0.2725859880447387,0.2266869992017746,0.271910011768341,3309590.0,0.1892703504063151,-0.2358558192610894,-0.0232927344273871,0.0486633022221056,0.0789547111529482,-0.0789547111529482
LINK-USD_2018-08-15,LINK-USD,2018-08-15,0.2747949957847595,0.2791450023651123,0.2549709975719452,0.257546991109848,2353510.0,0.2005397664836883,-0.2831719611459203,-0.041316097331116,-0.0528226988226158,0.0788402043015727,-0.0788402043015727
LINK-USD_2018-08-16,LINK-USD,2018-08-16,0.2568570077419281,0.2794030010700226,0.2516979873180389,0.2682439982891083,1733710.0,0.117851034460318,-0.3065243581992543,-0.0943366618694681,0.0415341958885391,0.0776512316883277,-0.0776512316883277
LINK-USD_2018-08-17,LINK-USD,2018-08-17,0.2698830068111419,0.2941850125789642,0.2673990130424499,0.291826993227005,2160710.0,0.305380727252561,-0.2351399836547024,0.0351203717989292,0.0879162072154897,0.0777794671920625,-0.0777794671920625
LINK-USD_2018-08-18,LINK-USD,2018-08-18,0.2924549877643585,0.2974140048027038,0.2609739899635315,0.2733199894428253,1755680.0,0.2310491445298965,-0.3063067628664513,-0.0376288091682773,-0.0634177242465831,0.0782675596249226,-0.0782675596249226
LINK-USD_2018-08-19,LINK-USD,2018-08-19,0.2755550146102905,0.3118230104446411,0.2748520076274872,0.3022719919681549,2567610.0,0.4124727542819377,-0.2870035409528692,0.0627346066645342,0.1059271317269896,0.0790717691158759,-0.0790717691158759
LINK-USD_2018-08-20,LINK-USD,2018-08-20,0.2991229891777038,0.3054690062999725,0.2855449914932251,0.2872619926929474,1424350.0,0.3673933536337543,-0.2985706036647996,0.0344113749844773,-0.0496572612549192,0.079340740563325,-0.079340740563325
LINK-USD_2018-08-21,LINK-USD,2018-08-21,0.2908979952335357,0.3346660137176513,0.2861309945583343,0.3119269907474518,3836640.0,0.4129368257977843,-0.251603935736459,0.0806664450306626,0.0858623788802741,0.0797676861289321,-0.0797676861289321
LINK-USD_2018-08-22,LINK-USD,2018-08-22,0.3135969936847687,0.3487699925899505,0.3039650022983551,0.3146319985389709,2623480.0,0.394762818075917,-0.2950054714498632,0.0498786733130269,0.0086719260331953,0.079749416559832,-0.079749416559832
LINK-USD_2018-08-23,LINK-USD,2018-08-23,0.3144370019435882,0.3221740126609802,0.3027360141277313,0.3210220038890838,2108960.0,0.5079880572877244,-0.3350759559681558,0.0864560506597842,0.0203094579692644,0.0793320333425604,-0.0793320333425604
LINK-USD_2018-08-24,LINK-USD,2018-08-24,0.3217610120773315,0.3418560028076172,0.3141129910945892,0.3369269967079162,1491040.0,0.8105691755455005,-0.3001333445588735,0.2552179154933134,0.0495448680344283,0.0775639599401128,-0.0775639599401128
LINK-USD_2018-08-25,LINK-USD,2018-08-25,0.3355590105056762,0.3385049998760223,0.3197669982910156,0.3197669982910156,920084.0,0.6511772617181986,-0.3492059804680517,0.1509856406250734,-0.0509309096171259,0.077880730541275,-0.077880730541275
LINK-USD_2018-08-26,LINK-USD,2018-08-26,0.3180319964885711,0.3367879986763,0.3060080111026764,0.3288779854774475,1134650.0,0.7592326998495653,-0.3413363907347557,0.2089481545574047,0.0284925812705041,0.0776920291557649,-0.0776920291557649
LINK-USD_2018-08-27,LINK-USD,2018-08-27,0.3287340104579925,0.3360849916934967,0.3234609961509704,0.3360849916934967,643844.0,0.8702870872197661,-0.3174345447160125,0.2764262712518768,0.0219139210719332,0.0774305574013811,-0.0774305574013811
LINK-USD_2018-08-28,LINK-USD,2018-08-28,0.3352450132369995,0.3396390080451965,0.3258630037307739,0.335792988538742,1265750.0,0.9663349344621512,-0.3744821467194706,0.2959263938713403,-0.0008688372345438,0.0770388355347297,-0.0770388355347297
LINK-USD_2018-08-29,LINK-USD,2018-08-29,0.3359529972076416,0.3371970057487488,0.3087100088596344,0.3087100088596344,875125.0,0.7948778194878032,-0.2892876113778322,0.2527951040549855,-0.0806537974392008,0.0779454337109276,-0.0779454337109276
LINK-USD_2018-08-30,LINK-USD,2018-08-30,0.3085640072822571,0.3141359984874725,0.2910360097885132,0.3053900003433227,1329920.0,0.8366229555913547,-0.3769432999011713,0.2298398278450916,-0.0107544570018176,0.0777855266276239,-0.0777855266276239
LINK-USD_2018-08-31,LINK-USD,2018-08-31,0.3055950105190277,0.3325160145759582,0.2982450127601623,0.3280990123748779,1091390.0,0.8119809709653172,-0.2741252571163632,0.2689278569244769,0.0743606929042386,0.0775753925028722,-0.0775753925028722
LINK-USD_2018-09-01,LINK-USD,2018-09-01,0.3279800117015838,0.3343200087547302,0.3192540109157562,0.3282580077648163,473642.0,0.4485016712098471,-0.3224473292443792,0.0630271709827339,0.0004845957590289,0.07127940386028,-0.07127940386028
LINK-USD_2018-09-02,LINK-USD,2018-09-02,0.3282040059566498,0.3416120111942291,0.3008140027523041,0.3109380006790161,1355060.0,0.4056871371926041,-0.3970727828442213,0.0043071771741913,-0.0527633954880066,0.0715817235659307,-0.0715817235659307
LINK-USD_2018-09-03,LINK-USD,2018-09-03,0.3109239935874939,0.3113380074501037,0.294636994600296,0.3039399981498718,697608.0,0.220642572785441,-0.441995583690316,-0.1106765054524374,-0.0225061025473318,0.0700657484278773,-0.0700657484278773
LINK-USD_2018-09-04,LINK-USD,2018-09-04,0.3066790103912353,0.3092820048332214,0.2928870022296905,0.2997199892997741,1253120.0,0.2672185410019141,-0.4554515628648126,-0.0941165109314492,-0.0138843484759674,0.0697498087190913,-0.0697498087190913
LINK-USD_2018-09-05,LINK-USD,2018-09-05,0.2997600138187408,0.3005329966545105,0.2655839920043945,0.2686989903450012,1648130.0,0.1567592672780167,-0.5241747748152834,-0.1837077537686333,-0.1034999334787319,0.0710458798614141,-0.0710458798614141
LINK-USD_2018-09-06,LINK-USD,2018-09-06,0.2670870125293731,0.2840259969234466,0.2452650070190429,0.2723900079727173,1793980.0,0.2466704367299093,-0.5201604803911841,-0.1367450218306374,0.0137366263378098,0.070577872065633,-0.070577872065633
LINK-USD_2018-09-07,LINK-USD,2018-09-07,0.2722670137882232,0.2893010079860687,0.2582550048828125,0.2606619894504547,1305730.0,0.1335643655207594,-0.5525753671353157,-0.2095055008072781,-0.0430559792172599,0.0705870661843266,-0.0705870661843266
LINK-USD_2018-09-08,LINK-USD,2018-09-08,0.2617209851741791,0.2761330008506775,0.2378620058298111,0.241907000541687,554111.0,-0.0321474741679106,-0.5767415744632833,-0.304444524315597,-0.0719513763717841,0.0704268046486259,-0.0704268046486259
LINK-USD_2018-09-09,LINK-USD,2018-09-09,0.2414270043373108,0.2554819881916046,0.234261006116867,0.2397409975528717,438981.0,-0.0283856108455352,-0.5547149865225052,-0.2915502986840202,-0.008953866502272,0.0704156172278923,-0.0704156172278923
LINK-USD_2018-09-10,LINK-USD,2018-09-10,0.2398190051317215,0.254831999540329,0.2395859956741333,0.2478069961071014,608181.0,0.0535294755255897,-0.5675406534065585,-0.2570055889404843,0.0336446358218345,0.0702485320480628,-0.0702485320480628
LINK-USD_2018-09-11,LINK-USD,2018-09-11,0.2469259947538375,0.2672730088233948,0.2399590015411377,0.2604289948940277,919435.0,0.2332845747392757,-0.5289396652500522,-0.1478275452553882,0.0509347959710997,0.0691842285730682,-0.0691842285730682
LINK-USD_2018-09-12,LINK-USD,2018-09-12,0.2609440088272095,0.2719430029392242,0.2475499957799911,0.2534950077533722,902340.0,0.2261833155287278,-0.5301401677885975,-0.1519784261299348,-0.0266252501703085,0.0692227985989874,-0.0692227985989874
LINK-USD_2018-09-13,LINK-USD,2018-09-13,0.2541559934616089,0.2762959897518158,0.2537699937820434,0.2717759907245636,780362.0,0.3283673478454705,-0.4836817696239438,-0.0776572108892366,0.072115751443031,0.069696197626243,-0.069696197626243
LINK-USD_2018-09-14,LINK-USD,2018-09-14,0.2724039852619171,0.2729740142822265,0.2618060111999511,0.2688980102539062,727881.0,0.3398341734842847,-0.425240026907475,-0.0427029267115951,-0.0105895317058163,0.0696536511766866,-0.0696536511766866
LINK-USD_2018-09-15,LINK-USD,2018-09-15,0.2697629928588867,0.27913299202919,0.2652229964733124,0.2692880034446716,430008.0,0.3831558735025053,-0.4205919476710709,-0.0187180370842827,0.0014503387005249,0.0694978212345584,-0.0694978212345584
LINK-USD_2018-09-16,LINK-USD,2018-09-16,0.2711429893970489,0.2808369994163513,0.2609330117702484,0.2738650143146515,699587.0,0.3740655654067584,-0.456030983802135,-0.0409827091976883,0.0169967128554997,0.0694775704694699,-0.0694775704694699
LINK-USD_2018-09-17,LINK-USD,2018-09-17,0.2748970091342926,0.2822149991989136,0.2611280083656311,0.2687210142612457,644191.0,0.2074146999112598,-0.4801416433665454,-0.1363634717276428,-0.0187829762274625,0.0681229205756202,-0.0681229205756202
LINK-USD_2018-09-18,LINK-USD,2018-09-18,0.2688910067081451,0.3057189881801605,0.2661620080471039,0.2912119925022125,1569640.0,0.1710592435506945,-0.4222030151195914,-0.1255718857844484,0.0836963878794438,0.0673571564013597,-0.0673571564013597
LINK-USD_2018-09-19,LINK-USD,2018-09-19,0.291016012430191,0.3448739945888519,0.2853460013866424,0.3291729986667633,6164950.0,0.3728126076081932,-0.315493519345286,0.0286595441314536,0.1303552296674814,0.0689812272581392,-0.0689812272581392
LINK-USD_2018-09-20,LINK-USD,2018-09-20,0.3318749964237213,0.4245089888572693,0.3263689875602722,0.3584029972553253,26124800.0,0.5604925266789398,-0.1935979125024214,0.1834473070882591,0.0887982875477366,0.0694387133577535,-0.0694387133577535
LINK-USD_2018-09-21,LINK-USD,2018-09-21,0.3540680110454559,0.3741250038146972,0.3389480113983154,0.3533029854297638,7925320.0,0.6322613814370848,-0.2266390458893706,0.202811167773857,-0.014229824707432,0.0689779260187085,-0.0689779260187085
LINK-USD_2018-09-22,LINK-USD,2018-09-22,0.3537839949131012,0.3537839949131012,0.3234289884567261,0.3378599882125854,2895180.0,0.5151283292324527,-0.2543137581075053,0.1304072855624736,-0.0437103501924651,0.0692577250960726,-0.0692577250960726
LINK-USD_2018-09-23,LINK-USD,2018-09-23,0.3401649892330169,0.347555011510849,0.3328529894351959,0.3436090052127838,2458210.0,0.7059159136631976,-0.2417674696709749,0.2320742219961113,0.0170159746663491,0.0679299972530228,-0.0679299972530228
LINK-USD_2018-09-24,LINK-USD,2018-09-24,0.3427729904651642,0.353736013174057,0.3307139873504638,0.3346570134162903,1999280.0,0.6983354711451368,-0.2113767621027421,0.2434793545211973,-0.0260528439612631,0.0679656355078505,-0.0679656355078505
LINK-USD_2018-09-25,LINK-USD,2018-09-25,0.3334789872169494,0.3473109900951385,0.3170650005340576,0.3264929950237274,2487050.0,0.6113244534105577,-0.1339639302066733,0.2386802616019422,-0.0243951809323278,0.0680688065020759,-0.0680688065020759
LINK-USD_2018-09-26,LINK-USD,2018-09-26,0.3261860013008117,0.3771289885044098,0.3166249990463257,0.3489240109920501,4319900.0,0.4317298225059089,0.0006711056619623,0.2162004640839356,0.0687029011654372,0.0639071435776376,-0.0639071435776376
LINK-USD_2018-09-27,LINK-USD,2018-09-27,0.3447220027446747,0.3499760031700134,0.3320930004119873,0.3455899953842163,2188310.0,0.3723092158314878,-0.0414283582749626,0.1654404287782626,-0.009555133790749,0.0638576635839688,-0.0638576635839688
LINK-USD_2018-09-28,LINK-USD,2018-09-28,0.3461380004882812,0.3496460020542145,0.3274739980697632,0.3349829912185669,1126520.0,0.25537017522992,-0.0229402289798306,0.1162149731250447,-0.0306924514810009,0.0636705565395487,-0.0636705565395487
LINK-USD_2018-09-29,LINK-USD,2018-09-29,0.3347339928150177,0.3347339928150177,0.3254550099372864,0.3292019963264465,569884.0,0.1758012552526169,-0.0971367554865019,0.0393322498830575,-0.0172575773805436,0.0634853465071341,-0.0634853465071341
LINK-USD_2018-09-30,LINK-USD,2018-09-30,0.3289099931716919,0.3329350054264068,0.3205820024013519,0.3318980038166046,896424.0,0.0097937759670576,-0.0386706217908998,-0.0144384229119211,0.0081895235151754,0.0596698454960128,-0.0596698454960128
LINK-USD_2018-10-01,LINK-USD,2018-10-01,0.3328219950199127,0.3332740068435669,0.3232179880142212,0.3252319991588592,772346.0,0.0218616915038087,0.0297040044754908,0.0257828479896498,-0.0200844975898946,0.0595827555998895,-0.0595827555998895
LINK-USD_2018-10-02,LINK-USD,2018-10-02,0.3245660066604614,0.3272680044174194,0.3188590109348297,0.3211050033569336,1133880.0,0.0924391764275984,-0.0858402632428063,0.003299456592396,-0.0126893903816327,0.0587633352361627,-0.0587633352361627
LINK-USD_2018-10-03,LINK-USD,2018-10-03,0.3205209970474243,0.321603000164032,0.3059970140457153,0.3103379905223846,1149830.0,0.0802631501142641,-0.0759184784002512,0.0021723358570064,-0.0335311275812809,0.0588561070587681,-0.0588561070587681
LINK-USD_2018-10-04,LINK-USD,2018-10-04,0.3106510043144226,0.3225589990615845,0.3106510043144226,0.3209399878978729,996871.0,0.0366948436822069,-0.0691266630488468,-0.0162159096833199,0.0341627441669072,0.0582171336308764,-0.0582171336308764
LINK-USD_2018-10-05,LINK-USD,2018-10-05,0.3208900094032287,0.3666799962520599,0.317891001701355,0.3565039932727813,4114640.0,0.2520070668345457,0.0200312516654408,0.1360191592499933,0.1108120107059558,0.0588272934496698,-0.0588272934496698
LINK-USD_2018-10-06,LINK-USD,2018-10-06,0.3597689867019653,0.3770529925823211,0.3343009948730469,0.3380979895591736,4656480.0,0.3105132525494205,-0.0795295499071065,0.1154918513211569,-0.0516291656220643,0.0579105447617876,-0.0579105447617876
LINK-USD_2018-10-07,LINK-USD,2018-10-07,0.3371939957141876,0.3410530090332031,0.3333460092544555,0.3376370072364807,1286090.0,0.3295570368289249,-0.0680579364128152,0.1307495502080548,-0.0013634577457675,0.0578526514570147,-0.0578526514570147
LINK-USD_2018-10-08,LINK-USD,2018-10-08,0.3379350006580353,0.3473919928073883,0.3348740041255951,0.3435850143432617,1334080.0,0.4529689400288608,0.009033584798189,0.2310012624135249,0.0176165733592557,0.0570663293857809,-0.0570663293857809
LINK-USD_2018-10-09,LINK-USD,2018-10-09,0.343623012304306,0.344226986169815,0.3301100134849548,0.339711993932724,1409520.0,0.4517792564645604,0.0104731994420914,0.2311262279533259,-0.0112723787384636,0.0570705326717389,-0.0570705326717389
LINK-USD_2018-10-10,LINK-USD,2018-10-10,0.3393119871616363,0.3567599952220917,0.3321309983730316,0.3478609919548034,2540720.0,0.5254385188229758,0.0545588390877487,0.2899986789553622,0.0239879608833981,0.056950100051351,-0.056950100051351
LINK-USD_2018-10-11,LINK-USD,2018-10-11,0.3474560081958771,0.3484399914741516,0.3011339902877807,0.3032009899616241,1584750.0,0.098045096779193,-0.011634145959977,0.043205475409608,-0.1283846220934765,0.0534128647096908,-0.0534128647096908
LINK-USD_2018-10-12,LINK-USD,2018-10-12,0.3030869960784912,0.3147079944610595,0.3018989861011505,0.3112779855728149,1180340.0,0.1330448060533449,0.0604603429331689,0.0967525744932569,0.0266390806052878,0.0534860662746773,-0.0534860662746773
LINK-USD_2018-10-13,LINK-USD,2018-10-13,0.3119159936904907,0.3237450122833252,0.3115119934082031,0.3188430070877075,602792.0,0.1779769125863863,0.0712947063886784,0.1246358094875323,0.024303104830788,0.053498703472313,-0.053498703472313
LINK-USD_2018-10-14,LINK-USD,2018-10-14,0.319703996181488,0.3341040015220642,0.3161030113697052,0.3252840042114258,959805.0,0.1469938427496779,0.3451048327535206,0.2460493377515993,0.0202011553665546,0.0532472532385708,-0.0532472532385708
LINK-USD_2018-10-15,LINK-USD,2018-10-15,0.3262349963188171,0.3506569862365722,0.3221040070056915,0.3396379947662353,1787330.0,0.3098668152576045,0.2915219520631114,0.3006943836603579,0.0441275635105617,0.0522393809638597,-0.0522393809638597
LINK-USD_2018-10-16,LINK-USD,2018-10-16,0.3401210010051727,0.3676429986953735,0.3364500105381012,0.3588449954986572,2507920.0,0.319719686542407,0.5695034940524009,0.4446115902974039,0.0565513900929772,0.0523535189175913,-0.0523535189175913
LINK-USD_2018-10-17,LINK-USD,2018-10-17,0.3599829971790313,0.3831200003623962,0.350594013929367,0.3769679963588714,3231860.0,0.4636862761797453,0.7572135802102105,0.6104499281949779,0.0505037023995003,0.0521067634470189,-0.0521067634470189
LINK-USD_2018-10-18,LINK-USD,2018-10-18,0.3761569857597351,0.3969280123710632,0.366221010684967,0.3769130110740661,1957950.0,0.405112559751799,0.5707065284517339,0.4879095441017664,-0.0001458619440811,0.0519306037946926,-0.0519306037946926
LINK-USD_2018-10-19,LINK-USD,2018-10-19,0.3758090138435364,0.3801940083503723,0.3569819927215576,0.3619770109653473,892791.0,0.2403822105783557,0.6191710321159134,0.4297766213471345,-0.0396271809937168,0.0511955457459936,-0.0511955457459936
LINK-USD_2018-10-20,LINK-USD,2018-10-20,0.361530989408493,0.3727369904518127,0.3585160076618194,0.3707660138607025,761786.0,0.3565272507749073,0.6699517115979419,0.5132394811864246,0.0242805554748244,0.0505008660958703,-0.0505008660958703
LINK-USD_2018-10-21,LINK-USD,2018-10-21,0.3699530065059662,0.3785150051116943,0.3661530017852783,0.3717910051345825,793981.0,0.2299882721974175,0.7373249225651679,0.4836565973812927,0.0027645232722572,0.0488575341541681,-0.0488575341541681
LINK-USD_2018-10-22,LINK-USD,2018-10-22,0.3689169883728027,0.3920080065727234,0.3551490008831024,0.3904309868812561,1903340.0,0.359145994989269,0.8584872001662625,0.6088165975777657,0.0501356447284844,0.0486920337580227,-0.0486920337580227
LINK-USD_2018-10-23,LINK-USD,2018-10-23,0.3903999924659729,0.4822140038013458,0.3903999924659729,0.4378829896450043,10378700.0,0.4037996154027317,0.9834801726432862,0.693639894023009,0.1215374915367053,0.0498293991024747,-0.0498293991024747
LINK-USD_2018-10-24,LINK-USD,2018-10-24,0.4350149929523468,0.4376670122146606,0.4079779982566833,0.412075012922287,2378480.0,0.3097047180064447,0.8267274433339931,0.5682160806702189,-0.0589380664081974,0.0505077728462019,-0.0505077728462019
LINK-USD_2018-10-25,LINK-USD,2018-10-25,0.4127129912376404,0.4428060054779053,0.3983089923858642,0.4377430081367492,1596200.0,0.3635919121855386,1.056280318589924,0.7099361153877313,0.0622896181751815,0.0509804880651563,-0.0509804880651563
LINK-USD_2018-10-26,LINK-USD,2018-10-26,0.4385839998722076,0.4458839893341064,0.4142419993877411,0.4321230053901672,2274910.0,0.2825419441374621,1.3221309103994885,0.8023364272684752,-0.0128385894054676,0.050730355237789,-0.050730355237789
LINK-USD_2018-10-27,LINK-USD,2018-10-27,0.4331650137901306,0.457753986120224,0.4205029904842376,0.4443640112876892,1712840.0,0.3896493811512078,1.2945574599176406,0.8421034205344242,0.0283275959503002,0.0502964266893168,-0.0502964266893168
LINK-USD_2018-10-28,LINK-USD,2018-10-28,0.4443910121917724,0.4472239911556244,0.4290019869804382,0.440447986125946,1171860.0,0.3392443567985468,1.356042465569002,0.8476434111837744,-0.0088126514800225,0.0502525947685862,-0.0502525947685862
LINK-USD_2018-10-29,LINK-USD,2018-10-29,0.4380240142345428,0.4398199915885925,0.3977049887180328,0.418148010969162,1424720.0,0.2441734123923784,1.3269614674596184,0.7855674399259984,-0.0506302125545587,0.0507083771627953,-0.0507083771627953
LINK-USD_2018-10-30,LINK-USD,2018-10-30,0.4181340038776397,0.4596120119094848,0.416247010231018,0.4504100084304809,2879160.0,0.3413323797811072,1.6375087170888452,0.9894205484349762,0.0771544922252378,0.0515157936901641,-0.0515157936901641
LINK-USD_2018-10-31,LINK-USD,2018-10-31,0.4528310000896454,0.5277349948883057,0.4417290091514587,0.5060439705848694,7214500.0,0.6392211333030011,1.942201653401216,1.2907113933521086,0.1235184856310211,0.0523932492680392,-0.0523932492680392
LINK-USD_2018-11-01,LINK-USD,2018-11-01,0.5106769800186157,0.5834019780158997,0.5002859830856323,0.5140219926834106,15507100.0,0.6831657621583602,2.0913408768454627,1.3872533195019114,0.0157654720978506,0.0523367701179836,-0.0523367701179836
LINK-USD_2018-11-02,LINK-USD,2018-11-02,0.5157660245895386,0.5242030024528503,0.4980700016021728,0.5007830262184143,2995750.0,0.5263167742980948,1.7656569506933129,1.145986862495704,-0.0257556420803775,0.0518573671797166,-0.0518573671797166
LINK-USD_2018-11-03,LINK-USD,2018-11-03,0.5019699931144714,0.5546600222587585,0.5002380013465881,0.5430309772491455,3484070.0,0.654280975342437,1.3962287574341756,1.0252548663883063,0.0843637839520241,0.0527296713759945,-0.0527296713759945
LINK-USD_2018-11-04,LINK-USD,2018-11-04,0.5411810278892517,0.5432990193367004,0.4878320097923279,0.5039960145950317,2981540.0,0.6208890952357766,1.278462951988689,0.9496760236122328,-0.0718834915309155,0.0531464496934201,-0.0531464496934201
LINK-USD_2018-11-05,LINK-USD,2018-11-05,0.5029140114784241,0.5134159922599792,0.4789310097694397,0.4813680052757263,1623590.0,0.5837599796206003,0.9332048561987072,0.7584824179096538,-0.0448971989143354,0.0534350986230237,-0.0534350986230237
LINK-USD_2018-11-06,LINK-USD,2018-11-06,0.481669008731842,0.4915550053119659,0.4644320011138916,0.4841150045394897,1949590.0,0.6152242820724487,1.046842158118713,0.8310332200955809,0.0057066511144419,0.0533584176849498,-0.0533584176849498
LINK-USD_2018-11-07,LINK-USD,2018-11-07,0.4844039976596832,0.4895890057086944,0.4711979925632477,0.4821409881114959,1232730.0,0.7943535533663217,1.075635101629732,0.9349943274980268,-0.0040775774547032,0.0514114454523661,-0.0514114454523661
LINK-USD_2018-11-08,LINK-USD,2018-11-08,0.4817950129508972,0.5224189758300781,0.4791170060634613,0.4979740083217621,3155890.0,0.8281654750406242,1.2791198511834372,1.0536426631120306,0.0328389840330372,0.0514865020956625,-0.0514865020956625
LINK-USD_2018-11-09,LINK-USD,2018-11-09,0.4948900043964386,0.4999989867210388,0.4832780063152313,0.4924769997596741,1271700.0,0.8893318538615755,1.1416792641807572,1.0155055590211663,-0.0110387459389972,0.0511018466370594,-0.0511018466370594
LINK-USD_2018-11-10,LINK-USD,2018-11-10,0.4929690062999725,0.5273460149765015,0.4905200004577636,0.5211430191993713,2227350.0,1.1543114421344105,1.08505577069876,1.1196836064165852,0.0582078339773961,0.0503019337935087,-0.0503019337935087
LINK-USD_2018-11-11,LINK-USD,2018-11-11,0.5204409956932068,0.5252320170402527,0.5019180178642273,0.5096359848976135,1026380.0,1.1257773601497592,1.065435871260299,1.095606615705029,-0.0220803769365192,0.0504233966708391,-0.0504233966708391
LINK-USD_2018-11-12,LINK-USD,2018-11-12,0.5120459794998169,0.5652999877929688,0.5048969984054565,0.5627989768981934,3420880.0,1.2711181917356096,1.3926899573958424,1.331904074565726,0.1043156165890843,0.051654999592762,-0.051654999592762
LINK-USD_2018-11-13,LINK-USD,2018-11-13,0.5626479983329773,0.6212790012359619,0.5533900260925293,0.5814419984817505,11449100.0,1.232631580513328,1.7534700893228568,1.4930508349180924,0.0331255427760479,0.0515002989435501,-0.0515002989435501
LINK-USD_2018-11-14,LINK-USD,2018-11-14,0.5845109820365906,0.6140660047531128,0.4871299862861633,0.5478429794311523,9008150.0,1.1611588499768573,1.6499769240488753,1.4055678870128665,-0.0577856761952717,0.0520445964414605,-0.0520445964414605
LINK-USD_2018-11-15,LINK-USD,2018-11-15,0.5474539995193481,0.5594969987869263,0.4915010035037994,0.5416330099105835,7177480.0,0.9929391425142904,1.647355283159134,1.3201472128367122,-0.011335309119078,0.0515916874406611,-0.0515916874406611
LINK-USD_2018-11-16,LINK-USD,2018-11-16,0.5385040044784546,0.538860023021698,0.5060619711875916,0.5128939747810364,4171370.0,0.9073922276209396,1.55558928880485,1.2314907582128949,-0.0530599771500107,0.0521697285352162,-0.0521697285352162
LINK-USD_2018-11-17,LINK-USD,2018-11-17,0.5139719843864441,0.5158939957618713,0.4758940041065216,0.4851199984550476,4137480.0,0.801491311345109,1.491743288350718,1.1466172998479136,-0.0541514965892239,0.0528108795744165,-0.0528108795744165
LINK-USD_2018-11-18,LINK-USD,2018-11-18,0.4861159920692444,0.5325009822845459,0.4813170135021209,0.5242379903793335,3048070.0,0.9142203749217168,1.6302643017799454,1.2722423383508312,0.0806357026073223,0.0535362306791761,-0.0535362306791761
LINK-USD_2018-11-19,LINK-USD,2018-11-19,0.5257480144500732,0.5257480144500732,0.3906449973583221,0.4112899899482727,4749190.0,0.5305464333668524,0.848004262543887,0.6892753479553697,-0.2154517652361148,0.060611460833015,-0.060611460833015
LINK-USD_2018-11-20,LINK-USD,2018-11-20,0.4085420072078705,0.4199360013008117,0.3241310119628906,0.3418129980564117,4418950.0,0.1737600334361735,0.3745425368658033,0.2741512851509884,-0.1689245874926327,0.0638353232111769,-0.0638353232111769
LINK-USD_2018-11-21,LINK-USD,2018-11-21,0.341726005077362,0.3774580061435699,0.3247750103473663,0.3675070106983185,3028430.0,0.1164555178791029,0.5326842107781671,0.324569864328635,0.0751697939750855,0.0624455476599812,-0.0624455476599812
LINK-USD_2018-11-22,LINK-USD,2018-11-22,0.3663980066776275,0.3849489986896515,0.3429610133171081,0.3429610133171081,2252920.0,-0.0430855323657251,0.493257875414242,0.2250861715242584,-0.0667905554633346,0.0621029736701976,-0.0621029736701976
LINK-USD_2018-11-23,LINK-USD,2018-11-23,0.3405430018901825,0.3513300120830536,0.3197329938411712,0.3293429911136627,1661750.0,-0.0678171295013421,0.5215660999521265,0.2268744852253922,-0.0397072019111802,0.0622881954376533,-0.0622881954376533
LINK-USD_2018-11-24,LINK-USD,2018-11-24,0.3295750021934509,0.3393959999084472,0.2619229853153229,0.2845680117607116,1634890.0,-0.1577339084566055,0.2761412160492913,0.0592036537963429,-0.1359524282012073,0.0644011509130177,-0.0644011509130177
LINK-USD_2018-11-25,LINK-USD,2018-11-25,0.2844890058040619,0.2844890058040619,0.239775002002716,0.2594279944896698,3812450.0,-0.2449907000283183,0.2879823797854024,0.021495839878542,-0.0883444949258092,0.0652980689401463,-0.0652980689401463
LINK-USD_2018-11-26,LINK-USD,2018-11-26,0.2599270045757293,0.284512996673584,0.2394669950008392,0.2838659882545471,2712730.0,-0.1517703891612832,0.440578435763028,0.1444040233008723,0.0941995246617473,0.0663409918612624,-0.0663409918612624
LINK-USD_2018-11-27,LINK-USD,2018-11-27,0.283612996339798,0.3070229887962341,0.2681159973144531,0.2875840067863464,4308920.0,-0.1191725054761232,0.4192988811626768,0.1500631878432767,0.0130977950358224,0.0662900902391742,-0.0662900902391742
LINK-USD_2018-11-28,LINK-USD,2018-11-28,0.2883099913597107,0.3502080142498016,0.2858209908008575,0.3314599990844726,3667720.0,-0.0500510465242113,0.3600702465495649,0.1550096000126767,0.1525675672594784,0.0684927273265015,-0.0684927273265015
LINK-USD_2018-11-29,LINK-USD,2018-11-29,0.3317529857158661,0.3844180107116699,0.3150039911270141,0.3447819948196411,4077698.0,-0.0023380322791951,0.3691007125878367,0.1833813401543207,0.040191865600571,0.0686490747745427,-0.0686490747745427
LINK-USD_2018-11-30,LINK-USD,2018-11-30,0.3447780013084411,0.388260006904602,0.3115310072898865,0.3222419917583465,4213313.0,-0.0380347653290469,0.2076224652139655,0.0847938499424593,-0.0653746523889262,0.0690561911503007,-0.0690561911503007
LINK-USD_2018-12-01,LINK-USD,2018-12-01,0.3228049874305725,0.3449420034885406,0.3152729868888855,0.3326919972896576,2359405.0,0.010601396717383,0.1882663908203468,0.0994338937688649,0.0324290620048912,0.0691187165913459,-0.0691187165913459
LINK-USD_2018-12-02,LINK-USD,2018-12-02,0.3322330117225647,0.3445889949798584,0.3150390088558197,0.3156569898128509,1143867.0,-0.0489337501792507,-0.0396192203986766,-0.0442764852889636,-0.0512035384547443,0.0694453825365337,-0.0694453825365337
LINK-USD_2018-12-03,LINK-USD,2018-12-03,0.3175829946994781,0.3183960020542145,0.2840499877929687,0.2884820103645324,1617950.0,-0.1129962269683565,-0.0936048241196243,-0.1033005255439904,-0.0860902192105113,0.0702715253397105,-0.0702715253397105
LINK-USD_2018-12-04,LINK-USD,2018-12-04,0.2875930070877075,0.3101870119571686,0.2843129932880401,0.2878119945526123,1994609.0,-0.103682622370457,-0.0208277821646374,-0.0622552022675472,-0.0023225566511876,0.0702520406387822,-0.0702520406387822
LINK-USD_2018-12-05,LINK-USD,2018-12-05,0.285658985376358,0.2929889857769012,0.2566129863262176,0.2566129863262176,1554730.0,-0.1731177162864687,-0.1067495394219441,-0.1399336278542064,-0.1084006532628767,0.0714643417021951,-0.0714643417021951
LINK-USD_2018-12-06,LINK-USD,2018-12-06,0.2567430138587951,0.2702159881591797,0.2227319926023483,0.2227319926023483,2461190.0,-0.3060011185853712,-0.280534938116235,-0.2932680283508031,-0.1320314852686306,0.0732130280299648,-0.0732130280299648
LINK-USD_2018-12-07,LINK-USD,2018-12-07,0.2222100049257278,0.2232120037078857,0.1967049986124038,0.2164680063724517,2270701.0,-0.3928034174730272,-0.2397855877184447,-0.316294502595736,-0.0281234238364667,0.0718065725517721,-0.0718065725517721
LINK-USD_2018-12-08,LINK-USD,2018-12-08,0.2164759933948516,0.2443179935216903,0.2119300067424774,0.2282830029726028,2173231.0,-0.3248022466201358,-0.1151443961040926,-0.2199733213621142,0.0545807983274091,0.0719472051602334,-0.0719472051602334
LINK-USD_2018-12-09,LINK-USD,2018-12-09,0.2278839945793151,0.2462410032749176,0.2197449952363968,0.2397910058498382,1430497.0,-0.2897964360823494,-0.0557438540123064,-0.1727701450473279,0.0504111244699918,0.0722679376926517,-0.0722679376926517
LINK-USD_2018-12-10,LINK-USD,2018-12-10,0.2396820038557052,0.2429040074348449,0.2153510004281997,0.2190719991922378,815587.0,-0.3623936142530013,-0.0735777255455504,-0.2179856698992758,-0.0864044361637778,0.0729796715087289,-0.0729796715087289
LINK-USD_2018-12-11,LINK-USD,2018-12-11,0.2194779962301254,0.2258380055427551,0.2111269980669021,0.2233909964561462,923276.0,-0.3424106288682106,-0.045325391719293,-0.1938680102937518,0.0197149671333325,0.0730370838978232,-0.0730370838978232
LINK-USD_2018-12-12,LINK-USD,2018-12-12,0.2215750068426132,0.2414329946041107,0.2213300019502639,0.2267590016126632,1357029.0,-0.348133286407332,-0.0056174059471995,-0.1768753461772657,0.0150767273970155,0.0729907794499723,-0.0729907794499723
LINK-USD_2018-12-13,LINK-USD,2018-12-13,0.2269880026578903,0.2282849997282028,0.2019400000572204,0.2056960016489029,1188210.0,-0.3215853230725346,-0.2550700904167562,-0.2883277067446454,-0.092887161320894,0.0721477259901355,-0.0721477259901355
LINK-USD_2018-12-14,LINK-USD,2018-12-14,0.2059209942817688,0.2102680057287216,0.1990430057048797,0.2029320001602172,1356092.0,-0.3480682554958682,-0.2613321229882971,-0.3047001892420826,-0.0134373126678636,0.0720543426128697,-0.0720543426128697
LINK-USD_2018-12-15,LINK-USD,2018-12-15,0.2037869989871978,0.2070930004119873,0.1993220001459121,0.203356996178627,1292231.0,-0.3622033676194521,-0.2486902921303677,-0.3054468298749099,0.0020942779752539,0.0719672494581007,-0.0719672494581007
LINK-USD_2018-12-16,LINK-USD,2018-12-16,0.2035679966211319,0.2194910049438476,0.2032790035009384,0.2068819999694824,1719297.0,-0.3639957781784599,-0.2705070736078931,-0.3172514258931765,0.0173340669713624,0.0719522914019443,-0.0719522914019443
LINK-USD_2018-12-17,LINK-USD,2018-12-17,0.204694002866745,0.2377250045537948,0.2044250071048736,0.2334219962358474,2037677.0,-0.3127329691234746,-0.099771723034216,-0.2062523460788453,0.1282856713985749,0.0736318740281624,-0.0736318740281624
LINK-USD_2018-12-18,LINK-USD,2018-12-18,0.2336229979991912,0.2711440026760101,0.2281019985675811,0.2702249884605407,3884847.0,-0.2469590161483752,-0.0061969888377478,-0.1265780024930615,0.157667198542454,0.0760186034540083,-0.0760186034540083
LINK-USD_2018-12-19,LINK-USD,2018-12-19,0.2723290026187897,0.3126980066299438,0.2649300098419189,0.2963460087776184,5660320.0,-0.2138695813967754,0.150648304996978,-0.0316106381998987,0.0966639705154135,0.0767477718145735,-0.0767477718145735
LINK-USD_2018-12-20,LINK-USD,2018-12-20,0.2951619923114776,0.3451789915561676,0.2928099930286407,0.3385060131549835,9490875.0,-0.1018988381686174,0.2619332224169586,0.0800171921241705,0.1422661454131562,0.0788379055246247,-0.0788379055246247
LINK-USD_2018-12-21,LINK-USD,2018-12-21,0.3400560021400451,0.3411279916763305,0.2926810085773468,0.2984830141067505,4301773.0,-0.1754089208297131,0.0228081056044322,-0.0763004076126404,-0.1182342336409506,0.0801095208345016,-0.0801095208345016
LINK-USD_2018-12-22,LINK-USD,2018-12-22,0.2981640100479126,0.3113059997558594,0.2869609892368316,0.3113059997558594,3110687.0,-0.1603707240739232,0.1389799933421269,-0.0106953653658981,0.0429605205089587,0.0802347291252218,-0.0802347291252218
LINK-USD_2018-12-23,LINK-USD,2018-12-23,0.3130579888820648,0.3201949894428253,0.3010840117931366,0.3132610023021698,2828792.0,-0.1574271620993783,0.0363547090898603,-0.0605362265047589,0.0062800027877509,0.0802375862662122,-0.0802375862662122
LINK-USD_2018-12-24,LINK-USD,2018-12-24,0.3141829967498779,0.3312369883060455,0.3004370033740997,0.3079519867897033,3333646.0,-0.2112511631066762,0.0720248227160051,-0.0696131701953355,-0.0169475787712172,0.08001316422304,-0.08001316422304
LINK-USD_2018-12-25,LINK-USD,2018-12-25,0.3080419898033142,0.321722000837326,0.2886520028114319,0.3176620006561279,4949793.0,-0.2745504891303054,0.0183857443529771,-0.1280823723886641,0.0315309343110534,0.0785888088938979,-0.0785888088938979
LINK-USD_2018-12-26,LINK-USD,2018-12-26,0.3162930011749267,0.3188410103321075,0.2963109910488128,0.3075830042362213,4251937.0,-0.2535752118165237,-0.02240393327914,-0.1379895725478319,-0.0317286814258188,0.0783451639925456,-0.0783451639925456
LINK-USD_2018-12-27,LINK-USD,2018-12-27,0.3067199885845184,0.3107790052890777,0.2731600105762481,0.2751710116863251,3696029.0,-0.371386848969698,-0.1428281913616136,-0.2571075201656558,-0.1053764093057758,0.078986576738387,-0.078986576738387
LINK-USD_2018-12-28,LINK-USD,2018-12-28,0.2811540067195892,0.3016220033168793,0.2575640082359314,0.2983790040016174,3236126.0,-0.3095044691448244,-0.1144105194387741,-0.2119574942917992,0.0843402514424291,0.0797605738455788,-0.0797605738455788
LINK-USD_2018-12-29,LINK-USD,2018-12-29,0.2989329993724823,0.3188480138778686,0.2905609905719757,0.2999700009822845,2630385.0,-0.3249453300391635,-0.0619106956456906,-0.193428012842427,0.0053321344978365,0.0796689808485065,-0.0796689808485065
LINK-USD_2018-12-30,LINK-USD,2018-12-30,0.2995370030403137,0.3146640062332153,0.2950800061225891,0.2986429929733276,1852488.0,-0.3219562754728303,-0.0919337682643196,-0.206945021868575,-0.0044238023956111,0.079665769005951,-0.079665769005951
LINK-USD_2018-12-31,LINK-USD,2018-12-31,0.2999190092086792,0.3021929860115051,0.2850030064582824,0.2894439995288849,1427065.0,-0.3077953453418888,-0.1387773727401298,-0.2232863590410093,-0.030802642823983,0.0795134621998711,-0.0795134621998711
LINK-USD_2019-01-01,LINK-USD,2019-01-01,0.2894580066204071,0.3019799888134002,0.2894070148468017,0.2993710041046142,1522529.0,-0.3353366965627252,-0.108465589447308,-0.2219011430050166,0.0342968055716721,0.0790013309314604,-0.0790013309314604
LINK-USD_2019-01-02,LINK-USD,2019-01-02,0.3007700145244598,0.3182690143585205,0.2974640130996704,0.3164890110492706,1637715.0,-0.3745819939649064,0.0251984126409492,-0.1746917906619786,0.0571799095769292,0.0777148981468042,-0.0777148981468042
LINK-USD_2019-01-03,LINK-USD,2019-01-03,0.3165299892425537,0.3722490072250366,0.3155249953269958,0.3659740090370178,10890273.0,-0.2880187730363834,0.1983824245246601,-0.0448181742558616,0.1563561332625336,0.0802791587183684,-0.0802791587183684
LINK-USD_2019-01-04,LINK-USD,2019-01-04,0.3687329888343811,0.4500379860401153,0.3670639991760254,0.4371750056743622,24652793.0,-0.1270171256090252,0.3324484048579115,0.1027156396244431,0.194552058012793,0.0839489697533387,-0.0839489697533387
LINK-USD_2019-01-05,LINK-USD,2019-01-05,0.4397059977054596,0.4435549974441528,0.3876360058784485,0.3959479928016662,13064911.0,-0.2708556060513595,0.2062096991868272,-0.0323229534322661,-0.0943032248815356,0.0841167666129002,-0.0841167666129002
LINK-USD_2019-01-06,LINK-USD,2019-01-06,0.3962509930133819,0.4029049873352051,0.3738459944725036,0.3970099985599518,7628848.0,-0.2122755199186342,0.2768140198141575,0.0322692499477616,0.0026821849778073,0.0836335795962716,-0.0836335795962716
LINK-USD_2019-01-07,LINK-USD,2019-01-07,0.3970719873905182,0.409974992275238,0.3714019954204559,0.376473993062973,5182374.0,-0.2179081514831262,0.2386457700685216,0.0103688092926976,-0.0517266707928456,0.0836967057363527,-0.0836967057363527
LINK-USD_2019-01-08,LINK-USD,2019-01-08,0.3777360022068023,0.4245960116386413,0.3653950095176697,0.4241980016231537,6481963.0,-0.123766052186983,0.4153143492837878,0.1457741485484024,0.1267657512592055,0.0852155255351887,-0.0852155255351887
LINK-USD_2019-01-09,LINK-USD,2019-01-09,0.428384006023407,0.435930997133255,0.4010649919509887,0.4018050134181976,8182734.0,-0.1666234082440643,0.4953722487095777,0.1643744202327567,-0.0527889997578288,0.0854875246421694,-0.0854875246421694
LINK-USD_2019-01-10,LINK-USD,2019-01-10,0.4009679853916168,0.406695008277893,0.346560001373291,0.3546040058135986,5524822.0,-0.2879065977586647,0.3018245729818249,0.0069589876115801,-0.117472420772093,0.0866663153120419,-0.0866663153120419
LINK-USD_2019-01-11,LINK-USD,2019-01-11,0.354977011680603,0.4638499915599823,0.3533909916877746,0.4441930055618286,14491941.0,-0.098043145611689,0.7040958158046229,0.3030263350964669,0.252645199375789,0.0923844582791308,-0.0923844582791308
LINK-USD_2019-01-12,LINK-USD,2019-01-12,0.4448029994964599,0.4690020084381103,0.4075610041618347,0.4122439920902252,15375000.0,-0.2089618839689093,0.7041424645302261,0.2475902902806583,-0.0719259715294106,0.0925740791546098,-0.0925740791546098
LINK-USD_2019-01-13,LINK-USD,2019-01-13,0.4105530083179474,0.4519169926643371,0.3813570141792297,0.4442610144615173,9558626.0,-0.1282777754581638,0.8530873692704202,0.3624047969061281,0.0776652249289413,0.0930341261343217,-0.0930341261343217
LINK-USD_2019-01-14,LINK-USD,2019-01-14,0.4415889978408813,0.4980739951133728,0.4247150123119354,0.4856599867343902,17594771.0,-0.1370631314735974,0.9598316204296728,0.4113842444780377,0.0931861471640767,0.0928471778611774,-0.0928471778611774
LINK-USD_2019-01-15,LINK-USD,2019-01-15,0.4873610138893127,0.5571110248565674,0.4655489921569824,0.5187950134277344,26829916.0,-0.1077441691821344,0.9920785457811236,0.4421671882994946,0.0682267998155381,0.0931426152723734,-0.0931426152723734
LINK-USD_2019-01-16,LINK-USD,2019-01-16,0.5200650095939636,0.5413219928741455,0.4825139939785003,0.4973739981651306,18011677.0,-0.0921230775256547,0.9620662456951844,0.4349715840847648,-0.0412899405510334,0.092993686775581,-0.092993686775581
LINK-USD_2019-01-17,LINK-USD,2019-01-17,0.4959779977798462,0.4986810088157654,0.4739980101585388,0.4830119907855987,11096121.0,-0.1082301448625931,0.7772430504176364,0.3345064527775216,-0.0288756698832568,0.0930625823708342,-0.0930625823708342
LINK-USD_2019-01-18,LINK-USD,2019-01-18,0.4824810028076172,0.5079960227012634,0.4697290062904358,0.5007320046424866,8659548.0,-0.0237124449429182,0.8621632944389279,0.4192254247480048,0.0366864885239537,0.0928865113918971,-0.0928865113918971
LINK-USD_2019-01-19,LINK-USD,2019-01-19,0.5008509755134583,0.5008509755134583,0.4753220081329345,0.4914700090885162,7015260.0,0.0130895668158215,0.8250720522330826,0.419080809524452,-0.0184969114578231,0.0926357921947658,-0.0926357921947658
LINK-USD_2019-01-20,LINK-USD,2019-01-20,0.4909169971942901,0.4972899854183197,0.4719040095806122,0.4901230037212372,7018434.0,-0.0650753804267619,0.7896517558030272,0.3622881876881326,-0.0027407681900614,0.0921232547718816,-0.0921232547718816
LINK-USD_2019-01-21,LINK-USD,2019-01-21,0.4902620017528534,0.5242840051651001,0.4768989980220794,0.5034120082855225,9503123.0,0.2239831276925457,0.8733630105910302,0.5486730691417879,0.0271136112024719,0.087810645796427,-0.087810645796427
LINK-USD_2019-01-22,LINK-USD,2019-01-22,0.5019800066947937,0.5653960108757019,0.5019800066947937,0.5403349995613098,13998683.0,0.5807912590618767,0.855469601092079,0.7181304300769779,0.0733454718363524,0.0852529251400179,-0.0852529251400179
LINK-USD_2019-01-23,LINK-USD,2019-01-23,0.5402439832687378,0.5516300201416016,0.5071750283241272,0.5099760293960571,10344545.0,0.3876634038273885,0.5492644641619859,0.4684639339946872,-0.0561854593722426,0.0852588450197629,-0.0852588450197629
LINK-USD_2019-01-24,LINK-USD,2019-01-24,0.5099779963493347,0.5110989809036255,0.4790799915790558,0.5042420029640198,8538515.0,0.4702604184860752,0.4069134656393489,0.4385869420627121,-0.0112437175504659,0.0847514086582078,-0.0847514086582078
LINK-USD_2019-01-25,LINK-USD,2019-01-25,0.5086899995803833,0.5185099840164185,0.4771910011768341,0.4795489907264709,8985719.0,0.4560777173514196,0.3573307062297797,0.4067042117905997,-0.0489705579709726,0.0848462616532271,-0.0848462616532271
LINK-USD_2019-01-26,LINK-USD,2019-01-26,0.4792450070381164,0.4914129972457886,0.4683780074119568,0.4721490144729614,5982204.0,0.6591781049163863,0.3974694576023008,0.5283237812593435,-0.0154311163126403,0.0828508495734081,-0.0828508495734081
LINK-USD_2019-01-27,LINK-USD,2019-01-27,0.4697690010070801,0.4697690010070801,0.4301829934120178,0.4337489902973175,10244607.0,0.6719436587811614,0.2623330114084568,0.467138335094809,-0.0813303067433236,0.0827193458781721,-0.0827193458781721
LINK-USD_2019-01-28,LINK-USD,2019-01-28,0.434139996767044,0.4346500039100647,0.3579300045967102,0.4134899973869324,13461911.0,0.4566380422305096,0.2355635196940555,0.3461007809622826,-0.0467067206231383,0.0823498723329175,-0.0823498723329175
LINK-USD_2019-01-29,LINK-USD,2019-01-29,0.413457989692688,0.4626359939575195,0.4126589894294739,0.4552350044250488,18998440.0,0.5829635643238487,0.3943178302859613,0.488640697304905,0.1009577191756168,0.0831567734335835,-0.0831567734335835
LINK-USD_2019-01-30,LINK-USD,2019-01-30,0.4534440040588379,0.4534440040588379,0.4211080074310303,0.4269289970397949,8965899.0,0.288025699085916,0.223558664896587,0.2557921819912515,-0.0621788902657072,0.0816310664261355,-0.0816310664261355
LINK-USD_2019-01-31,LINK-USD,2019-01-31,0.4294579923152923,0.440093994140625,0.3863349854946136,0.387690007686615,7507124.0,0.1244496914330444,0.121820691758143,0.1231351915955937,-0.0919098717239915,0.082462252790584,-0.082462252790584
LINK-USD_2019-02-01,LINK-USD,2019-02-01,0.387798011302948,0.4282479882240295,0.383756011724472,0.4192630052566528,5696881.0,0.3010812246067036,0.2515949055547586,0.2763380650807311,0.0814387705229675,0.0825129917347449,-0.0825129917347449
LINK-USD_2019-02-02,LINK-USD,2019-02-02,0.4181320071220398,0.4314680099487304,0.4019399881362915,0.4149270057678222,4128147.0,0.2471806029243526,0.2604024592741785,0.2537915310992655,-0.010341955847443,0.082479933736853,-0.082479933736853
LINK-USD_2019-02-03,LINK-USD,2019-02-03,0.4161370098590851,0.4162259995937347,0.3912189900875091,0.3961420059204101,3856282.0,0.2549761884103303,0.193565497125751,0.2242708427680406,-0.0452730229324324,0.0824160825400315,-0.0824160825400315
LINK-USD_2019-02-04,LINK-USD,2019-02-04,0.3972649872303009,0.4092270135879516,0.3880800008773803,0.3944520056247711,4850155.0,0.3673365806288322,0.2128327060219603,0.2900846433253963,-0.0042661476702334,0.0815682667622449,-0.0815682667622449
LINK-USD_2019-02-05,LINK-USD,2019-02-05,0.3933489918708801,0.4304400086402893,0.3904300034046173,0.4217759966850281,5865307.0,0.4654566337329178,0.3135142469773064,0.3894854403551121,0.0692707621475483,0.0819180646249077,-0.0819180646249077
LINK-USD_2019-02-06,LINK-USD,2019-02-06,0.4222419857978821,0.4222419857978821,0.3932259976863861,0.399619996547699,5378906.0,0.5572867229707721,0.2876928018868334,0.4224897624288027,-0.0525302537637641,0.0809198628198785,-0.0809198628198785
LINK-USD_2019-02-07,LINK-USD,2019-02-07,0.3997089862823486,0.4062910079956054,0.3933300077915191,0.4014739990234375,3171282.0,0.8024981249110628,0.2509316824402432,0.526714903675653,0.0046394136723766,0.0788517545047629,-0.0788517545047629
LINK-USD_2019-02-08,LINK-USD,2019-02-08,0.4019280076026916,0.4431740045547485,0.3986899852752685,0.4365189969539642,6900024.0,1.0165520266440482,0.2244434990661068,0.6204977628550775,0.0872908283370073,0.0792363638246056,-0.0792363638246056
LINK-USD_2019-02-09,LINK-USD,2019-02-09,0.438645988702774,0.4790120124816894,0.4330199956893921,0.4643340110778808,6382735.0,1.0340279610462613,0.3733711096102614,0.7036995353282613,0.06372005415116,0.0793198672475319,-0.0793198672475319
LINK-USD_2019-02-10,LINK-USD,2019-02-10,0.4648390114307403,0.4800330102443695,0.4399949908256531,0.4521859884262085,7950326.0,0.8857504134636984,0.3392666643011017,0.6125085388824001,-0.0261622503668695,0.0793444847393174,-0.0793444847393174
LINK-USD_2019-02-11,LINK-USD,2019-02-11,0.452690988779068,0.452690988779068,0.4234539866447449,0.4294509887695312,5928665.0,0.9603189378514952,0.249911872874887,0.6051154053631911,-0.0502779834815412,0.0787420242093112,-0.0787420242093112
LINK-USD_2019-02-12,LINK-USD,2019-02-12,0.4279620051383972,0.4340290129184723,0.4218589961528778,0.4253950119018554,4205375.0,0.904262117320223,0.2522225281986952,0.5782423227594591,-0.009444562880847,0.0787916119606762,-0.0787916119606762
LINK-USD_2019-02-13,LINK-USD,2019-02-13,0.4261519908905029,0.4440439939498901,0.419634997844696,0.4440439939498901,4517365.0,0.9582199197912358,0.2764983836060108,0.6173591516986233,0.0438392118531405,0.0788858851009312,-0.0788858851009312
LINK-USD_2019-02-14,LINK-USD,2019-02-14,0.4432950019836426,0.4454450011253357,0.4221979975700378,0.4283759891986847,3914369.0,1.0825683813235631,0.4128449555949798,0.7477066684592715,-0.035284802777838,0.0779593542822965,-0.0779593542822965
LINK-USD_2019-02-15,LINK-USD,2019-02-15,0.428066998720169,0.4423910081386566,0.4216969907283783,0.4329690039157867,3006564.0,1.1335669267239892,0.3909400085554895,0.7622534676397393,0.0107219238073861,0.0778786954135496,-0.0778786954135496
LINK-USD_2019-02-16,LINK-USD,2019-02-16,0.4332770109176636,0.4448379874229431,0.4332770109176636,0.4405109882354736,2715140.0,1.1661953928967983,0.3815921266678355,0.7738937597823169,0.0174192245899289,0.0778617838611509,-0.0778617838611509
LINK-USD_2019-02-17,LINK-USD,2019-02-17,0.4398790001869201,0.4729390144348144,0.4301120042800903,0.4574989974498749,6623800.0,1.2114006898491003,0.4064601748830936,0.808930432366097,0.0385643256765264,0.0779170649714385,-0.0779170649714385
LINK-USD_2019-02-18,LINK-USD,2019-02-18,0.4606179893016815,0.4826210141181946,0.4546020030975342,0.4743329882621765,6753508.0,1.0320835050305837,0.396583996995532,0.7143337510130578,0.0367956889657359,0.0766237363049151,-0.0766237363049151
LINK-USD_2019-02-19,LINK-USD,2019-02-19,0.4731869995594024,0.4792990088462829,0.4581559896469116,0.4581559896469116,6259916.0,0.6954612238379771,0.2767517880812302,0.4861065059596037,-0.0341047302540202,0.0746107252017809,-0.0746107252017809
LINK-USD_2019-02-20,LINK-USD,2019-02-20,0.4582200050354004,0.4741309881210327,0.4491280019283294,0.4661099910736084,6379429.0,0.5728573264618622,0.2364709884546123,0.4046641574582372,0.0173609024141028,0.0738076079161509,-0.0738076079161509
LINK-USD_2019-02-21,LINK-USD,2019-02-21,0.4661009907722473,0.4758340120315552,0.4424419999122619,0.4454630017280578,6437539.0,0.3159677654650834,0.1818721790968398,0.2489199722809616,-0.0442963887085827,0.0721301644732553,-0.0721301644732553
LINK-USD_2019-02-22,LINK-USD,2019-02-22,0.4446800053119659,0.4594430029392242,0.4426130056381225,0.4520289897918701,4048573.0,0.5144211510481629,0.2487781712611125,0.3815996611546377,0.0147396933939323,0.070334778783897,-0.070334778783897
LINK-USD_2019-02-23,LINK-USD,2019-02-23,0.4515169858932495,0.4628669917583465,0.4449929893016815,0.4618889987468719,4318600.0,0.4837137707243248,0.2457695189948139,0.3647416448595694,0.021812780104085,0.0702201536689629,-0.0702201536689629
LINK-USD_2019-02-24,LINK-USD,2019-02-24,0.4631820023059845,0.4648639857769012,0.4048100113868713,0.410640001296997,6649844.0,0.3108557984529974,0.1044914901810272,0.2076736443170123,-0.1109552242831416,0.0718179022170677,-0.0718179022170677
LINK-USD_2019-02-25,LINK-USD,2019-02-25,0.4089559912681579,0.4706380069255829,0.4071750044822693,0.4706380069255829,7817871.0,0.5282837166657928,0.2054320039631501,0.3668578603144714,0.146108526785222,0.0738595470073943,-0.0738595470073943
LINK-USD_2019-02-26,LINK-USD,2019-02-26,0.4727639853954315,0.4757030010223388,0.4359200000762939,0.4374319911003113,6553450.0,0.3770359381883876,-0.0010299521912432,0.1880029929985722,-0.0705553213651147,0.0744818251771962,-0.0744818251771962
LINK-USD_2019-02-27,LINK-USD,2019-02-27,0.4385110139846802,0.4478490054607391,0.4226320087909698,0.4314790070056915,3696949.0,0.4028050999668338,0.0470884996054441,0.2249467997861389,-0.0136089362820623,0.0743619680295171,-0.0743619680295171
LINK-USD_2019-02-28,LINK-USD,2019-02-28,0.4311670064926147,0.4452280104160309,0.422652006149292,0.4274210035800934,3941979.0,0.5532922634573232,-0.0235800557971019,0.2648561038301106,-0.0094048687414926,0.0729720180364735,-0.0729720180364735
LINK-USD_2019-03-01,LINK-USD,2019-03-01,0.4272100031375885,0.4422630071640014,0.4236190021038055,0.431784987449646,3667815.0,0.4471024490962691,-0.000782226209447,0.223160111443411,0.0102100360838603,0.072341026730522,-0.072341026730522
LINK-USD_2019-03-02,LINK-USD,2019-03-02,0.4310730099678039,0.4380030035972595,0.4230160117149353,0.4277870059013366,2339649.0,0.4260992915974977,-0.0373050133792683,0.1943971391091146,-0.0092591953507313,0.072374172440579,-0.072374172440579
LINK-USD_2019-03-03,LINK-USD,2019-03-03,0.4268639981746673,0.4329580068588257,0.4224919974803924,0.4241690039634704,1849996.0,0.4203212998248842,-0.0369600558414645,0.1916806219917098,-0.0084574844208817,0.0723872238280442,-0.0723872238280442
LINK-USD_2019-03-04,LINK-USD,2019-03-04,0.4227969944477081,0.4274739921092987,0.40072101354599,0.4078109860420227,3710145.0,0.4089460714535402,-0.0247209711775996,0.1921125501379703,-0.0385648592155415,0.0724609852604912,-0.0724609852604912
LINK-USD_2019-03-05,LINK-USD,2019-03-05,0.4079850018024444,0.4329969882965088,0.4067670106887817,0.4329969882965088,6561919.0,0.4463558005276937,-0.0386603756755989,0.2038477124260473,0.0617590087479664,0.0727043894906771,-0.0727043894906771
LINK-USD_2019-03-06,LINK-USD,2019-03-06,0.4328339993953705,0.4401710033416748,0.4240480065345764,0.4318209886550903,4082793.0,0.3644106859301506,-0.1466729893925908,0.1088688482687798,-0.0027159533973784,0.072446856663949,-0.072446856663949
LINK-USD_2019-03-07,LINK-USD,2019-03-07,0.433012992143631,0.477539986371994,0.4302429854869842,0.4558320045471191,7330127.0,0.2455310849711522,-0.1132052499009145,0.0661629175351188,0.0556040964261863,0.0701825259966857,-0.0701825259966857
LINK-USD_2019-03-08,LINK-USD,2019-03-08,0.4560379981994629,0.5139610171318054,0.4560379981994629,0.4662019908428192,14303158.0,0.0663967170851445,-0.0690539286779116,-0.0013286057963835,0.022749579213954,0.0659400173805451,-0.0659400173805451
LINK-USD_2019-03-09,LINK-USD,2019-03-09,0.4656380116939544,0.4834780097007751,0.457612007856369,0.4774560034275055,7457248.0,0.2058553449131066,-0.1207573353436038,0.0425490047847513,0.0241397780484395,0.0647971926773439,-0.0647971926773439
LINK-USD_2019-03-10,LINK-USD,2019-03-10,0.4777530133724212,0.5461490154266357,0.4716799855232239,0.5017679929733276,14548536.0,0.2638673957667505,-0.0044207127778467,0.1297233414944519,0.0509198530781769,0.0650542949469293,-0.0650542949469293
LINK-USD_2019-03-11,LINK-USD,2019-03-11,0.5023030042648315,0.5148569941520691,0.4627619981765747,0.4674899876117706,11191637.0,0.2417590490336294,-0.0288303699287335,0.1064643395524479,-0.0683144517816607,0.0653235998099708,-0.0653235998099708
LINK-USD_2019-03-12,LINK-USD,2019-03-12,0.4689890146255493,0.5066710114479065,0.461122989654541,0.4885520040988922,9177232.0,0.1517074626223933,0.0091651766993323,0.0804363196608628,0.0450534065867795,0.063666493406353,-0.063666493406353
LINK-USD_2019-03-13,LINK-USD,2019-03-13,0.4884980022907257,0.4894919991493225,0.4736050069332123,0.4845100045204162,6203981.0,0.2058336465208299,0.0049135345621609,0.1053735905414954,-0.0082734274848207,0.0632699507340561,-0.0632699507340561
LINK-USD_2019-03-14,LINK-USD,2019-03-14,0.4844720065593719,0.4984570145606994,0.4802150130271911,0.4910970032215118,10961574.0,0.3849166821867833,-0.0138099679608313,0.185553357112976,0.0135951758263808,0.0613064494749518,-0.0613064494749518
LINK-USD_2019-03-15,LINK-USD,2019-03-15,0.4905929863452911,0.4970470070838928,0.4876619875431061,0.4900870025157928,3912307.0,0.1033199451124091,-0.0048530129225274,0.0492334660949408,-0.0020566216024401,0.0526267916176935,-0.0526267916176935
LINK-USD_2019-03-16,LINK-USD,2019-03-16,0.4901230037212372,0.4959059953689575,0.4774909913539886,0.485599011182785,7199555.0,0.1779407838562388,-0.0682039415421746,0.054868421157032,-0.00915754000814,0.0517743609884801,-0.0517743609884801
LINK-USD_2019-03-17,LINK-USD,2019-03-17,0.4856419861316681,0.4880459904670715,0.4773229956626892,0.4836849868297577,7196927.0,0.0887405626082804,-0.0509206548141796,0.0189099538970504,-0.0039415738272721,0.0509129842949198,-0.0509129842949198
LINK-USD_2019-03-18,LINK-USD,2019-03-18,0.4842300117015838,0.4864470064640045,0.4719519913196563,0.4807139933109283,3415764.0,-0.010184066133838,-0.1458513376119973,-0.0780177018729176,-0.0061424141739488,0.049583568035763,-0.049583568035763
LINK-USD_2019-03-19,LINK-USD,2019-03-19,0.4806550145149231,0.4854680001735687,0.4744789898395538,0.4853909909725189,2894766.0,-0.0643877091927146,-0.1651944781423392,-0.1147910936675269,0.0097292729703533,0.0488473011277698,-0.0488473011277698
LINK-USD_2019-03-20,LINK-USD,2019-03-20,0.4851340055465698,0.4937970042228699,0.4787769913673401,0.4860860109329223,3511170.0,-0.0226951695783272,-0.1127274982374599,-0.0677113339078936,0.0014318765146648,0.0485590091272784,-0.0485590091272784
LINK-USD_2019-03-21,LINK-USD,2019-03-21,0.4857999980449676,0.4867370128631592,0.4496240019798279,0.4610610008239746,4652789.0,-0.0454460559579933,-0.1487575676008193,-0.0971018117794063,-0.0514826790857823,0.0488643139402755,-0.0488643139402755
LINK-USD_2019-03-22,LINK-USD,2019-03-22,0.4604789912700653,0.4691469967365265,0.4529500007629394,0.4664460122585296,3835633.0,-0.0684717415025958,-0.0905605540449879,-0.0795161477737919,0.0116796073077776,0.0486661929481688,-0.0486661929481688
LINK-USD_2019-03-23,LINK-USD,2019-03-23,0.4662280082702636,0.4679810106754303,0.4591419994831085,0.4630840122699737,2494600.0,-0.0577573326827965,-0.0454237843322301,-0.0515905585075133,-0.0072076937098831,0.0486176312799303,-0.0486176312799303
LINK-USD_2019-03-24,LINK-USD,2019-03-24,0.4631839990615845,0.4637539982795715,0.4529620110988617,0.4564050137996673,3100039.0,-0.0687949548696297,-0.1293934774368086,-0.0990942161532191,-0.0144228655996281,0.0486513337324734,-0.0486513337324734
LINK-USD_2019-03-25,LINK-USD,2019-03-25,0.4571549892425537,0.4889479875564575,0.45032998919487,0.4763950109481811,8467627.0,-0.0536677649572833,0.1582946888838616,0.0523134619632891,0.0437988114593503,0.0488462017805549,-0.0488462017805549
LINK-USD_2019-03-26,LINK-USD,2019-03-26,0.4752010107040405,0.4820129871368408,0.4537180066108703,0.4636009931564331,6231819.0,-0.1420119119938111,0.3563000698993954,0.1071440789527921,-0.0268559021352547,0.0480539529104957,-0.0480539529104957
LINK-USD_2019-03-27,LINK-USD,2019-03-27,0.4641169905662536,0.5036659836769104,0.4614590108394623,0.4998709857463836,6237410.0,-0.0198147423941483,0.3601672109507616,0.1701762342783066,0.0782353643011111,0.0485592818698828,-0.0485592818698828
LINK-USD_2019-03-28,LINK-USD,2019-03-28,0.5000180006027222,0.5158969759941101,0.4921950101852417,0.5034589767456055,6329645.0,-0.0015528778122638,0.4679772837039584,0.2332122029458472,0.0071778340842576,0.0485408501235505,-0.0485408501235505
LINK-USD_2019-03-29,LINK-USD,2019-03-29,0.5034589767456055,0.5043249726295471,0.4909400045871734,0.4995020031929016,4239835.0,0.0416078708375631,0.5166620109444311,0.2791349408909971,-0.0078595749315704,0.0481311387415396,-0.0481311387415396
LINK-USD_2019-03-30,LINK-USD,2019-03-30,0.4989739954471588,0.5179150104522705,0.4840919971466064,0.4942780137062073,3395827.0,0.0468686761063081,0.7369415861183906,0.3919051311123493,-0.01045839546849,0.0481065335452638,-0.0481065335452638
LINK-USD_2019-03-31,LINK-USD,2019-03-31,0.4942780137062073,0.5356400012969971,0.4880880117416382,0.5076130032539368,9259723.0,0.1702920689359726,0.9566624035793851,0.5634772362576789,0.0269787228603206,0.0470085209698119,-0.0470085209698119
LINK-USD_2019-04-01,LINK-USD,2019-04-01,0.5088220238685608,0.5590100288391113,0.5027009844779968,0.5561379790306091,11605651.0,0.3449853262355722,0.9591567924365472,0.6520710593360597,0.0955944301379478,0.0479625802467755,-0.0479625802467755
LINK-USD_2019-04-02,LINK-USD,2019-04-02,0.5557600259780884,0.6001430153846741,0.5384380221366882,0.5842790007591248,16414974.0,0.2834667700851685,1.031681133065236,0.6575739515752023,0.0506007911518064,0.0467561800412699,-0.0467561800412699
LINK-USD_2019-04-03,LINK-USD,2019-04-03,0.5836020112037659,0.6053500175476074,0.5471100211143494,0.5654529929161072,13494096.0,0.3244661216192821,0.7059464022142878,0.515206261916785,-0.032220921543574,0.0462107279697169,-0.0462107279697169
LINK-USD_2019-04-04,LINK-USD,2019-04-04,0.5644710063934326,0.5837609767913818,0.5249320268630981,0.5422400236129761,11153064.0,0.3986432790686984,0.5727040035736994,0.4856736413211989,-0.0410519876876398,0.0449072537545055,-0.0449072537545055
LINK-USD_2019-04-05,LINK-USD,2019-04-05,0.5419690012931824,0.5810189843177795,0.5417190194129944,0.5774679780006409,7928035.0,0.3773406447991818,0.7920320528359062,0.584686348817544,0.0649674551003058,0.0445090293579883,-0.0445090293579883
LINK-USD_2019-04-06,LINK-USD,2019-04-06,0.5775930285453796,0.5864390134811401,0.5628899931907654,0.570110023021698,7641845.0,0.3740007642228775,0.7136271015420095,0.5438139328824435,-0.0127417541045621,0.0445243142277198,-0.0445243142277198
LINK-USD_2019-04-07,LINK-USD,2019-04-07,0.5696349740028381,0.5879250168800354,0.5687810182571411,0.577118992805481,6038857.0,0.4568487668066976,0.8283105124573595,0.6425796396320286,0.012294065181724,0.044042808132345,-0.044042808132345
LINK-USD_2019-04-08,LINK-USD,2019-04-08,0.5775370001792908,0.588703989982605,0.5454130172729492,0.5688989758491516,9889748.0,0.4422514469106946,0.9720431618258552,0.7071473043682749,-0.0142431925803903,0.0441016216726214,-0.0441016216726214
LINK-USD_2019-04-09,LINK-USD,2019-04-09,0.5688989758491516,0.5688989758491516,0.5254189968109131,0.5346800088882446,7970929.0,0.2676871445757747,0.8577405355165093,0.562713840046142,-0.0601494613517821,0.0441577215797762,-0.0441577215797762
LINK-USD_2019-04-10,LINK-USD,2019-04-10,0.5344430208206177,0.5386899709701538,0.517877995967865,0.5202569961547852,8226906.0,0.3018792869457594,1.027399328471287,0.6646393077085232,-0.026975036458627,0.0437387247116857,-0.0437387247116857
LINK-USD_2019-04-11,LINK-USD,2019-04-11,0.5209770202636719,0.5220580101013184,0.4606939852237701,0.4861229956150055,7966598.0,0.2108455262295236,1.1825467905856657,0.6966961584075947,-0.0656098827926654,0.0446375346364903,-0.0446375346364903
LINK-USD_2019-04-12,LINK-USD,2019-04-12,0.4853950142860412,0.5154510140419006,0.4605430066585541,0.4953500032424927,6616811.0,0.1347730721894169,1.2883289385046617,0.7115510053470392,0.0189808087885534,0.0433942837703193,-0.0433942837703193
LINK-USD_2019-04-13,LINK-USD,2019-04-13,0.4953329861164093,0.5416240096092224,0.4947920143604278,0.5392079949378967,7063057.0,0.161250268284693,1.362015515463538,0.7616328918741155,0.0885393992294654,0.0440626258198584,-0.0440626258198584
LINK-USD_2019-04-14,LINK-USD,2019-04-14,0.5393159985542297,0.5468239784240723,0.5120530128479004,0.5287399888038635,5680703.0,0.1692975950981898,1.2050034234185198,0.6871505092583549,-0.0194136701093218,0.0439979520941972,-0.0439979520941972
LINK-USD_2019-04-15,LINK-USD,2019-04-15,0.5287399888038635,0.5287399888038635,0.4852670133113861,0.4922139942646026,6369018.0,0.1461470741397075,1.2468138149991503,0.6964804445694289,-0.0690812030727834,0.0444297967204066,-0.0444297967204066
LINK-USD_2019-04-16,LINK-USD,2019-04-16,0.4919019937515259,0.5156199932098389,0.4918229877948761,0.5030540227890015,4307086.0,0.1825574083249077,1.2518992742295043,0.717228341277206,0.0220229994488363,0.0444630388202813,-0.0444630388202813
LINK-USD_2019-04-17,LINK-USD,2019-04-17,0.5030320286750793,0.5073840022087097,0.4920980036258697,0.5002589821815491,4224360.0,0.1265977898532342,1.206126233683384,0.6663620117683091,-0.0055561440339076,0.0441771178025721,-0.0441771178025721
LINK-USD_2019-04-18,LINK-USD,2019-04-18,0.4998399913311004,0.5243620276451111,0.4998399913311004,0.5243620276451111,4816738.0,0.2240696044285226,1.549208654722083,0.8866391295753028,0.0481811348163154,0.0442666768194334,-0.0442666768194334
LINK-USD_2019-04-19,LINK-USD,2019-04-19,0.5239199995994568,0.5382360219955444,0.5107280015945435,0.514270007610321,5918321.0,0.1877755750625223,1.534198683323965,0.8609871291932436,-0.0192462831073273,0.0443560481296844,-0.0443560481296844
LINK-USD_2019-04-20,LINK-USD,2019-04-20,0.5144670009613037,0.5319259762763977,0.5083510279655457,0.5156610012054443,4637764.0,0.1705973630101585,1.5357426146897462,0.8531699888499523,0.0027047923747038,0.0443213319592449,-0.0443213319592449
LINK-USD_2019-04-21,LINK-USD,2019-04-21,0.5155289769172668,0.5163459777832031,0.481099009513855,0.4994980096817016,5015660.0,0.0918013208027375,1.414410194001332,0.7531057574020348,-0.0313442193339403,0.0443033814417945,-0.0443033814417945
LINK-USD_2019-04-22,LINK-USD,2019-04-22,0.4993489980697632,0.5183629989624023,0.489450991153717,0.4966639876365661,5966146.0,0.0470787398873608,1.1277514357933152,0.587415087840338,-0.0056737404157855,0.044093409340919,-0.044093409340919
LINK-USD_2019-04-23,LINK-USD,2019-04-23,0.4956659972667694,0.5035009980201721,0.4814830124378204,0.4814830124378204,6260080.0,0.0509150230882853,0.7817856711949804,0.4163503471416329,-0.0305658867496839,0.0440493243615586,-0.0440493243615586
LINK-USD_2019-04-24,LINK-USD,2019-04-24,0.4814830124378204,0.4814830124378204,0.4466690123081207,0.478312999010086,7281840.0,0.0261805328574269,0.6140355693773416,0.3201080511173843,-0.006583853107681,0.044015584949229,-0.044015584949229
LINK-USD_2019-04-25,LINK-USD,2019-04-25,0.4782789945602417,0.5001350045204163,0.4407539963722229,0.4455060064792633,6760468.0,9.65394455625379e-05,0.3160948082635397,0.1580956738545511,-0.0685889628730974,0.0445253879197755,-0.0445253879197755
LINK-USD_2019-04-26,LINK-USD,2019-04-26,0.4455249905586242,0.4571160078048706,0.425929993391037,0.436926007270813,5505480.0,-0.033411535238063,0.463822015394649,0.215205240078293,-0.0192589978219511,0.0445617783454369,-0.0445617783454369
LINK-USD_2019-04-27,LINK-USD,2019-04-27,0.437169998884201,0.4590379893779754,0.4339990019798279,0.4415709972381592,3901156.0,-0.0439889271314892,0.4184467937799454,0.187228933324228,0.0106310677095198,0.0444974455813289,-0.0444974455813289
LINK-USD_2019-04-28,LINK-USD,2019-04-28,0.4415220022201538,0.4574030041694641,0.4402250051498413,0.4482179880142212,4170835.0,0.0915107797548582,0.4308132347156084,0.2611620072352333,0.0150530510781643,0.0421904571064205,-0.0421904571064205
LINK-USD_2019-04-29,LINK-USD,2019-04-29,0.4487389922142029,0.451101005077362,0.428721010684967,0.4335010051727295,5230685.0,-0.0789077830654791,0.4076902366886241,0.1643912268115724,-0.0328344315378631,0.0381823344497415,-0.0381823344497415
LINK-USD_2019-04-30,LINK-USD,2019-04-30,0.4338530004024505,0.4736250042915344,0.4329540133476257,0.4731700122356415,6117527.0,0.0816996055671082,0.4895392311901116,0.2856194183786099,0.091508454627702,0.0388462014650183,-0.0388462014650183
LINK-USD_2019-05-01,LINK-USD,2019-05-01,0.4735589921474457,0.4894259870052337,0.4672879874706268,0.4760249853134155,4255127.0,0.1032401984440842,0.5476309768657832,0.3254355876549337,0.0060337151635727,0.0387978512590666,-0.0387978512590666
LINK-USD_2019-05-02,LINK-USD,2019-05-02,0.47605100274086,0.4771870076656341,0.4625659883022308,0.4634209871292114,3212373.0,0.0842260517091599,0.684119937958718,0.3841729948339389,-0.0264775979687402,0.0389402402055807,-0.0389402402055807
LINK-USD_2019-05-03,LINK-USD,2019-05-03,0.4634720087051391,0.5218380093574524,0.4607309997081756,0.5121650099754333,6755514.0,0.1861575202059593,0.7164914525040011,0.4513244863549802,0.1051830283910535,0.0410438793847691,-0.0410438793847691
LINK-USD_2019-05-04,LINK-USD,2019-05-04,0.5121650099754333,0.5147799849510193,0.4813480079174042,0.4949949979782104,4501322.0,0.1571062027357941,0.6501483360245868,0.4036272693801904,-0.0335243752751609,0.0412790066219528,-0.0412790066219528
LINK-USD_2019-05-05,LINK-USD,2019-05-05,0.4951399862766266,0.520907998085022,0.4914700090885162,0.5069789886474609,4844367.0,0.1952287505928229,0.6976088526300708,0.4464188016114468,0.0242103268077429,0.0413360595694819,-0.0413360595694819
LINK-USD_2019-05-06,LINK-USD,2019-05-06,0.5064079761505127,0.5841500163078308,0.4920719861984253,0.5781199932098389,11999352.0,0.4176175066315324,0.9973466167922604,0.7074820617118964,0.1403233785924162,0.0444178257607703,-0.0444178257607703
LINK-USD_2019-05-07,LINK-USD,2019-05-07,0.5787879824638367,0.6120120286941528,0.5447239875793457,0.5447239875793457,16169094.0,0.2580318161620287,0.8195616145543398,0.5387967153581843,-0.0577665640744783,0.0445719639516533,-0.0445719639516533
LINK-USD_2019-05-08,LINK-USD,2019-05-08,0.5441759824752808,0.6116420030593872,0.5253720283508301,0.5915369987487793,9757958.0,0.369866250807136,0.869060150896328,0.619463200851732,0.0859389566768706,0.0457217653211738,-0.0457217653211738
LINK-USD_2019-05-09,LINK-USD,2019-05-09,0.5915369987487793,0.6971560120582581,0.5888239741325378,0.6398490071296692,23088642.0,0.4036947839267577,0.7483454871926418,0.5760201355596998,0.0816719976655384,0.0462921999687797,-0.0462921999687797
LINK-USD_2019-05-10,LINK-USD,2019-05-10,0.6394720077514648,0.7233330011367798,0.6390209794044495,0.671459972858429,17084493.0,0.4402769315603647,0.5359065915094383,0.4880917615349015,0.0494037896074341,0.046564791513883,-0.046564791513883
LINK-USD_2019-05-11,LINK-USD,2019-05-11,0.6715430021286011,0.7312359809875488,0.6546609997749329,0.6788229942321777,17115294.0,0.4217498352918851,0.714424638016049,0.5680872366539671,0.010965689201702,0.0465154458718762,-0.0465154458718762
LINK-USD_2019-05-12,LINK-USD,2019-05-12,0.6804900169372559,0.6975529789924622,0.6329519748687744,0.6579899787902832,11180413.0,0.3113430669246768,0.6573637469508751,0.4843534069377759,-0.0306899082955475,0.0463986401768353,-0.0463986401768353
LINK-USD_2019-05-13,LINK-USD,2019-05-13,0.6579899787902832,0.6846579909324646,0.6413440108299255,0.6466969847679138,10869526.0,0.3833386851163252,0.7177733301214793,0.5505560076189022,-0.0171628662842732,0.0455282757299857,-0.0455282757299857
LINK-USD_2019-05-14,LINK-USD,2019-05-14,0.6467990279197693,0.9230870008468628,0.637336015701294,0.8230819702148438,42446071.0,0.6847376805525012,0.9403249592534576,0.8125313199029793,0.2727474993721068,0.0564043392882621,-0.0564043392882621
LINK-USD_2019-05-15,LINK-USD,2019-05-15,0.8251010179519653,0.8772510290145874,0.7866449952125549,0.8455740213394165,20109177.0,0.7452147808101366,1.104438703106338,0.9248267419582372,0.0273266235180704,0.0563989762554987,-0.0563989762554987
LINK-USD_2019-05-16,LINK-USD,2019-05-16,0.8445180058479309,0.9361000061035156,0.7736830115318298,0.9261249899864196,33573495.0,0.8858290397033561,1.6117160968374598,1.2487725682704078,0.0952618772741005,0.0574046599634534,-0.0574046599634534
LINK-USD_2019-05-17,LINK-USD,2019-05-17,0.9264559745788574,0.9787600040435792,0.815716028213501,0.8877310156822205,39447831.0,0.8113743297112104,0.9985254260349996,0.904949877873105,-0.0414565795322746,0.0577696602091568,-0.0577696602091568
LINK-USD_2019-05-18,LINK-USD,2019-05-18,0.8877310156822205,0.9575899839401244,0.8612040281295776,0.934153974056244,20589987.0,0.9237147369408828,1.2660220451479414,1.094868391044412,0.0522939466504361,0.0579422359941618,-0.0579422359941618
LINK-USD_2019-05-19,LINK-USD,2019-05-19,0.9356650114059448,1.0422309637069702,0.9294300079345704,0.994350016117096,39610667.0,1.055780194118526,1.2382112851435636,1.1469957396310448,0.064439100761378,0.0582786271072267,-0.0582786271072267
LINK-USD_2019-05-20,LINK-USD,2019-05-20,0.993930995464325,1.1289379596710205,0.953603982925415,1.1289379596710205,28566429.0,1.348460779964892,1.324543900069005,1.3365023400169485,0.1353526840372427,0.0602204963221391,-0.0602204963221391
LINK-USD_2019-05-21,LINK-USD,2019-05-21,1.1175780296325684,1.2314889430999756,1.066364049911499,1.1859229803085327,98438799.0,1.4432323680594958,1.2859182328546537,1.3645753004570746,0.050476662733635,0.060378164053156,-0.060378164053156
LINK-USD_2019-05-22,LINK-USD,2019-05-22,1.1839449405670166,1.466101050376892,1.1554549932479858,1.2200440168380735,118738675.0,1.5099344342300651,1.4529710466147303,1.4814527404223978,0.0287717137589018,0.0603703080955987,-0.0603703080955987
LINK-USD_2019-05-23,LINK-USD,2019-05-23,1.2229230403900146,1.3632559776306152,1.165343999862671,1.3449909687042236,62796580.0,1.9171649007410163,1.784591261423246,1.8508780810821317,0.1024118393613116,0.060692160474418,-0.060692160474418
LINK-USD_2019-05-24,LINK-USD,2019-05-24,1.3443280458450315,1.423656940460205,1.2394150495529177,1.336959958076477,52112753.0,1.8662694565720963,1.670010995264906,1.7681402259185013,-0.0059710517130711,0.0607664285651126,-0.0607664285651126
LINK-USD_2019-05-25,LINK-USD,2019-05-25,1.336959958076477,1.3394980430603027,1.113306999206543,1.1293120384216309,52065174.0,1.4386763708077497,1.2978249283533314,1.3682506495805404,-0.1553134919265609,0.0645277619010827,-0.0645277619010827
LINK-USD_2019-05-26,LINK-USD,2019-05-26,1.1270949840545654,1.1826410293579102,1.0395970344543457,1.0870649814605713,43379101.0,1.381798947409731,1.2179431963141467,1.2998710718619388,-0.0374095515886873,0.0647682847677652,-0.0647682847677652
LINK-USD_2019-05-27,LINK-USD,2019-05-27,1.0874840021133425,1.266767978668213,1.0874840021133425,1.2110110521316528,58681258.0,1.54203134856796,1.4056062076389688,1.4738187781034644,0.1140190078651495,0.065852313760887,-0.065852313760887
LINK-USD_2019-05-28,LINK-USD,2019-05-28,1.2115720510482788,1.3341410160064695,1.152737021446228,1.2753889560699463,55908377.0,1.7510488003626672,1.360367100234884,1.5557079502987756,0.0531604594565622,0.0657652678243024,-0.0657652678243024
LINK-USD_2019-05-29,LINK-USD,2019-05-29,1.2750259637832642,1.2750259637832642,1.1552820205688477,1.1827880144119265,41812375.0,1.3661865724129671,1.319301195024111,1.342743883718539,-0.0726060400768762,0.0662890200844005,-0.0662890200844005
LINK-USD_2019-05-30,LINK-USD,2019-05-30,1.1843819618225098,1.221426010131836,0.9713699817657472,1.0247509479522705,71072187.0,1.0354209484481405,1.0322601884186784,1.033840568433409,-0.1336140242664116,0.0689070189117179,-0.0689070189117179
LINK-USD_2019-05-31,LINK-USD,2019-05-31,1.0247509479522705,1.052425980567932,0.9629330039024352,1.0215200185775757,48729261.0,1.0450769207087185,1.130168217078448,1.0876225688935832,-0.0031528923014426,0.0688859288678061,-0.0688859288678061
LINK-USD_2019-06-01,LINK-USD,2019-06-01,1.022325038909912,1.0524410009384155,0.9644119739532472,0.9651319980621338,29166848.0,0.9526096069403488,1.044125834170102,0.9983677205552256,-0.0552001130569715,0.0693676611093998,-0.0693676611093998
LINK-USD_2019-06-02,LINK-USD,2019-06-02,0.9651319980621338,1.0441440343856812,0.9481509923934937,1.012434005737305,23376401.0,0.9944997453716292,1.3341472335032345,1.164323489437432,0.0490109205478086,0.0694948906476576,-0.0694948906476576
LINK-USD_2019-06-03,LINK-USD,2019-06-03,1.012714982032776,1.012714982032776,0.903734028339386,0.9109690189361572,19415847.0,0.6380269884175966,1.2031222633995131,0.920574625908555,-0.1002188648604862,0.0701313680568431,-0.0701313680568431
LINK-USD_2019-06-04,LINK-USD,2019-06-04,0.9084290266036988,0.9316250085830688,0.8574050068855286,0.8832499980926514,25054880.0,0.5116921829213243,0.9402066833770296,0.725949433149177,-0.0304280609629036,0.0701215552381769,-0.0701215552381769
LINK-USD_2019-06-05,LINK-USD,2019-06-05,0.8832499980926514,1.0771180391311646,0.8832499980926514,1.0771180391311646,62912027.0,0.904876360413871,1.5229442052416131,1.2139102828277422,0.219493961457305,0.0747577542085346,-0.0747577542085346
LINK-USD_2019-06-06,LINK-USD,2019-06-06,1.0777180194854736,1.2388319969177246,1.063858985900879,1.1196329593658447,74387222.0,1.064829062055705,1.887959290069936,1.4763941760628203,0.0394709945336855,0.0745081794374899,-0.0745081794374899
LINK-USD_2019-06-07,LINK-USD,2019-06-07,1.1107829809188845,1.239385962486267,1.0791590213775637,1.1776130199432373,50396874.0,1.0392698206755466,1.8087692097287689,1.4240195152021575,0.0517848819047201,0.0743816815457922,-0.0743816815457922
LINK-USD_2019-06-08,LINK-USD,2019-06-08,1.177579045295715,1.1994179487228394,1.1351070404052734,1.1526199579238892,18457927.0,1.0217500331160134,1.7778860905690306,1.399818061842522,-0.0212234932835175,0.0744384843289869,-0.0744384843289869
LINK-USD_2019-06-09,LINK-USD,2019-06-09,1.1529710292816162,1.155079960823059,1.0368729829788208,1.0732530355453491,20498196.0,0.8596737396010308,1.7092633942005615,1.284468566900796,-0.068857841505275,0.0751643912554968,-0.0751643912554968
LINK-USD_2019-06-10,LINK-USD,2019-06-10,1.0726439952850342,1.1942479610443115,1.0552129745483398,1.191715955734253,25489176.0,1.0947760609965425,2.021193804926149,1.5579849329613458,0.1103774378133573,0.0760819010123093,-0.0760819010123093
LINK-USD_2019-06-11,LINK-USD,2019-06-11,1.194200038909912,1.194200038909912,1.1037030220031738,1.1383049488067627,25861024.0,1.1289461544927215,1.6988376715444544,1.413891913018588,-0.0448185716323501,0.075863369667918,-0.075863369667918
LINK-USD_2019-06-12,LINK-USD,2019-06-12,1.1392799615859983,1.1636079549789429,1.1094449758529663,1.1427589654922483,27563661.0,1.196527819785932,1.8596140717794327,1.5280709457826824,0.0039128501463114,0.0756887762767624,-0.0756887762767624
LINK-USD_2019-06-13,LINK-USD,2019-06-13,1.1431299448013306,1.9456069469451904,1.1251959800720217,1.8479199409484863,318719301.0,2.80134237141084,3.6028384040895443,3.202090387750192,0.6170688629447654,0.1065142424243105,-0.1065142424243105
LINK-USD_2019-06-14,LINK-USD,2019-06-14,1.8463720083236688,1.880627989768982,1.4687939882278442,1.676558017730713,344143609.0,2.3845927258629165,2.8407446856374152,2.612668705750166,-0.0927323307793399,0.1075595367815863,-0.1075595367815863
LINK-USD_2019-06-15,LINK-USD,2019-06-15,1.6771399974822998,1.787727952003479,1.627066969871521,1.7213029861450195,149453818.0,2.192280163322264,2.707036196097883,2.4496581797100734,0.0266885893247348,0.1072458522003574,-0.1072458522003574
LINK-USD_2019-06-16,LINK-USD,2019-06-16,1.7218639850616455,1.7812620401382446,1.6166319847106934,1.6734319925308228,119199289.0,2.164943125101104,2.700760384803271,2.4328517549521878,-0.0278109048781745,0.1073050613176536,-0.1073050613176536
LINK-USD_2019-06-17,LINK-USD,2019-06-17,1.674707055091858,2.028960943222046,1.6738760471343994,1.9716349840164185,158900877.0,3.0056459324407463,3.591059365506583,3.2983526489736645,0.1781984525314393,0.1083915047418133,-0.1083915047418133
LINK-USD_2019-06-18,LINK-USD,2019-06-18,1.9663200378417969,2.024410963058472,1.7705140113830566,1.8185369968414309,117480216.0,2.6149934489326,3.274937284081255,2.9449653665069278,-0.0776502691502823,0.1091919195169841,-0.1091919195169841
LINK-USD_2019-06-19,LINK-USD,2019-06-19,1.8168179988861084,1.9018629789352417,1.7990219593048096,1.838441014289856,38209064.0,2.6749785206708534,3.140222679145891,2.9076005999083723,0.0109450714959309,0.1091358502457151,-0.1091358502457151
LINK-USD_2019-06-20,LINK-USD,2019-06-20,1.8370720148086548,1.8831499814987185,1.69412100315094,1.765550971031189,40500786.0,2.367045815579377,3.1214984395689607,2.7442721275741686,-0.0396477464830834,0.109406268867582,-0.109406268867582
LINK-USD_2019-06-21,LINK-USD,2019-06-21,1.7677370309829712,1.7885090112686155,1.6208750009536743,1.7028709650039673,56871937.0,2.31123911525925,2.933008944296574,2.622124029777912,-0.0355016689156318,0.109530030954028,-0.109530030954028
LINK-USD_2019-06-22,LINK-USD,2019-06-22,1.6924899816513062,1.9291950464248653,1.6924899816513062,1.838552951812744,65320899.0,2.5654295118591808,3.173682384580954,2.8695559482200674,0.0796783723471734,0.1097158779058137,-0.1097158779058137
LINK-USD_2019-06-23,LINK-USD,2019-06-23,1.8380149602890008,1.8962210416793823,1.7612179517745972,1.8013750314712524,47203299.0,2.6063707893834342,2.937440391153244,2.7719055902683394,-0.0202212943091116,0.1096320221722579,-0.1096320221722579
LINK-USD_2019-06-24,LINK-USD,2019-06-24,1.8013750314712524,1.880836009979248,1.7926310300827026,1.860334038734436,30278025.0,2.7456592083252382,2.92200012390068,2.833829666112959,0.0327300013784632,0.1095622470645558,-0.1095622470645558
LINK-USD_2019-06-25,LINK-USD,2019-06-25,1.860020995140076,2.409018993377685,1.856896996498108,2.1897120475769043,199041263.0,3.5478490227309685,3.779402860725353,3.663625941728161,0.1770531538876427,0.1109417075725827,-0.1109417075725827
LINK-USD_2019-06-26,LINK-USD,2019-06-26,2.1897120475769043,2.4168789386749268,2.0146169662475586,2.2615599632263184,179571545.0,3.728200922631897,3.851987742243378,3.7900943324376377,0.0328115816547291,0.1108461729708528,-0.1108461729708528
LINK-USD_2019-06-27,LINK-USD,2019-06-27,2.256756067276001,2.520256996154785,2.071417093276977,2.267606019973755,136956672.0,4.0899561105677344,4.090447492108587,4.090201801338161,0.0026734010354565,0.1101844754398839,-0.1101844754398839
LINK-USD_2019-06-28,LINK-USD,2019-06-28,2.270509958267212,2.9778709411621094,2.174588918685913,2.9618260860443115,229612906.0,5.778781845797815,5.5522923372858,5.665537091541808,0.3061466850747696,0.1152883601427712,-0.1152883601427712
LINK-USD_2019-06-29,LINK-USD,2019-06-29,2.9589040279388428,4.541814804077148,2.9012019634246826,3.70315194129944,953804527.0,7.386311520596003,7.017406674214536,7.201859097405269,0.2502935127582766,0.1183382136251839,-0.1183382136251839
LINK-USD_2019-06-30,LINK-USD,2019-06-30,3.706505060195923,4.094571113586426,3.392554998397827,3.4468889236450195,434865872.0,6.690206586567551,7.393943387780293,7.0420749871739226,-0.0692013240927126,0.1191006243386089,-0.1191006243386089
LINK-USD_2019-07-01,LINK-USD,2019-07-01,3.448976993560791,3.760809898376465,2.951939105987549,3.591973066329956,377055673.0,7.285962485597297,6.632135555295086,6.959049020446192,0.0420913310230817,0.1187466999703354,-0.1187466999703354
LINK-USD_2019-07-02,LINK-USD,2019-07-02,3.5901598930358887,3.8184309005737305,3.232567071914673,3.6454360485076895,424338055.0,6.704283775896265,7.33372072156406,7.019002248730162,0.014884015328199,0.1186034829084617,-0.1186034829084617
LINK-USD_2019-07-03,LINK-USD,2019-07-03,3.650800943374634,3.7889580726623535,3.5302770137786865,3.533164024353028,204354523.0,6.422223902862552,7.1884957714905084,6.80535983717653,-0.0307979683803867,0.1188582841629244,-0.1188582841629244
LINK-USD_2019-07-04,LINK-USD,2019-07-04,3.531255006790161,3.620145082473755,3.311237096786499,3.484890937805176,178867441.0,6.519924721996925,7.15329829048083,6.836611506238878,-0.0136628489974199,0.1187566456024539,-0.1187566456024539
LINK-USD_2019-07-05,LINK-USD,2019-07-05,3.479520082473755,3.699769973754883,3.445952892303467,3.622153043746948,191209597.0,6.07223838645418,7.388788746781884,6.730513566618033,0.0393877766597257,0.1184492671517501,-0.1184492671517501
LINK-USD_2019-07-06,LINK-USD,2019-07-06,3.625760078430176,3.631666898727417,3.463123083114624,3.476880073547364,100575087.0,6.024071127483223,7.127596270068242,6.575833698775733,-0.0401068006914764,0.1185157314697413,-0.1185157314697413
LINK-USD_2019-07-07,LINK-USD,2019-07-07,3.4782071113586426,3.5131399631500244,3.2821600437164307,3.3143560886383057,97053705.0,5.53746242517955,6.813763046494881,6.175612735837215,-0.0467442021211964,0.1189784235426605,-0.1189784235426605
LINK-USD_2019-07-08,LINK-USD,2019-07-08,3.312830924987793,3.5522260665893555,3.2727530002593994,3.3357579708099365,111053367.0,4.770009703849084,7.179666769610284,5.974838236729684,0.0064573273357673,0.1182818274339151,-0.1182818274339151
LINK-USD_2019-07-09,LINK-USD,2019-07-09,3.3413710594177246,3.3767120838165283,2.982125997543335,3.1129488945007324,177238039.0,4.714727027781741,6.189308421630497,5.452017724706119,-0.0667941374221179,0.1184002690302732,-0.1184002690302732
LINK-USD_2019-07-10,LINK-USD,2019-07-10,3.108237028121948,3.223022937774658,2.8822031021118164,3.118319034576416,172059406.0,4.271553666418657,6.221323456945537,5.246438561682098,0.0017250974101021,0.1182787275390572,-0.1182787275390572
LINK-USD_2019-07-11,LINK-USD,2019-07-11,3.1183369159698486,3.1368119716644287,2.777653932571411,2.8271400928497314,118728040.0,3.418448823625032,5.202153566769776,4.310301195197404,-0.0933768926456999,0.1191595540413167,-0.1191595540413167
LINK-USD_2019-07-12,LINK-USD,2019-07-12,2.829624891281128,3.2651610374450684,2.6665759086608887,3.1738510131835938,162546196.0,3.7267910843179486,5.807888159048344,4.7673396216831465,0.1226366253341131,0.1197098479366844,-0.1197098479366844
LINK-USD_2019-07-13,LINK-USD,2019-07-13,3.1762449741363525,3.2651491165161133,3.0508251190185547,3.170485019683838,144234535.0,3.670562203435668,5.640371043455166,4.655466623445417,-0.0010605392268805,0.119751824291793,-0.119751824291793
LINK-USD_2019-07-14,LINK-USD,2019-07-14,3.16736102104187,3.240174055099488,2.7808799743652344,2.7873799800872803,95436164.0,3.236204303919473,4.555117144021278,3.895660723970375,-0.1208348366947215,0.1210297368609537,-0.1210297368609537
LINK-USD_2019-07-15,LINK-USD,2019-07-15,2.7865231037139893,2.844985008239746,2.6015288829803467,2.728492021560669,95812874.0,3.219119751331249,4.836471569154886,4.027795660243068,-0.0211266346702997,0.1210553269204646,-0.1210553269204646
LINK-USD_2019-07-16,LINK-USD,2019-07-16,2.7290329933166504,2.771493911743164,2.1754019260406494,2.197649955749512,82850036.0,1.670025629617271,3.4982927862571334,2.584159207937202,-0.1945551101547735,0.1202098914523518,-0.1202098914523518
LINK-USD_2019-07-17,LINK-USD,2019-07-17,2.191683053970337,2.5741400718688965,2.0678250789642334,2.379703998565674,135564356.0,1.8143059489885296,3.911568339896681,2.862937144442605,0.0828403278419613,0.1204538554923815,-0.1204538554923815
LINK-USD_2019-07-18,LINK-USD,2019-07-18,2.3782780170440674,2.7900309562683105,2.3542709350585938,2.679090976715088,142714502.0,1.8927963349249144,4.45531933434884,3.1740578346368773,0.1258084948085411,0.1208114489453823,-0.1208114489453823
LINK-USD_2019-07-19,LINK-USD,2019-07-19,2.679090976715088,2.7529330253601074,2.51557993888855,2.6088509559631348,71363583.0,1.93878540895435,4.323240450309771,3.1310129296320603,-0.0262178557437704,0.1206950618045648,-0.1206950618045648
LINK-USD_2019-07-20,LINK-USD,2019-07-20,2.6113839149475098,2.722408056259156,2.5979039669036865,2.6446409225463867,67423557.0,1.831054618397584,4.44614149049598,3.138598054446782,0.0137186704750018,0.1206442828716997,-0.1206442828716997
LINK-USD_2019-07-21,LINK-USD,2019-07-21,2.6433420181274414,2.669212102890014,2.4976398944854736,2.5503549575805664,48335818.0,1.5648462978254063,4.272760220027696,2.918803258926552,-0.0356517076333513,0.1207467892283734,-0.1207467892283734
LINK-USD_2019-07-22,LINK-USD,2019-07-22,2.5492990016937256,2.5866570472717285,2.4003820419311523,2.4257290363311768,48393920.0,1.14868232177971,4.046096161303552,2.597389241541631,-0.0488661081779839,0.1201685494193263,-0.1201685494193263
LINK-USD_2019-07-23,LINK-USD,2019-07-23,2.423182964324951,2.5012691020965576,2.259610891342163,2.3709909915924072,66520544.0,0.9992790686757452,3.884703333372424,2.4419912010240843,-0.0225656056051333,0.1202058341747177,-0.1202058341747177
LINK-USD_2019-07-24,LINK-USD,2019-07-24,2.3709909915924072,2.464463949203491,2.3008029460906982,2.405395984649658,78623000.0,0.971564920160505,3.9484986824309,2.4600318012957025,0.0145108071600659,0.1201970797398407,-0.1201970797398407
LINK-USD_2019-07-25,LINK-USD,2019-07-25,2.4069180488586426,2.51682996749878,2.384253025054932,2.384253025054932,60195321.0,0.7726907321555794,4.17123118371315,2.471960957934365,-0.0087898041443706,0.1197374943713535,-0.1197374943713535
LINK-USD_2019-07-26,LINK-USD,2019-07-26,2.38317608833313,2.425676107406616,2.350337028503418,2.403562068939209,38644891.0,0.7977816421647237,4.152926610522774,2.4753541263437486,0.0080985716202801,0.1197105109774681,-0.1197105109774681
LINK-USD_2019-07-27,LINK-USD,2019-07-27,2.403562068939209,2.460593938827514,2.233293056488037,2.2584800720214844,57981370.0,0.9998724844711842,3.8770417725084654,2.4384571284898247,-0.0603612441686414,0.1181134634621917,-0.1181134634621917
LINK-USD_2019-07-28,LINK-USD,2019-07-28,2.261185884475708,2.2859339714050293,2.1349830627441406,2.217729091644287,37139642.0,1.0401071964111703,3.8591251730151432,2.449616184713157,-0.0180435421512143,0.1179949320244891,-0.1179949320244891
LINK-USD_2019-07-29,LINK-USD,2019-07-29,2.2170419692993164,2.244028091430664,2.130987882614136,2.1403040885925293,41163755.0,0.7673695750547536,3.4927088642944177,2.1300392196745856,-0.0349118399282721,0.1175153549012337,-0.1175153549012337
LINK-USD_2019-07-30,LINK-USD,2019-07-30,2.1415109634399414,2.177947998046875,2.0127029418945312,2.089138984680176,63663046.0,0.6380406735822486,3.5063298300037005,2.072185251792974,-0.0239055301464194,0.1175113659756937,-0.1175113659756937
LINK-USD_2019-07-31,LINK-USD,2019-07-31,2.0868940353393555,2.2190489768981934,2.078782081604004,2.196837902069092,59937401.0,0.8573386568863259,3.394809790347959,2.1260742236171426,0.0515518202372751,0.1170819722781994,-0.1170819722781994
LINK-USD_2019-08-01,LINK-USD,2019-08-01,2.200066089630127,2.22717809677124,2.1231019496917725,2.1812570095062256,46293195.0,1.1285728145604228,3.332541697053503,2.230557255806963,-0.0070924179468094,0.1155562495787549,-0.1155562495787549
LINK-USD_2019-08-02,LINK-USD,2019-08-02,2.1786680221557617,2.4461019039154053,2.1519548892974854,2.3997950553894043,88993103.0,1.3492393802825515,3.804375237835898,2.576807309059225,0.1001890400492739,0.1159893198033102,-0.1159893198033102
LINK-USD_2019-08-03,LINK-USD,2019-08-03,2.398677110671997,2.7229371070861816,2.340564012527466,2.425478935241699,158068000.0,1.5131059172338728,3.9071147572494977,2.710110337241685,0.0107025305326029,0.1156035087023036,-0.1156035087023036
LINK-USD_2019-08-04,LINK-USD,2019-08-04,2.424612045288086,2.5991010665893555,2.424612045288086,2.497683048248291,95419755.0,1.467008253470658,3.920447333376936,2.693727793423797,0.0297690126092133,0.1155518487801962,-0.1155518487801962
LINK-USD_2019-08-05,LINK-USD,2019-08-05,2.501852035522461,2.62923002243042,2.480427026748657,2.484375,87397910.0,1.7271783654083968,3.46719176476754,2.5971850650879684,-0.0053281573327025,0.1145738596571191,-0.1145738596571191
LINK-USD_2019-08-06,LINK-USD,2019-08-06,2.482007026672364,2.522027969360352,2.354231119155884,2.460669994354248,95016633.0,1.7859269738669483,3.2114640285843263,2.498695501225637,-0.0095416374926297,0.1144513156140422,-0.1144513156140422
LINK-USD_2019-08-07,LINK-USD,2019-08-07,2.462114095687866,2.490607023239136,2.370920896530152,2.391855001449585,69024403.0,1.220606205220485,3.2299802661128547,2.22529323566667,-0.0279659576711025,0.111773404384929,-0.111773404384929
LINK-USD_2019-08-08,LINK-USD,2019-08-08,2.399933099746704,2.4039840698242188,2.286608934402466,2.289083957672119,56631921.0,1.0444949735747744,3.221532638664005,2.13301380611939,-0.0429670877687742,0.1119992262149348,-0.1119992262149348
LINK-USD_2019-08-09,LINK-USD,2019-08-09,2.285361051559448,2.296338081359864,2.1718270778656006,2.179155111312866,49294449.0,0.8504848998849424,2.7736380099511733,1.8120614549180576,-0.0480230731558858,0.1121992251382095,-0.1121992251382095
LINK-USD_2019-08-10,LINK-USD,2019-08-10,2.179155111312866,2.382179021835327,2.152754068374634,2.322568893432617,88304426.0,1.0150344243700689,3.0738959142000946,2.0444651692850817,0.0658116447861985,0.1122816159424088,-0.1122816159424088
LINK-USD_2019-08-11,LINK-USD,2019-08-11,2.321420907974243,2.4711029529571533,2.275351047515869,2.396836042404175,75758084.0,1.233244130715435,3.153105464009625,2.19317479736253,0.0319762953777422,0.1117642163440062,-0.1117642163440062
LINK-USD_2019-08-12,LINK-USD,2019-08-12,2.405874013900757,2.4638760089874268,2.349687099456787,2.379977941513061,53991936.0,0.997101683552339,3.183480798081332,2.0902912408168355,-0.0070334810528817,0.1111763085004908,-0.1111763085004908
LINK-USD_2019-08-13,LINK-USD,2019-08-13,2.3838109970092773,2.442807912826538,2.322139978408813,2.4130799770355225,61913129.0,1.1198888571687693,3.5131292304214217,2.3165090437950955,0.0139085471949444,0.1109028646240222,-0.1109028646240222
LINK-USD_2019-08-14,LINK-USD,2019-08-14,2.413083076477051,2.557869911193848,2.212233066558838,2.271147966384888,117748508.0,0.9874252007347686,3.36543474315756,2.176429971946164,-0.0588177814251305,0.1113037498890734,-0.1113037498890734
LINK-USD_2019-08-15,LINK-USD,2019-08-15,2.2783188819885254,2.4317619800567627,2.218583106994629,2.4127449989318848,78723315.0,0.3056545067063292,3.963239798766288,2.1344471527363083,0.0623460182439739,0.0807371904567705,-0.0807371904567705
LINK-USD_2019-08-16,LINK-USD,2019-08-16,2.4137990474700928,2.4447391033172607,2.251068115234375,2.3218929767608643,71099710.0,0.3849165684726123,3.687378543579437,2.0361475560260245,-0.0376550452746727,0.0799310958450131,-0.0799310958450131
LINK-USD_2019-08-17,LINK-USD,2019-08-17,2.322067975997925,2.397439956665039,2.3100059032440186,2.393389940261841,45504193.0,0.3904524418574371,3.438713748184501,1.914583095020969,0.030792531876606,0.0799481270557049,-0.0799481270557049
LINK-USD_2019-08-18,LINK-USD,2019-08-18,2.3921170234680176,2.549614906311035,2.373749017715454,2.4996399879455566,74479050.0,0.4937206884429252,3.727541023708725,2.1106308560758253,0.0443931203588545,0.0799410357860983,-0.0799410357860983
LINK-USD_2019-08-19,LINK-USD,2019-08-19,2.497607946395874,2.591114997863769,2.454952955245972,2.5051519870758057,81955471.0,0.2705962347921822,4.089558639669833,2.180077437231008,0.0022051171996089,0.0769651395913656,-0.0769651395913656
LINK-USD_2019-08-20,LINK-USD,2019-08-20,2.5028250217437744,2.5372860431671143,2.3619608879089355,2.380462884902954,71968212.0,0.3089988760402002,3.732022361545459,2.0205106187928297,-0.0497730687862965,0.0765522257604324,-0.0765522257604324
LINK-USD_2019-08-21,LINK-USD,2019-08-21,2.380894899368286,2.388000011444092,2.170836925506592,2.21631407737732,94589329.0,0.205539943979887,3.4303333999368286,1.8179366719583576,-0.0689566758493385,0.077145399106953,-0.077145399106953
LINK-USD_2019-08-22,LINK-USD,2019-08-22,2.21631407737732,2.2886059284210205,2.1648108959198,2.229581117630005,71961706.0,0.2628245540415035,3.251988130496338,1.7574063422689208,0.0059860831044238,0.0769263687458496,-0.0769263687458496
LINK-USD_2019-08-23,LINK-USD,2019-08-23,2.229581117630005,2.307197093963623,2.186980962753296,2.2533020973205566,85783321.0,0.3232371351844072,3.381554560786201,1.852395847985304,0.0106392090886411,0.0767398798939712,-0.0767398798939712
LINK-USD_2019-08-24,LINK-USD,2019-08-24,2.25449800491333,2.2615699768066406,2.1732749938964844,2.185192108154297,50546812.0,0.1885391203988875,3.2376524558693456,1.713095788134117,-0.030226745560327,0.0763134372443739,-0.0763134372443739
LINK-USD_2019-08-25,LINK-USD,2019-08-25,2.1849989891052246,2.1878349781036377,2.043431043624878,2.0850770473480225,59471445.0,0.1574919219597819,3.1743450563030464,1.665918489131414,-0.0458152216606876,0.0765201130952498,-0.0765201130952498
LINK-USD_2019-08-26,LINK-USD,2019-08-26,2.086656093597412,2.1629209518432617,2.0566859245300293,2.076848030090332,54292215.0,0.1163844701262295,3.1815957705596034,1.6489901203429165,-0.0039466250267139,0.0764455120704078,-0.0764455120704078
LINK-USD_2019-08-27,LINK-USD,2019-08-27,2.0779271125793457,2.164001941680908,2.0288610458374023,2.1071810722351074,62275881.0,-0.0376903325864805,3.3764390805111377,1.6693743739623286,0.0146053258135869,0.0732006713238354,-0.0732006713238354
LINK-USD_2019-08-28,LINK-USD,2019-08-28,2.1099820137023926,2.110969066619873,1.8923159837722776,1.9003870487213133,59193724.0,-0.1597007907717642,2.9731034963597978,1.4067013527940166,-0.0981377567588179,0.0741609798003859,-0.0741609798003859
LINK-USD_2019-08-29,LINK-USD,2019-08-29,1.9012529850006104,1.9021910429000848,1.7484430074691772,1.783432960510254,83335306.0,-0.213517275575545,3.003162549040214,1.3948226367323344,-0.0615422465069694,0.0745610488787931,-0.0745610488787931
LINK-USD_2019-08-30,LINK-USD,2019-08-30,1.783432960510254,1.8917670249938965,1.7515159845352173,1.806380033493042,57285240.0,-0.3901127274135241,3.1342927713923467,1.3720900219894112,0.0128667987476371,0.0633777710157475,-0.0633777710157475
LINK-USD_2019-08-31,LINK-USD,2019-08-31,1.8029659986495967,1.849249005317688,1.7509640455245972,1.7902309894561768,51356763.0,-0.51656561279849,3.0542313708402915,1.2688328790209007,-0.0089400036190819,0.0542333297387973,-0.0542333297387973
LINK-USD_2019-09-01,LINK-USD,2019-09-01,1.7902389764785769,1.802770972251892,1.731165051460266,1.775217056274414,43571942.0,-0.4849799063448915,2.9606109164411523,1.2378155050481303,-0.0083865899262103,0.0537010485800611,-0.0537010485800611
LINK-USD_2019-09-02,LINK-USD,2019-09-02,1.7744309902191162,1.8856970071792605,1.7393499612808228,1.833488941192627,63004422.0,-0.4895593849577591,3.22949178736522,1.3699662012037304,0.0328252169008032,0.0535713192725879,-0.0535713192725879
LINK-USD_2019-09-03,LINK-USD,2019-09-03,1.833739995956421,1.9310319423675537,1.8249260187149048,1.854688048362732,80326910.0,-0.4912301234520423,2.919707505553176,1.2142386910505667,0.0115621680032145,0.0535488894431596,-0.0535488894431596
LINK-USD_2019-09-04,LINK-USD,2019-09-04,1.8543930053710933,1.8597129583358765,1.7471599578857422,1.7852449417114258,70884788.0,-0.4947177856996522,2.75031772867136,1.1277999714858538,-0.0374419335438154,0.0535985789671302,-0.0535985789671302
LINK-USD_2019-09-05,LINK-USD,2019-09-05,1.784904956817627,1.8611769676208496,1.7742600440979004,1.7978839874267578,69409152.0,-0.4840917493506739,2.8795912083400537,1.19774972949469,0.0070797263837731,0.0536352364734742,-0.0536352364734742
LINK-USD_2019-09-06,LINK-USD,2019-09-06,1.7978839874267578,1.8223470449447632,1.7099440097808838,1.731495976448059,72212080.0,-0.521970508828388,2.380738517321034,0.9293840042463232,-0.0369256367168147,0.0533859275569257,-0.0533859275569257
LINK-USD_2019-09-07,LINK-USD,2019-09-07,1.7290250062942505,1.809931993484497,1.7193440198898315,1.776960015296936,71006363.0,-0.4889211080887374,2.5898544885400185,1.0504666902256403,0.0262570860500297,0.0534412671190192,-0.0534412671190192
LINK-USD_2019-09-08,LINK-USD,2019-09-08,1.7773330211639404,1.901793003082276,1.7764769792556765,1.830963969230652,88855921.0,-0.4475657049925198,2.611518445991957,1.0819763704997185,0.030391203779952,0.0534499031147422,-0.0534499031147422
LINK-USD_2019-09-09,LINK-USD,2019-09-09,1.8331340551376345,1.8706090450286863,1.7700010538101196,1.7968930006027222,96518480.0,-0.4613239280767037,2.108166162228726,0.8234211170760113,-0.018608213597041,0.0534343286024512,-0.0534343286024512
LINK-USD_2019-09-10,LINK-USD,2019-09-10,1.7943669557571411,1.8291250467300413,1.785338044166565,1.802129983901977,66969746.0,-0.4210859076146156,2.308336010518492,0.9436250514519382,0.0029144658571758,0.0529235291653714,-0.0529235291653714
LINK-USD_2019-09-11,LINK-USD,2019-09-11,1.8027520179748533,1.827059984207153,1.724100947380066,1.7348270416259766,67247430.0,-0.4436659551540625,1.932744773861124,0.7445394093535306,-0.0373463306627172,0.0530457233751643,-0.0530457233751643
LINK-USD_2019-09-12,LINK-USD,2019-09-12,1.7350749969482422,1.7468509674072266,1.684298038482666,1.70763897895813,61903495.0,-0.3959836007854688,1.6688155485596727,0.636415973887102,-0.0156719154218187,0.051916282968189,-0.051916282968189
LINK-USD_2019-09-13,LINK-USD,2019-09-13,1.707895040512085,1.7137750387191772,1.5252970457077026,1.5809329748153689,95116689.0,-0.5018880948574889,1.3544709122202492,0.4262914086813801,-0.0741995267758923,0.0498960096601778,-0.0498960096601778
LINK-USD_2019-09-14,LINK-USD,2019-09-14,1.5803940296173096,1.6358250379562378,1.539175033569336,1.5651049613952637,82000174.0,-0.5063515671329881,1.3056157123339154,0.3996320726004636,-0.0100118181303376,0.0498836449569447,-0.0498836449569447
LINK-USD_2019-09-15,LINK-USD,2019-09-15,1.5668679475784302,1.65077805519104,1.5653280019760132,1.6175249814987185,64455918.0,-0.4196969939318896,1.4582820918831372,0.5192925489756237,0.0334929742071248,0.0481046580164262,-0.0481046580164262
LINK-USD_2019-09-16,LINK-USD,2019-09-16,1.6176669597625732,1.6408510208129885,1.5541599988937378,1.581434965133667,62082506.0,-0.4203996373685188,1.4454033378572366,0.5125018502443589,-0.0223118757223843,0.0481103323855738,-0.0481103323855738
LINK-USD_2019-09-17,LINK-USD,2019-09-17,1.582306981086731,1.6601580381393433,1.5621620416641235,1.629438042640686,74897534.0,-0.2585543305576326,0.979678940379856,0.3605623049111117,0.0303541268312361,0.0419529206333839,-0.0419529206333839
LINK-USD_2019-09-18,LINK-USD,2019-09-18,1.6265850067138672,1.847965955734253,1.6252989768981934,1.8098210096359253,112613412.0,-0.2394764177701243,1.1403460418156066,0.4504348120227411,0.1107025626472477,0.0430152493379678,-0.0430152493379678
LINK-USD_2019-09-19,LINK-USD,2019-09-19,1.809175968170166,1.910017013549805,1.749284029006958,1.8758699893951416,133273165.0,-0.2998110158635968,1.0255041270645866,0.3628465556004949,0.0364947579940533,0.0400569920129854,-0.0400569920129854
LINK-USD_2019-09-20,LINK-USD,2019-09-20,1.8773770332336424,1.8788609504699707,1.766126036643982,1.8277499675750728,75449475.0,-0.2994042210815739,1.058900652660478,0.379748215789452,-0.0256521092037859,0.0400521885926337,-0.0400521885926337
LINK-USD_2019-09-21,LINK-USD,2019-09-21,1.825294017791748,1.8894050121307373,1.8002740144729614,1.8894050121307373,76844379.0,-0.2855721939326539,1.0225841398786135,0.3685059729729799,0.0337327564762395,0.04028053261755,-0.04028053261755
LINK-USD_2019-09-22,LINK-USD,2019-09-22,1.8888139724731443,1.889534950256348,1.782323956489563,1.821400046348572,63224058.0,-0.2858248845186353,0.8317494009414101,0.2729622582113874,-0.0359927942106357,0.0402848061176335,-0.0402848061176335
LINK-USD_2019-09-23,LINK-USD,2019-09-23,1.819378018379212,1.8893890380859373,1.7875109910964966,1.807347059249878,76114156.0,-0.254926237769977,0.6009268213255492,0.173000291777786,-0.0077154862968553,0.0398860300325748,-0.0398860300325748
LINK-USD_2019-09-24,LINK-USD,2019-09-24,1.8071930408477783,2.06494688987732,1.5900110006332395,1.7358089685440063,218580528.0,-0.2678972738828499,0.4636776564464699,0.09789019128181,-0.0395818226166051,0.0400717871291951,-0.0400717871291951
LINK-USD_2019-09-25,LINK-USD,2019-09-25,1.7382630109786987,1.927649974822998,1.6521819829940796,1.7601890563964844,161634833.0,-0.2682331443016635,0.4427258624309944,0.0872463590646654,0.0140453749774827,0.0400683339715206,-0.0400683339715206
LINK-USD_2019-09-26,LINK-USD,2019-09-26,1.7601890563964844,1.7631479501724243,1.5576900243759155,1.6589759588241575,112008341.0,-0.304194671710258,0.233447656843696,-0.0353735074332809,-0.0575012651081546,0.0406252850374697,-0.0406252850374697
LINK-USD_2019-09-27,LINK-USD,2019-09-27,1.6586469411849976,1.6769609451293943,1.5776489973068235,1.6701610088348389,90213617.0,-0.3051309011662221,0.2492229095909108,-0.0279539957876556,0.0067421411089096,0.0406186272506691,-0.0406186272506691
LINK-USD_2019-09-28,LINK-USD,2019-09-28,1.6723419427871704,1.7082680463790894,1.6550229787826538,1.6873680353164673,71435514.0,-0.2528745078515726,0.4941557141946318,0.1206406031715295,0.010302615370977,0.0400353512441649,-0.0400353512441649
LINK-USD_2019-09-29,LINK-USD,2019-09-29,1.687291979789734,1.753641963005066,1.6705009937286377,1.7172199487686155,85120108.0,-0.2256854296412642,0.5796847272748804,0.176999648816808,0.0176914062773207,0.0400838521542882,-0.0400838521542882
LINK-USD_2019-09-30,LINK-USD,2019-09-30,1.716536045074463,1.7706910371780396,1.6514019966125488,1.7635070085525513,84068855.0,-0.1760483858570587,0.4562270141534883,0.1400893141482148,0.0269546483064835,0.0400538144980688,-0.0400538144980688
LINK-USD_2019-10-01,LINK-USD,2019-10-01,1.764899969100952,1.8995280265808103,1.7582659721374512,1.8393080234527588,91602849.0,-0.1195856106556085,0.4421545793531909,0.1612844843487911,0.0429831095269779,0.0403567473966934,-0.0403567473966934
LINK-USD_2019-10-02,LINK-USD,2019-10-02,1.8378390073776243,2.021117925643921,1.8277159929275515,2.01665997505188,102294409.0,-0.0820169421000572,0.7050054198042821,0.3114942388521124,0.0964231924929002,0.0416774672533985,-0.0416774672533985
LINK-USD_2019-10-03,LINK-USD,2019-10-03,2.015923023223877,2.034789085388184,1.9030749797821045,1.9510380029678345,101098441.0,-0.1055441910490438,0.9039143187586564,0.3991850638548063,-0.0325399288406847,0.041865209583326,-0.041865209583326
LINK-USD_2019-10-04,LINK-USD,2019-10-04,1.95110297203064,1.998407959938049,1.9128659963607788,1.9788180589675903,77454029.0,-0.1754220617616465,0.9371309646217336,0.3808544514300435,0.0142386032242827,0.0398703753085945,-0.0398703753085945
LINK-USD_2019-10-05,LINK-USD,2019-10-05,1.976984977722168,1.9825769662857056,1.921949028968811,1.9660040140151973,96574706.0,-0.1894367807324268,1.0370312226334757,0.4237972209505243,-0.0064756054222986,0.0398389145527792,-0.0398389145527792
LINK-USD_2019-10-06,LINK-USD,2019-10-06,1.965752005577088,2.2686359882354736,1.963500022888184,2.188102960586548,126356581.0,-0.1239469066657045,1.1612302117342082,0.5186416525342519,0.1129697319985398,0.0422345143134333,-0.0422345143134333
LINK-USD_2019-10-07,LINK-USD,2019-10-07,2.189652919769287,2.4884729385375977,2.1291449069976807,2.4018590450286865,202190935.0,-0.0332139692966293,1.6365979469132903,0.8016919888083306,0.0976901399488252,0.0440293575468042,-0.0440293575468042
LINK-USD_2019-10-08,LINK-USD,2019-10-08,2.402018070220948,2.627469062805176,2.279071092605591,2.578110933303833,224096110.0,0.0477272203176537,1.9188915243375904,0.9833093723276222,0.0733814453599801,0.044956841395199,-0.044956841395199
LINK-USD_2019-10-09,LINK-USD,2019-10-09,2.582935094833374,2.941925048828125,2.522855997085572,2.8038530349731445,329507431.0,0.1722504220673359,1.6031065613150588,0.8876784916911974,0.0875610505169475,0.0460686731159725,-0.0460686731159725
LINK-USD_2019-10-10,LINK-USD,2019-10-10,2.811253070831299,2.811619997024536,2.4976260662078857,2.6354880332946777,249559325.0,0.1513286895666481,1.353885718751444,0.7526072041590461,-0.0600477270307712,0.0463959920958751,-0.0463959920958751
LINK-USD_2019-10-11,LINK-USD,2019-10-11,2.6359379291534424,2.805550098419189,2.594904899597168,2.7723610401153564,200123734.0,0.2722183132916609,1.3542207781033095,0.8132195456974852,0.0519345962081909,0.0463221279335788,-0.0463221279335788
LINK-USD_2019-10-12,LINK-USD,2019-10-12,2.7762999534606934,2.776331901550293,2.572343111038208,2.607122898101806,120045685.0,0.1225169274736281,1.2619102507974809,0.6922135891355545,-0.0596019564633164,0.0463558638784023,-0.0463558638784023
LINK-USD_2019-10-13,LINK-USD,2019-10-13,2.604592084884644,2.646656990051269,2.4583089351654053,2.497457981109619,107136821.0,0.0419811522045181,1.326998292476846,0.6844897223406821,-0.0420635778512903,0.0465445262135178,-0.0465445262135178
LINK-USD_2019-10-14,LINK-USD,2019-10-14,2.4980239868164062,2.665086030960083,2.4682259559631348,2.5396668910980225,116069815.0,0.0670968191761642,1.1311008540900631,0.5990988366331137,0.0169007488044503,0.0465697045404041,-0.0465697045404041
LINK-USD_2019-10-15,LINK-USD,2019-10-15,2.539180040359497,2.5956599712371826,2.3519020080566406,2.394792079925537,110301011.0,-0.0075786535398847,1.1038229539772249,0.5481221502186701,-0.0570448083881776,0.0471337543160165,-0.0471337543160165
LINK-USD_2019-10-16,LINK-USD,2019-10-16,2.396186113357544,2.418581008911133,2.1992249488830566,2.391248941421509,158475686.0,0.0528811758697482,1.0925225823027938,0.572701879086271,-0.0014795182152675,0.0465103049285612,-0.0465103049285612
LINK-USD_2019-10-17,LINK-USD,2019-10-17,2.392224073410034,2.4849650859832764,2.294995069503784,2.4241130352020264,139155340.0,0.004711660898758,0.3118063079928646,0.1582589844458113,0.013743484925907,0.0458899713334868,-0.0458899713334868
LINK-USD_2019-10-18,LINK-USD,2019-10-18,2.4241130352020264,2.505373001098633,2.3354899883270264,2.358566999435425,105032862.0,0.0157948807467096,0.4067911605157797,0.2112930206312446,-0.0270391829154694,0.0457646910240751,-0.0457646910240751
LINK-USD_2019-10-19,LINK-USD,2019-10-19,2.3584530353546143,2.400023937225342,2.3025059700012207,2.359457015991211,85270342.0,-0.0141777667315329,0.3707389314854921,0.1782805823769795,0.0003773547904295,0.0456083675254264,-0.0456083675254264
LINK-USD_2019-10-20,LINK-USD,2019-10-20,2.3583109378814697,2.4414639472961426,2.301352024078369,2.4414639472961426,86836834.0,-0.0232737677945489,0.4589561799901906,0.2178412060978208,0.0347566964556378,0.0454757245708614,-0.0454757245708614
LINK-USD_2019-10-21,LINK-USD,2019-10-21,2.4423840045928955,2.674997091293335,2.4399759769439697,2.632044076919556,174716569.0,0.0506524516270441,0.3349550491124975,0.1928037503697708,0.0780597763216925,0.0465104565800323,-0.0465104565800323
LINK-USD_2019-10-22,LINK-USD,2019-10-22,2.63135290145874,2.823568105697632,2.584834098815918,2.6055479049682617,172462583.0,0.0945551478633885,0.4327714583171909,0.2636633030902897,-0.0100667660483499,0.0460667355345491,-0.0460667355345491
LINK-USD_2019-10-23,LINK-USD,2019-10-23,2.6128571033477783,2.692960023880005,2.4261860847473145,2.612498998641968,190350548.0,0.1787584734982483,0.4210404241068957,0.299899448802572,0.0026678049789268,0.0451503362967409,-0.0451503362967409
LINK-USD_2019-10-24,LINK-USD,2019-10-24,2.617950916290283,2.790092945098877,2.6129279136657715,2.75163197517395,175558916.0,0.2341475057426363,0.5585117735608789,0.3963296396517576,0.053256662147739,0.0455812956640186,-0.0455812956640186
LINK-USD_2019-10-25,LINK-USD,2019-10-25,2.75079607963562,2.9334640502929688,2.646622896194458,2.838089942932129,210307337.0,0.2595248308280342,0.6666500288385133,0.4630874298332738,0.031420614580085,0.0457025506679067,-0.0457025506679067
LINK-USD_2019-10-26,LINK-USD,2019-10-26,2.837841033935547,2.992839097976685,2.674752950668335,2.7519969940185547,231729603.0,0.2593844649855543,0.4968277042579543,0.3781060846217543,-0.0303348204759954,0.045703884193564,-0.045703884193564
LINK-USD_2019-10-27,LINK-USD,2019-10-27,2.747992038726806,2.7654519081115723,2.6245110034942627,2.675462007522583,135864814.0,0.2831477910734579,0.4852332028480655,0.3841904969607617,-0.0278107086099003,0.0454385544221419,-0.0454385544221419
LINK-USD_2019-10-28,LINK-USD,2019-10-28,2.6775920391082764,2.8912830352783203,2.667318105697632,2.671973943710327,157224840.0,0.2865524607470244,0.4362871871806637,0.3614198239638441,-0.0013037239185039,0.0454314111006904,-0.0454314111006904
LINK-USD_2019-10-29,LINK-USD,2019-10-29,2.671828031539917,2.7687981128692627,2.6547720432281494,2.6700439453125,109381921.0,0.2671165190755811,0.2193584760457989,0.24323749756069,-0.0007223118333059,0.0454202350767974,-0.0454202350767974
LINK-USD_2019-10-30,LINK-USD,2019-10-30,2.668231964111328,2.676215887069702,2.530155897140503,2.624211072921753,101740209.0,0.3808824232345031,0.160354408281123,0.2706184157578131,-0.0171655872822658,0.0435692907139513,-0.0435692907139513
LINK-USD_2019-10-31,LINK-USD,2019-10-31,2.624588966369629,2.7592010498046875,2.556250095367432,2.7379300594329834,118140976.0,0.5352021186429348,0.2074099448124908,0.3713060317277128,0.0433345425924971,0.0429440853879768,-0.0429440853879768
LINK-USD_2019-11-01,LINK-USD,2019-11-01,2.740555047988892,2.800803899765014,2.662529945373535,2.720021963119507,118225225.0,0.5057861096148926,-0.081640216508373,0.2120729465532597,-0.0065407427964705,0.0429761399699581,-0.0429761399699581
LINK-USD_2019-11-02,LINK-USD,2019-11-02,2.719496965408325,2.7576351165771484,2.690063953399658,2.7103660106658936,88544063.0,0.513975585624975,-0.268092140525343,0.122941722549816,-0.0035499538549825,0.042948425468345,-0.042948425468345
LINK-USD_2019-11-03,LINK-USD,2019-11-03,2.710999011993408,2.719388961791992,2.646399974822998,2.67179799079895,106456374.0,0.5050542587767601,-0.2248668146887731,0.1400937220439935,-0.0142298197790149,0.0429895629249028,-0.0429895629249028
LINK-USD_2019-11-04,LINK-USD,2019-11-04,2.671750068664551,2.729180097579956,2.646806001663208,2.6867520809173584,122384989.0,0.4653767582419725,-0.2520121862543623,0.1066822859938051,0.0055970137599872,0.0428665321698712,-0.0428665321698712
LINK-USD_2019-11-05,LINK-USD,2019-11-05,2.684923887252808,2.6999399662017822,2.641292095184326,2.682662010192871,119153856.0,0.4464222231663444,-0.2641039440834365,0.0911591395414539,-0.001522310433306,0.0428756148294683,-0.0428756148294683
LINK-USD_2019-11-06,LINK-USD,2019-11-06,2.6831259727478027,2.8095510005950928,2.657757043838501,2.7402150630950928,152746471.0,0.5349238634269338,-0.2244302715051943,0.1552467959608697,0.0214537100400822,0.0425370118176082,-0.0425370118176082
LINK-USD_2019-11-07,LINK-USD,2019-11-07,2.739480972290039,2.748500108718872,2.62939190864563,2.690742015838623,139483618.0,0.4966160412217579,-0.2278834362795631,0.1343663024710974,-0.0180544395667212,0.0426605724478489,-0.0426605724478489
LINK-USD_2019-11-08,LINK-USD,2019-11-08,2.690359115600586,2.7312190532684326,2.6432669162750244,2.716640949249268,133302910.0,0.5689559699827353,-0.2499927759984901,0.1594815969921226,0.0096252012486499,0.0422837368992384,-0.0422837368992384
LINK-USD_2019-11-09,LINK-USD,2019-11-09,2.7150049209594727,2.8569600582122803,2.714982032775879,2.803951025009156,152872881.0,0.577948294205487,-0.1935439343041928,0.1922021799506471,0.0321389824385942,0.0423310856537568,-0.0423310856537568
LINK-USD_2019-11-10,LINK-USD,2019-11-10,2.8035120964050293,2.847662925720215,2.72874402999878,2.78264594078064,145643657.0,0.5197709990709827,-0.1604263795554077,0.1796723097577874,-0.0075982369301356,0.0422793983779426,-0.0422793983779426
LINK-USD_2019-11-11,LINK-USD,2019-11-11,2.782196044921875,2.782536029815674,2.690696954727173,2.750325918197632,94732322.0,0.5306008300300045,-0.1755019571969003,0.177549436416552,-0.0116148526513369,0.0422188119655283,-0.0422188119655283
LINK-USD_2019-11-12,LINK-USD,2019-11-12,2.750343084335327,2.865159034729004,2.742600917816162,2.8178110122680664,148585749.0,0.5636003159810559,-0.0948097422203269,0.2343952868803644,0.0245371261725444,0.0422676606149391,-0.0422676606149391
LINK-USD_2019-11-13,LINK-USD,2019-11-13,2.814472913742065,3.0777719020843506,2.789124011993408,3.0182900428771973,209362104.0,0.7398218787552953,-0.0320778568806082,0.3538720109373435,0.0711470818079331,0.042599990290847,-0.042599990290847
LINK-USD_2019-11-14,LINK-USD,2019-11-14,3.018970012664795,3.1800200939178467,2.9576609134674072,3.0630359649658203,198792071.0,0.7937257246462301,0.0834397533792914,0.4385827390127608,0.0148249245277862,0.042480104475931,-0.042480104475931
LINK-USD_2019-11-15,LINK-USD,2019-11-15,3.064558982849121,3.084414005279541,2.8571839332580566,3.035151958465576,157665192.0,0.9198486000458306,-0.0437005562459885,0.438074021899921,-0.0091033885397279,0.0411657707184311,-0.0411657707184311
LINK-USD_2019-11-16,LINK-USD,2019-11-16,3.034430980682373,3.0470519065856934,2.9366350173950195,3.01033091545105,95813206.0,0.9234051323736092,-0.0505140706354003,0.4364455308691044,-0.0081778584249451,0.0411511602787149,-0.0411511602787149
LINK-USD_2019-11-17,LINK-USD,2019-11-17,3.009145021438598,3.010497093200684,2.904242038726806,2.9318909645080566,99099080.0,0.8125784751661218,0.0518447378732522,0.432211606519687,-0.0260569197028759,0.0413155787353513,-0.0413155787353513
LINK-USD_2019-11-18,LINK-USD,2019-11-18,2.9318110942840576,2.9790170192718506,2.770004987716675,2.8266100883483887,126598447.0,0.7873704266488608,0.0359605474424651,0.4116654870456629,-0.0359088647682138,0.0415236955888267,-0.0415236955888267
LINK-USD_2019-11-19,LINK-USD,2019-11-19,2.8247230052948,2.861185073852539,2.6109330654144287,2.7565701007843018,174284233.0,0.6917305406206011,0.2543262832065396,0.4730284119135703,-0.0247787934575057,0.0416704053981004,-0.0416704053981004
LINK-USD_2019-11-20,LINK-USD,2019-11-20,2.75331711769104,2.831315994262696,2.659346103668213,2.708266019821167,167970679.0,0.4964275502393347,0.1380684410554962,0.3172479956474154,-0.0175232550586655,0.0397191552438126,-0.0397191552438126
LINK-USD_2019-11-21,LINK-USD,2019-11-21,2.712013959884644,2.7128679752349854,2.4828460216522217,2.54966688156128,167317924.0,0.3591916795808427,-0.048308958627638,0.1554413604766023,-0.0585611373104181,0.0403873506002692,-0.0403873506002692
LINK-USD_2019-11-22,LINK-USD,2019-11-22,2.5494139194488525,2.5894880294799805,2.172290086746216,2.35186505317688,201718065.0,0.286754257912621,-0.098505398401106,0.0941244297557574,-0.0775794790350326,0.0415500152853283,-0.0415500152853283
LINK-USD_2019-11-23,LINK-USD,2019-11-23,2.351778984069824,2.4608640670776367,2.2716259956359863,2.4474239349365234,149356394.0,0.295341083157439,-0.074572311850931,0.1103843856532539,0.040631107482363,0.0416363729029119,-0.0416363729029119
LINK-USD_2019-11-24,LINK-USD,2019-11-24,2.4486420154571533,2.469660997390747,2.2524490356445312,2.255789995193481,149929050.0,0.238492334353316,-0.1154995940904355,0.0614963701314402,-0.0783002638028922,0.0426366211486539,-0.0426366211486539
LINK-USD_2019-11-25,LINK-USD,2019-11-25,2.260715961456299,2.379225015640259,2.0556180477142334,2.275064945220948,170091780.0,0.2587869792784525,-0.0621108495028374,0.0983380648878075,0.0085446562262165,0.0426120286654748,-0.0426120286654748
LINK-USD_2019-11-26,LINK-USD,2019-11-26,2.2708680629730225,2.3563060760498047,2.179893016815185,2.276427984237671,143568310.0,0.3114507560973918,-0.0398833262927017,0.135783714902345,0.0005991209260138,0.0422400573450059,-0.0422400573450059
LINK-USD_2019-11-27,LINK-USD,2019-11-27,2.2628250122070312,2.2874128818511963,2.139698982238769,2.229166030883789,149542925.0,0.2664355699650862,-0.0732644250221182,0.0965855724714839,-0.0207614533300112,0.042349698425834,-0.042349698425834
LINK-USD_2019-11-28,LINK-USD,2019-11-28,2.232964038848877,2.328200101852417,2.1926469802856445,2.27192497253418,146006115.0,0.3694743196546779,-0.0471124714283056,0.1611809241131861,0.0191815867719098,0.0416311687852027,-0.0416311687852027
LINK-USD_2019-11-29,LINK-USD,2019-11-29,2.276551008224488,2.361670017242432,2.269670009613037,2.3426198959350586,160656952.0,0.4026311736072379,-0.0253549403993742,0.1886381166039318,0.0311167508854937,0.0417527441276552,-0.0417527441276552
LINK-USD_2019-11-30,LINK-USD,2019-11-30,2.341625928878784,2.3575689792633057,2.2152209281921387,2.2420759201049805,123021580.0,0.3287414915883939,-0.0072633591589856,0.1607390662147041,-0.0429194578277692,0.042204991078437,-0.042204991078437
LINK-USD_2019-12-01,LINK-USD,2019-12-01,2.242619037628174,2.243208885192871,2.141741991043091,2.167131900787353,136819693.0,0.2620001895164103,-0.0228148654619576,0.1195926620272263,-0.0334261737729729,0.042455213412099,-0.042455213412099
LINK-USD_2019-12-02,LINK-USD,2019-12-02,2.1664750576019287,2.1753830909729004,2.065315961837769,2.09497594833374,116492201.0,0.1879600921196513,-0.0211783645606159,0.0833908637795177,-0.0332955979409457,0.0426212056263864,-0.0426212056263864
LINK-USD_2019-12-03,LINK-USD,2019-12-03,2.09497594833374,2.2009270191192627,2.050256967544556,2.1299850940704346,109854018.0,0.1580361021162812,0.0195516476834651,0.0887938748998732,0.0167110012716564,0.0423575397981606,-0.0423575397981606
LINK-USD_2019-12-04,LINK-USD,2019-12-04,2.130093097686768,2.1414220333099365,2.018254041671753,2.048651933670044,145162286.0,0.0158638337716505,-0.067454211464341,-0.0257951888463452,-0.0381848495685769,0.0409509217971099,-0.0409509217971099
LINK-USD_2019-12-05,LINK-USD,2019-12-05,2.046441078186035,2.106218099594116,1.972264051437378,2.025806903839112,126219927.0,0.03832262660058,-0.0712662950718965,-0.0164718342356582,-0.011151249978324,0.040756035060442,-0.040756035060442
LINK-USD_2019-12-06,LINK-USD,2019-12-06,2.026002883911133,2.104978084564209,1.9884289503097528,2.092442035675049,113399318.0,0.057420123185423,-0.1280746949720181,-0.0353272858932975,0.0328931309838347,0.040918233620804,-0.040918233620804
LINK-USD_2019-12-07,LINK-USD,2019-12-07,2.092858076095581,2.1096460819244385,2.054258108139038,2.061192035675049,88418201.0,0.0484170027025772,-0.1501917391545391,-0.0508873682259809,-0.0149347028339155,0.0409593505565443,-0.0409593505565443
LINK-USD_2019-12-08,LINK-USD,2019-12-08,2.060842990875244,2.0933709144592285,2.0285511016845703,2.0590059757232666,103114465.0,-0.0589995019378225,-0.1756336028435167,-0.1173165523906696,-0.0010605804378951,0.0383962675293595,-0.0383962675293595
LINK-USD_2019-12-09,LINK-USD,2019-12-09,2.0582079887390137,2.0926170349121094,2.02230191230774,2.091032028198242,147696805.0,-0.1294110149693368,-0.1583267307881289,-0.1438688728787329,0.0155541328449646,0.0363575880763107,-0.0363575880763107
LINK-USD_2019-12-10,LINK-USD,2019-12-10,2.0913219451904297,2.2764549255371094,2.0674760341644287,2.2706570625305176,218763851.0,-0.1192554854027616,-0.0772199979110142,-0.0982377416568879,0.0859025743795283,0.0368052656419232,-0.0368052656419232
LINK-USD_2019-12-11,LINK-USD,2019-12-11,2.270374059677124,2.2993481159210205,2.154892921447754,2.178049087524414,138162558.0,-0.2231942757494507,-0.089389161882971,-0.1562917188162109,-0.0407846594425391,0.0353269026393714,-0.0353269026393714
LINK-USD_2019-12-12,LINK-USD,2019-12-12,2.178049087524414,2.1951711177825928,2.05302095413208,2.1190710067749023,142758973.0,-0.1959473994932892,-0.074271173115953,-0.1351092863046211,-0.0270783983186286,0.0347128735557779,-0.0347128735557779
LINK-USD_2019-12-13,LINK-USD,2019-12-13,2.1189210414886475,2.130671977996826,2.07348895072937,2.077310085296631,117843001.0,-0.2507072292394517,-0.0467360150213801,-0.1487216221304159,-0.0197071836407356,0.0340560135347957,-0.0340560135347957
LINK-USD_2019-12-14,LINK-USD,2019-12-14,2.076446056365967,2.093985080718994,1.9909149408340447,2.010685920715332,105295566.0,-0.2287720988606743,-0.1342836260311489,-0.1815278624459116,-0.0320723251925025,0.0335032135256308,-0.0335032135256308
LINK-USD_2019-12-15,LINK-USD,2019-12-15,2.01055908203125,2.119239091873169,1.98250699043274,2.0868399143218994,114518248.0,-0.1644144045239481,-0.1293355584603651,-0.1468749814921566,0.0378746341345417,0.0335353358444496,-0.0335353358444496
LINK-USD_2019-12-16,LINK-USD,2019-12-16,2.0869240760803223,2.089251041412353,1.9773390293121336,1.9815829992294312,97454140.0,-0.2197468864222993,-0.1673943843489372,-0.1935706353856183,-0.0504384233644824,0.0339837908712333,-0.0339837908712333
LINK-USD_2019-12-17,LINK-USD,2019-12-17,1.9817960262298584,2.00640606880188,1.724099040031433,1.7563519477844238,172213180.0,-0.2665952244843589,-0.2721534451824888,-0.2693743348334239,-0.1136621839875452,0.0361084512033391,-0.0361084512033391
LINK-USD_2019-12-18,LINK-USD,2019-12-18,1.7559950351715088,1.8807209730148315,1.6551189422607422,1.8807209730148315,209932252.0,-0.2134984608098508,-0.1719073345941087,-0.1927028977019798,0.0708109928578351,0.0373264194461333,-0.0373264194461333
LINK-USD_2019-12-19,LINK-USD,2019-12-19,1.8811739683151243,1.888344049453736,1.7466590404510498,1.82049298286438,150914459.0,-0.2490065618113144,-0.2454681353933767,-0.2472373486023455,-0.0320238839331412,0.0374382207943173,-0.0374382207943173
LINK-USD_2019-12-20,LINK-USD,2019-12-20,1.82049298286438,1.9244149923324585,1.8016979694366453,1.9234329462051392,124354682.0,-0.1844908596340254,-0.1716099900140932,-0.1780504248240593,0.0565451030625738,0.0380784446296205,-0.0380784446296205
LINK-USD_2019-12-21,LINK-USD,2019-12-21,1.923827052116394,1.9296989440917969,1.8722219467163088,1.873682975769043,88336767.0,-0.2058838270542062,-0.2171426209119693,-0.2115132239830878,-0.0258651961505863,0.0381896686059925,-0.0381896686059925
LINK-USD_2019-12-22,LINK-USD,2019-12-22,1.8727320432662964,1.947046041488648,1.8709770441055296,1.935425043106079,120076955.0,-0.2072686368154189,-0.2257184824856332,-0.216493559650526,0.0329522486650626,0.0381616131204673,-0.0381616131204673
LINK-USD_2019-12-23,LINK-USD,2019-12-23,1.9353220462799072,1.957613945007324,1.861739993095398,1.8768500089645384,130569408.0,-0.2869230323980243,-0.250803935790206,-0.2688634840941151,-0.0302646875166687,0.0368707836472833,-0.0368707836472833
LINK-USD_2019-12-24,LINK-USD,2019-12-24,1.8771580457687376,1.886733055114746,1.835322022438049,1.8631199598312376,131772813.0,-0.2849411994004646,-0.2173287087787581,-0.2511349540896113,-0.0073154749008822,0.0368659289952761,-0.0368659289952761
LINK-USD_2019-12-25,LINK-USD,2019-12-25,1.8631199598312376,1.8631199598312376,1.788040041923523,1.8047579526901243,86020952.0,-0.3091832939923516,-0.1856939541593362,-0.2474386240758439,-0.0313248789124667,0.037005799718311,-0.037005799718311
LINK-USD_2019-12-26,LINK-USD,2019-12-26,1.8055980205535889,1.9415090084075928,1.787485957145691,1.861799955368042,79180350.0,-0.3233833695182495,-0.1649552731469604,-0.244169321332605,0.0316064559199711,0.0365521646929315,-0.0365521646929315
LINK-USD_2019-12-27,LINK-USD,2019-12-27,1.8606690168380733,1.9460159540176392,1.8542859554290767,1.886505961418152,74031488.0,-0.3352902834822995,-0.1627816067532926,-0.2490359451177961,0.013269957375859,0.0363271473477653,-0.0363271473477653
LINK-USD_2019-12-28,LINK-USD,2019-12-28,1.8861819505691528,1.9093209505081177,1.869325041770935,1.8743380308151243,53567273.0,-0.3189171227697617,-0.1422548050485743,-0.230585963909168,-0.0064499825878528,0.0361914215093078,-0.0361914215093078
LINK-USD_2019-12-29,LINK-USD,2019-12-29,1.874290943145752,1.920132040977478,1.8586649894714355,1.9024039506912231,53574998.0,-0.2889437617345177,-0.087609758540644,-0.1882767601375808,0.0149737770960627,0.0361660550509688,-0.0361660550509688
LINK-USD_2019-12-30,LINK-USD,2019-12-30,1.90267300605774,1.9067180156707764,1.8293089866638184,1.8389739990234373,57136151.0,-0.3117545164120046,-0.1145360794918386,-0.2131452979519216,-0.0333419995499584,0.0363416529212129,-0.0363416529212129
LINK-USD_2019-12-31,LINK-USD,2019-12-31,1.8392679691314693,1.8408299684524536,1.7624050378799438,1.7694710493087769,58903187.0,-0.3372876680867965,-0.1602662568376804,-0.2487769624622385,-0.0377944167517153,0.0365664750305644,-0.0365664750305644
LINK-USD_2020-01-01,LINK-USD,2020-01-01,1.768926024436951,1.8514169454574585,1.7634199857711792,1.806640028953552,69723037.0,-0.3115492699517996,-0.0493304876134782,-0.1804398787826389,0.0210057009179633,0.0366919154389659,-0.0366919154389659
LINK-USD_2020-01-02,LINK-USD,2020-01-02,1.8071609735488887,1.8168820142745967,1.7216579914093018,1.7411439418792725,52729126.0,-0.3640655882057638,-0.0237121436955399,-0.1938888659506519,-0.0362529812384464,0.0363611261374407,-0.0363611261374407
LINK-USD_2020-01-03,LINK-USD,2020-01-03,1.7409659624099731,1.8265340328216555,1.712578058242798,1.8097079992294312,61298048.0,-0.3346715490657529,0.0018423397483826,-0.1664146046586851,0.0393787415853483,0.0368177403232996,-0.0368177403232996
LINK-USD_2020-01-04,LINK-USD,2020-01-04,1.8097349405288696,1.851112008094788,1.7897419929504397,1.8401329517364504,49108150.0,-0.3210758456624981,0.0278745941580602,-0.1466006257522189,0.0168120782579146,0.0369267969469165,-0.0369267969469165
LINK-USD_2020-01-05,LINK-USD,2020-01-05,1.8388789892196653,1.8552290201187127,1.8036819696426392,1.8077869415283203,55235942.0,-0.3233818770154341,0.0183469875634585,-0.1525174447259877,-0.0175780832453473,0.0369420415874028,-0.0369420415874028
LINK-USD_2020-01-06,LINK-USD,2020-01-06,1.8083250522613523,1.938768029212952,1.807983994483948,1.937466025352478,80941179.0,-0.2788817252200828,0.0567099598060392,-0.1110858827070218,0.0717336102198669,0.0381815151565903,-0.0381815151565903
LINK-USD_2020-01-07,LINK-USD,2020-01-07,1.9348360300064087,2.125786066055298,1.9050769805908203,2.114098072052002,140921324.0,-0.2119402056541561,0.1398671997257274,-0.0360365029642143,0.0911665259613467,0.0400370368980696,-0.0400370368980696
LINK-USD_2020-01-08,LINK-USD,2020-01-08,2.113118886947632,2.334433078765869,2.10817289352417,2.183605909347534,192821111.0,-0.2031260835121695,0.2231407905596525,0.0100073535237414,0.0328782463852614,0.0401751411834259,-0.0401751411834259
LINK-USD_2020-01-09,LINK-USD,2020-01-09,2.182257890701294,2.2326951026916504,2.114586114883423,2.186048984527588,109938413.0,-0.1875664884779887,0.215901025769964,0.0141672686459876,0.0011188260526295,0.0401303332028764,-0.0401303332028764
LINK-USD_2020-01-10,LINK-USD,2020-01-10,2.189126968383789,2.2586441040039062,2.1618449687957764,2.223958969116211,109888554.0,-0.1813570469329808,0.284414748498796,0.0515288507829075,0.0173417818433814,0.0401796774206393,-0.0401796774206393
LINK-USD_2020-01-11,LINK-USD,2020-01-11,2.224940061569214,2.3349220752716064,2.22161602973938,2.2832469940185547,107902217.0,-0.1857036825345054,0.2849174851224867,0.0496069012939906,0.0266587764098473,0.0401096214236231,-0.0401096214236231
LINK-USD_2020-01-12,LINK-USD,2020-01-12,2.28276801109314,2.310689926147461,2.226564884185791,2.2451930046081543,87342008.0,-0.1931445637031743,0.2262354925266803,0.0165454644117529,-0.0166666109755496,0.0401446070862958,-0.0401446070862958
LINK-USD_2020-01-13,LINK-USD,2020-01-13,2.243891954421997,2.244438886642456,2.163454055786133,2.192452907562256,78803227.0,-0.202838873365585,0.2201354820942889,0.0086483043643519,-0.0234902286519028,0.0402154071675129,-0.0402154071675129
LINK-USD_2020-01-14,LINK-USD,2020-01-14,2.1920669078826904,2.4506969451904297,2.181480884552002,2.38992691040039,135612258.0,-0.1518498224347809,0.3261678856403651,0.087159031602792,0.0900698948456328,0.0417519423759799,-0.0417519423759799
LINK-USD_2020-01-15,LINK-USD,2020-01-15,2.38350796699524,2.5679140090942383,2.3610169887542725,2.4049770832061768,149371800.0,-0.2031988148781014,0.3862921348932273,0.0915466600075629,0.0062973360148763,0.0407120833320447,-0.0407120833320447
LINK-USD_2020-01-16,LINK-USD,2020-01-16,2.4078218936920166,2.500261068344116,2.2978219985961914,2.4844789505004883,143515776.0,-0.1888835198419839,0.4549204961439368,0.1330184881509764,0.0330572244739746,0.0409036255369197,-0.0409036255369197
LINK-USD_2020-01-17,LINK-USD,2020-01-17,2.4849090576171875,2.836941957473755,2.465605974197388,2.724108934402466,257924221.0,-0.1024802146052543,0.7231021035035365,0.3103109444491411,0.0964508006210738,0.042748747976948,-0.042748747976948
LINK-USD_2020-01-18,LINK-USD,2020-01-18,2.718101024627685,2.7885749340057373,2.603804111480713,2.7741050720214844,167529444.0,-0.0784717195764409,0.7724722241941002,0.3470002523088296,0.0183532079013519,0.0428057285526979,-0.0428057285526979
LINK-USD_2020-01-19,LINK-USD,2020-01-19,2.77640700340271,2.8369929790496826,2.5574629306793213,2.6189510822296143,175287789.0,-0.1067365349075833,0.6191101294788188,0.2561867972856177,-0.0559293847074111,0.0432576086417623,-0.0432576086417623
LINK-USD_2020-01-20,LINK-USD,2020-01-20,2.621630907058716,2.738733053207397,2.552870035171509,2.697299003601074,149645626.0,-0.0457477617023832,0.7056022302966416,0.3299272342971291,0.0299157635677407,0.0431925945946237,-0.0431925945946237
LINK-USD_2020-01-21,LINK-USD,2020-01-21,2.696922063827514,2.735785961151123,2.584949016571045,2.6735498905181885,118493954.0,-0.0301172135047436,0.6407803307362352,0.3053315586157458,-0.0088047758335946,0.0430905232409273,-0.0430905232409273
LINK-USD_2020-01-22,LINK-USD,2020-01-22,2.6780331134796143,2.687733888626098,2.6257619857788086,2.6455819606781006,97214236.0,-0.0231454586382195,0.4617920482701778,0.2193232948159791,-0.0104609717362211,0.0430522434619173,-0.0430522434619173
LINK-USD_2020-01-23,LINK-USD,2020-01-23,2.646260976791382,2.64882493019104,2.436618089675904,2.462109088897705,128284126.0,-0.0343408753891643,0.3125158474823681,0.1390874860466019,-0.0693506663212084,0.043311812340407,-0.043311812340407
LINK-USD_2020-01-24,LINK-USD,2020-01-24,2.465451002120972,2.5299079418182373,2.374825954437256,2.504390001296997,121390827.0,0.0648527635180802,0.3702038275069108,0.2175282955124955,0.0171726397461216,0.0421921180736144,-0.0421921180736144
LINK-USD_2020-01-25,LINK-USD,2020-01-25,2.5048439502716064,2.511652946472168,2.428916931152344,2.456526041030884,96793337.0,0.003719055764892,0.300158528880257,0.1519387923225745,-0.0191120233834686,0.0419777498516903,-0.0419777498516903
LINK-USD_2020-01-26,LINK-USD,2020-01-26,2.4568800926208496,2.572803974151612,2.4373369216918945,2.571582078933716,101906615.0,0.1399917919722615,0.4118710955833462,0.2759314437778039,0.0468368891601689,0.0411204707123191,-0.0411204707123191
LINK-USD_2020-01-27,LINK-USD,2020-01-27,2.5720040798187256,2.676707029342652,2.5720040798187256,2.609652042388916,125100879.0,0.1470670531277838,0.4439130708365593,0.2954900619821715,0.0148041020222795,0.0411418633660823,-0.0411418633660823
LINK-USD_2020-01-28,LINK-USD,2020-01-28,2.6108639240264893,2.6681931018829346,2.5965399742126465,2.655339002609253,130829516.0,0.1664498156740379,0.5297414927153803,0.3480956541947091,0.0175069164310941,0.0411810205126927,-0.0411810205126927
LINK-USD_2020-01-29,LINK-USD,2020-01-29,2.6556100845336914,2.81472110748291,2.6463170051574707,2.7853240966796875,166469457.0,0.2494915399259878,0.5824005305327216,0.4159460352293547,0.048952353708022,0.0414603569581269,-0.0414603569581269
LINK-USD_2020-01-30,LINK-USD,2020-01-30,2.782404899597168,2.939984083175659,2.724334955215454,2.9129879474639893,189044589.0,0.2821673174421539,0.7558952147375575,0.5190312660898557,0.0458344689354055,0.0417487718470082,-0.0417487718470082
LINK-USD_2020-01-31,LINK-USD,2020-01-31,2.9175350666046143,2.9175350666046143,2.782067060470581,2.823791027069092,132881059.0,0.205398721307271,0.6907298231318815,0.4480642722195762,-0.0306204220558313,0.0418456967398351,-0.0418456967398351
LINK-USD_2020-02-01,LINK-USD,2020-02-01,2.8248519897460938,2.8733699321746826,2.7554190158843994,2.838953018188477,121185567.0,0.2662162742711893,0.6824741009485988,0.4743451876098941,0.0053693743531448,0.0414156810823074,-0.0414156810823074
LINK-USD_2020-02-02,LINK-USD,2020-02-02,2.839730024337769,2.892693042755127,2.738210916519165,2.832581043243408,135278751.0,0.3070644395084061,0.649515570369769,0.4782900049390876,-0.0022444805899376,0.0411393949641709,-0.0411393949641709
LINK-USD_2020-02-03,LINK-USD,2020-02-03,2.8315110206604004,2.862968921661377,2.7577741146087646,2.7746589183807373,128902317.0,0.3244347366315065,0.5733756117352309,0.4489051741833687,-0.0204485322673585,0.0409775865554713,-0.0409775865554713
LINK-USD_2020-02-04,LINK-USD,2020-02-04,2.774677038192749,2.800909996032715,2.6864891052246094,2.7411210536956787,134721884.0,0.2869202987976567,0.4903001665539586,0.3886102326758076,-0.0120872026694477,0.0410087636839203,-0.0410087636839203
LINK-USD_2020-02-05,LINK-USD,2020-02-05,2.740072011947632,2.874556064605713,2.730700969696045,2.8456289768218994,157306879.0,0.3890251096603394,0.4110603731046398,0.4000427413824896,0.0381259787798569,0.0408442610442939,-0.0408442610442939
LINK-USD_2020-02-06,LINK-USD,2020-02-06,2.845249891281128,2.92970609664917,2.809412002563477,2.884681940078736,165611492.0,0.4239668818444477,0.4785370329489649,0.4512519573967063,0.0137238422770251,0.0407955368798727,-0.0407955368798727
LINK-USD_2020-02-07,LINK-USD,2020-02-07,2.8841609954833984,3.353101968765259,2.883168935775757,3.3085319995880127,380527539.0,0.5811821513711071,0.6719738252814282,0.6265779883262677,0.146931297215286,0.044362234529203,-0.044362234529203
LINK-USD_2020-02-08,LINK-USD,2020-02-08,3.299607992172241,3.454267978668213,3.147258043289185,3.414457082748413,305697106.0,0.6565448651319694,0.7367498023440044,0.6966473337379869,0.0320157348254726,0.0443608137307247,-0.0443608137307247
LINK-USD_2020-02-09,LINK-USD,2020-02-09,3.412976026535034,3.478377103805542,3.2716081142425537,3.477313041687012,227524199.0,0.6888309614864216,0.5891907759015489,0.6390108686939853,0.0184087711209433,0.044357438468141,-0.044357438468141
LINK-USD_2020-02-10,LINK-USD,2020-02-10,3.4836740493774414,3.484994888305664,3.2932560443878174,3.4114840030670166,232733529.0,0.6314833809631097,0.4203514607270684,0.5259174208450891,-0.0189310073124905,0.0444916587945448,-0.0444916587945448
LINK-USD_2020-02-11,LINK-USD,2020-02-11,3.410835027694702,3.9755589962005615,3.357999086380005,3.9755589962005615,388126746.0,0.7508407860454402,0.5420434182426384,0.6464421021440393,0.1653459294038683,0.0477219414882538,-0.0477219414882538
LINK-USD_2020-02-12,LINK-USD,2020-02-12,3.975200891494751,4.194424152374268,3.868556022644043,4.025118827819824,455111359.0,0.8480386189986207,0.4355669778742084,0.6418027984364145,0.0124661290818792,0.0472771090502415,-0.0472771090502415
LINK-USD_2020-02-13,LINK-USD,2020-02-13,4.017292022705078,4.091565132141113,3.7681610584259033,3.874434947967529,336049071.0,0.8283648521359293,0.4701015140349616,0.6492331830854454,-0.0374358835845629,0.0474289466291158,-0.0474289466291158
LINK-USD_2020-02-14,LINK-USD,2020-02-14,3.875108003616333,4.472705841064453,3.810856103897095,4.41437292098999,416798319.0,1.1250428389267828,0.5922792367643106,0.8586610378455467,0.1393591530826203,0.0499509934306394,-0.0499509934306394
LINK-USD_2020-02-15,LINK-USD,2020-02-15,4.41437292098999,4.607384204864502,4.111406803131104,4.304660797119141,498446606.0,1.1408916990813225,0.6511154116490931,0.8960035553652078,-0.0248533882013405,0.0498535922165318,-0.0498535922165318
LINK-USD_2020-02-16,LINK-USD,2020-02-16,4.312032222747803,4.830978870391846,4.145688056945801,4.504170894622803,640799699.0,1.1583691512275842,0.8035021724856417,0.980935661856613,0.0463474607888227,0.0499322148342191,-0.0499322148342191
LINK-USD_2020-02-17,LINK-USD,2020-02-17,4.489747047424316,4.549448013305664,3.882564067840576,4.297008991241455,529297131.0,1.1684728789621293,0.6919577155190015,0.9302152972405654,-0.04599334888218,0.0498435087488293,-0.0498435087488293
LINK-USD_2020-02-18,LINK-USD,2020-02-18,4.296799182891846,4.592680931091309,4.158082008361816,4.543797016143799,431990469.0,1.5870652074464,0.8973659777115524,1.2422155925789762,0.0574325130353157,0.047402068279249,-0.047402068279249
LINK-USD_2020-02-19,LINK-USD,2020-02-19,4.547123908996582,4.820899963378906,4.357399940490723,4.4013261795043945,415141905.0,1.340233475702132,0.8405972307040392,1.0904153532030856,-0.0313550178701238,0.0472530947556865,-0.0472530947556865
LINK-USD_2020-02-20,LINK-USD,2020-02-20,4.398290157318115,4.465522766113281,4.128582954406738,4.271368980407715,404800386.0,1.3462704995913275,0.7620337494087761,1.0541521245000518,-0.0295268275507163,0.0472143545337348,-0.0472143545337348
LINK-USD_2020-02-21,LINK-USD,2020-02-21,4.270018100738525,4.484146118164063,4.211729049682617,4.292057991027832,339638604.0,1.2314570411700083,0.8197736134081546,1.0256153272890816,0.004843648655739,0.04692333308441,-0.04692333308441
LINK-USD_2020-02-22,LINK-USD,2020-02-22,4.294083118438721,4.335811138153076,4.069707870483398,4.1029372215271,303556869.0,1.1897713084803323,0.7389328111169045,0.9643520597986184,-0.0440629576524996,0.0472268339444783,-0.0472268339444783
LINK-USD_2020-02-23,LINK-USD,2020-02-23,4.108078956604004,4.356912136077881,4.0876288414001465,4.243481159210205,299278626.0,1.1925319062731703,0.7380888068856186,0.9653103565793946,0.0342544694434285,0.0472357387235175,-0.0472357387235175
LINK-USD_2020-02-24,LINK-USD,2020-02-24,4.241330146789551,4.268898010253906,3.82273006439209,3.913672924041748,343314668.0,1.0852347845318384,0.4869328968921225,0.7860838407119805,-0.0777211498754104,0.0483124919243686,-0.0483124919243686
LINK-USD_2020-02-25,LINK-USD,2020-02-25,3.913309097290039,3.952994108200073,3.51310396194458,3.51310396194458,340819809.0,0.8856026652533953,0.34831678022338,0.6169597227383876,-0.1023511596067384,0.0503908343451757,-0.0503908343451757
LINK-USD_2020-02-26,LINK-USD,2020-02-26,3.512078046798706,3.8260788917541504,3.3406689167022705,3.600724935531616,505501668.0,0.9951290034015206,0.3782684461901606,0.6866987247958406,0.0249411843589553,0.0501205803305268,-0.0501205803305268
LINK-USD_2020-02-27,LINK-USD,2020-02-27,3.598227977752685,4.110694885253906,3.4586780071258545,3.9485950469970703,492056386.0,1.1208481800701886,0.4350011493624439,0.7779246647163163,0.096611131839787,0.0511839466208867,-0.0511839466208867
LINK-USD_2020-02-28,LINK-USD,2020-02-28,3.9463140964508057,4.19926118850708,3.788724899291992,4.161910057067871,506674282.0,1.2061473126431146,0.4664475547832913,0.836297433713203,0.0540230151564993,0.0514410490913672,-0.0514410490913672
LINK-USD_2020-02-29,LINK-USD,2020-02-29,4.163207054138184,4.351399898529053,4.108337879180908,4.108541011810303,452201071.0,1.1919957575761049,0.4929307774464095,0.8424632675112572,-0.0128232096623365,0.0514879581018703,-0.0514879581018703
LINK-USD_2020-03-01,LINK-USD,2020-03-01,4.10578203201294,4.20423698425293,3.794214010238648,3.879533052444458,423505999.0,1.0392793292060083,0.4500422885977804,0.7446608089018943,-0.0557394848213865,0.0522273777421835,-0.0522273777421835
LINK-USD_2020-03-02,LINK-USD,2020-03-02,3.8802530765533447,4.313528060913086,3.830100059509277,4.2150068283081055,437170132.0,1.2920426447282174,0.5774879984252799,0.9347653215767486,0.0864727201260131,0.052703957388156,-0.052703957388156
LINK-USD_2020-03-03,LINK-USD,2020-03-03,4.214069843292236,4.657595157623291,4.154643058776856,4.583631992340088,518469329.0,1.59039671439136,0.7166878471745988,1.1535422807829794,0.0874554132525444,0.0530576679536123,-0.0530576679536123
LINK-USD_2020-03-04,LINK-USD,2020-03-04,4.582993984222412,4.9504499435424805,4.563704013824463,4.644871234893799,662474676.0,1.57099984526758,0.7700067204282759,1.1705032828479278,0.0133604186933091,0.0530560919157927,-0.0530560919157927
LINK-USD_2020-03-05,LINK-USD,2020-03-05,4.642681121826172,4.88531494140625,4.635666847229004,4.721253871917725,542142056.0,1.7115815977982405,0.7243880484278993,1.21798482311307,0.0164445111955127,0.0526255414215828,-0.0526255414215828
LINK-USD_2020-03-06,LINK-USD,2020-03-06,4.720170021057129,4.7458977699279785,4.570166110992432,4.678497791290283,384700765.0,1.5852224741684156,0.7200220640588735,1.1526222691136443,-0.0090560859016196,0.0526512905609243,-0.0526512905609243
LINK-USD_2020-03-07,LINK-USD,2020-03-07,4.675084114074707,4.678994178771973,4.340524196624756,4.344593048095703,375742253.0,1.3610212751181412,0.6029543725824345,0.9819878238502878,-0.0713700760565053,0.0538027380479657,-0.0538027380479657
LINK-USD_2020-03-08,LINK-USD,2020-03-08,4.346773147583008,4.432005882263184,3.904834985733032,4.0896711349487305,554855517.0,1.262252835774598,0.5306812674583201,0.8964670516164591,-0.0586756711905868,0.0544507372450452,-0.0544507372450452
LINK-USD_2020-03-09,LINK-USD,2020-03-09,4.083906173706055,4.3434739112854,3.676137924194336,4.063914775848389,751627574.0,1.097541181455841,0.5125752780512651,0.8050582297535529,-0.0062979047093146,0.0540126458299024,-0.0540126458299024
LINK-USD_2020-03-10,LINK-USD,2020-03-10,4.094791889190674,4.204220771789551,3.9509260654449454,4.08493185043335,531064759.0,0.9322338468756096,0.5227158079968717,0.7274748274362407,0.0051716327098845,0.0530897956838176,-0.0530897956838176
LINK-USD_2020-03-11,LINK-USD,2020-03-11,4.087635040283203,4.106828212738037,3.6006019115448,3.817517042160034,464691611.0,0.7482628279297503,0.3931450467424702,0.5707039373361102,-0.0654637134876428,0.0539012812660648,-0.0539012812660648
LINK-USD_2020-03-12,LINK-USD,2020-03-12,3.817239999771118,3.8340680599212646,1.9682929515838623,2.064779043197632,678674595.0,-0.0554744848758103,-0.2326358190255179,-0.1440551519506641,-0.4591303665721594,0.0800247392061963,-0.0800247392061963
LINK-USD_2020-03-13,LINK-USD,2020-03-13,2.0634210109710693,2.7146248817443848,1.5068680047988892,2.4211349487304688,905688605.0,0.0886598999138075,-0.1087762446489151,-0.0100581723675537,0.1725879128359246,0.0828154231354464,-0.0828154231354464
LINK-USD_2020-03-14,LINK-USD,2020-03-14,2.425879955291748,2.5017430782318115,2.0986850261688232,2.1435179710388184,448070726.0,-0.0611975065973089,-0.2355365867947644,-0.1483670466960366,-0.114663983450084,0.0841352701220043,-0.0841352701220043
LINK-USD_2020-03-15,LINK-USD,2020-03-15,2.143371105194092,2.356726884841919,2.0500290393829346,2.109210968017578,440244557.0,-0.0605658561698166,-0.2420124540077626,-0.1512891550887896,-0.0160049990178593,0.0841327902637417,-0.0841327902637417
LINK-USD_2020-03-16,LINK-USD,2020-03-16,2.1119940280914307,2.1119940280914307,1.5996659994125366,1.779876947402954,539952973.0,-0.1881800784574372,-0.3528487167188684,-0.2705143975881528,-0.1561408629143252,0.0864403311514461,-0.0864403311514461
LINK-USD_2020-03-17,LINK-USD,2020-03-17,1.77844500541687,2.046241044998169,1.757125973701477,1.842805027961731,402042487.0,-0.2289282906760519,-0.3460153928213765,-0.2874718417487142,0.0353552983820573,0.0858047007628953,-0.0858047007628953
LINK-USD_2020-03-18,LINK-USD,2020-03-18,1.841493964195252,1.905583024024964,1.784832000732422,1.8876999616622925,304298998.0,-0.2150860917370074,-0.3745796676773864,-0.2948328797071969,0.024362280881238,0.0858554154662172,-0.0858554154662172
LINK-USD_2020-03-19,LINK-USD,2020-03-19,1.8920530080795288,2.343813896179199,1.8831729888916016,2.246665954589844,447725949.0,-0.0957194649859027,-0.2665231553639579,-0.1811213101749303,0.1901605129087618,0.0890378814594241,-0.0890378814594241
LINK-USD_2020-03-20,LINK-USD,2020-03-20,2.24881911277771,2.6032700538635254,2.0907459259033203,2.247900009155273,526429075.0,-0.1748127320582535,-0.2593781003664472,-0.2170954162123504,0.0005492826216142,0.0882310401968235,-0.0882310401968235
LINK-USD_2020-03-21,LINK-USD,2020-03-21,2.248553991317749,2.3314249515533447,2.129991054534912,2.271615028381348,317973845.0,-0.1811359089127697,-0.2453935822397841,-0.2132647455762769,0.0105498550333593,0.0882124824026919,-0.0882124824026919
LINK-USD_2020-03-22,LINK-USD,2020-03-22,2.2728090286254883,2.314800977706909,1.9641350507736208,1.9888650178909304,295425228.0,-0.240587183401023,-0.3216442760092058,-0.2811157297051144,-0.1244709191292385,0.0893461135257275,-0.0893461135257275
LINK-USD_2020-03-23,LINK-USD,2020-03-23,1.9896650314331048,2.23779296875,1.9494060277938845,2.23779296875,354551260.0,-0.1703578410245223,-0.2083121128115832,-0.1893349769180528,0.1251608071034617,0.0906517167886936,-0.0906517167886936
LINK-USD_2020-03-24,LINK-USD,2020-03-24,2.233726978302002,2.358652114868164,2.199892997741699,2.307897090911865,321474267.0,-0.1367667762262902,-0.162764955531071,-0.1497658658786806,0.0313273493754089,0.0907169381031478,-0.0907169381031478
LINK-USD_2020-03-25,LINK-USD,2020-03-25,2.309504985809326,2.3293099403381348,2.215296030044556,2.2596750259399414,257497959.0,-0.1458684480291987,-0.1656377145369372,-0.1557530812830679,-0.0208943740003895,0.090750391262336,-0.090750391262336
LINK-USD_2020-03-26,LINK-USD,2020-03-26,2.2592830657958984,2.295137882232666,2.2282838821411133,2.295137882232666,209695287.0,-0.0678163317043732,-0.0998283348971275,-0.0838223333007504,0.01569378600269,0.0902991439398996,-0.0902991439398996
LINK-USD_2020-03-27,LINK-USD,2020-03-27,2.295300006866455,2.335921049118042,2.174971103668213,2.174971103668213,222982485.0,-0.1315365807474801,-0.0752143279945931,-0.1033754543710366,-0.0523571065140353,0.0905554504870391,-0.0905554504870391
LINK-USD_2020-03-28,LINK-USD,2020-03-28,2.175417900085449,2.180166959762573,2.065829038619995,2.1367108821868896,234279603.0,-0.1301900136624577,-0.1269551418184085,-0.1285725777404331,-0.0175911401382736,0.0905497923476698,-0.0905497923476698
LINK-USD_2020-03-29,LINK-USD,2020-03-29,2.13758397102356,2.1518259048461914,2.022979021072388,2.025167942047119,178728617.0,-0.2124817019696927,-0.1022356042174844,-0.1573586530935886,-0.0522031038778667,0.0906281617462683,-0.0906281617462683
LINK-USD_2020-03-30,LINK-USD,2020-03-30,2.024465084075928,2.182231903076172,2.0154800415039062,2.153320074081421,220332929.0,-0.1748631468468729,-0.0535127014265096,-0.1141879241366913,0.0632797554087096,0.0909526705130246,-0.0909526705130246
LINK-USD_2020-03-31,LINK-USD,2020-03-31,2.1497719287872314,2.277843952178955,2.122720956802368,2.270344018936157,239526252.0,-0.1449890139431474,-0.0026725929147068,-0.0738308034289271,0.0543458198636153,0.0911737943803987,-0.0911737943803987
LINK-USD_2020-04-01,LINK-USD,2020-04-01,2.270344018936157,2.2952868938446045,2.161498069763184,2.278259992599488,289006168.0,-0.1820485108661708,0.022023465742583,-0.0800125225617938,0.0034866846598167,0.0909785327769541,-0.0909785327769541
LINK-USD_2020-04-02,LINK-USD,2020-04-02,2.2746269702911377,2.389772891998291,2.2659459114074707,2.301708936691284,294353542.0,-0.2098460487297507,0.0131095720664939,-0.0983682383316283,0.0102924794219998,0.0908099005105042,-0.0908099005105042
LINK-USD_2020-04-03,LINK-USD,2020-04-03,2.301745891571045,2.379148006439209,2.2866909503936768,2.3050670623779297,226925452.0,-0.1836977169056179,-0.0160302717578258,-0.0998639943317219,0.0014589706079313,0.090719382157647,-0.090719382157647
LINK-USD_2020-04-04,LINK-USD,2020-04-04,2.3050670623779297,2.326719045639038,2.271449089050293,2.326212882995605,194260780.0,-0.1806088835947166,0.0375263665856082,-0.0715412585045541,0.0091736249078415,0.0907232296058442,-0.0907232296058442
LINK-USD_2020-04-05,LINK-USD,2020-04-05,2.326411008834839,2.3271450996398926,2.2632040977478027,2.277324914932251,161676431.0,-0.1960247985262828,0.0508473960929019,-0.0725887012166904,-0.0210161195566925,0.0907669187696449,-0.0907669187696449
LINK-USD_2020-04-06,LINK-USD,2020-04-06,2.277657985687256,2.515688896179199,2.2776029109954834,2.513413906097412,325590660.0,-0.0941539194431094,0.1997340151310478,0.0527900478439691,0.1036694367225086,0.0916298212086624,-0.0916298212086624
LINK-USD_2020-04-07,LINK-USD,2020-04-07,2.524461030960083,2.873554944992065,2.524461030960083,2.717984914779663,577910419.0,-0.0084403929862282,0.2760581857338502,0.133808896373811,0.0813916912713708,0.0921323639353891,-0.0921323639353891
LINK-USD_2020-04-08,LINK-USD,2020-04-08,2.7207040786743164,3.2404980659484863,2.714643955230713,3.139040946960449,518682498.0,0.1031097070378594,0.5322470817856477,0.3176783944117536,0.1549147789199263,0.0939709671581259,-0.0939709671581259
LINK-USD_2020-04-09,LINK-USD,2020-04-09,3.140662908554077,3.449470996856689,3.1310269832611084,3.3216938972473145,734770971.0,0.1514939831309967,0.6396892966216885,0.3955916398763426,0.0581875016519708,0.0941918729453073,-0.0941918729453073
LINK-USD_2020-04-10,LINK-USD,2020-04-10,3.3222150802612305,3.32771110534668,2.9744880199432373,3.217099905014038,748426338.0,-0.0276352456573972,0.5374857941888747,0.2549252742657387,-0.031488148959166,0.0925954863965123,-0.0925954863965123
LINK-USD_2020-04-11,LINK-USD,2020-04-11,3.217099905014038,3.424746036529541,3.089018106460572,3.282313108444214,653196770.0,-0.0387013135915101,0.592434402828091,0.2768665446182904,0.0202708045617536,0.0925509995966505,-0.0925509995966505
LINK-USD_2020-04-12,LINK-USD,2020-04-12,3.287004947662353,3.589920997619629,3.186141014099121,3.4626119136810303,712633668.0,-0.0042277263593298,0.681691046314093,0.3387316599773816,0.0549304101345395,0.092754888157953,-0.092754888157953
LINK-USD_2020-04-13,LINK-USD,2020-04-13,3.467358112335205,3.467358112335205,3.307966947555542,3.369805097579956,663413131.0,-0.01221723609127,0.6115511633188999,0.2996669636138149,-0.0268025462900961,0.0927927873977774,-0.0927927873977774
LINK-USD_2020-04-14,LINK-USD,2020-04-14,3.373528957366944,3.438153982162476,3.230804920196533,3.236891984939575,497025727.0,-0.1858020499675466,0.4255309788314065,0.1198644644319299,-0.0394423739034145,0.0906387206962483,-0.0906387206962483
LINK-USD_2020-04-15,LINK-USD,2020-04-15,3.2406930923461914,3.3065900802612305,3.128572940826416,3.1290149688720703,425648503.0,-0.222627926597914,0.4366136129780853,0.1069928431900856,-0.0333273450487161,0.0907330476016997,-0.0907330476016997
LINK-USD_2020-04-16,LINK-USD,2020-04-16,3.1300110816955566,3.5157220363616943,3.0189900398254395,3.4686479568481445,599436392.0,-0.1047344958862335,0.6368719810513648,0.2660687425825656,0.1085431010572963,0.0916010057212672,-0.0916010057212672
LINK-USD_2020-04-17,LINK-USD,2020-04-17,3.4748311042785645,3.5285449028015137,3.4103970527648926,3.477046012878418,431088440.0,-0.2123352342197139,0.6738213699963387,0.2307430678883124,0.0024211324224163,0.0899250261035818,-0.0899250261035818
LINK-USD_2020-04-18,LINK-USD,2020-04-18,3.478847026824951,3.801482915878296,3.476430892944336,3.783458948135376,517130842.0,-0.1210784945779176,0.8816757551021956,0.380298630262139,0.0881244982442146,0.0905270344541478,-0.0905270344541478
LINK-USD_2020-04-19,LINK-USD,2020-04-19,3.781353950500488,3.8063039779663086,3.5883378982543945,3.63756799697876,497819796.0,-0.1924000926959977,0.743098726459215,0.2753493168816086,-0.0385602046055015,0.0904991453460997,-0.0904991453460997
LINK-USD_2020-04-20,LINK-USD,2020-04-20,3.6364200115203857,3.782010078430176,3.431947946548462,3.458327054977417,511701400.0,-0.1951780733932635,0.7452345202407571,0.2750282234237468,-0.0492749392314355,0.09052778968863,-0.09052778968863
LINK-USD_2020-04-21,LINK-USD,2020-04-21,3.454817056655884,3.57875394821167,3.432499885559082,3.476279020309448,386134896.0,-0.2349396313350998,0.9792610613690788,0.3721607150169895,0.0051909391583404,0.0902443736310304,-0.0902443736310304
LINK-USD_2020-04-22,LINK-USD,2020-04-22,3.474642038345337,3.696639060974121,3.460779905319214,3.678814888000488,419768838.0,-0.164157633866905,0.9560662856347466,0.3959543258839207,0.0582622587277275,0.0904403239272935,-0.0904403239272935
LINK-USD_2020-04-23,LINK-USD,2020-04-23,3.6801540851593018,3.822026014328003,3.634202003479004,3.72500991821289,458394827.0,-0.127911932848909,1.0461545050022254,0.4591212860766582,0.0125570412262603,0.0903597081313329,-0.0903597081313329
LINK-USD_2020-04-24,LINK-USD,2020-04-24,3.735023021697998,3.89466404914856,3.731252908706665,3.804795026779175,356971612.0,-0.1135266497487306,0.978127199227762,0.4323002747395157,0.0214187640618583,0.0903905140207857,-0.0903905140207857
LINK-USD_2020-04-25,LINK-USD,2020-04-25,3.804563045501709,3.8878579139709473,3.777780055999756,3.803087949752808,326366096.0,-0.073081613386882,1.0297392883082854,0.4783288374607017,-0.0004486646493048,0.0901922286108407,-0.0901922286108407
LINK-USD_2020-04-26,LINK-USD,2020-04-26,3.8024110794067374,3.830337047576904,3.696692943572998,3.716778039932251,373262888.0,-0.1241205273492916,0.9203936898363968,0.3981365812435526,-0.0226946920399689,0.0901648205757554,-0.0901648205757554
LINK-USD_2020-04-27,LINK-USD,2020-04-27,3.720202922821045,3.742609977722168,3.496061086654663,3.641899108886719,418502740.0,-0.0694421379685354,0.9404316229275892,0.4354947424795268,-0.0201461938918732,0.0896273734581482,-0.0896273734581482
LINK-USD_2020-04-28,LINK-USD,2020-04-28,3.6429951190948486,3.736406087875366,3.595576047897339,3.6753249168396,336584772.0,0.046175961956226,0.9726721821886944,0.5094240720724602,0.0091781257397596,0.0885974093312007,-0.0885974093312007
LINK-USD_2020-04-29,LINK-USD,2020-04-29,3.6787478923797607,3.963845014572144,3.646955966949463,3.906069040298462,479767865.0,0.0848007304733939,1.164317400278624,0.624559065376009,0.0627819658614776,0.0888604486773615,-0.0888604486773615
LINK-USD_2020-04-30,LINK-USD,2020-04-30,3.907042026519776,3.9627981185913086,3.680885076522827,3.720477104187012,469432714.0,-0.0577719264940939,0.9983226949060408,0.4702753842059735,-0.0475137367508662,0.0883417341694539,-0.0883417341694539
LINK-USD_2020-05-01,LINK-USD,2020-05-01,3.720477104187012,3.911731004714966,3.716373920440674,3.783184051513672,387173588.0,-0.0909981235445096,1.0053920469298283,0.4571969616926594,0.0168545446109826,0.0881236358811516,-0.0881236358811516
LINK-USD_2020-05-02,LINK-USD,2020-05-02,3.7818000316619873,3.868791103363037,3.767915964126587,3.822182893753052,312851882.0,-0.0696982498736396,1.0392174895426076,0.484759619834484,0.0103084707770897,0.0881046446678003,-0.0881046446678003
LINK-USD_2020-05-03,LINK-USD,2020-05-03,3.823708057403565,3.86879301071167,3.667546033859253,3.722168922424317,332486849.0,-0.0405626470744945,0.9565607614891132,0.4579990572073093,-0.0261667152276249,0.0878628619865731,-0.0878628619865731
LINK-USD_2020-05-04,LINK-USD,2020-05-04,3.7209300994873047,3.825416088104248,3.5401060581207275,3.767899990081787,400808105.0,-0.1060749973697636,1.0489142272172851,0.4714196149237608,0.0122861344045839,0.0872329645120651,-0.0872329645120651
LINK-USD_2020-05-05,LINK-USD,2020-05-05,3.769418954849243,3.804161071777344,3.6754629611968994,3.687693119049072,307442156.0,-0.1954648354816136,1.0840652467807406,0.4443002056495634,-0.0212868895787688,0.086602493014488,-0.086602493014488
LINK-USD_2020-05-06,LINK-USD,2020-05-06,3.6819870471954346,3.765649080276489,3.633852005004883,3.636457920074463,330568230.0,-0.2171025339182287,1.0128292641566143,0.3978633651191928,-0.0138935636238138,0.0866077081440009,-0.0866077081440009
LINK-USD_2020-05-07,LINK-USD,2020-05-07,3.638045072555542,3.830075979232788,3.5780999660491943,3.754018068313599,415098619.0,-0.2048684162818053,1.156064170238428,0.4755978769783113,0.0323282025594644,0.0866778316007313,-0.0866778316007313
LINK-USD_2020-05-08,LINK-USD,2020-05-08,3.755024909973145,3.861372947692871,3.705874919891357,3.8221089839935294,394360542.0,-0.1830478169490746,1.1120031439442015,0.4644776634975634,0.0181381427688542,0.0866956849621639,-0.0866956849621639
LINK-USD_2020-05-09,LINK-USD,2020-05-09,3.82074499130249,4.179734230041504,3.797805070877075,4.040320873260498,596770802.0,-0.070034677924224,1.1956679105430017,0.5628166163093888,0.0570920112903139,0.0864710521360182,-0.0864710521360182
LINK-USD_2020-05-10,LINK-USD,2020-05-10,4.037355899810791,4.037355899810791,3.6007630825042725,3.761324882507324,614483574.0,-0.0802867129426343,1.0806239917451026,0.5001686394012341,-0.0690529290877897,0.0866007370651835,-0.0866007370651835
LINK-USD_2020-05-11,LINK-USD,2020-05-11,3.763223886489868,3.822848081588745,3.409658908843994,3.5850648880004883,465004956.0,-0.1178297071320682,0.8503885183474467,0.3662794056076892,-0.0468611460090998,0.0868222633334126,-0.0868222633334126
LINK-USD_2020-05-12,LINK-USD,2020-05-12,3.5884149074554443,3.7906339168548575,3.559628963470459,3.692373991012573,358470475.0,-0.0960989984151466,0.7465481094870177,0.3252245555359355,0.029932262417692,0.0868907574942281,-0.0868907574942281
LINK-USD_2020-05-13,LINK-USD,2020-05-13,3.69050407409668,3.802369117736816,3.668020009994507,3.7604238986968994,319801650.0,-0.0149555700295788,0.7221165607765376,0.3535804953734794,0.0184298524065988,0.0864687305518708,-0.0864687305518708
LINK-USD_2020-05-14,LINK-USD,2020-05-14,3.756982088088989,3.849008083343506,3.703131914138794,3.799386978149414,376043732.0,0.8400937333543796,0.7380154813733388,0.7890546073638592,0.010361353002255,0.0629187620571955,-0.0629187620571955
LINK-USD_2020-05-15,LINK-USD,2020-05-15,3.798476934432984,3.837192058563232,3.649991035461426,3.6746530532836914,326992724.0,0.5177398745206292,0.6523025398908229,0.585021207205726,-0.0328300132582118,0.0596827116771587,-0.0596827116771587
LINK-USD_2020-05-16,LINK-USD,2020-05-16,3.67318606376648,3.78499698638916,3.63015389442444,3.7600948810577393,298753874.0,0.7541699821790975,0.646819153121891,0.7004945676504942,0.0232516720721964,0.0575895334682588,-0.0575895334682588
LINK-USD_2020-05-17,LINK-USD,2020-05-17,3.7584269046783447,3.8385770320892334,3.7553670406341553,3.7843289375305176,324792191.0,0.794191759341818,0.685524999304451,0.7398583793231345,0.006445065148452,0.057491852099776,-0.057491852099776
LINK-USD_2020-05-18,LINK-USD,2020-05-18,3.784677028656006,3.941819906234741,3.782275915145874,3.885345935821533,384696302.0,1.182929523016016,0.7721456741078061,0.977537598561911,0.0266935036458364,0.053391134675274,-0.053391134675274
LINK-USD_2020-05-19,LINK-USD,2020-05-19,3.884805917739868,3.922658920288086,3.7945010662078857,3.922476053237915,342003354.0,1.12853557143614,0.6412535614240911,0.8848945664301155,0.0095564508359615,0.053322211594658,-0.053322211594658
LINK-USD_2020-05-20,LINK-USD,2020-05-20,3.92220401763916,4.122751235961914,3.920516014099121,4.071049213409424,501477865.0,1.1566187932877283,0.6927600856728895,0.9246894394803088,0.0378773912587344,0.0533941103828426,-0.0533941103828426
LINK-USD_2020-05-21,LINK-USD,2020-05-21,4.074099063873291,4.149264812469482,3.767086982727051,3.8477509021759033,475890242.0,0.712649312335512,0.5487154364502824,0.6306823743928972,-0.0548503099638317,0.0490770183382101,-0.0490770183382101
LINK-USD_2020-05-22,LINK-USD,2020-05-22,3.846107006072998,4.118733882904053,3.812580108642578,4.070281982421875,391293983.0,0.8107041976263996,0.4941700498899808,0.6524371237581902,0.0578340661606058,0.0494333950009367,-0.0494333950009367
LINK-USD_2020-05-23,LINK-USD,2020-05-23,4.067676067352295,4.0972208976745605,3.926330089569092,3.9550609588623047,350387118.0,0.7410788841630904,0.425706977991378,0.5833929310772342,-0.0283078725398313,0.0496764598723388,-0.0496764598723388
LINK-USD_2020-05-24,LINK-USD,2020-05-24,3.953497886657715,4.02267599105835,3.835856914520264,3.836322069168091,338608148.0,0.9289001690201556,0.4648315102938394,0.6968658396569976,-0.0300220125376701,0.0468994070531208,-0.0468994070531208
LINK-USD_2020-05-25,LINK-USD,2020-05-25,3.827349901199341,3.90187406539917,3.80216908454895,3.8699328899383545,319542427.0,0.7293525111485382,0.4347437509789369,0.5820481310637375,0.0087612093469389,0.0445864731177199,-0.0445864731177199
LINK-USD_2020-05-26,LINK-USD,2020-05-26,3.868339061737061,3.88032603263855,3.788166046142578,3.8362770080566406,294932100.0,0.6622391973902542,0.434900101046213,0.5485696492182336,-0.008696761116767,0.0445582293941537,-0.0445582293941537
LINK-USD_2020-05-27,LINK-USD,2020-05-27,3.8362770080566406,3.919543981552124,3.816481113433838,3.8577029705047607,303730714.0,0.7071937009615348,0.4581680053170518,0.5826808531392933,0.0055850926309866,0.0443958296508149,-0.0443958296508149
LINK-USD_2020-05-28,LINK-USD,2020-05-28,3.857870101928711,4.03584623336792,3.840473890304565,4.025351047515869,317138604.0,0.7538602271686112,0.6349198602398374,0.6943900437042243,0.0434580055263229,0.0445959808556939,-0.0445959808556939
LINK-USD_2020-05-29,LINK-USD,2020-05-29,4.028436183929443,4.107283115386963,3.958908081054688,3.986593961715698,328730888.0,0.8329411158576221,0.5918423087662397,0.7123917123119309,-0.0096282498948977,0.0439540426786633,-0.0439540426786633
LINK-USD_2020-05-30,LINK-USD,2020-05-30,3.988126993179321,4.16874885559082,3.9480950832366943,4.168448925018311,356995900.0,0.9508717626560548,0.6968877412221599,0.8238797519391073,0.0456166253822221,0.0440218174760246,-0.0440218174760246
LINK-USD_2020-05-31,LINK-USD,2020-05-31,4.167991161346436,4.259027004241943,4.063654899597168,4.129938125610352,378972618.0,1.0393064890389527,0.6059911754101175,0.8226488322245351,-0.0092386401034746,0.0433452065752849,-0.0433452065752849
LINK-USD_2020-06-01,LINK-USD,2020-06-01,4.1323018074035645,4.471899032592773,4.124889850616455,4.380641937255859,491355312.0,1.0343663675380848,0.6786306626709329,0.8564985151045088,0.0607040115421722,0.043297506722381,-0.043297506722381
LINK-USD_2020-06-02,LINK-USD,2020-06-02,4.378785133361816,4.606598854064941,4.215248107910156,4.386834144592285,447755930.0,0.9322332245700272,0.6520806346314307,0.7921569296007289,0.0014135387975362,0.0429794958602022,-0.0429794958602022
LINK-USD_2020-06-03,LINK-USD,2020-06-03,4.388883113861084,4.5350260734558105,4.32145881652832,4.490728855133057,347465695.0,0.9711222027864992,0.6122823410339708,0.791702271910235,0.0236833003292007,0.0429949071602196,-0.0429949071602196
LINK-USD_2020-06-04,LINK-USD,2020-06-04,4.489376068115234,4.50584888458252,4.318118095397949,4.433020114898682,318417019.0,0.9259690242464652,0.5218120345324508,0.7238905293894581,-0.0128506400844958,0.0431059521525691,-0.0431059521525691
LINK-USD_2020-06-05,LINK-USD,2020-06-05,4.4333109855651855,4.488824844360352,4.3590850830078125,4.377437114715576,298753116.0,0.8990497873843937,0.5501986771517813,0.7246242322680875,-0.0125384046862995,0.0431937092695729,-0.0431937092695729
LINK-USD_2020-06-06,LINK-USD,2020-06-06,4.377437114715576,4.412961006164551,4.326351165771484,4.342623233795166,270796645.0,0.8668210745195888,0.5296566043795168,0.6982388394495528,-0.0079530282236098,0.0432600146735552,-0.0432600146735552
LINK-USD_2020-06-07,LINK-USD,2020-06-07,4.343420028686523,4.400476932525635,4.238164901733398,4.34993314743042,282338155.0,0.9101065108927716,0.535678266931275,0.7228923889120233,0.001683294460907,0.0430844972420008,-0.0430844972420008
LINK-USD_2020-06-08,LINK-USD,2020-06-08,4.34972620010376,4.45782995223999,4.329157829284668,4.45782995223999,283855463.0,0.7736155359948973,0.6066226816957865,0.6901191088453419,0.0248042443763318,0.0414702359252545,-0.0414702359252545
LINK-USD_2020-06-09,LINK-USD,2020-06-09,4.459242820739746,4.483732223510742,4.38678503036499,4.450149059295654,305409412.0,0.6372971884784766,0.6234777567724716,0.6303874726254741,-0.0017230116506522,0.0404711208204605,-0.0404711208204605
LINK-USD_2020-06-10,LINK-USD,2020-06-10,4.450753211975098,4.4513468742370605,4.339416027069092,4.420300960540772,294672252.0,0.4081692578177338,0.5533651774510404,0.4807672176343871,-0.0067072132544715,0.0359154282944631,-0.0359154282944631
LINK-USD_2020-06-11,LINK-USD,2020-06-11,4.420209884643555,4.455309867858887,3.936310052871704,3.9712119102478014,352495642.0,0.1955381901802397,0.3766550325958671,0.2860966113880534,-0.1015969397337211,0.0377698586934931,-0.0377698586934931
LINK-USD_2020-06-12,LINK-USD,2020-06-12,3.976335048675537,4.178534984588623,3.8941409587860094,4.090941905975342,327861604.0,0.2716241418550198,0.2364824963109792,0.2540533190829995,0.0301494854552017,0.0376460450432069,-0.0376460450432069
LINK-USD_2020-06-13,LINK-USD,2020-06-13,4.091304779052734,4.124667167663574,4.022387027740479,4.11465311050415,268974930.0,0.2535833647066223,0.2050680417960109,0.2293257032513166,0.0057960257255609,0.0375924736298815,-0.0375924736298815
LINK-USD_2020-06-14,LINK-USD,2020-06-14,4.114292144775391,4.11690616607666,3.955013036727905,3.955013036727905,259255316.0,0.142205114324641,0.1373761836550491,0.139790648989845,-0.0387979422539183,0.0374101105141386,-0.0374101105141386
LINK-USD_2020-06-15,LINK-USD,2020-06-15,3.955013036727905,3.993211030960083,3.679600954055786,3.933902978897095,368088618.0,0.1673977767207513,0.1531354024701301,0.1602665895954407,-0.0053375444365854,0.0372334987158834,-0.0372334987158834
LINK-USD_2020-06-16,LINK-USD,2020-06-16,3.932730913162232,4.084105014801025,3.901948928833008,4.0487141609191895,300222404.0,0.250802986246317,0.0184012272962224,0.1346021067712697,0.0291850568349001,0.0369705859503365,-0.0369705859503365
LINK-USD_2020-06-17,LINK-USD,2020-06-17,4.04899787902832,4.170400142669678,3.995388984680176,4.163669109344482,319675762.0,0.3306644905074962,0.0344214139883425,0.1825429522479194,0.0283929523933579,0.0367765930586699,-0.0367765930586699
LINK-USD_2020-06-18,LINK-USD,2020-06-18,4.163669109344482,4.233524799346924,4.118673801422119,4.168980121612549,299551097.0,0.2019035005791636,0.0760227433421056,0.1389631219606346,0.0012755606001799,0.0343160932832237,-0.0343160932832237
LINK-USD_2020-06-19,LINK-USD,2020-06-19,4.166748046875,4.188111782073975,4.0538649559021,4.079961776733398,285917523.0,0.1733988453479986,-0.0757550733121104,0.0488218860179441,-0.021352547213566,0.0344586299617513,-0.0344586299617513
LINK-USD_2020-06-20,LINK-USD,2020-06-20,4.079961776733398,4.213245868682861,4.051276206970215,4.170770168304443,300428191.0,0.1023696108451099,-0.0311036421044609,0.0356329843703245,0.0222571672335003,0.0327973529526105,-0.0327973529526105
LINK-USD_2020-06-21,LINK-USD,2020-06-21,4.172563076019287,4.210525989532471,4.153770923614502,4.189149856567383,260111856.0,0.1516347900703842,-0.0699398502910936,0.0408474698896453,0.004406785203034,0.0323826820368437,-0.0323826820368437
LINK-USD_2020-06-22,LINK-USD,2020-06-22,4.189326763153076,4.470361232757568,4.185729026794434,4.4679341316223145,354320997.0,0.291935106366477,0.039777701356747,0.165856403861612,0.0665491292028805,0.0326671723216805,-0.0326671723216805
LINK-USD_2020-06-23,LINK-USD,2020-06-23,4.464268207550049,4.943842887878418,4.407520771026611,4.8062520027160645,524401734.0,0.3825852224854571,0.0577611600253666,0.2201731912554119,0.0757213202180548,0.0338739152657705,-0.0338739152657705
LINK-USD_2020-06-24,LINK-USD,2020-06-24,4.808690071105957,4.9341559410095215,4.547306060791016,4.719017028808594,477169366.0,0.2827546839067723,0.0721807101649467,0.1774676970358595,-0.0181503121056019,0.0333259217396265,-0.0333259217396265
LINK-USD_2020-06-25,LINK-USD,2020-06-25,4.714187145233154,4.8244309425354,4.547369956970215,4.814206123352051,417488409.0,0.2924008872603789,0.1270873917552588,0.2097441395078189,0.0201713818709168,0.0333693560886941,-0.0333693560886941
LINK-USD_2020-06-26,LINK-USD,2020-06-26,4.811047077178955,4.860595226287842,4.662483215332031,4.680805206298828,366958108.0,0.2302384683942386,0.0905736166854309,0.1604060425398348,-0.0277098474047757,0.0335442959760222,-0.0335442959760222
LINK-USD_2020-06-27,LINK-USD,2020-06-27,4.679469108581543,4.701204776763916,4.373350143432617,4.426551818847656,348981374.0,0.1639362216525579,0.0788738846947574,0.1214050531736576,-0.0543183012847939,0.0343329842018946,-0.0343329842018946
LINK-USD_2020-06-28,LINK-USD,2020-06-28,4.426551818847656,4.629578113555908,4.376414775848389,4.563483238220215,329798147.0,0.2278062314163365,0.0754102744901943,0.1516082529532654,0.0309341051401506,0.0343505710823924,-0.0343505710823924
LINK-USD_2020-06-29,LINK-USD,2020-06-29,4.567780017852783,4.6526780128479,4.445292949676514,4.617929935455322,321184231.0,0.268000512201713,0.179947845689228,0.2239741789454705,0.0119309515107022,0.0342267029615428,-0.0342267029615428
LINK-USD_2020-06-30,LINK-USD,2020-06-30,4.61474609375,4.66851806640625,4.554086208343506,4.569189071655273,287882848.0,0.2432068388621009,0.3006131105571175,0.2719099747096092,-0.0105546997207186,0.0342721252871054,-0.0342721252871054
LINK-USD_2020-07-01,LINK-USD,2020-07-01,4.568796157836914,4.740478992462158,4.530694007873535,4.698256015777588,320994716.0,0.2028092610003111,0.3048083649533009,0.253808812976806,0.0282472320795335,0.0335867969275761,-0.0335867969275761
LINK-USD_2020-07-02,LINK-USD,2020-07-02,4.709296226501465,4.912622928619385,4.670608043670654,4.846618175506592,429438118.0,0.30268727364354,0.2274285202258137,0.2650578969346768,0.0315781343610857,0.0331244039459632,-0.0331244039459632
LINK-USD_2020-07-03,LINK-USD,2020-07-03,4.848127841949463,4.90726900100708,4.7294230461120605,4.744166851043701,348151084.0,0.2540142870251145,0.139901340007823,0.1969578135164688,-0.0211387241067699,0.0332461096318067,-0.0332461096318067
LINK-USD_2020-07-04,LINK-USD,2020-07-04,4.741215229034424,4.849112987518311,4.722372055053711,4.804557800292969,312019710.0,0.2570193352457055,0.169407287521754,0.2132133113837298,0.0127295162976786,0.0332547444358162,-0.0332547444358162
LINK-USD_2020-07-05,LINK-USD,2020-07-05,4.808465957641602,4.837005138397217,4.647282123565674,4.7421698570251465,319512653.0,0.2740340258218277,0.2223558332715194,0.2481949295466735,-0.0129851582312149,0.0331018102718741,-0.0331018102718741
LINK-USD_2020-07-06,LINK-USD,2020-07-06,4.7421698570251465,5.385353088378906,4.73743200302124,5.365053176879883,579868604.0,0.4238841771284454,0.2728456667846972,0.3483649219565713,0.1313498543144726,0.0367567252962146,-0.0367567252962146
LINK-USD_2020-07-07,LINK-USD,2020-07-07,5.355996131896973,5.856581211090088,5.324241161346436,5.712817192077637,743372951.0,0.5491574292252317,0.2463516271866024,0.397754528205917,0.064820236395122,0.0373116858555315,-0.0373116858555315
LINK-USD_2020-07-08,LINK-USD,2020-07-08,5.713980197906494,6.51307487487793,5.633351802825928,6.475725173950195,942253863.0,0.7807782507813519,0.3941667801902495,0.5874725154858007,0.1335432162839966,0.0404318448553516,-0.0404318448553516
LINK-USD_2020-07-09,LINK-USD,2020-07-09,6.475725173950195,6.4820661544799805,5.799435138702393,6.104310989379883,726623133.0,0.6260739501773618,0.2929427552474264,0.4595083527123941,-0.0573548405149116,0.0412041544930654,-0.0412041544930654
LINK-USD_2020-07-10,LINK-USD,2020-07-10,6.101553916931152,6.177725791931152,5.750669002532959,6.138474941253662,594988189.0,0.6060439320178355,0.3120610963376626,0.459052514177749,0.0055966925560013,0.0411874662185896,-0.0411874662185896
LINK-USD_2020-07-11,LINK-USD,2020-07-11,6.138028144836426,6.240691184997559,6.00269079208374,6.119687080383301,434708823.0,0.5146537298273479,0.4085754436921651,0.4616145867597565,-0.003060672406447,0.0407344973046175,-0.0407344973046175
LINK-USD_2020-07-12,LINK-USD,2020-07-12,6.114736080169678,7.317674160003662,6.110083103179932,7.309183120727539,949141174.0,0.9432469539443742,0.7872300435763937,0.865238498760384,0.1943720364652592,0.0459454413541782,-0.0459454413541782
LINK-USD_2020-07-13,LINK-USD,2020-07-13,7.309183120727539,8.329726219177246,6.928804874420166,7.182291030883789,1478593081.0,1.0033921993779016,0.7673330832545335,0.8853626413162176,-0.0173606390410313,0.0454881110295341,-0.0454881110295341
LINK-USD_2020-07-14,LINK-USD,2020-07-14,7.1739420890808105,8.25064468383789,7.042455196380615,8.10346508026123,1180730236.0,1.1946490523401692,0.9837454765375278,1.0891972644388486,0.1282562966909028,0.0477419723779571,-0.0477419723779571
LINK-USD_2020-07-15,LINK-USD,2020-07-15,8.103979110717773,8.743487358093262,7.864115238189697,8.643122673034668,1162846199.0,1.2984437142923624,1.2640691783642175,1.28125644632829,0.0665959052613132,0.0482035970283111,-0.0482035970283111
LINK-USD_2020-07-16,LINK-USD,2020-07-16,8.63992977142334,8.79524040222168,8.0531587600708,8.337705612182617,1096087198.0,1.194487073870981,3.0380619125571817,2.1162744932140813,-0.0353364255496349,0.0486073225783809,-0.0486073225783809
LINK-USD_2020-07-17,LINK-USD,2020-07-17,8.347770690917969,8.551612854003906,8.216571807861328,8.28039264678955,688997844.0,1.253380802682894,2.42004589671113,1.836713349697012,-0.0068739492684083,0.0483160090708704,-0.0483160090708704
LINK-USD_2020-07-18,LINK-USD,2020-07-18,8.274662017822266,8.274662017822266,7.793449878692627,7.959280014038086,733281755.0,1.1167763755469615,2.713185576970349,1.9149809762586552,-0.0387798799463894,0.0487560646939555,-0.0487560646939555
LINK-USD_2020-07-19,LINK-USD,2020-07-19,7.958869934082031,8.16702938079834,7.808193206787109,8.065190315246582,555719580.0,1.1312075267192712,2.823794981886974,1.9775012543031223,0.0133065178033311,0.0487486418828707,-0.0487486418828707
LINK-USD_2020-07-20,LINK-USD,2020-07-20,8.06679630279541,8.10698127746582,7.2447099685668945,7.272983074188232,674658006.0,0.8719010338651876,3.0862280309885213,1.9790645324268543,-0.0982254863299068,0.0506927146346585,-0.0506927146346585
LINK-USD_2020-07-21,LINK-USD,2020-07-21,7.261944770812988,7.640572071075439,7.061394214630127,7.281577110290527,685213978.0,0.8563726104279847,2.9513551351357297,1.903863872781857,0.0011816384026515,0.0507081187748667,-0.0507081187748667
LINK-USD_2020-07-22,LINK-USD,2020-07-22,7.278392791748047,7.594724178314209,7.09230899810791,7.466975212097168,641161938.0,0.8341648112486764,2.955594301925934,1.894879556587305,0.025461256400709,0.0506263682594753,-0.0506263682594753
LINK-USD_2020-07-23,LINK-USD,2020-07-23,7.4661688804626465,8.03549861907959,7.422850131988525,7.874476909637451,726843306.0,1.0465142130652048,2.504961159690975,1.7757376863780898,0.0545738650478033,0.0502100147790365,-0.0502100147790365
LINK-USD_2020-07-24,LINK-USD,2020-07-24,7.874666213989258,7.897801876068115,7.407200813293457,7.432153224945068,560444025.0,0.8259553655107779,2.3062650450088125,1.566110205259795,-0.0561718181116297,0.0506071976669284,-0.0506071976669284
LINK-USD_2020-07-25,LINK-USD,2020-07-25,7.437191963195801,7.769492149353027,7.406814098358154,7.6578240394592285,567102975.0,0.9362088521796246,2.371092347859599,1.6536506000196116,0.0303641229780793,0.0504151248432866,-0.0504151248432866
LINK-USD_2020-07-26,LINK-USD,2020-07-26,7.656191825866699,7.903680801391602,7.331561088562012,7.49900484085083,693139972.0,0.9547380813303286,2.770494615468206,1.8626163483992677,-0.0207394682601786,0.0503045292672963,-0.0503045292672963
LINK-USD_2020-07-27,LINK-USD,2020-07-27,7.490935802459717,7.494194984436035,6.583508014678955,7.095582962036133,921616285.0,0.8335157647008087,2.170795091915776,1.5021554283082923,-0.0537967220153075,0.0509802420203431,-0.0509802420203431
LINK-USD_2020-07-28,LINK-USD,2020-07-28,7.091757774353027,7.388029098510742,6.923423767089844,7.22346019744873,592707771.0,0.8829349867797864,2.1298883411628613,1.506411663971324,0.0180220900941874,0.0509256922303642,-0.0509256922303642
LINK-USD_2020-07-29,LINK-USD,2020-07-29,7.223114967346191,7.468140125274658,7.030922889709473,7.116083145141602,577077884.0,0.8446425760484351,2.149162186355347,1.4969023812018911,-0.0148650438116973,0.0510279379555489,-0.0510279379555489
LINK-USD_2020-07-30,LINK-USD,2020-07-30,7.114583969116211,7.555014133453369,7.047039985656738,7.4169921875,605829268.0,0.8425702752253585,2.231610721480878,1.5370904983531184,0.0422857681987371,0.0510161237696553,-0.0510161237696553
LINK-USD_2020-07-31,LINK-USD,2020-07-31,7.4133219718933105,7.836711883544922,7.4133219718933105,7.77291202545166,674556974.0,0.9497626545610018,2.573800135708562,1.7617813951347818,0.0479870854591837,0.0511569347804662,-0.0511569347804662
LINK-USD_2020-08-01,LINK-USD,2020-08-01,7.77291202545166,8.386368751525879,7.649139881134033,8.304458618164062,757545560.0,0.9922179130760448,2.8865616716776303,1.9393897923768373,0.0683844858879019,0.0514784071383495,-0.0514784071383495
LINK-USD_2020-08-02,LINK-USD,2020-08-02,8.308259010314941,8.676111221313477,7.474882125854492,8.27177619934082,1281614849.0,1.002881386538535,3.08448900834337,2.0436851974409525,-0.0039355267243739,0.0514470170569541,-0.0514470170569541
LINK-USD_2020-08-03,LINK-USD,2020-08-03,8.271557807922363,9.202513694763184,8.178178787231445,9.164758682250977,944680773.0,1.0921040371521449,3.2561060905729717,2.174105063862558,0.1079553485720901,0.0524971556095125,-0.0524971556095125
LINK-USD_2020-08-04,LINK-USD,2020-08-04,9.164507865905762,9.930109024047852,9.097128868103027,9.821836471557615,1400412714.0,1.2389349922574886,3.326144579692357,2.2825397859749224,0.0716961364819321,0.0529894596423989,-0.0529894596423989
LINK-USD_2020-08-05,LINK-USD,2020-08-05,9.832139015197754,9.851597785949709,9.419011116027832,9.5587739944458,961098081.0,1.1285573684814652,3.195646688918619,2.1621020287000423,-0.026783430764053,0.0532248292477632,-0.0532248292477632
LINK-USD_2020-08-06,LINK-USD,2020-08-06,9.55409336090088,10.16872215270996,9.495111465454102,10.140254974365234,930966731.0,1.287437167335523,3.405533129198296,2.3464851482669093,0.0608321716003859,0.0534476517783264,-0.0534476517783264
LINK-USD_2020-08-07,LINK-USD,2020-08-07,10.147916793823242,10.188631057739258,9.396868705749512,10.06336498260498,1084341900.0,1.298917087529388,3.3657580062870336,2.332337546908211,-0.0075826487553452,0.0534107369289684,-0.0534107369289684
LINK-USD_2020-08-08,LINK-USD,2020-08-08,10.079673767089844,13.703143119812012,9.990671157836914,12.689207077026367,2483258217.0,1.9220142742931068,4.454877827297435,3.188446050795271,0.2609308217440471,0.0616783271725818,-0.0616783271725818
LINK-USD_2020-08-09,LINK-USD,2020-08-09,12.711090087890623,14.35521411895752,12.130884170532228,13.853204727172852,2749237741.0,2.1846937085357685,5.083104187873418,3.633898948204594,0.0917313148946781,0.0623125188713857,-0.0623125188713857
LINK-USD_2020-08-10,LINK-USD,2020-08-10,13.843441009521484,13.94233226776123,12.878403663635254,13.441035270690918,1965617198.0,2.0151520840172483,4.347720579600384,3.181436331808817,-0.0297526431319873,0.0626279388133415,-0.0626279388133415
LINK-USD_2020-08-11,LINK-USD,2020-08-11,13.45556640625,13.495758056640623,12.344608306884766,13.105990409851074,1621590153.0,1.9450677348604184,3.821951122165639,2.8835094285130287,-0.0249270129935922,0.0628226073862634,-0.0628226073862634
LINK-USD_2020-08-12,LINK-USD,2020-08-12,13.0977783203125,16.749156951904297,12.679354667663574,16.621543884277344,2657494080.0,2.760274251155037,4.295102601440124,3.5276884262975803,0.2682401989081127,0.0701254238979708,-0.0701254238979708
LINK-USD_2020-08-13,LINK-USD,2020-08-13,16.642940521240234,18.432138442993164,16.208894729614258,17.32600212097168,3691726917.0,3.362900422478474,4.216014075026518,3.789457248752496,0.0423822384730878,0.0683059151257547,-0.0683059151257547
LINK-USD_2020-08-14,LINK-USD,2020-08-14,17.34869384765625,17.786415100097656,16.492122650146484,16.92643165588379,1797902764.0,3.137538993443192,4.261394471928881,3.699466732686037,-0.0230618963508173,0.0685792876554591,-0.0685792876554591
LINK-USD_2020-08-15,LINK-USD,2020-08-15,16.915672302246094,19.578197479248047,16.61625862121582,19.098751068115234,2623596923.0,3.641643063265459,4.818686529015468,4.230164796140464,0.128338887746392,0.0697558214219688,-0.0697558214219688
LINK-USD_2020-08-16,LINK-USD,2020-08-16,19.11224937438965,19.851821899414062,18.67695426940918,18.80418586730957,1672318397.0,3.7545193132578927,4.430636275758444,4.092577794508168,-0.0154232703361127,0.0694624668217325,-0.0694624668217325
LINK-USD_2020-08-17,LINK-USD,2020-08-17,18.80418586730957,19.60133934020996,16.421676635742188,16.70554542541504,1851120442.0,3.2465575574765677,3.957421851314848,3.601989704395708,-0.1116049616135174,0.0715258952193155,-0.0715258952193155
LINK-USD_2020-08-18,LINK-USD,2020-08-18,16.78369140625,17.662019729614258,15.181785583496094,16.241374969482422,3107415351.0,3.0114896542350875,4.017583238813454,3.5145364465242706,-0.027785411617058,0.0718386665429764,-0.0718386665429764
LINK-USD_2020-08-19,LINK-USD,2020-08-19,16.213159561157227,17.193843841552734,15.113743782043455,16.2399845123291,2269980597.0,2.900402286022648,4.1901268207046005,3.545264553363624,-8.561203444490406e-05,0.0719042860950377,-0.0719042860950377
LINK-USD_2020-08-20,LINK-USD,2020-08-20,16.21553611755371,16.728391647338867,15.853572845458984,16.091297149658203,1441868241.0,2.859768259924957,3.639068983028153,3.249418621476555,-0.0091556345117211,0.071969894436015,-0.071969894436015
LINK-USD_2020-08-21,LINK-USD,2020-08-21,16.09039878845215,16.113767623901367,13.168423652648926,13.80085563659668,2545002567.0,2.382594345686804,2.969132299509565,2.6758633225981843,-0.1423403900729143,0.0747605149099993,-0.0747605149099993
LINK-USD_2020-08-22,LINK-USD,2020-08-22,13.834607124328612,16.239309310913086,13.829764366149902,15.96019172668457,1966563137.0,2.826677347980773,3.218412818923362,3.0225450834520675,0.1564639285380125,0.0766529301774586,-0.0766529301774586
LINK-USD_2020-08-23,LINK-USD,2020-08-23,15.910228729248049,15.96497631072998,14.797929763793944,15.174675941467283,1286304278.0,2.622376009699857,3.171654235486691,2.897015122593274,-0.0492171897850041,0.0771726736899392,-0.0771726736899392
LINK-USD_2020-08-24,LINK-USD,2020-08-24,15.157313346862791,15.814520835876465,14.794072151184082,15.18336009979248,1148602183.0,2.398295420769638,3.3903771558967337,2.894336288333186,0.0005722796558353,0.0770250422573806,-0.0770250422573806
LINK-USD_2020-08-25,LINK-USD,2020-08-25,15.134720802307127,15.441283226013184,13.760788917541504,14.216811180114746,1396339667.0,1.95798288813834,3.089663429504922,2.523823158821631,-0.0636584335302002,0.0774674968184142,-0.0774674968184142
LINK-USD_2020-08-26,LINK-USD,2020-08-26,14.234516143798828,15.594225883483888,14.147561073303224,15.251754760742188,1323937547.0,2.231977055313315,3.145833705982372,2.688905380647843,0.072797167206879,0.0775899713116741,-0.0775899713116741
LINK-USD_2020-08-27,LINK-USD,2020-08-27,15.22918701171875,15.494385719299316,14.145217895507812,14.497711181640623,1285283437.0,2.011443799906538,2.8919926389339765,2.4517182194202576,-0.049439791743994,0.0781041950394362,-0.0781041950394362
LINK-USD_2020-08-28,LINK-USD,2020-08-28,14.501261711120604,15.435062408447266,14.309508323669434,15.156061172485352,975535521.0,2.237917517287467,2.983410687254609,2.6106641022710377,0.0454106156893536,0.0779198017624505,-0.0779198017624505
LINK-USD_2020-08-29,LINK-USD,2020-08-29,15.167725563049316,16.90587043762207,15.021623611450195,16.56707763671875,1982820767.0,2.7426598207160677,3.356217330655099,3.049438575685583,0.0930991534129586,0.0778157554143947,-0.0778157554143947
LINK-USD_2020-08-30,LINK-USD,2020-08-30,16.525114059448242,17.656837463378906,16.442018508911133,16.472963333129883,1833942061.0,2.609734598160688,3.4320546333808384,3.0208946157707635,-0.0056808029546668,0.0778995759631795,-0.0778995759631795
LINK-USD_2020-08-31,LINK-USD,2020-08-31,16.504047393798828,16.92058563232422,15.708488464355469,15.708488464355469,1431004361.0,2.401629882634118,3.313268433500715,2.857449158067417,-0.0464078534817671,0.0783831924516277,-0.0783831924516277
LINK-USD_2020-09-01,LINK-USD,2020-09-01,15.67480754852295,16.483070373535156,15.337958335876465,16.121492385864258,1602445973.0,2.5283049427464266,3.386412834413312,2.9573588885798694,0.0262917671834528,0.078270257205482,-0.078270257205482
LINK-USD_2020-09-02,LINK-USD,2020-09-02,16.11862564086914,16.389955520629883,14.27182674407959,14.8973970413208,1440207730.0,2.170835516688036,2.8139103245810766,2.492372920634556,-0.0759294062388898,0.0792528786906286,-0.0792528786906286
LINK-USD_2020-09-03,LINK-USD,2020-09-03,14.958319664001465,14.981986045837402,11.67977237701416,12.016677856445312,1702199859.0,1.4793943779549483,2.2298755025052523,1.8546349402301003,-0.193370638970369,0.083727587255426,-0.083727587255426
LINK-USD_2020-09-04,LINK-USD,2020-09-04,12.011467933654783,12.918801307678224,11.268916130065918,12.492865562438965,1796655505.0,1.633310748691433,2.302209301035857,1.9677600248636449,0.0396272340560617,0.0836214738613203,-0.0836214738613203
LINK-USD_2020-09-05,LINK-USD,2020-09-05,12.507908821105955,12.767094612121582,9.522486686706545,10.611472129821776,1906501660.0,1.2086261776629512,1.7762858096521463,1.4924559936575488,-0.1505974288456112,0.0863011176692817,-0.0863011176692817
LINK-USD_2020-09-06,LINK-USD,2020-09-06,10.611472129821776,13.173912048339844,9.943312644958496,12.913728713989258,1953997882.0,1.7231687399089255,2.469409632698322,2.096289186303624,0.2169592075445756,0.0898372196560309,-0.0898372196560309
LINK-USD_2020-09-07,LINK-USD,2020-09-07,12.885663032531738,13.186553955078123,11.417441368103027,12.426576614379885,1891052112.0,1.3162075388051837,2.2980112654503206,1.807109402127752,-0.0377235816547429,0.0889736720275146,-0.0889736720275146
LINK-USD_2020-09-08,LINK-USD,2020-09-08,12.444644927978516,12.718875885009766,11.26616382598877,11.785032272338867,1393552853.0,1.0629107979653185,2.195773588496924,1.6293421932311212,-0.0516267964982913,0.0891769055033921,-0.0891769055033921
LINK-USD_2020-09-09,LINK-USD,2020-09-09,11.785999298095703,12.623769760131836,11.50657081604004,12.37729263305664,1212963346.0,0.9113369237543608,2.4036672237371013,1.657502073745731,0.0502553024065866,0.0880055384134496,-0.0880055384134496
LINK-USD_2020-09-10,LINK-USD,2020-09-10,12.37838077545166,13.195425033569336,12.30189037322998,12.551313400268556,4019748249.0,1.0561392468543946,2.343434467247231,1.6997868570508128,0.014059679476847,0.0875304117334679,-0.0875304117334679
LINK-USD_2020-09-11,LINK-USD,2020-09-11,12.551313400268556,12.722271919250488,12.059423446655272,12.501497268676758,3397578038.0,1.0365803213857503,2.270837467228517,1.653708894307134,-0.0039689975067256,0.0875554958135133,-0.0875554958135133
LINK-USD_2020-09-12,LINK-USD,2020-09-12,12.497035026550291,12.770203590393066,12.122137069702148,12.769030570983888,3524744647.0,1.086549590405546,2.1604001195774853,1.6234748549915157,0.021400100848516,0.0875284766128597,-0.0875284766128597
LINK-USD_2020-09-13,LINK-USD,2020-09-13,12.769030570983888,13.18435001373291,11.84650993347168,11.993545532226562,3644243871.0,0.6408872693605128,2.1886491879509182,1.4147682286557155,-0.0607317082096681,0.0849770119604895,-0.0849770119604895
LINK-USD_2020-09-14,LINK-USD,2020-09-14,11.974480628967283,12.431245803833008,11.728035926818848,12.119579315185549,1249919309.0,0.6874252606962685,2.3805746043121263,1.5339999325041975,0.0105084674602964,0.0848978564999752,-0.0848978564999752
LINK-USD_2020-09-15,LINK-USD,2020-09-15,12.112605094909668,12.214682579040527,10.82880687713623,10.978154182434082,1195560378.0,0.3547481322743209,1.9731967046554524,1.1639724184648863,-0.0941802601449447,0.0845993583463291,-0.0845993583463291
LINK-USD_2020-09-16,LINK-USD,2020-09-16,10.975418090820312,11.287084579467772,10.565303802490234,10.761816024780272,1153746184.0,0.2451305427326202,1.861862469417229,1.0534965060749246,-0.0197062415100681,0.0843372027470933,-0.0843372027470933
LINK-USD_2020-09-17,LINK-USD,2020-09-17,10.75589084625244,11.610639572143556,10.542794227600098,10.988880157470703,1259649199.0,0.3179741128559792,1.89227715435902,1.1051256336074995,0.0210990535582089,0.0841814434383811,-0.0841814434383811
LINK-USD_2020-09-18,LINK-USD,2020-09-18,10.988880157470703,11.154339790344238,9.901496887207031,10.081642150878906,1114418785.0,0.2175318950349209,1.7435629989258148,0.980547446980368,-0.0825596415277145,0.0849302002183505,-0.0849302002183505
LINK-USD_2020-09-19,LINK-USD,2020-09-19,10.06569004058838,10.49340534210205,9.955703735351562,10.147276878356934,873109762.0,0.2748988426666474,1.6986757513689223,0.9867872970177848,0.0065103210861641,0.0847317982482463,-0.0847317982482463
LINK-USD_2020-09-20,LINK-USD,2020-09-20,10.14325714111328,10.582036972045898,9.604192733764648,9.768121719360352,951116672.0,0.2111458425096946,1.5812031355114144,0.8961744890105545,-0.0373652127109372,0.0849138281683968,-0.0849138281683968
LINK-USD_2020-09-21,LINK-USD,2020-09-21,9.75564956665039,9.90151596069336,8.617021560668945,8.759941101074219,1586349748.0,0.2044495376543897,1.2546103347736994,0.7295299362140446,-0.1032113078902288,0.0850152325894381,-0.0850152325894381
LINK-USD_2020-09-22,LINK-USD,2020-09-22,8.748176574707031,9.076180458068848,8.671488761901855,8.764184951782227,959332861.0,0.2036108138436707,1.2343501484343269,0.7189804811389987,0.000484461100713,0.0850159657377535,-0.0850159657377535
LINK-USD_2020-09-23,LINK-USD,2020-09-23,8.738750457763672,8.800617218017578,7.497208118438721,7.702259063720703,1571651694.0,0.03150992804186,0.891959212468034,0.461734570254947,-0.1211665310469717,0.0864793700285718,-0.0864793700285718
LINK-USD_2020-09-24,LINK-USD,2020-09-24,7.6709208488464355,10.348505020141602,7.563651084899902,9.817477226257324,2513427425.0,0.2467465888739688,1.5514846142211391,0.899115601547554,0.2746230872056425,0.0927683431210782,-0.0927683431210782
LINK-USD_2020-09-25,LINK-USD,2020-09-25,9.846246719360352,11.121983528137209,9.473030090332031,10.711363792419434,2342555820.0,0.4412194512443737,1.631602389878163,1.0364109205612684,0.0910505362590876,0.0929916623515906,-0.0929916623515906
LINK-USD_2020-09-26,LINK-USD,2020-09-26,10.719186782836914,10.997270584106444,10.07176113128662,10.34165859222412,1705834656.0,0.3504696032365892,1.6147912003861893,0.9826304018113892,-0.0345152314271091,0.0931202338270319,-0.0931202338270319
LINK-USD_2020-09-27,LINK-USD,2020-09-27,10.33487319946289,10.937078475952148,10.000924110412598,10.76908016204834,1452956505.0,0.4360679037548787,1.8071366188458788,1.1216022613003789,0.0413300793110302,0.0931305519035443,-0.0931305519035443
LINK-USD_2020-09-28,LINK-USD,2020-09-28,10.78055191040039,10.998226165771484,10.295668601989746,10.333558082580566,1421267282.0,0.456336729183316,1.670216351670422,1.0632765404268691,-0.0404419015286571,0.0929985002277984,-0.0929985002277984
LINK-USD_2020-09-29,LINK-USD,2020-09-29,10.297882080078123,10.347912788391112,9.499608039855955,10.115015983581545,1656880792.0,0.4003006463791536,1.636675079077658,1.018487862728406,-0.0211487754026777,0.0930751850086266,-0.0930751850086266
LINK-USD_2020-09-30,LINK-USD,2020-09-30,10.13078498840332,10.13078498840332,9.629398345947266,9.85120964050293,1235486778.0,0.3843584229659675,1.5536464875142912,0.9690024552401294,-0.0260806649744121,0.0931330893037435,-0.0931330893037435
LINK-USD_2020-10-01,LINK-USD,2020-10-01,9.871625900268556,10.373127937316896,9.453802108764648,9.64990520477295,1426296389.0,0.3010537102946018,1.397282893060498,0.84916830167755,-0.0204344890704918,0.0931093733145621,-0.0931093733145621
LINK-USD_2020-10-02,LINK-USD,2020-10-02,9.636804580688477,9.767682075500488,8.86952018737793,9.22470474243164,1575691671.0,0.1867759100098165,1.3139313486697888,0.7503536293398027,-0.0440626569192617,0.0931978604066297,-0.0931978604066297
LINK-USD_2020-10-03,LINK-USD,2020-10-03,9.21754264831543,9.528505325317385,9.150334358215332,9.304492950439451,740099523.0,0.1204213758243128,1.2321235351105035,0.6762724554674082,0.0086494050742678,0.092864307211822,-0.092864307211822
LINK-USD_2020-10-04,LINK-USD,2020-10-04,9.31352996826172,9.449482917785645,9.17962646484375,9.40491008758545,733335838.0,0.1369879770604685,1.2772520559725151,0.7071200165164919,0.0107923277153167,0.0928578507129465,-0.0928578507129465
LINK-USD_2020-10-05,LINK-USD,2020-10-05,9.407215118408203,9.698630332946776,9.32040786743164,9.623703002929688,1114063226.0,0.0500770763956426,1.1968704908482453,0.6234737836219439,0.023263690275258,0.0919678245921668,-0.0919678245921668
LINK-USD_2020-10-06,LINK-USD,2020-10-06,9.627351760864258,9.630041122436523,8.679813385009766,8.779272079467773,1107581245.0,-0.1061476023459495,1.0012774110209093,0.4475649043374798,-0.0877449068414568,0.0922883824620596,-0.0922883824620596
LINK-USD_2020-10-07,LINK-USD,2020-10-07,8.776006698608398,9.011452674865724,8.465344429016113,8.957850456237793,1011459545.0,-0.0628661728540898,0.9947431130246628,0.4659384700852864,0.0203409092637263,0.0922406897752174,-0.0922406897752174
LINK-USD_2020-10-08,LINK-USD,2020-10-08,8.991769790649414,9.620088577270508,8.512158393859863,9.508817672729492,1444612730.0,-0.0622703574251365,1.144997637337998,0.5413636399564308,0.0615066325546922,0.0922475559191186,-0.0922475559191186
LINK-USD_2020-10-09,LINK-USD,2020-10-09,9.523988723754885,10.46921730041504,9.370473861694336,10.346901893615724,1678061807.0,0.0281751592534755,1.3636894425810646,0.6959323009172701,0.0881375844748595,0.0928574981175079,-0.0928574981175079
LINK-USD_2020-10-10,LINK-USD,2020-10-10,10.392461776733398,10.814597129821776,10.391740798950195,10.524792671203612,1370779935.0,-0.1705712888665358,1.423602533440516,0.6265156222869901,0.0171926610899491,0.0868855131434869,-0.0868855131434869
LINK-USD_2020-10-11,LINK-USD,2020-10-11,10.51791000366211,10.966937065124512,10.205854415893556,10.847407341003418,1339565194.0,-0.2169748765983085,1.4936951841228103,0.638360153762251,0.0306528289799472,0.0861902600949691,-0.0861902600949691
LINK-USD_2020-10-12,LINK-USD,2020-10-12,10.83853816986084,11.74736213684082,10.708419799804688,11.452909469604492,1864848583.0,-0.1479146331400281,1.569166969648446,0.710626168254209,0.0558199862479824,0.0863937218681003,-0.0863937218681003
LINK-USD_2020-10-13,LINK-USD,2020-10-13,11.431758880615234,11.534507751464844,10.722405433654783,10.995448112487791,1460104539.0,-0.1610364597685727,1.4708044530598468,0.654883996645637,-0.0399428074002315,0.0864870444970315,-0.0864870444970315
LINK-USD_2020-10-14,LINK-USD,2020-10-14,10.992676734924316,11.287188529968262,10.650033950805664,10.949109077453612,1280567851.0,-0.3412700316117688,1.477005338594437,0.5678676534913341,-0.0042143834939797,0.0794190580848439,-0.0794190580848439
LINK-USD_2020-10-15,LINK-USD,2020-10-15,10.924160957336426,10.924160957336426,10.523789405822754,10.737751960754396,1148852514.0,-0.3802521847924026,1.7038980047993375,0.6618229100034674,-0.0193035903838461,0.079223388859702,-0.079223388859702
LINK-USD_2020-10-16,LINK-USD,2020-10-16,10.748080253601074,10.862218856811523,10.319452285766602,10.619549751281738,1066918482.0,-0.3726055221101323,1.59586911654026,0.6116317972150639,-0.0110080964716523,0.0791925096328402,-0.0791925096328402
LINK-USD_2020-10-17,LINK-USD,2020-10-17,10.606290817260742,10.708000183105469,10.462655067443848,10.6525239944458,735511418.0,-0.4422397592149438,1.588923952605228,0.573342096695142,0.0031050509613255,0.077358428296619,-0.077358428296619
LINK-USD_2020-10-18,LINK-USD,2020-10-18,10.635855674743652,10.949804306030272,10.57012939453125,10.88071346282959,762577602.0,-0.4213674795809514,1.7511194936114585,0.6648760070152535,0.0214211644585609,0.0774279423641367,-0.0774279423641367
LINK-USD_2020-10-19,LINK-USD,2020-10-19,10.890692710876465,11.1292085647583,10.642991065979004,10.886282920837402,910617050.0,-0.3483431612908898,1.7672982733014604,0.7094775560052853,0.0005118651480748,0.0762352451442724,-0.0762352451442724
LINK-USD_2020-10-20,LINK-USD,2020-10-20,10.880167961120604,10.89849090576172,9.855631828308104,9.87859344482422,1241598369.0,-0.3917637229984457,1.4399335325222018,0.5240849047618781,-0.0925650640664836,0.076994566285208,-0.076994566285208
LINK-USD_2020-10-21,LINK-USD,2020-10-21,9.87766456604004,11.05661964416504,9.872748374938965,10.804607391357422,1238425755.0,-0.3346910286056763,1.594972632937797,0.6301408021660602,0.093739453061344,0.0779923126074483,-0.0779923126074483
LINK-USD_2020-10-22,LINK-USD,2020-10-22,10.792309761047363,12.322983741760254,10.73701286315918,11.939334869384766,1543967732.0,-0.2580253314358581,1.8638502753922144,0.8029124719781782,0.1050225553716102,0.0791768823731615,-0.0791768823731615
LINK-USD_2020-10-23,LINK-USD,2020-10-23,11.95689582824707,12.244832038879396,11.611319541931152,12.163795471191406,1480801396.0,-0.1186201934512066,1.9813503500344771,0.9313650782916354,0.0188000926569376,0.0771370633373373,-0.0771370633373373
LINK-USD_2020-10-24,LINK-USD,2020-10-24,12.163811683654783,12.923665046691896,11.989542007446287,12.731548309326172,1474195506.0,-0.2022935233265577,2.0525653046238146,0.9251358906486284,0.0466756317532159,0.0747685266785442,-0.0747685266785442
LINK-USD_2020-10-25,LINK-USD,2020-10-25,12.731548309326172,12.8384428024292,12.01421356201172,12.160058975219728,1292633532.0,-0.1986610440892263,1.9027510095291171,0.8520449827199454,-0.0448876538989223,0.0747253713440881,-0.0747253713440881
LINK-USD_2020-10-26,LINK-USD,2020-10-26,12.160064697265623,12.429181098937988,11.345295906066896,11.747901916503906,1465017714.0,-0.2262646845434119,1.6293811794038744,0.7015582474302312,-0.0338943305748543,0.0748410587899442,-0.0748410587899442
LINK-USD_2020-10-27,LINK-USD,2020-10-27,11.747894287109377,12.43364429473877,11.53939437866211,11.973836898803713,1345673430.0,-0.1577691546222625,1.4913044284896355,0.6667676369336866,0.0192319431933973,0.0744560123741812,-0.0744560123741812
LINK-USD_2020-10-28,LINK-USD,2020-10-28,11.973844528198242,12.123708724975586,11.2041654586792,11.461742401123049,1236406880.0,-0.2484968070280397,1.4288410766800697,0.5901721348260149,-0.0427677863001313,0.0740546811957787,-0.0740546811957787
LINK-USD_2020-10-29,LINK-USD,2020-10-29,11.46175765991211,11.77491855621338,11.117264747619627,11.265140533447266,1476177870.0,-0.2229711026583953,1.339978855247589,0.5585038762945969,-0.0171528778780196,0.0738316964257213,-0.0738316964257213
LINK-USD_2020-10-30,LINK-USD,2020-10-30,11.26515769958496,11.424288749694824,10.78571891784668,11.098557472229004,1653652915.0,-0.2677149197327356,1.371078689045634,0.5516818846564493,-0.014787481853747,0.0736055871310243,-0.0736055871310243
LINK-USD_2020-10-31,LINK-USD,2020-10-31,11.09855842590332,11.383407592773438,10.93708038330078,11.22083854675293,1447587815.0,-0.3227026037541216,1.5348937516050585,0.6060955739254684,0.0110177448582755,0.072608807998401,-0.072608807998401
LINK-USD_2020-11-01,LINK-USD,2020-11-01,11.22083854675293,11.566786766052246,11.042797088623049,11.536629676818848,1319631443.0,-0.2996627599105526,1.5280315659312471,0.6141844030103473,0.0281432736733655,0.0727184175606077,-0.0727184175606077
LINK-USD_2020-11-02,LINK-USD,2020-11-02,11.53658390045166,11.64116382598877,10.785829544067385,10.797578811645508,1527825758.0,-0.3126277658002189,1.3381859323469532,0.5127790832733672,-0.0640612454310077,0.0729217214730211,-0.0729217214730211
LINK-USD_2020-11-03,LINK-USD,2020-11-03,10.797565460205078,10.797565460205078,10.132770538330078,10.387001991271973,1696479711.0,-0.3557046864730981,1.2732703393053262,0.458782826416114,-0.0380248968343455,0.0729498305582358,-0.0729498305582358
LINK-USD_2020-11-04,LINK-USD,2020-11-04,10.386967658996582,10.62634563446045,9.79959201812744,10.472586631774902,1678488769.0,-0.2970190293829744,1.2290370291882935,0.4660089999026595,0.0082395902662621,0.0723872864339165,-0.0723872864339165
LINK-USD_2020-11-05,LINK-USD,2020-11-05,10.47263526916504,11.20097541809082,10.114256858825684,10.99066925048828,1360783363.0,-0.0853820513634489,1.2676985998261523,0.5911582742313518,0.0494703588453937,0.0684485336152941,-0.0684485336152941
LINK-USD_2020-11-06,LINK-USD,2020-11-06,10.990538597106934,12.212724685668944,10.919049263000488,12.118071556091309,1475069579.0,-0.0300006435252542,1.5543097316287209,0.7621545440517332,0.1025781305859006,0.0694763951827307,-0.0694763951827307
LINK-USD_2020-11-07,LINK-USD,2020-11-07,12.118071556091309,13.376581192016602,11.536380767822266,11.757224082946776,2566987251.0,0.1079729503227977,1.4470980622253835,0.7775355062740906,-0.0297776318182531,0.0668188686306971,-0.0668188686306971
LINK-USD_2020-11-08,LINK-USD,2020-11-08,11.757224082946776,12.996488571166992,11.527828216552734,12.656035423278809,1647580702.0,-0.0199549871627157,1.668827942662134,0.8244364777497091,0.0764475809928391,0.0617378005774353,-0.0617378005774353
LINK-USD_2020-11-09,LINK-USD,2020-11-09,12.65603733062744,12.950491905212402,12.110891342163086,12.520734786987305,1644324040.0,0.0075771610741497,1.3337578164078705,0.6706674887410101,-0.0106906018959649,0.0615546257471093,-0.0615546257471093
LINK-USD_2020-11-10,LINK-USD,2020-11-10,12.52120304107666,13.242560386657717,12.35169506072998,13.003462791442873,1724813657.0,0.1033879662734427,1.2761909499704776,0.6897894581219601,0.0385542871619055,0.0613378489379992,-0.0613378489379992
LINK-USD_2020-11-11,LINK-USD,2020-11-11,13.00345230102539,13.391085624694824,12.794025421142578,12.807538032531738,1517819145.0,0.0347608650962989,0.9777766487145616,0.5062687569054303,-0.0150671218931057,0.0610835277686733,-0.0610835277686733
LINK-USD_2020-11-12,LINK-USD,2020-11-12,12.807455062866213,13.07766056060791,12.308555603027344,12.423222541809082,1400960180.0,-0.0102053748778779,1.035155575039128,0.5124751000806249,-0.0300069763405329,0.0611988940085966,-0.0611988940085966
LINK-USD_2020-11-13,LINK-USD,2020-11-13,12.423172950744627,12.99028205871582,12.339468002319336,12.887977600097656,1306004087.0,0.0309147235018998,1.0995406389108011,0.5652276812063506,0.0374101853785915,0.0613599899607768,-0.0613599899607768
LINK-USD_2020-11-14,LINK-USD,2020-11-14,12.887977600097656,12.912339210510254,12.390226364135742,12.576959609985352,997198275.0,-0.01504193759509,1.0551638416776052,0.5200609520412576,-0.0241324123739901,0.0613990238937853,-0.0613990238937853
LINK-USD_2020-11-15,LINK-USD,2020-11-15,12.576959609985352,12.633174896240234,11.84388828277588,12.12181282043457,967748061.0,0.0106946930633109,0.6584360550578179,0.3345653740605644,-0.0361889362504926,0.0610745824300073,-0.0610745824300073
LINK-USD_2020-11-16,LINK-USD,2020-11-16,12.12180995941162,12.789226531982422,12.032334327697754,12.590789794921877,1052161971.0,0.0388801019805953,0.7530325269167721,0.3959563144486837,0.038688683073601,0.0612414320158134,-0.0612414320158134
LINK-USD_2020-11-17,LINK-USD,2020-11-17,12.804290771484377,13.313879013061523,12.553354263305664,13.244711875915527,1527160119.0,0.2064607269870664,0.6344504165480478,0.4204555717675571,0.0519365418408772,0.060285248905569,-0.060285248905569
LINK-USD_2020-11-18,LINK-USD,2020-11-18,13.244641304016112,14.197213172912598,12.91603660583496,13.592995643615724,2364966937.0,0.2630763815620289,0.5726949804870833,0.4178856810245561,0.026296062229449,0.060263568212366,-0.060263568212366
LINK-USD_2020-11-19,LINK-USD,2020-11-19,13.592887878417969,13.96555995941162,13.066692352294922,13.621882438659668,1523595574.0,0.2396060602589189,0.6337686975606442,0.4366873789097816,0.002125123541661,0.0602313564898502,-0.0602313564898502
LINK-USD_2020-11-20,LINK-USD,2020-11-20,13.621953010559082,14.395320892333984,13.512831687927246,14.078272819519045,1733532246.0,0.396426555200803,0.7001938700307202,0.5483102126157616,0.0335042078739511,0.0592736566499427,-0.0592736566499427
LINK-USD_2020-11-21,LINK-USD,2020-11-21,14.078272819519045,15.398048400878906,13.768170356750488,15.355934143066406,2190837254.0,0.5133059171588179,0.9293119623863666,0.7213089397725923,0.0907541244531024,0.0602062208828811,-0.0602062208828811
LINK-USD_2020-11-22,LINK-USD,2020-11-22,15.355934143066406,15.61568832397461,13.914475440979004,14.444801330566406,2199639008.0,0.4787695880096281,0.791005638547635,0.6348876132786315,-0.0593342485068809,0.0605376875010973,-0.0605376875010973
LINK-USD_2020-11-23,LINK-USD,2020-11-23,14.44481372833252,15.37136459350586,14.2534761428833,15.270844459533691,2108675136.0,0.7432588054343254,1.099667262217317,0.9214630338258212,0.0571861883084061,0.0591440346516232,-0.0591440346516232
LINK-USD_2020-11-24,LINK-USD,2020-11-24,15.270954132080078,16.24774742126465,15.005791664123535,15.620664596557615,2650363423.0,0.7823294102643397,1.1452309520257715,0.9637801811450556,0.0229077139742281,0.0591502794926568,-0.0591502794926568
LINK-USD_2020-11-25,LINK-USD,2020-11-25,15.624322891235352,15.76994514465332,13.93006992340088,14.26096534729004,1779310502.0,0.8515302107224951,0.909871794429691,0.8807010025760931,-0.0870449039388001,0.0580682612127586,-0.0580682612127586
LINK-USD_2020-11-26,LINK-USD,2020-11-26,14.25596809387207,14.44614028930664,11.357887268066406,12.575363159179688,3181022660.0,0.2809159491143267,0.5969775901925491,0.4389467696534379,-0.1181969205493275,0.0498569641100304,-0.0498569641100304
LINK-USD_2020-11-27,LINK-USD,2020-11-27,12.586816787719728,12.947359085083008,12.035581588745115,12.490259170532228,1705568925.0,0.1660755261969293,0.680570729975033,0.4233231280859811,-0.0067675173726761,0.0486474280004295,-0.0486474280004295
LINK-USD_2020-11-28,LINK-USD,2020-11-28,12.491617202758787,13.41140365600586,12.38730525970459,13.078346252441406,1408628665.0,0.2646275387852195,0.7078410505453399,0.4862342946652797,0.0470836572628234,0.0487023204176045,-0.0487023204176045
LINK-USD_2020-11-29,LINK-USD,2020-11-29,13.082220077514648,13.399352073669434,12.871095657348633,13.372918128967283,1244611322.0,0.2417883354694685,0.7832923718249001,0.5125403536471843,0.0225236334044058,0.0485327764515951,-0.0485327764515951
LINK-USD_2020-11-30,LINK-USD,2020-11-30,13.369685173034668,14.383355140686035,13.369685173034668,14.22563934326172,1808384178.0,0.3766448332295238,1.004858433672596,0.6907516334510599,0.0637647823811426,0.0487480943496188,-0.0487480943496188
LINK-USD_2020-12-01,LINK-USD,2020-12-01,14.229063034057615,14.796493530273438,13.245491027832031,13.389534950256348,1850007077.0,0.323728501466525,0.8536178762340836,0.5886731888503043,-0.0587744686077263,0.0493164433678207,-0.0493164433678207
LINK-USD_2020-12-02,LINK-USD,2020-12-02,13.39022445678711,14.134461402893066,13.135579109191896,13.98736572265625,1369209189.0,0.4198627613351815,0.9655989731100758,0.6927308672226287,0.0446491065314003,0.0493872434926816,-0.0493872434926816
LINK-USD_2020-12-03,LINK-USD,2020-12-03,13.989686965942385,14.187238693237305,13.6690673828125,13.97472095489502,1118049762.0,0.4481718377899679,0.88414934270079,0.666160590245379,-0.0009040135227713,0.0492748126480055,-0.0492748126480055
LINK-USD_2020-12-04,LINK-USD,2020-12-04,13.974773406982422,14.026366233825684,12.614404678344728,12.74124526977539,1281415263.0,0.3812090061992366,0.6391855752458533,0.5101972907225449,-0.088264781035758,0.050318599636835,-0.050318599636835
LINK-USD_2020-12-05,LINK-USD,2020-12-05,12.739164352416992,13.3254976272583,12.592731475830078,13.1730375289917,1048597571.0,0.4157716706496657,0.5862608430823844,0.501016256866025,0.0338893295022426,0.050437209763357,-0.050437209763357
LINK-USD_2020-12-06,LINK-USD,2020-12-06,13.173697471618652,13.51590347290039,12.809526443481444,13.49239730834961,1019945503.0,0.4346120465478638,0.6311366486710341,0.532874347609449,0.024243442611854,0.0504828679836109,-0.0504828679836109
LINK-USD_2020-12-07,LINK-USD,2020-12-07,13.490456581115724,13.523982048034668,12.908266067504885,13.08094882965088,894451650.0,0.3592427806291116,0.4273096851949014,0.3932762329120065,-0.0304948386336139,0.0506576561026194,-0.0506576561026194
LINK-USD_2020-12-08,LINK-USD,2020-12-08,13.081625938415527,13.184557914733888,12.027461051940918,12.145713806152344,1057784369.0,0.3834533998049476,0.2366031384583,0.3100282691316238,-0.0714959622331538,0.050211274889793,-0.050211274889793
LINK-USD_2020-12-09,LINK-USD,2020-12-09,12.143372535705566,12.793543815612791,11.62953281402588,12.633390426635742,1305647086.0,0.4103149509309445,0.3216538474470127,0.3659843991889786,0.0401521580589498,0.0503617415629076,-0.0503617415629076
LINK-USD_2020-12-10,LINK-USD,2020-12-10,12.632407188415527,12.649906158447266,11.881067276000977,11.922199249267578,911441756.0,0.2538045906022013,0.1757297306041252,0.2147671606031632,-0.0562945617408227,0.050481698283956,-0.050481698283956
LINK-USD_2020-12-11,LINK-USD,2020-12-11,11.922837257385254,11.937211990356444,11.45355224609375,11.66010570526123,1028197389.0,0.126917586070453,0.1586686685235301,0.1427931272969915,-0.0219836574214651,0.049447370645469,-0.049447370645469
LINK-USD_2020-12-12,LINK-USD,2020-12-12,11.65664768218994,12.327557563781738,11.64249038696289,12.20915699005127,855257539.0,0.1600377671529975,-0.0378313699241477,0.0611031986144249,0.0470880194973102,0.0497273859721358,-0.0497273859721358
LINK-USD_2020-12-13,LINK-USD,2020-12-13,12.213312149047852,13.207671165466309,12.051026344299316,12.933703422546388,1038194830.0,0.1923313116173604,-0.0663746275851157,0.0629783420161223,0.0593445094600324,0.0501092383135791,-0.0501092383135791
LINK-USD_2020-12-14,LINK-USD,2020-12-14,12.935120582580566,12.965326309204102,12.360072135925291,12.827552795410156,925077262.0,0.1200256868749294,-0.0456425017065836,0.0371915925841728,-0.0082072878639839,0.0496895719416496,-0.0496895719416496
LINK-USD_2020-12-15,LINK-USD,2020-12-15,12.830951690673828,12.989904403686523,12.494708061218262,12.70547103881836,810207085.0,0.1555209854874812,-0.0305600232037149,0.0624804811418831,-0.0095171509748515,0.0494123523862926,-0.0494123523862926
LINK-USD_2020-12-16,LINK-USD,2020-12-16,12.703601837158203,13.462574005126951,12.35372543334961,13.45108699798584,1223226479.0,0.2285097264839837,-0.1907438267085709,0.0188829498877063,0.0586846372629112,0.0498870725628626,-0.0498870725628626
LINK-USD_2020-12-17,LINK-USD,2020-12-17,13.453590393066406,14.440537452697754,13.174434661865234,13.467132568359377,1827482311.0,0.2541854773308829,-0.2227212905590877,0.0157320933858975,0.0011928828038907,0.049796074025524,-0.049796074025524
LINK-USD_2020-12-18,LINK-USD,2020-12-18,13.467930793762209,13.986422538757324,13.216130256652832,13.51119327545166,1304911675.0,0.272294361992222,-0.2017695430356675,0.0352624094782772,0.0032717214944333,0.0497553164655514,-0.0497553164655514
LINK-USD_2020-12-19,LINK-USD,2020-12-19,13.509448051452637,13.965012550354004,13.32241153717041,13.492186546325684,1149858506.0,0.2665718052698567,-0.2935566049211214,-0.0134923998256323,-0.0014067394891397,0.049761412874282,-0.049761412874282
LINK-USD_2020-12-20,LINK-USD,2020-12-20,13.491289138793944,13.737924575805664,12.800018310546877,13.070074081420898,1142006160.0,0.2012148032452601,-0.3049380508335236,-0.0518616237941317,-0.0312856973519787,0.0499233736275955,-0.0499233736275955
LINK-USD_2020-12-21,LINK-USD,2020-12-21,13.072017669677734,13.251781463623049,12.16659927368164,12.341995239257812,1245762390.0,0.1337198682971976,-0.2612036946437394,-0.0637419131732708,-0.0557057930680017,0.050488590562956,-0.050488590562956
LINK-USD_2020-12-22,LINK-USD,2020-12-22,12.336780548095703,12.814679145812988,11.856590270996094,12.793932914733888,1298374631.0,0.2951168591149105,-0.2122629433300004,0.041426957892455,0.0366178779617851,0.0491395814160248,-0.0491395814160248
LINK-USD_2020-12-23,LINK-USD,2020-12-23,12.791275024414062,12.848706245422363,8.509154319763184,10.83131217956543,1924391288.0,0.0024716111600102,-0.3330466435271232,-0.1652875161835564,-0.1534024563242976,0.051760681923584,-0.051760681923584
LINK-USD_2020-12-24,LINK-USD,2020-12-24,10.870598793029783,11.66370964050293,9.966835021972656,11.575453758239746,1894113775.0,-0.0304775027357759,-0.2806388664268983,-0.1555581845813371,0.0687028096261714,0.0507806972264616,-0.0507806972264616
LINK-USD_2020-12-25,LINK-USD,2020-12-25,11.57080364227295,11.86294174194336,11.077666282653809,11.546685218811035,1400082282.0,-0.050733363105449,-0.163335555210657,-0.107034459158053,-0.0024853055465089,0.0507298159088836,-0.0507298159088836
LINK-USD_2020-12-26,LINK-USD,2020-12-26,11.54847812652588,11.7763032913208,10.678420066833496,10.964874267578123,1419511858.0,-0.1387634872699589,-0.3129860558475966,-0.2258747715587777,-0.0503877035016999,0.0507776847357442,-0.0507776847357442
LINK-USD_2020-12-27,LINK-USD,2020-12-27,10.96334743499756,13.041565895080566,10.243766784667969,12.129708290100098,2199716491.0,-0.0024959323948576,-0.2006611319485455,-0.1015785321717016,0.1062332311430378,0.0522234651955884,-0.0522234651955884
LINK-USD_2020-12-28,LINK-USD,2020-12-28,12.14949893951416,12.891690254211426,12.037069320678713,12.62838077545166,1696784037.0,0.0749477536674716,-0.168274960716748,-0.0466636035246382,0.0411116634815169,0.0522625800192604,-0.0522625800192604
LINK-USD_2020-12-29,LINK-USD,2020-12-29,12.62472438812256,12.97528839111328,10.837599754333496,11.771124839782717,2021247540.0,-0.0169295824499872,-0.1720277711610073,-0.0944786768054972,-0.0678832821809876,0.0529609349076901,-0.0529609349076901
LINK-USD_2020-12-30,LINK-USD,2020-12-30,11.767861366271973,11.926012992858888,11.09719467163086,11.253575325012209,1497541828.0,-0.0181619049552573,-0.2621455365923689,-0.1401537207738131,-0.0439677194673318,0.0529771906960521,-0.0529771906960521
LINK-USD_2020-12-31,LINK-USD,2020-12-31,11.250920295715332,11.722368240356444,10.999016761779783,11.270538330078123,1206737630.0,0.000479159280333,-0.2225987820511471,-0.111059811385407,0.0015073436286698,0.0529255588340987,-0.0529255588340987
LINK-USD_2021-01-01,LINK-USD,2021-01-01,11.266761779785156,12.386067390441896,11.118653297424316,11.872554779052734,1376173841.0,0.069738550145858,-0.2166464199414534,-0.0734539348977976,0.053415057146648,0.0532852277899712,-0.0532852277899712
LINK-USD_2021-01-02,LINK-USD,2021-01-02,11.87341022491455,12.363890647888184,11.520288467407228,12.220136642456056,1562557417.0,0.089057345539679,-0.2623842955035275,-0.0866634749819242,0.0292760799905151,0.0533819132279106,-0.0533819132279106
LINK-USD_2021-01-03,LINK-USD,2021-01-03,12.22336483001709,13.977095603942873,11.88365364074707,13.650172233581545,2298964833.0,0.1832027737710562,-0.1713590349509995,0.0059218694100283,0.1170228805917896,0.0552062769630309,-0.0552062769630309
LINK-USD_2021-01-04,LINK-USD,2021-01-04,13.666396141052246,15.575632095336914,12.597853660583496,13.571063041687012,2926793268.0,0.2568616796804686,-0.1360681791579465,0.060396750261261,-0.0057954720673716,0.0545282941736895,-0.0545282941736895
LINK-USD_2021-01-05,LINK-USD,2021-01-05,13.569751739501951,14.901026725769045,13.174111366271973,14.539868354797363,2435517090.0,0.3998137640692643,-0.0981065519997207,0.1508536060347717,0.0713875773868573,0.0548733532325457,-0.0548733532325457
LINK-USD_2021-01-06,LINK-USD,2021-01-06,14.550183296203612,17.223899841308594,14.177452087402344,17.155256271362305,3654880010.0,0.6381107050775303,0.1515606534335425,0.3948356792555364,0.1798770011354336,0.0590454609111447,-0.0590454609111447
LINK-USD_2021-01-07,LINK-USD,2021-01-07,17.1586856842041,17.34910011291504,15.225082397460938,16.031967163085938,2848054681.0,0.458688893069336,0.3341430430779974,0.3964159680736667,-0.0654778390079489,0.0595665853809374,-0.0595665853809374
LINK-USD_2021-01-08,LINK-USD,2021-01-08,16.019023895263672,16.152416229248047,14.26329231262207,15.288084983825684,2749568572.0,0.2615938858803754,0.2237452574364382,0.2426695716584068,-0.046399931567541,0.058692158450796,-0.058692158450796
LINK-USD_2021-01-09,LINK-USD,2021-01-09,15.279501914978027,17.90487289428711,15.064793586730955,17.607513427734375,2622916177.0,0.4975910387957247,0.6592903616314829,0.5784407002136038,0.1517147796053315,0.0613329612825987,-0.0613329612825987
LINK-USD_2021-01-10,LINK-USD,2021-01-10,17.598928451538086,18.44547271728516,15.615169525146484,16.2474308013916,3058197027.0,0.2837693841712057,0.2581517825901818,0.2709605833806937,-0.0772444463509791,0.0616332734260289,-0.0616332734260289
LINK-USD_2021-01-11,LINK-USD,2021-01-11,16.246437072753906,16.246437072753906,12.568740844726562,14.556933403015137,3428738380.0,0.1626261278326921,0.1714355332722954,0.1670308305524938,-0.1040470594422641,0.0631407410445484,-0.0631407410445484
LINK-USD_2021-01-12,LINK-USD,2021-01-12,14.550128936767578,15.440449714660645,13.749820709228516,13.915848731994627,2198321176.0,0.0701648441792108,0.1808070109962352,0.125485927587723,-0.0440398161667568,0.0632763777919576,-0.0632763777919576
LINK-USD_2021-01-13,LINK-USD,2021-01-13,13.903968811035156,16.207542419433594,13.428170204162598,15.93009090423584,2265358357.0,0.243805863685329,0.2870416315188806,0.2654237476021048,0.1447444716476522,0.0656959661117151,-0.0656959661117151
LINK-USD_2021-01-14,LINK-USD,2021-01-14,15.92735767364502,17.83426856994629,15.425721168518066,17.826250076293945,2758638858.0,0.4349135271707101,0.4202696967085948,0.4275916119396524,0.1190300283568321,0.0670631833094157,-0.0670631833094157
LINK-USD_2021-01-15,LINK-USD,2021-01-15,17.866125106811523,21.18670654296875,17.572053909301758,20.709726333618164,6831687993.0,0.606902725642636,0.6565796791003276,0.6317412023714818,0.1617545050127384,0.0697215911294659,-0.0697215911294659
LINK-USD_2021-01-16,LINK-USD,2021-01-16,20.71490859985352,22.68733787536621,19.72004127502441,20.21839714050293,5499569396.0,0.6075743078995606,0.5833932754806654,0.595483791690113,-0.0237245623240157,0.0697183977614881,-0.0697183977614881
LINK-USD_2021-01-17,LINK-USD,2021-01-17,20.21868705749512,23.61110496520996,19.463830947875977,23.166772842407227,5027606263.0,0.9111640466311616,0.9316033595035172,0.9213837030673392,0.1458263818548653,0.0715247826062003,-0.0715247826062003
LINK-USD_2021-01-18,LINK-USD,2021-01-18,23.20060539245605,23.52741241455078,21.212947845458984,22.03626251220703,3602422029.0,0.7501890565351752,0.8182365855385847,0.78421282103688,-0.0487987834080529,0.071862721766311,-0.071862721766311
LINK-USD_2021-01-19,LINK-USD,2021-01-19,22.042205810546875,22.80375862121582,20.581796646118164,20.754093170166016,3077697742.0,0.5669720386976262,0.890490224975544,0.7287311318365851,-0.0581845193272114,0.0721998071930301,-0.0721998071930301
LINK-USD_2021-01-20,LINK-USD,2021-01-20,20.72128295898437,21.929914474487305,19.19035720825196,21.84677696228028,3432961301.0,0.6072084134405753,1.030026987264571,0.8186177003525733,0.0526490742406897,0.0723738028561909,-0.0723738028561909
LINK-USD_2021-01-21,LINK-USD,2021-01-21,21.848711013793945,21.936092376708984,18.164527893066406,18.424272537231445,3407990168.0,0.3525496655985169,0.6766287622770961,0.5145892139378065,-0.1566594665637859,0.075358922461425,-0.075358922461425
LINK-USD_2021-01-22,LINK-USD,2021-01-22,18.412506103515625,22.426801681518555,17.384538650512695,21.62949752807617,4292258678.0,0.5363743695950833,1.1454339684324673,0.8409041690137753,0.1739675194430423,0.0781642436222471,-0.0781642436222471
LINK-USD_2021-01-23,LINK-USD,2021-01-23,21.610153198242188,25.4461612701416,21.24954414367676,24.761531829833984,5098945533.0,0.6125057322555947,1.440214466074904,1.0263600991652493,0.1448038401119711,0.0793546893835397,-0.0793546893835397
LINK-USD_2021-01-24,LINK-USD,2021-01-24,24.771089553833008,24.868953704833984,23.37724876403809,24.70185852050781,3727726940.0,0.7100864148430075,1.528823783138256,1.1194550989906318,-0.00240991994099,0.0788674644501302,-0.0788674644501302
LINK-USD_2021-01-25,LINK-USD,2021-01-25,24.699432373046875,25.65489387512207,22.73853874206543,23.54012107849121,3740983054.0,0.5415074877404671,1.6872465016465146,1.1143769946934907,-0.0470303657942218,0.0789879285007579,-0.0789879285007579
LINK-USD_2021-01-26,LINK-USD,2021-01-26,23.52181434631348,23.95246315002441,21.77118682861328,23.025863647460938,3117612364.0,0.4740642758910036,1.6272681115405434,1.0506661937157735,-0.0218459977039011,0.0790703258352732,-0.0790703258352732
LINK-USD_2021-01-27,LINK-USD,2021-01-27,23.03353309631348,23.11281967163086,20.375661849975582,21.07044792175293,3092662315.0,0.4774909978837351,1.7356192186522614,1.1065551082679983,-0.0849225790461776,0.0790291023138009,-0.0790291023138009
LINK-USD_2021-01-28,LINK-USD,2021-01-28,21.06085205078125,24.4604606628418,20.62814140319824,23.110902786254883,3652814431.0,0.8377920775500249,1.3540571832897803,1.0959246304199026,0.0968396529622612,0.0780746915192067,-0.0780746915192067
LINK-USD_2021-01-29,LINK-USD,2021-01-29,23.3029899597168,24.17988014221192,22.114721298217773,22.7734432220459,3788470512.0,0.8232962912230337,1.126101182200809,0.9746987367119212,-0.0146017473800152,0.0781123373016663,-0.0781123373016663
LINK-USD_2021-01-30,LINK-USD,2021-01-30,22.773027420043945,23.9493408203125,22.232776641845703,23.59402847290039,2685935167.0,0.8040528991573352,1.2814549776996809,1.042753938428508,0.036032550846774,0.078045845904143,-0.078045845904143
LINK-USD_2021-01-31,LINK-USD,2021-01-31,23.59618759155273,24.53101348876953,22.17173194885254,22.598434448242188,2692563296.0,0.6898656097573328,1.098455402707657,0.8941605062324949,-0.0421968645923149,0.0783351103956454,-0.0783351103956454
LINK-USD_2021-02-01,LINK-USD,2021-02-01,22.595956802368164,23.149662017822266,21.70425033569336,22.83964157104492,2422414493.0,0.6055265440047448,1.2102398214169856,0.9078831827108652,0.0106736209251652,0.0780468247672154,-0.0780468247672154
LINK-USD_2021-02-02,LINK-USD,2021-02-02,22.839508056640625,24.11485290527344,22.79480361938477,23.71361351013184,2604058586.0,0.7710557982955064,1.3443970378913108,1.0577264180934085,0.038265571566364,0.0776144909390204,-0.0776144909390204
LINK-USD_2021-02-03,LINK-USD,2021-02-03,23.706806182861328,25.440689086914062,23.57048225402832,25.073034286499023,3147392512.0,0.7925487031404772,1.5451731514688365,1.1688609273046566,0.0573265974747525,0.0777168342702274,-0.0777168342702274
LINK-USD_2021-02-04,LINK-USD,2021-02-04,25.07576560974121,25.972017288208008,22.988582611083984,24.49896240234375,3344787680.0,0.7530913484009378,1.538777519827479,1.1459344341142084,-0.0228959876812513,0.0778260273637242,-0.0778260273637242
LINK-USD_2021-02-05,LINK-USD,2021-02-05,24.50349998474121,26.899293899536133,24.50349998474121,26.363325119018555,3936072394.0,1.069132534600623,1.8579044918102343,1.4635185132054287,0.0760996603062849,0.0771673948756716,-0.0771673948756716
LINK-USD_2021-02-06,LINK-USD,2021-02-06,26.3489990234375,26.72246360778809,24.46838760375977,25.04932975769043,3146238667.0,0.9015606463248098,1.692175693088934,1.296868169706872,-0.0498417917844591,0.0775477529555997,-0.0775477529555997
LINK-USD_2021-02-07,LINK-USD,2021-02-07,25.049219131469727,25.27623748779297,23.085792541503903,24.79012107849121,2772921169.0,0.8373399857674024,1.635870077185996,1.2366050314766992,-0.0103479287352843,0.0775903627057307,-0.0775903627057307
LINK-USD_2021-02-08,LINK-USD,2021-02-08,24.781538009643555,25.94103240966797,24.062545776367188,25.45610237121582,3063771708.0,0.9460440295824644,1.6451462979963505,1.2955951637894074,0.0268647857997934,0.0774128849956929,-0.0774128849956929
LINK-USD_2021-02-09,LINK-USD,2021-02-09,25.456987380981445,27.8963623046875,25.004365921020508,27.594215393066406,3700778076.0,1.2719303149633503,2.1431097183559724,1.7075200166596614,0.0839921599415089,0.0771372313262479,-0.0771372313262479
LINK-USD_2021-02-10,LINK-USD,2021-02-10,27.59209442138672,28.602453231811523,25.690353393554688,26.859596252441406,4118325809.0,1.1260798048172165,1.9984421356060644,1.5622609702116403,-0.0266222152056401,0.0772583410283605,-0.0772583410283605
LINK-USD_2021-02-11,LINK-USD,2021-02-11,26.85723114013672,28.44580078125,26.31255340576172,27.874238967895508,3098066261.0,1.338011501494401,1.931409553454425,1.6347105274744131,0.0377757992308569,0.0767673436052654,-0.0767673436052654
LINK-USD_2021-02-12,LINK-USD,2021-02-12,27.857929229736328,31.38100242614746,26.82828140258789,30.64073944091797,4140041014.0,1.6278269010110575,1.96134434789838,1.7945856244547187,0.099249363407152,0.0773070086017543,-0.0773070086017543
LINK-USD_2021-02-13,LINK-USD,2021-02-13,30.647441864013672,34.53685760498047,29.293598175048828,34.10197830200195,5124433887.0,1.7931476620204183,2.2401567771787816,2.0166522195996,0.1129619886542885,0.0781431707303994,-0.0781431707303994
LINK-USD_2021-02-14,LINK-USD,2021-02-14,34.12268829345703,35.580501556396484,32.4645881652832,33.290321350097656,4767351611.0,1.5739202657194884,2.0689657264238224,1.8214429960716556,-0.0238008758529016,0.0781594272640542,-0.0781594272640542
LINK-USD_2021-02-15,LINK-USD,2021-02-15,33.2679443359375,34.81749725341797,28.309467315673828,32.575897216796875,4824452129.0,1.5395254836489856,1.8443337741603427,1.691929628904664,-0.0214604156501687,0.0782490484928168,-0.0782490484928168
LINK-USD_2021-02-16,LINK-USD,2021-02-16,32.528564453125,33.22939682006836,30.96687889099121,31.97348022460937,3794728331.0,1.5165127783867651,1.907883325673315,1.7121980520300402,-0.0184927214184873,0.0783078269379407,-0.0783078269379407
LINK-USD_2021-02-17,LINK-USD,2021-02-17,31.97589874267578,32.587833404541016,30.046857833862305,32.256797790527344,3072709794.0,1.398081121277222,1.9460659823866848,1.6720735518319534,0.0088610174409449,0.0781387109350556,-0.0781387109350556
LINK-USD_2021-02-18,LINK-USD,2021-02-18,32.25244140625,33.53372573852539,31.896072387695312,32.44149398803711,1726602703.0,1.408938489568108,2.021255669399713,1.7150970794839109,0.0057258069666172,0.078126085692803,-0.078126085692803
LINK-USD_2021-02-19,LINK-USD,2021-02-19,32.45512390136719,35.406982421875,31.57805061340332,34.7152099609375,2518517791.0,1.5693666912463748,2.268990755163373,1.919178723204874,0.0700866604275016,0.0783899491104289,-0.0783899491104289
LINK-USD_2021-02-20,LINK-USD,2021-02-20,34.711280822753906,36.828460693359375,32.63641357421875,34.10981750488281,3095945276.0,1.5281163574018262,2.2020408987266853,1.865078628064256,-0.017438824559491,0.0784800947951442,-0.0784800947951442
LINK-USD_2021-02-21,LINK-USD,2021-02-21,34.07320785522461,35.23155975341797,33.4279899597168,34.152740478515625,1768919688.0,1.6130487299275311,2.1388328159901766,1.875940772958854,0.0012583759390289,0.0782586272251408,-0.0782586272251408
LINK-USD_2021-02-22,LINK-USD,2021-02-22,34.15009689331055,34.16166687011719,25.66321563720703,31.530805587768555,3577738647.0,1.5547575555267077,1.8963793993830096,1.7255684774548588,-0.0767708492498997,0.0786241144711802,-0.0786241144711802
LINK-USD_2021-02-23,LINK-USD,2021-02-23,31.522872924804688,31.54983139038086,21.19807243347168,25.800342559814453,5101235733.0,1.0166076164196531,1.6117425222446276,1.3141750693321403,-0.1817417259448983,0.0825062391088176,-0.0825062391088176
LINK-USD_2021-02-24,LINK-USD,2021-02-24,25.82765007019043,29.178787231445312,24.645511627197266,28.086719512939453,3087989666.0,1.593104053073867,1.599513197990512,1.5963086255321894,0.0886180851213256,0.0801630481222848,-0.0801630481222848
LINK-USD_2021-02-25,LINK-USD,2021-02-25,28.073373794555664,28.55682945251465,24.59596061706543,24.668046951293945,2016768740.0,1.1310652235757503,1.0661156773941034,1.0985904504849269,-0.1217184712536663,0.081806995170384,-0.081806995170384
LINK-USD_2021-02-26,LINK-USD,2021-02-26,24.73423194885254,26.94897079467773,23.761680603027344,25.187313079833984,170549323809.0,1.1813457804150245,1.0706787728786895,1.126012276646857,0.0210501516218657,0.0817780664025655,-0.0817780664025655
LINK-USD_2021-02-27,LINK-USD,2021-02-27,25.19774627685547,27.390609741210938,24.90677070617676,26.23509788513184,1874410773.0,1.39264922195287,1.0606368721009356,1.2266430470269027,0.0415997054539634,0.0813993424272302,-0.0813993424272302
LINK-USD_2021-02-28,LINK-USD,2021-02-28,26.23312759399414,26.753889083862305,23.075170516967773,24.66353225708008,2019851813.0,1.0333161908938662,1.0282411711440256,1.030778681018946,-0.0599031737915645,0.0811579808630008,-0.0811579808630008
LINK-USD_2021-03-01,LINK-USD,2021-03-01,24.672752380371094,27.652099609375,24.672752380371094,27.6070613861084,2279573087.0,1.186112525191973,1.349956748219436,1.2680346367057045,0.1193474275438923,0.0821636809219532,-0.0821636809219532
LINK-USD_2021-03-02,LINK-USD,2021-03-02,27.610774993896484,30.4533920288086,27.21218490600586,28.51118278503418,2745094103.0,1.4221289955803806,1.381123363045198,1.401626179312789,0.0327496427917795,0.0814866110208608,-0.0814866110208608
LINK-USD_2021-03-03,LINK-USD,2021-03-03,28.5073184967041,31.37593078613281,28.25358963012696,29.990028381347656,1999664567.0,1.6649333669710984,1.6165331004480752,1.6407332337095868,0.0518689669054956,0.081217281409886,-0.081217281409886
LINK-USD_2021-03-04,LINK-USD,2021-03-04,29.9621524810791,30.525611877441406,27.363000869750977,27.718738555908203,1935423706.0,1.4593979226293148,1.460576365967975,1.4599871442986447,-0.0757348341441412,0.0820624921141755,-0.0820624921141755
LINK-USD_2021-03-05,LINK-USD,2021-03-05,27.709379196166992,28.162181854248047,25.732032775878903,27.87541389465332,1739847948.0,1.3478867365459646,1.5116249534593704,1.4297558450026675,0.0056523257156564,0.0819473860025604,-0.0819473860025604
LINK-USD_2021-03-06,LINK-USD,2021-03-06,27.856069564819336,28.332921981811523,26.40821075439453,28.16510391235352,1130900770.0,1.3048108819422146,1.510071221058955,1.4074410515005848,0.0103923126951583,0.0819359287203262,-0.0819359287203262
LINK-USD_2021-03-07,LINK-USD,2021-03-07,28.1701889038086,29.017667770385746,27.46931838989257,28.5482120513916,1305530074.0,1.0914177171448842,1.4745712440397574,1.2829944805923208,0.0136022270761104,0.0809212711721708,-0.0809212711721708
LINK-USD_2021-03-08,LINK-USD,2021-03-08,28.562780380249023,31.69816017150879,28.38143348693848,31.69816017150879,2212810142.0,1.3357168170348732,1.935672961916368,1.6356948894756207,0.1103378423295564,0.0817592474021687,-0.0817592474021687
LINK-USD_2021-03-09,LINK-USD,2021-03-09,31.703248977661133,31.92976188659668,30.454853057861328,31.499252319335938,1630964651.0,1.1664056063439463,2.032564386317076,1.599484996330511,-0.0062750598487932,0.0815080754439535,-0.0815080754439535
LINK-USD_2021-03-10,LINK-USD,2021-03-10,31.49477195739746,31.74357032775879,29.51637077331543,29.94671630859375,1606531493.0,0.7456292016216945,1.8595338822724408,1.3025815419470677,-0.049288027379277,0.0791362377013878,-0.0791362377013878
LINK-USD_2021-03-11,LINK-USD,2021-03-11,29.90898895263672,30.372329711914062,28.725658416748047,30.07517433166504,1537882621.0,0.8759503450652011,1.736427932296197,1.3061891386806992,0.0042895528761002,0.0785212522934012,-0.0785212522934012
LINK-USD_2021-03-12,LINK-USD,2021-03-12,30.084863662719727,30.357812881469727,27.858810424804688,28.46152305603028,1435032009.0,0.8616800656289969,1.348684188262919,1.105182126945958,-0.0536539292454176,0.0786150840849708,-0.0786150840849708
LINK-USD_2021-03-13,LINK-USD,2021-03-13,28.459606170654297,30.534563064575195,27.11136245727539,29.779226303100582,1739486182.0,0.6912794884593985,1.5328450060158127,1.1120622472376056,0.0462977067135945,0.0767122230404906,-0.0767122230404906
LINK-USD_2021-03-14,LINK-USD,2021-03-14,29.771163940429688,30.13971710205078,28.603076934814453,28.789424896240234,1062176149.0,0.7719370679685802,1.2747585585361565,1.0233478132523683,-0.0332379826388333,0.0760912442080323,-0.0760912442080323
LINK-USD_2021-03-15,LINK-USD,2021-03-15,28.770273208618164,29.384750366210938,26.904203414916992,27.491762161254883,1557817115.0,0.8885682444326215,1.1956987851724836,1.0421335148025526,-0.0450742847299745,0.074996079426819,-0.074996079426819
LINK-USD_2021-03-16,LINK-USD,2021-03-16,27.490459442138672,28.13727569580078,26.50393295288086,27.91741943359375,1213205843.0,1.0061600245342857,1.1469219300542957,1.0765409772942909,0.0154830843451265,0.0746414416074438,-0.0746414416074438
LINK-USD_2021-03-17,LINK-USD,2021-03-17,27.919166564941406,31.212373733520508,27.42863273620605,31.0097599029541,2339727784.0,0.9466153764827888,1.4212116196093176,1.1839134980460533,0.1107674180529472,0.0737982691877422,-0.0737982691877422
LINK-USD_2021-03-18,LINK-USD,2021-03-18,31.00084686279297,31.29309463500977,29.17744445800781,29.504812240600582,1427732613.0,0.6551328582469094,1.374972527563212,1.0150526929050607,-0.0485314193680729,0.072940491564393,-0.072940491564393
LINK-USD_2021-03-19,LINK-USD,2021-03-19,29.49397659301757,30.521860122680664,28.88075065612793,29.909875869750977,1116478173.0,0.4442429314576783,1.3207579030494545,0.8825004172535663,0.0137287309557252,0.0703314226798933,-0.0703314226798933
LINK-USD_2021-03-20,LINK-USD,2021-03-20,29.90140151977539,31.48211479187012,29.676925659179688,29.676925659179688,1199973273.0,0.4678179211213911,1.359626378669292,0.9137221498953416,-0.007788404458304,0.0702430490374813,-0.0702430490374813
LINK-USD_2021-03-21,LINK-USD,2021-03-21,29.68050765991211,30.143035888671875,28.73392868041992,29.272838592529297,969809465.0,0.2635699754842331,1.4148895075480843,0.8392297415161588,-0.0136162037567862,0.0680549966454056,-0.0680549966454056
LINK-USD_2021-03-22,LINK-USD,2021-03-22,29.27885055541992,29.42911720275879,27.39396095275879,27.398113250732425,1083074169.0,0.2433194256764361,1.1760440525964977,0.7096817391364668,-0.06404316875082,0.0682797295387905,-0.0682797295387905
LINK-USD_2021-03-23,LINK-USD,2021-03-23,27.386091232299805,27.99405860900879,26.759180068969727,26.915058135986328,1124961035.0,0.2968554161969694,1.0321361754142235,0.6644957958055965,-0.0176309627719778,0.0678569881560153,-0.0678569881560153
LINK-USD_2021-03-24,LINK-USD,2021-03-24,26.905611038208008,27.89529609680176,24.26139068603516,25.053884506225582,1401912784.0,0.1468000313951369,0.8431466589921801,0.4949733451936585,-0.06914990190091,0.0682521936276935,-0.0682521936276935
LINK-USD_2021-03-25,LINK-USD,2021-03-25,25.02586555480957,26.63407516479492,24.61804962158203,25.696287155151367,1351900684.0,0.3946975167255457,0.8863976598582191,0.6405475882918824,0.0256408401965035,0.0651022856011861,-0.0651022856011861
LINK-USD_2021-03-26,LINK-USD,2021-03-26,25.68857383728028,27.458890914916992,25.4563217163086,27.401567459106445,1139989327.0,0.2668610273325971,0.9463728122326986,0.6066169197826479,0.0663629065809696,0.0619984579138132,-0.0619984579138132
LINK-USD_2021-03-27,LINK-USD,2021-03-27,27.40023803710937,27.50557327270508,26.082782745361328,26.87954330444336,783605885.0,0.0855363670214248,0.750433614393961,0.4179849907076929,-0.0190508866123131,0.0594517139717822,-0.0594517139717822
LINK-USD_2021-03-28,LINK-USD,2021-03-28,26.880783081054688,27.684080123901367,26.23177528381348,26.69699478149414,804341769.0,0.0807686700711181,0.8482078202765635,0.4644882451738408,-0.0067913550792748,0.05946077610449,-0.05946077610449
LINK-USD_2021-03-29,LINK-USD,2021-03-29,26.698057174682617,28.521728515625,26.47917938232422,28.052568435668945,1122700330.0,0.1916917649714551,0.8370017787821509,0.514346771876803,0.0507762639679003,0.0594105527580877,-0.0594105527580877
LINK-USD_2021-03-30,LINK-USD,2021-03-30,28.05175971984864,28.5733585357666,27.68008804321289,27.90404891967773,923736996.0,0.2118567775308923,0.78635478325468,0.4991057803927862,-0.0052943286220583,0.0593285210618847,-0.0593285210618847
LINK-USD_2021-03-31,LINK-USD,2021-03-31,27.90324592590332,29.351137161254883,26.68514060974121,29.351137161254883,1419202876.0,0.3930001521682436,1.058145184879253,0.7255726685237482,0.0518594360891002,0.0584888313502658,-0.0584888313502658
LINK-USD_2021-04-01,LINK-USD,2021-04-01,29.38402557373047,31.190813064575195,29.38402557373047,30.23321914672852,1814724171.0,0.308179928164018,1.4041627079897934,0.8561713180769057,0.0300527363089029,0.0574294314523713,-0.0574294314523713
LINK-USD_2021-04-02,LINK-USD,2021-04-02,30.21860122680664,32.6786003112793,29.728731155395508,32.53324890136719,1564647602.0,0.4285608278098798,1.6046896591322612,1.0166252434710703,0.0760762439314224,0.0580399984310566,-0.0580399984310566
LINK-USD_2021-04-03,LINK-USD,2021-04-03,32.53227996826172,33.22390365600586,29.49326515197754,29.534889221191406,1713670580.0,0.25179509955727,1.258304578507238,0.755049839032254,-0.0921629342727519,0.0592529030959659,-0.0592529030959659
LINK-USD_2021-04-04,LINK-USD,2021-04-04,29.52741432189941,31.589675903320312,29.261474609375,30.9572811126709,1148273070.0,0.3698860947015248,1.3149234007208834,0.8424047477112041,0.0481597164907907,0.059177706685511,-0.059177706685511
LINK-USD_2021-04-05,LINK-USD,2021-04-05,30.959606170654297,32.63180923461914,30.01063537597656,32.39665603637695,1463086928.0,0.4184397743547776,1.2773427087986962,0.8478912415767369,0.0464955213110402,0.059387698777262,-0.059387698777262
LINK-USD_2021-04-06,LINK-USD,2021-04-06,32.421634674072266,34.952613830566406,31.395437240600582,34.79787826538086,2839348208.0,0.467422004264056,1.5988862491982698,1.033154126731163,0.0741194469672321,0.0598589304844111,-0.0598589304844111
LINK-USD_2021-04-07,LINK-USD,2021-04-07,34.79106140136719,35.11281204223633,30.28915405273437,31.17518424987793,2513971688.0,0.2433750097276701,1.2288102612046132,0.7360926354661417,-0.1041067500689263,0.0611499783869245,-0.0611499783869245
LINK-USD_2021-04-08,LINK-USD,2021-04-08,31.200307846069336,32.8676872253418,31.04911422729492,32.74489974975586,1227213106.0,0.3365831259295799,1.3431523144858275,0.8398677202077037,0.0503514425863922,0.0613008200110905,-0.0613008200110905
LINK-USD_2021-04-09,LINK-USD,2021-04-09,32.74325942993164,33.2801628112793,31.29725456237793,31.63246726989746,1021522189.0,0.1998663722080238,1.4826825479088432,0.8412744600584335,-0.0339726946290831,0.0608518596213697,-0.0608518596213697
LINK-USD_2021-04-10,LINK-USD,2021-04-10,31.62818717956543,33.03373718261719,31.054616928100582,31.89926147460937,1054977271.0,0.2734576846239143,1.4215570178407462,0.8475073512323302,0.0084341889121561,0.0604503065088078,-0.0604503065088078
LINK-USD_2021-04-11,LINK-USD,2021-04-11,31.905027389526367,34.423831939697266,31.76835060119629,33.91918182373047,1365984051.0,0.3682539797338851,1.5139477476504482,0.9411008636921666,0.0633218531008588,0.0608467026524598,-0.0608467026524598
LINK-USD_2021-04-12,LINK-USD,2021-04-12,33.94459533691406,34.1560173034668,31.936511993408203,33.10542678833008,1169762437.0,0.3004907941352261,1.530812345453815,0.9156515697945206,-0.0239909983568964,0.060914048883362,-0.060914048883362
LINK-USD_2021-04-13,LINK-USD,2021-04-13,33.086727142333984,35.87331771850586,32.43425750732422,35.456634521484375,1775182127.0,0.2849299759540746,1.9192713649751911,1.1021006704646328,0.0710218221377263,0.0606677278812751,-0.0606677278812751
LINK-USD_2021-04-14,LINK-USD,2021-04-14,35.492862701416016,42.02860641479492,35.124141693115234,41.423709869384766,3821675577.0,0.5422312934290496,2.2789068073166368,1.4105690503728432,0.1682922090161924,0.0638717097546155,-0.0638717097546155
LINK-USD_2021-04-15,LINK-USD,2021-04-15,41.343017578125,44.40056610107422,39.80783081054688,42.7531623840332,3655212066.0,0.533787610606147,2.586013074446787,1.559900342526467,0.0320939992782007,0.0638343081318268,-0.0638343081318268
LINK-USD_2021-04-16,LINK-USD,2021-04-16,42.61618041992188,43.18880081176758,38.75537490844727,42.10155487060547,3017897774.0,0.3740384742276359,2.61073526559957,1.492386869913603,-0.0152411535683518,0.0628406045609521,-0.0628406045609521
LINK-USD_2021-04-17,LINK-USD,2021-04-17,42.08270263671875,44.06838607788086,40.31354141235352,40.372066497802734,2183873341.0,0.1838628873748564,2.306703856023822,1.2452833716993394,-0.0410789667535588,0.0616369663929472,-0.0616369663929472
LINK-USD_2021-04-18,LINK-USD,2021-04-18,40.40381240844727,40.75344467163086,30.279163360595703,39.06591033935547,4447232523.0,0.1734915361290399,2.020473646492829,1.096982591310934,-0.0323529675776778,0.0617098255297254,-0.0617098255297254
LINK-USD_2021-04-19,LINK-USD,2021-04-19,39.11829376220703,41.922481536865234,34.96240234375,35.8793830871582,3408804481.0,0.1014088989898327,1.7970559669024515,0.9492324329461422,-0.0815679763895612,0.0625751838914151,-0.0625751838914151
LINK-USD_2021-04-20,LINK-USD,2021-04-20,35.71250915527344,39.30816268920898,33.388206481933594,38.95063400268555,3207615683.0,0.2182169012901509,2.065658398943393,1.1419376501167722,0.0855993233792973,0.063355101131079,-0.063355101131079
LINK-USD_2021-04-21,LINK-USD,2021-04-21,38.99762344360352,39.450904846191406,35.97854232788086,36.43635940551758,2055648964.0,0.1295714981422495,1.7088040848277577,0.9191877914850036,-0.0645502868321633,0.0639576085136133,-0.0639576085136133
LINK-USD_2021-04-22,LINK-USD,2021-04-22,36.26982498168945,40.7403564453125,33.948368072509766,35.23340606689453,3244017655.0,0.0860599108008697,1.616251521105121,0.8511557159529953,-0.0330151902728482,0.0641264193353608,-0.0641264193353608
LINK-USD_2021-04-23,LINK-USD,2021-04-23,35.202728271484375,35.904380798339844,30.316686630249023,35.05847930908203,3600828195.0,0.0098881541701976,1.5947729852091896,0.8023305696896936,-0.0049647983927634,0.0635612627742787,-0.0635612627742787
LINK-USD_2021-04-24,LINK-USD,2021-04-24,35.147560119628906,35.264617919921875,31.059839248657227,31.12519836425781,1642552575.0,-0.0875002963647564,1.306905426884578,0.6097025652599107,-0.1121920009749336,0.0651340453417287,-0.0651340453417287
LINK-USD_2021-04-25,LINK-USD,2021-04-25,31.219703674316406,33.400840759277344,30.01256561279297,31.540620803833008,1348819867.0,-0.0764834574937205,1.4131937284630989,0.6683551354846892,0.0133468206278886,0.0651536570128128,-0.0651536570128128
LINK-USD_2021-04-26,LINK-USD,2021-04-26,31.66145706176757,35.259735107421875,31.41604232788086,35.135986328125,1676434079.0,0.114338364439219,1.8468643559643687,0.980601360201794,0.1139915902940966,0.0659165972480323,-0.0659165972480323
LINK-USD_2021-04-27,LINK-USD,2021-04-27,35.13705062866211,37.60102081298828,34.51911926269531,36.808067321777344,1599200378.0,0.4266503336706881,1.8769939288479491,1.1518221312593186,0.0475888446118248,0.0616981283712198,-0.0616981283712198
LINK-USD_2021-04-28,LINK-USD,2021-04-28,36.78950119018555,37.75439834594727,34.979305267333984,36.2208366394043,1471169508.0,0.2896072331522192,2.3440857431603948,1.316846488156307,-0.0159538580833232,0.0608822479599461,-0.0608822479599461
LINK-USD_2021-04-29,LINK-USD,2021-04-29,36.24348068237305,37.35780334472656,35.06061935424805,36.44501876831055,1371222859.0,0.4774180882771042,2.1484743086091047,1.3129461984431043,0.0061893139338025,0.0586512108285363,-0.0586512108285363
LINK-USD_2021-04-30,LINK-USD,2021-04-30,36.453426361083984,38.74304962158203,35.85038757324219,38.12850570678711,1478967959.0,0.5137980611879711,2.302117013172825,1.4079575371803985,0.0461925112229706,0.0588275135154597,-0.0588275135154597
LINK-USD_2021-05-01,LINK-USD,2021-05-01,38.1241569519043,41.20891189575195,37.59159851074219,41.11626052856445,1635368353.0,0.5672234465672104,2.7498159600553307,1.6585197033112706,0.0783601341409376,0.0593433473785568,-0.0593433473785568
LINK-USD_2021-05-02,LINK-USD,2021-05-02,41.23520278930664,41.42184066772461,38.742431640625,39.50485610961914,1469982885.0,0.601751756311329,2.256867779900512,1.4293097681059206,-0.0391914147403028,0.0590126692047087,-0.0590126692047087
LINK-USD_2021-05-03,LINK-USD,2021-05-03,39.47294998168945,42.6722297668457,39.2883186340332,42.05980682373047,1842337157.0,0.5235162567825691,2.330577971285965,1.4270471140342669,0.0646743455291112,0.0577552888133374,-0.0577552888133374
LINK-USD_2021-05-04,LINK-USD,2021-05-04,42.05381774902344,48.522003173828125,38.9644660949707,45.68613815307617,5428570251.0,0.602393646645109,2.8812041138729008,1.741798880259005,0.0862184494699034,0.0585079079376461,-0.0585079079376461
LINK-USD_2021-05-05,LINK-USD,2021-05-05,45.509521484375,51.17319488525391,44.95347213745117,49.42929458618164,4918560956.0,0.6481909906068735,3.392319166009405,2.020255078308139,0.0819319947893961,0.0589823949230213,-0.0589823949230213
LINK-USD_2021-05-06,LINK-USD,2021-05-06,49.54652404785156,49.77671813964844,45.55928421020508,47.127403259277344,2972637925.0,0.700200143098944,3.181468699991606,1.9408344215452755,-0.0465693744200793,0.0584130916067947,-0.0584130916067947
LINK-USD_2021-05-07,LINK-USD,2021-05-07,47.13862609863281,51.911563873291016,45.77369689941406,49.31119918823242,3471006689.0,0.7689853637542086,3.1533772727024445,1.9611813182283264,0.0463381340351101,0.058587583114308,-0.058587583114308
LINK-USD_2021-05-08,LINK-USD,2021-05-08,49.158050537109375,50.22362518310547,46.72921752929688,48.60890579223633,2167384860.0,0.7258557235755816,2.977771052359256,1.8518133879674183,-0.0142420668642689,0.0586722406936134,-0.0586722406936134
LINK-USD_2021-05-09,LINK-USD,2021-05-09,48.62021255493164,52.34251022338867,46.25537109375,52.19869613647461,3032923002.0,0.8284401153567216,2.824032051995484,1.826236083676103,0.0738504659944769,0.0592142465560266,-0.0592142465560266
LINK-USD_2021-05-10,LINK-USD,2021-05-10,52.24768829345703,52.8760871887207,41.21952819824219,46.46869659423828,3626979218.0,0.4659745658047898,2.424101446695644,1.4450380062502168,-0.1097728481043879,0.0597691424023296,-0.0597691424023296
LINK-USD_2021-05-11,LINK-USD,2021-05-11,46.31553268432617,48.82730102539063,44.69875717163086,48.754764556884766,2581226882.0,0.5478070419771985,2.3531778532780425,1.4504924476276204,0.0491958701275458,0.0599661999182619,-0.0599661999182619
LINK-USD_2021-05-12,LINK-USD,2021-05-12,48.84071731567383,49.789947509765625,41.03371047973633,41.03371047973633,2464290551.0,0.3702240358139355,1.3919030896807367,0.8810635627473361,-0.1583651187185998,0.0631576486833201,-0.0631576486833201
LINK-USD_2021-05-13,LINK-USD,2021-05-13,41.67519760131836,44.91990280151367,39.617897033691406,43.0898323059082,3419085326.0,0.4327375738780177,1.6877445461043463,1.0602410599911822,0.0501081136005785,0.0633895103851012,-0.0633895103851012
LINK-USD_2021-05-14,LINK-USD,2021-05-14,43.23229598999024,47.722412109375,42.98478698730469,46.54690170288086,2249865292.0,0.6354325666706984,2.0446522080513043,1.3400423873610017,0.0802293537006557,0.0635431157416734,-0.0635431157416734
LINK-USD_2021-05-15,LINK-USD,2021-05-15,46.54793167114258,47.79107284545898,41.10024642944336,41.498313903808594,2721945963.0,0.3935323060924465,1.3568526057996788,0.8751924559460627,-0.1084623812622055,0.0650835572305895,-0.0650835572305895
LINK-USD_2021-05-16,LINK-USD,2021-05-16,41.42467880249024,44.614105224609375,37.96208572387695,40.73714828491211,2323419857.0,0.4150038922879697,1.5072978480648738,0.9611508701764218,-0.0183420854317318,0.0649605600843547,-0.0649605600843547
LINK-USD_2021-05-17,LINK-USD,2021-05-17,40.69570159912109,40.69570159912109,35.244754791259766,37.19443893432617,2528181082.0,0.3529303329542701,1.5551012637470878,0.954015798350679,-0.0869650797794812,0.0657185644079587,-0.0657185644079587
LINK-USD_2021-05-18,LINK-USD,2021-05-18,37.10203170776367,44.68650817871094,36.79647445678711,42.54531478881836,2918047922.0,0.5239701824883745,2.057328058690397,1.2906491205893855,0.1438622548908499,0.0679402016162515,-0.0679402016162515
LINK-USD_2021-05-19,LINK-USD,2021-05-19,42.6378288269043,43.50236511230469,21.2677059173584,26.70195960998535,5200872150.0,-0.1389175635815991,0.6761963111513225,0.2686393737848617,-0.3723877765971287,0.0820668026391297,-0.0820668026391297
LINK-USD_2021-05-20,LINK-USD,2021-05-20,26.327194213867188,33.00528335571289,22.650379180908203,30.78122901916504,3689669181.0,0.0432613082962793,0.7267360710988306,0.384998689697555,0.1527704134364065,0.0839908438893982,-0.0839908438893982
LINK-USD_2021-05-21,LINK-USD,2021-05-21,30.68316650390625,31.99160385131836,22.12149429321289,25.577577590942383,2821780834.0,-0.1448450771803441,0.2350514525835245,0.0451031877015902,-0.1690527504597933,0.0867780879903726,-0.0867780879903726
LINK-USD_2021-05-22,LINK-USD,2021-05-22,25.60400390625,26.21168327331543,22.397274017333984,23.29215812683105,2086100617.0,-0.215142484962006,0.1520279260995691,-0.0315572794312184,-0.0893524594338696,0.0875258349465535,-0.0875258349465535
LINK-USD_2021-05-23,LINK-USD,2021-05-23,23.32520294189453,24.390321731567383,15.088672637939451,20.008373260498047,3660888535.0,-0.316486742573562,-0.1363331700705273,-0.2264099563220447,-0.1409824220002309,0.0893057607841459,-0.0893057607841459
LINK-USD_2021-05-24,LINK-USD,2021-05-24,19.87452888488769,26.42417526245117,19.7928524017334,26.36295890808105,3012097212.0,-0.0377819572164773,0.1963443843291137,0.0792812135563181,0.3175963165445679,0.0975701618629368,-0.0975701618629368
LINK-USD_2021-05-25,LINK-USD,2021-05-25,26.3704833984375,27.629838943481445,23.782350540161133,27.629838943481445,2430723622.0,0.0265569111492809,0.331295890258376,0.1789264007038284,0.0480553051657663,0.0976823309497723,-0.0976823309497723
LINK-USD_2021-05-26,LINK-USD,2021-05-26,27.54781150817871,34.2037353515625,26.897708892822266,33.9848747253418,3238551222.0,0.3564712776135363,0.555601303753805,0.4560362906836707,0.2300062550078547,0.1012076467974412,-0.1012076467974412
LINK-USD_2021-05-27,LINK-USD,2021-05-27,33.978294372558594,35.344085693359375,30.16031837463379,31.51471328735352,3009160091.0,0.2264306161069547,0.7104997347205508,0.4684651754137527,-0.0726841413408633,0.1017216716986136,-0.1017216716986136
LINK-USD_2021-05-28,LINK-USD,2021-05-28,31.6575927734375,32.17008590698242,26.94420623779297,27.95169258117676,3119953263.0,0.0200764106977204,0.2922950496142626,0.1561857301559915,-0.1130589599114821,0.1025859632724525,-0.1025859632724525
LINK-USD_2021-05-29,LINK-USD,2021-05-29,27.91115951538086,29.605016708374023,24.157730102539062,25.39863967895508,2160750314.0,-0.0550940768864728,0.0257297429536842,-0.0146821669663942,-0.091338043118754,0.1032696723432878,-0.1032696723432878
LINK-USD_2021-05-30,LINK-USD,2021-05-30,25.363481521606445,29.05959129333496,23.83534240722656,26.86960220336914,2131449890.0,0.0064654251644327,0.0877562990275262,0.0471108620959794,0.0579150121033007,0.1034762207672954,-0.1034762207672954
LINK-USD_2021-05-31,LINK-USD,2021-05-31,26.83411026000977,32.088584899902344,25.611696243286133,32.088584899902344,2610739303.0,0.1438733310102753,0.3631444287354124,0.2535088798728439,0.1942337164886944,0.1060329090831423,-0.1060329090831423
LINK-USD_2021-06-01,LINK-USD,2021-06-01,32.116851806640625,32.628273010253906,29.164270401000977,30.699012756347656,1987644783.0,0.100163379325892,0.333240447627372,0.216701913476632,-0.0433042512746929,0.1062171406220871,-0.1062171406220871
LINK-USD_2021-06-02,LINK-USD,2021-06-02,30.720298767089844,32.1135368347168,29.693010330200195,30.65630149841309,1436895951.0,0.0444672494284512,0.4549430373885794,0.2497051434085153,-0.0013912909276124,0.106068526971133,-0.106068526971133
LINK-USD_2021-06-03,LINK-USD,2021-06-03,30.692737579345703,32.86845779418945,30.132158279418945,32.19055938720703,1438073374.0,0.0647413770587612,0.3928732981539879,0.2288073376063746,0.0500470641859183,0.106170166405247,-0.106170166405247
LINK-USD_2021-06-04,LINK-USD,2021-06-04,32.2041015625,32.2041015625,27.320810317993164,28.87575340270996,2066403597.0,-0.1124233091427743,0.2679572922357522,0.0777669915464889,-0.1029744759829933,0.1066800685263798,-0.1066800685263798
LINK-USD_2021-06-05,LINK-USD,2021-06-05,28.851757049560547,30.15237236022949,26.11758613586425,27.12679672241211,1471383889.0,-0.0815338253258617,0.1497314565661978,0.034098815620168,-0.060568347980618,0.1062946621811089,-0.1062946621811089
LINK-USD_2021-06-06,LINK-USD,2021-06-06,27.132959365844727,28.1376953125,26.84964942932129,27.551576614379883,844390913.0,-0.1100130365420576,0.2191807657066693,0.0545838645823058,0.0156590509493079,0.1061577457630433,-0.1061577457630433
LINK-USD_2021-06-07,LINK-USD,2021-06-07,27.54482650756836,28.694122314453125,24.337968826293945,24.527210235595703,1350784356.0,-0.2429092000095613,0.073887703504516,-0.0845107482525226,-0.1097710821095329,0.1069690984812226,-0.1069690984812226
LINK-USD_2021-06-08,LINK-USD,2021-06-08,24.5931396484375,25.09441947937012,21.44936180114746,24.174898147583008,1934263191.0,-0.3052766618925231,0.0194523132146891,-0.142912174338917,-0.0143641321058761,0.1065794233324366,-0.1065794233324366
LINK-USD_2021-06-09,LINK-USD,2021-06-09,24.10690689086914,25.63924217224121,22.518564224243164,25.5693416595459,1648653604.0,-0.1798174646026024,0.0197944679282044,-0.0800114983371989,0.0576814637832219,0.1059774234092079,-0.1059774234092079
LINK-USD_2021-06-10,LINK-USD,2021-06-10,25.589344024658203,25.74319267272949,22.810510635375977,23.100679397583008,1193159733.0,-0.294525878102429,-0.057075192891719,-0.175800535497074,-0.0965477443585747,0.1065242464225592,-0.1065242464225592
LINK-USD_2021-06-11,LINK-USD,2021-06-11,23.119199752807617,23.36752700805664,21.038066864013672,21.478967666625977,1088965649.0,-0.3209834856269306,-0.1852709182298477,-0.2531272019283891,-0.0702019063182491,0.1068094277385218,-0.1068094277385218
LINK-USD_2021-06-12,LINK-USD,2021-06-12,21.48279190063477,22.29399681091309,20.05019760131836,21.6865463256836,1247246126.0,-0.3201552223099181,-0.1342464434991286,-0.2272008329045233,0.0096642754102265,0.1068111657732084,-0.1068111657732084
LINK-USD_2021-06-13,LINK-USD,2021-06-13,21.69763946533203,23.85005187988281,20.4605712890625,23.33760070800781,1327698302.0,-0.3119645152619689,-0.0585927098090561,-0.1852786125355125,0.0761326565110482,0.1069463468110753,-0.1069463468110753
LINK-USD_2021-06-14,LINK-USD,2021-06-14,23.31770706176757,25.208833694458008,22.93352508544922,23.860898971557617,1329108017.0,-0.2792450879996275,-0.0626648721157705,-0.170954980057699,0.0224229675576825,0.1069389412648851,-0.1069389412648851
LINK-USD_2021-06-15,LINK-USD,2021-06-15,25.468372344970703,26.43587684631348,24.46428108215332,26.084226608276367,1606249957.0,-0.2643343915658139,-0.0547212074444216,-0.1595277995051178,0.0931787037600291,0.1072102262353838,-0.1072102262353838
LINK-USD_2021-06-16,LINK-USD,2021-06-16,24.50409889221192,24.633604049682617,22.925233840942383,23.015077590942383,1151075162.0,-0.4443984456362694,-0.1431338961824333,-0.2937661709093513,-0.1176630253764228,0.1060601515217043,-0.1060601515217043
LINK-USD_2021-06-17,LINK-USD,2021-06-17,23.034704208374023,24.433029174804688,22.860382080078125,23.35679054260254,863470684.0,-0.4536827397047598,-0.162065354698867,-0.3078740472018134,0.0148473517114988,0.1059889125762285,-0.1059889125762285
LINK-USD_2021-06-18,LINK-USD,2021-06-18,23.39165306091309,23.39497375488281,20.61688232421875,21.211151123046875,1115868666.0,-0.4961907894319572,-0.3077467610092569,-0.4019687752206071,-0.0918636237989136,0.1065601836563843,-0.1065601836563843
LINK-USD_2021-06-19,LINK-USD,2021-06-19,21.24921417236328,21.941312789916992,20.293960571289062,20.42398262023925,800704738.0,-0.4941060888881962,-0.4010909736858209,-0.4475985312870085,-0.0371110694672449,0.1065397068711176,-0.1065397068711176
LINK-USD_2021-06-20,LINK-USD,2021-06-20,20.325836181640625,22.059295654296875,19.147449493408203,21.73541641235352,1081292352.0,-0.4436219142586574,-0.3470950254948572,-0.3953584698767573,0.0642104831608452,0.1068336406510672,-0.1068336406510672
LINK-USD_2021-06-21,LINK-USD,2021-06-21,21.66712951660156,21.84955787658692,17.014158248901367,17.424097061157227,1950854619.0,-0.5143702159306751,-0.4651230342115346,-0.4897466250711049,-0.1983545780492116,0.1091982401882358,-0.1091982401882358
LINK-USD_2021-06-22,LINK-USD,2021-06-22,17.384540557861328,18.756935119628903,15.032353401184082,16.80649185180664,2148014388.0,-0.5685181440012537,-0.474361510422284,-0.5214398272117688,-0.0354454642431593,0.1086366416779002,-0.1086366416779002
LINK-USD_2021-06-23,LINK-USD,2021-06-23,16.840993881225586,19.147214889526367,16.207231521606445,18.38720321655273,1526785668.0,-0.4953611305698026,-0.4299743162369208,-0.4626677234033617,0.0940536180116713,0.1091231578136383,-0.1091231578136383
LINK-USD_2021-06-24,LINK-USD,2021-06-24,18.39155387878418,19.504133224487305,17.385278701782227,19.037357330322266,905107228.0,-0.4596787692289037,-0.413178772304927,-0.4364287707669154,0.0353590541265267,0.1091769708781013,-0.1091769708781013
LINK-USD_2021-06-25,LINK-USD,2021-06-25,19.051490783691406,19.47256851196289,16.83509635925293,16.930967330932617,1099374748.0,-0.5170649821497937,-0.5122896462391038,-0.5146773141944487,-0.1106450839179573,0.1100068146410784,-0.1100068146410784
LINK-USD_2021-06-26,LINK-USD,2021-06-26,16.897558212280273,17.4854679107666,15.957305908203123,16.95522117614746,956999857.0,-0.4552574098413536,-0.5029225479227403,-0.4790899788820469,0.001432513851145,0.1091540013370349,-0.1091540013370349
LINK-USD_2021-06-27,LINK-USD,2021-06-27,16.969867706298828,18.36748504638672,16.628080368041992,18.344139099121094,805522371.0,-0.4183963843574124,-0.4628794397726065,-0.4406379120650094,0.0819168271852186,0.1096652194138424,-0.1096652194138424
LINK-USD_2021-06-28,LINK-USD,2021-06-28,18.38165664672852,19.4062728881836,17.931026458740234,18.773988723754883,925374430.0,-0.46567634252729,-0.4045826494506789,-0.4351294959889845,0.0234325319008501,0.1087043359521861,-0.1087043359521861
LINK-USD_2021-06-29,LINK-USD,2021-06-29,18.811012268066406,20.533748626708984,18.76408767700196,19.460010528564453,957886998.0,-0.4713112655863075,-0.2457460406407718,-0.3585286531135397,0.0365410789845388,0.1086289270390953,-0.1086289270390953
LINK-USD_2021-06-30,LINK-USD,2021-06-30,19.52372932434082,19.762561798095703,18.1796989440918,19.49723625183105,941628359.0,-0.4617121507729007,-0.3058200961187816,-0.3837661234458411,0.0019129343846939,0.1086205638501874,-0.1086205638501874
LINK-USD_2021-07-01,LINK-USD,2021-07-01,19.49896812438965,19.49896812438965,17.644155502319336,18.273292541503903,779093195.0,-0.4986065816656189,-0.2592322944096963,-0.3789194380376576,-0.0627752412966839,0.1088662571932533,-0.1088662571932533
LINK-USD_2021-07-02,LINK-USD,2021-07-02,18.22066879272461,18.52025604248047,17.30550193786621,18.28356170654297,686541946.0,-0.5204752620743702,-0.2740963814365117,-0.3972858217554409,0.0005619767218054,0.1086730074560916,-0.1086730074560916
LINK-USD_2021-07-03,LINK-USD,2021-07-03,18.285457611083984,18.88600349426269,17.898075103759766,18.538818359375,509076297.0,-0.5491122460785158,-0.2933581402842234,-0.4212351931813696,0.0139609916781522,0.1081727676680986,-0.1081727676680986
LINK-USD_2021-07-04,LINK-USD,2021-07-04,18.548805236816406,19.894502639770508,18.02895736694336,19.26283836364746,680268075.0,-0.5123931521178962,-0.218974875015409,-0.3656840135666526,0.0390542692763546,0.1082413213447148,-0.1082413213447148
LINK-USD_2021-07-05,LINK-USD,2021-07-05,19.24689102172852,19.24689102172852,17.81475257873535,18.37158966064453,698619085.0,-0.5632031849875464,-0.3345329514176784,-0.4488680682026124,-0.0462677766473336,0.1079862841891683,-0.1079862841891683
LINK-USD_2021-07-06,LINK-USD,2021-07-06,18.35187721252441,20.240997314453125,18.35187721252441,20.08046531677246,1156986405.0,-0.560469189812219,-0.2956986222503225,-0.4280839060312708,0.0930172994114204,0.1080843869459394,-0.1080843869459394
LINK-USD_2021-07-07,LINK-USD,2021-07-07,20.09146881103516,21.22763061523437,19.64340591430664,19.76412773132324,1110848445.0,-0.6001535547535719,-0.3409766913186528,-0.4705651230361123,-0.0157534987590649,0.1074873595145777,-0.1074873595145777
LINK-USD_2021-07-08,LINK-USD,2021-07-08,19.80890464782715,19.867691040039062,18.166824340820312,18.42205047607422,1058203545.0,-0.609101091890784,-0.33539362049549,-0.472247356193137,-0.0679047045988285,0.1076426427394307,-0.1076426427394307
LINK-USD_2021-07-09,LINK-USD,2021-07-09,18.36031723022461,18.85863876342773,17.6376953125,18.63038444519043,816330237.0,-0.6221875607998524,-0.331655324810662,-0.4769214428052572,0.0113089457325494,0.1074431676667428,-0.1074431676667428
LINK-USD_2021-07-10,LINK-USD,2021-07-10,18.651853561401367,18.95939826965332,17.78170394897461,18.207788467407227,661114024.0,-0.6254227868195437,-0.3535337727115186,-0.4894782797655311,-0.0226831592781382,0.1074545358135763,-0.1074545358135763
LINK-USD_2021-07-11,LINK-USD,2021-07-11,18.20570182800293,18.57308578491211,17.88303565979004,18.36396789550781,497212243.0,-0.6481910611810145,-0.3567384233222884,-0.5024647422516515,0.0085776165721691,0.1069508426281038,-0.1069508426281038
LINK-USD_2021-07-12,LINK-USD,2021-07-12,18.36590576171875,18.599475860595703,17.165828704833984,17.55035400390625,594714863.0,-0.6223187803790833,-0.4463289380536032,-0.5343238592163433,-0.0443049071002016,0.1062876384939459,-0.1062876384939459
LINK-USD_2021-07-13,LINK-USD,2021-07-13,17.535228729248047,17.760448455810547,16.694175720214844,16.866161346435547,538263708.0,-0.6540612697092014,-0.464553597163251,-0.5593074334362262,-0.0389845502443095,0.1060819013819941,-0.1060819013819941
LINK-USD_2021-07-14,LINK-USD,2021-07-14,16.869373321533203,17.40691375732422,16.039546966552734,16.945682525634766,681837334.0,-0.5870302166799405,-0.4341388768299816,-0.510584546754961,0.0047148356739765,0.1044032470020691,-0.1044032470020691
LINK-USD_2021-07-15,LINK-USD,2021-07-15,16.938697814941406,17.22502326965332,15.543466567993164,15.681652069091797,740493636.0,-0.6360707101906816,-0.4785848322554471,-0.5573277712230644,-0.0745930684486029,0.1044588508592059,-0.1044588508592059
LINK-USD_2021-07-16,LINK-USD,2021-07-16,15.74685287475586,16.321998596191406,15.17061710357666,15.26286506652832,680392108.0,-0.6720970782555076,-0.4637368830725837,-0.5679169806640456,-0.0267055410181492,0.1038302597078718,-0.1038302597078718
LINK-USD_2021-07-17,LINK-USD,2021-07-17,15.242046356201172,15.638663291931152,15.049382209777832,15.360055923461914,677124647.0,-0.629863132293377,-0.4842023171749549,-0.557032724734166,0.0063677990016917,0.1031157865953893,-0.1031157865953893
LINK-USD_2021-07-18,LINK-USD,2021-07-18,15.363485336303713,16.057231903076172,15.197690963745115,15.502411842346191,574546105.0,-0.6194526987033149,-0.4615240874655076,-0.5404883930844113,0.0092679297258828,0.1031393792974257,-0.1031393792974257
LINK-USD_2021-07-19,LINK-USD,2021-07-19,15.486978530883787,15.598388671875,14.432014465332031,14.509061813354492,670510020.0,-0.6099131421508202,-0.4722396575290242,-0.5410763998399222,-0.0640771280684388,0.1029031609769102,-0.1029031609769102
LINK-USD_2021-07-20,LINK-USD,2021-07-20,14.530746459960938,14.746977806091309,13.422879219055176,13.775897026062012,800914402.0,-0.6762064849104712,-0.5065483377204585,-0.5913774113154648,-0.0505315089785928,0.1011320856575863,-0.1011320856575863
LINK-USD_2021-07-21,LINK-USD,2021-07-21,13.747906684875488,15.767757415771484,13.474334716796877,15.268477439880373,918763868.0,-0.4281888796592052,-0.5076234873258131,-0.4679061834925092,0.1083472394570468,0.0911872864071086,-0.0911872864071086
LINK-USD_2021-07-22,LINK-USD,2021-07-22,15.290892601013184,16.144622802734375,15.00634765625,16.085718154907227,754697839.0,-0.4774179372470176,-0.4548103535201553,-0.4661141453835865,0.0535247026591052,0.0892567869659874,-0.0892567869659874
LINK-USD_2021-07-23,LINK-USD,2021-07-23,16.0893497467041,16.563308715820312,15.266669273376465,16.51156234741211,681005827.0,-0.3544516759374727,-0.4479561727599512,-0.401203924348712,0.0264734336635739,0.0868793056873183,-0.0868793056873183
LINK-USD_2021-07-24,LINK-USD,2021-07-24,16.500450134277344,17.133996963500977,16.344289779663086,16.70583152770996,727986313.0,-0.2827701307563283,-0.4370767471143865,-0.3599234389353574,0.0117656449589884,0.086196098266799,-0.086196098266799
LINK-USD_2021-07-25,LINK-USD,2021-07-25,16.698148727416992,17.0526123046875,16.188705444335938,16.759658813476562,662123046.0,-0.1623677449798144,-0.4274672488457001,-0.2949174969127572,0.0032220656408104,0.0843334029406235,-0.0843334029406235
LINK-USD_2021-07-26,LINK-USD,2021-07-26,16.75834083557129,19.94782257080078,16.689613342285156,18.08965301513672,1715187654.0,-0.313823115295617,-0.3397482209964537,-0.3267856681460354,0.0793568781120233,0.0746759063845895,-0.0746759063845895
LINK-USD_2021-07-27,LINK-USD,2021-07-27,18.05086326599121,19.58203315734864,17.625606536865234,19.4996337890625,1093556431.0,-0.2942545257339279,-0.2755121058798367,-0.2848833158068823,0.077944047503065,0.0751007335458631,-0.0751007335458631
LINK-USD_2021-07-28,LINK-USD,2021-07-28,19.52266502380371,19.986303329467773,18.64412307739257,19.0302734375,1052448400.0,-0.4400369696431592,-0.2404262327955088,-0.340231601219334,-0.0240702136583594,0.0689714497184916,-0.0689714497184916
LINK-USD_2021-07-29,LINK-USD,2021-07-29,19.081388473510746,19.459217071533203,18.638521194458008,19.345849990844727,683047916.0,-0.386132762356179,-0.2471344255286142,-0.3166335939423966,0.0165828701506132,0.0685113266139914,-0.0685113266139914
LINK-USD_2021-07-30,LINK-USD,2021-07-30,19.377670288085938,22.64957427978516,18.87271499633789,22.315961837768555,1784301053.0,-0.2016239527191788,-0.1855954273027463,-0.1936096900109626,0.1535270793647944,0.0699701750625076,-0.0699701750625076
LINK-USD_2021-07-31,LINK-USD,2021-07-31,22.264617919921875,23.331911087036133,21.28620147705078,22.75370216369629,1206821084.0,-0.1041369753928336,-0.1534937217502888,-0.1288153485715612,0.019615570644456,0.0690536761377341,-0.0690536761377341
LINK-USD_2021-08-01,LINK-USD,2021-08-01,22.679584503173828,23.91910743713379,21.833097457885746,22.12683868408203,1289766472.0,-0.1765103734469288,-0.1711861628927633,-0.1738482681698461,-0.027549955392069,0.0687487347350826,-0.0687487347350826
LINK-USD_2021-08-02,LINK-USD,2021-08-02,22.08708381652832,23.95513343811035,21.42210960388184,23.480348587036133,1205839586.0,-0.2682647533295371,-0.1629875659734321,-0.2156261596514846,0.0611705052980664,0.0645797524380037,-0.0645797524380037
LINK-USD_2021-08-03,LINK-USD,2021-08-03,23.493396759033203,24.3566837310791,22.1583194732666,23.875957489013672,1505866474.0,-0.2222565045165231,-0.1443550877601664,-0.1833057961383448,0.0168485105964721,0.0644164638902325,-0.0644164638902325
LINK-USD_2021-08-04,LINK-USD,2021-08-04,23.94451904296875,24.97098731994629,22.90483283996582,24.18887519836425,1301126744.0,-0.2109656411222216,-0.1758794534783851,-0.1934225473003034,0.0131059753098725,0.0644441815711097,-0.0644441815711097
LINK-USD_2021-08-05,LINK-USD,2021-08-05,24.195911407470703,24.331344604492188,22.56277084350586,24.05049514770508,1221315372.0,-0.2528711645420154,-0.2045010148941568,-0.2286860897180861,-0.005720813784203,0.064104525184192,-0.064104525184192
LINK-USD_2021-08-06,LINK-USD,2021-08-06,24.061424255371094,24.36640930175781,23.106555938720703,23.85933494567871,1229062846.0,-0.1737242449424874,-0.2666168995904974,-0.2201705722664924,-0.0079482855073198,0.0628083343355107,-0.0628083343355107
LINK-USD_2021-08-07,LINK-USD,2021-08-07,23.88467788696289,25.09908866882324,23.643022537231445,24.63165283203125,1160693889.0,-0.0919807788554472,-0.1660150594247722,-0.1289979191401097,0.0323696317651309,0.0624782323396116,-0.0624782323396116
LINK-USD_2021-08-08,LINK-USD,2021-08-08,24.684465408325195,24.90596389770508,22.6098747253418,23.04560852050781,1001659430.0,-0.1635466513201386,-0.2555674241341827,-0.2095570377271607,-0.0643904947158451,0.0629755976724047,-0.0629755976724047
LINK-USD_2021-08-09,LINK-USD,2021-08-09,23.04239845275879,24.66028213500977,22.093862533569336,24.28724670410156,1065311842.0,-0.0097835640168277,-0.2503162463178191,-0.1300499051673234,0.0538774310293799,0.0617734517756646,-0.0617734517756646
LINK-USD_2021-08-10,LINK-USD,2021-08-10,24.223100662231445,25.477703094482425,23.787742614746094,24.566286087036133,1130326992.0,0.0161898485389173,-0.2940291962721119,-0.1389196738665972,0.0114891319849546,0.061750477116008,-0.061750477116008
LINK-USD_2021-08-11,LINK-USD,2021-08-11,24.54694938659668,27.318159103393555,24.46961975097656,25.9465389251709,1497841555.0,0.014751934979295,-0.1677181851692666,-0.0764831250949857,0.0561848393869814,0.0617290613170147,-0.0617290613170147
LINK-USD_2021-08-12,LINK-USD,2021-08-12,25.94180679321289,26.886777877807617,24.146345138549805,24.917234420776367,1230756534.0,0.0786364328048041,-0.2390499097203025,-0.0802067384577491,-0.0396702044678489,0.0606691546932411,-0.0606691546932411
LINK-USD_2021-08-13,LINK-USD,2021-08-13,24.972097396850582,27.75890350341797,24.734994888305664,27.733137130737305,1144930390.0,0.2911764457762584,-0.1232698703483965,0.0839532877139309,0.1130102427263355,0.0614868223864297,-0.0614868223864297
LINK-USD_2021-08-14,LINK-USD,2021-08-14,27.74058723449707,27.93221092224121,26.50299453735352,27.15542221069336,1130955982.0,0.2521782769316714,-0.1487131376910381,0.0517325696203166,-0.020831214201283,0.0615771437691051,-0.0615771437691051
LINK-USD_2021-08-15,LINK-USD,2021-08-15,27.16084289550781,27.974796295166016,25.950136184692383,27.90401268005371,1030808400.0,0.1956675850778024,-0.177338273515443,0.0091646557811796,0.027566887509691,0.0609793922727104,-0.0609793922727104
LINK-USD_2021-08-16,LINK-USD,2021-08-16,27.918773651123047,30.47988510131836,27.70220947265625,28.084339141845703,1983160447.0,0.1770025586765384,-0.1516696243968782,0.0126664671398301,0.0064623845989324,0.0609377257803987,-0.0609377257803987
LINK-USD_2021-08-17,LINK-USD,2021-08-17,27.9668197631836,30.25987434387207,25.95461845397949,26.15813636779785,1914250031.0,0.0028335039651139,-0.2622498801473176,-0.1297081880911018,-0.0685863663844525,0.0605455295489966,-0.0605455295489966
LINK-USD_2021-08-18,LINK-USD,2021-08-18,26.151649475097656,26.89016342163086,25.005725860595703,25.512895584106445,1595189412.0,0.1085296359872836,-0.3840992111872048,-0.1377847875999606,-0.0246669248381827,0.0586891471631308,-0.0586891471631308
LINK-USD_2021-08-19,LINK-USD,2021-08-19,25.371936798095703,27.064817428588867,24.534896850585938,27.064760208129883,1598899266.0,0.1587533894592259,-0.3669530229128123,-0.1040998167267931,0.0608266756279201,0.0591186460343062,-0.0591186460343062
LINK-USD_2021-08-20,LINK-USD,2021-08-20,27.060466766357425,28.979713439941406,26.70717430114746,28.70184135437012,1751490161.0,0.3531486899447089,-0.3182712267377749,0.0174387316034669,0.06048755406111,0.0582398735354863,-0.0582398735354863
LINK-USD_2021-08-21,LINK-USD,2021-08-21,28.700586318969727,29.15736961364746,27.672607421875,27.861591339111328,1455243796.0,0.3641605487610306,-0.3098794846028576,0.0271405320790865,-0.0292751257623008,0.0581535236524441,-0.0581535236524441
LINK-USD_2021-08-22,LINK-USD,2021-08-22,27.86555290222168,28.643653869628903,26.903682708740234,28.022817611694336,1408718304.0,0.2892698754907365,-0.2826784946704848,0.0032956904101258,0.0057866857144186,0.057684440155472,-0.057684440155472
LINK-USD_2021-08-23,LINK-USD,2021-08-23,28.010875701904297,29.300949096679688,27.831138610839844,28.554101943969727,1598569817.0,0.6387708266171297,-0.2041640773308142,0.2173033746431577,0.0189589904783049,0.0514454420929542,-0.0514454420929542
LINK-USD_2021-08-24,LINK-USD,2021-08-24,28.59506225585937,28.922616958618164,25.74034881591797,25.752197265625,1613899032.0,0.5322767828466668,-0.3388503698335321,0.0967132065065673,-0.0981261705881264,0.052907198492537,-0.052907198492537
LINK-USD_2021-08-25,LINK-USD,2021-08-25,25.75829315185547,26.844497680664062,25.38345718383789,26.520479202270508,1415094740.0,0.4423335017255887,-0.2721424523479012,0.0850955246888437,0.029833645988377,0.0518333079870598,-0.0518333079870598
LINK-USD_2021-08-26,LINK-USD,2021-08-26,26.62656021118164,26.93655586242676,24.04070854187012,24.426326751708984,1311934435.0,0.2830733976297903,-0.3067282026230193,-0.0118274024966145,-0.0789635977008377,0.0528211419880621,-0.0528211419880621
LINK-USD_2021-08-27,LINK-USD,2021-08-27,24.417001724243164,26.12194061279297,24.03255844116211,26.018299102783203,1210853844.0,0.5367284452346779,-0.2578600208696712,0.1394342121825033,0.0651744475236268,0.0512154331107409,-0.0512154331107409
LINK-USD_2021-08-28,LINK-USD,2021-08-28,26.05641365051269,26.18497467041016,25.39835357666016,25.72908973693848,723391379.0,0.5174729642060973,-0.1733678469826517,0.1720525586117228,-0.0111156138493997,0.0512662122644934,-0.0512662122644934
LINK-USD_2021-08-29,LINK-USD,2021-08-29,25.739999771118164,26.570941925048828,25.21503257751465,25.813661575317383,806571295.0,0.4071884995984449,-0.1815740807428765,0.1128072094277842,0.0032870124533588,0.0503851213945615,-0.0503851213945615
LINK-USD_2021-08-30,LINK-USD,2021-08-30,25.80489921569824,26.493799209594727,24.41466522216797,24.980934143066406,1007561616.0,0.3306141018108648,-0.2890214064356539,0.0207963476876054,-0.0322591752363878,0.0505744235073149,-0.0505744235073149
LINK-USD_2021-08-31,LINK-USD,2021-08-31,25.02507781982422,27.48295211791992,24.73932647705078,26.750707626342773,1589683012.0,0.3746502134249434,-0.2732379184028544,0.0507061475110445,0.0708449681321294,0.0510929266221603,-0.0510929266221603
LINK-USD_2021-09-01,LINK-USD,2021-09-01,26.738431930541992,29.73518180847168,26.132543563842773,29.73518180847168,1847068364.0,0.5250972714493907,-0.17905866988939,0.1730193007800003,0.1115661770079661,0.0527799804649874,-0.0527799804649874
LINK-USD_2021-09-02,LINK-USD,2021-09-02,29.75444793701172,30.86711883544922,28.78672790527344,29.98524475097656,1639033323.0,0.6409327811543237,-0.1772471036000906,0.2318428387771165,0.008409665833408,0.0519950282055749,-0.0519950282055749
LINK-USD_2021-09-03,LINK-USD,2021-09-03,29.97003173828125,31.67448806762696,29.068960189819336,30.78426551818848,1643428629.0,0.6837127257963092,-0.1926180964204771,0.245547314687916,0.0266471317425514,0.0520289986348765,-0.0520289986348765
LINK-USD_2021-09-04,LINK-USD,2021-09-04,30.75564193725586,31.171709060668945,29.47340583801269,29.897823333740234,1159289898.0,0.6127146161190491,-0.2728467290217334,0.1699339435486578,-0.0287953007657273,0.0522497456726098,-0.0522497456726098
LINK-USD_2021-09-05,LINK-USD,2021-09-05,29.90195274353028,33.5034294128418,29.58090591430664,33.5034294128418,1590082788.0,0.7392779184644442,-0.1519161765866055,0.2936808709389193,0.1205976113663287,0.0539889951499825,-0.0539889951499825
LINK-USD_2021-09-06,LINK-USD,2021-09-06,33.55744171142578,36.278076171875,32.81916427612305,34.78485870361328,2570028656.0,0.8934049445992756,-0.1729667506702052,0.3602190969645351,0.0382477051820944,0.0536112534686982,-0.0536112534686982
LINK-USD_2021-09-07,LINK-USD,2021-09-07,34.80436706542969,35.337554931640625,24.154762268066406,28.11425018310547,4040870040.0,0.400079616662204,-0.3846218717610636,0.0077288724505701,-0.1917675899547323,0.0584232396577015,-0.0584232396577015
LINK-USD_2021-09-08,LINK-USD,2021-09-08,28.13745880126953,29.14653587341309,25.277299880981445,27.15100860595703,2585516285.0,0.3737519295084635,-0.4507101743356193,-0.0384791224135779,-0.0342616847639519,0.0585860575077705,-0.0585860575077705
LINK-USD_2021-09-09,LINK-USD,2021-09-09,26.64719009399414,30.077606201171875,26.52749252319336,27.978628158569336,2031066692.0,0.518757545198717,-0.4063193338991883,0.0562191056497643,0.0304820923827751,0.0578707495869567,-0.0578707495869567
LINK-USD_2021-09-10,LINK-USD,2021-09-10,27.99806785583496,29.514617919921875,25.73642539978028,26.387523651123047,1946136767.0,0.4163703239057517,-0.4648776731144648,-0.0242536746043565,-0.0568685676234259,0.0584484686014806,-0.0584484686014806
LINK-USD_2021-09-11,LINK-USD,2021-09-11,26.370698928833008,27.65158462524414,26.31904029846192,27.041149139404297,1166180450.0,0.4851418769395959,-0.4436996945583739,0.0207210911906109,0.0247702473685298,0.0583624028691215,-0.0583624028691215
LINK-USD_2021-09-12,LINK-USD,2021-09-12,27.03956794738769,29.692262649536133,26.435869216918945,29.379243850708008,1462168959.0,0.5998309307595096,-0.4371651779597072,0.0813328763999011,0.0864643251383368,0.0591941139830543,-0.0591941139830543
LINK-USD_2021-09-13,LINK-USD,2021-09-13,29.45827865600586,29.899314880371094,25.26575469970703,26.918481826782227,2255860309.0,0.5337856900659028,-0.4207179499388006,0.056533870063551,-0.0837585213707424,0.0599731361154701,-0.0599731361154701
LINK-USD_2021-09-14,LINK-USD,2021-09-14,26.963563919067383,30.74616432189941,26.780527114868164,30.74616432189941,2022844880.0,0.8229497329217255,-0.3693710840091078,0.2267893244563088,0.1421953332936063,0.0619655652736378,-0.0619655652736378
LINK-USD_2021-09-15,LINK-USD,2021-09-15,30.82306671142578,31.43668556213379,29.685476303100582,30.779600143432617,1966187057.0,0.8163682753332857,-0.2498947869061828,0.2832367442135514,0.0010874794391635,0.0619736314619635,-0.0619736314619635
LINK-USD_2021-09-16,LINK-USD,2021-09-16,30.68868637084961,32.08250427246094,29.09073638916016,29.82655143737793,1803464603.0,0.9020031375498648,-0.3078053489363823,0.2970988943067413,-0.0309636480530445,0.0612363969666384,-0.0612363969666384
LINK-USD_2021-09-17,LINK-USD,2021-09-17,29.819482803344727,30.11134147644043,27.42317771911621,27.69459724426269,1433695398.0,0.8145084244371219,-0.4050173860970723,0.2047455191700248,-0.0714784006321134,0.0619497722908179,-0.0619497722908179
LINK-USD_2021-09-18,LINK-USD,2021-09-18,27.69526481628418,29.447355270385746,27.41591453552246,28.39057731628418,1042938776.0,0.8483381478395942,-0.3158619074959916,0.2662381201718012,0.025130535962774,0.0619702970775858,-0.0619702970775858
LINK-USD_2021-09-19,LINK-USD,2021-09-19,28.37195587158203,28.73250198364257,26.98116683959961,27.39574813842773,879401513.0,0.7671926418309862,-0.3274996092798586,0.2198465162755637,-0.0350408224099704,0.0622491031334441,-0.0622491031334441
LINK-USD_2021-09-20,LINK-USD,2021-09-20,27.41705322265625,27.42399787902832,23.16737365722656,23.43109893798828,1886071779.0,0.6149286038895865,-0.3700375752579484,0.122445514315819,-0.1447176832115154,0.0646022495171269,-0.0646022495171269
LINK-USD_2021-09-21,LINK-USD,2021-09-21,23.56163215637207,24.33446502685547,20.98163414001465,21.432621002197266,1778536991.0,0.555805836937503,-0.4962401592611996,0.0297828388381516,-0.0852916861082828,0.0652700609974573,-0.0652700609974573
LINK-USD_2021-09-22,LINK-USD,2021-09-22,21.403839111328125,24.494504928588867,21.06086540222168,24.493072509765625,1389451521.0,0.6041594590034989,-0.0827237825419262,0.2607178382307863,0.1427940851123437,0.0662512677292892,-0.0662512677292892
LINK-USD_2021-09-23,LINK-USD,2021-09-23,24.47455406188965,25.489669799804688,23.43412399291992,25.45398330688477,1217369814.0,0.5823964501777368,-0.1730679989731214,0.2046642256023076,0.039231941878097,0.0661231490581931,-0.0661231490581931
LINK-USD_2021-09-24,LINK-USD,2021-09-24,25.43442726135254,25.505033493041992,21.479660034179688,23.280738830566406,1642781332.0,0.4099658373161303,-0.089798916735154,0.1600834602904881,-0.0853793471189456,0.0671531546278548,-0.0671531546278548
LINK-USD_2021-09-25,LINK-USD,2021-09-25,23.27182388305664,24.7224178314209,22.115114212036133,24.52366065979004,1343113784.0,0.467970068961407,0.0528719806148136,0.2604210247881103,0.0533884185664992,0.067398051352318,-0.067398051352318
LINK-USD_2021-09-26,LINK-USD,2021-09-26,24.542102813720703,25.38898658752441,22.432241439819336,24.602155685424805,1923140692.0,0.4679389335564536,0.2295929991468186,0.3487659663516361,0.0032007874649591,0.0673980775982649,-0.0673980775982649
LINK-USD_2021-09-27,LINK-USD,2021-09-27,24.658180236816406,25.43740463256836,23.005184173583984,23.06629753112793,1068472473.0,0.2751100041458478,-0.1250489896998092,0.0750305072230193,-0.0624277877896193,0.0673565238668679,-0.0673565238668679
LINK-USD_2021-09-28,LINK-USD,2021-09-28,23.029098510742188,23.741060256958008,22.024333953857425,22.101900100708008,1022623443.0,0.1334520606794749,-0.2000713378779073,-0.0333096385992162,-0.0418098062386679,0.0669855082291234,-0.0669855082291234
LINK-USD_2021-09-29,LINK-USD,2021-09-29,22.128995895385746,23.8889102935791,22.043354034423828,22.880529403686523,1000762987.0,0.2023226822689485,-0.3267437473699145,-0.0622105325504829,0.0352290662536101,0.0669982814864875,-0.0669982814864875
LINK-USD_2021-09-30,LINK-USD,2021-09-30,22.87994766235352,24.383441925048828,22.73482131958008,23.98634910583496,957760691.0,0.2398705209223846,-0.2388841082853703,0.0004932063185071,0.0483301624118133,0.0672046944044651,-0.0672046944044651
LINK-USD_2021-10-01,LINK-USD,2021-10-01,24.00528144836425,26.61781311035156,23.614091873168945,26.297439575195312,1269326500.0,0.1784138979252205,-0.0591825701136773,0.0596156639057716,0.0963502390114947,0.065541082126694,-0.065541082126694
LINK-USD_2021-10-02,LINK-USD,2021-10-02,26.317596435546875,27.800233840942383,25.85490608215332,26.94674301147461,1069727997.0,0.1842794995562677,0.0609522144527394,0.1226158570045036,0.0246907473414919,0.0655627617836881,-0.0655627617836881
LINK-USD_2021-10-03,LINK-USD,2021-10-03,26.92365455627441,28.15077781677246,26.55683326721192,27.55904006958008,962924866.0,0.2455028241068144,0.0256586554945161,0.1355807398006653,0.0227224884968375,0.0654681439774137,-0.0654681439774137
LINK-USD_2021-10-04,LINK-USD,2021-10-04,27.56717109680176,27.651256561279297,25.70303726196289,26.559356689453125,1000028043.0,0.1311312773319286,-0.1723113757648454,-0.0205900492164584,-0.0362742453148945,0.0652856473903792,-0.0652856473903792
LINK-USD_2021-10-05,LINK-USD,2021-10-05,26.59714126586914,27.45224571228028,26.296201705932617,27.24262809753418,923894408.0,0.1410067265394341,-0.1125894401310607,0.0142086432041866,0.0257262032386644,0.0653232145725357,-0.0653232145725357
LINK-USD_2021-10-06,LINK-USD,2021-10-06,27.24243927001953,28.15734100341797,25.26749610900879,26.83726692199707,1266748826.0,0.1094880064457033,-0.1245758421515299,-0.0075439178529133,-0.0148796648431213,0.0653569899082984,-0.0653569899082984
LINK-USD_2021-10-07,LINK-USD,2021-10-07,26.805044174194336,27.64962577819824,25.94074440002441,26.83403587341309,1161243659.0,0.1157373562836445,-0.1664004483228303,-0.0253315460195928,-0.000120394099495,0.0653476666514994,-0.0653476666514994
LINK-USD_2021-10-08,LINK-USD,2021-10-08,26.824756622314453,27.43194007873535,26.20125389099121,26.40096092224121,907071603.0,0.1065254325968891,-0.0857048626906646,0.0104102849531122,-0.016139016628541,0.0653796970647202,-0.0653796970647202
LINK-USD_2021-10-09,LINK-USD,2021-10-09,26.35573387145996,27.82310104370117,26.131357192993164,27.417076110839844,901974700.0,0.1130830845093107,0.0107008354653208,0.0618919599873157,0.0384878107880768,0.065427436799883,-0.065427436799883
LINK-USD_2021-10-10,LINK-USD,2021-10-10,27.43339729309082,27.44688415527344,25.52294540405273,25.648935317993164,766870491.0,0.1129641161425054,-0.0690574380920793,0.021953339025213,-0.0644904943801653,0.0654291198961263,-0.0654291198961263
LINK-USD_2021-10-11,LINK-USD,2021-10-11,25.59434509277344,26.723255157470703,24.675758361816406,25.25881576538086,857342207.0,0.0400032606872324,0.0298283222085893,0.0349157914479109,-0.0152099706196626,0.065155245877938,-0.065155245877938
LINK-USD_2021-10-12,LINK-USD,2021-10-12,25.25142478942871,25.25246810913086,23.568866729736328,24.623647689819336,1034956366.0,0.0023349725139558,0.0185626239042167,0.0104487982090862,-0.0251463917177016,0.0652393149951039,-0.0652393149951039
LINK-USD_2021-10-13,LINK-USD,2021-10-13,24.6435546875,25.61174964904785,24.212310791015625,25.61174964904785,1072082751.0,-0.0129030417925323,0.0016585483532041,-0.0056222467196641,0.0401281715721204,0.0650559465923285,-0.0650559465923285
LINK-USD_2021-10-14,LINK-USD,2021-10-14,25.640514373779297,27.79987907409668,25.42472648620605,26.647485733032227,1375952551.0,0.0694399419709737,0.1535368841065478,0.1114884130387607,0.0404398800619574,0.0650131793449127,-0.0650131793449127
LINK-USD_2021-10-15,LINK-USD,2021-10-15,26.721534729003903,27.338594436645508,26.02890586853028,26.94454574584961,1233296734.0,-0.0284349866792992,0.2544618607399855,0.1130134370303431,0.0111477689037335,0.0634862138259021,-0.0634862138259021
LINK-USD_2021-10-16,LINK-USD,2021-10-16,26.982397079467773,28.598087310791016,26.955415725708008,27.228479385375977,1125841874.0,0.0026903347005906,0.2555470556014263,0.1291186951510085,0.0105377037046581,0.063430785478272,-0.063430785478272
LINK-USD_2021-10-17,LINK-USD,2021-10-17,27.21760940551757,27.59567642211914,25.66957092285156,26.54088592529297,780641105.0,-0.0488505639095817,0.137258549298344,0.0442039926943811,-0.0252527308025987,0.0634372049476983,-0.0634372049476983
LINK-USD_2021-10-18,LINK-USD,2021-10-18,26.55027961730957,26.732147216796875,25.29838180541992,25.70457649230957,774571489.0,-0.0847362879901376,0.0772677308993945,-0.0037342785453715,-0.0315102304925855,0.0635668152278186,-0.0635668152278186
LINK-USD_2021-10-19,LINK-USD,2021-10-19,25.7224178314209,26.25593376159668,25.405818939208984,25.936241149902344,688010725.0,-0.0084828374153088,-0.0056733696036465,-0.0070781035094776,0.0090125841078176,0.0629531674972318,-0.0629531674972318
LINK-USD_2021-10-20,LINK-USD,2021-10-20,25.927059173583984,27.626245498657227,25.885156631469727,27.419164657592773,1188806763.0,0.0747178644306396,0.1913566030463276,0.1330372337384836,0.057175729479058,0.0632410380002864,-0.0632410380002864
LINK-USD_2021-10-21,LINK-USD,2021-10-21,27.47498893737793,29.2020206451416,27.32406044006348,28.268346786499023,1635486783.0,0.0444706167397559,0.2102838673377602,0.1273772420387581,0.0309703865712442,0.0629128243703789,-0.0629128243703789
LINK-USD_2021-10-22,LINK-USD,2021-10-22,28.27750968933105,29.999345779418945,28.167055130004883,28.661046981811523,1363344487.0,-0.0014213155196185,0.3512254387113389,0.1749020615958602,0.0138918698811227,0.0624946521931478,-0.0624946521931478
LINK-USD_2021-10-23,LINK-USD,2021-10-23,28.6616268157959,31.45980834960937,28.35071182250977,31.45980834960937,1452562680.0,0.1291461412488297,0.5403366196774038,0.3347413804631167,0.0976503534422157,0.0635100779967337,-0.0635100779967337
LINK-USD_2021-10-24,LINK-USD,2021-10-24,31.439424514770508,31.535463333129883,28.76253318786621,29.770856857299805,1032101965.0,0.0623791393794743,0.3696934207517308,0.2160362800656026,-0.0536860070328603,0.0639229212992788,-0.0639229212992788
LINK-USD_2021-10-25,LINK-USD,2021-10-25,29.72087287902832,32.90234375,29.54215812683105,32.46010971069336,1527370027.0,0.1367932276206127,0.8629435773205865,0.4998684024705996,0.0903317249578643,0.0648362450335608,-0.0648362450335608
LINK-USD_2021-10-26,LINK-USD,2021-10-26,32.371097564697266,33.785301208496094,31.34704971313477,32.503047943115234,1466770168.0,0.2621465891961585,0.9339579151743836,0.598052252185271,0.0013227999783294,0.0635033111113924,-0.0635033111113924
LINK-USD_2021-10-27,LINK-USD,2021-10-27,32.53081512451172,33.89748764038086,28.08603477478028,28.88567352294922,2193969162.0,0.0891836947077568,0.5709661324102537,0.3300749135590053,-0.111293390899737,0.0651076027723562,-0.0651076027723562
LINK-USD_2021-10-28,LINK-USD,2021-10-28,28.874521255493164,30.83391189575196,28.72759246826172,30.22704696655273,1545343088.0,0.2374782043083043,0.5877753640946679,0.4126267842014861,0.0464373261900163,0.0644603738344204,-0.0644603738344204
LINK-USD_2021-10-29,LINK-USD,2021-10-29,30.21907615661621,31.95136833190918,30.01239967346192,30.93483161926269,1182578925.0,0.1889644091282494,0.827115427879022,0.5080399185036357,0.0234156070056446,0.0640498572791457,-0.0640498572791457
LINK-USD_2021-10-30,LINK-USD,2021-10-30,30.91552352905273,31.10163688659668,29.31349372863769,29.78166961669922,838279040.0,0.1575096484638776,0.7564895973516379,0.4569996229077577,-0.0372771384941179,0.0642392380049853,-0.0642392380049853
LINK-USD_2021-10-31,LINK-USD,2021-10-31,29.79422378540039,30.59032821655273,28.7630558013916,29.98500633239746,879077591.0,0.1615944620994276,0.6345823682635565,0.3980884151814921,0.0068275794579437,0.0642398108140935,-0.0642398108140935
LINK-USD_2021-11-01,LINK-USD,2021-11-01,30.002561569213867,31.87141227722168,29.208276748657227,31.56523704528809,1143381018.0,0.2635731259893334,0.6813282201106436,0.4724506730499885,0.0527006963204559,0.0643486245573399,-0.0643486245573399
LINK-USD_2021-11-02,LINK-USD,2021-11-02,31.685039520263672,32.49629592895508,31.04390335083008,32.265533447265625,1026698067.0,0.2061562594139425,0.6580429594272077,0.4320996094205751,0.0221856848713914,0.0638452347181968,-0.0638452347181968
LINK-USD_2021-11-03,LINK-USD,2021-11-03,32.2655143737793,32.79161071777344,30.673015594482425,31.99086570739746,1115161872.0,0.0758590922179305,0.6407897660055841,0.3583244291117573,-0.0085127289253431,0.0623888402119158,-0.0623888402119158
LINK-USD_2021-11-04,LINK-USD,2021-11-04,31.97128868103028,32.10152816772461,30.289691925048828,31.02092933654785,896897821.0,0.034539807634472,0.6976102837564933,0.3660750456954826,-0.0303191660932553,0.062526444268242,-0.062526444268242
LINK-USD_2021-11-05,LINK-USD,2021-11-05,31.02764320373535,33.69630432128906,30.725059509277344,32.917903900146484,1516148850.0,0.069309380816553,0.8004098122942018,0.4348595965553774,0.0611514420802241,0.062891450245594,-0.062891450245594
LINK-USD_2021-11-06,LINK-USD,2021-11-06,32.92768859863281,33.22043991088867,30.807950973510746,32.083438873291016,1023488282.0,0.0731028314387112,0.730608620859946,0.4018557261493286,-0.0253498834368902,0.0628648091043865,-0.0628648091043865
LINK-USD_2021-11-07,LINK-USD,2021-11-07,32.08906173706055,32.61743927001953,31.7766056060791,32.34956359863281,703297413.0,-0.0344402299833433,0.679376786947578,0.3224682784821173,0.0082947693479125,0.0610451804300196,-0.0610451804300196
LINK-USD_2021-11-08,LINK-USD,2021-11-08,32.3597526550293,34.80741500854492,32.26546859741211,34.47759246826172,1362690316.0,-0.0088333328581163,0.8766798684884267,0.4339232678151551,0.06578230532046,0.0614113281779463,-0.0614113281779463
LINK-USD_2021-11-09,LINK-USD,2021-11-09,34.46771240234375,35.6214599609375,33.55655288696289,33.85927200317383,1325328702.0,0.204345546569856,0.6861796511703564,0.4452625988701062,-0.0179339803281533,0.0562656959574507,-0.0562656959574507
LINK-USD_2021-11-10,LINK-USD,2021-11-10,33.82305145263672,38.1613883972168,32.11244583129883,34.34270477294922,2719351718.0,0.2648776799184655,0.7376281533801807,0.5012529166493231,0.0142777071441486,0.0560581329969692,-0.0560581329969692
LINK-USD_2021-11-11,LINK-USD,2021-11-11,34.33991622924805,36.9344367980957,33.49994659423828,34.8371696472168,1920816252.0,0.2451350169771213,0.8910582018251356,0.5680966094011285,0.0143979595531757,0.0559780873976345,-0.0559780873976345
LINK-USD_2021-11-12,LINK-USD,2021-11-12,34.75007247924805,35.45466232299805,32.75325393676758,34.26552200317383,1492228342.0,0.298550119981247,0.8392278540456917,0.5688889870134693,-0.0164091299560737,0.0554864515284566,-0.0554864515284566
LINK-USD_2021-11-13,LINK-USD,2021-11-13,34.2847900390625,34.56132888793945,33.21662902832031,34.0648307800293,789581582.0,0.2597405015746947,0.8708933729654702,0.5653169372700825,-0.0058569434058509,0.0554505635986509,-0.0554505635986509
LINK-USD_2021-11-14,LINK-USD,2021-11-14,34.03425598144531,34.415771484375,32.55973052978516,33.77658462524414,693178394.0,0.1496750834324201,0.839285758798705,0.4944804211155625,-0.0084616934294047,0.0544876544474075,-0.0544876544474075
LINK-USD_2021-11-15,LINK-USD,2021-11-15,33.764930725097656,34.509891510009766,32.0107536315918,32.0107536315918,828524194.0,0.1891738114198948,0.8239377749569632,0.506555793188429,-0.0522797379677217,0.0538130773316863,-0.0538130773316863
LINK-USD_2021-11-16,LINK-USD,2021-11-16,32.1033821105957,32.1033821105957,28.177249908447266,29.22500801086425,1712138414.0,-0.0494746692663609,0.7327598977962222,0.3416426142649306,-0.0870253057078375,0.0520510297707926,-0.0520510297707926
LINK-USD_2021-11-17,LINK-USD,2021-11-17,29.209863662719727,29.715818405151367,28.16440200805664,29.19304847717285,1087871482.0,-0.0515455580600934,0.7227425589385821,0.3355985004392443,-0.0010935680044815,0.052051383929824,-0.052051383929824
LINK-USD_2021-11-18,LINK-USD,2021-11-18,29.20041847229004,29.69279670715332,25.95633888244629,26.525693893432617,1164181259.0,-0.1106684274538274,0.6915114413049754,0.290421506925574,-0.0913695116776153,0.053184411185718,-0.053184411185718
LINK-USD_2021-11-19,LINK-USD,2021-11-19,26.525697708129883,28.85319709777832,26.15559768676757,28.29111671447754,962308251.0,0.0215392000451792,0.8535914843747363,0.4375653422099578,0.0665551984478722,0.0530544014703228,-0.0530544014703228
LINK-USD_2021-11-20,LINK-USD,2021-11-20,28.297513961791992,28.74301528930664,27.27271842956543,28.334068298339844,796198889.0,-0.0019904145419376,0.8446591887117161,0.4213343870848892,0.0015182003699529,0.0529698022095814,-0.0529698022095814
LINK-USD_2021-11-21,LINK-USD,2021-11-21,28.37046432495117,29.28593063354492,27.7321720123291,29.03616142272949,788167849.0,0.0598783897418289,0.8730092915874341,0.4664438406646315,0.0247791145626192,0.0528427527599526,-0.0528427527599526
LINK-USD_2021-11-22,LINK-USD,2021-11-22,29.06560516357422,29.099523544311523,26.350961685180664,26.75899124145508,910918972.0,0.1420288613980187,0.8442950747391162,0.4931619680685675,-0.0784253175935245,0.0504747336453696,-0.0504747336453696
LINK-USD_2021-11-23,LINK-USD,2021-11-23,26.785951614379883,27.54949951171875,26.257051467895508,26.93367576599121,856504533.0,0.2566673839485138,0.95513045103608,0.6058989174922969,0.0065280683774622,0.0491826567749067,-0.0491826567749067
LINK-USD_2021-11-24,LINK-USD,2021-11-24,26.95874786376953,27.169527053833008,25.20462226867676,26.259172439575195,839707098.0,0.0721060997596527,0.7198291409847957,0.3959676203722242,-0.0250431219368766,0.0460332660271944,-0.0460332660271944
LINK-USD_2021-11-25,LINK-USD,2021-11-25,25.60611343383789,27.5596923828125,25.382614135742188,26.18510627746582,920707661.0,0.0287233224665193,0.6278481336860673,0.3282857280762933,-0.0028205824947381,0.0457912351230068,-0.0457912351230068
LINK-USD_2021-11-26,LINK-USD,2021-11-26,26.3903751373291,26.57120132446289,23.21697235107422,23.85628128051757,1451397540.0,0.024721829240037,0.4448227719805457,0.2347723006102914,-0.0889370076359923,0.0459021500467655,-0.0459021500467655
LINK-USD_2021-11-27,LINK-USD,2021-11-27,23.946802139282227,24.96947288513184,23.83278083801269,24.11475944519043,757714824.0,-0.0166737429730489,0.4434935133394158,0.2134098851831834,0.01083480537614,0.0454360022945673,-0.0454360022945673
LINK-USD_2021-11-28,LINK-USD,2021-11-28,24.13875389099121,24.896841049194336,22.923444747924805,24.823909759521484,836676572.0,0.0090136033985044,0.481170352916755,0.2450919781576297,0.0294073144682556,0.0455784783712271,-0.0455784783712271
LINK-USD_2021-11-29,LINK-USD,2021-11-29,24.84884452819824,25.51533317565918,24.61510467529297,25.01792526245117,772950069.0,0.0846094926456888,0.3829964146640701,0.2338029536548794,0.0078156706501588,0.0448509060999448,-0.0448509060999448
LINK-USD_2021-11-30,LINK-USD,2021-11-30,25.012086868286133,26.508655548095703,24.225584030151367,25.341773986816406,1001383387.0,0.1465880250723155,0.2996025597686254,0.2230952924204704,0.0129446675121096,0.0445118364099875,-0.0445118364099875
LINK-USD_2021-12-01,LINK-USD,2021-12-01,25.29147148132324,26.9204158782959,25.024314880371094,25.356210708618164,918605444.0,0.108200350667269,0.3324144181056601,0.2203073843864645,0.0005696807890902,0.0443228299059752,-0.0443228299059752
LINK-USD_2021-12-02,LINK-USD,2021-12-02,25.365177154541016,25.365177154541016,24.26401138305664,24.537094116210938,754628307.0,0.0229607685582295,0.2683389009954551,0.1456498347768423,-0.0323043770940435,0.0441450627603441,-0.0441450627603441
LINK-USD_2021-12-03,LINK-USD,2021-12-03,24.56698608398437,25.880491256713867,22.69379615783692,23.2915267944336,1012128906.0,-0.1143043896789479,0.0437160165336882,-0.0352941865726298,-0.0507626255936487,0.042911216499705,-0.042911216499705
LINK-USD_2021-12-04,LINK-USD,2021-12-04,23.382211685180664,23.382211685180664,15.549089431762695,20.667728424072266,2372072138.0,-0.2330157149132486,-0.0916762346899403,-0.1623459748015945,-0.1126503381902981,0.0450213545306625,-0.0450213545306625
LINK-USD_2021-12-05,LINK-USD,2021-12-05,20.666725158691406,20.94878196716309,18.52946853637696,19.47732162475586,1199283300.0,-0.2932510865552569,-0.1197422323701499,-0.2064966594627034,-0.0575973699136624,0.0454113380733527,-0.0454113380733527
LINK-USD_2021-12-06,LINK-USD,2021-12-06,19.497690200805664,19.926729202270508,17.267677307128906,19.88426780700684,1255772873.0,-0.2513272049656609,-0.1531527850491429,-0.2022399950074019,0.0208933338007699,0.0453365372051151,-0.0453365372051151
LINK-USD_2021-12-07,LINK-USD,2021-12-07,19.88286781311035,21.158838272094727,19.753881454467773,21.09157371520996,1154171652.0,-0.2257878483787315,-0.1166187272315643,-0.1712032878051479,0.0607166388987021,0.0459117278892338,-0.0459117278892338
LINK-USD_2021-12-08,LINK-USD,2021-12-08,21.09198951721192,23.10215759277344,20.82253646850586,22.886016845703125,1746207071.0,-0.1472299727009577,-0.0538618824553376,-0.1005459275781476,0.0850786742953713,0.0472036073666084,-0.0472036073666084
LINK-USD_2021-12-09,LINK-USD,2021-12-09,22.8437557220459,23.05356407165528,20.291046142578125,20.306026458740234,1282728787.0,-0.2432734846695478,-0.1556919583554664,-0.1994827215125071,-0.1127321719789473,0.0492419979539385,-0.0492419979539385
LINK-USD_2021-12-10,LINK-USD,2021-12-10,20.299955368041992,20.8845443725586,18.51622009277344,18.583904266357425,1073605294.0,-0.2960898536575003,-0.221105520809026,-0.2585976872332631,-0.0848084284673805,0.0502820276634852,-0.0502820276634852
LINK-USD_2021-12-11,LINK-USD,2021-12-11,18.59083747863769,20.168121337890625,18.26146507263184,19.94931030273437,843949544.0,-0.2723764480907924,-0.1900945324792785,-0.2312354902850354,0.0734725070042869,0.0509508350787309,-0.0509508350787309
LINK-USD_2021-12-12,LINK-USD,2021-12-12,19.945531845092773,20.823474884033203,19.27879905700684,20.45658493041992,580366114.0,-0.2024392171916283,-0.112343468291756,-0.1573913427416922,0.0254281787183396,0.050478728368932,-0.050478728368932
LINK-USD_2021-12-13,LINK-USD,2021-12-13,20.45744514465332,20.55698013305664,17.351240158081055,17.77545928955078,906680239.0,-0.2962671150278784,-0.2681155049761604,-0.2821913100020194,-0.1310641854438848,0.0530034709068326,-0.0530034709068326
LINK-USD_2021-12-14,LINK-USD,2021-12-14,17.787418365478516,18.57377052307129,17.53154182434082,17.587615966796875,847438318.0,-0.2857428684675144,-0.2840750976974892,-0.2849089830825018,-0.0105675650735128,0.0529421025149257,-0.0529421025149257
LINK-USD_2021-12-15,LINK-USD,2021-12-15,18.46222686767578,19.918025970458984,17.320510864257812,19.71448516845703,1012068389.0,-0.2302562129256975,-0.2401882491798593,-0.2352222310527784,0.1209299319291146,0.0549663717964954,-0.0549663717964954
LINK-USD_2021-12-16,LINK-USD,2021-12-16,19.69500541687012,20.3103256225586,18.70233917236328,18.78617286682129,730580557.0,-0.2950114297825124,-0.2460570643764102,-0.2705342470794613,-0.0470878287565446,0.0549662601560551,-0.0549662601560551
LINK-USD_2021-12-17,LINK-USD,2021-12-17,18.76231575012207,19.20230293273925,17.79973030090332,18.291275024414062,764761467.0,-0.3211511080222404,-0.3404541672228851,-0.3308026376225628,-0.0263437287581483,0.0550023045455606,-0.0550023045455606
LINK-USD_2021-12-18,LINK-USD,2021-12-18,18.292774200439453,19.962373733520508,17.851829528808594,19.518829345703125,828823192.0,-0.2831465514674901,-0.281217975759665,-0.2821822636135775,0.0671114681535649,0.0557109975781182,-0.0557109975781182
LINK-USD_2021-12-19,LINK-USD,2021-12-19,19.545085906982425,20.32924461364746,18.832582473754883,18.85244369506836,711425525.0,-0.289682953759191,-0.324382342022643,-0.307032647890917,-0.0341406566363297,0.055777618342262,-0.055777618342262
LINK-USD_2021-12-20,LINK-USD,2021-12-20,18.87470054626465,19.201929092407227,18.05916786193848,18.747501373291016,695392844.0,-0.2706551154849802,-0.3324570936633786,-0.3015561045741794,-0.0055665102877244,0.0556658524217602,-0.0556658524217602
LINK-USD_2021-12-21,LINK-USD,2021-12-21,18.757226943969727,19.666597366333008,18.395166397094727,19.45420455932617,591612598.0,-0.2499219741639617,-0.2562847641059247,-0.2531033691349432,0.0376958599422732,0.0558862860400259,-0.0558862860400259
LINK-USD_2021-12-22,LINK-USD,2021-12-22,19.438899993896484,20.80475234985352,19.261857986450195,19.91473960876465,711364881.0,-0.2736926942356735,-0.2194245634285915,-0.2465586288321325,0.0236727771641376,0.055462290437303,-0.055462290437303
LINK-USD_2021-12-23,LINK-USD,2021-12-23,19.93218421936035,22.218738555908203,19.617338180541992,22.141969680786133,1116286218.0,-0.2167221575419066,-0.1818893088092098,-0.1993057331755582,0.1118382723438302,0.0571826672472646,-0.0571826672472646
LINK-USD_2021-12-24,LINK-USD,2021-12-24,22.162641525268555,22.64861869812012,21.25020217895508,21.47300910949707,871649697.0,-0.250794671837216,-0.2518595289975147,-0.2513271004173654,-0.03021233345241,0.0572518911715732,-0.0572518911715732
LINK-USD_2021-12-25,LINK-USD,2021-12-25,21.49117088317871,22.40900421142578,21.37428474426269,22.12022590637207,579575331.0,-0.2968734691402933,-0.206067390870086,-0.2514704300051897,0.0301409454806569,0.0559558547012676,-0.0559558547012676
LINK-USD_2021-12-26,LINK-USD,2021-12-26,22.111785888671875,23.50770568847656,21.147613525390625,23.00971221923828,1131619033.0,-0.2271061484884232,-0.1788936951994438,-0.2029999218439335,0.0402114479585844,0.0558618962561354,-0.0558618962561354
LINK-USD_2021-12-27,LINK-USD,2021-12-27,22.988582611083984,24.459209442138672,22.7802734375,22.98203659057617,1140446209.0,-0.291991407441079,-0.1951406268818168,-0.2435660171614479,-0.0012027803041784,0.0545835931649963,-0.0545835931649963
LINK-USD_2021-12-28,LINK-USD,2021-12-28,23.0139102935791,23.0139102935791,20.38349342346192,20.39145469665528,1400462512.0,-0.3726294613248854,-0.2081664144490473,-0.2903979378869664,-0.1127220333024429,0.0562700776673286,-0.0562700776673286
LINK-USD_2021-12-29,LINK-USD,2021-12-29,20.39762687683105,20.96102905273437,19.57467269897461,19.70285415649414,1191442199.0,-0.3179022070979052,-0.2570702057748899,-0.2874862064363975,-0.0337690738794661,0.0547527999303345,-0.0547527999303345
LINK-USD_2021-12-30,LINK-USD,2021-12-30,19.74891471862793,20.41877174377441,19.192333221435547,19.9703426361084,940227826.0,-0.3393220760795365,-0.1824254690807665,-0.2608737725801515,0.0135761284882724,0.0544146554568414,-0.0544146554568414
LINK-USD_2021-12-31,LINK-USD,2021-12-31,19.962461471557617,20.560415267944336,19.13685607910156,19.59232521057129,924042396.0,-0.3666580942896932,-0.2469790153009856,-0.3068185547953394,-0.0189289404005325,0.0543184637751432,-0.0543184637751432
LINK-USD_2022-01-01,LINK-USD,2022-01-01,19.59361267089844,20.668949127197266,19.574094772338867,20.665088653564453,673457576.0,-0.3061138304355812,-0.1968200637935431,-0.2514669471145622,0.0547542689019036,0.0546931401105725,-0.0546931401105725
LINK-USD_2022-01-02,LINK-USD,2022-01-02,20.66617774963379,22.12900161743164,20.61571884155273,21.83189010620117,991669491.0,-0.2719064366975708,-0.1542505489776592,-0.213078492837615,0.0564624460217575,0.0552109019378322,-0.0552109019378322
LINK-USD_2022-01-03,LINK-USD,2022-01-03,21.83207321166992,23.609920501708984,21.346864700317383,23.57390594482422,1570395059.0,-0.2531687339777725,-0.0563240826057225,-0.1547464082917475,0.0797922594035156,0.0557584947150445,-0.0557584947150445
LINK-USD_2022-01-04,LINK-USD,2022-01-04,23.59302520751953,24.38787651062012,22.903562545776367,23.52586555480957,1880544655.0,-0.2708669889726155,-0.120551654803985,-0.1957093218883002,-0.0020378629713331,0.055664961272311,-0.055664961272311
LINK-USD_2022-01-05,LINK-USD,2022-01-05,23.525678634643555,27.28758811950684,22.83167266845703,25.44780158996582,4041232729.0,-0.2045291358251253,-0.1441854381830067,-0.174357287004066,0.0816945940066946,0.0566836541087545,-0.0566836541087545
LINK-USD_2022-01-06,LINK-USD,2022-01-06,25.43660545349121,25.91974258422852,23.54539680480957,25.377212524414062,3194740641.0,-0.1819325511142745,-0.1536766587977382,-0.1678046049560064,-0.0027738767650401,0.056567995228214,-0.056567995228214
LINK-USD_2022-01-07,LINK-USD,2022-01-07,25.37331962585449,27.132686614990234,22.90793228149414,25.96063995361328,3714503464.0,-0.2113519733102521,-0.1566912668981893,-0.1840216201042207,0.0229902093714167,0.0560876342108897,-0.0560876342108897
LINK-USD_2022-01-08,LINK-USD,2022-01-08,25.96207427978516,27.177169799804688,23.810571670532227,25.47480010986328,2828318535.0,-0.2059828682806608,-0.1479379677411328,-0.1769604180108968,-0.0187144787115457,0.0560496636879861,-0.0560496636879861
LINK-USD_2022-01-09,LINK-USD,2022-01-09,25.475780487060547,28.51118850708008,25.29500961303711,27.56621742248535,3305192981.0,-0.1478643185266839,-0.177212067373638,-0.1625381929501609,0.0820974964907503,0.0570327863046791,-0.0570327863046791
LINK-USD_2022-01-10,LINK-USD,2022-01-10,27.56212043762207,28.38072395324707,25.351890563964844,27.88326644897461,3384889431.0,-0.1912641094460845,-0.1984079427616524,-0.1948360261038684,0.0115013613086663,0.0564155971868923,-0.0564155971868923
LINK-USD_2022-01-11,LINK-USD,2022-01-11,27.890470504760746,28.57093620300293,26.02193260192871,26.69095039367676,2522063090.0,-0.211709265598656,-0.0506255646214602,-0.1311674151100581,-0.0427609891932763,0.0566166320121913,-0.0566166320121913
LINK-USD_2022-01-12,LINK-USD,2022-01-12,26.68826484680176,27.13182258605957,25.77157211303711,26.777944564819336,1991680592.0,-0.2202726971606625,-0.0137403382154961,-0.1170065176880793,0.0032593133575036,0.0565820080088192,-0.0565820080088192
LINK-USD_2022-01-13,LINK-USD,2022-01-13,26.77823257446289,26.77823257446289,24.57055854797364,24.872852325439453,1559977351.0,-0.2860254556464351,-0.1110052935950914,-0.1985153746207633,-0.071144080337024,0.0571967631038976,-0.0571967631038976
LINK-USD_2022-01-14,LINK-USD,2022-01-14,24.874753952026367,25.8210678100586,24.04926300048828,25.781768798828125,1319205919.0,-0.2475886170232544,-0.0229561083602909,-0.1352723626917726,0.0365425107461057,0.0573957628441277,-0.0573957628441277
LINK-USD_2022-01-15,LINK-USD,2022-01-15,25.77488136291504,26.14071083068848,25.24087905883789,25.252832412719727,968706044.0,-0.2586831686971319,-0.0661331631087615,-0.1624081659029467,-0.0205159075870868,0.0574377928228036,-0.0574377928228036
LINK-USD_2022-01-16,LINK-USD,2022-01-16,25.250362396240234,26.26625061035156,24.87500762939453,25.55315589904785,955673115.0,-0.2434653715713522,-0.1302309879417795,-0.1868481797565659,0.0118926654016384,0.0574643645107299,-0.0574643645107299
LINK-USD_2022-01-17,LINK-USD,2022-01-17,25.553203582763672,25.598190307617188,23.436006546020508,23.8410587310791,942248766.0,-0.255217199649118,-0.1143237986267591,-0.1847704991379385,-0.0670013979773256,0.0576983855157741,-0.0576983855157741
LINK-USD_2022-01-18,LINK-USD,2022-01-18,23.839618682861328,24.2893009185791,22.17359161376953,23.003719329833984,992141256.0,-0.2128755167053344,-0.2518182401877933,-0.2323468784465638,-0.0351217372806336,0.0568435756755912,-0.0568435756755912
LINK-USD_2022-01-19,LINK-USD,2022-01-19,23.003881454467773,23.109703063964844,21.344974517822266,21.653993606567383,1017408544.0,-0.2582482907360819,-0.2964822965321187,-0.2773652936341003,-0.0586742388878008,0.0572869661392779,-0.0572869661392779
LINK-USD_2022-01-20,LINK-USD,2022-01-20,21.653717041015625,22.890766143798828,20.19513893127441,20.19513893127441,712920312.0,-0.2386574687769266,-0.3229140494611007,-0.2807857591190136,-0.0673711603410892,0.0567679714277904,-0.0567679714277904
LINK-USD_2022-01-21,LINK-USD,2022-01-21,20.2061767578125,20.443946838378903,17.341781616210938,17.426189422607422,1701511646.0,-0.3840402413776109,-0.3707729609168628,-0.3774066011472369,-0.1371097033840635,0.0585312431819044,-0.0585312431819044
LINK-USD_2022-01-22,LINK-USD,2022-01-22,17.433748245239258,17.749223709106445,14.593436241149902,15.82758617401123,1835315578.0,-0.4413938017175386,-0.4425056596178165,-0.4419497306676775,-0.0917356749561257,0.0595103449943905,-0.0595103449943905
LINK-USD_2022-01-23,LINK-USD,2022-01-23,15.835529327392578,16.744186401367188,15.289765357971191,16.56523323059082,1291236126.0,-0.4294964479146487,-0.3953356138737843,-0.4124160308942165,0.0466051518197259,0.059763861857412,-0.059763861857412
LINK-USD_2022-01-24,LINK-USD,2022-01-24,16.574758529663086,16.601947784423828,13.620351791381836,15.584161758422852,1683893370.0,-0.4176102672256255,-0.3348941165897847,-0.3762521919077051,-0.0592247304044132,0.0594422662816512,-0.0594422662816512
LINK-USD_2022-01-25,LINK-USD,2022-01-25,15.584380149841309,15.991530418395996,14.691471099853516,15.527324676513672,1111524593.0,-0.4234977501244069,-0.275528425808406,-0.3495130879664064,-0.0036471054901917,0.0594193493863182,-0.0594193493863182
LINK-USD_2022-01-26,LINK-USD,2022-01-26,15.523802757263184,16.635276794433594,14.82795524597168,15.270565032958984,1232890805.0,-0.4184673919904377,-0.3765353437438091,-0.3975013678671234,-0.0165359872936164,0.0593872011751839,-0.0593872011751839
LINK-USD_2022-01-27,LINK-USD,2022-01-27,15.26790714263916,15.635826110839844,14.423870086669922,15.18051815032959,940104102.0,-0.4202613504993285,-0.4036093303234163,-0.4119353404113724,-0.0058967616741779,0.0593851376970709,-0.0593851376970709
LINK-USD_2022-01-28,LINK-USD,2022-01-28,15.17689323425293,16.211301803588867,14.801682472229004,16.1232852935791,836710758.0,-0.3241492626620598,-0.3074409961418379,-0.3157951294019488,0.0621037525803453,0.0590658419984705,-0.0590658419984705
LINK-USD_2022-01-29,LINK-USD,2022-01-29,16.12401008605957,16.639623641967773,16.009414672851562,16.205904006958008,636807816.0,-0.3279674199615457,-0.3391727184706218,-0.3335700692160838,0.0051241860374329,0.0590463771948107,-0.0590463771948107
LINK-USD_2022-01-30,LINK-USD,2022-01-30,16.209232330322266,17.999835968017578,16.1055965423584,17.76853370666504,1053942921.0,-0.2842169553952023,-0.2777651709117607,-0.2809910631534815,0.0964234823948182,0.0602591392939435,-0.0602591392939435
LINK-USD_2022-01-31,LINK-USD,2022-01-31,17.770357131958008,17.790382385253906,16.627328872680664,17.240427017211914,1092970484.0,-0.3108770277170954,-0.2525706826617498,-0.2817238551894226,-0.029721455814614,0.0603311615218757,-0.0603311615218757
LINK-USD_2022-02-01,LINK-USD,2022-02-01,17.238231658935547,17.78755760192871,16.922941207885742,17.0242919921875,867224795.0,-0.3282123026965643,-0.2297362708809751,-0.2789742867887697,-0.0125365238812609,0.0603006048152745,-0.0603006048152745
LINK-USD_2022-02-02,LINK-USD,2022-02-02,17.022890090942383,17.32616424560547,15.727914810180664,15.819188117980955,688131680.0,-0.376121759683742,-0.3086179153078443,-0.3423698374957932,-0.0707873123158114,0.06087163466755,-0.06087163466755
LINK-USD_2022-02-03,LINK-USD,2022-02-03,15.812664985656738,16.243289947509766,15.36882781982422,16.178110122680664,703499783.0,-0.3406672344304918,-0.3255284473973928,-0.3330978409139423,0.0226890281614224,0.0608770425032122,-0.0608770425032122
LINK-USD_2022-02-04,LINK-USD,2022-02-04,16.176837921142578,17.4454402923584,16.054845809936523,17.4454402923584,794900304.0,-0.2509962766147364,-0.3366106900835486,-0.2938034833491425,0.0783361072503159,0.0614728508543241,-0.0614728508543241
LINK-USD_2022-02-05,LINK-USD,2022-02-05,17.451297760009766,18.25808334350586,17.451297760009766,17.80269432067871,751330475.0,-0.1386235605871698,-0.3393378074263791,-0.2389806840067744,0.0204783612412924,0.0599001220904908,-0.0599001220904908
LINK-USD_2022-02-06,LINK-USD,2022-02-06,17.80304718017578,18.11786842346192,17.32990264892578,18.039453506469727,524933401.0,-0.0738226818855108,-0.3454251867654186,-0.2096239343254647,0.0132990648227897,0.0594761262722599,-0.0594761262722599
LINK-USD_2022-02-07,LINK-USD,2022-02-07,18.04258346557617,19.32388496398925,17.746797561645508,18.87679481506348,965971035.0,-0.0506668388155758,-0.2892600887972725,-0.1699634638064242,0.0464172214692339,0.0597034666745981,-0.0597034666745981
LINK-USD_2022-02-08,LINK-USD,2022-02-08,18.88332176208496,19.47602272033692,17.821300506591797,18.42635536193848,967552188.0,-0.1263641295457004,-0.323620493002057,-0.2249923112738787,-0.0238620728538911,0.0592873485438143,-0.0592873485438143
LINK-USD_2022-02-09,LINK-USD,2022-02-09,18.418546676635746,18.731529235839844,17.863407135009766,18.64273452758789,595027111.0,-0.1854093854218199,-0.3053415393686217,-0.2453754623952208,0.0117429172182559,0.0582937507936767,-0.0582937507936767
LINK-USD_2022-02-10,LINK-USD,2022-02-10,18.64422035217285,18.736427307128903,17.48549461364746,17.525623321533203,908391839.0,-0.1369250228673012,-0.3468882800854631,-0.2419066514763821,-0.0599220679992822,0.0570353888929342,-0.0570353888929342
LINK-USD_2022-02-11,LINK-USD,2022-02-11,17.526592254638672,17.796588897705078,16.019603729248047,16.184280395507812,763347982.0,-0.1291237748783321,-0.3869813889284031,-0.2580525819033676,-0.0765361038187625,0.056847887376153,-0.056847887376153
LINK-USD_2022-02-12,LINK-USD,2022-02-12,16.1848201751709,16.357929229736328,15.655256271362305,15.951390266418455,626686625.0,-0.2004039225239751,-0.4181950620142247,-0.3092994922690999,-0.0143898970728411,0.0560741953233565,-0.0560741953233565
LINK-USD_2022-02-13,LINK-USD,2022-02-13,15.95107078552246,16.30121612548828,15.616374015808104,15.735865592956545,452404673.0,-0.2307677138447209,-0.3864904956925222,-0.3086291047686216,-0.0135113410092938,0.0559817303161593,-0.0559817303161593
LINK-USD_2022-02-14,LINK-USD,2022-02-14,15.725197792053224,16.074268341064453,15.285943984985352,15.939895629882812,591985333.0,-0.1032639230169988,-0.3689373334861699,-0.2361006282515844,0.012965923972914,0.0535384878461895,-0.0535384878461895
LINK-USD_2022-02-15,LINK-USD,2022-02-15,15.938549041748049,17.362409591674805,15.854302406311035,17.319860458374023,664037510.0,-0.0152240934148402,-0.2966167857601808,-0.1559204395875105,0.0865730153153678,0.0546261752109295,-0.0546261752109295
LINK-USD_2022-02-16,LINK-USD,2022-02-16,17.322099685668945,17.35198211669922,16.58258819580078,17.17413330078125,611453253.0,-0.1288571243919835,-0.3294431838466873,-0.2291501541193354,-0.0084138759629738,0.0524417114892165,-0.0524417114892165
LINK-USD_2022-02-17,LINK-USD,2022-02-17,17.16320037841797,17.412431716918945,15.555219650268556,15.57224464416504,728506249.0,-0.1710794553760571,-0.4156204904216654,-0.2933499728988613,-0.0932733331319455,0.0534127125734616,-0.0534127125734616
LINK-USD_2022-02-18,LINK-USD,2022-02-18,15.58016300201416,16.013790130615234,15.136362075805664,15.232380867004396,606968424.0,-0.1672324183703346,-0.4346766499357032,-0.3009545341530189,-0.0218249703190985,0.0533819160221153,-0.0533819160221153
LINK-USD_2022-02-19,LINK-USD,2022-02-19,15.229276657104492,15.602683067321776,14.89521026611328,15.521562576293944,481658064.0,-0.2047902924203362,-0.4299511788149891,-0.3173707356176626,0.0189846690293804,0.0527247419576452,-0.0527247419576452
LINK-USD_2022-02-20,LINK-USD,2022-02-20,15.521750450134276,15.521750450134276,14.49162769317627,14.649103164672852,563513095.0,-0.222959983245836,-0.4480552304882735,-0.3355076068670548,-0.0562095090189951,0.0530125678297471,-0.0530125678297471
LINK-USD_2022-02-21,LINK-USD,2022-02-21,14.649110794067385,15.26511573791504,13.51419734954834,13.538114547729492,891469435.0,-0.277870993143821,-0.4733189028895342,-0.3755949480166776,-0.0758400432063699,0.0538093324345817,-0.0538093324345817
LINK-USD_2022-02-22,LINK-USD,2022-02-22,13.531328201293944,14.13685131072998,13.18057918548584,14.026960372924805,787190111.0,-0.2789753839511054,-0.4591752794148577,-0.3690753316829815,0.0361088557399817,0.0537900013450451,-0.0537900013450451
LINK-USD_2022-02-23,LINK-USD,2022-02-23,14.02634334564209,14.582829475402832,13.407191276550291,13.407191276550291,689391650.0,-0.3267704454117155,-0.5110284560460656,-0.4188994507288905,-0.0441841339746569,0.0539114710261662,-0.0539114710261662
LINK-USD_2022-02-24,LINK-USD,2022-02-24,13.402457237243652,13.75416660308838,11.496586799621582,13.26722812652588,1610374417.0,-0.4008108439404728,-0.5306684106174078,-0.4657396272789403,-0.0104394087573891,0.0518038143393374,-0.0518038143393374
LINK-USD_2022-02-25,LINK-USD,2022-02-25,13.268253326416016,14.455963134765623,13.16127872467041,14.338565826416016,895644068.0,-0.3322516768237031,-0.4997193984045538,-0.4159855376141285,0.0807506805244535,0.0528689363166705,-0.0528689363166705
LINK-USD_2022-02-26,LINK-USD,2022-02-26,14.338096618652344,14.892526626586914,14.19304656982422,14.690320014953612,720663937.0,-0.3358874327444441,-0.5330448344852674,-0.4344661336148557,0.0245320342910138,0.0528135035474749,-0.0528135035474749
LINK-USD_2022-02-27,LINK-USD,2022-02-27,14.688767433166504,14.817864418029783,13.56932544708252,13.654266357421877,771250377.0,-0.4065868261487587,-0.5413546065244053,-0.473970716336582,-0.0705262823735025,0.0531234681749406,-0.0531234681749406
LINK-USD_2022-02-28,LINK-USD,2022-02-28,13.65306282043457,15.116470336914062,13.430253982543944,15.116470336914062,847661301.0,-0.3422484435903908,-0.5343062462929928,-0.4382773449416918,0.1070877000064813,0.0550268024090472,-0.0550268024090472
LINK-USD_2022-03-01,LINK-USD,2022-03-01,15.117332458496094,15.68760871887207,14.846280097961426,15.334708213806152,879579688.0,-0.2479836067643847,-0.5282070702832552,-0.3880953385238199,0.0144370922595042,0.0533221717216048,-0.0533221717216048
LINK-USD_2022-03-02,LINK-USD,2022-03-02,15.335350036621094,15.812703132629396,15.012807846069336,15.29494857788086,882202397.0,-0.2237191395521961,-0.4705005384164139,-0.347109838984305,-0.0025927872490913,0.0531774873954292,-0.0531774873954292
LINK-USD_2022-03-03,LINK-USD,2022-03-03,15.295241355895996,15.335022926330566,14.550544738769531,14.897106170654297,645474814.0,-0.2540385289274495,-0.5071597239671326,-0.380599126447291,-0.0260113595806338,0.0532169956955604,-0.0532169956955604
LINK-USD_2022-03-04,LINK-USD,2022-03-04,14.898262977600098,14.928227424621582,13.64563274383545,13.714876174926758,741956068.0,-0.2999873150570856,-0.5566526320968661,-0.4283199735769759,-0.0793597079986182,0.0540425601824481,-0.0540425601824481
LINK-USD_2022-03-05,LINK-USD,2022-03-05,13.718465805053713,14.227136611938477,13.502817153930664,14.022286415100098,435915276.0,-0.3214504592661672,-0.5291638583205052,-0.4253071587933362,0.0224143649751167,0.053625531398568,-0.053625531398568
LINK-USD_2022-03-06,LINK-USD,2022-03-06,14.023051261901855,14.094637870788574,13.333985328674316,13.338134765625,470032067.0,-0.3890526793263579,-0.5551731883006561,-0.472112933813507,-0.048790306318259,0.05332763026446,-0.05332763026446
LINK-USD_2022-03-07,LINK-USD,2022-03-07,13.338630676269531,13.616474151611328,12.513527870178224,12.71272087097168,832604165.0,-0.4607291256389004,-0.5972556501719865,-0.5289923879054435,-0.0468891569655702,0.0524062266136191,-0.0524062266136191
LINK-USD_2022-03-08,LINK-USD,2022-03-08,12.712453842163086,13.51270866394043,12.656606674194336,13.077510833740234,783095581.0,-0.4441220110149486,-0.5946910081274822,-0.5194065095712155,0.028694877081862,0.0526089937640424,-0.0526089937640424
LINK-USD_2022-03-09,LINK-USD,2022-03-09,13.080608367919922,14.358392715454102,13.080608367919922,14.015893936157228,835748199.0,-0.4492296756320295,-0.5618782541131346,-0.5055539648725821,0.0717554827021016,0.0523502311441166,-0.0523502311441166
LINK-USD_2022-03-10,LINK-USD,2022-03-10,14.014789581298828,14.079368591308594,13.053836822509766,13.195725440979004,681196682.0,-0.4800167501342356,-0.5746186293190053,-0.5273176897266205,-0.0585170306592012,0.052729082158318,-0.052729082158318
LINK-USD_2022-03-11,LINK-USD,2022-03-11,13.19627571105957,13.582839012145996,12.888590812683104,13.07819938659668,602728183.0,-0.496229699654364,-0.6027025467275126,-0.5494661231909383,-0.0089063731212041,0.0525703553290867,-0.0525703553290867
LINK-USD_2022-03-12,LINK-USD,2022-03-12,13.077938079833984,13.427348136901855,13.071296691894531,13.186159133911133,413115366.0,-0.4823841962628102,-0.5890041841839961,-0.5356941902234031,0.0082549396995046,0.0526035374074378,-0.0526035374074378
LINK-USD_2022-03-13,LINK-USD,2022-03-13,13.181357383728027,13.397594451904297,12.66395092010498,12.74045753479004,394434361.0,-0.5378235127610276,-0.6061629240856748,-0.5719932184233512,-0.0338007144153805,0.0513776344790902,-0.0513776344790902
LINK-USD_2022-03-14,LINK-USD,2022-03-14,12.739392280578612,13.401471138000488,12.65934944152832,13.401471138000488,597073217.0,-0.5193722671436395,-0.6112991024435019,-0.5653356847935707,0.051883034922838,0.0519103333829912,-0.0519103333829912
LINK-USD_2022-03-15,LINK-USD,2022-03-15,13.400629997253418,13.753413200378418,12.920025825500488,13.714278221130373,532677812.0,-0.4861824693818559,-0.5949624014407382,-0.5405724354112971,0.0233412496216856,0.0519101559989213,-0.0519101559989213
LINK-USD_2022-03-16,LINK-USD,2022-03-16,13.713659286499023,14.70619010925293,13.69442653656006,14.696399688720703,885932966.0,-0.4511752142459536,-0.5720663300726201,-0.5116207721592869,0.071613062806114,0.0528795562710369,-0.0528795562710369
LINK-USD_2022-03-17,LINK-USD,2022-03-17,14.69365406036377,14.872303009033203,14.28701400756836,14.421710968017578,634934271.0,-0.4201826642428403,-0.5860251818944839,-0.5031039230686621,-0.0186908852862749,0.0522803244522244,-0.0522803244522244
LINK-USD_2022-03-18,LINK-USD,2022-03-18,14.421184539794922,15.218111038208008,14.158987045288086,15.02858066558838,680727320.0,-0.4170849648503758,-0.561408092245133,-0.4892465285477544,0.0420802842961305,0.0523597528357994,-0.0523597528357994
LINK-USD_2022-03-19,LINK-USD,2022-03-19,15.02804946899414,15.370284080505373,14.885062217712402,14.97515869140625,572066741.0,-0.4069909289120639,-0.560392394487234,-0.4836916616996489,-0.0035546919147496,0.0523336288530833,-0.0523336288530833
LINK-USD_2022-03-20,LINK-USD,2022-03-20,14.978293418884276,15.087616920471191,14.481600761413574,14.552144050598145,489257880.0,-0.43051480184722,-0.5691647272198718,-0.4998397645335459,-0.0282477568034628,0.0523454673795588,-0.0523454673795588
LINK-USD_2022-03-21,LINK-USD,2022-03-21,14.550983428955078,15.21841812133789,14.368825912475586,15.007802963256836,601520896.0,-0.3705060193617689,-0.5311637102962345,-0.4508348648290017,0.0313121496787245,0.052008560006097,-0.052008560006097
LINK-USD_2022-03-22,LINK-USD,2022-03-22,15.006114959716797,15.810006141662598,14.994159698486328,15.450860977172852,723788130.0,-0.3283320511942467,-0.4713137128506836,-0.3998228820224651,0.0295218437369375,0.0520619698479733,-0.0520619698479733
LINK-USD_2022-03-23,LINK-USD,2022-03-23,15.451191902160645,15.887228965759276,15.188298225402832,15.800262451171877,623032500.0,-0.2703303262092099,-0.4587662722676359,-0.3645482992384229,0.0226137219482611,0.0517152247477726,-0.0517152247477726
LINK-USD_2022-03-24,LINK-USD,2022-03-24,15.8012056350708,16.37179946899414,15.633796691894531,16.171621322631836,780438729.0,-0.199231984604558,-0.3903412522363572,-0.2947866184204576,0.0235033356317708,0.0511740928292103,-0.0511740928292103
LINK-USD_2022-03-25,LINK-USD,2022-03-25,16.17235565185547,16.420242309570312,15.530818939208984,15.584914207458496,642184816.0,-0.1056613795762023,-0.4491233992370772,-0.2773923894066398,-0.036280042889222,0.0483882587699867,-0.0483882587699867
LINK-USD_2022-03-26,LINK-USD,2022-03-26,15.585329055786133,15.89773941040039,15.559443473815918,15.821913719177246,419682097.0,-0.0003583903933057,-0.4415940008126441,-0.2209761956029749,0.0152069821215523,0.0469960517388099,-0.0469960517388099
LINK-USD_2022-03-27,LINK-USD,2022-03-27,15.82398796081543,16.84952735900879,15.710041999816896,16.84952735900879,608420929.0,0.0171620963291339,-0.4197054109976469,-0.2012716573342565,0.0649487576579312,0.047338246104776,-0.047338246104776
LINK-USD_2022-03-28,LINK-USD,2022-03-28,16.850780487060547,17.30991554260254,16.506223678588867,16.517032623291016,816293962.0,0.0598601887819838,-0.3827483078770624,-0.1614440595475392,-0.0197331787790475,0.0467811141650214,-0.0467811141650214
LINK-USD_2022-03-29,LINK-USD,2022-03-29,16.511608123779297,17.44858169555664,16.511608123779297,16.973129272460938,721999818.0,0.0931135676021615,-0.3698175689078177,-0.1383520006528281,0.0276137160694815,0.0468859627144846,-0.0468859627144846
LINK-USD_2022-03-30,LINK-USD,2022-03-30,16.97304344177246,17.51236915588379,16.616619110107422,17.209745407104492,764422646.0,0.1269881219169106,-0.3446196582658604,-0.1088157681744748,0.0139406311497001,0.0468436711685782,-0.0468436711685782
LINK-USD_2022-03-31,LINK-USD,2022-03-31,17.209388732910156,17.988101959228516,16.730558395385742,16.910993576049805,843648119.0,0.1139931726034426,-0.3541751025619117,-0.1200909649792345,-0.0173594567489276,0.0469009174683917,-0.0469009174683917
LINK-USD_2022-04-01,LINK-USD,2022-04-01,16.914247512817383,17.3363037109375,16.278377532958984,17.312368392944336,716106148.0,0.0737494299526395,-0.2743056560503155,-0.1002781130488379,0.0237345496637748,0.0463643825683189,-0.0463643825683189
LINK-USD_2022-04-02,LINK-USD,2022-04-02,17.3111572265625,17.831132888793945,17.170976638793945,17.403167724609375,640737307.0,0.0738782432092231,-0.2783188335689431,-0.10222029517986,0.0052447666087123,0.0463645083360994,-0.0463645083360994
LINK-USD_2022-04-03,LINK-USD,2022-04-03,17.402095794677734,18.289655685424805,17.221837997436523,18.09421730041504,665179387.0,0.0183292329646669,-0.2710972012184824,-0.1263839841269077,0.0397082638483377,0.0450368462983769,-0.0450368462983769
LINK-USD_2022-04-04,LINK-USD,2022-04-04,18.091960906982425,18.091960906982425,16.913375854492188,17.474639892578125,687241648.0,0.0135850971169324,-0.301515225213123,-0.1439650640480952,-0.0342417357739316,0.0450906127726266,-0.0450906127726266
LINK-USD_2022-04-05,LINK-USD,2022-04-05,17.477863311767578,17.609939575195312,16.769649505615234,16.77373504638672,491996331.0,-0.0147176132737715,-0.3380994142275537,-0.1764085137506626,-0.0401098306174021,0.0453592661647394,-0.0453592661647394
LINK-USD_2022-04-06,LINK-USD,2022-04-06,16.772916793823242,16.772916793823242,15.409918785095217,15.427790641784668,666421951.0,-0.0247419446103813,-0.3915577205492691,-0.2081498325798252,-0.0802411866456651,0.0456147603589294,-0.0456147603589294
LINK-USD_2022-04-07,LINK-USD,2022-04-07,15.429636001586914,15.844579696655272,15.242517471313477,15.77530002593994,445062988.0,-0.0248984642635118,-0.3570836077317867,-0.1909910359976492,0.0225248962877469,0.0456134846674,-0.0456134846674
LINK-USD_2022-04-08,LINK-USD,2022-04-08,15.77375030517578,15.883589744567873,15.090307235717772,15.135031700134276,405554238.0,-0.1324362442853418,-0.3501915166956179,-0.2413138804904798,-0.0405867606164602,0.0447990943424693,-0.0447990943424693
LINK-USD_2022-04-09,LINK-USD,2022-04-09,15.133758544921877,15.436914443969728,15.133758544921877,15.433225631713867,312899051.0,-0.1330960722171468,-0.2532693813734087,-0.1931827267952777,0.0197022336977956,0.0447931255342731,-0.0447931255342731
LINK-USD_2022-04-10,LINK-USD,2022-04-10,15.432968139648438,15.90619945526123,15.27820873260498,15.34876823425293,340463381.0,-0.1491555867394652,-0.2119672031936619,-0.1805613949665636,-0.0054724397528009,0.0447570341730168,-0.0447570341730168
LINK-USD_2022-04-11,LINK-USD,2022-04-11,15.340743064880373,15.340743064880373,13.627220153808594,13.75277042388916,581315504.0,-0.271445679278423,-0.3083592236148145,-0.2899024514466187,-0.1039821428016664,0.0461455280746557,-0.0461455280746557
LINK-USD_2022-04-12,LINK-USD,2022-04-12,13.75503158569336,14.30019760131836,13.698602676391602,13.973590850830078,471710040.0,-0.2416519394989007,-0.3374799320567923,-0.2895659357778465,0.0160564322776262,0.0461419108217222,-0.0461419108217222
LINK-USD_2022-04-13,LINK-USD,2022-04-13,13.973137855529783,14.183897972106934,13.737626075744627,14.183897972106934,427438366.0,-0.2391728825448156,-0.3802373708044362,-0.3097051266746259,0.0150503276875579,0.0461612105855606,-0.0461612105855606
LINK-USD_2022-04-14,LINK-USD,2022-04-14,14.18294620513916,14.303465843200684,13.416516304016112,13.646020889282228,520413124.0,-0.2213674436038017,-0.3279817241935765,-0.2746745838986891,-0.037921668915164,0.0458076171019949,-0.0458076171019949
LINK-USD_2022-04-15,LINK-USD,2022-04-15,13.646552085876465,14.165397644042969,13.646552085876465,14.120528221130373,367068072.0,-0.1275158440130748,-0.2401742917556422,-0.1838450678843585,0.0347725784459871,0.0450631825649356,-0.0450631825649356
LINK-USD_2022-04-16,LINK-USD,2022-04-16,14.11890983581543,14.220606803894045,13.897253036499023,14.150530815124512,293542335.0,-0.112896708137421,-0.2906756875106125,-0.2017861978240168,0.0021247501172967,0.0450329948244987,-0.0450329948244987
LINK-USD_2022-04-17,LINK-USD,2022-04-17,14.149578094482422,14.589380264282228,13.728515625,13.76498794555664,419449837.0,-0.125247488659415,-0.3271121258814101,-0.2261798072704126,-0.0272458238213786,0.0451281951365962,-0.0451281951365962
LINK-USD_2022-04-18,LINK-USD,2022-04-18,13.76572608947754,14.040467262268066,13.205087661743164,14.037701606750488,610500553.0,-0.1193354126840232,-0.2102762928324173,-0.1648058527582203,0.0198121249559015,0.0451708698322522,-0.0451708698322522
LINK-USD_2022-04-19,LINK-USD,2022-04-19,14.038283348083496,14.375018119812012,13.86673355102539,14.258341789245604,436675774.0,-0.1767634719971544,-0.1892965018019785,-0.1830299868995665,0.015717685749141,0.0438169303277392,-0.0438169303277392
LINK-USD_2022-04-20,LINK-USD,2022-04-20,14.257329940795898,14.465887069702148,13.768112182617188,14.024039268493652,497690985.0,-0.1834208444244636,-0.2886428862503614,-0.2360318653374125,-0.0164326626626859,0.0438471145206991,-0.0438471145206991
LINK-USD_2022-04-21,LINK-USD,2022-04-21,14.022598266601562,14.346668243408203,13.472289085388184,13.588746070861816,503314643.0,-0.1273739668639515,-0.2766623533598359,-0.2020181601118937,-0.0310390743563991,0.0424420506379311,-0.0424420506379311
LINK-USD_2022-04-22,LINK-USD,2022-04-22,13.587430953979492,13.852831840515137,13.506431579589844,13.60935401916504,464995123.0,-0.1065510941467511,-0.2559647153629194,-0.1812579047548352,0.0015165452497059,0.0423615210908407,-0.0423615210908407
LINK-USD_2022-04-23,LINK-USD,2022-04-23,13.60913372039795,13.643616676330566,13.32894515991211,13.34372615814209,322384215.0,-0.1403103848241451,-0.3163664725067348,-0.2283384286654399,-0.0195180359515144,0.0423477684731966,-0.0423477684731966
LINK-USD_2022-04-24,LINK-USD,2022-04-24,13.341960906982422,13.608301162719728,13.27518081665039,13.287423133850098,299368814.0,-0.092953132728734,-0.2951882870587236,-0.1940707098937288,-0.0042194379309588,0.0417672314617933,-0.0417672314617933
LINK-USD_2022-04-25,LINK-USD,2022-04-25,13.287835121154783,13.487024307250977,12.576231956481934,13.45869255065918,506454272.0,-0.0058665478704811,-0.2821073975312058,-0.1439869727008434,0.0128895885292286,0.040673784822136,-0.040673784822136
LINK-USD_2022-04-26,LINK-USD,2022-04-26,13.45697784423828,13.476839065551758,12.267724990844728,12.35457706451416,423158564.0,-0.1192263515364826,-0.3649405182906083,-0.2420834349135455,-0.0820373511014591,0.0417260211486818,-0.0417260211486818
LINK-USD_2022-04-27,LINK-USD,2022-04-27,12.356675148010254,12.760887145996094,12.355149269104004,12.733110427856444,393745748.0,-0.0502775588704281,-0.3606187839758401,-0.2054481714231341,0.0306391195235276,0.0415458947515195,-0.0415458947515195
LINK-USD_2022-04-28,LINK-USD,2022-04-28,12.73367691040039,12.96196746826172,12.430997848510742,12.662813186645508,446769326.0,-0.0455569870447869,-0.4281080965604535,-0.2368325418026202,-0.0055208223952213,0.041530511030579,-0.041530511030579
LINK-USD_2022-04-29,LINK-USD,2022-04-29,12.662095069885254,12.714529991149902,11.905447006225586,11.970266342163086,402626878.0,-0.1651699000390819,-0.4425436006139966,-0.3038567503265393,-0.0546913892098477,0.0407879436745391,-0.0407879436745391
LINK-USD_2022-04-30,LINK-USD,2022-04-30,11.970108032226562,12.220436096191406,10.91458225250244,10.997047424316406,467930975.0,-0.2514085865302961,-0.5028510345751696,-0.3771298105527328,-0.0813030295256416,0.0418419242177693,-0.0418419242177693
LINK-USD_2022-05-01,LINK-USD,2022-05-01,10.995169639587402,11.452871322631836,10.918277740478516,11.312018394470217,458492853.0,-0.1715396420166151,-0.508380709559144,-0.3399601757878795,0.0286414123719567,0.0411475656355651,-0.0411475656355651
LINK-USD_2022-05-02,LINK-USD,2022-05-02,11.311846733093262,11.418230056762695,10.849676132202148,11.17877960205078,447451681.0,-0.2604900910794986,-0.5135862064272119,-0.3870381487533552,-0.0117785162446845,0.0387113105735773,-0.0387113105735773
LINK-USD_2022-05-03,LINK-USD,2022-05-03,11.178868293762209,11.422041893005373,10.856085777282717,11.121427536010742,405151951.0,-0.2747545384660209,-0.4546035238067178,-0.3646790311363694,-0.0051304407172958,0.0386391949737941,-0.0386391949737941
LINK-USD_2022-05-04,LINK-USD,2022-05-04,11.121224403381348,12.146651268005373,11.113728523254396,12.145609855651855,501855323.0,-0.2059071141163229,-0.3835608912707394,-0.2947340026935311,0.0920909043668045,0.0405046072669218,-0.0405046072669218
LINK-USD_2022-05-05,LINK-USD,2022-05-05,12.15383243560791,12.239242553710938,10.738750457763672,10.917400360107422,560835165.0,-0.2671462339703578,-0.4533193266114694,-0.3602327802909136,-0.1011237401943137,0.0422649896041039,-0.0422649896041039
LINK-USD_2022-05-06,LINK-USD,2022-05-06,10.916577339172363,10.992020606994627,10.499267578125,10.799843788146973,507557055.0,-0.2125452938546382,-0.4487717168802517,-0.330658505367445,-0.0107678172534557,0.0411622239787997,-0.0411622239787997
LINK-USD_2022-05-07,LINK-USD,2022-05-07,10.79986572265625,10.817171096801758,10.100427627563477,10.23990535736084,354478668.0,-0.2697406789285196,-0.5044828730703466,-0.3871117759994331,-0.0518469009154257,0.0414864747073093,-0.0414864747073093
LINK-USD_2022-05-08,LINK-USD,2022-05-08,10.240593910217283,10.345457077026367,9.91851806640625,9.990030288696287,427837348.0,-0.2510174425255799,-0.5424111132797109,-0.3967142779026454,-0.0244020877092319,0.0411755342334885,-0.0411755342334885
LINK-USD_2022-05-09,LINK-USD,2022-05-09,9.990724563598633,10.144326210021973,8.272896766662598,8.272896766662598,844443662.0,-0.3492426325859957,-0.6490655054777226,-0.4991540690318591,-0.1718847163032754,0.046015645854596,-0.046015645854596
LINK-USD_2022-05-10,LINK-USD,2022-05-10,8.26126480102539,9.28757381439209,8.001697540283203,8.584442138671875,1009826814.0,-0.3435721638613485,-0.6351062145334375,-0.489339189197393,0.0376585591234155,0.0461374557462578,-0.0461374557462578
LINK-USD_2022-05-11,LINK-USD,2022-05-11,8.58212661743164,8.781096458435059,6.6637468338012695,6.916926860809326,1336413447.0,-0.5064940636454505,-0.7281915753564858,-0.6173428195009681,-0.1942485313460957,0.0508750383715539,-0.0508750383715539
LINK-USD_2022-05-12,LINK-USD,2022-05-12,6.916128158569336,7.313296794891357,5.636349201202393,6.569270133972168,1089927473.0,-0.5021668067167069,-0.741135078265502,-0.6216509424911044,-0.0502617323897046,0.0507580214276105,-0.0507580214276105
LINK-USD_2022-05-13,LINK-USD,2022-05-13,6.564114093780518,7.659953117370605,6.502946853637695,7.147284984588623,589902811.0,-0.4534962517918492,-0.724687642625164,-0.5890919472085067,0.0879876818624527,0.0522280522766703,-0.0522280522766703
LINK-USD_2022-05-14,LINK-USD,2022-05-14,7.14788818359375,7.402194976806641,6.6694159507751465,7.28469181060791,450075972.0,-0.4475501367283131,-0.7140432199981253,-0.5807966783632192,0.0192250380830723,0.0523017840425066,-0.0523017840425066
LINK-USD_2022-05-15,LINK-USD,2022-05-15,7.283320903778076,7.941104888916016,7.040398120880127,7.941104888916016,411663290.0,-0.37670174974239,-0.7119262041937399,-0.5443139769680649,0.0901085585188712,0.0536270948467555,-0.0536270948467555
LINK-USD_2022-05-16,LINK-USD,2022-05-16,7.941707134246826,7.9511799812316895,7.210753917694092,7.418417930603027,480158959.0,-0.4464474941435525,-0.7339473140932584,-0.5901974041184055,-0.0658204324995809,0.0536288295649773,-0.0536288295649773
LINK-USD_2022-05-17,LINK-USD,2022-05-17,7.418784141540527,7.93930196762085,7.349662780761719,7.725452899932861,414870183.0,-0.4366854182650448,-0.7105590926517527,-0.5736222554583987,0.0413882005842822,0.0538459061771224,-0.0538459061771224
LINK-USD_2022-05-18,LINK-USD,2022-05-18,7.723491191864014,7.782838821411133,6.82554292678833,6.82554292678833,386732705.0,-0.5355636025586017,-0.7451057936778435,-0.6403346981182225,-0.1164863710647116,0.054594376780631,-0.054594376780631
LINK-USD_2022-05-19,LINK-USD,2022-05-19,6.823423862457275,7.2307939529418945,6.700192928314209,7.219192981719971,393038744.0,-0.499421878740347,-0.7097561273929036,-0.6045890030666253,0.0576730758496404,0.0552545246525679,-0.0552545246525679
LINK-USD_2022-05-20,LINK-USD,2022-05-20,7.218545913696289,7.324295043945312,6.781771183013916,6.890322208404541,356158269.0,-0.5415187660281437,-0.7327443953838524,-0.6371315807059981,-0.0455550605376774,0.0550418148456108,-0.0550418148456108
LINK-USD_2022-05-21,LINK-USD,2022-05-21,6.890174865722656,7.09395694732666,6.8126630783081055,7.058111190795898,215156643.0,-0.5286787047641561,-0.7205021965282293,-0.6245904506461928,0.024351398572725,0.0552125301394858,-0.0552125301394858
LINK-USD_2022-05-22,LINK-USD,2022-05-22,7.057962894439697,7.372898101806641,6.940844058990479,7.356995105743408,343644776.0,-0.4944390956986844,-0.7120905482356666,-0.6032648219671755,0.0423461612984035,0.0555574540732806,-0.0555574540732806
LINK-USD_2022-05-23,LINK-USD,2022-05-23,7.353769779205322,7.6444621086120605,7.028613090515137,7.028613090515137,364150236.0,-0.5316694183870161,-0.7051887179258249,-0.6184290681564205,-0.044635345070695,0.0554888479867591,-0.0554888479867591
LINK-USD_2022-05-24,LINK-USD,2022-05-24,7.02945613861084,7.273584842681885,6.780584812164307,7.234004974365234,359116085.0,-0.5318057042223876,-0.6855288977124969,-0.6086673009674423,0.029222249283755,0.0554853864402863,-0.0554853864402863
LINK-USD_2022-05-25,LINK-USD,2022-05-25,7.234352111816406,7.367349147796631,6.97707986831665,6.97707986831665,316751503.0,-0.5584200015741401,-0.6777924665960653,-0.6181062340851027,-0.0355163020980821,0.0554111749761477,-0.0554111749761477
LINK-USD_2022-05-26,LINK-USD,2022-05-26,6.977542877197266,7.071606159210205,6.286396026611328,6.608133792877197,399231340.0,-0.5913746889664516,-0.6727859206433202,-0.632080304804886,-0.0528797265335688,0.0554729607111005,-0.0554729607111005
LINK-USD_2022-05-27,LINK-USD,2022-05-27,6.604459762573242,6.683801174163818,6.24489688873291,6.273192882537842,439109477.0,-0.5974830018932238,-0.6400135032160574,-0.6187482525546406,-0.0506861575200524,0.0556020506124108,-0.0556020506124108
LINK-USD_2022-05-28,LINK-USD,2022-05-28,6.400118827819824,6.608084201812744,6.2390217781066895,6.5723958015441895,280587302.0,-0.5846017164423041,-0.5847505911965268,-0.5846761538194154,0.0476954757503493,0.0560145840372257,-0.0560145840372257
LINK-USD_2022-05-29,LINK-USD,2022-05-29,6.571950912475586,6.730378150939941,6.362384796142578,6.7126288414001465,241144985.0,-0.6016132263905216,-0.594776074205583,-0.5981946502980523,0.0213366699283401,0.0553104910121137,-0.0553104910121137
LINK-USD_2022-05-30,LINK-USD,2022-05-30,6.712597846984863,7.494534015655518,6.669195175170898,7.45792293548584,424820426.0,-0.5484707752547957,-0.521442150620965,-0.5349564629378804,0.1110286464058747,0.0574622938413796,-0.0574622938413796
LINK-USD_2022-05-31,LINK-USD,2022-05-31,7.457581996917725,7.702468872070312,7.239634990692139,7.594669818878174,416173199.0,-0.5525474591653174,-0.5108835567555483,-0.5317155079604329,0.0183357865957118,0.0573739641151235,-0.0573739641151235
LINK-USD_2022-06-01,LINK-USD,2022-06-01,7.594356060028076,7.737067222595215,6.816001892089844,6.926414966583252,439198099.0,-0.5975294925790184,-0.546420518714682,-0.5719750056468502,-0.0879899808986865,0.058092282237514,-0.058092282237514
LINK-USD_2022-06-02,LINK-USD,2022-06-02,6.925086975097656,7.222725868225098,6.8298821449279785,7.20100212097168,327692504.0,-0.5741821975989572,-0.5256418753522365,-0.5499120364755968,0.039643474396666,0.0584598530655298,-0.0584598530655298
LINK-USD_2022-06-03,LINK-USD,2022-06-03,7.20137882232666,7.2060770988464355,6.737372875213623,6.862430095672607,324805175.0,-0.6036111328089926,-0.5743776798140832,-0.5889944063115379,-0.0470173483650336,0.0584476692433831,-0.0584476692433831
LINK-USD_2022-06-04,LINK-USD,2022-06-04,6.862783908843994,7.396269798278809,6.724647998809815,7.396090030670166,335525067.0,-0.5750147244624009,-0.5436175589158956,-0.5593161416891482,0.0777654457032765,0.0595137537771095,-0.0595137537771095
LINK-USD_2022-06-05,LINK-USD,2022-06-05,7.395718097686768,7.757662773132324,7.272138118743896,7.636984825134277,447662494.0,-0.5779322919395302,-0.5701961145916268,-0.5740642032655785,0.0325705600479668,0.0594210774264044,-0.0594210774264044
LINK-USD_2022-06-06,LINK-USD,2022-06-06,7.641483783721924,8.12834358215332,7.640011787414551,7.966335773468018,544566724.0,-0.5441201751544247,-0.5379270034602475,-0.5410235893073361,0.0431257827368996,0.0597481436262139,-0.0597481436262139
LINK-USD_2022-06-07,LINK-USD,2022-06-07,7.966163158416748,8.862457275390625,7.381661891937256,8.732022285461426,783405590.0,-0.4794229036458748,-0.4870845560291977,-0.4832537298375363,0.0961152697760414,0.0611109898877627,-0.0611109898877627
LINK-USD_2022-06-08,LINK-USD,2022-06-08,8.729510307312012,8.895214080810547,8.291090965270996,8.71743106842041,835016889.0,-0.4349527245456587,-0.4489330929371968,-0.4419429087414278,-0.001671000893494,0.0604189997014982,-0.0604189997014982
LINK-USD_2022-06-09,LINK-USD,2022-06-09,8.717196464538574,9.51059913635254,8.522969245910645,9.276540756225586,853947380.0,-0.4119578872685902,-0.4265992327978732,-0.4192785600332317,0.0641369783617327,0.0609735706237304,-0.0609735706237304
LINK-USD_2022-06-10,LINK-USD,2022-06-10,9.27537727355957,9.446919441223145,8.044195175170898,8.04669189453125,788272163.0,-0.4683399378370736,-0.538750999706443,-0.5035454687717583,-0.1325762365533694,0.0628750356263784,-0.0628750356263784
LINK-USD_2022-06-11,LINK-USD,2022-06-11,8.047171592712402,8.388423919677734,7.006442070007324,7.016141891479492,676308704.0,-0.5453872016837515,-0.6058943795192901,-0.5756407906015208,-0.1280712641367749,0.0645605751069767,-0.0645605751069767
LINK-USD_2022-06-12,LINK-USD,2022-06-12,7.019007205963135,7.124019145965576,6.341506004333496,6.341506004333496,604052364.0,-0.5868394188022505,-0.6484646277084193,-0.6176520232553349,-0.0961548237736303,0.0654559664164232,-0.0654559664164232
LINK-USD_2022-06-13,LINK-USD,2022-06-13,6.3355817794799805,6.3355817794799805,5.362585067749023,5.887118816375732,1117019087.0,-0.5719321536735935,-0.6881293209969166,-0.630030737335255,-0.0716528830292451,0.064844988034706,-0.064844988034706
LINK-USD_2022-06-14,LINK-USD,2022-06-14,5.887932777404785,6.759265899658203,5.42495584487915,6.759265899658203,1079297776.0,-0.5162828243781963,-0.6331740180361355,-0.5747284212071659,0.1481449772775926,0.067808932538749,-0.067808932538749
LINK-USD_2022-06-15,LINK-USD,2022-06-15,6.755828857421875,7.325584888458252,5.879551887512207,7.3247151374816895,1323297403.0,-0.4835894087869241,-0.6071008184640279,-0.545345113625476,0.0836554214936387,0.068747838022628,-0.068747838022628
LINK-USD_2022-06-16,LINK-USD,2022-06-16,7.325302124023437,7.439241886138916,6.26547908782959,6.336337089538574,771427672.0,-0.5356641220947258,-0.6384529683601434,-0.5870585452274346,-0.1349374043074294,0.0704924562801434,-0.0704924562801434
LINK-USD_2022-06-17,LINK-USD,2022-06-17,6.339170932769775,6.681856155395508,6.3157172203063965,6.363194942474365,457007726.0,-0.5493656580812399,-0.6068286765322872,-0.5780971673067636,0.0042387033007025,0.070287280983822,-0.070287280983822
LINK-USD_2022-06-18,LINK-USD,2022-06-18,6.363166809082031,6.44793176651001,5.468388080596924,5.93533992767334,687553866.0,-0.580557082612797,-0.6279108072373685,-0.6042339449250828,-0.0672390235831202,0.0706357099374607,-0.0706357099374607
LINK-USD_2022-06-19,LINK-USD,2022-06-19,5.934256076812744,6.771440029144287,5.855213165283203,6.599023818969727,601264611.0,-0.5205935635345107,-0.5806380157489726,-0.5506157896417416,0.1118190195311277,0.0722788080481063,-0.0722788080481063
LINK-USD_2022-06-20,LINK-USD,2022-06-20,6.598651885986328,7.229667186737059,6.342740058898926,7.002992153167725,579457556.0,-0.5011297184291119,-0.5606626093561686,-0.5308961638926403,0.0612163776461511,0.0727314267511568,-0.0727314267511568
LINK-USD_2022-06-21,LINK-USD,2022-06-21,7.001051902770996,7.51121187210083,6.791204929351807,6.838943004608154,564144709.0,-0.5203549539143151,-0.605138677586656,-0.5627468157504856,-0.0234255793768617,0.0726901367959223,-0.0726901367959223
LINK-USD_2022-06-22,LINK-USD,2022-06-22,6.841256141662598,6.996027946472168,6.495509147644043,6.633892059326172,511830198.0,-0.5269628148981409,-0.6137276948336952,-0.570345254865918,-0.0299828416677572,0.0727327590184222,-0.0727327590184222
LINK-USD_2022-06-23,LINK-USD,2022-06-23,6.632840156555176,7.051574230194092,6.630451202392578,7.001298904418945,468966988.0,-0.484772261700309,-0.5503988625658827,-0.5175855621330958,0.0553833016586784,0.0731268926573858,-0.0731268926573858
LINK-USD_2022-06-24,LINK-USD,2022-06-24,7.000053882598877,7.407026767730713,6.973169803619385,7.2897748947143555,490076184.0,-0.4643555539485042,-0.5214290557489215,-0.4928923048487129,0.0412032101805188,0.0733786277046331,-0.0733786277046331
LINK-USD_2022-06-25,LINK-USD,2022-06-25,7.289408206939697,7.354170799255371,6.85017204284668,7.271408081054687,415497327.0,-0.4550691467377116,-0.5315286044614931,-0.4932988755996023,-0.0025195309765992,0.0733636043532251,-0.0733636043532251
LINK-USD_2022-06-26,LINK-USD,2022-06-26,7.269507884979248,7.4360809326171875,6.745378017425537,6.745378017425537,398652494.0,-0.4923486706582339,-0.5395364520544574,-0.5159425613563458,-0.0723422558279593,0.073824592213996,-0.073824592213996
LINK-USD_2022-06-27,LINK-USD,2022-06-27,6.745522975921631,6.975704193115234,6.454806804656982,6.558154106140137,438799500.0,-0.5127198216725048,-0.5155784741649996,-0.5141491479187522,-0.0277558812570235,0.073817184105709,-0.073817184105709
LINK-USD_2022-06-28,LINK-USD,2022-06-28,6.557034015655518,7.1139349937438965,6.307325839996338,6.322357177734375,579844184.0,-0.4882579027416508,-0.5492710459253917,-0.5187644743335212,-0.0359547708988714,0.0733041779797963,-0.0733041779797963
LINK-USD_2022-06-29,LINK-USD,2022-06-29,6.321934223175049,6.464076042175293,6.164092063903809,6.2102251052856445,421149462.0,-0.5122774485879406,-0.5367989478789958,-0.5245381982334683,-0.0177358015841985,0.0731476092278036,-0.0731476092278036
LINK-USD_2022-06-30,LINK-USD,2022-06-30,6.212119102478027,6.267037868499756,5.912168979644775,6.252963066101074,415261665.0,-0.5061947946372933,-0.5286910719806506,-0.517442933308972,0.0068818698341635,0.0731727879373953,-0.0731727879373953
LINK-USD_2022-07-01,LINK-USD,2022-07-01,6.259728908538818,6.398651123046875,5.965123176574707,6.069790840148926,400896573.0,-0.4929276703919952,-0.5766807563859337,-0.5348042133889646,-0.0292936683002611,0.0729835196528014,-0.0729835196528014
LINK-USD_2022-07-02,LINK-USD,2022-07-02,6.071210861206055,6.256488800048828,5.998281955718994,6.2256269454956055,277852598.0,-0.4338819589220239,-0.5762088954387381,-0.505045427180381,0.0256740486535209,0.0724939840836001,-0.0724939840836001
LINK-USD_2022-07-03,LINK-USD,2022-07-03,6.2256760597229,6.227151870727539,6.039977073669434,6.2058610916137695,227563150.0,-0.4513922383075817,-0.5455002173558356,-0.4984462278317086,-0.0031749178122754,0.0723571359131218,-0.0723571359131218
LINK-USD_2022-07-04,LINK-USD,2022-07-04,6.205780982971191,6.436119079589844,6.044299125671387,6.431877136230469,322954397.0,-0.4246351242983158,-0.574511973173792,-0.4995735487360539,0.0364197717738354,0.072558531834631,-0.072558531834631
LINK-USD_2022-07-05,LINK-USD,2022-07-05,6.430785179138184,6.530323028564453,6.085315227508545,6.321958065032959,419399616.0,-0.431551566148976,-0.5877353532334466,-0.5096434596912114,-0.0170897342827556,0.0725716817694865,-0.0725716817694865
LINK-USD_2022-07-06,LINK-USD,2022-07-06,6.322923183441162,6.398843765258789,6.204379081726074,6.338929176330566,315746134.0,-0.4780888525428141,-0.5855540707408619,-0.531821461641838,0.0026844707166717,0.0714834526453892,-0.0714834526453892
LINK-USD_2022-07-07,LINK-USD,2022-07-07,6.339002132415772,6.732624053955078,6.328318119049072,6.641354084014893,367211104.0,-0.3916725717705982,-0.5541849532429561,-0.4729287625067772,0.0477091475976059,0.0708014708877665,-0.0708014708877665
LINK-USD_2022-07-08,LINK-USD,2022-07-08,6.641743183135986,6.799308776855469,6.368546009063721,6.379156112670898,451097653.0,-0.4093288534717382,-0.5348732258820437,-0.4721010396768909,-0.0394795952793842,0.070929429657505,-0.070929429657505
LINK-USD_2022-07-09,LINK-USD,2022-07-09,6.377673149108887,6.565051078796387,6.369832992553711,6.503009796142578,266693099.0,-0.3649345800380895,-0.5362375575826408,-0.4505860688103651,0.0194153711375191,0.0707507774004446,-0.0707507774004446
LINK-USD_2022-07-10,LINK-USD,2022-07-10,6.502923965454102,6.502923965454102,6.13559103012085,6.201322078704834,253993464.0,-0.3792489212248309,-0.5350682694639687,-0.4571585953443998,-0.0463920133745912,0.0709039261264823,-0.0709039261264823
LINK-USD_2022-07-11,LINK-USD,2022-07-11,6.199717044830322,6.408665180206299,6.013864994049072,6.044690132141113,332832973.0,-0.2693381408433039,-0.5245164120653665,-0.3969272764543352,-0.025257831245629,0.067669971316501,-0.067669971316501
LINK-USD_2022-07-12,LINK-USD,2022-07-12,6.045106887817383,6.214405059814453,5.962837219238281,5.968434810638428,283612258.0,-0.3047381863346309,-0.5436107921058074,-0.4241744892202191,-0.0126152573309287,0.0674830029495415,-0.0674830029495415
LINK-USD_2022-07-13,LINK-USD,2022-07-13,5.968955993652344,6.177943229675293,5.797760963439941,6.177943229675293,366277512.0,-0.1068369878711666,-0.5592187513821103,-0.3330278696266385,0.0351027406152493,0.0630663582743908,-0.0630663582743908
LINK-USD_2022-07-14,LINK-USD,2022-07-14,6.177791118621826,6.362946033477783,6.021015167236328,6.268181800842285,362658524.0,-0.0458328439825973,-0.5249839177938184,-0.2854083808882078,0.0146065717686654,0.0627582966673953,-0.0627582966673953
LINK-USD_2022-07-15,LINK-USD,2022-07-15,6.268887042999268,6.408965110778809,6.156274795532227,6.327785015106201,474454032.0,-0.1146589189110933,-0.5161577807422562,-0.3154083498266747,0.0095088521931363,0.06177931068659,-0.06177931068659
LINK-USD_2022-07-16,LINK-USD,2022-07-16,6.3264641761779785,6.590450763702393,6.168974876403809,6.577694892883301,406059382.0,-0.0970524129373717,-0.5011667289857515,-0.2991095709615616,0.0394940531608603,0.0619338119150311,-0.0619338119150311
LINK-USD_2022-07-17,LINK-USD,2022-07-17,6.578771114349365,6.686875820159912,6.348729133605957,6.348729133605957,343875998.0,-0.2005231989231944,-0.5016875087672759,-0.3511053538452351,-0.0348094222985428,0.061004444523876,-0.061004444523876
LINK-USD_2022-07-18,LINK-USD,2022-07-18,6.349365234375,7.107564926147461,6.349365234375,7.059539794921875,604498081.0,-0.048376640280764,-0.4732265045958853,-0.2608015724383247,0.1119610943162401,0.0620925164742381,-0.0620925164742381
LINK-USD_2022-07-19,LINK-USD,2022-07-19,7.058082103729248,7.351061820983887,6.767446041107178,7.256052017211914,965096349.0,-0.0607603060689201,-0.4709125846643464,-0.2658364453666332,0.0278364069045118,0.0619741479768351,-0.0619741479768351
LINK-USD_2022-07-20,LINK-USD,2022-07-20,7.256248950958252,7.542949199676514,6.856620788574219,6.872341156005859,924916658.0,0.00685633798212,-0.5323792696465453,-0.2627614658322126,-0.0528814926210372,0.0605321218538448,-0.0605321218538448
LINK-USD_2022-07-21,LINK-USD,2022-07-21,6.872701168060303,7.033629894256592,6.679327964782715,6.9986982345581055,510889171.0,-0.0305428526041885,-0.5147109625148623,-0.2726269075595254,0.0183863221693847,0.0601496572579898,-0.0601496572579898
LINK-USD_2022-07-22,LINK-USD,2022-07-22,6.998692989349365,7.262417793273926,6.7856550216674805,6.8113532066345215,426516733.0,-0.0114608576176156,-0.546773354171044,-0.2791171058943298,-0.0267685534716318,0.0599599045319538,-0.0599599045319538
LINK-USD_2022-07-23,LINK-USD,2022-07-23,6.808558940887451,7.014700889587402,6.639447212219238,6.857292175292969,310278867.0,-0.0284522317762302,-0.5420888474972794,-0.2852705396367548,0.0067444701904022,0.0598931232884232,-0.0598931232884232
LINK-USD_2022-07-24,LINK-USD,2022-07-24,6.857542991638184,7.22807502746582,6.855188846588135,7.106037139892578,352606308.0,-0.0341114765259139,-0.5116845246181785,-0.2728980005720462,0.036274517439383,0.0598308884209102,-0.0598308884209102
LINK-USD_2022-07-25,LINK-USD,2022-07-25,7.105142116546631,7.126420021057129,6.464518070220947,6.465126037597656,390303184.0,-0.0801704469517444,-0.5692156904360994,-0.3246930686939219,-0.0901924785471373,0.0606635519334592,-0.0606635519334592
LINK-USD_2022-07-26,LINK-USD,2022-07-26,6.465733051300049,6.466142177581787,6.108874797821045,6.341288089752197,333467733.0,-0.1234056221659386,-0.5895835125873674,-0.356494567376653,-0.0191547615816435,0.0606002196762606,-0.0606002196762606
LINK-USD_2022-07-27,LINK-USD,2022-07-27,6.341616153717041,6.855407238006592,6.208546161651611,6.855407238006592,401815185.0,-0.0174389046143188,-0.5661206730462798,-0.2917797888302993,0.0810748764253801,0.0612829549111812,-0.0612829549111812
LINK-USD_2022-07-28,LINK-USD,2022-07-28,6.854925155639648,7.270936012268066,6.743344783782959,7.219182014465332,542452305.0,0.0924691056114472,-0.5535894719249799,-0.2305601831567663,0.0530639193018267,0.0612180112836448,-0.0612180112836448
LINK-USD_2022-07-29,LINK-USD,2022-07-29,7.219807147979736,8.080802917480469,7.1406989097595215,7.912095069885254,1076677435.0,0.2612548694157781,-0.492323476115207,-0.1155343033497144,0.0959822115624051,0.0619181969073502,-0.0619181969073502
LINK-USD_2022-07-30,LINK-USD,2022-07-30,7.9126057624816895,8.182770729064941,7.722158908843994,7.80338716506958,689235259.0,0.1872972049608101,-0.5067987789864294,-0.1597507870128096,-0.01373945887347,0.0617278396028519,-0.0617278396028519
LINK-USD_2022-07-31,LINK-USD,2022-07-31,7.803756237030029,8.044997215270996,7.618495941162109,7.666137218475342,512120158.0,0.1420469386292344,-0.5450236048089174,-0.2014883330898415,-0.0175885091551797,0.0617525570985726,-0.0617525570985726
LINK-USD_2022-08-01,LINK-USD,2022-08-01,7.66585111618042,7.859982967376709,7.438838005065918,7.58688497543335,396160997.0,0.0172919512662017,-0.5406629539052358,-0.261685501319517,-0.0103379630162364,0.0602340983800109,-0.0602340983800109
LINK-USD_2022-08-02,LINK-USD,2022-08-02,7.585700035095215,7.627524852752685,7.065155029296875,7.208191871643066,500287896.0,-0.0508880512849201,-0.5753174470108806,-0.3131027491479003,-0.0499141749237674,0.0605497462978011,-0.0605497462978011
LINK-USD_2022-08-03,LINK-USD,2022-08-03,7.207655906677246,7.607055187225342,7.083025932312012,7.286331176757812,399411639.0,0.0519628425254607,-0.5766159809807597,-0.2623265692276494,0.0108403475526428,0.0594781309120515,-0.0594781309120515
LINK-USD_2022-08-04,LINK-USD,2022-08-04,7.286241054534912,7.52058219909668,7.212827205657959,7.356004238128662,350200323.0,0.0215250758926408,-0.5650164370858373,-0.2717456805965982,0.009562159567094,0.0592960519620786,-0.0592960519620786
LINK-USD_2022-08-05,LINK-USD,2022-08-05,7.3556318283081055,7.864871025085449,7.354142189025879,7.864570140838623,424650728.0,0.1460328238240207,-0.545725347200685,-0.1998462616883321,0.0691361622759665,0.0595501681701042,-0.0595501681701042
LINK-USD_2022-08-06,LINK-USD,2022-08-06,7.864605903625488,8.056251525878906,7.774902820587158,7.802283763885498,306506476.0,0.0549200633755031,-0.5516745061962204,-0.2483772214103586,-0.0079198704872232,0.0588103112338072,-0.0588103112338072
LINK-USD_2022-08-07,LINK-USD,2022-08-07,7.802618026733398,8.322843551635742,7.705105781555176,8.307045936584473,325633780.0,0.087738960701472,-0.5409005098886521,-0.22658077459359,0.0646941572460324,0.0592125813105082,-0.0592125813105082
LINK-USD_2022-08-08,LINK-USD,2022-08-08,8.30830192565918,8.744956016540527,8.247957229614258,8.645899772644043,588721150.0,0.0853044634949133,-0.5052315912778178,-0.2099635638914522,0.0407911354585446,0.0591878342013985,-0.0591878342013985
LINK-USD_2022-08-09,LINK-USD,2022-08-09,8.646273612976074,8.845670700073242,8.328161239624023,8.758238792419434,700512734.0,0.0030023408210555,-0.4778599537789842,-0.2374288064789643,0.012993328945454,0.0579938459907651,-0.0579938459907651
LINK-USD_2022-08-10,LINK-USD,2022-08-10,8.758382797241211,9.277164459228516,8.342562675476074,9.055891036987305,726441773.0,0.0388256547038259,-0.4130143941375308,-0.1870943697168524,0.033985399533237,0.0581340939884419,-0.0581340939884419
LINK-USD_2022-08-11,LINK-USD,2022-08-11,9.056351661682127,9.19180393218994,8.876846313476562,8.965302467346191,543927632.0,-0.0335511153411921,-0.4316873560183201,-0.2326192356797561,-0.0100032751356127,0.0576097713080513,-0.0576097713080513
LINK-USD_2022-08-12,LINK-USD,2022-08-12,8.965484619140625,9.433210372924805,8.846563339233398,9.333063125610352,587617790.0,0.1598633634715596,-0.3833469720762098,-0.1117418043023251,0.0410204407049994,0.0552144858861862,-0.0552144858861862
LINK-USD_2022-08-13,LINK-USD,2022-08-13,9.333374977111816,9.443099975585938,9.09428882598877,9.13301944732666,323111277.0,0.3017153285366043,-0.4082235518828195,-0.0532541116731076,-0.0214338717730048,0.0526812188321554,-0.0526812188321554
LINK-USD_2022-08-14,LINK-USD,2022-08-14,9.134112358093262,9.328932762145996,8.748855590820312,8.774847984313965,354594648.0,0.383716735160013,-0.4283027894882365,-0.0222930271641117,-0.0392172013952665,0.0513805927696239,-0.0513805927696239
LINK-USD_2022-08-15,LINK-USD,2022-08-15,8.775111198425293,9.036210060119627,8.544588088989258,8.659610748291016,446923193.0,0.4709420717318058,-0.3703369952828634,0.0503025382244711,-0.0131326760564911,0.0504665764035345,-0.0504665764035345
LINK-USD_2022-08-16,LINK-USD,2022-08-16,8.656641960144043,8.798547744750977,8.432184219360352,8.466906547546387,333550977.0,0.2526369983424581,-0.394077969082412,-0.0707204853699769,-0.0222532174188845,0.0472655889310729,-0.0472655889310729
LINK-USD_2022-08-17,LINK-USD,2022-08-17,8.466153144836426,8.717686653137207,8.024941444396973,8.04944133758545,364758557.0,0.0989425781755286,-0.4324944134951534,-0.1667759176598123,-0.0493055176192908,0.0466467220298253,-0.0466467220298253
LINK-USD_2022-08-18,LINK-USD,2022-08-18,8.05225658416748,8.225582122802734,7.6731181144714355,7.6731181144714355,325697241.0,0.210970629567659,-0.4377028896021984,-0.1133661300172697,-0.046751470981823,0.0436828500336175,-0.0436828500336175
LINK-USD_2022-08-19,LINK-USD,2022-08-19,7.672063827514648,7.682405948638916,6.869187831878662,6.907883167266846,574970118.0,0.0855998016274313,-0.510791447806486,-0.2125958230895273,-0.0997293324289331,0.0455945567203071,-0.0455945567203071
LINK-USD_2022-08-20,LINK-USD,2022-08-20,6.907833099365234,7.182308197021484,6.714445114135742,6.905580997467041,392152176.0,0.1634684923891185,-0.5119913812642174,-0.1742614444375494,-0.0003332670434719,0.0447190611813019,-0.0447190611813019
LINK-USD_2022-08-21,LINK-USD,2022-08-21,6.903629779815674,7.161334037780762,6.891922950744629,7.087409019470215,278557395.0,0.0740087039990011,-0.4851133144829203,-0.2055523052419595,0.0263305900068173,0.042623457596564,-0.042623457596564
LINK-USD_2022-08-22,LINK-USD,2022-08-22,7.087028980255127,7.087028980255127,6.711141109466553,7.034696102142334,408080045.0,0.0045272004139356,-0.4988712326838839,-0.2471720161349741,-0.0074375441269256,0.041958118333973,-0.041958118333973
LINK-USD_2022-08-23,LINK-USD,2022-08-23,7.03518009185791,7.302295207977295,6.808317184448242,7.244895935058594,338299201.0,0.0593590164703674,-0.4918836957237847,-0.2162623396267086,0.0298804425755145,0.0419964285902428,-0.0419964285902428
LINK-USD_2022-08-24,LINK-USD,2022-08-24,7.244221210479736,7.334590911865234,7.038022041320801,7.135585784912109,313605362.0,0.0756258499685169,-0.4911889757080981,-0.2077815628697906,-0.0150878840947217,0.0418564222496838,-0.0418564222496838
LINK-USD_2022-08-25,LINK-USD,2022-08-25,7.135801792144775,7.359222888946533,7.033878803253174,7.133749008178711,339331474.0,0.0189179330247089,-0.4750252178546832,-0.2280536424149871,-0.0002574107843089,0.0412954611510113,-0.0412954611510113
LINK-USD_2022-08-26,LINK-USD,2022-08-26,7.13336706161499,7.144666194915772,6.457808017730713,6.486523151397705,437835378.0,-0.1101888268043872,-0.5233775870432045,-0.3167832069237958,-0.0907273098673605,0.0425566091201205,-0.0425566091201205
LINK-USD_2022-08-27,LINK-USD,2022-08-27,6.488365173339844,6.596444129943848,6.442803859710693,6.537517070770264,289710107.0,-0.1009283211867233,-0.510068102920323,-0.3054982120535232,0.0078615181326486,0.0425705719003505,-0.0425705719003505
LINK-USD_2022-08-28,LINK-USD,2022-08-28,6.537076950073242,6.617247104644775,6.263700008392334,6.263700008392334,241509685.0,-0.071408601236116,-0.5285993420021844,-0.3000039716191502,-0.04188395371114,0.0419128039276859,-0.0419128039276859
LINK-USD_2022-08-29,LINK-USD,2022-08-29,6.263864040374756,6.713137149810791,6.233270168304443,6.703226089477539,286209662.0,0.0221208561112611,-0.5019407669618525,-0.2399099554252957,0.0701703594514921,0.042687320158152,-0.042687320158152
LINK-USD_2022-08-30,LINK-USD,2022-08-30,6.702887058258057,6.807119846343994,6.399362087249756,6.557106971740723,287659512.0,0.0371301062890077,-0.4692568642778887,-0.2160633789944405,-0.0217983275196682,0.0425253121365502,-0.0425253121365502
LINK-USD_2022-08-31,LINK-USD,2022-08-31,6.557651996612549,6.857229232788086,6.557651996612549,6.630672931671143,301706318.0,0.0677025098538934,-0.4792574077449995,-0.205777448945553,0.0112192709753657,0.0424708658069325,-0.0424708658069325
LINK-USD_2022-09-01,LINK-USD,2022-09-01,6.630817890167236,6.906227111816406,6.493841171264648,6.895674228668213,298893582.0,0.1027850565840444,-0.4554389986625919,-0.1763269710392737,0.0399659732470443,0.0427368380118314,-0.0427368380118314
LINK-USD_2022-09-02,LINK-USD,2022-09-02,6.895484924316406,7.195792198181152,6.823530197143555,6.923276901245117,369826125.0,0.1406121040367267,-0.4216271632270091,-0.1405075295951411,0.0040028968396081,0.0425433715370727,-0.0425433715370727
LINK-USD_2022-09-03,LINK-USD,2022-09-03,6.923130989074707,6.954608917236328,6.762595176696777,6.8400068283081055,193659641.0,0.0986856244666281,-0.3780142465164198,-0.1396643110248958,-0.0120275519995504,0.0424841167768063,-0.0424841167768063
LINK-USD_2022-09-04,LINK-USD,2022-09-04,6.84132719039917,7.2397308349609375,6.822626113891602,7.145918846130371,319007195.0,0.1514790196942919,-0.3682896723697344,-0.1084053263377212,0.0447239345662955,0.0428104258600202,-0.0428104258600202
LINK-USD_2022-09-05,LINK-USD,2022-09-05,7.146876811981201,7.373016834259033,7.123855113983154,7.364040851593018,346372541.0,0.1449287191932995,-0.3412482297940588,-0.0981597553003796,0.0305239970057542,0.0427428972190723,-0.0427428972190723
LINK-USD_2022-09-06,LINK-USD,2022-09-06,7.367952823638916,7.4958930015563965,6.649172782897949,6.672347068786621,422172006.0,0.0554241265363146,-0.400045808221847,-0.1723108408427661,-0.0939285640514564,0.0443913025049437,-0.0443913025049437
LINK-USD_2022-09-07,LINK-USD,2022-09-07,6.672108173370361,7.129893779754639,6.614328861236572,7.082168102264404,403145196.0,0.1172499179686494,-0.4168948133165352,-0.1498224476739428,0.0614208207775843,0.0450218953288952,-0.0450218953288952
LINK-USD_2022-09-08,LINK-USD,2022-09-08,7.082159996032715,7.485748767852783,7.024925231933594,7.407059192657471,459545133.0,0.1152935228202269,-0.3215363595418617,-0.1031214183608174,0.045874523973695,0.0449929369164892,-0.0449929369164892
LINK-USD_2022-09-09,LINK-USD,2022-09-09,7.407398223876953,8.068074226379395,7.402716159820557,7.747072219848633,608623868.0,0.2144352768637605,-0.2826681226305155,-0.0341164228833775,0.0459039165676187,0.0449869048755028,-0.0449869048755028
LINK-USD_2022-09-10,LINK-USD,2022-09-10,7.747343063354492,7.994568824768066,7.665165901184082,7.913443088531494,501829894.0,0.2168893076595932,-0.2271956807840019,-0.0051531865622043,0.0214753217682166,0.0449989727126338,-0.0449989727126338
LINK-USD_2022-09-11,LINK-USD,2022-09-11,7.912856101989746,8.074114799499512,7.76839017868042,8.01537799835205,462463233.0,0.2925272863792438,-0.1976622926337424,0.0474324968727506,0.0128812337032264,0.0445431737262263,-0.0445431737262263
LINK-USD_2022-09-12,LINK-USD,2022-09-12,8.01516056060791,8.205896377563477,7.658631801605225,7.747560977935791,561306502.0,0.2817135053358801,-0.0635008272850399,0.1091063390254201,-0.0334128996126349,0.0446444361933557,-0.0446444361933557
LINK-USD_2022-09-13,LINK-USD,2022-09-13,7.748167991638184,7.909255981445312,7.028608798980713,7.128942012786865,545307327.0,0.1944407937705699,-0.1695509274071703,0.0124449331816997,-0.0798469307838538,0.0458576806735069,-0.0458576806735069
LINK-USD_2022-09-14,LINK-USD,2022-09-14,7.0593671798706055,7.514469146728516,7.028608798980713,7.455001831054687,519880723.0,0.2067125827969957,0.077791045224729,0.1422518140108624,0.0457374765684701,0.0459938994283402,-0.0459938994283402
LINK-USD_2022-09-15,LINK-USD,2022-09-15,7.455098152160644,7.554543018341064,7.068078994750977,7.545806884765625,590123542.0,0.2038270625385594,0.1486522445992011,0.1762396535688802,0.0121804200413042,0.0459859181300087,-0.0459859181300087
LINK-USD_2022-09-16,LINK-USD,2022-09-16,7.547735214233398,7.77003812789917,7.462574958801269,7.644145965576172,586326710.0,0.2080287094658632,0.0695174436249441,0.1387730765454037,0.0130322816780648,0.0459948749879222,-0.0459948749879222
LINK-USD_2022-09-17,LINK-USD,2022-09-17,7.645545959472656,8.111810684204102,7.645545959472656,8.10516357421875,493373473.0,0.2322194486381672,0.1126295778794752,0.1724245132588212,0.0603098908260877,0.0463271648324529,-0.0463271648324529
LINK-USD_2022-09-18,LINK-USD,2022-09-18,8.104674339294434,8.11257266998291,7.480624198913574,7.507727146148682,496639815.0,0.1825559081435304,-0.0545739854629336,0.0639909613402983,-0.0737105948077864,0.0471105644039164,-0.0471105644039164
LINK-USD_2022-09-19,LINK-USD,2022-09-19,7.5075531005859375,7.657934188842773,7.040731906890869,7.312716960906982,610741633.0,0.0358631261158446,-0.0142484517163692,0.0108073371997376,-0.0259745967648459,0.0451661102708931,-0.0451661102708931
LINK-USD_2022-09-20,LINK-USD,2022-09-20,7.313592910766602,7.321587085723877,6.8521270751953125,6.887288093566895,436363328.0,-0.0508215656076171,-0.1084939377953168,-0.079657751701467,-0.0581765805533545,0.0456567672302645,-0.0456567672302645
LINK-USD_2022-09-21,LINK-USD,2022-09-21,6.887510776519775,7.266077995300293,6.56181001663208,6.712920188903809,595676851.0,-0.0231974757194249,-0.0165001874711693,-0.0198488315952971,-0.0253173531140589,0.0452702427324419,-0.0452702427324419
LINK-USD_2022-09-22,LINK-USD,2022-09-22,6.709178924560547,7.13597297668457,6.6595540046691895,7.118292808532715,366028510.0,0.0170881169563901,-0.0139766554852805,0.0015557307355547,0.0603869267355465,0.0458413750370169,-0.0458413750370169
LINK-USD_2022-09-23,LINK-USD,2022-09-23,7.117976188659668,7.470164775848389,6.999837875366211,7.447618961334228,590954959.0,0.093412532781292,0.0808810874257692,0.0871468101035306,0.0462647662381559,0.0460428048661636,-0.0460428048661636
LINK-USD_2022-09-24,LINK-USD,2022-09-24,7.448049068450928,7.838726997375488,7.3881402015686035,7.636966228485107,564857605.0,0.1136999902091568,0.0820127399585406,0.0978563650838487,0.0254238660884658,0.0461308239040321,-0.0461308239040321
LINK-USD_2022-09-25,LINK-USD,2022-09-25,7.636949062347412,8.044041633605957,7.617792129516602,7.865859031677246,728802182.0,0.1069262483190671,0.0691673595836133,0.0880468039513402,0.0299716924684558,0.0460637717818838,-0.0460637717818838
LINK-USD_2022-09-26,LINK-USD,2022-09-26,7.867844104766846,7.928506851196289,7.513716220855713,7.928506851196289,578734763.0,0.2263499280738543,0.1280329062209337,0.177191417147394,0.0079645235525769,0.0445058955427958,-0.0445058955427958
LINK-USD_2022-09-27,LINK-USD,2022-09-27,7.9289469718933105,8.361769676208496,7.6913018226623535,8.074233055114746,825910889.0,0.2732796461594395,0.1161497792339076,0.1947147126966736,0.0183800312787103,0.0444390366603376,-0.0444390366603376
LINK-USD_2022-09-28,LINK-USD,2022-09-28,8.072157859802246,8.487457275390625,7.807555198669434,7.814181804656982,1260949567.0,0.1398566902539231,0.1199788381585917,0.1299177642062574,-0.0322075482194597,0.0435875676037341,-0.0435875676037341
LINK-USD_2022-09-29,LINK-USD,2022-09-29,7.815075874328613,7.903052806854248,7.61085319519043,7.901172161102295,627183784.0,0.0944691718910031,0.1956737573350653,0.1450714646130342,0.0111323691488045,0.0431288661398115,-0.0431288661398115
LINK-USD_2022-09-30,LINK-USD,2022-09-30,7.900195121765137,7.902290821075439,7.538801193237305,7.581145763397217,453812571.0,-0.0418282772849488,0.2084987510108629,0.083335236862957,-0.0405036608720636,0.0417562341010274,-0.0417562341010274
LINK-USD_2022-10-01,LINK-USD,2022-10-01,7.580986976623535,7.635414123535156,7.340569972991943,7.387452125549316,313342364.0,-0.0533018586316106,0.1240120571882825,0.0353550992783359,-0.0255493884292634,0.0418461981113953,-0.0418461981113953
LINK-USD_2022-10-02,LINK-USD,2022-10-02,7.387756824493408,7.527274131774902,7.13367223739624,7.13367223739624,348896692.0,-0.0694567506300127,0.0627240692050941,-0.0033663407124593,-0.0343528301557968,0.0420128460285725,-0.0420128460285725
LINK-USD_2022-10-03,LINK-USD,2022-10-03,7.133913993835449,7.343180179595947,7.050136089324951,7.335093021392822,393949539.0,-0.0331877911495746,-0.0164697215505641,-0.0248287563500693,0.0282352170514215,0.0421444984594029,-0.0421444984594029
LINK-USD_2022-10-04,LINK-USD,2022-10-04,7.334407806396484,7.814188003540039,7.33105993270874,7.72127103805542,540171366.0,0.0711800095708883,0.0166697463084637,0.043924877939676,0.0526480053540301,0.0421524426714661,-0.0421524426714661
LINK-USD_2022-10-05,LINK-USD,2022-10-05,7.722797870635986,7.924385070800781,7.61359691619873,7.875545024871826,506547946.0,0.0808656419562028,0.1370304931003538,0.1089480675282783,0.019980387433111,0.0421991385061746,-0.0421991385061746
LINK-USD_2022-10-06,LINK-USD,2022-10-06,7.875750064849853,7.924415111541748,7.624973773956299,7.637218952178955,354916187.0,0.0382292756973496,0.0605772396506965,0.049403257674023,-0.0302615338926018,0.0423837805241234,-0.0423837805241234
LINK-USD_2022-10-07,LINK-USD,2022-10-07,7.637426853179932,7.774411201477051,7.507266044616699,7.606438159942627,341473353.0,-0.032822134747783,0.1084175800550864,0.0377977226536516,-0.0040303666071465,0.041493405994008,-0.041493405994008
LINK-USD_2022-10-08,LINK-USD,2022-10-08,7.606507778167725,7.642691135406494,7.36695384979248,7.448554992675781,213415795.0,-0.0453365683579753,0.0070936078100798,-0.0191214802739477,-0.0207565175640679,0.0415660254259104,-0.0415660254259104
LINK-USD_2022-10-09,LINK-USD,2022-10-09,7.4486870765686035,7.64442777633667,7.429464817047119,7.62626314163208,218511751.0,-0.0819524533931136,-0.0014039157792891,-0.0416781845862013,0.0238580703412998,0.0408552238503527,-0.0408552238503527
LINK-USD_2022-10-10,LINK-USD,2022-10-10,7.626418113708496,7.704925060272217,7.381631851196289,7.381631851196289,360785213.0,-0.1462274551745263,-0.0733968462915023,-0.1098121507330143,-0.0320774782999997,0.040697936403013,-0.040697936403013
LINK-USD_2022-10-11,LINK-USD,2022-10-11,7.380011081695557,7.380251884460449,7.098556041717529,7.128554821014404,370831094.0,-0.1860743934974208,-0.1836307114237156,-0.1848525524605682,-0.0342846995466009,0.0408586047196614,-0.0408586047196614
LINK-USD_2022-10-12,LINK-USD,2022-10-12,7.128163814544678,7.259040832519531,7.114388942718506,7.149956226348877,239903639.0,-0.2104635317335366,-0.1798092614405447,-0.1951363965870406,0.0030022081434211,0.0405988717879713,-0.0405988717879713
LINK-USD_2022-10-13,LINK-USD,2022-10-13,7.149816036224365,7.153892993927002,6.466564178466797,7.038730144500732,606725817.0,-0.214892060793543,-0.2412333078171445,-0.2280626843053438,-0.0155561906013153,0.0406205181813155,-0.0406205181813155
LINK-USD_2022-10-14,LINK-USD,2022-10-14,7.038768768310547,7.2375168800354,6.82896614074707,6.896554946899414,357573357.0,-0.2610620056801124,-0.142932892511207,-0.2019974490956597,-0.0201989840045789,0.0402810828531887,-0.0402810828531887
LINK-USD_2022-10-15,LINK-USD,2022-10-15,6.8963541984558105,6.969837188720703,6.84959602355957,6.886902809143066,229143245.0,-0.2459336313842032,-0.0184202492388837,-0.1321769403115434,-0.0013995593206557,0.0402201091354897,-0.0402201091354897
LINK-USD_2022-10-16,LINK-USD,2022-10-16,6.887443065643311,7.209513187408447,6.887443065643311,7.175411224365234,275585897.0,-0.1822751531203623,0.1314995553835138,-0.0253877988684242,0.0418923314612693,0.0403615611163341,-0.0403615611163341
LINK-USD_2022-10-17,LINK-USD,2022-10-17,7.17503023147583,7.364247798919678,7.082194805145264,7.333412170410156,291126056.0,-0.1531475970952374,0.2456708279797894,0.046261615442276,0.0220197757458702,0.0404533232155482,-0.0404533232155482
LINK-USD_2022-10-18,LINK-USD,2022-10-18,7.333384990692139,7.355862140655518,6.985401153564453,7.117894172668457,306384605.0,-0.1593276561283008,0.053057281416964,-0.0531351873556683,-0.0293885019324702,0.0405213925826234,-0.0405213925826234
LINK-USD_2022-10-19,LINK-USD,2022-10-19,7.118269920349121,7.128212928771973,6.763998031616211,6.778677940368652,264522194.0,-0.1578697631204778,-0.0745472263240493,-0.1162084947222635,-0.0476568243459335,0.0404908239519383,-0.0404908239519383
LINK-USD_2022-10-20,LINK-USD,2022-10-20,6.778483867645264,6.900876045227051,6.636650085449219,6.666734218597412,295976255.0,-0.1311570968751272,0.0521432373925199,-0.0395069297413036,-0.0165140935675065,0.040128239488419,-0.040128239488419
LINK-USD_2022-10-21,LINK-USD,2022-10-21,6.666709899902344,6.827141761779785,6.4759840965271,6.813488960266113,349080808.0,-0.0136647080900298,0.0707653972355981,0.0285503445727841,0.022012988197327,0.038203037070189,-0.038203037070189
LINK-USD_2022-10-22,LINK-USD,2022-10-22,6.813622951507568,6.919462203979492,6.743587017059326,6.870748996734619,210286893.0,-0.0050440362288413,0.1575999151623925,0.0762779394667756,0.0084039229831334,0.0382157903743139,-0.0382157903743139
LINK-USD_2022-10-23,LINK-USD,2022-10-23,6.870715141296387,7.076757907867432,6.822564125061035,7.0656352043151855,277671221.0,-0.0030721826686188,0.0707091530726296,0.0338184852020053,0.0283646233726755,0.0382386914409934,-0.0382386914409934
LINK-USD_2022-10-24,LINK-USD,2022-10-24,7.06621789932251,7.077613830566406,6.82042407989502,6.913847923278809,283071961.0,-0.0171788769704952,-0.0127294487754913,-0.0149541628729932,-0.021482467838656,0.0383276134698063,-0.0383276134698063
LINK-USD_2022-10-25,LINK-USD,2022-10-25,6.913774013519287,7.252595901489258,6.837187767028809,7.080036163330078,425923401.0,-0.0227552987932851,0.0352529855212235,0.0062488433639691,0.0240370112121959,0.0382622729222928,-0.0382622729222928
LINK-USD_2022-10-26,LINK-USD,2022-10-26,7.078426837921143,7.271156787872314,7.055004119873047,7.15816593170166,399910779.0,0.0031644419211238,0.0790296054996018,0.0410970237103628,0.0110352216527145,0.0382336640768304,-0.0382336640768304
LINK-USD_2022-10-27,LINK-USD,2022-10-27,7.158775806427002,7.3436689376831055,6.900428771972656,6.908006191253662,393970742.0,-0.031644345303744,-0.013325057884102,-0.022484701593923,-0.0349474631958593,0.0384977055216077,-0.0384977055216077
LINK-USD_2022-10-28,LINK-USD,2022-10-28,6.907835960388184,7.192223072052002,6.871152877807617,7.116174221038818,323382513.0,0.0970706578770843,-0.0238142708359089,0.0366281935205877,0.0301343143045704,0.0368690686347213,-0.0368690686347213
LINK-USD_2022-10-29,LINK-USD,2022-10-29,7.116168022155762,7.62319803237915,7.106682777404785,7.613306999206543,572994142.0,0.164556347125458,0.0470196300827425,0.1057879886041003,0.0698595569369229,0.0378387535554756,-0.0378387535554756
LINK-USD_2022-10-30,LINK-USD,2022-10-30,7.614597797393799,7.902490139007568,7.5220232009887695,7.788180828094482,646321400.0,0.2433834343374672,0.1545951624912704,0.1989892984143688,0.0229694965546725,0.0374748126006934,-0.0374748126006934
LINK-USD_2022-10-31,LINK-USD,2022-10-31,7.787580966949463,8.273307800292969,7.689859867095947,7.861647129058838,707745428.0,0.1728154509661761,0.1987591328020628,0.1857872918841194,0.00943305023162,0.0365182717826288,-0.0365182717826288
LINK-USD_2022-11-01,LINK-USD,2022-11-01,7.861278057098389,7.907289981842041,7.645001888275146,7.6939520835876465,343248748.0,0.1733760203617853,0.2169435967147912,0.1951598085382883,-0.0213307774717265,0.0365131576865255,-0.0365131576865255
LINK-USD_2022-11-02,LINK-USD,2022-11-02,7.693583965301514,7.963852882385254,7.374965190887451,7.427645206451416,597535371.0,0.1201947800763278,0.1960347782127256,0.1581147791445267,-0.0346124948846904,0.0368062585329365,-0.0368062585329365
LINK-USD_2022-11-03,LINK-USD,2022-11-03,7.429279804229736,7.969922065734863,7.413905143737793,7.714237213134766,570345039.0,0.1187067366180731,0.2336930718423135,0.1761999042301933,0.0385845040679144,0.0367839671399766,-0.0367839671399766
LINK-USD_2022-11-04,LINK-USD,2022-11-04,7.714415073394775,8.82374382019043,7.681057929992676,8.741551399230957,875763181.0,0.2626320633887735,0.4401734144461027,0.3514027389174381,0.1331711947290159,0.0403032217565554,-0.0403032217565554
LINK-USD_2022-11-05,LINK-USD,2022-11-05,8.739730834960938,8.95098876953125,8.5965576171875,8.665481567382812,565422087.0,0.2668820053687348,0.3919050471940826,0.3293935262814087,-0.0087020974165794,0.0402833946190113,-0.0402833946190113
LINK-USD_2022-11-06,LINK-USD,2022-11-06,8.666112899780273,8.75299072265625,8.121048927307129,8.121048927307129,450043210.0,0.1364597194809742,0.3086095237100021,0.2225346215954882,-0.0628277419831977,0.0408289478145161,-0.0408289478145161
LINK-USD_2022-11-07,LINK-USD,2022-11-07,8.121368408203125,9.195428848266602,7.935222148895264,8.895980834960938,794535707.0,0.2080298051356579,0.3831080175412999,0.2955689113384789,0.0954226374684297,0.0423295980717201,-0.0423295980717201
LINK-USD_2022-11-08,LINK-USD,2022-11-08,8.898021697998047,9.370527267456056,6.94361686706543,7.683033943176269,2077581693.0,0.1514739662026367,0.2152934050087238,0.1833836856056803,-0.1363477411077398,0.0442062550555007,-0.0442062550555007
LINK-USD_2022-11-09,LINK-USD,2022-11-09,7.6841511726379395,7.838143825531006,5.908777236938477,6.224503040313721,1413894903.0,-0.1211020480686499,-0.0180513353018851,-0.0695766916852675,-0.189837883530106,0.0498440878353889,-0.0498440878353889
LINK-USD_2022-11-10,LINK-USD,2022-11-10,6.225304126739502,7.448554039001465,6.150979042053223,7.214661121368408,912193881.0,-0.0259749606807225,0.0863238174175069,0.0301744283683921,0.1590742384800543,0.0534621807097029,-0.0534621807097029
LINK-USD_2022-11-11,LINK-USD,2022-11-11,7.212369918823242,7.29903507232666,6.634491920471191,7.009961128234863,542122769.0,-0.0951470530667354,0.0988853391298887,0.0018691430315766,-0.0283727800502318,0.0532749541689266,-0.0532749541689266
LINK-USD_2022-11-12,LINK-USD,2022-11-12,7.011410236358643,7.022933006286621,6.233322143554688,6.259308815002441,581782556.0,-0.2090283906794371,-0.037475105955506,-0.1232517483174716,-0.1070836627337246,0.0548709321136139,-0.0548709321136139
LINK-USD_2022-11-13,LINK-USD,2022-11-13,6.259706974029541,6.512321949005127,6.008448123931885,6.072445869445801,350792861.0,-0.2424005616835181,-0.0207820538303582,-0.1315913077569381,-0.0298536070162832,0.0549455226424929,-0.0549455226424929
LINK-USD_2022-11-14,LINK-USD,2022-11-14,6.072439193725586,6.390396118164063,5.724954128265381,6.264420986175537,472780935.0,-0.191433148572057,0.0363510534421045,-0.0775410475649762,0.031614133885603,0.0549735355461783,-0.0549735355461783
LINK-USD_2022-11-15,LINK-USD,2022-11-15,6.265048027038574,6.632349967956543,6.233527183532715,6.419929027557373,383323246.0,-0.0994555691374354,0.0756470048251478,-0.0119042821561438,0.0248240087511701,0.0541538853426349,-0.0541538853426349
LINK-USD_2022-11-16,LINK-USD,2022-11-16,6.419228076934815,6.540194988250732,6.115243911743164,6.187088966369629,318753451.0,-0.1700754598615144,0.001480385357121,-0.0842975372521966,-0.0362683232459867,0.0540175435772877,-0.0540175435772877
LINK-USD_2022-11-17,LINK-USD,2022-11-17,6.187695026397705,6.324176788330078,6.069089889526367,6.234342098236084,256205193.0,-0.1738004704542972,-0.005398647276257,-0.0895995588652771,0.0076373771451005,0.0540020278622322,-0.0540020278622322
LINK-USD_2022-11-18,LINK-USD,2022-11-18,6.2346367835998535,6.384612083435059,6.083908081054688,6.185774803161621,259437209.0,-0.1907827465595272,-0.0224423256487952,-0.1066125361041612,-0.0077902839319973,0.0539749688815574,-0.0539749688815574
LINK-USD_2022-11-19,LINK-USD,2022-11-19,6.185103893280029,6.209248065948486,6.03428316116333,6.1502180099487305,174771461.0,-0.2411975460295945,-0.0649888585432986,-0.1530932022864465,-0.0057481551372864,0.053385495106013,-0.053385495106013
LINK-USD_2022-11-20,LINK-USD,2022-11-20,6.150191783905029,6.23275089263916,5.754195213317871,5.771728038787842,246506038.0,-0.231228316315594,-0.0908845034455564,-0.1610564098805752,-0.0615409031921526,0.053146782270756,-0.053146782270756
LINK-USD_2022-11-21,LINK-USD,2022-11-21,5.771162033081055,5.869119167327881,5.579586982727051,5.869119167327881,331896669.0,-0.1974092257770161,-0.1686258116216438,-0.1830175186993299,0.0168738249421211,0.0531189339203419,-0.0531189339203419
LINK-USD_2022-11-22,LINK-USD,2022-11-22,5.869015216827393,6.424362182617188,5.860540866851807,6.397805213928223,485261194.0,-0.071070481296677,-0.1182801337763103,-0.0946753075364936,0.0900792830282648,0.0538718552587092,-0.0538718552587092
LINK-USD_2022-11-23,LINK-USD,2022-11-23,6.398486137390137,6.777371883392334,6.355515003204346,6.701306819915772,432646324.0,-0.0017300025415515,-0.0248873465690243,-0.0133086745552879,0.0474383942366387,0.0540935646652993,-0.0540935646652993
LINK-USD_2022-11-24,LINK-USD,2022-11-24,6.702620029449463,6.9233269691467285,6.622970104217529,6.831646919250488,336491229.0,-0.0402689095535131,-0.0238689124332798,-0.0320689109933964,0.0194499524999145,0.0536178190858663,-0.0536178190858663
LINK-USD_2022-11-25,LINK-USD,2022-11-25,6.830993175506592,6.955313205718994,6.692127227783203,6.842341899871826,260032725.0,-0.0812712176340942,0.0045495648657774,-0.0383608263841584,0.0015655054700207,0.0533011555664358,-0.0533011555664358
LINK-USD_2022-11-26,LINK-USD,2022-11-26,6.841486930847168,7.247724056243896,6.83758020401001,7.146820068359375,337919893.0,-0.0641807421247375,0.0422218983332203,-0.0109794218957586,0.0444991163761128,0.0535012521473674,-0.0535012521473674
LINK-USD_2022-11-27,LINK-USD,2022-11-27,7.146823883056641,7.234347820281982,6.896105766296387,6.902108192443848,235405276.0,-0.1225232788119133,-0.0286979850279551,-0.0756106319199342,-0.0342406655792165,0.0535400928146292,-0.0535400928146292
LINK-USD_2022-11-28,LINK-USD,2022-11-28,6.901877880096436,7.282071113586426,6.574075222015381,7.207573890686035,507275274.0,-0.0909292221146881,0.114838883073695,0.0119548304795034,0.044256869021062,0.0538286016808372,-0.0538286016808372
LINK-USD_2022-11-29,LINK-USD,2022-11-29,7.207840919494629,7.484158992767334,7.162414073944092,7.320946216583252,375464137.0,-0.0932951567522952,0.1544888219814875,0.0305968326145961,0.0157296099376409,0.0538149905813588,-0.0538149905813588
LINK-USD_2022-11-30,LINK-USD,2022-11-30,7.321052074432373,7.722124099731445,7.316408157348633,7.680302143096924,388756121.0,-0.017132908461417,0.1203276299206688,0.0515973607296258,0.0490859946081376,0.0540070556243816,-0.0540070556243816
LINK-USD_2022-12-01,LINK-USD,2022-12-01,7.680264949798584,7.776895999908447,7.506113052368164,7.687326908111572,352481290.0,-0.0270650036007934,0.0648473598128156,0.018891178106011,0.0009146469609873,0.0539920488150523,-0.0539920488150523
LINK-USD_2022-12-02,LINK-USD,2022-12-02,7.686768054962158,7.698988914489746,7.53887414932251,7.615397930145264,282578344.0,0.0045180725733333,-0.0374991879040064,-0.0164905576653365,-0.0093568256984635,0.0537476934196949,-0.0537476934196949
LINK-USD_2022-12-03,LINK-USD,2022-12-03,7.6134209632873535,7.613798141479492,7.237539768218994,7.243604183197021,209127717.0,-0.0194719288744763,-0.0717358975059349,-0.0456039131902056,-0.048821315755085,0.0540160347220164,-0.0540160347220164
LINK-USD_2022-12-04,LINK-USD,2022-12-04,7.24379301071167,7.446814060211182,7.23245096206665,7.446814060211182,196343544.0,0.0438963008663875,-0.0286093441864818,0.0076434783399528,0.0280536970097768,0.0539266070287706,-0.0539266070287706
LINK-USD_2022-12-05,LINK-USD,2022-12-05,7.446703910827637,7.572995185852051,7.192525863647461,7.275837898254394,256807181.0,-0.0080783056146133,-0.0409979956446077,-0.0245381506296105,-0.0229596389240231,0.0539127741780317,-0.0539127741780317
LINK-USD_2022-12-06,LINK-USD,2022-12-06,7.275937080383301,7.326529026031494,7.009521961212158,7.13372802734375,253542935.0,-0.0760940793058393,-0.0103304470282286,-0.0432122631670339,-0.019531753304281,0.0535704428047036,-0.0535704428047036
LINK-USD_2022-12-07,LINK-USD,2022-12-07,7.133811950683594,7.137811183929443,6.799818992614746,6.887232780456543,238394478.0,-0.1254912823549463,-0.0547735735062834,-0.0901324279306148,-0.0345534965648234,0.0536858471367582,-0.0536858471367582
LINK-USD_2022-12-08,LINK-USD,2022-12-08,6.886989116668701,7.050512790679932,6.804716110229492,7.00632381439209,198390377.0,-0.0826079678659554,-0.0475367349469512,-0.0650723514064533,0.0172915650932379,0.0535974941535845,-0.0535974941535845
LINK-USD_2022-12-09,LINK-USD,2022-12-09,7.006228923797607,7.04099702835083,6.81676721572876,6.8592848777771,163188841.0,-0.0982264321953236,-0.1278245657497978,-0.1130254989725607,-0.020986603033241,0.0536609617083713,-0.0536609617083713
LINK-USD_2022-12-10,LINK-USD,2022-12-10,6.859463214874268,6.90778923034668,6.752900123596191,6.852805137634277,138343803.0,-0.079981936849135,-0.1216923986597463,-0.1008371677544406,-0.0009446670109614,0.0535965483573521,-0.0535965483573521
LINK-USD_2022-12-11,LINK-USD,2022-12-11,6.852853775024414,6.945766925811768,6.707303047180176,6.714855194091797,131226762.0,-0.119509113521781,-0.1916675018589485,-0.1555883076903648,-0.0201304342925039,0.053568796049586,-0.053568796049586
LINK-USD_2022-12-12,LINK-USD,2022-12-12,6.714347839355469,6.714347839355469,6.547488212585449,6.691596984863281,191902698.0,-0.0934799892819334,-0.2260381035140206,-0.159759046397977,-0.0034636948312719,0.0534185368603863,-0.0534185368603863
LINK-USD_2022-12-13,LINK-USD,2022-12-13,6.691421031951904,7.012321949005127,6.502252101898193,6.911356925964356,305694512.0,-0.0304687135756838,-0.2108736596738626,-0.1206711866247732,0.0328411800050396,0.0533956806760273,-0.0533956806760273
LINK-USD_2022-12-14,LINK-USD,2022-12-14,6.911609172821045,6.937373161315918,6.719816207885742,6.728827953338623,208545519.0,-0.0588994197556511,-0.2569667715903574,-0.1579330956730043,-0.0264100052393495,0.0535058133805841,-0.0535058133805841
LINK-USD_2022-12-15,LINK-USD,2022-12-15,6.728448867797852,6.729551792144775,6.426652908325195,6.45136308670044,201528818.0,-0.0834478728040446,-0.2804076482418891,-0.1819277605229668,-0.0412352446164883,0.0537272339870753,-0.0537272339870753
LINK-USD_2022-12-16,LINK-USD,2022-12-16,6.4515700340271,6.532924175262451,5.829366207122803,5.900253772735596,283856110.0,-0.1444636027458521,-0.3678116505453574,-0.2561376266456048,-0.0854252514636733,0.0547428685400265,-0.0547428685400265
LINK-USD_2022-12-17,LINK-USD,2022-12-17,5.899213790893555,6.041706085205078,5.8241047859191895,6.029943943023682,192779241.0,-0.1244331290666226,-0.339764469154972,-0.2320987991107973,0.0219804393647218,0.0548191141727898,-0.0548191141727898
LINK-USD_2022-12-18,LINK-USD,2022-12-18,6.030755996704102,6.04965877532959,5.950809001922607,5.963430881500244,113833897.0,-0.1689074402801501,-0.3203949638602796,-0.2446512020702149,-0.0110304610045984,0.0545623498012925,-0.0545623498012925
LINK-USD_2022-12-19,LINK-USD,2022-12-19,5.96391487121582,6.043170928955078,5.74547290802002,5.790945053100586,214083722.0,-0.2103341638880363,-0.331269589196785,-0.2708018765424107,-0.0289239251409358,0.0545865519839074,-0.0545865519839074
LINK-USD_2022-12-20,LINK-USD,2022-12-20,5.791674137115479,6.100415229797363,5.7779459953308105,6.020202159881592,209312651.0,-0.1542158377405809,-0.2889726459038126,-0.2215942418221967,0.039588893467096,0.0547250024540125,-0.0547250024540125
LINK-USD_2022-12-21,LINK-USD,2022-12-21,6.020041942596436,6.031951904296875,5.900968074798584,5.98125696182251,149997846.0,-0.1176366520966145,-0.2569351448163137,-0.1872858984564641,-0.006469084762404,0.0544055882527233,-0.0544055882527233
LINK-USD_2022-12-22,LINK-USD,2022-12-22,5.9816670417785645,6.023396015167236,5.8801751136779785,6.0027689933776855,175920137.0,-0.0995937746201941,-0.2176884411493009,-0.1586411078847475,0.003596573712262,0.0543690999042223,-0.0543690999042223
LINK-USD_2022-12-23,LINK-USD,2022-12-23,6.002421855926514,6.043664932250977,5.935083866119385,5.942527770996094,157847820.0,-0.127828957285931,-0.1397469199891957,-0.1337879386375633,-0.0100355723247138,0.0543079886283522,-0.0543079886283522
LINK-USD_2022-12-24,LINK-USD,2022-12-24,5.942561149597168,5.959383010864258,5.901504039764404,5.920003890991211,111387083.0,-0.1383757587702967,-0.1427218226587072,-0.140548790714502,-0.0037902860319501,0.0542967846657494,-0.0542967846657494
LINK-USD_2022-12-25,LINK-USD,2022-12-25,5.920001029968262,5.986300945281982,5.905985832214356,5.985958099365234,140351136.0,-0.1528067999166673,-0.155409532182935,-0.1541081660498012,0.0111409062541985,0.054190399483701,-0.054190399483701
LINK-USD_2022-12-26,LINK-USD,2022-12-26,5.9861321449279785,6.038186073303223,5.953303813934326,6.0376691818237305,128325031.0,-0.1267280899403354,-0.1417299206450397,-0.1342290052926876,0.008638731110393,0.0541410307158479,-0.0541410307158479
LINK-USD_2022-12-27,LINK-USD,2022-12-27,6.03778076171875,6.050971984863281,5.878011226654053,5.899226188659668,151421212.0,-0.1667802179862058,-0.1857403830864056,-0.1762603005363057,-0.0229298739289728,0.0541185705129092,-0.0541185705129092
LINK-USD_2022-12-28,LINK-USD,2022-12-28,5.89914608001709,5.90510892868042,5.655508995056152,5.676936149597168,188630493.0,-0.2069286736626919,-0.2044190455111889,-0.2056738595869404,-0.0376812198674154,0.054285460142203,-0.054285460142203
LINK-USD_2022-12-29,LINK-USD,2022-12-29,5.676999092102051,5.71335506439209,5.5325927734375,5.603007793426514,193768237.0,-0.1889110058238552,-0.2145773860276315,-0.2017441959257433,-0.0130225801774959,0.0541422081624114,-0.0541422081624114
LINK-USD_2022-12-30,LINK-USD,2022-12-30,5.602757930755615,5.626317024230957,5.440182209014893,5.467444896697998,187032495.0,-0.2316875997029959,-0.1571070095510439,-0.1943973046270199,-0.0241946650310854,0.0540571659910752,-0.0540571659910752
LINK-USD_2022-12-31,LINK-USD,2022-12-31,5.467851161956787,5.609038829803467,5.413768768310547,5.568657875061035,144422398.0,-0.2685625477021485,-0.1481998724012625,-0.2083812100517055,0.0185119338695418,0.0533275013669546,-0.0533275013669546
LINK-USD_2023-01-01,LINK-USD,2023-01-01,5.568981170654297,5.628169059753418,5.517974853515625,5.622443199157715,109175362.0,-0.2780800390669221,-0.1023766796582594,-0.1902283593625908,0.0096585793746739,0.0532471380523578,-0.0532471380523578
LINK-USD_2023-01-02,LINK-USD,2023-01-02,5.622763156890869,5.737174987792969,5.567814826965332,5.687626838684082,179768004.0,-0.2765349620360053,-0.1515090252419957,-0.2140219936390005,0.0115934723068669,0.0532564522302596,-0.0532564522302596
LINK-USD_2023-01-03,LINK-USD,2023-01-03,5.687882900238037,5.707482814788818,5.585216999053955,5.622096061706543,182318187.0,-0.2692837178308769,-0.1425950368148349,-0.2059393773228559,-0.0115216379056085,0.0532184120614795,-0.0532184120614795
LINK-USD_2023-01-04,LINK-USD,2023-01-04,5.62194299697876,5.837051868438721,5.615959167480469,5.804031848907471,205745250.0,-0.2185905912864182,-0.1246692592565158,-0.171629925271467,0.0323608464181421,0.0532567751077187,-0.0532567751077187
LINK-USD_2023-01-05,LINK-USD,2023-01-05,5.804405212402344,5.807827949523926,5.632116794586182,5.647834777832031,166950331.0,-0.2678686664942507,-0.180959745117945,-0.2244142058060978,-0.0269118218406815,0.0530811141181103,-0.0530811141181103
LINK-USD_2023-01-06,LINK-USD,2023-01-06,5.648924827575684,5.717915058135986,5.558207035064697,5.7108001708984375,166922602.0,-0.3467063327682488,-0.1751304689443552,-0.260918400856302,0.0111485897770147,0.0501585725248773,-0.0501585725248773
LINK-USD_2023-01-07,LINK-USD,2023-01-07,5.710935115814209,5.831510066986084,5.698310852050781,5.829194068908691,140003552.0,-0.3273086990514191,-0.1477794956601588,-0.2375440973557889,0.0207315777942249,0.0502648680574831,-0.0502648680574831
LINK-USD_2023-01-08,LINK-USD,2023-01-08,5.829421043395996,5.933835029602051,5.773165225982666,5.933166027069092,149233597.0,-0.2694089051577134,-0.1697126493002372,-0.2195607772289753,0.0178364207695465,0.0497930849298077,-0.0497930849298077
LINK-USD_2023-01-09,LINK-USD,2023-01-09,5.933032989501953,6.235387802124023,5.933032989501953,6.072278022766113,336692626.0,-0.3174133200802048,-0.1754149460682942,-0.2464141330742495,0.0234465031085167,0.0482846375315686,-0.0482846375315686
LINK-USD_2023-01-10,LINK-USD,2023-01-10,6.071435928344727,6.267262935638428,6.010840892791748,6.153703212738037,211548969.0,-0.1990529707078172,-0.0777303474627107,-0.138391659085264,0.013409331665422,0.0453009387845189,-0.0453009387845189
LINK-USD_2023-01-11,LINK-USD,2023-01-11,6.154053211212158,6.285185813903809,6.030919075012207,6.285185813903809,212708693.0,0.0097490150132579,-0.1125336587401496,-0.0513923218634458,0.0213664189871238,0.0385194063558034,-0.0385194063558034
LINK-USD_2023-01-12,LINK-USD,2023-01-12,6.362483978271484,6.396510124206543,6.15306282043457,6.381331920623779,336590126.0,-0.1155049678323035,-0.1384796915151539,-0.1269923296737287,0.0152972576414973,0.0328350038250537,-0.0328350038250537
LINK-USD_2023-01-13,LINK-USD,2023-01-13,6.381975173950195,6.602921962738037,6.282705783843994,6.601778984069824,266139656.0,-0.058228874126128,-0.1478356214163685,-0.1030322477712483,0.0345456193453257,0.0329582765188196,-0.0329582765188196
LINK-USD_2023-01-14,LINK-USD,2023-01-14,6.601118087768555,7.085987091064453,6.598348140716553,6.860321998596191,576671317.0,0.096019097532499,-0.1330800105786483,-0.0185304565230746,0.039162628005305,0.030372603253184,-0.030372603253184
LINK-USD_2023-01-15,LINK-USD,2023-01-15,6.861233234405518,6.902145862579346,6.622989177703857,6.6939568519592285,392031356.0,0.1023493656222824,-0.1648607397760285,-0.031255687076873,-0.0242503408252565,0.0302861668696198,-0.0302861668696198
LINK-USD_2023-01-16,LINK-USD,2023-01-16,6.693841934204102,6.92589807510376,6.476940155029297,6.66686487197876,395021461.0,0.064242790625238,-0.1394885576292637,-0.0376228835020128,-0.0040472295504174,0.0300561316683927,-0.0300561316683927
LINK-USD_2023-01-17,LINK-USD,2023-01-17,6.667509078979492,6.949216842651367,6.605624198913574,6.820442199707031,368037968.0,0.0623859189767466,-0.043274277238683,0.0095558208690317,0.0230359142831537,0.030034524346599,-0.030034524346599
LINK-USD_2023-01-18,LINK-USD,2023-01-18,6.81898307800293,6.9672532081604,6.343377113342285,6.350072860717773,443456872.0,0.0263425813389874,-0.1482131051576944,-0.0609352619093535,-0.0689646397134576,0.0309641260773405,-0.0309641260773405
LINK-USD_2023-01-19,LINK-USD,2023-01-19,6.349688053131104,6.527883052825928,6.336029052734375,6.513941764831543,218670715.0,0.0448483035081708,-0.1367468231949236,-0.0459492598433763,0.0258058305326667,0.0311122670981411,-0.0311122670981411
LINK-USD_2023-01-20,LINK-USD,2023-01-20,6.513628959655762,6.951216220855713,6.431886196136475,6.95069694519043,258845710.0,0.1236582588874473,-0.090716349937396,0.0164709544750256,0.0670492915237448,0.0321750456185273,-0.0321750456185273
LINK-USD_2023-01-21,LINK-USD,2023-01-21,6.951276779174805,7.093824863433838,6.868216037750244,6.870330810546875,372198330.0,0.117087361689175,-0.1523513686509281,-0.0176320034808765,-0.0115623131431682,0.0322070085169734,-0.0322070085169734
LINK-USD_2023-01-22,LINK-USD,2023-01-22,6.871549129486084,7.21778392791748,6.825183868408203,6.985128879547119,397275394.0,0.2102318114444823,-0.0696080526673968,0.0703118793885427,0.0167092491127229,0.031199523842917,-0.031199523842917
LINK-USD_2023-01-23,LINK-USD,2023-01-23,6.984896183013916,7.203010082244873,6.95261287689209,7.026174068450928,382722730.0,0.1971428536609243,-0.0391841902247663,0.0789793317180789,0.0058760818320748,0.0311542943967399,-0.0311542943967399
LINK-USD_2023-01-24,LINK-USD,2023-01-24,7.0242791175842285,7.181534767150879,6.641408920288086,6.659311771392822,314688181.0,0.0408744168852299,-0.0331010288922014,0.0038866939965142,-0.052213664717673,0.0298969116151985,-0.0298969116151985
LINK-USD_2023-01-25,LINK-USD,2023-01-25,6.660114765167236,7.068706035614014,6.550489902496338,6.960362911224365,340184050.0,0.0386575481872726,0.036860667989107,0.0377591080881898,0.0452075454891305,0.0298423893252096,-0.0298423893252096
LINK-USD_2023-01-26,LINK-USD,2023-01-26,6.959551811218262,7.253158092498779,6.858986854553223,7.174172878265381,383773795.0,0.0501381238028724,0.0078502066767585,0.0289941652398154,0.030718221128416,0.0299878984185696,-0.0299878984185696
LINK-USD_2023-01-27,LINK-USD,2023-01-27,7.174018859863281,7.473317146301269,6.999093055725098,7.371270179748535,409716317.0,0.0773022289176483,-0.0102514349864126,0.0335253969656178,0.0274731742359142,0.0301697599644523,-0.0301697599644523
LINK-USD_2023-01-28,LINK-USD,2023-01-28,7.371503829956055,7.483154773712158,7.149631977081299,7.207572937011719,247360344.0,0.0085006853497417,-0.056225637069311,-0.0238624758597846,-0.0222074674710133,0.0298095256807332,-0.0298095256807332
LINK-USD_2023-01-29,LINK-USD,2023-01-29,7.207568168640137,7.449573040008545,7.165030956268311,7.387718200683594,311604961.0,0.0703567655997297,-0.0607868548200637,0.0047849553898329,0.0249938870194166,0.0296272815808391,-0.0296272815808391
LINK-USD_2023-01-30,LINK-USD,2023-01-30,7.387609958648682,7.418731212615967,6.828748226165772,6.906291961669922,308344397.0,-0.0418007409407823,-0.1289290541979074,-0.0853648975693449,-0.0651657556414543,0.0302813770702132,-0.0302813770702132
LINK-USD_2023-01-31,LINK-USD,2023-01-31,6.907165050506592,7.05896520614624,6.88529109954834,6.952308177947998,219036836.0,-0.0503538788196835,-0.1389512625544103,-0.0946525706870469,0.0066629410591771,0.0302258402974462,-0.0302258402974462
LINK-USD_2023-02-01,LINK-USD,2023-02-01,6.951572895050049,7.25618314743042,6.706571102142334,7.216623783111572,312466639.0,-0.0603724113122433,-0.0764709647770527,-0.068421688044648,0.0380183959626467,0.0299648244446089,-0.0299648244446089
LINK-USD_2023-02-02,LINK-USD,2023-02-02,7.215411186218262,7.465997219085693,7.101432800292969,7.102139949798584,336269815.0,-0.0761235947563914,-0.1011283129909977,-0.0886259538736946,-0.0158639048887243,0.0300261799155643,-0.0300261799155643
LINK-USD_2023-02-03,LINK-USD,2023-02-03,7.102088928222656,7.320489883422852,7.039196014404297,7.290623188018799,276486581.0,-0.0426471137957028,-0.0383217239775417,-0.0404844188866223,0.0265389360886305,0.030201392420352,-0.030201392420352
LINK-USD_2023-02-04,LINK-USD,2023-02-04,7.290507793426514,7.341148853302002,7.147762775421143,7.238030910491943,211742392.0,-0.0007694060255259,-0.0202263530805978,-0.0104978795530619,-0.0072136875230753,0.0295701705511343,-0.0295701705511343
LINK-USD_2023-02-05,LINK-USD,2023-02-05,7.238217830657959,7.247060775756836,6.907526016235352,6.984615802764893,227421226.0,-0.0620665768890141,-0.0208947691554935,-0.0414806730222538,-0.0350116089390708,0.0296869461914232,-0.0296869461914232
LINK-USD_2023-02-06,LINK-USD,2023-02-06,6.985622882843018,7.044710159301758,6.801389217376709,6.832168102264404,216553530.0,-0.0609785157660581,-0.0685642182943877,-0.0647713670302229,-0.0218262113200472,0.0296735040898067,-0.0296735040898067
LINK-USD_2023-02-07,LINK-USD,2023-02-07,6.832104206085205,7.203533172607422,6.827384948730469,7.198653221130371,265944829.0,0.0091011591047152,-0.0676854645238135,-0.0292921527095491,0.0536411155844513,0.030343435952073,-0.030343435952073
LINK-USD_2023-02-08,LINK-USD,2023-02-08,7.198792934417725,7.2649431228637695,6.998036861419678,7.121416091918945,307753754.0,0.0340025259676033,-0.0957557769743249,-0.0308766255033607,-0.0107293860169163,0.030045235589864,-0.030045235589864
LINK-USD_2023-02-09,LINK-USD,2023-02-09,7.122513771057129,7.7503662109375,6.910068035125732,6.98314094543457,1103183457.0,-0.0033088492013312,-0.0856434797587898,-0.0444761644800605,-0.0194168048460591,0.0300797186641228,-0.0300797186641228
LINK-USD_2023-02-10,LINK-USD,2023-02-10,6.983057022094727,7.079967021942139,6.843377113342285,6.902423858642578,451207831.0,0.0062891367881863,-0.0925550548754292,-0.0431329590436214,-0.0115588511563358,0.0299949516916475,-0.0299949516916475
LINK-USD_2023-02-11,LINK-USD,2023-02-11,6.902574062347412,7.024775981903076,6.872811794281006,7.006326198577881,202145744.0,0.0224026596204371,-0.0593710853357123,-0.0184842128576375,0.015053022251771,0.0300497900745835,-0.0300497900745835
LINK-USD_2023-02-12,LINK-USD,2023-02-12,7.006134033203125,7.057351112365723,6.747715950012207,6.807923793792725,241644536.0,0.0138601052458757,-0.1073054171671585,-0.0467226559606414,-0.0283176088526148,0.0301592732130814,-0.0301592732130814
LINK-USD_2023-02-13,LINK-USD,2023-02-13,6.8075761795043945,6.831329822540283,6.476461887359619,6.67165994644165,357135687.0,-0.0029794141020043,-0.0961808877856159,-0.0495801509438101,-0.0200154777694949,0.0302677674738257,-0.0302677674738257
LINK-USD_2023-02-14,LINK-USD,2023-02-14,6.671267032623291,6.816851139068604,6.558812141418457,6.806429862976074,280517342.0,-0.0151818324696986,-0.0451879751403091,-0.0301849038050038,0.0202003575746247,0.0300906763560418,-0.0300906763560418
LINK-USD_2023-02-15,LINK-USD,2023-02-15,6.806295871734619,7.285592079162598,6.739752769470215,7.270598888397217,340072775.0,0.0805149037567209,0.0168732028881168,0.0486940533224189,0.068195667150853,0.0310851378157545,-0.0310851378157545
LINK-USD_2023-02-16,LINK-USD,2023-02-16,7.270508766174316,7.45108699798584,7.024787902832031,7.028154850006104,518185252.0,0.0894061852594727,-0.0015024435199991,0.0439518708697367,-0.0333458140261343,0.0309248217801163,-0.0309248217801163
LINK-USD_2023-02-17,LINK-USD,2023-02-17,7.027318954467773,7.671968936920166,6.9958038330078125,7.66677188873291,715233660.0,0.2993969724082368,0.1116814043770904,0.2055391883926636,0.0908655333236221,0.0308776107846651,-0.0308776107846651
LINK-USD_2023-02-18,LINK-USD,2023-02-18,7.665935039520264,8.21724796295166,7.526206016540527,8.00831413269043,844845498.0,0.3280909753656358,0.1628324596157471,0.2454617174906914,0.0445483769328587,0.031211224534343,-0.031211224534343
LINK-USD_2023-02-19,LINK-USD,2023-02-19,8.007542610168457,8.242552757263184,7.857913017272949,7.99688720703125,595712725.0,0.3409876572627335,0.1144848646272098,0.2277362609449716,-0.0014268827957851,0.0311551164963222,-0.0311551164963222
LINK-USD_2023-02-20,LINK-USD,2023-02-20,8.002281188964844,8.33823299407959,7.80829381942749,8.00644588470459,541991760.0,0.3825801853218726,0.0917763380340301,0.2371782616779514,0.0011952997992688,0.0308535532999423,-0.0308535532999423
LINK-USD_2023-02-21,LINK-USD,2023-02-21,8.0072603225708,8.059000015258789,7.54863977432251,7.636673927307129,407354867.0,0.2685078880237022,0.0728838813915919,0.170695884707647,-0.0461842823547796,0.031220752844116,-0.031220752844116
LINK-USD_2023-02-22,LINK-USD,2023-02-22,7.636991024017334,7.710072040557861,7.334482192993164,7.708319187164307,453992830.0,0.2887456995018578,0.1371419700085496,0.2129438347552037,0.0093817361509949,0.0311967581169586,-0.0311967581169586
LINK-USD_2023-02-23,LINK-USD,2023-02-23,7.708201885223389,8.156232833862305,7.680718898773193,7.936591148376465,637551320.0,0.322155018314413,0.1904766094074488,0.2563158138609309,0.0296137141793857,0.0313562498727971,-0.0313562498727971
LINK-USD_2023-02-24,LINK-USD,2023-02-24,7.935275077819824,8.109539031982422,7.3291521072387695,7.45567512512207,526136614.0,0.2546302537299445,0.0942521766162625,0.1744412151731035,-0.0605947836122026,0.0323757323313247,-0.0323757323313247
LINK-USD_2023-02-25,LINK-USD,2023-02-25,7.456675052642822,7.4732561111450195,7.2098069190979,7.376634120941162,311632712.0,0.2460522419869661,0.0736288175345902,0.1598405297607782,-0.0106014549795199,0.0324139290826997,-0.0324139290826997
LINK-USD_2023-02-26,LINK-USD,2023-02-26,7.3762640953063965,7.5292510986328125,7.316312789916992,7.491860866546631,235447983.0,0.2515725539978448,0.0603237571579038,0.1559481555778743,0.0156205043813082,0.0324347228432066,-0.0324347228432066
LINK-USD_2023-02-27,LINK-USD,2023-02-27,7.491158962249756,7.496460914611816,7.170918941497803,7.27908992767334,298939373.0,0.2056125813562093,0.0528276017128996,0.1292200915345545,-0.0284002790045629,0.0326855625496379,-0.0326855625496379
LINK-USD_2023-02-28,LINK-USD,2023-02-28,7.279601097106934,7.413753032684326,7.140398025512695,7.19269609451294,304916168.0,0.2192609444845095,0.015912338381316,0.1175866414329127,-0.0118687684887572,0.0325708268334188,-0.0325708268334188
LINK-USD_2023-03-01,LINK-USD,2023-03-01,7.193329811096191,7.52876615524292,7.170287132263184,7.52876615524292,297633777.0,0.326202366355161,0.051773069676964,0.1889877180160625,0.0467237954049464,0.0325783121868032,-0.0325783121868032
LINK-USD_2023-03-02,LINK-USD,2023-03-02,7.528773784637451,7.562863826751709,7.187427997589111,7.267749786376953,268246764.0,0.2971157732287157,0.0520763278380913,0.1745960505334035,-0.03466920920159,0.0328843024490677,-0.0328843024490677
LINK-USD_2023-03-03,LINK-USD,2023-03-03,7.267648220062256,7.271391868591309,6.748424053192139,6.948713779449463,346250431.0,0.2709252513264579,-0.0235323695552959,0.123696440885581,-0.0438974945897983,0.0332548336841089,-0.0332548336841089
LINK-USD_2023-03-04,LINK-USD,2023-03-04,6.948976039886475,6.996817111968994,6.739046096801758,6.852447032928467,216105874.0,0.2305383427516385,-0.0999381696229211,0.0653000865643587,-0.0138538943431086,0.0332826046044098,-0.0332826046044098
LINK-USD_2023-03-05,LINK-USD,2023-03-05,6.852968215942383,7.004214763641357,6.824522972106934,6.94422721862793,191609356.0,0.2350906843608893,-0.1083633813973784,0.0633636514817554,0.0133937825799201,0.0332964573246265,-0.0332964573246265
LINK-USD_2023-03-06,LINK-USD,2023-03-06,6.944293022155762,6.966588020324707,6.836516857147217,6.862199783325195,222624936.0,0.2065137144111353,-0.1271295097994677,0.0396921023058338,-0.0118123201790827,0.0333397958921321,-0.0333397958921321
LINK-USD_2023-03-07,LINK-USD,2023-03-07,6.862202167510986,6.9654059410095215,6.697965145111084,6.871420860290527,256141888.0,0.2222169071591355,-0.1069062055964322,0.0576553507813516,0.0013437494180421,0.0332854735703067,-0.0332854735703067
LINK-USD_2023-03-08,LINK-USD,2023-03-08,6.87109899520874,6.924242973327637,6.548698902130127,6.584420204162598,302742595.0,0.1344562496503227,-0.1135252127493138,0.0104655184505044,-0.0417672941249294,0.0335662209815701,-0.0335662209815701
LINK-USD_2023-03-09,LINK-USD,2023-03-09,6.584458827972412,6.675148963928223,6.063872814178467,6.158695220947266,314151909.0,0.0904524411939919,-0.2016456001040429,-0.0555965794550255,-0.0646564116527972,0.0344265219768163,-0.0344265219768163
LINK-USD_2023-03-10,LINK-USD,2023-03-10,6.158603191375732,6.261226177215576,5.949132919311523,6.225045204162598,336133866.0,0.090047807290595,-0.2878786705171979,-0.0989154316133014,0.0107733831331122,0.0344249388481206,-0.0344249388481206
LINK-USD_2023-03-11,LINK-USD,2023-03-11,6.224761009216309,6.391979217529297,6.000500202178955,6.207980155944824,335637067.0,0.0649808674335399,-0.2835966348007839,-0.1093078836836219,-0.0027413533007538,0.0343453425813172,-0.0343453425813172
LINK-USD_2023-03-12,LINK-USD,2023-03-12,6.20744514465332,6.589978218078613,6.1287841796875,6.589978218078613,266096727.0,0.1107018054126454,-0.188531151940271,-0.0389146732638128,0.061533389691651,0.0351116233300748,-0.0351116233300748
LINK-USD_2023-03-13,LINK-USD,2023-03-13,6.589325904846191,6.896907806396484,6.429993152618408,6.776379108428955,398871384.0,0.1159533675867663,-0.2382650958736344,-0.061155864143434,0.0282855093267195,0.0351639425279993,-0.0351639425279993
LINK-USD_2023-03-14,LINK-USD,2023-03-14,6.776573181152344,7.197958946228027,6.664549827575684,6.975945949554443,465219170.0,0.1336175483917361,-0.0920323922621517,0.0207925780647921,0.0294503654432869,0.0353031140246126,-0.0353031140246126
LINK-USD_2023-03-15,LINK-USD,2023-03-15,6.976572036743164,7.117381095886231,6.437794208526611,6.55108118057251,395492432.0,0.0423050924095989,0.0524665404038953,0.0473858164067471,-0.0609042518468867,0.0361103056243882,-0.0361103056243882
LINK-USD_2023-03-16,LINK-USD,2023-03-16,6.553657054901123,6.685502052307129,6.500079154968262,6.674513816833496,226614246.0,0.0459436838353737,-0.0748680077204322,-0.0144621619425292,0.0188415671945922,0.036135218969674,-0.036135218969674
LINK-USD_2023-03-17,LINK-USD,2023-03-17,6.6747870445251465,7.258519172668457,6.630300045013428,7.225374221801758,375125654.0,0.0944586662529414,0.0307295703394487,0.0625941182961951,0.0825319146960128,0.0373320472278485,-0.0373320472278485
LINK-USD_2023-03-18,LINK-USD,2023-03-18,7.225621223449707,7.298580169677734,6.920907020568848,6.933574199676514,314031396.0,0.0106776622285822,0.1077220192520265,0.0591998407403043,-0.0403854545339354,0.0374040420607906,-0.0374040420607906
LINK-USD_2023-03-19,LINK-USD,2023-03-19,6.934313774108887,7.286115169525146,6.934313774108887,7.102636814117432,249180738.0,0.0610520759539385,0.1696500828200302,0.1153510793869844,0.0243831838489312,0.0373794211122493,-0.0373794211122493
LINK-USD_2023-03-20,LINK-USD,2023-03-20,7.102431774139404,7.407197952270508,6.985550880432129,7.057743072509766,489903739.0,0.0586299869634212,0.126639331565511,0.0926346592644661,-0.0063207147968531,0.037386083427992,-0.037386083427992
LINK-USD_2023-03-21,LINK-USD,2023-03-21,7.059238910675049,7.433137893676758,6.89748477935791,7.407576084136963,366308905.0,0.0860844307800381,0.1538408060805878,0.1199626184303129,0.0495672636469033,0.03777892228617,-0.03777892228617
LINK-USD_2023-03-22,LINK-USD,2023-03-22,7.406498908996582,7.697200775146484,7.0700459480285645,7.180304050445557,586895392.0,0.1307435690799205,0.1605302735219456,0.1456369213009331,-0.0306810258997002,0.0369169224646566,-0.0369169224646566
LINK-USD_2023-03-23,LINK-USD,2023-03-23,7.17984676361084,7.629281044006348,7.119134902954102,7.621306896209717,329204523.0,0.1699992372294123,0.2224717181250053,0.1962354776772088,0.0614184082826958,0.0375450041786858,-0.0375450041786858
LINK-USD_2023-03-24,LINK-USD,2023-03-24,7.62053108215332,7.646345138549805,7.152146816253662,7.206892013549805,295497990.0,0.0368589035573836,0.1650750702832373,0.1009669869203104,-0.0543758292775234,0.0373296630497804,-0.0373296630497804
LINK-USD_2023-03-25,LINK-USD,2023-03-25,7.20620584487915,7.251605987548828,6.994295120239258,7.084826946258545,193197164.0,0.0312206415712019,0.1519635458121924,0.0915920936916971,-0.0169372688062708,0.0373655582593331,-0.0373655582593331
LINK-USD_2023-03-26,LINK-USD,2023-03-26,7.085594177246094,7.284111976623535,7.06675910949707,7.262111186981201,165218457.0,0.0396531420121828,0.2582213053313518,0.1489372236717673,0.0250230869529253,0.0374359341962406,-0.0374359341962406
LINK-USD_2023-03-27,LINK-USD,2023-03-27,7.262615203857422,7.271117210388184,6.804008960723877,6.872753143310547,230593321.0,-0.0218356282730418,0.1710024873186559,0.074583429522807,-0.0536149934427686,0.0380637794593778,-0.0380637794593778
LINK-USD_2023-03-28,LINK-USD,2023-03-28,6.8729681968688965,7.02065896987915,6.77236795425415,6.955334186553955,211056975.0,0.0444524036902418,0.0871437866554571,0.0657980951728495,0.0120157150302695,0.0374887705634892,-0.0374887705634892
LINK-USD_2023-03-29,LINK-USD,2023-03-29,6.954264163970947,7.458693027496338,6.94170618057251,7.382523059844971,297994491.0,0.0606520312238065,0.1016542382307694,0.081153134727288,0.0614188853954504,0.0378483777445716,-0.0378483777445716
LINK-USD_2023-03-30,LINK-USD,2023-03-30,7.382503986358643,7.528229236602783,7.1701250076293945,7.232709884643555,279488316.0,0.0081594083905498,0.0587066296214657,0.0334330190060078,-0.020292950524771,0.0377617243282833,-0.0377617243282833
LINK-USD_2023-03-31,LINK-USD,2023-03-31,7.232532024383545,7.655243873596191,7.231266021728516,7.594569206237793,340384822.0,0.0302931545098887,0.1099371117920982,0.0701151331509934,0.0500309465422545,0.038123681653749,-0.038123681653749
LINK-USD_2023-04-01,LINK-USD,2023-04-01,7.595728874206543,7.6271820068359375,7.459664821624756,7.47448205947876,183579045.0,0.0370317615651771,0.0458472422679312,0.0414395019165542,-0.0158122394434696,0.0380688671303351,-0.0380688671303351
LINK-USD_2023-04-02,LINK-USD,2023-04-02,7.55074405670166,7.55074405670166,7.224246025085449,7.259294033050537,188792643.0,-0.0173834686359819,0.0517502523356157,0.0171833918498168,-0.0287896906723231,0.0381316339185592,-0.0381316339185592
LINK-USD_2023-04-03,LINK-USD,2023-04-03,7.258941173553467,7.427126884460449,7.073146820068359,7.239348888397217,295585843.0,0.0482251443431249,0.0044085566368237,0.0263168504899743,-0.0027475322755233,0.0371992313101662,-0.0371992313101662
LINK-USD_2023-04-04,LINK-USD,2023-04-04,7.239153861999512,7.469361782073975,7.224438190460205,7.379016876220703,248607211.0,0.0613765511181136,0.0079321248810584,0.034654337999586,0.019292893598116,0.037261907391635,-0.037261907391635
LINK-USD_2023-04-05,LINK-USD,2023-04-05,7.378652095794678,7.59671688079834,7.264023780822754,7.325242042541504,290799350.0,0.0150511184584849,-0.0462299651680434,-0.0155894233547792,-0.0072875336350688,0.0369843249453815,-0.0369843249453815
LINK-USD_2023-04-06,LINK-USD,2023-04-06,7.3251872062683105,7.326025009155273,7.143192768096924,7.200003147125244,194248285.0,0.01377939579034,-0.0633931361071831,-0.0248068701584215,-0.0170968951863886,0.0369936663743741,-0.0369936663743741
LINK-USD_2023-04-07,LINK-USD,2023-04-07,7.199889183044434,7.292250156402588,7.124457836151123,7.277441024780273,134349449.0,-0.0018080982789219,-0.0443781019015697,-0.0230931000902458,0.0107552560842905,0.0368703640856211,-0.0368703640856211
LINK-USD_2023-04-08,LINK-USD,2023-04-08,7.276711940765381,7.293132781982422,7.102263927459717,7.137541770935059,114126743.0,-0.0138834913527683,-0.0146422153363922,-0.0142628533445802,-0.0192236877453003,0.0369425719244189,-0.0369425719244189
LINK-USD_2023-04-09,LINK-USD,2023-04-09,7.137648105621338,7.249704837799072,7.077762126922607,7.212092876434326,114928203.0,0.032568301549154,-0.0315196783321053,0.0005243116085243,0.0104449273842219,0.0366819156316558,-0.0366819156316558
LINK-USD_2023-04-10,LINK-USD,2023-04-10,7.211944103240967,7.3631181716918945,7.150139808654785,7.344665050506592,169897201.0,0.0750123446278099,0.0094596874222157,0.0422360160250128,0.0183819282895605,0.0366251885339216,-0.0366251885339216
LINK-USD_2023-04-11,LINK-USD,2023-04-11,7.345083236694336,7.443352222442627,7.29626989364624,7.313779830932617,188835268.0,0.015992798411835,0.025239510519426,0.0206161544656305,-0.0042051229513651,0.036024830730013,-0.036024830730013
LINK-USD_2023-04-12,LINK-USD,2023-04-12,7.313990116119385,7.361101150512695,7.132033824920654,7.250481128692627,195602304.0,0.0181235073344665,0.0527422783308342,0.0354328928326503,-0.0086547180395392,0.0360149894492563,-0.0360149894492563
LINK-USD_2023-04-13,LINK-USD,2023-04-13,7.234310150146484,7.524202823638916,7.188986778259277,7.464562892913818,227523492.0,0.0689406029809538,0.0654036397205097,0.0671721213507318,0.0295265597442901,0.0360970606294224,-0.0360970606294224
LINK-USD_2023-04-14,LINK-USD,2023-04-14,7.465260028839111,7.878274917602539,7.465260028839111,7.752357006072998,416438491.0,0.1231354615185231,0.1301990140676761,0.1266672377930996,0.0385547174413098,0.0363515540692508,-0.0363515540692508
LINK-USD_2023-04-15,LINK-USD,2023-04-15,7.752528190612793,8.045050621032715,7.638179779052734,8.013286590576172,303168438.0,0.143721597233466,0.16934400287683,0.156532800055148,0.033658097053421,0.0365303936810464,-0.0365303936810464
LINK-USD_2023-04-16,LINK-USD,2023-04-16,8.013524055480957,8.159004211425781,7.927694797515869,8.136897087097168,284062027.0,0.1952097781288568,0.2117755114446227,0.2034926447867397,0.0154256927072051,0.0363449238689975,-0.0363449238689975
LINK-USD_2023-04-17,LINK-USD,2023-04-17,8.136602401733398,8.268686294555664,7.92443323135376,8.164322853088379,460381261.0,0.2237318626293063,0.2200858586607166,0.2219088606450114,0.003370543549666,0.0362202974856042,-0.0362202974856042
LINK-USD_2023-04-18,LINK-USD,2023-04-18,8.165422439575195,8.728160858154297,8.063427925109863,8.576398849487305,512634725.0,0.260043667846938,0.2409138959771812,0.2504787819120596,0.0504727708364749,0.0366390755461081,-0.0366390755461081
LINK-USD_2023-04-19,LINK-USD,2023-04-19,8.575544357299805,8.583635330200195,7.723606109619141,7.770359992980957,543475883.0,0.0687372680373392,0.1547865463145865,0.1117619071759629,-0.093983368853529,0.0377598240286354,-0.0377598240286354
LINK-USD_2023-04-20,LINK-USD,2023-04-20,7.768971920013428,7.947649955749512,7.494381904602051,7.51875114440918,392775059.0,0.0698044230489101,0.1654515554874243,0.1176279892681672,-0.0323805909634892,0.0377455443762965,-0.0377455443762965
LINK-USD_2023-04-21,LINK-USD,2023-04-21,7.5189619064331055,7.583001136779785,7.043487071990967,7.117650032043457,340540634.0,-0.0716236069963739,0.2063294743241912,0.0673529336639086,-0.0533467732422524,0.0366111886409571,-0.0366111886409571
LINK-USD_2023-04-22,LINK-USD,2023-04-22,7.117654800415039,7.224733829498291,7.093589782714844,7.179794788360596,179657711.0,-0.103457398224149,0.1906901384493349,0.0436163701125929,0.0087310778188538,0.0361756067378604,-0.0361756067378604
LINK-USD_2023-04-23,LINK-USD,2023-04-23,7.179872989654541,7.180260181427002,6.923752784729004,7.079930782318115,208419900.0,-0.1146641688164492,0.1872244221495846,0.0362801266665677,-0.0139090334732648,0.0362116730694966,-0.0362116730694966
LINK-USD_2023-04-24,LINK-USD,2023-04-24,7.0797858238220215,7.25297212600708,7.03875207901001,7.076444149017334,222800034.0,-0.1161566254340042,0.2219843366029636,0.0529138555844796,-0.0004924671452282,0.0362104342195358,-0.0362104342195358
LINK-USD_2023-04-25,LINK-USD,2023-04-25,7.076402187347412,7.290139198303223,6.972247123718262,7.27154016494751,197437029.0,-0.0478131927374793,0.2078564758846122,0.0800216415735664,0.0275697810682598,0.0359273701219658,-0.0359273701219658
LINK-USD_2023-04-26,LINK-USD,2023-04-26,7.271366119384766,7.4979071617126465,6.806466102600098,7.00423002243042,358341934.0,-0.0913414646744672,0.1710297797164373,0.039844157520985,-0.036761145019271,0.0361994538964873,-0.0361994538964873
LINK-USD_2023-04-27,LINK-USD,2023-04-27,7.004421234130859,7.219644069671631,6.996944904327393,7.170403957366943,773383672.0,-0.0965385738896548,0.1945160583852891,0.0489887422478171,0.0237247969304785,0.0361269951178081,-0.0361269951178081
LINK-USD_2023-04-28,LINK-USD,2023-04-28,7.17070198059082,7.181178092956543,6.994153022766113,7.050134181976318,236637129.0,-0.0543935909679422,0.1863864088925522,0.0659964089623049,-0.0167730822566919,0.035374407257151,-0.035374407257151
LINK-USD_2023-04-29,LINK-USD,2023-04-29,7.049953937530518,7.210640907287598,7.012752056121826,7.187723159790039,155603225.0,-0.0256093711649373,0.2141416276310197,0.0942661282330412,0.0195157956235028,0.0354359785068319,-0.0354359785068319
LINK-USD_2023-04-30,LINK-USD,2023-04-30,7.187104225158691,7.29624605178833,7.052085876464844,7.052085876464844,171483704.0,-0.0587003680281239,0.1781047844642722,0.0597022082180741,-0.0188706882986235,0.0354604585261976,-0.0354604585261976
LINK-USD_2023-05-01,LINK-USD,2023-05-01,7.050922870635986,7.07949686050415,6.819187164306641,6.901027202606201,202483666.0,-0.0519381857929568,0.1429952511114041,0.0455285326592236,-0.0214204246097988,0.0353821880988911,-0.0353821880988911
LINK-USD_2023-05-02,LINK-USD,2023-05-02,6.901148796081543,7.001067161560059,6.820350170135498,6.986553192138672,147462616.0,-0.02866003229742,0.1843168864366005,0.0778284270695902,0.0123932259678922,0.035385482007033,-0.035385482007033
LINK-USD_2023-05-03,LINK-USD,2023-05-03,6.986409187316895,7.143795013427734,6.839698791503906,7.123072147369385,195763187.0,-0.0538858558637813,0.2547388167955409,0.1004264804658797,0.0195402441627905,0.0349718126902049,-0.0349718126902049
LINK-USD_2023-05-04,LINK-USD,2023-05-04,7.123426914215088,7.154839038848877,6.970983028411865,6.997713088989258,130913715.0,-0.0371554752605636,0.2489208202064294,0.1058826724729329,-0.0175990156756201,0.0347665568010362,-0.0347665568010362
LINK-USD_2023-05-05,LINK-USD,2023-05-05,6.997682094573975,7.277870178222656,6.977313995361328,7.2359209060668945,190358641.0,0.0413324157150976,0.3234556621570978,0.1823940389360977,0.0340408093399045,0.0345655436075364,-0.0345655436075364
LINK-USD_2023-05-06,LINK-USD,2023-05-06,7.235846042633057,7.2735700607299805,6.914403915405273,6.943518161773682,162574254.0,0.013290307594876,0.2468925758340967,0.1300914417144864,-0.0404098867426881,0.034912681815818,-0.034912681815818
LINK-USD_2023-05-07,LINK-USD,2023-05-07,6.94332218170166,6.990841865539551,6.900535106658936,6.909634113311768,116709453.0,-0.004981562991396,0.2289380023166589,0.1119782196626314,-0.0048799538897236,0.0348823619143329,-0.0348823619143329
LINK-USD_2023-05-08,LINK-USD,2023-05-08,6.909173011779785,6.916244029998779,6.471394062042236,6.591795921325684,254538831.0,-0.0394048367196449,0.1589712384947523,0.0597832008875537,-0.0459992796686227,0.0353402465555838,-0.0353402465555838
LINK-USD_2023-05-09,LINK-USD,2023-05-09,6.591693878173828,6.627127170562744,6.47652006149292,6.52426290512085,135768009.0,-0.050522004433738,0.160468059156652,0.054973027361457,-0.0102450101627619,0.0353631826668535,-0.0353631826668535
LINK-USD_2023-05-10,LINK-USD,2023-05-10,6.524275779724121,6.688794136047363,6.382472991943359,6.595903873443604,204285549.0,0.0017440668919863,0.136434817235745,0.0690894420638656,0.010980699178527,0.0349856848674427,-0.0349856848674427
LINK-USD_2023-05-11,LINK-USD,2023-05-11,6.595966815948486,6.595966815948486,6.267055988311768,6.366950988769531,187932434.0,0.0338149170158534,0.1273260000027016,0.0805704585092775,-0.0347113737657521,0.0342806707200196,-0.0342806707200196
LINK-USD_2023-05-12,LINK-USD,2023-05-12,6.367117881774902,6.6270952224731445,6.2548909187316895,6.621963977813721,174685170.0,0.0637615889737972,0.1595509875408469,0.1116562882573221,0.0400526075187321,0.0346107038335078,-0.0346107038335078
LINK-USD_2023-05-13,LINK-USD,2023-05-13,6.622492790222168,6.624627113342285,6.495942115783691,6.50039005279541,107475509.0,0.0471022602368615,0.1151438733986731,0.0811230668177673,-0.0183591945570276,0.0346979241042799,-0.0346979241042799
LINK-USD_2023-05-14,LINK-USD,2023-05-14,6.500216960906982,6.60560417175293,6.464654922485352,6.543808937072754,89462586.0,-0.0070059838557888,0.1029202464953289,0.04795713131977,0.006679427530456,0.033840346936801,-0.033840346936801
LINK-USD_2023-05-15,LINK-USD,2023-05-15,6.544105052947998,6.700585842132568,6.476562976837158,6.63805103302002,138944472.0,-0.0204132728106772,0.0931731070502235,0.0363799171197731,0.0144017187625016,0.0337010987914897,-0.0337010987914897
LINK-USD_2023-05-16,LINK-USD,2023-05-16,6.6379570960998535,6.7149977684021,6.56699800491333,6.659043788909912,137961090.0,-0.0454278406020006,0.0821197510997655,0.0183459552488824,0.0031624878726401,0.0334956346181609,-0.0334956346181609
LINK-USD_2023-05-17,LINK-USD,2023-05-17,6.658660888671875,6.797799110412598,6.5607428550720215,6.753897190093994,168939576.0,0.0309591659652979,0.0745739887519829,0.0527665773586404,0.0142442975584651,0.0326251654348412,-0.0326251654348412
LINK-USD_2023-05-18,LINK-USD,2023-05-18,6.753479957580566,6.758718967437744,6.459140777587891,6.534811973571777,140449712.0,-0.0209306396084435,0.0240514135382876,0.001560386964922,-0.0324383404656427,0.0328122470017687,-0.0328122470017687
LINK-USD_2023-05-19,LINK-USD,2023-05-19,6.535009860992432,6.547082901000977,6.47805118560791,6.508409023284912,102133168.0,-0.0992287979151977,-0.0141431515672085,-0.0566859747412031,-0.0040403534782094,0.0310752365152586,-0.0310752365152586
LINK-USD_2023-05-20,LINK-USD,2023-05-20,6.50869083404541,6.538308143615723,6.482776165008545,6.512510776519775,69018310.0,-0.060728191698934,-0.0506989645890656,-0.0557135781439998,0.000630223641475,0.0306675651908036,-0.0306675651908036
LINK-USD_2023-05-21,LINK-USD,2023-05-21,6.5121750831604,6.540746212005615,6.38234806060791,6.429470062255859,90814391.0,-0.0947770200671902,-0.0395112779410816,-0.0671441490041359,-0.0127509522998888,0.0305376372442355,-0.0305376372442355
LINK-USD_2023-05-22,LINK-USD,2023-05-22,6.428994178771973,6.583351135253906,6.365190029144287,6.52993106842041,139651618.0,-0.0747848141632142,-0.0205394598792441,-0.0476621370212291,0.0156250834348394,0.0306024236045453,-0.0306024236045453
LINK-USD_2023-05-23,LINK-USD,2023-05-23,6.530066013336182,6.63072681427002,6.488480091094971,6.50832986831665,106788577.0,-0.1213954747958665,-0.0457613043629029,-0.0835783895793847,-0.0033080288103233,0.0299170511809052,-0.0299170511809052
LINK-USD_2023-05-24,LINK-USD,2023-05-24,6.508349895477295,6.509243965148926,6.240495204925537,6.327065944671631,145479790.0,-0.1188303586839027,-0.0036230948133628,-0.0612267267486328,-0.0278510658360195,0.0298747894006168,-0.0298747894006168
LINK-USD_2023-05-25,LINK-USD,2023-05-25,6.327334880828857,6.338847160339356,6.206401824951172,6.279226779937744,110856339.0,-0.1760957975513918,-0.0360327115850211,-0.1060642545682065,-0.00756103463315,0.028773011563218,-0.028773011563218
LINK-USD_2023-05-26,LINK-USD,2023-05-26,6.279365062713623,6.378975868225098,6.249372005462647,6.352190971374512,103191434.0,-0.1185949561292655,-0.0861073326222425,-0.102351144375754,0.011619932516196,0.0280520711367501,-0.0280520711367501
LINK-USD_2023-05-27,LINK-USD,2023-05-27,6.351569175720215,6.440199851989746,6.346855163574219,6.440199851989746,78479262.0,-0.0909869922241675,-0.062607022924838,-0.0767970075745027,0.0138548858200009,0.0280489736143088,-0.0280489736143088
LINK-USD_2023-05-28,LINK-USD,2023-05-28,6.440157890319824,6.653573036193848,6.427712917327881,6.638851165771484,119525335.0,-0.0858235305357257,-0.0495735611678629,-0.0676985458517943,0.0308455200688164,0.0281459336848743,-0.0281459336848743
LINK-USD_2023-05-29,LINK-USD,2023-05-29,6.638687133789063,6.661598205566406,6.545056819915772,6.640285015106201,124828903.0,-0.0338246003249241,-0.0549216471987867,-0.0443731237618554,0.0002159785328685,0.0273290335537219,-0.0273290335537219
LINK-USD_2023-05-30,LINK-USD,2023-05-30,6.639901161193848,6.660110950469971,6.549343109130859,6.613655090332031,125036323.0,-0.0491247562025786,-0.0068560660062386,-0.0279904111044086,-0.0040103586989999,0.0272882867762843,-0.0272882867762843
LINK-USD_2023-05-31,LINK-USD,2023-05-31,6.613376140594482,6.629203796386719,6.433348178863525,6.480094909667969,126487861.0,-0.1222384465123435,-0.0690004253631532,-0.0956194359377483,-0.0201946093105616,0.0262211652241349,-0.0262211652241349
LINK-USD_2023-06-01,LINK-USD,2023-06-01,6.480183124542236,6.506302833557129,6.34234094619751,6.346456050872803,119523184.0,-0.1225341328362196,-0.1153745304772623,-0.1189543316567409,-0.0206229786227025,0.026224967343783,-0.026224967343783
LINK-USD_2023-06-02,LINK-USD,2023-06-02,6.34666109085083,6.478118896484375,6.327394962310791,6.456369876861572,113702809.0,-0.1498701635955021,-0.1241170491078341,-0.1369936063516681,0.0173189296684175,0.02549734638853,-0.02549734638853
LINK-USD_2023-06-03,LINK-USD,2023-06-03,6.45649003982544,6.457748889923096,6.381110191345215,6.416921138763428,73090216.0,-0.1414895256018692,-0.1096973704127505,-0.1255934480073098,-0.0061100492769972,0.0254433486752863,-0.0254433486752863
LINK-USD_2023-06-04,LINK-USD,2023-06-04,6.416903972625732,6.527440071105957,6.40241813659668,6.456024169921875,85885836.0,-0.1106539918994172,-0.1261139103377695,-0.1183839511185934,0.0060937372164717,0.0252317393450484,-0.0252317393450484
LINK-USD_2023-06-05,LINK-USD,2023-06-05,6.455809116363525,6.483293056488037,6.024292945861816,6.0659499168396,208202410.0,-0.1620862579835417,-0.1216777468277101,-0.1418820024056259,-0.060420197139224,0.026299810596897,-0.026299810596897
LINK-USD_2023-06-06,LINK-USD,2023-06-06,6.06594705581665,6.304471015930176,6.022430896759033,6.260660171508789,185444688.0,-0.1515590387543198,-0.0994846587257228,-0.1255218487400213,0.0320988892652505,0.0265191992220992,-0.0265191992220992
LINK-USD_2023-06-07,LINK-USD,2023-06-07,6.2602949142456055,6.261897087097168,5.862957954406738,5.914066791534424,160767208.0,-0.1926455457460175,-0.1804939582170553,-0.1865697519815364,-0.0553605163799902,0.0273451410849236,-0.0273451410849236
LINK-USD_2023-06-08,LINK-USD,2023-06-08,5.913884162902832,6.033215999603272,5.900790214538574,5.995314121246338,99184600.0,-0.1673178471262063,-0.1558439901742059,-0.1615809186502061,0.0137379797313439,0.0273650061256094,-0.0273650061256094
LINK-USD_2023-06-09,LINK-USD,2023-06-09,5.995561122894287,6.07220983505249,5.937986850738525,5.986426830291748,92158776.0,-0.1773994718875107,-0.1788868144866312,-0.1781431431870709,-0.0014823728623484,0.0273125834521726,-0.0273125834521726
LINK-USD_2023-06-10,LINK-USD,2023-06-10,5.986423015594482,5.997457981109619,4.980165958404541,5.241125106811523,526078781.0,-0.2656960512435773,-0.2758907537664408,-0.270793402505009,-0.1244985940041804,0.0312719554080262,-0.0312719554080262
LINK-USD_2023-06-11,LINK-USD,2023-06-11,5.240856170654297,5.245555877685547,5.117087841033936,5.173130989074707,135111698.0,-0.2827143136248248,-0.2593535370940661,-0.2710339253594455,-0.0129731911280746,0.0312318977210006,-0.0312318977210006
LINK-USD_2023-06-12,LINK-USD,2023-06-12,5.1732258796691895,5.1886091232299805,5.045679092407227,5.163537979125977,138650535.0,-0.2969675344459954,-0.2442314208553195,-0.2705994776506575,-0.0018543914640843,0.0310937618689866,-0.0310937618689866
LINK-USD_2023-06-13,LINK-USD,2023-06-13,5.1635518074035645,5.376275062561035,5.123007774353027,5.293571949005127,137509652.0,-0.2762194007240006,-0.2646441235053823,-0.2704317621146915,0.0251831148342132,0.0313267574612025,-0.0313267574612025
LINK-USD_2023-06-14,LINK-USD,2023-06-14,5.293535232543945,5.487329006195068,5.173376083374023,5.242557048797607,185859006.0,-0.2769366672714972,-0.2638322236575083,-0.2703844454645028,-0.0096371411778217,0.031329043170017,-0.031329043170017
LINK-USD_2023-06-15,LINK-USD,2023-06-15,5.242735862731934,5.398788928985596,5.176105976104736,5.30604887008667,149056861.0,-0.2891681741842173,-0.2401629994944248,-0.2646655868393211,0.0121108498578235,0.0310987402944941,-0.0310987402944941
LINK-USD_2023-06-16,LINK-USD,2023-06-16,5.306131839752197,5.377121925354004,5.175273895263672,5.319080829620361,115615767.0,-0.3138756605954125,-0.2293894234037368,-0.2716325419995746,0.0024560572005207,0.0306137416370291,-0.0306137416370291
LINK-USD_2023-06-17,LINK-USD,2023-06-17,5.319244861602783,5.381583213806152,5.246589183807373,5.283658027648926,99730831.0,-0.3406378309415963,-0.2458732468491998,-0.293255538895398,-0.0066595720399992,0.0302009236293448,-0.0302009236293448
LINK-USD_2023-06-18,LINK-USD,2023-06-18,5.283245086669922,5.293396949768066,5.16032600402832,5.161345958709717,102460234.0,-0.3656862187806011,-0.241861966284686,-0.3037740925326436,-0.0231491266654958,0.0301479625460041,-0.0301479625460041
LINK-USD_2023-06-19,LINK-USD,2023-06-19,5.16119909286499,5.173816204071045,5.023810863494873,5.119155883789063,126273788.0,-0.3729846337651135,-0.2327013179801856,-0.3028429758726496,-0.0081742389016682,0.0301206123030436,-0.0301206123030436
LINK-USD_2023-06-20,LINK-USD,2023-06-20,5.119935035705566,5.267868995666504,5.010992050170898,5.263209819793701,156987980.0,-0.3863147094531016,-0.2267297355955723,-0.306522222524337,0.028140173746382,0.0295604805717461,-0.0295604805717461
LINK-USD_2023-06-21,LINK-USD,2023-06-21,5.263519763946533,5.576784133911133,5.252809047698975,5.563837051391602,205902871.0,-0.2839666300637975,-0.2347484523908134,-0.2593575412273055,0.0571186104850525,0.0285234729168535,-0.0285234729168535
LINK-USD_2023-06-22,LINK-USD,2023-06-22,5.563149929046631,5.785705089569092,5.54114294052124,5.5680670738220215,208397242.0,-0.2594425634152894,-0.2077483788199138,-0.2335954711176016,0.0007602707252833,0.0283128541234977,-0.0283128541234977
LINK-USD_2023-06-23,LINK-USD,2023-06-23,5.567982196807861,6.127710819244385,5.564657211303711,6.059010028839111,267367868.0,-0.1487344837746136,-0.209705190558306,-0.1792198371664598,0.0881711639799083,0.0299305064963922,-0.0299305064963922
LINK-USD_2023-06-24,LINK-USD,2023-06-24,6.0599870681762695,6.1637959480285645,5.980313777923584,6.136025905609131,158040287.0,-0.1453758656784387,-0.2337930550749131,-0.1895844603766759,0.0127109670397385,0.0299579304776034,-0.0299579304776034
LINK-USD_2023-06-25,LINK-USD,2023-06-25,6.136147975921631,6.351616859436035,6.0991058349609375,6.150530815124512,171279411.0,-0.1312724651934095,-0.2308843858999701,-0.1810784255466898,0.0023638931351515,0.0299240794676614,-0.0299240794676614
LINK-USD_2023-06-26,LINK-USD,2023-06-26,6.150455951690674,6.241480827331543,6.036485195159912,6.066921234130859,188779622.0,-0.1426596315363644,-0.2422453955854461,-0.1924525135609052,-0.0135938805132154,0.0299604766564499,-0.0299604766564499
LINK-USD_2023-06-27,LINK-USD,2023-06-27,6.066298961639404,6.242961883544922,6.056919097900391,6.198840141296387,172477998.0,-0.1475203326005236,-0.188280107242677,-0.1679002199216003,0.0217439623945316,0.0298766425737838,-0.0298766425737838
LINK-USD_2023-06-28,LINK-USD,2023-06-28,6.199094772338867,6.199192047119141,5.789371013641357,5.821579933166504,198238757.0,-0.1688479797888683,-0.2447666226820954,-0.2068073012354819,-0.0608598059525027,0.0304760639738491,-0.0304760639738491
LINK-USD_2023-06-29,LINK-USD,2023-06-29,5.821743011474609,6.144045829772949,5.803522109985352,5.90147876739502,196418758.0,-0.1769670436305358,-0.2564214715026304,-0.2166942575665831,0.0137245962686727,0.0303632905686266,-0.0303632905686266
LINK-USD_2023-06-30,LINK-USD,2023-06-30,5.900431156158447,6.416555881500244,5.866758823394775,6.308454036712647,393934018.0,-0.1052008552063842,-0.1538721938867527,-0.1295365245465685,0.0689615747778535,0.0316144026148081,-0.0316144026148081
LINK-USD_2023-07-01,LINK-USD,2023-07-01,6.308571815490723,6.507081031799316,6.158452033996582,6.497599124908447,256361613.0,-0.0960142759451729,-0.1191647818802976,-0.1075895289127353,0.0299827956413809,0.0317525623660986,-0.0317525623660986
LINK-USD_2023-07-02,LINK-USD,2023-07-02,6.497800827026367,6.542820930480957,6.3755412101745605,6.530424118041992,237259540.0,-0.073972689437009,-0.1283308333711504,-0.1011517614040797,0.0050518649277255,0.0316795347586461,-0.0316795347586461
LINK-USD_2023-07-03,LINK-USD,2023-07-03,6.530455112457275,6.677140235900879,6.487559795379639,6.620471954345703,203177968.0,-0.0406541287294948,-0.0904808128312484,-0.0655674707803716,0.0137889721518897,0.0316189155076784,-0.0316189155076784
LINK-USD_2023-07-04,LINK-USD,2023-07-04,6.620316982269287,6.622889041900635,6.428555011749268,6.526224136352539,166595461.0,-0.0658878624590018,-0.0926595464903389,-0.0792737044746703,-0.0142358156099882,0.0316264132495942,-0.0316264132495942
LINK-USD_2023-07-05,LINK-USD,2023-07-05,6.526516914367676,6.560704231262207,6.240610122680664,6.30457878112793,188222944.0,-0.1149073530785073,-0.1626013278766115,-0.1387543404775594,-0.033962265253808,0.031795290526106,-0.031795290526106
LINK-USD_2023-07-06,LINK-USD,2023-07-06,6.304771900177002,6.49544095993042,6.091969966888428,6.091969966888428,202108838.0,-0.1294341609298037,-0.1617804484260683,-0.145607304677936,-0.0337229213275791,0.0319918298184141,-0.0319918298184141
LINK-USD_2023-07-07,LINK-USD,2023-07-07,6.092577934265137,6.2125420570373535,6.053390026092529,6.154138088226318,135071054.0,-0.1495017471699511,-0.1143485998190153,-0.1319251734944832,0.0102049290583821,0.0317021333811394,-0.0317021333811394
LINK-USD_2023-07-08,LINK-USD,2023-07-08,6.154234886169434,6.209586143493652,6.1092610359191895,6.193655967712402,100745387.0,-0.1079945607674095,-0.0961395341037059,-0.1020670474355577,0.0064213507918657,0.0313354278870607,-0.0313354278870607
LINK-USD_2023-07-09,LINK-USD,2023-07-09,6.193630218505859,6.234523773193359,6.135863780975342,6.148781776428223,91096690.0,-0.1101147071474774,-0.1145477267889392,-0.1123312169682083,-0.007245186287083,0.0313411773383866,-0.0313411773383866
LINK-USD_2023-07-10,LINK-USD,2023-07-10,6.148634910583496,6.283438205718994,6.050355911254883,6.168487071990967,141129350.0,-0.0642175295453602,-0.1010918849987311,-0.0826547072720456,0.0032047479125516,0.0308195266945741,-0.0308195266945741
LINK-USD_2023-07-11,LINK-USD,2023-07-11,6.168666839599609,6.228000164031982,6.140872001647949,6.204080104827881,87991356.0,-0.0490757047883002,-0.0971183062471349,-0.0730970055177175,0.0057701398124883,0.030804543643517,-0.030804543643517
LINK-USD_2023-07-12,LINK-USD,2023-07-12,6.2040228843688965,6.326198101043701,6.2040228843688965,6.2490739822387695,127951075.0,-0.0525826176153414,-0.0509302583258319,-0.0517564379705867,0.0072523043949537,0.0307860527204067,-0.0307860527204067
LINK-USD_2023-07-13,LINK-USD,2023-07-13,6.249083995819092,7.092254161834717,6.225927829742432,7.092254161834717,348983524.0,0.1139168770647873,0.1515838838252918,0.1327503804450396,0.1349288201727887,0.0348814214119326,-0.0348814214119326
LINK-USD_2023-07-14,LINK-USD,2023-07-14,7.091519832611084,7.307501792907715,6.735441207885742,6.94493579864502,397701801.0,0.0487728145174735,0.1156442356436291,0.0822085250805513,-0.0207717264254931,0.0346609918516715,-0.0346609918516715
LINK-USD_2023-07-15,LINK-USD,2023-07-15,6.946206092834473,7.012141227722168,6.852272987365723,6.915660858154297,160863023.0,0.0638839826512109,0.1139953228638772,0.0889396527575441,-0.0042152931775748,0.0345770102290272,-0.0345770102290272
LINK-USD_2023-07-16,LINK-USD,2023-07-16,6.915881156921387,6.918647766113281,6.608549118041992,6.616024971008301,165245026.0,0.0110357797163698,0.0039524793660519,0.0074941295412108,-0.0433271517056382,0.0350288403904429,-0.0350288403904429
LINK-USD_2023-07-17,LINK-USD,2023-07-17,6.616044044494629,7.2302680015563965,6.527315139770508,7.191557884216309,426365381.0,0.0833839403226863,0.0612685283901728,0.0723262343564296,0.0869907407741079,0.0366410101801885,-0.0366410101801885
LINK-USD_2023-07-18,LINK-USD,2023-07-18,7.191413879394531,7.2856221199035645,6.858763217926025,6.923120021820068,415484020.0,0.0396567797541673,-0.0075725827172943,0.0160420985184365,-0.0373268027203667,0.0369725991989099,-0.0369725991989099
LINK-USD_2023-07-19,LINK-USD,2023-07-19,6.922605991363525,7.034389019012451,6.796350955963135,6.917884826660156,244366331.0,0.0242804460818095,0.0559913144070656,0.0401358802444375,-0.0007561901488652,0.0369360803439425,-0.0369360803439425
LINK-USD_2023-07-20,LINK-USD,2023-07-20,6.9177961349487305,8.342902183532715,6.796350955963135,8.342902183532715,1340159906.0,0.276685881288284,0.2499640292138507,0.2633249552510673,0.2059903268959935,0.0448227830251782,-0.0448227830251782
LINK-USD_2023-07-21,LINK-USD,2023-07-21,8.34203052520752,8.382515907287598,8.081622123718262,8.142471313476562,590804403.0,0.2510693910517181,0.1269272792691576,0.1889983351604378,-0.0240241184238938,0.0449570911494369,-0.0449570911494369
LINK-USD_2023-07-22,LINK-USD,2023-07-22,8.141176223754883,8.250190734863281,7.842010974884033,7.869027137756348,393677563.0,0.208293914249994,0.134916409796765,0.1716051620233795,-0.0335824549074724,0.0452106885006222,-0.0452106885006222
LINK-USD_2023-07-23,LINK-USD,2023-07-23,7.870645999908447,8.062042236328125,7.848306179046631,7.895740032196045,226085148.0,0.2280545606002444,0.1116632088666305,0.1698588847334374,0.0033946883105189,0.0451601005409451,-0.0451601005409451
LINK-USD_2023-07-24,LINK-USD,2023-07-24,7.895249843597412,7.895249843597412,7.530029773712158,7.590983867645264,318734106.0,0.1624906584935086,0.075554010631599,0.1190223345625538,-0.0385975428912417,0.0454551154056581,-0.0454551154056581
LINK-USD_2023-07-25,LINK-USD,2023-07-25,7.591040134429932,7.633493900299072,7.378264904022217,7.4025959968566895,211171478.0,0.1374033195356978,-0.0006722964737329,0.0683655115309824,-0.0248173193453264,0.045586649923415,-0.045586649923415
LINK-USD_2023-07-26,LINK-USD,2023-07-26,7.40288782119751,7.8159499168396,7.312085151672363,7.753373146057129,344200685.0,0.2254294824580847,0.079811257515761,0.1526203699869228,0.0473856940658907,0.0457499230745334,-0.0457499230745334
LINK-USD_2023-07-27,LINK-USD,2023-07-27,7.752411842346191,8.078426361083984,7.711304187774658,7.988918781280518,358551805.0,0.2722774732082098,0.0482347568569405,0.1602561150325752,0.0303797625609147,0.0458419690490754,-0.0458419690490754
LINK-USD_2023-07-28,LINK-USD,2023-07-28,7.988424777984619,8.060602188110352,7.801050186157227,7.801767826080322,202440235.0,0.2282010823097382,0.0825426288352983,0.1553718555725183,-0.0234263184197996,0.0459706088964731,-0.0459706088964731
LINK-USD_2023-07-29,LINK-USD,2023-07-29,7.801164150238037,7.874852180480957,7.739381790161133,7.852121829986572,139851311.0,0.2192357396425519,0.1083011468802679,0.1637684432614099,0.0064541787231764,0.0459551632720509,-0.0459551632720509
LINK-USD_2023-07-30,LINK-USD,2023-07-30,7.852007865905762,7.853650093078613,7.450922966003418,7.556169986724853,191427934.0,0.1381743313787287,0.040492191894667,0.0893332616366978,-0.0376906840812766,0.0461238832581556,-0.0461238832581556
LINK-USD_2023-07-31,LINK-USD,2023-07-31,7.556188106536865,7.682759761810303,7.470114231109619,7.544678211212158,207369511.0,0.1361979484387376,0.0977665069427986,0.1169822276907681,-0.0015208466105028,0.0461261298577856,-0.0461261298577856
LINK-USD_2023-08-01,LINK-USD,2023-08-01,7.544260025024414,7.628017902374268,7.358786106109619,7.628017902374268,232268252.0,0.1533740115242858,0.096714794397765,0.1250444029610254,0.0110461558238836,0.0461280541548563,-0.0461280541548563
LINK-USD_2023-08-02,LINK-USD,2023-08-02,7.627111911773682,7.697526931762695,7.3473219871521,7.349018096923828,256118824.0,0.1340911204802681,-0.0045384162906828,0.0647763520947926,-0.0365756621210339,0.046308281320959,-0.046308281320959
LINK-USD_2023-08-03,LINK-USD,2023-08-03,7.3493571281433105,7.39345121383667,7.112916946411133,7.125888824462891,211917322.0,0.1228138613648628,-0.0147691614739678,0.0540223499454474,-0.0303617802430417,0.0464046052345351,-0.0464046052345351
LINK-USD_2023-08-04,LINK-USD,2023-08-04,7.125502109527588,7.239910125732422,7.03703498840332,7.132810115814209,195205922.0,0.1047709861507273,-0.0608012222792464,0.0219848819357404,0.0009712881468986,0.0463681261990825,-0.0463681261990825
LINK-USD_2023-08-05,LINK-USD,2023-08-05,7.132656097412109,7.225706100463867,7.1020121574401855,7.220318794250488,131374587.0,0.1251998642517022,-0.0340041307485585,0.0455978667515718,0.0122684716143308,0.0463702712889051,-0.0463702712889051
LINK-USD_2023-08-06,LINK-USD,2023-08-06,7.220112800598144,7.252173900604248,7.084693908691406,7.1017937660217285,132458989.0,0.1000258950560384,-0.0216963614246415,0.0391647668156984,-0.0164154840812763,0.0464318615756677,-0.0464318615756677
LINK-USD_2023-08-07,LINK-USD,2023-08-07,7.101641178131104,7.349380016326904,6.99730396270752,7.296730041503906,221515032.0,0.2028998164405471,0.0079262864646096,0.1054130514525784,0.0274488786783477,0.0458261400863818,-0.0458261400863818
LINK-USD_2023-08-08,LINK-USD,2023-08-08,7.297016143798828,7.503108978271484,7.295584201812744,7.450203895568848,261043379.0,0.1900029216524914,0.0096472227320076,0.0998250721922495,0.0210332372435295,0.0457375403634677,-0.0457375403634677
LINK-USD_2023-08-09,LINK-USD,2023-08-09,7.450658798217773,7.862716197967529,7.386916160583496,7.694713115692139,630088444.0,0.3010866104364236,0.0504380703060627,0.1757623403712431,0.0328191313352803,0.0452460127852044,-0.0452460127852044
LINK-USD_2023-08-10,LINK-USD,2023-08-10,7.6936540603637695,7.705417156219482,7.568157196044922,7.608376979827881,207600389.0,0.2690539354502097,0.0567185630836408,0.1628862492669253,-0.0112201890526871,0.0452788664859667,-0.0452788664859667
LINK-USD_2023-08-11,LINK-USD,2023-08-11,7.608368873596191,7.626849174499512,7.412113189697266,7.484983921051025,137822792.0,0.2503258008895175,0.0285186641243881,0.1394222325069528,-0.0162180526942878,0.0453496113701423,-0.0453496113701423
LINK-USD_2023-08-12,LINK-USD,2023-08-12,7.485297203063965,7.523573875427246,7.396253108978271,7.439908027648926,114131085.0,0.4195249829048724,0.0423628003054412,0.2309438916051568,-0.0060221763837496,0.0422646652881728,-0.0422646652881728
LINK-USD_2023-08-13,LINK-USD,2023-08-13,7.439867973327637,7.54180097579956,7.339324951171875,7.369263172149658,149615460.0,0.4245266914201533,0.0217926056150621,0.2231596485176077,-0.0094953936576541,0.0422412159522024,-0.0422412159522024
LINK-USD_2023-08-14,LINK-USD,2023-08-14,7.368957996368408,7.601899147033691,7.323840141296387,7.414638042449951,211644082.0,0.4359607835604637,0.0095270501053732,0.2227439168329185,0.0061573144071955,0.0422278489690814,-0.0422278489690814
LINK-USD_2023-08-15,LINK-USD,2023-08-15,7.414547920227051,7.418262004852295,6.96796989440918,7.039225101470947,269056737.0,0.3297684756686641,-0.0375393757822021,0.1461145499432309,-0.0506313239877262,0.0427661066245753,-0.0427661066245753
LINK-USD_2023-08-16,LINK-USD,2023-08-16,7.039368152618408,7.057772159576416,6.655511856079102,6.753678798675537,269877959.0,0.2882413554707066,-0.068519912154667,0.1098607216580198,-0.0405650193990445,0.0431173474524487,-0.0431173474524487
LINK-USD_2023-08-17,LINK-USD,2023-08-17,6.753921985626221,6.852884769439697,5.89454984664917,6.209252834320068,430830557.0,0.1702215690709696,-0.1681692654482727,0.0010261518113484,-0.0806117644301112,0.0444294322030423,-0.0444294322030423
LINK-USD_2023-08-18,LINK-USD,2023-08-18,6.210072040557861,6.269668102264404,6.100881099700928,6.170827865600586,253807909.0,0.1601304930801392,-0.204006231812271,-0.0219378693660659,-0.0061883401666458,0.0444457956177536,-0.0444457956177536
LINK-USD_2023-08-19,LINK-USD,2023-08-19,6.171358108520508,6.254903793334961,6.133235931396484,6.172726154327393,144297324.0,0.1682675377600235,-0.2296885822620302,-0.0307105222510033,0.0003076230237095,0.044429328391816,-0.044429328391816
LINK-USD_2023-08-20,LINK-USD,2023-08-20,6.173062801361084,6.227668762207031,6.129395008087158,6.216061115264893,114581311.0,0.2043488588040403,-0.2360649214647413,-0.0158580313303505,0.0070203925873368,0.0443010558335783,-0.0443010558335783
LINK-USD_2023-08-21,LINK-USD,2023-08-21,6.216259956359863,6.243002891540527,6.087779998779297,6.179046154022217,184724506.0,0.2070439530059105,-0.2431648937443938,-0.0180604703692416,-0.0059547292982331,0.0442922047981398,-0.0442922047981398
LINK-USD_2023-08-22,LINK-USD,2023-08-22,6.179456233978272,6.238885879516602,5.958381175994873,6.108273029327393,202497001.0,0.1605604257606463,-0.2877811379198457,-0.0636103560795997,-0.0114537297392988,0.0442236341505265,-0.0442236341505265
LINK-USD_2023-08-23,LINK-USD,2023-08-23,6.10858678817749,6.420750141143799,6.10858678817749,6.345688819885254,195705371.0,0.1405238437560099,-0.1833468686627933,-0.0214115124533917,0.0388679074131046,0.0439240084651413,-0.0439240084651413
LINK-USD_2023-08-24,LINK-USD,2023-08-24,6.345841884613037,6.360294818878174,6.016817092895508,6.077850818634033,161660399.0,0.0915548857535739,-0.1916409119148167,-0.0500430130806213,-0.0422078688151089,0.0442912046391091,-0.0442912046391091
LINK-USD_2023-08-25,LINK-USD,2023-08-25,6.078170776367188,6.081770896911621,5.932309150695801,6.007421016693115,161052215.0,-0.0085144292385137,-0.1559825237757016,-0.0822484765071077,-0.0115879451540645,0.0429343338679968,-0.0429343338679968
LINK-USD_2023-08-26,LINK-USD,2023-08-26,6.007842063903809,6.033336162567139,5.966024875640869,6.002890110015869,99248480.0,-0.0216973978991121,-0.163918985574998,-0.0928081917370551,-0.0007542182684808,0.0429071936871775,-0.0429071936871775
LINK-USD_2023-08-27,LINK-USD,2023-08-27,6.003002166748047,6.035993099212647,5.964556217193604,6.023508071899414,88471317.0,-0.0206523220585679,-0.149213706023381,-0.0849330140409744,0.0034346725503342,0.042908152827245,-0.042908152827245
LINK-USD_2023-08-28,LINK-USD,2023-08-28,6.023434162139893,6.023979187011719,5.894219875335693,5.978857040405273,146306006.0,-0.0145154667956064,-0.1551043271873312,-0.0848098969914688,-0.0074127951620824,0.0428824076509062,-0.0428824076509062
LINK-USD_2023-08-29,LINK-USD,2023-08-29,5.9787678718566895,6.289259910583496,5.859785079956055,6.192354202270508,228799176.0,-0.0010463149360264,-0.1484122948091826,-0.0747293048726045,0.0357086915479689,0.0430291856673214,-0.0430291856673214
LINK-USD_2023-08-30,LINK-USD,2023-08-30,6.192354202270508,6.196891784667969,5.912936210632324,5.937586784362793,145867706.0,0.0199270391419654,-0.1522855809491974,-0.0661792709036159,-0.0411422553661903,0.0426431101670583,-0.0426431101670583
LINK-USD_2023-08-31,LINK-USD,2023-08-31,5.937490940093994,6.051632881164551,5.798701763153076,5.875496864318848,184716326.0,-0.0044026089223128,-0.1805905358676055,-0.0924965723949591,-0.0104570968474035,0.0426369995275499,-0.0426369995275499
LINK-USD_2023-09-01,LINK-USD,2023-09-01,5.875308990478516,6.022887229919434,5.83946418762207,5.933749198913574,175504949.0,-0.0593972525785941,-0.1583494660168006,-0.1088733592976974,0.0099144525033254,0.0417537492140512,-0.0417537492140512
LINK-USD_2023-09-02,LINK-USD,2023-09-02,5.933976173400879,5.988725185394287,5.9076828956604,5.966878890991211,90715242.0,-0.0816794363140577,-0.1698513203219266,-0.1257653783179921,0.0055832646387721,0.041582421677081,-0.041582421677081
LINK-USD_2023-09-03,LINK-USD,2023-09-03,5.967240810394287,6.051942825317383,5.953656196594238,6.025086879730225,103897670.0,-0.0773819937537658,-0.145630528998811,-0.1115062613762884,0.0097551818634857,0.0415968623051196,-0.0415968623051196
LINK-USD_2023-09-04,LINK-USD,2023-09-04,6.025191783905029,6.143789768218994,5.963781833648682,6.011154174804688,134425665.0,-0.0920353992499063,-0.128947909010625,-0.1104916541302656,-0.0023124488001009,0.0415572476146238,-0.0415572476146238
LINK-USD_2023-09-05,LINK-USD,2023-09-05,6.011254787445068,6.144128799438477,5.927571773529053,6.135129928588867,130728241.0,-0.0599265669692815,-0.1218659960261711,-0.0908962814977263,0.0206242844849686,0.0416065919187775,-0.0416065919187775
LINK-USD_2023-09-06,LINK-USD,2023-09-06,6.135210037231445,6.309278964996338,6.11600399017334,6.293778896331787,189270155.0,-0.0017130224192726,-0.1164235366258171,-0.0590682795225449,0.0258591047931417,0.0415056389951228,-0.0415056389951228
LINK-USD_2023-09-07,LINK-USD,2023-09-07,6.293697834014893,6.446146965026856,6.211489200592041,6.384524822235107,151084672.0,0.0480230298141319,-0.0876269516849709,-0.0198019609354194,0.0144183530114492,0.0413029981454226,-0.0413029981454226
LINK-USD_2023-09-08,LINK-USD,2023-09-08,6.38436222076416,6.388906955718994,6.18887996673584,6.27710485458374,112409151.0,0.0199811516404992,-0.1325078126101742,-0.0562633304848374,-0.0168250528648992,0.041351849739036,-0.041351849739036
LINK-USD_2023-09-09,LINK-USD,2023-09-09,6.277040958404541,6.281607151031494,6.166738986968994,6.16731595993042,72841579.0,-0.0042527398872803,-0.1117880278785049,-0.0580203838828926,-0.017490371309179,0.0414119722693769,-0.0414119722693769
LINK-USD_2023-09-10,LINK-USD,2023-09-10,6.1674580574035645,6.168023109436035,5.984661102294922,6.017714023590088,133943336.0,-0.021316052122811,-0.1290835484332447,-0.0751998002780279,-0.0242572193985696,0.0415201160868788,-0.0415201160868788
LINK-USD_2023-09-11,LINK-USD,2023-09-11,6.017727851867676,6.026423931121826,5.760214805603027,5.823768138885498,170606718.0,-0.0558838705637759,-0.1165126760000978,-0.0861982732819369,-0.0322291627591974,0.0417217988893414,-0.0417217988893414
LINK-USD_2023-09-12,LINK-USD,2023-09-12,5.823766231536865,6.037702083587647,5.8164567947387695,5.9593892097473145,145302161.0,-0.0394403184591626,-0.0865804618220044,-0.0630103901405835,0.0232875120759479,0.0418198468444971,-0.0418198468444971
LINK-USD_2023-09-13,LINK-USD,2023-09-13,5.959651947021484,6.047970771789551,5.938476085662842,6.021813869476318,136798403.0,-0.0363670062809904,-0.0870373515112439,-0.0617021788961171,0.0104750096917483,0.041830616390844,-0.041830616390844
LINK-USD_2023-09-14,LINK-USD,2023-09-14,6.021799087524414,6.203810214996338,6.0179948806762695,6.153502941131592,135392362.0,-0.1323628848152104,-0.0335243742278579,-0.0829436295215341,0.021868671883531,0.0382284546163747,-0.0382284546163747
LINK-USD_2023-09-15,LINK-USD,2023-09-15,6.153450965881348,6.363574028015137,6.113072872161865,6.36220121383667,122671586.0,-0.0839078433125392,-0.0392274504735093,-0.0615676468930243,0.0339153608443225,0.0384059117778609,-0.0384059117778609
LINK-USD_2023-09-16,LINK-USD,2023-09-16,6.362059116363525,6.406363010406494,6.2027130126953125,6.283411979675293,104260909.0,-0.0914227709320817,-0.0333792389930214,-0.0624010049625515,-0.0123839582423177,0.0384317408503128,-0.0384317408503128
LINK-USD_2023-09-17,LINK-USD,2023-09-17,6.283102035522461,6.283102035522461,6.092554092407227,6.143582820892334,91847802.0,-0.0714087616334926,-0.0611610332803288,-0.0662848974569107,-0.0222536989831733,0.0381465665456957,-0.0381465665456957
LINK-USD_2023-09-18,LINK-USD,2023-09-18,6.143876075744629,6.803361892700195,6.122247219085693,6.565754890441895,344933504.0,-0.0870191137789345,-0.0108911700465239,-0.0489551419127292,0.0687175678846374,0.037535179043347,-0.037535179043347
LINK-USD_2023-09-19,LINK-USD,2023-09-19,6.565842151641846,6.932013988494873,6.542952060699463,6.863012790679932,246297612.0,-0.0086821015598014,0.0306303740050055,0.010974136222602,0.0452739867994111,0.0376806468998994,-0.0376806468998994
LINK-USD_2023-09-20,LINK-USD,2023-09-20,6.8620429039001465,7.008670806884766,6.765099048614502,6.910942077636719,219394013.0,-0.0010035941906233,0.0232524841765526,0.0111244449929646,0.0069837094026512,0.0376890262998081,-0.0376890262998081
LINK-USD_2023-09-21,LINK-USD,2023-09-21,6.910778045654297,6.926135063171387,6.633869171142578,6.682000160217285,185760116.0,-0.1990796471992361,0.0225237064571666,-0.0882779703710347,-0.0331274542381525,0.027278525140166,-0.027278525140166
LINK-USD_2023-09-22,LINK-USD,2023-09-22,6.679679870605469,6.953512191772461,6.634861946105957,6.939219951629639,165417232.0,-0.147774713047552,0.0661929707864747,-0.0407908711305386,0.0384944305963603,0.0276416530333516,-0.0276416530333516
LINK-USD_2023-09-23,LINK-USD,2023-09-23,6.939809799194336,7.211606025695801,6.93797779083252,7.1928229331970215,262777665.0,-0.0859323767375046,0.1044623464010294,0.0092649848317624,0.0365463241308305,0.0277675176935271,-0.0277675176935271
LINK-USD_2023-09-24,LINK-USD,2023-09-24,7.192973136901856,7.236172199249268,6.981841087341309,6.989484786987305,166551130.0,-0.1147777461660782,0.0871012259655747,-0.0138382601002517,-0.0282695887411951,0.0279716929852837,-0.0279716929852837
LINK-USD_2023-09-25,LINK-USD,2023-09-25,6.988705158233643,7.495351791381836,6.953980922698975,7.484897136688232,262742575.0,-0.0139753598224863,0.1462444332507828,0.0661345367141482,0.0708796663558468,0.0290140095346638,-0.0290140095346638
LINK-USD_2023-09-26,LINK-USD,2023-09-26,7.484570026397705,7.549048900604248,7.263105869293213,7.363938808441162,210855209.0,-0.0052221124092064,0.1314636715464778,0.0631207795686357,-0.0161603193788966,0.0289139864481074,-0.0289139864481074
LINK-USD_2023-09-27,LINK-USD,2023-09-27,7.363495826721191,7.823417186737059,7.286083221435547,7.642251014709473,364494378.0,-0.0143321015581671,0.2078665026631232,0.096767200552478,0.0377939325010803,0.0286865617643848,-0.0286865617643848
LINK-USD_2023-09-28,LINK-USD,2023-09-28,7.642066955566406,7.999269008636475,7.587073802947998,7.822662830352783,339484086.0,-0.0208108200220162,0.2458003356952083,0.112494757836596,0.023607156490419,0.0285840555702163,-0.0285840555702163
LINK-USD_2023-09-29,LINK-USD,2023-09-29,7.822395801544189,8.044210433959961,7.693887233734131,7.954563140869141,238679058.0,0.019584704158722,0.2522550371541965,0.1359198706564592,0.0168613058464657,0.0285004873017474,-0.0285004873017474
LINK-USD_2023-09-30,LINK-USD,2023-09-30,7.954434871673584,8.246541976928711,7.951024055480957,8.180992126464844,267527894.0,0.0418829844466173,0.2703009711627608,0.156091977804689,0.0284652948987671,0.0287062382418062,-0.0287062382418062
LINK-USD_2023-10-01,LINK-USD,2023-10-01,8.180946350097656,8.236618041992188,7.80671501159668,8.047098159790039,292177704.0,0.0649705040950217,0.2121220914364188,0.1385462977657202,-0.016366470545995,0.0283656839317466,-0.0283656839317466
LINK-USD_2023-10-02,LINK-USD,2023-10-02,8.046419143676758,8.077347755432129,7.4148101806640625,7.471463203430176,368441675.0,-0.0097041922441671,0.1251720651196597,0.0577339364377462,-0.0715332340838356,0.0298161783789683,-0.0298161783789683
LINK-USD_2023-10-03,LINK-USD,2023-10-03,7.470973014831543,7.711099147796631,7.391942977905273,7.419229030609131,283659403.0,-0.0273713138114358,0.1218046495128999,0.047216667850732,-0.006991157073097,0.0297977690062216,-0.0297977690062216
LINK-USD_2023-10-04,LINK-USD,2023-10-04,7.419530868530273,7.741462230682373,7.27867317199707,7.679328918457031,297567464.0,0.0449462522988568,0.1850642661112673,0.1150052592050621,0.0350575358672471,0.0297463192097822,-0.0297463192097822
LINK-USD_2023-10-05,LINK-USD,2023-10-05,7.679605960845947,7.767576217651367,7.474690914154053,7.474690914154053,201986079.0,0.0489485730529135,0.1777739976827048,0.1133612853678092,-0.0266479019815308,0.0296865124276541,-0.0296865124276541
LINK-USD_2023-10-06,LINK-USD,2023-10-06,7.474508762359619,7.73701810836792,7.47031307220459,7.652021884918213,172180524.0,0.0727920357718279,0.1851895152942886,0.1289907755330582,0.0237241877692049,0.0298218510160796,-0.0298218510160796
LINK-USD_2023-10-07,LINK-USD,2023-10-07,7.652009963989258,7.674979209899902,7.494783878326416,7.532812118530273,139264476.0,0.0432797128748141,0.1738981913032957,0.1085889520890549,-0.0155788585266459,0.0298668425871843,-0.0298668425871843
LINK-USD_2023-10-08,LINK-USD,2023-10-08,7.533135890960693,7.894826889038086,7.521255016326904,7.69350004196167,236631640.0,0.083317862421032,0.1916777012398902,0.1374977818304611,0.0213317312184269,0.0298881416154824,-0.0298881416154824
LINK-USD_2023-10-09,LINK-USD,2023-10-09,7.693662166595459,7.693662166595459,7.217802047729492,7.283275127410889,259756652.0,-0.0018439649016046,0.2006817113988841,0.0994188732486397,-0.053320973849788,0.0304925768583901,-0.0304925768583901
LINK-USD_2023-10-10,LINK-USD,2023-10-10,7.283233165740967,7.3694047927856445,7.198162078857422,7.266600131988525,178412540.0,-0.0246441260070109,0.1606763397025763,0.0680161068477827,-0.002289491352538,0.0303797780364082,-0.0303797780364082
LINK-USD_2023-10-11,LINK-USD,2023-10-11,7.266533851623535,7.413392066955566,7.172318935394287,7.393107891082764,205922750.0,-0.0391964222804225,0.2500886702303539,0.1054461239749657,0.0174094840498151,0.0301731022043291,-0.0301731022043291
LINK-USD_2023-10-12,LINK-USD,2023-10-12,7.39296293258667,7.403089046478271,7.1297688484191895,7.201082229614258,181954738.0,-0.0535324092501574,0.2011184208171661,0.0737930057835043,-0.0259736046460404,0.0303170445903506,-0.0303170445903506
LINK-USD_2023-10-13,LINK-USD,2023-10-13,7.201073169708252,7.366612911224365,7.133205890655518,7.259515762329102,196017223.0,-0.030122731204246,0.2126625728715887,0.0912699208336713,0.0081145487374851,0.0302674716589542,-0.0302674716589542
LINK-USD_2023-10-14,LINK-USD,2023-10-14,7.259679794311523,7.359321117401123,7.2261128425598145,7.322572231292725,96862815.0,-0.0157711353312629,0.397137462293371,0.190683163481054,0.0086860433984914,0.0302772479621145,-0.0302772479621145
LINK-USD_2023-10-15,LINK-USD,2023-10-15,7.322925090789795,7.530235767364502,7.301857948303223,7.422249794006348,147073216.0,0.0071902197843793,0.4347693514201791,0.2209797856022792,0.0136123700204218,0.0302978470391393,-0.0302978470391393
LINK-USD_2023-10-16,LINK-USD,2023-10-16,7.422501087188721,7.736898899078369,7.422501087188721,7.539670944213867,261897427.0,0.0168629811796723,0.4601753632283913,0.2385191722040318,0.0158201560802144,0.0303510106300629,-0.0303510106300629
LINK-USD_2023-10-17,LINK-USD,2023-10-17,7.539125919342041,7.550541877746582,7.299335956573486,7.332848072052002,164985669.0,0.0417123996389456,0.3852363097530271,0.2134743546959864,-0.0274312862845276,0.0298545752426746,-0.0298545752426746
LINK-USD_2023-10-18,LINK-USD,2023-10-18,7.332684993743896,7.47028112411499,7.299077033996582,7.3619208335876465,150034960.0,0.0900608472868729,0.4042614634543882,0.2471611553706305,0.0039647298362079,0.0293757689468494,-0.0293757689468494
LINK-USD_2023-10-19,LINK-USD,2023-10-19,7.36171293258667,7.420115947723389,7.263082027435303,7.310982227325439,143494390.0,0.1774334887630666,0.3778580646970217,0.2776457767300442,-0.0069192004931387,0.0274451592558837,-0.0274451592558837
LINK-USD_2023-10-20,LINK-USD,2023-10-20,7.311013221740723,7.68657112121582,7.282461166381836,7.581277847290039,216886149.0,0.2285673838922062,0.425298484857042,0.3269329343746241,0.0369711772727809,0.0277499357131908,-0.0277499357131908
LINK-USD_2023-10-21,LINK-USD,2023-10-21,7.581029891967773,9.125328063964844,7.5393757820129395,8.90384578704834,802185950.0,0.4424495052005983,0.6851669317838673,0.5638082184922328,0.1744518491999418,0.03510904165128,-0.03510904165128
LINK-USD_2023-10-22,LINK-USD,2023-10-22,8.904644966125488,10.166531562805176,8.874204635620117,10.132683753967283,1068818174.0,0.6300811021764683,0.963186315164262,0.7966337086703651,0.1380120451666435,0.038827354876197,-0.038827354876197
LINK-USD_2023-10-23,LINK-USD,2023-10-23,10.368067741394045,10.90561866760254,9.835515975952148,10.54612159729004,1504664712.0,0.7067555953478515,1.0601290206236271,0.8834423079857393,0.0408024027356901,0.0389932263358526,-0.0389932263358526
LINK-USD_2023-10-24,LINK-USD,2023-10-24,10.545737266540527,11.023963928222656,9.8414945602417,10.394031524658203,1070416055.0,0.7016317827893055,0.974846506321804,0.8382391445555548,-0.014421422247864,0.0390204080001318,-0.0390204080001318
LINK-USD_2023-10-25,LINK-USD,2023-10-25,10.393536567687988,11.610102653503418,10.363656997680664,11.026677131652832,1220132695.0,0.7376643331609543,0.9818476044144552,0.8597559687877048,0.0608662390039684,0.0393869774732009,-0.0393869774732009
LINK-USD_2023-10-26,LINK-USD,2023-10-26,11.026559829711914,11.32233715057373,10.44686508178711,10.929611206054688,753017604.0,0.7982690809958155,0.9629094012605716,0.8805892411281936,-0.0088028264942582,0.0389009680155724,-0.0389009680155724
LINK-USD_2023-10-27,LINK-USD,2023-10-27,10.929754257202148,11.365532875061035,10.663597106933594,11.204940795898438,851123699.0,0.8651832066976359,0.8493022362673448,0.8572427214824904,0.025191160477074,0.0388466522079256,-0.0388466522079256
LINK-USD_2023-10-28,LINK-USD,2023-10-28,11.204375267028809,11.594693183898926,10.879768371582031,10.925374031066896,561267315.0,0.8200189959895858,0.780529319649657,0.8002741578196214,-0.0249503116459014,0.039080157617056,-0.039080157617056
LINK-USD_2023-10-29,LINK-USD,2023-10-29,10.925806999206545,11.256047248840332,10.813075065612791,11.103344917297363,409439965.0,0.8433352765137254,0.8052661227212445,0.824300699617485,0.0162896836048265,0.0390774588279311,-0.0390774588279311
LINK-USD_2023-10-30,LINK-USD,2023-10-30,11.100871086120604,11.6390380859375,10.934321403503418,11.237469673156738,623788293.0,0.8795347667980054,0.8522524422993611,0.8658936045486832,0.0120796712034432,0.0390106719992734,-0.0390106719992734
LINK-USD_2023-10-31,LINK-USD,2023-10-31,11.237017631530762,11.923242568969728,11.047531127929688,11.37502670288086,812962667.0,0.8369470368329475,0.8350250117116196,0.8359860242722835,0.0122409255575306,0.0388806436873173,-0.0388806436873173
LINK-USD_2023-11-01,LINK-USD,2023-11-01,11.373188018798828,11.715620994567873,10.73907470703125,11.624006271362305,733607053.0,0.9576987576796764,0.9967098974521362,0.9772043275659064,0.0218882623298271,0.0383398975769307,-0.0383398975769307
LINK-USD_2023-11-02,LINK-USD,2023-11-02,11.62542724609375,11.703694343566896,10.8971586227417,11.004575729370115,566080359.0,0.8729608718199677,0.8647149575745503,0.868837914697259,-0.0532889029420313,0.0391060261883673,-0.0391060261883673
LINK-USD_2023-11-03,LINK-USD,2023-11-03,11.00499439239502,11.562373161315918,10.637041091918944,11.48477268218994,565613053.0,0.9355001866766997,0.8205367932227474,0.8780184899497235,0.0436361168871077,0.039324848805935,-0.039324848805935
LINK-USD_2023-11-04,LINK-USD,2023-11-04,11.483939170837402,11.606757164001465,11.215262413024902,11.49703598022461,342056656.0,0.9268090052209416,0.7694283317896446,0.848118668505293,0.001067787615308,0.0393394849403063,-0.0393394849403063
LINK-USD_2023-11-05,LINK-USD,2023-11-05,11.497302055358888,12.48479175567627,11.401623725891112,12.227702140808104,795814450.0,1.0294648666303718,0.872420828997293,0.9509428478138324,0.0635525679697159,0.0398878080707291,-0.0398878080707291
LINK-USD_2023-11-06,LINK-USD,2023-11-06,12.226930618286133,13.197270393371582,12.171920776367188,13.009284019470217,757695242.0,1.1641907096639903,0.9650085536471268,1.0645996316555584,0.0639189497472056,0.0403730720372014,-0.0403730720372014
LINK-USD_2023-11-07,LINK-USD,2023-11-07,13.005666732788086,13.25248908996582,12.59795093536377,13.068292617797852,870526793.0,1.1300759348064324,1.0024277966495996,1.066251865728016,0.0045358836227513,0.0403755877244439,-0.0403755877244439
LINK-USD_2023-11-08,LINK-USD,2023-11-08,13.066696166992188,14.93785572052002,12.910887718200684,14.93785572052002,1005098859.0,1.3734319184975297,1.3693661764105265,1.371399047454028,0.1430610070802966,0.0435595150828964,-0.0435595150828964
LINK-USD_2023-11-09,LINK-USD,2023-11-09,14.937724113464355,15.870617866516112,14.068531036376951,14.635876655578612,1596172473.0,1.2923987396222314,1.4024866726409884,1.34744270613161,-0.0202156902966054,0.0437811674322115,-0.0437811674322115
LINK-USD_2023-11-10,LINK-USD,2023-11-10,14.634550094604492,15.591740608215332,14.226293563842772,15.509591102600098,1143584462.0,1.4708191852609414,1.520188998077895,1.4955040916694182,0.059696762112877,0.0439689131950643,-0.0439689131950643
LINK-USD_2023-11-11,LINK-USD,2023-11-11,15.508254051208496,16.526731491088867,14.812256813049316,16.422510147094727,1161712114.0,1.662829382148277,1.6515050614217928,1.6571672217850348,0.0588615804540186,0.0441006501672597,-0.0441006501672597
LINK-USD_2023-11-12,LINK-USD,2023-11-12,16.424089431762695,16.461442947387695,15.599924087524414,16.001081466674805,869502682.0,1.658996656196828,1.6023173448789565,1.6306570005378922,-0.025661648350053,0.0441219763153713,-0.0441219763153713
LINK-USD_2023-11-13,LINK-USD,2023-11-13,16.00384521484375,16.256441116333008,14.39018726348877,14.40780544281006,860588317.0,1.4739661846440373,1.3357113786022312,1.4048387816231342,-0.0995730211850389,0.04609470582185,-0.04609470582185
LINK-USD_2023-11-14,LINK-USD,2023-11-14,14.405027389526367,14.887002944946287,13.557037353515623,13.968098640441896,969166361.0,1.3438809161172678,1.251437506355249,1.2976592112362584,-0.0305186521371019,0.0464450371017148,-0.0464450371017148
LINK-USD_2023-11-15,LINK-USD,2023-11-15,13.969076156616213,15.312110900878906,13.969076156616213,15.017497062683104,791466905.0,1.4938494261346351,1.4031555883905529,1.448502507262594,0.0751282224771008,0.047061808778691,-0.047061808778691
LINK-USD_2023-11-16,LINK-USD,2023-11-16,15.019618034362791,15.170623779296877,13.665895462036133,13.88802433013916,885340024.0,1.256929827287161,0.9581960845219376,1.1075629559045497,-0.0752104513707923,0.0484248884841023,-0.0484248884841023
LINK-USD_2023-11-17,LINK-USD,2023-11-17,13.888394355773926,14.238204956054688,12.952098846435549,13.68433952331543,751633448.0,1.1508812851681576,0.970405475308395,1.0606433802382762,-0.0146662190374842,0.0484913612789547,-0.0484913612789547
LINK-USD_2023-11-18,LINK-USD,2023-11-18,13.68793773651123,13.784717559814451,13.040725708007812,13.74829387664795,473907572.0,1.1880299940731276,0.9879942291324556,1.0880121116027917,0.0046735433028064,0.0483928784783684,-0.0483928784783684
LINK-USD_2023-11-19,LINK-USD,2023-11-19,13.749320030212402,15.017291069030762,13.429086685180664,14.939276695251465,678152582.0,1.431688011830463,1.2580441822266395,1.344866097028551,0.0866276811718762,0.0490310755270125,-0.0490310755270125
LINK-USD_2023-11-20,LINK-USD,2023-11-20,14.93897533416748,15.371983528137209,14.426511764526367,14.465622901916504,709689300.0,1.2031926478057913,1.0114727761094673,1.1073327119576293,-0.0317052694716816,0.0489002727994466,-0.0489002727994466
LINK-USD_2023-11-21,LINK-USD,2023-11-21,14.467403411865234,14.650261878967283,13.424551010131836,13.5319185256958,812724915.0,0.9717169322593042,0.9545982856062488,0.9631576089327764,-0.0645464341599143,0.049709295956787,-0.049709295956787
LINK-USD_2023-11-22,LINK-USD,2023-11-22,13.513437271118164,14.596335411071776,13.406854629516602,14.236408233642578,663443199.0,1.0599808352772206,1.0579134504781411,1.0589471428776809,0.0520613323682832,0.0499595505663816,-0.0499595505663816
LINK-USD_2023-11-23,LINK-USD,2023-11-23,14.232728004455566,14.789417266845703,14.172412872314451,14.402031898498535,587203129.0,1.1553474338782732,0.7262616271500075,0.9408045305141404,0.0116338097459558,0.0496140034168372,-0.0496140034168372
LINK-USD_2023-11-24,LINK-USD,2023-11-24,14.402276992797852,14.758118629455566,14.28989315032959,14.46033000946045,484485830.0,1.083855261867657,0.7759141485125323,0.9298847051900944,0.0040479087515417,0.0495231376929311,-0.0495231376929311
LINK-USD_2023-11-25,LINK-USD,2023-11-25,14.46083164215088,14.934152603149414,14.44787311553955,14.756277084350586,401143324.0,1.051527921846369,0.8752352515787565,0.9633815867125626,0.0204661356066229,0.0494406215779757,-0.0494406215779757
LINK-USD_2023-11-26,LINK-USD,2023-11-26,14.757086753845217,15.283394813537598,14.563508987426758,14.789013862609863,534766653.0,1.1158947065945912,0.8730370810469288,0.99446589382076,0.0022184984784539,0.0491823099744964,-0.0491823099744964
LINK-USD_2023-11-27,LINK-USD,2023-11-27,14.787519454956056,15.242313385009766,13.937414169311523,14.20132827758789,629034297.0,0.8973311213561193,0.8708152362327661,0.8840731787944427,-0.0397379832409097,0.0490613922070392,-0.0490613922070392
LINK-USD_2023-11-28,LINK-USD,2023-11-28,14.200359344482422,14.672588348388672,13.832695960998535,14.519681930541992,602325961.0,0.9717276729538163,0.9614310894053084,0.9665793811795624,0.0224171744171648,0.0489529450438541,-0.0489529450438541
LINK-USD_2023-11-29,LINK-USD,2023-11-29,14.519965171813965,14.959171295166016,14.450840950012209,14.511725425720217,535989113.0,0.8988810231159221,0.8716660674457484,0.8852735452808352,-0.000547980655488,0.0488650528872666,-0.0488650528872666
LINK-USD_2023-11-30,LINK-USD,2023-11-30,14.51296329498291,14.794313430786133,14.309826850891112,14.404431343078612,519218596.0,0.8413718775130956,0.8030514187765685,0.822211648144832,-0.0073936130607488,0.0488958912553116,-0.0488958912553116
LINK-USD_2023-12-01,LINK-USD,2023-12-01,14.404644966125488,15.015857696533203,14.30939483642578,14.98322868347168,515864142.0,0.8836017035920549,0.92049148570977,0.9020465946509124,0.0401818944884055,0.0490300289952907,-0.0490300289952907
LINK-USD_2023-12-02,LINK-USD,2023-12-02,14.982871055603027,16.168455123901367,14.940643310546877,15.994240760803224,693342917.0,0.9550490348307704,1.0369323231489616,0.995990678989866,0.0674762495246978,0.0494951484326477,-0.0494951484326477
LINK-USD_2023-12-03,LINK-USD,2023-12-03,15.993650436401367,16.249324798583984,15.74077320098877,15.7426118850708,549786104.0,0.9563091654248628,1.083411558068227,1.019860361746545,-0.0157324676735569,0.0494893798738753,-0.0494893798738753
LINK-USD_2023-12-04,LINK-USD,2023-12-04,15.741615295410156,16.350549697875977,15.466705322265623,15.764348983764648,981896557.0,1.1099413266904907,1.0894660504323728,1.0997036885614315,0.001380780956333,0.0483467219079514,-0.0483467219079514
LINK-USD_2023-12-05,LINK-USD,2023-12-05,15.769146919250488,16.020591735839844,15.222803115844728,15.720780372619627,656438313.0,1.1189237194001174,1.060925993333922,1.0899248563670196,-0.0027637431263347,0.0483214096280887,-0.0483214096280887
LINK-USD_2023-12-06,LINK-USD,2023-12-06,15.721412658691406,16.122791290283203,15.29030704498291,15.29030704498291,702626733.0,0.9910993795607748,1.0805918346266106,1.0358456070936928,-0.0273824401482294,0.0485037686585778,-0.0485037686585778
LINK-USD_2023-12-07,LINK-USD,2023-12-07,15.292208671569824,15.781214714050291,14.827383041381836,15.712053298950195,778907366.0,1.10203384720536,1.2049254045349889,1.1534796258701745,0.0275825889386354,0.0482855917619357,-0.0482855917619357
LINK-USD_2023-12-08,LINK-USD,2023-12-08,15.711419105529783,17.103321075439453,15.595531463623049,16.942026138305664,988810739.0,1.2140587668335905,1.37522461178987,1.2946416893117303,0.0782821198447467,0.0489660473510809,-0.0489660473510809
LINK-USD_2023-12-09,LINK-USD,2023-12-09,16.938854217529297,17.26832389831543,16.160245895385742,16.218416213989258,865532067.0,1.153036071893113,1.2462188548937645,1.1996274633934387,-0.0427109436857929,0.0493467588922338,-0.0493467588922338
LINK-USD_2023-12-10,LINK-USD,2023-12-10,16.221242904663086,16.432838439941406,15.888251304626465,16.333545684814453,458733835.0,1.12303185750679,1.299918333726009,1.2114750956163995,0.0070986876465712,0.0493424611980696,-0.0493424611980696
LINK-USD_2023-12-11,LINK-USD,2023-12-11,16.33810806274414,16.421165466308594,14.312495231628418,14.76536464691162,1146416406.0,1.0272973886900956,1.0235591234602364,1.025428256075166,-0.0960098357186949,0.0505487706731029,-0.0505487706731029
LINK-USD_2023-12-12,LINK-USD,2023-12-12,14.765403747558594,15.114489555358888,14.226643562316896,14.521307945251465,604737208.0,0.9983634273925112,0.949115507280048,0.9737394673362796,-0.0165289992828725,0.0506477094633055,-0.0506477094633055
LINK-USD_2023-12-13,LINK-USD,2023-12-13,14.521306037902832,14.915492057800291,13.975855827331545,14.778791427612305,643456906.0,0.9989957735417094,0.9206422910651886,0.959819032303449,0.0177314249743625,0.0506482521246883,-0.0506482521246883
LINK-USD_2023-12-14,LINK-USD,2023-12-14,14.77792739868164,15.51260471343994,14.668207168579102,15.393107414245604,716806418.0,1.1376102818187328,1.023178853395068,1.0803945676069004,0.0415674035080788,0.0505401833529334,-0.0505401833529334
LINK-USD_2023-12-15,LINK-USD,2023-12-15,15.393260955810549,15.393260955810549,14.327272415161133,14.327272415161133,489878330.0,0.9735851376627432,0.9141353630522332,0.9438602503574882,-0.0692410551295243,0.051598079601246,-0.051598079601246
LINK-USD_2023-12-16,LINK-USD,2023-12-16,14.32780933380127,14.76237678527832,14.198896408081056,14.318156242370604,369999033.0,0.9553451697181664,0.9245071564272096,0.939926163072688,-0.0006362811096466,0.0516214605297961,-0.0516214605297961
LINK-USD_2023-12-17,LINK-USD,2023-12-17,14.31942081451416,14.34474754333496,13.949809074401855,14.020898818969728,336120331.0,0.8890362367340365,0.9026188224568112,0.8958275295954239,-0.020760873004111,0.05178528027279,-0.05178528027279
LINK-USD_2023-12-18,LINK-USD,2023-12-18,14.018386840820312,14.64920425415039,13.704800605773926,14.645723342895508,691112282.0,0.9424883991966524,0.9752445445140374,0.9588664718553448,0.0445637995105148,0.051950934203468,-0.051950934203468
LINK-USD_2023-12-19,LINK-USD,2023-12-19,14.647416114807127,14.779111862182615,13.983527183532717,14.095596313476562,412165750.0,0.9222539693955631,1.0024357951745406,0.962344882285052,-0.0375622983268905,0.0520900965657689,-0.0520900965657689
LINK-USD_2023-12-20,LINK-USD,2023-12-20,14.095105171203612,14.781496047973633,14.026620864868164,14.225022315979004,446154609.0,0.9322433149619728,1.106262785071844,1.0192530500169084,0.0091820168245524,0.0520817050656748,-0.0520817050656748
LINK-USD_2023-12-21,LINK-USD,2023-12-21,14.227266311645508,15.28655242919922,14.20758056640625,15.28655242919922,612613684.0,1.0909026932201242,1.4618988527422627,1.2764007729811937,0.0746241439655104,0.052619254220962,-0.052619254220962
LINK-USD_2023-12-22,LINK-USD,2023-12-22,15.287428855895996,15.6690673828125,15.128263473510742,15.497312545776367,598902011.0,1.044155729144784,1.5113830564236728,1.2777693927842284,0.013787289027614,0.052530633403688,-0.052530633403688
LINK-USD_2023-12-23,LINK-USD,2023-12-23,15.496829986572266,15.86966323852539,14.965622901916504,15.687339782714844,560613729.0,0.7618611280907257,1.5413957124466355,1.1516284202686806,0.0122619477652765,0.0482796583296373,-0.0482796583296373
LINK-USD_2023-12-24,LINK-USD,2023-12-24,15.688363075256348,15.91864776611328,15.255575180053713,15.31032657623291,571354195.0,0.5109843500482689,1.4630270346980772,0.987005692373173,-0.0240329598073312,0.0456006196578247,-0.0456006196578247
LINK-USD_2023-12-25,LINK-USD,2023-12-25,15.308767318725586,15.702865600585938,15.181657791137695,15.608394622802734,459143712.0,0.4800127685625688,1.5260200739304293,1.0030164212464991,0.0194684316553073,0.0454288832361406,-0.0454288832361406
LINK-USD_2023-12-26,LINK-USD,2023-12-26,15.607924461364746,15.853294372558594,14.59925937652588,15.090892791748049,590842109.0,0.4518806062832581,1.4705661844669984,0.9612233953751282,-0.0331553528444656,0.0456338764973308,-0.0456338764973308
LINK-USD_2023-12-27,LINK-USD,2023-12-27,15.091047286987305,16.672073364257812,14.708950996398926,16.672073364257812,795330265.0,0.5119761978338411,1.6273071115641762,1.0696416546990086,0.1047771390553102,0.0467912828039796,-0.0467912828039796
LINK-USD_2023-12-28,LINK-USD,2023-12-28,16.67852210998535,17.543703079223633,16.040952682495117,16.051332473754883,1136588734.0,0.4686096487003042,1.6409553233098833,1.0547824860050938,-0.0372323751785843,0.0470886564002862,-0.0470886564002862
LINK-USD_2023-12-29,LINK-USD,2023-12-29,16.048738479614258,16.20697593688965,15.256011962890623,15.533926010131836,641252306.0,0.386346103302752,1.5857894705509992,0.9860677869268756,-0.0322344867299362,0.0472901199126175,-0.0472901199126175
LINK-USD_2023-12-30,LINK-USD,2023-12-30,15.533536911010742,15.612436294555664,15.080486297607422,15.19324779510498,304404383.0,0.3906386867765032,1.5309888264912477,0.9608137566338756,-0.0219312371389339,0.0472594747438323,-0.0472594747438323
LINK-USD_2023-12-31,LINK-USD,2023-12-31,15.19114875793457,15.48153591156006,14.901456832885742,14.946123123168944,346636245.0,0.3460919420673947,1.4812987622436986,0.9136953521555466,-0.0162654275944644,0.0473268042027119,-0.0473268042027119
LINK-USD_2024-01-01,LINK-USD,2024-01-01,14.946928024291992,15.559929847717283,14.874287605285645,15.535808563232422,319817917.0,0.3825005997874457,1.5984579424195997,0.9904792711035226,0.0394540734880852,0.0475105284908289,-0.0475105284908289
LINK-USD_2024-01-02,LINK-USD,2024-01-02,15.53764820098877,16.04694938659668,15.118124008178713,15.165292739868164,500000291.0,0.3332094188427157,1.4490350914209027,0.8911222551318092,-0.0238491496503846,0.0476545183269613,-0.0476545183269613
LINK-USD_2024-01-03,LINK-USD,2024-01-03,15.165781021118164,15.548996925354004,13.309148788452148,14.150558471679688,861494361.0,0.2173564037505699,1.3832171192758893,0.8002867615132296,-0.0669116175727246,0.0484735876544731,-0.0484735876544731
LINK-USD_2024-01-04,LINK-USD,2024-01-04,14.150727272033691,14.75055980682373,14.032012939453123,14.5540189743042,428122958.0,0.3225424888904142,1.4770703330111403,0.8998064109507773,0.0285119844161614,0.0480001871391595,-0.0480001871391595
LINK-USD_2024-01-05,LINK-USD,2024-01-05,14.554085731506348,14.642992973327637,13.85768985748291,14.065112113952637,591619366.0,0.224674837122738,1.3703583758693163,0.7975166064960273,-0.0335925671949961,0.0479984703757159,-0.0479984703757159
LINK-USD_2024-01-06,LINK-USD,2024-01-06,14.067513465881348,14.094762802124023,13.267943382263184,13.42838191986084,379600087.0,0.1679864221489979,1.2504867561724775,0.7092365891607377,-0.0452701826287014,0.048402800124711,-0.048402800124711
LINK-USD_2024-01-07,LINK-USD,2024-01-07,13.426657676696776,13.714838027954102,13.05752182006836,13.140296936035156,310835368.0,0.0746333844836966,1.1809306983177508,0.6277820414007237,-0.0214534398518707,0.0478868644138651,-0.0478868644138651
LINK-USD_2024-01-08,LINK-USD,2024-01-08,13.141215324401855,14.38736343383789,12.648887634277344,14.156993865966797,553717423.0,0.0882223683316369,1.3551207395918738,0.7216715539617554,0.0773724471281551,0.0481952762656144,-0.0481952762656144
LINK-USD_2024-01-09,LINK-USD,2024-01-09,14.157729148864746,14.242671966552734,13.39568328857422,13.705975532531738,546517541.0,0.0487961919268182,1.2340155289399437,0.641405860433381,-0.0318583406692928,0.0483878641082853,-0.0483878641082853
LINK-USD_2024-01-10,LINK-USD,2024-01-10,13.706121444702148,15.310247421264648,13.595141410827637,15.031819343566896,661542902.0,0.0062903019553066,1.3883615219352423,0.6973259119452745,0.0967347277023957,0.0465240908291413,-0.0465240908291413
LINK-USD_2024-01-11,LINK-USD,2024-01-11,15.035154342651367,15.656933784484863,14.633432388305664,15.032686233520508,697822804.0,0.0271121154734963,1.3545505189621667,0.6908313172178315,5.767032810855e-05,0.0464439099623081,-0.0464439099623081
LINK-USD_2024-01-12,LINK-USD,2024-01-12,15.031190872192385,15.281560897827148,13.76581573486328,14.134305000305176,577192494.0,-0.088673266316116,1.2517235776273292,0.5815251556556066,-0.0597618562151642,0.0464673290988122,-0.0464673290988122
LINK-USD_2024-01-13,LINK-USD,2024-01-13,14.131388664245604,14.421743392944336,13.853371620178224,14.36403465270996,299419280.0,-0.1253447539960221,1.329057688309521,0.6018564671567495,0.0162533391206587,0.0458972214807332,-0.0458972214807332
LINK-USD_2024-01-14,LINK-USD,2024-01-14,14.36369514465332,15.354286193847656,14.301936149597168,14.79709243774414,663453857.0,-0.0752442284253219,1.4589225044157867,0.6918391379952324,0.0301487566345073,0.0459539242277979,-0.0459539242277979
LINK-USD_2024-01-15,LINK-USD,2024-01-15,14.792351722717283,15.995445251464844,14.77641773223877,15.195074081420898,707218360.0,0.0546418149339813,1.6091481870582849,0.831895000996133,0.0268959354921372,0.0442748475580279,-0.0442748475580279
LINK-USD_2024-01-16,LINK-USD,2024-01-16,15.193633079528809,15.34381103515625,14.789871215820312,15.261761665344238,387299706.0,0.0926155419003695,1.5609607173134037,0.8267881296068865,0.0043887633298793,0.0440818602377161,-0.0440818602377161
LINK-USD_2024-01-17,LINK-USD,2024-01-17,15.26165771484375,16.33771514892578,15.261645317077637,15.730317115783691,803102010.0,0.0474659692041405,1.6122224061953054,0.829844187699723,0.0307012690090311,0.0432463488072932,-0.0432463488072932
LINK-USD_2024-01-18,LINK-USD,2024-01-18,15.732048034667969,15.745418548583984,14.2490234375,14.64999294281006,610064426.0,0.0548651553711143,1.380756632922973,0.7178108941470437,-0.06867783815303,0.0430665452736006,-0.0430665452736006
LINK-USD_2024-01-19,LINK-USD,2024-01-19,14.649868965148926,16.320892333984375,14.486666679382324,16.04130744934082,826092587.0,0.172238340185113,1.5213455076607438,0.8467919239229285,0.0949703192323783,0.0445808509355644,-0.0445808509355644
LINK-USD_2024-01-20,LINK-USD,2024-01-20,16.043941497802734,16.52505874633789,15.68657684326172,15.742375373840332,732056419.0,0.1450421059575555,1.5053864723117916,0.8252142891346735,-0.0186351440769108,0.0446675387241644,-0.0446675387241644
LINK-USD_2024-01-21,LINK-USD,2024-01-21,15.74295139312744,15.878677368164062,15.39101219177246,15.39101219177246,324358693.0,0.0302381103005195,1.505217662148643,0.7677278862245813,-0.0223195784450512,0.0434755776334085,-0.0434755776334085
LINK-USD_2024-01-22,LINK-USD,2024-01-22,15.391611099243164,15.890238761901855,14.520672798156738,14.544947624206545,708261898.0,0.0054836713792345,1.2152742322715042,0.6103789518253694,-0.0549713402227173,0.0438584098779761,-0.0438584098779761
LINK-USD_2024-01-23,LINK-USD,2024-01-23,14.544541358947754,14.858843803405762,13.594902992248535,14.274681091308594,616651164.0,0.0548896717196722,1.0799438273951365,0.5674167495574044,-0.0185814717165538,0.0431262151259092,-0.0431262151259092
LINK-USD_2024-01-24,LINK-USD,2024-01-24,14.27546215057373,14.411541938781738,13.927311897277832,14.23513412475586,416405212.0,-8.949651244949397e-05,1.0597964741767505,0.5298534888321504,-0.0027704273251198,0.0426451946707252,-0.0426451946707252
LINK-USD_2024-01-25,LINK-USD,2024-01-25,14.235353469848633,14.235353469848633,13.533995628356934,13.757712364196776,335499608.0,-0.0447380993767227,1.0589212861900623,0.5070915934066699,-0.03353826921299,0.042840848752075,-0.042840848752075
LINK-USD_2024-01-26,LINK-USD,2024-01-26,13.757756233215332,14.279745101928713,13.648445129394531,14.195534706115724,349862980.0,-0.0183118437249694,1.045696029966881,0.5136920931209558,0.0318237749364742,0.0430239601973438,-0.0430239601973438
LINK-USD_2024-01-27,LINK-USD,2024-01-27,14.195385932922363,14.390691757202148,14.103151321411133,14.34029769897461,227717439.0,-0.0281899955522747,0.993695358854152,0.4827526816509386,0.0101977837295919,0.0429669310859385,-0.0429669310859385
LINK-USD_2024-01-28,LINK-USD,2024-01-28,14.341546058654783,14.687256813049316,14.234009742736816,14.51756191253662,330708266.0,-0.0183549729951595,1.0770575163944467,0.5293512716996436,0.0123612645485515,0.0429926766345259,-0.0429926766345259
LINK-USD_2024-01-29,LINK-USD,2024-01-29,14.509693145751951,15.063239097595217,14.299774169921877,14.988256454467772,460964052.0,0.0554122939416721,1.0024665911573871,0.5289394425495296,0.032422423597497,0.0428615346576335,-0.0428615346576335
LINK-USD_2024-01-30,LINK-USD,2024-01-30,14.988558769226074,15.773016929626465,14.91315460205078,15.467368125915527,539457495.0,0.0652690740683572,1.100420512482469,0.5828447932754132,0.0319658042216737,0.0429525755762639,-0.0429525755762639
LINK-USD_2024-01-31,LINK-USD,2024-01-31,15.46727180480957,16.026805877685547,15.107112884521484,15.39860725402832,741461692.0,0.0611148435000166,1.014930839668803,0.5380228415844098,-0.0044455444085538,0.0429589697205426,-0.0429589697205426
LINK-USD_2024-02-01,LINK-USD,2024-02-01,15.399762153625488,17.35688591003418,15.167569160461426,17.184246063232422,1236597577.0,0.1929833017316247,1.1967259021513337,0.6948546019414791,0.1159610593183337,0.0452797372125016,-0.0452797372125016
LINK-USD_2024-02-02,LINK-USD,2024-02-02,17.183263778686523,18.833101272583008,17.183263778686523,17.791160583496094,1568486381.0,0.1874049952345653,1.2365980718775431,0.7120015335560543,0.0353180766866596,0.0452208116636614,-0.0452208116636614
LINK-USD_2024-02-03,LINK-USD,2024-02-03,17.790956497192383,18.096162796020508,17.535743713378906,17.661924362182617,650741970.0,0.1042677565206067,1.1588976115803522,0.6315826840504795,-0.0072640691823872,0.0444958534303923,-0.0444958534303923
LINK-USD_2024-02-04,LINK-USD,2024-02-04,17.66180419921875,18.62028312683105,17.56816864013672,18.17605972290039,702727905.0,0.1545771346962636,1.2587098307962767,0.7066434827462702,0.0291098155656599,0.0445575265145652,-0.0445575265145652
LINK-USD_2024-02-05,LINK-USD,2024-02-05,18.175743103027344,19.684988021850582,17.853174209594727,19.131561279296875,1106380674.0,0.213596660350519,1.5606177476071226,0.8871072039788208,0.0525692350797366,0.0449875733645412,-0.0449875733645412
LINK-USD_2024-02-06,LINK-USD,2024-02-06,19.13190460205078,19.265439987182617,18.29292869567871,18.29801368713379,675104330.0,0.1639380013859137,1.4662958390477794,0.8151169202168466,-0.0435692403769004,0.0453794470399007,-0.0453794470399007
LINK-USD_2024-02-07,LINK-USD,2024-02-07,18.297542572021484,19.043725967407227,18.1020565032959,18.85492515563965,579755784.0,0.2331292694234266,1.455282923267216,0.8442060963453213,0.030435624217368,0.0453312349766093,-0.0453312349766093
LINK-USD_2024-02-08,LINK-USD,2024-02-08,18.8537826538086,19.239654541015625,18.06330108642578,18.23130416870117,615473559.0,0.1603387426084723,1.4390713111867175,0.7997050268975949,-0.0330746996761188,0.0454733450885062,-0.0454733450885062
LINK-USD_2024-02-09,LINK-USD,2024-02-09,18.23029518127441,18.60782241821289,18.08283042907715,18.46788215637207,565029386.0,0.0900633729171547,1.4134643672114198,0.7517638700642872,0.0129764708811699,0.0444713738393265,-0.0444713738393265
LINK-USD_2024-02-10,LINK-USD,2024-02-10,18.46775245666504,19.091100692749023,18.04984474182129,19.091100692749023,429015962.0,0.1771248462770316,1.534392255156085,0.8557585507165582,0.0337460750019957,0.0442651378124033,-0.0442651378124033
LINK-USD_2024-02-11,LINK-USD,2024-02-11,19.08588218688965,20.6483097076416,18.88140869140625,20.12895965576172,862425647.0,0.2323692628769464,1.6163592052999176,0.924364234088432,0.0543634953120792,0.0447245024540715,-0.0447245024540715
LINK-USD_2024-02-12,LINK-USD,2024-02-12,20.13029670715332,20.82209205627441,19.815120697021484,20.491962432861328,848502024.0,0.3878399161071519,1.8135642378439107,1.1007020769755314,0.0180338568563678,0.0428686560902146,-0.0428686560902146
LINK-USD_2024-02-13,LINK-USD,2024-02-13,20.489805221557617,20.57659721374512,19.606748580932617,19.88628387451172,613499013.0,0.3694554202340034,1.736669627240075,1.0530625237370392,-0.0295568840873108,0.0430107864195203,-0.0430107864195203
LINK-USD_2024-02-14,LINK-USD,2024-02-14,19.887086868286133,20.419578552246094,19.74540328979492,20.277942657470703,543487979.0,0.3720974923283597,1.7428170880515692,1.0574572901899644,0.0196949206513628,0.0430202097442413,-0.0430202097442413
LINK-USD_2024-02-15,LINK-USD,2024-02-15,20.277700424194336,20.51030540466309,19.707740783691406,19.94938087463379,544567670.0,0.2959943913710083,1.7703309361740789,1.0331626637725435,-0.0162029150780671,0.0428637322635474,-0.0428637322635474
LINK-USD_2024-02-16,LINK-USD,2024-02-16,19.94908905029297,20.30176544189453,19.27644729614257,19.57235336303711,489684939.0,0.366090683270992,1.6960962692031716,1.0310934762370818,-0.0188992086504339,0.041915918358821,-0.041915918358821
LINK-USD_2024-02-17,LINK-USD,2024-02-17,19.572494506835938,20.247217178344727,19.303455352783203,20.03460693359375,427306998.0,0.3992448884100663,1.736006733805458,1.067625811107762,0.0236176795903153,0.0419670943311466,-0.0419670943311466
LINK-USD_2024-02-18,LINK-USD,2024-02-18,20.03436279296875,20.343292236328125,19.806690216064453,20.096508026123047,356118168.0,0.4333252301152945,1.7076032987129426,1.0704642644141185,0.0030897083598631,0.0418273375733701,-0.0418273375733701
LINK-USD_2024-02-19,LINK-USD,2024-02-19,20.09855461120605,20.21760368347168,19.698467254638672,19.820606231689453,454015884.0,0.3533374738574608,1.6288423431662205,0.9910899085118406,-0.0137288425469218,0.0416176488677141,-0.0416176488677141
LINK-USD_2024-02-20,LINK-USD,2024-02-20,19.82036018371582,19.869354248046875,18.706750869750977,19.29519462585449,568223480.0,0.3688810460190803,1.6313370243405276,1.000109035179804,-0.0265083519491411,0.0414555151020832,-0.0414555151020832
LINK-USD_2024-02-21,LINK-USD,2024-02-21,19.2951889038086,19.2951889038086,18.048803329467773,18.58225440979004,495965298.0,0.3063075752729431,1.5241040796053285,0.9152058274391358,-0.036949107271981,0.041801237240596,-0.041801237240596
LINK-USD_2024-02-22,LINK-USD,2024-02-22,18.58370780944824,18.999244689941406,18.090539932250977,18.11295318603516,426909233.0,0.1848945843038592,1.4774992775028783,0.8311969309033688,-0.025255343803044,0.0410081363527326,-0.0410081363527326
LINK-USD_2024-02-23,LINK-USD,2024-02-23,18.112075805664062,18.25124168395996,17.66600227355957,17.939098358154297,438465711.0,0.1575618872733784,1.3662367637095252,0.7618993254914518,-0.0095983700777685,0.0410194248526622,-0.0410194248526622
LINK-USD_2024-02-24,LINK-USD,2024-02-24,17.9390926361084,18.55009078979492,17.7943115234375,18.52635955810547,274343168.0,0.1809752204461594,1.080714334142464,0.6308447772943117,0.0327363833023541,0.0411737098931301,-0.0411737098931301
LINK-USD_2024-02-25,LINK-USD,2024-02-25,18.526796340942383,18.82285690307617,18.39051818847656,18.704635620117188,249814543.0,0.2217006297666737,0.8459705320215585,0.5338355808941161,0.0096228328858984,0.0410293092990091,-0.0410293092990091
LINK-USD_2024-02-26,LINK-USD,2024-02-26,18.70410919189453,19.2612247467041,18.174182891845703,19.116256713867188,452194269.0,0.2247420170899396,0.8126338234881865,0.5186879202890631,0.0220063679458846,0.0410459889770423,-0.0410459889770423
LINK-USD_2024-02-27,LINK-USD,2024-02-27,19.11561584472656,19.352935791015625,18.77648162841797,19.036426544189453,477370753.0,0.2614513141726702,0.831476698817829,0.5464640064952496,-0.0041760356576413,0.0407840220914646,-0.0407840220914646
LINK-USD_2024-02-28,LINK-USD,2024-02-28,19.035030364990234,20.623516082763672,18.48804473876953,19.431785583496094,1212477258.0,0.1655290352281349,0.7622521591491804,0.4638905971886576,0.02076855329906,0.0387763009338266,-0.0387763009338266
LINK-USD_2024-02-29,LINK-USD,2024-02-29,19.434070587158203,20.415945053100582,18.85553359985352,19.287715911865234,832935352.0,0.2016270888041276,0.764721136757399,0.4831741127807633,-0.0074141241941872,0.0384559466407,-0.0384559466407
LINK-USD_2024-03-01,LINK-USD,2024-03-01,19.28403854370117,20.084226608276367,19.28403854370117,20.0609073638916,478178080.0,0.2914254484543759,0.7903626381707332,0.5408940433125545,0.0400872480473815,0.0384473541254934,-0.0384473541254934
LINK-USD_2024-03-02,LINK-USD,2024-03-02,20.06102561950684,21.67681121826172,20.02598762512207,21.42159843444824,882798169.0,0.4099420165680396,0.9607199143511936,0.6853309654596166,0.0678279923173263,0.0390989992408764,-0.0390989992408764
LINK-USD_2024-03-03,LINK-USD,2024-03-03,21.42127799987793,21.48976325988769,20.0821590423584,20.513017654418945,649140532.0,0.3724641156354722,0.8474628868335621,0.6099635012345171,-0.042414238265628,0.0394783730705462,-0.0394783730705462
LINK-USD_2024-03-04,LINK-USD,2024-03-04,20.51277732849121,20.86111068725586,19.916492462158203,20.44875717163086,722955368.0,0.3162338534490949,0.8196940918539148,0.5679639726515049,-0.0031326684289302,0.0392566898464021,-0.0392566898464021
LINK-USD_2024-03-05,LINK-USD,2024-03-05,20.4491024017334,20.992366790771484,17.208717346191406,19.0105209350586,1277388781.0,0.2535544984952176,0.6712506644264811,0.4624025814608493,-0.0703336747803707,0.0402345811731702,-0.0402345811731702
LINK-USD_2024-03-06,LINK-USD,2024-03-06,19.012067794799805,20.145967483520508,18.427453994750977,20.075965881347656,709851913.0,0.4187401805749802,0.7271124440811922,0.5729263123280862,0.0560450158061789,0.0396992466856764,-0.0396992466856764
LINK-USD_2024-03-07,LINK-USD,2024-03-07,20.075965881347656,20.339584350585938,19.64303970336914,20.127426147460938,534632276.0,0.3829462626781543,0.8290051922440629,0.6059757274611086,0.0025632772249872,0.0395998923867759,-0.0395998923867759
LINK-USD_2024-03-08,LINK-USD,2024-03-08,20.126859664916992,20.39038848876953,19.321224212646484,19.741352081298828,590191572.0,0.403568767981262,0.7189153523180145,0.5612420601496383,-0.0191814921258977,0.0394091355833147,-0.0394091355833147
LINK-USD_2024-03-09,LINK-USD,2024-03-09,19.741384506225582,20.343549728393555,19.71990394592285,20.028526306152344,414335240.0,0.4915070501926788,0.7420599831645531,0.616783516678616,0.0145468366944105,0.0388671998026377,-0.0388671998026377
LINK-USD_2024-03-10,LINK-USD,2024-03-10,20.028533935546875,21.94320297241211,19.52034950256348,21.75461196899414,696612444.0,0.6555647162991887,0.7791251143083882,0.7173449153037884,0.0861813613471691,0.0399427171471103,-0.0399427171471103
LINK-USD_2024-03-11,LINK-USD,2024-03-11,21.753538131713867,22.82524871826172,20.967533111572266,21.289613723754883,1265727284.0,0.5038230520770937,0.6364938832830456,0.5701584676800696,-0.0213746972780759,0.0391380552159509,-0.0391380552159509
LINK-USD_2024-03-12,LINK-USD,2024-03-12,21.29036331176757,21.323486328125,19.74997901916504,20.66677474975586,824857503.0,0.5078660180519334,0.5814441376687227,0.5446550778603281,-0.0292555319265404,0.0390974712928156,-0.0390974712928156
LINK-USD_2024-03-13,LINK-USD,2024-03-13,20.665733337402344,20.947208404541016,20.26191520690918,20.7681884765625,571777047.0,0.3816150927499386,0.3903058688693448,0.3859604808096417,0.0049070901499925,0.0373828439194725,-0.0373828439194725
LINK-USD_2024-03-14,LINK-USD,2024-03-14,20.768911361694336,21.926925659179688,20.01376724243164,20.906293869018555,1248029437.0,0.3907224260691899,0.4284278530763588,0.4095751395727743,0.0066498526153069,0.0373756733159523,-0.0373756733159523
LINK-USD_2024-03-15,LINK-USD,2024-03-15,20.906373977661133,20.97629737854004,18.68145179748535,19.60538673400879,993744389.0,0.3870782280123066,0.2640814708984851,0.3255798494553958,-0.0622256217749624,0.0374467356439035,-0.0374467356439035
LINK-USD_2024-03-16,LINK-USD,2024-03-16,19.60574150085449,19.81681632995605,17.858531951904297,18.12628936767578,655756726.0,0.2619218628977635,0.1037465774306412,0.1828342201642023,-0.0754434169751555,0.0387951319491816,-0.0387951319491816
LINK-USD_2024-03-17,LINK-USD,2024-03-17,18.12628936767578,18.798864364624023,17.463088989257812,18.67449760437012,546519270.0,0.2620383148202527,0.1670772155784092,0.214557765199331,0.0302438202091128,0.0387961501639549,-0.0387961501639549
LINK-USD_2024-03-18,LINK-USD,2024-03-18,18.67449760437012,19.473478317260746,18.07137107849121,18.32435417175293,728929956.0,0.2059404300080523,0.2718352038059584,0.2388878169070053,-0.0187498180692824,0.0387961219291243,-0.0387961219291243
LINK-USD_2024-03-19,LINK-USD,2024-03-19,18.32435417175293,18.44158172607422,16.539562225341797,16.809295654296875,935598926.0,0.1013994336228374,0.2034061390165766,0.152402786319707,-0.0826800499081994,0.0402934694924549,-0.0402934694924549
LINK-USD_2024-03-20,LINK-USD,2024-03-20,16.809295654296875,18.49754524230957,16.33765983581543,18.406482696533203,781775324.0,0.1701278849657941,0.2256691391184868,0.1978985120421404,0.0950180825588635,0.0418102070534493,-0.0418102070534493
LINK-USD_2024-03-21,LINK-USD,2024-03-21,18.406482696533203,18.885072708129883,17.947351455688477,18.43138313293457,552786830.0,0.2581154956788116,0.3271421978240361,0.2926288467514238,0.0013528079651012,0.0407827016556958,-0.0407827016556958
LINK-USD_2024-03-22,LINK-USD,2024-03-22,18.43284797668457,18.54477882385254,17.362171173095703,18.29066467285156,497883211.0,0.1402228110529213,0.3366128954698804,0.2384178532614008,-0.0076347205778368,0.0391249424553916,-0.0391249424553916
LINK-USD_2024-03-23,LINK-USD,2024-03-23,18.29317283630371,18.463712692260746,17.945194244384766,18.07221794128418,331799170.0,0.1479981586079715,0.3145062291678675,0.2312521938879195,-0.0119430723527295,0.039074774299942,-0.039074774299942
LINK-USD_2024-03-24,LINK-USD,2024-03-24,18.072227478027344,18.62269592285156,17.998680114746094,18.53266906738281,269868132.0,0.2041228241824002,0.2405332229554009,0.2223280235689005,0.02547839604384,0.039040483374977,-0.039040483374977
LINK-USD_2024-03-25,LINK-USD,2024-03-25,18.53266906738281,19.47170066833496,18.39690971374512,19.359712600708008,441562578.0,0.3310266286891574,0.3383255413178994,0.3346760850035284,0.0446262505588459,0.0386409959209446,-0.0386409959209446
LINK-USD_2024-03-26,LINK-USD,2024-03-26,19.359712600708008,20.70880126953125,19.35177230834961,20.01067543029785,584522231.0,0.4018299464834787,0.4787759320527625,0.4403029392681206,0.0336246122561776,0.0386808596696914,-0.0386808596696914
LINK-USD_2024-03-27,LINK-USD,2024-03-27,20.01068687438965,20.1717529296875,19.018234252929688,19.302181243896484,482866400.0,0.3559535916369547,0.3558322385194596,0.3558929150782072,-0.0354058107068513,0.0390187011087533,-0.0390187011087533
LINK-USD_2024-03-28,LINK-USD,2024-03-28,19.30185317993164,19.76956367492676,19.058643341064453,19.16071319580078,383326987.0,0.3927252357495738,0.3304173557481398,0.3615712957488568,-0.0073291223571136,0.0387334908595114,-0.0387334908595114
LINK-USD_2024-03-29,LINK-USD,2024-03-29,19.1602725982666,19.279991149902344,18.76167297363281,18.993438720703125,323576664.0,0.3379868468441958,0.3134858407987202,0.325736343821458,-0.0087300756181829,0.0386343196775299,-0.0386343196775299
LINK-USD_2024-03-30,LINK-USD,2024-03-30,18.993350982666016,19.294198989868164,18.8089542388916,18.94304275512696,299629003.0,0.3209657953252578,0.2837277754303318,0.3023467853777948,-0.0026533355185036,0.0386422896274014,-0.0386422896274014
LINK-USD_2024-03-31,LINK-USD,2024-03-31,18.943029403686523,19.33513259887696,18.905736923217773,19.13772773742676,295415721.0,0.3182466761791733,0.2940502940369458,0.3061484851080596,0.010277387050035,0.0386369139491315,-0.0386369139491315
LINK-USD_2024-04-01,LINK-USD,2024-04-01,19.137741088867188,19.268688201904297,17.885051727294922,18.38026237487793,434693139.0,0.226310907523807,0.2942636079953948,0.2602872577596009,-0.0395796916405855,0.0388805131102576,-0.0388805131102576
LINK-USD_2024-04-02,LINK-USD,2024-04-02,18.380250930786133,18.471210479736328,17.54703140258789,17.963333129882812,682013854.0,0.1613697290740305,0.2371712559417116,0.1992704925078711,-0.0226835306532389,0.0388556827520586,-0.0388556827520586
LINK-USD_2024-04-03,LINK-USD,2024-04-03,17.963058471679688,18.284156799316406,17.419818878173828,17.706615447998047,402877117.0,0.1498842171824301,0.2201592111586736,0.1850217141705519,-0.0142912053141019,0.0389063389682101,-0.0389063389682101
LINK-USD_2024-04-04,LINK-USD,2024-04-04,17.706623077392578,18.24907112121582,17.430511474609375,17.793916702270508,360515168.0,0.03547846305242,0.235308515724264,0.135393489388342,0.0049304314835805,0.0361198098873294,-0.0361198098873294
LINK-USD_2024-04-05,LINK-USD,2024-04-05,17.793903350830078,17.796274185180664,16.901479721069336,17.347497940063477,359156924.0,-0.0249372513586426,0.1577943784038931,0.0664285635226252,-0.0250882798698314,0.0360009152139107,-0.0360009152139107
LINK-USD_2024-04-06,LINK-USD,2024-04-06,17.347497940063477,17.657634735107422,17.293745040893555,17.57422637939453,215699150.0,-0.0049653696273246,0.0987846589419454,0.0469096446573104,0.0130698063844372,0.0360237420180614,-0.0360237420180614
LINK-USD_2024-04-07,LINK-USD,2024-04-07,17.57422637939453,17.935413360595703,17.51726722717285,17.922143936157227,236284729.0,-0.0139697927171338,0.1384479314486144,0.0622390693657403,0.0197970339775879,0.0359236583564794,-0.0359236583564794
LINK-USD_2024-04-08,LINK-USD,2024-04-08,17.92213249206543,18.65139579772949,17.570819854736328,18.100648880004883,411741273.0,-0.0538854296438204,0.1482014828932256,0.0471580266247025,0.0099600217743776,0.035321875899919,-0.035321875899919
LINK-USD_2024-04-09,LINK-USD,2024-04-09,18.1005973815918,18.16110038757324,17.280458450317383,17.36273765563965,351149960.0,-0.0511135278115885,0.1044450239811101,0.0266657480847608,-0.0407671144419787,0.0352681918677721,-0.0352681918677721
LINK-USD_2024-04-10,LINK-USD,2024-04-10,17.36273765563965,17.567617416381836,16.989839553833008,17.42534637451172,369699835.0,-0.0758199127987698,0.1396335157461317,0.0319068014736809,0.0036059243717094,0.0350533586237493,-0.0350533586237493
LINK-USD_2024-04-11,LINK-USD,2024-04-11,17.42537498474121,17.611204147338867,17.03974723815918,17.550020217895508,266199104.0,-0.0373689092399249,0.1169781494483674,0.0398046201042212,0.0071547411858712,0.0348187564944213,-0.0348187564944213
LINK-USD_2024-04-12,LINK-USD,2024-04-12,17.550020217895508,17.85430908203125,14.031359672546388,15.157100677490234,943280038.0,-0.1792723957651798,-0.1053548994815761,-0.142313647623378,-0.1363485346851765,0.0387779616242606,-0.0387779616242606
LINK-USD_2024-04-13,LINK-USD,2024-04-13,15.157198905944824,15.38916015625,11.99967098236084,13.3458251953125,1021815308.0,-0.3009399819266907,-0.1771190836870367,-0.2390295328068637,-0.1195001287329082,0.0412057587839026,-0.0412057587839026
LINK-USD_2024-04-14,LINK-USD,2024-04-14,13.3458251953125,14.230466842651367,12.781405448913574,14.119750022888184,727188553.0,-0.2985355296866253,-0.1355367477855386,-0.2170361387360819,0.0579900318076631,0.0412922021474726,-0.0412922021474726
LINK-USD_2024-04-15,LINK-USD,2024-04-15,14.119806289672852,14.655649185180664,13.28430461883545,13.58257293701172,563637578.0,-0.3371755886478481,-0.0801058245552571,-0.2086407066015526,-0.0380443764943215,0.0413973373077245,-0.0413973373077245
LINK-USD_2024-04-16,LINK-USD,2024-04-16,13.582938194274902,13.79514503479004,12.858682632446287,13.488032341003418,420986231.0,-0.3217419390109858,-0.0711558220611892,-0.1964488805360875,-0.0069604335236577,0.0412845509410521,-0.0412845509410521
LINK-USD_2024-04-17,LINK-USD,2024-04-17,13.48802661895752,13.600729942321776,12.787416458129885,13.135204315185549,376238309.0,-0.3522417664818507,-0.1112125521546992,-0.2317271593182749,-0.0261585987412913,0.0412412133735286,-0.0412412133735286
LINK-USD_2024-04-18,LINK-USD,2024-04-18,13.135266304016112,13.954026222229004,12.852895736694336,13.89305305480957,348386193.0,-0.3035847507190067,-0.0974497428665899,-0.2005172467927983,0.0576959993494639,0.0419908507614955,-0.0419908507614955
LINK-USD_2024-04-19,LINK-USD,2024-04-19,13.89305305480957,14.09622573852539,12.80741024017334,13.966599464416504,480090077.0,-0.2864118481126145,-0.0251738740140771,-0.1557928610633458,0.0052937543185638,0.0419708290022477,-0.0419708290022477
LINK-USD_2024-04-20,LINK-USD,2024-04-20,13.966575622558594,15.033140182495115,13.791419982910156,14.964591979980469,316011013.0,-0.2530628611990361,0.045147973430889,-0.1039574438840735,0.0714556551941369,0.0429091908944178,-0.0429091908944178
LINK-USD_2024-04-21,LINK-USD,2024-04-21,14.964591979980469,15.096563339233398,14.594050407409668,15.080411911010742,253842937.0,-0.2496003837379101,0.0755667026572886,-0.0870168405403107,0.007739598325515,0.0429250497233554,-0.0429250497233554
LINK-USD_2024-04-22,LINK-USD,2024-04-22,15.080377578735352,16.014923095703125,15.046110153198242,15.465097427368164,402180030.0,-0.219746497832021,0.0559463035924494,-0.0819000971197858,0.0255089528474052,0.0430605086805204,-0.0430605086805204
LINK-USD_2024-04-23,LINK-USD,2024-04-23,15.465097427368164,15.568509101867676,15.133588790893556,15.196627616882324,286424072.0,-0.2124138723887403,0.0781117221946179,-0.0671510750970612,-0.0173597231926089,0.0429953303362217,-0.0429953303362217
LINK-USD_2024-04-24,LINK-USD,2024-04-24,15.196627616882324,15.62138557434082,14.376786231994627,14.537848472595217,389775170.0,-0.2176488303305132,0.0219912594628983,-0.0978287854338074,-0.0433503512026084,0.0430846712033302,-0.0430846712033302
LINK-USD_2024-04-25,LINK-USD,2024-04-25,14.53818416595459,14.881219863891602,14.379462242126465,14.599360466003418,338321602.0,-0.1939823221505742,-0.0449540186630427,-0.1194681704068084,0.0042311620955572,0.0429986064495296,-0.0429986064495296
LINK-USD_2024-04-26,LINK-USD,2024-04-26,14.599360466003418,14.907397270202637,14.383587837219238,14.480972290039062,284590210.0,-0.1927703387914882,-0.0655817099084252,-0.1291760243499567,-0.0081091343857176,0.0429950442459039,-0.0429950442459039
LINK-USD_2024-04-27,LINK-USD,2024-04-27,14.480972290039062,14.510931968688965,13.892359733581545,14.252129554748535,307273968.0,-0.2307107335335567,-0.091488438947928,-0.1610995862407424,-0.0158029951792629,0.042788471398153,-0.042788471398153
LINK-USD_2024-04-28,LINK-USD,2024-04-28,14.252129554748535,14.42255687713623,13.75908660888672,13.808069229125977,216493199.0,-0.2617835754963792,-0.0981205292798242,-0.1799520523881017,-0.0311574718652909,0.0428991267565778,-0.0428991267565778
LINK-USD_2024-04-29,LINK-USD,2024-04-29,13.808037757873535,14.16159439086914,13.75177001953125,14.073784828186035,277693637.0,-0.2637792514066457,-0.09831951534431,-0.1810493833754778,0.0192435013650984,0.0428736380796076,-0.0428736380796076
LINK-USD_2024-04-30,LINK-USD,2024-04-30,14.073822021484377,14.189181327819824,12.831116676330566,13.13352108001709,352023291.0,-0.3100847446588721,-0.1297054944821609,-0.2198951195705165,-0.0668095867350372,0.0435995544064155,-0.0435995544064155
LINK-USD_2024-05-01,LINK-USD,2024-05-01,13.133502960205078,13.415224075317385,12.4508638381958,13.344388008117676,445362231.0,-0.3132701083604277,-0.1995963719350076,-0.2564332401477177,0.0160556279474377,0.0435587889730603,-0.0435587889730603
LINK-USD_2024-05-02,LINK-USD,2024-05-02,13.344223976135254,13.764080047607422,12.950907707214355,13.59581470489502,267992086.0,-0.2951049897758357,-0.1529790609517818,-0.2240420253638088,0.0188413808579603,0.043660762497845,-0.043660762497845
LINK-USD_2024-05-03,LINK-USD,2024-05-03,13.59581470489502,14.20153522491455,13.488728523254396,14.109475135803224,259541877.0,-0.2966681476631804,-0.0916993471836757,-0.1941837474234281,0.0377807760739241,0.0436236556209094,-0.0436236556209094
LINK-USD_2024-05-04,LINK-USD,2024-05-04,14.109318733215332,14.46625518798828,14.01676082611084,14.31827163696289,235116388.0,-0.3315964874993844,-0.0575898037037211,-0.1945931456015527,0.0147983180912123,0.0427052169071751,-0.0427052169071751
LINK-USD_2024-05-05,LINK-USD,2024-05-05,14.318087577819824,14.645101547241213,14.133519172668455,14.375481605529783,190221873.0,-0.2992020068567047,-0.0381799021014734,-0.1686909544790891,0.003995591787713,0.0424569969679961,-0.0424569969679961
LINK-USD_2024-05-06,LINK-USD,2024-05-06,14.375450134277344,15.14919090270996,14.299753189086914,14.50192928314209,327871724.0,-0.2908161038138285,-0.0665481475188324,-0.1786821256663304,0.0087960654872019,0.0424907803276811,-0.0424907803276811
LINK-USD_2024-05-07,LINK-USD,2024-05-07,14.501947402954102,14.70867919921875,14.01162338256836,14.01184368133545,287437444.0,-0.2629426763632105,-0.076058476306257,-0.1695005763347338,-0.0337945105260129,0.0418222298016213,-0.0418222298016213
LINK-USD_2024-05-08,LINK-USD,2024-05-08,14.011879920959473,14.083839416503906,13.718222618103027,13.899291038513184,288578177.0,-0.3076651394677427,-0.0177567149501116,-0.1627109272089272,-0.0080326790236885,0.0411127510633873,-0.0411127510633873
LINK-USD_2024-05-09,LINK-USD,2024-05-09,13.899291038513184,14.355130195617676,13.873662948608398,14.23800277709961,274558746.0,-0.2926068801451931,-0.021713328652555,-0.157160104398874,0.0243689939039264,0.0412686788080808,-0.0412686788080808
LINK-USD_2024-05-10,LINK-USD,2024-05-10,14.23802089691162,14.35779857635498,13.511829376220703,13.568572998046877,274927954.0,-0.3126826905184212,-0.0353028907187445,-0.1739927906185829,-0.0470171125496227,0.0415749366290594,-0.0415749366290594
LINK-USD_2024-05-11,LINK-USD,2024-05-11,13.56857681274414,13.796143531799316,13.296911239624023,13.301305770874023,178142021.0,-0.3358819531925251,-0.0094632510264597,-0.1726726021094924,-0.0196975192020063,0.0415382415601692,-0.0415382415601692
LINK-USD_2024-05-12,LINK-USD,2024-05-12,13.301321029663086,13.578140258789062,13.300753593444824,13.546971321105955,148721859.0,-0.3772827876491735,0.0309486450002176,-0.1731670713244779,0.0184692807205339,0.0399713669901581,-0.0399713669901581
LINK-USD_2024-05-13,LINK-USD,2024-05-13,13.54695987701416,13.651914596557615,13.093815803527832,13.378436088562012,270312590.0,-0.3715979884766817,-0.0549945690996184,-0.21329627878815,-0.0124408052950822,0.0399342336851868,-0.0399342336851868
LINK-USD_2024-05-14,LINK-USD,2024-05-14,13.378436088562012,13.570034980773926,12.958799362182615,12.975332260131836,307433873.0,-0.3721646257220122,-0.0533083741953054,-0.2127364999586588,-0.0301308632609765,0.0399424155576738,-0.0399424155576738
LINK-USD_2024-05-15,LINK-USD,2024-05-15,12.975312232971191,13.932564735412598,12.85251808166504,13.888160705566406,334698566.0,-0.3312772213503553,-0.0760825161519744,-0.2036798687511649,0.0703510651699717,0.0410801251575033,-0.0410801251575033
LINK-USD_2024-05-16,LINK-USD,2024-05-16,13.888228416442873,15.82179832458496,13.56537628173828,15.509692192077637,768021706.0,-0.2581328718878408,0.0317312522291246,-0.1132008098293581,0.1167563884727598,0.0438545747983853,-0.0438545747983853
LINK-USD_2024-05-17,LINK-USD,2024-05-17,15.50969409942627,16.721471786499023,15.50969409942627,16.252931594848633,1042969872.0,-0.1709966339681924,0.1498925199716374,-0.0105520569982774,0.0479209641020885,0.0436817367499313,-0.0436817367499313
LINK-USD_2024-05-18,LINK-USD,2024-05-18,16.252887725830078,16.543102264404297,16.074989318847656,16.31100845336914,450272670.0,-0.100146305594337,0.135545050379829,0.0176993723927459,0.0035733158772977,0.0426620291751636,-0.0426620291751636
LINK-USD_2024-05-19,LINK-USD,2024-05-19,16.31101417541504,17.08928108215332,16.31101417541504,16.581558227539062,641616268.0,-0.1120747353514494,0.1205957046833836,0.0042604846659671,0.0165869434096233,0.0425364326492378,-0.0425364326492378
LINK-USD_2024-05-20,LINK-USD,2024-05-20,16.581558227539062,17.422252655029297,16.41546630859375,17.277952194213867,824464152.0,-0.0571044396834512,0.1370758774608222,0.0399857188886855,0.041998101572759,0.042814805398727,-0.042814805398727
LINK-USD_2024-05-21,LINK-USD,2024-05-21,17.277971267700195,17.410146713256836,16.543306350708008,16.735185623168945,633488502.0,-0.0044088718916063,0.0965435046185065,0.0460673163634501,-0.0314138252579889,0.0416908102000539,-0.0416908102000539
LINK-USD_2024-05-22,LINK-USD,2024-05-22,16.735435485839844,16.90926742553711,16.216976165771484,16.347694396972656,483145571.0,-0.1118512609662416,0.0392476055406088,-0.0363018277128164,-0.0231542831326488,0.0400075972798084,-0.0400075972798084
LINK-USD_2024-05-23,LINK-USD,2024-05-23,16.347694396972656,16.785688400268555,15.579686164855955,16.605215072631836,686601809.0,-0.099079274036662,0.1334623257126796,0.0171915258380088,0.0157527214178208,0.0400628187774753,-0.0400628187774753
LINK-USD_2024-05-24,LINK-USD,2024-05-24,16.605215072631836,17.739299774169922,16.572744369506836,17.247709274291992,860300760.0,-0.0570211863381653,0.0752059536768461,0.0090923836693403,0.0386923143632806,0.0403603692831467,-0.0403603692831467
LINK-USD_2024-05-25,LINK-USD,2024-05-25,17.247716903686523,17.45404624938965,16.94019317626953,17.441204071044922,337765481.0,-0.0349162384102158,0.1079143812075269,0.0364990713986555,0.011218579445871,0.040356392055659,-0.040356392055659
LINK-USD_2024-05-26,LINK-USD,2024-05-26,17.441211700439453,17.876766204833984,17.02984619140625,17.046470642089844,404129461.0,-0.0801934367839465,0.1075600766012219,0.0136833199086376,-0.0226322349848767,0.040326506948261,-0.040326506948261
LINK-USD_2024-05-27,LINK-USD,2024-05-27,17.046470642089844,18.82194709777832,16.909748077392578,18.778060913085938,704861560.0,-0.0300444381390661,0.2910366814820564,0.1304961216714951,0.1015805739119148,0.0419600567252706,-0.0419600567252706
LINK-USD_2024-05-28,LINK-USD,2024-05-28,18.778074264526367,18.796405792236328,17.893945693969727,18.52767562866211,708852334.0,-0.0741104320442055,0.2979397234970826,0.1119146457264385,-0.0133339265210999,0.0417768711810211,-0.0417768711810211
LINK-USD_2024-05-29,LINK-USD,2024-05-29,18.52767562866211,19.163124084472656,18.056615829467773,18.452091217041016,595061486.0,-0.0440411379477785,0.2962358524568858,0.1260973572545536,-0.0040795409600201,0.0415386896387306,-0.0415386896387306
LINK-USD_2024-05-30,LINK-USD,2024-05-30,18.452104568481445,19.159082412719727,17.819229125976562,17.944950103759766,526063170.0,-0.0634508266794295,0.3043556682039599,0.1204524207622651,-0.0274842080128506,0.0416745631953608,-0.0416745631953608
LINK-USD_2024-05-31,LINK-USD,2024-05-31,17.944950103759766,18.69540405273437,17.486282348632812,18.422332763671875,448722915.0,-0.0300685918663446,0.2977554664239001,0.1338434372787777,0.0266026184052798,0.0417951664487111,-0.0417951664487111
LINK-USD_2024-06-01,LINK-USD,2024-06-01,18.422243118286133,18.644102096557617,18.273914337158203,18.41452407836914,269013473.0,-0.0279004109102153,0.2841103068373438,0.1281049479635642,-0.0004238706033001,0.0417934967010186,-0.0417934967010186
LINK-USD_2024-06-02,LINK-USD,2024-06-02,18.41452407836914,18.53378677368164,18.07832145690918,18.148576736450195,271283314.0,-0.0516859166640838,0.250111888331471,0.0992129858336935,-0.0144422598589634,0.0418154902417248,-0.0418154902417248
LINK-USD_2024-06-03,LINK-USD,2024-06-03,18.1485595703125,18.33014869689941,17.555862426757812,17.613609313964844,400610531.0,-0.0417106701349891,0.1751606577771423,0.0667249938210765,-0.0294771006153284,0.0416803034845898,-0.0416803034845898
LINK-USD_2024-06-04,LINK-USD,2024-06-04,17.61363410949707,17.8302001953125,17.51177215576172,17.72248077392578,324500129.0,-0.0134079991845368,0.1457980846936604,0.0661950427545617,0.0061810988321751,0.0415833705054088,-0.0415833705054088
LINK-USD_2024-06-05,LINK-USD,2024-06-05,17.72248077392578,18.05718994140625,17.634641647338867,17.738054275512695,353065835.0,0.0017755413284361,0.1519258841329542,0.0768507127306952,0.0008787427553498,0.041539378600685,-0.041539378600685
LINK-USD_2024-06-06,LINK-USD,2024-06-06,17.738054275512695,17.763635635375977,17.136850357055664,17.268896102905273,410216703.0,-0.0295056230817492,0.0049260258123264,-0.0122897986347113,-0.0264492466490584,0.0416780117681266,-0.0416780117681266
LINK-USD_2024-06-07,LINK-USD,2024-06-07,17.268896102905273,17.68723487854004,15.567102432250977,16.32770347595215,568559896.0,-0.0587862565330615,-0.0822575402361055,-0.0705218983845835,-0.0545021882895445,0.0421303105958985,-0.0421303105958985
LINK-USD_2024-06-08,LINK-USD,2024-06-08,16.326549530029297,16.40069007873535,15.734892845153809,15.944519996643066,298164921.0,-0.0927327523595727,-0.097237669594873,-0.0949852109772229,-0.0234683021940865,0.0421978335019999,-0.0421978335019999
LINK-USD_2024-06-09,LINK-USD,2024-06-09,15.944357872009276,16.364234924316406,15.91950511932373,16.357593536376953,230054857.0,-0.0872970558295681,-0.1000473267719468,-0.0936721913007574,0.0259069285134236,0.042252589238854,-0.042252589238854
LINK-USD_2024-06-10,LINK-USD,2024-06-10,16.35753059387207,16.37598419189453,15.785758972167969,15.89479923248291,329815113.0,-0.1218657774174435,-0.1691844172862469,-0.1455250973518452,-0.0282923220255384,0.0423736321436984,-0.0423736321436984
LINK-USD_2024-06-11,LINK-USD,2024-06-11,15.895237922668455,15.89627456665039,14.6956787109375,14.996339797973633,459267280.0,-0.136291747568816,-0.1804389233505559,-0.1583653354596859,-0.0565253716871848,0.0426567178455708,-0.0426567178455708
LINK-USD_2024-06-12,LINK-USD,2024-06-12,14.995444297790527,16.224266052246094,14.769211769104004,16.001293182373047,449317940.0,-0.081723092415635,-0.1513467674738056,-0.1165349299447203,0.0670132444274973,0.0435165470834514,-0.0435165470834514
LINK-USD_2024-06-13,LINK-USD,2024-06-13,16.001806259155273,16.02467918395996,15.085171699523926,15.136268615722656,326760126.0,-0.1375355453842488,-0.1697649013114462,-0.1536502233478475,-0.0540596661026934,0.0440253043685144,-0.0440253043685144
LINK-USD_2024-06-14,LINK-USD,2024-06-14,15.135367393493652,15.438286781311035,14.48660945892334,14.741475105285645,358610741.0,-0.0274211790927689,-0.2017777143872819,-0.1145994467400254,-0.0260826178802696,0.0406344132115794,-0.0406344132115794
LINK-USD_2024-06-15,LINK-USD,2024-06-15,14.739990234375,15.090065002441406,14.715335845947266,14.858819961547852,212655249.0,0.1133683937930467,-0.2216886705127814,-0.0541601383598673,0.0079601841351772,0.0376322222379762,-0.0376322222379762
LINK-USD_2024-06-16,LINK-USD,2024-06-16,14.858386993408203,15.2034912109375,14.594244956970217,15.126066207885742,205762702.0,0.0712701133778088,-0.2485420773568865,-0.0886359819895388,0.0179856978568606,0.03701130027403,-0.03701130027403
LINK-USD_2024-06-17,LINK-USD,2024-06-17,15.125911712646484,15.192699432373049,14.062858581542969,14.534425735473633,347472612.0,0.0700789756753794,-0.2907255328476529,-0.1103232785861367,-0.0391139681845149,0.0370300917292845,-0.0370300917292845
LINK-USD_2024-06-18,LINK-USD,2024-06-18,14.53372287750244,14.58327579498291,13.11952304840088,13.96777057647705,537842068.0,0.0355676961134825,-0.2976178624112088,-0.1310250831488631,-0.0389871033991778,0.0373697070629764,-0.0373697070629764
LINK-USD_2024-06-19,LINK-USD,2024-06-19,13.96690845489502,14.482510566711426,13.924068450927734,14.334752082824709,271728905.0,0.0913231144986734,-0.2930864671548142,-0.1008816763280703,0.0262734488899529,0.0373337514573251,-0.0373337514573251
LINK-USD_2024-06-20,LINK-USD,2024-06-20,14.334752082824709,14.820920944213867,14.20938205718994,14.259183883666992,270709807.0,0.0263535183672729,-0.285231758655831,-0.129439120144279,-0.0052716781372353,0.0366570455038323,-0.0366570455038323
LINK-USD_2024-06-21,LINK-USD,2024-06-21,14.258193969726562,14.576876640319824,13.862212181091309,13.862212181091309,336220670.0,-0.0074740657946945,-0.2917452529101354,-0.149609659352415,-0.0278397211098728,0.0368326211002595,-0.0368326211002595
LINK-USD_2024-06-22,LINK-USD,2024-06-22,13.861446380615234,13.89426326751709,13.48008918762207,13.48008918762207,188504812.0,-0.0992010202713415,-0.3271597874466484,-0.213180403858995,-0.0275658017982491,0.0358573158918927,-0.0358573158918927
LINK-USD_2024-06-23,LINK-USD,2024-06-23,13.479683876037598,13.663207054138184,13.15416431427002,13.177005767822266,188198887.0,-0.1262171188970463,-0.3443136613239603,-0.2352653901105033,-0.0224837844602769,0.0359401035131765,-0.0359401035131765
LINK-USD_2024-06-24,LINK-USD,2024-06-24,13.177666664123535,13.665404319763184,12.849995613098145,13.61471462249756,416898044.0,-0.1196489587964723,-0.3131030169637208,-0.2163759878800965,0.0332176264006929,0.0360465574934251,-0.0360465574934251
LINK-USD_2024-06-25,LINK-USD,2024-06-25,13.614340782165527,14.273918151855469,13.582100868225098,14.195656776428224,283801977.0,-0.0658679587135566,-0.2642905629256088,-0.1650792608195827,0.0426701675384872,0.0364092741593836,-0.0364092741593836
LINK-USD_2024-06-26,LINK-USD,2024-06-26,14.195709228515623,14.27432346343994,13.872239112854004,13.904292106628418,213713267.0,-0.0435797887948201,-0.2517435290680899,-0.147661658931455,-0.0205249164859786,0.0360875334368808,-0.0360875334368808
LINK-USD_2024-06-27,LINK-USD,2024-06-27,13.90452480316162,14.521854400634766,13.597926139831545,14.38767433166504,292630617.0,-0.0144996854369968,-0.2056693249360495,-0.1100845051865231,0.0347649647554646,0.03635041701265,-0.03635041701265
LINK-USD_2024-06-28,LINK-USD,2024-06-28,14.387800216674805,14.555310249328612,13.748739242553713,13.75875473022461,276493674.0,-0.049873554437449,-0.2330297512432944,-0.1414516528403717,-0.0437123879052695,0.0367594058125874,-0.0367594058125874
LINK-USD_2024-06-29,LINK-USD,2024-06-29,13.758665084838867,14.130751609802246,13.483731269836426,13.511537551879885,189101546.0,-0.0519636030548079,-0.2706857756105435,-0.1613246893326757,-0.0179679907951008,0.0367752759829305,-0.0367752759829305
LINK-USD_2024-06-30,LINK-USD,2024-06-30,13.511879920959473,14.305947303771973,13.452871322631836,14.260198593139648,213330707.0,0.0327438511866651,-0.2376115267488805,-0.1024338377811077,0.0554090190243079,0.0372142586793439,-0.0372142586793439
LINK-USD_2024-07-01,LINK-USD,2024-07-01,14.258776664733888,14.542048454284668,14.232126235961914,14.327778816223145,252194482.0,0.0180473121578801,-0.2504924457396733,-0.1162225667908966,0.0047390800795725,0.0371455171237036,-0.0371455171237036
LINK-USD_2024-07-02,LINK-USD,2024-07-02,14.327308654785156,14.717906951904297,14.251063346862791,14.404244422912598,269740901.0,0.0967542013412487,-0.2433325451351976,-0.0732891718969744,0.0053368779397175,0.0361207714493129,-0.0361207714493129
LINK-USD_2024-07-03,LINK-USD,2024-07-03,14.403264999389648,14.551860809326172,13.575737953186035,13.620819091796877,469740295.0,0.0207151563272172,-0.2990443913005409,-0.1391646174866618,-0.0543885057844157,0.0367662512939192,-0.0367662512939192
LINK-USD_2024-07-04,LINK-USD,2024-07-04,13.615341186523438,13.712814331054688,12.553675651550291,12.553675651550291,526876637.0,-0.0766514604652208,-0.3491362217841647,-0.2128938411246927,-0.0783464953946324,0.0380221385263906,-0.0380221385263906
LINK-USD_2024-07-05,LINK-USD,2024-07-05,12.5511474609375,12.5511474609375,11.161290168762209,12.305855751037598,711287457.0,-0.127830366998478,-0.3865753164691154,-0.2572028417337967,-0.0197408239141568,0.0377763388974031,-0.0377763388974031
LINK-USD_2024-07-06,LINK-USD,2024-07-06,12.306089401245115,13.262130737304688,12.220009803771973,13.201163291931152,269207422.0,-0.0780197759447377,-0.3837451797853581,-0.2308824778650479,0.0727545941547433,0.0388689669368753,-0.0388689669368753
LINK-USD_2024-07-07,LINK-USD,2024-07-07,13.198487281799316,13.198487281799316,12.309900283813477,12.35133457183838,243663129.0,-0.140805511024603,-0.3978782264062627,-0.2693418687154328,-0.0643752903664335,0.0396856943507319,-0.0396856943507319
LINK-USD_2024-07-08,LINK-USD,2024-07-08,12.352208137512209,13.5100679397583,11.82588005065918,13.114887237548828,475712040.0,-0.095645346113061,-0.358646243022364,-0.2271457945677125,0.061819446414429,0.040465242714548,-0.040465242714548
LINK-USD_2024-07-09,LINK-USD,2024-07-09,13.114839553833008,13.263107299804688,12.75265407562256,12.820453643798828,364986619.0,-0.0850273571866647,-0.325612712687123,-0.2053200349368938,-0.0224503336107241,0.0403411071699022,-0.0403411071699022
LINK-USD_2024-07-10,LINK-USD,2024-07-10,12.822996139526367,13.143470764160156,12.707423210144045,12.796518325805664,280522697.0,-0.0793402130836655,-0.3625951348276219,-0.2209676739556437,-0.0018669634209661,0.0403303139944748,-0.0403303139944748
LINK-USD_2024-07-11,LINK-USD,2024-07-11,12.795904159545898,13.108009338378906,12.314945220947266,12.350228309631348,315921152.0,-0.1325870276205141,-0.3863980312659439,-0.259492529443229,-0.034875893958931,0.0404311237613255,-0.0404311237613255
LINK-USD_2024-07-12,LINK-USD,2024-07-12,12.34994888305664,12.809008598327637,12.251700401306152,12.738323211669922,292274926.0,-0.0611891749041306,-0.354739069582926,-0.2079641222435283,0.0314241074989616,0.0402128820527245,-0.0402128820527245
LINK-USD_2024-07-13,LINK-USD,2024-07-13,12.738263130187988,13.103643417358398,12.71727466583252,13.021286964416504,215830414.0,-0.021051978751641,-0.3498629522024974,-0.1854574654770692,0.0222135792949067,0.040232106175318,-0.040232106175318
LINK-USD_2024-07-14,LINK-USD,2024-07-14,13.021419525146484,13.514665603637695,12.918180465698242,13.426870346069336,279400255.0,-0.0088655222034392,-0.3828035009217335,-0.1958345115625864,0.0311477185597073,0.0403552315628032,-0.0403552315628032
LINK-USD_2024-07-15,LINK-USD,2024-07-15,13.428810119628906,14.483896255493164,13.423406600952148,14.422126770019531,373310473.0,0.0780129063328882,-0.3225745212123145,-0.1222808074397131,0.0741242298687685,0.0413635070377009,-0.0413635070377009
LINK-USD_2024-07-16,LINK-USD,2024-07-16,14.419722557067873,14.60416030883789,13.846369743347168,14.221345901489258,385605505.0,0.0960294207791456,-0.3118739583854391,-0.1079222688031467,-0.0139217240100574,0.0412104130868831,-0.0412104130868831
LINK-USD_2024-07-17,LINK-USD,2024-07-17,14.221266746520996,14.497535705566406,13.745590209960938,13.754619598388672,309881695.0,-0.0096154638478664,-0.3377073010527058,-0.1736613824502861,-0.0328187153546213,0.0405056052563191,-0.0405056052563191
LINK-USD_2024-07-18,LINK-USD,2024-07-18,13.753578186035156,13.976606369018556,13.434306144714355,13.600837707519531,290769371.0,-0.1230749431335039,-0.3494381264928606,-0.2362565348131823,-0.011180381236218,0.0377002178274781,-0.0377002178274781
LINK-USD_2024-07-19,LINK-USD,2024-07-19,13.600456237792969,14.13770866394043,13.38230800628662,14.075929641723633,305963751.0,-0.1339451864680831,-0.2820376444139915,-0.2079914154410373,0.0349310788365215,0.0374609464785912,-0.0374609464785912
LINK-USD_2024-07-20,LINK-USD,2024-07-20,14.075899124145508,14.32972240447998,13.886573791503906,14.26817512512207,226135145.0,-0.1252426135445421,-0.2128463340894139,-0.169044473816978,0.0136577468267948,0.0375049071901909,-0.0375049071901909
LINK-USD_2024-07-21,LINK-USD,2024-07-21,14.26818561553955,15.000847816467283,13.98023796081543,14.806570053100586,395306788.0,-0.1070459211421115,-0.2071235132111066,-0.1570847171766091,0.0377339725127539,0.0377625527588552,-0.0377625527588552
LINK-USD_2024-07-22,LINK-USD,2024-07-22,14.806427001953123,14.859349250793455,13.829578399658203,13.929006576538086,289965228.0,-0.1938276932377028,-0.2398637111036792,-0.216845702170691,-0.0592685188679962,0.0380526185787606,-0.0380526185787606
LINK-USD_2024-07-23,LINK-USD,2024-07-23,13.929094314575195,14.139090538024902,13.541321754455566,13.919931411743164,269095937.0,-0.1682236620983884,-0.1718908574146661,-0.1700572597565273,-0.0006515299382662,0.0378752671514307,-0.0378752671514307
LINK-USD_2024-07-24,LINK-USD,2024-07-24,13.920039176940918,13.938982009887695,13.277823448181152,13.395511627197266,233124473.0,-0.1805871028713437,-0.2722394686671852,-0.2264132857692644,-0.0376740207285422,0.0380484966891058,-0.0380484966891058
LINK-USD_2024-07-25,LINK-USD,2024-07-25,13.395669937133787,13.437110900878906,12.503412246704102,12.946199417114258,301105500.0,-0.2203534034044669,-0.2976002222003067,-0.2589768128023868,-0.0335419969455109,0.038174801661622,-0.038174801661622
LINK-USD_2024-07-26,LINK-USD,2024-07-26,12.946199417114258,13.631189346313477,12.927762985229492,13.54045295715332,212601622.0,-0.2149419530548558,-0.2597068942359911,-0.2373244236454235,0.045901775563065,0.0383130583408406,-0.0383130583408406
LINK-USD_2024-07-27,LINK-USD,2024-07-27,13.54030418395996,13.869378089904783,13.318658828735352,13.567426681518556,231771370.0,-0.2221049288654004,-0.2492660986272679,-0.2356855137463341,0.0019920843453753,0.0382749916123558,-0.0382749916123558
LINK-USD_2024-07-28,LINK-USD,2024-07-28,13.567426681518556,13.63514804840088,13.212786674499512,13.293225288391112,157751665.0,-0.2201772690958975,-0.2827139339693402,-0.2514456015326188,-0.020210272704179,0.0382564354832274,-0.0382564354832274
LINK-USD_2024-07-29,LINK-USD,2024-07-29,13.293230056762695,13.889019966125488,13.29314422607422,13.543046951293944,255822065.0,-0.2787835222189448,-0.3004520660705129,-0.2896177941447289,0.0187931564750505,0.0359507261576169,-0.0359507261576169
LINK-USD_2024-07-30,LINK-USD,2024-07-30,13.542949676513672,13.779858589172363,13.02108383178711,13.140531539916992,240565544.0,-0.2907620036488152,-0.3433239379805681,-0.3170429708146917,-0.0297211855518594,0.0360744562579699,-0.0360744562579699
LINK-USD_2024-07-31,LINK-USD,2024-07-31,13.140620231628418,13.37624168395996,12.789825439453123,12.82884693145752,239679257.0,-0.3047483463766033,-0.3353680203622525,-0.3200581833694279,-0.0237193303415975,0.0361529111111231,-0.0361529111111231
LINK-USD_2024-08-01,LINK-USD,2024-08-01,12.829081535339355,13.076332092285156,12.200796127319336,12.89976692199707,272062327.0,-0.2811477965996487,-0.3267595631657305,-0.3039536798826896,0.0055281656191288,0.0360625303518867,-0.0360625303518867
LINK-USD_2024-08-02,LINK-USD,2024-08-02,12.899447441101074,12.916152954101562,11.787346839904783,11.917962074279783,314138916.0,-0.3530698730086158,-0.3725221509631623,-0.362796011985889,-0.0761102780890624,0.036940821423247,-0.036940821423247
LINK-USD_2024-08-03,LINK-USD,2024-08-03,11.917908668518066,12.110445976257324,11.374035835266112,11.70133113861084,241776944.0,-0.3645596764373638,-0.3822887225736816,-0.3734241995055227,-0.0181768438528979,0.0369636193870252,-0.0369636193870252
LINK-USD_2024-08-04,LINK-USD,2024-08-04,11.70077896118164,11.762271881103516,10.534318923950195,10.871526718139648,278122991.0,-0.4009708377679601,-0.4319322091264413,-0.4164515234472007,-0.0709153865181277,0.0378338692942409,-0.0378338692942409
LINK-USD_2024-08-05,LINK-USD,2024-08-05,10.871435165405272,10.944942474365234,8.137648582458496,9.501569747924805,1142261467.0,-0.4605552116798944,-0.4830558153015534,-0.4718055134907239,-0.1260133011427923,0.0405966695842384,-0.0405966695842384
LINK-USD_2024-08-06,LINK-USD,2024-08-06,9.50144863128662,10.449228286743164,9.495055198669434,10.0545654296875,396728365.0,-0.4326660269548555,-0.4402728404028049,-0.4364694336788302,0.0582004549178278,0.0414294061512251,-0.0414294061512251
LINK-USD_2024-08-07,LINK-USD,2024-08-07,10.054842948913574,10.4685640335083,9.45643711090088,9.48544216156006,302644187.0,-0.4652490056558982,-0.4642995331650178,-0.464774269410458,-0.0566034675598234,0.0418591733326404,-0.0418591733326404
LINK-USD_2024-08-08,LINK-USD,2024-08-08,9.485437393188477,10.798641204833984,9.38975429534912,10.73647117614746,288589316.0,-0.3782769256257681,-0.3966212523194804,-0.3874490889726242,0.1318893725014969,0.0453992696529761,-0.0453992696529761
LINK-USD_2024-08-09,LINK-USD,2024-08-09,10.736425399780272,10.744385719299316,10.180597305297852,10.548673629760742,212990056.0,-0.353940151761263,-0.3919195917355362,-0.3729298717483996,-0.0174915522340277,0.0450058713682581,-0.0450058713682581
LINK-USD_2024-08-10,LINK-USD,2024-08-10,10.548673629760742,10.700221061706545,10.490249633789062,10.554250717163086,152251901.0,-0.3380640671914137,-0.3994472081264552,-0.3687556376589344,0.0005287003464216,0.0449564250147227,-0.0449564250147227
LINK-USD_2024-08-11,LINK-USD,2024-08-11,10.554383277893066,10.826677322387695,9.977005958557127,10.008923530578612,180957481.0,-0.3881176037098492,-0.4415331354199204,-0.4148253695648848,-0.0516689626955398,0.0451434128042758,-0.0451434128042758
LINK-USD_2024-08-12,LINK-USD,2024-08-12,10.008916854858398,10.733485221862791,9.962285041809082,10.557686805725098,262337289.0,-0.3357772783849191,-0.4167232967328711,-0.3762502875588951,0.054827402114717,0.0457150941600071,-0.0457150941600071
LINK-USD_2024-08-13,LINK-USD,2024-08-13,10.55764389038086,10.67758846282959,10.121599197387695,10.576763153076172,217110440.0,-0.2947103562893828,-0.3908355143728904,-0.3427729353311366,0.0018068680859835,0.0452522131497099,-0.0452522131497099
LINK-USD_2024-08-14,LINK-USD,2024-08-14,10.57681369781494,10.71323013305664,10.250441551208496,10.401407241821287,206092648.0,-0.3499645857823896,-0.403087490011931,-0.3765260378971603,-0.0165793550178803,0.0443372282524361,-0.0443372282524361
LINK-USD_2024-08-15,LINK-USD,2024-08-15,10.401407241821287,10.680227279663086,10.01650333404541,10.173847198486328,229323491.0,-0.3278497193212902,-0.4202942747546125,-0.3740719970379514,-0.0218778130732157,0.0439565367113607,-0.0439565367113607
LINK-USD_2024-08-16,LINK-USD,2024-08-16,10.173847198486328,10.3893404006958,9.951396942138672,10.143065452575684,197406574.0,-0.3119368733364528,-0.3308043755598245,-0.3213706244481387,-0.0030255758033425,0.0438769199442347,-0.0438769199442347
LINK-USD_2024-08-17,LINK-USD,2024-08-17,10.143065452575684,10.168416023254396,10.048598289489746,10.150433540344238,115805727.0,-0.3168748550280663,-0.239430054582956,-0.2781524548055112,0.0007264162696183,0.0438519976071191,-0.0438519976071191
LINK-USD_2024-08-18,LINK-USD,2024-08-18,10.150433540344238,10.458497047424316,10.073819160461426,10.095947265625,152329338.0,-0.3325464052007366,-0.2849769118249671,-0.3087616585128518,-0.0053678766037603,0.043752433210059,-0.043752433210059
LINK-USD_2024-08-19,LINK-USD,2024-08-19,10.095891952514648,10.186885833740234,9.967269897460938,10.183764457702637,172655809.0,-0.2993349277744423,-0.2502330372213595,-0.2747839824979009,0.0086982617645636,0.0435734709352478,-0.0435734709352478
LINK-USD_2024-08-20,LINK-USD,2024-08-20,10.184026718139648,10.536776542663574,10.067704200744627,10.245038986206056,189707066.0,-0.2665229622643144,-0.2404348738799142,-0.2534789180721143,0.0060168839094736,0.0433706534971004,-0.0433706534971004
LINK-USD_2024-08-21,LINK-USD,2024-08-21,10.245125770568848,11.36696434020996,10.185591697692873,11.214466094970703,266210718.0,-0.217672825440253,-0.1462282713025094,-0.1819505483713812,0.0946240526824626,0.0449652825656182,-0.0449652825656182
LINK-USD_2024-08-22,LINK-USD,2024-08-22,11.214466094970703,11.608884811401367,11.186467170715332,11.467951774597168,242400239.0,-0.1957497800604848,-0.1745549571174255,-0.1851523685889551,0.0226034549910623,0.0450785365461879,-0.0450785365461879
LINK-USD_2024-08-23,LINK-USD,2024-08-23,11.467951774597168,12.187732696533203,11.467907905578612,12.062475204467772,267007311.0,-0.1298304306060514,-0.1363341352202429,-0.1330822829131472,0.0518421634094714,0.045470915559344,-0.045470915559344
LINK-USD_2024-08-24,LINK-USD,2024-08-24,12.062450408935549,12.535622596740724,11.922675132751465,12.347853660583496,208071001.0,-0.0839931777364081,-0.1748619890804659,-0.129427583408437,0.0236583662373062,0.0454496310467905,-0.0454496310467905
LINK-USD_2024-08-25,LINK-USD,2024-08-25,12.347844123840332,12.351366996765137,11.97705078125,12.108485221862791,208578445.0,-0.0810897835810894,-0.1970719836225456,-0.1390808836018175,-0.0193854288607914,0.0454269934854173,-0.0454269934854173
LINK-USD_2024-08-26,LINK-USD,2024-08-26,12.108505249023438,12.678086280822754,11.854799270629885,11.854799270629885,297094202.0,-0.1292656806011572,-0.2334481353055838,-0.1813569079533705,-0.0209510889747676,0.0452942850529054,-0.0452942850529054
LINK-USD_2024-08-27,LINK-USD,2024-08-27,11.854829788208008,12.044462203979492,10.96803379058838,11.170317649841309,265972965.0,-0.213117235379378,-0.2649475968318184,-0.2390324161055982,-0.0577387777863409,0.045492319130717,-0.045492319130717
LINK-USD_2024-08-28,LINK-USD,2024-08-28,11.170317649841309,11.692720413208008,10.98044490814209,11.181870460510254,281750355.0,-0.1957972132087427,-0.2308442008053116,-0.2133207070070272,0.0010342419106683,0.0454377412901328,-0.0454377412901328
LINK-USD_2024-08-29,LINK-USD,2024-08-29,11.18185806274414,11.452714920043944,10.847126960754396,10.937602996826172,192295246.0,-0.2397935382263829,-0.2508162927892727,-0.2453049155078278,-0.0218449555954644,0.0452495142695255,-0.0452495142695255
LINK-USD_2024-08-30,LINK-USD,2024-08-30,10.93757152557373,11.184162139892578,10.535093307495115,11.119160652160645,203280697.0,-0.1918483271066257,-0.2321537235583889,-0.2120010253325073,0.0165994007450405,0.0450189347061222,-0.0450189347061222
LINK-USD_2024-08-31,LINK-USD,2024-08-31,11.119154930114746,11.194512367248535,10.961421966552734,11.024574279785156,111938448.0,-0.1840621959229734,-0.2264612640914437,-0.2052617300072086,-0.0085066108256209,0.0449818596506851,-0.0449818596506851
LINK-USD_2024-09-01,LINK-USD,2024-09-01,11.024554252624512,11.025275230407717,10.269527435302734,10.372398376464844,163852806.0,-0.2726329644907724,-0.2488161665219724,-0.2607245655063724,-0.0591565612212485,0.0449298726624371,-0.0449298726624371
LINK-USD_2024-09-02,LINK-USD,2024-09-02,10.372398376464844,10.811654090881348,10.34278678894043,10.761754989624023,165089220.0,-0.2488888104945731,-0.235333272392292,-0.2421110414434326,0.0375377611838199,0.045222401910723,-0.045222401910723
LINK-USD_2024-09-03,LINK-USD,2024-09-03,10.761734008789062,10.86128044128418,10.224671363830566,10.314515113830566,177508453.0,-0.28392529236567,-0.2146420559278422,-0.2492836741467561,-0.0415582659356829,0.0454594736926727,-0.0454594736926727
LINK-USD_2024-09-04,LINK-USD,2024-09-04,10.314717292785645,10.485757827758787,9.946290969848633,10.335187911987305,230264779.0,-0.2412212626616808,-0.2255030424999491,-0.233362152580815,0.0020042433336511,0.0450097036183933,-0.0450097036183933
LINK-USD_2024-09-05,LINK-USD,2024-09-05,10.33518886566162,10.386664390563965,9.927684783935549,10.016019821166992,166788090.0,-0.2021444476359333,-0.2633012409649244,-0.2327228443004289,-0.0308816920929057,0.0441230722901157,-0.0441230722901157
LINK-USD_2024-09-06,LINK-USD,2024-09-06,10.016039848327637,10.171409606933594,9.337709426879885,9.575072288513184,275351521.0,-0.2219092696819692,-0.3213728932966369,-0.271641081489303,-0.0440242272406398,0.0443803395841847,-0.0443803395841847
LINK-USD_2024-09-07,LINK-USD,2024-09-07,9.575072288513184,10.15163803100586,9.567692756652832,10.018677711486816,162278968.0,-0.2410761468566594,-0.3002872158380198,-0.2706816813473396,0.0463291983190359,0.043773460129364,-0.043773460129364
LINK-USD_2024-09-08,LINK-USD,2024-09-08,10.018677711486816,10.445469856262209,9.98128604888916,10.335866928100586,161848162.0,-0.1631781271906563,-0.2810072586281414,-0.2220926929093989,0.0316597884219889,0.0432862482442183,-0.0432862482442183
LINK-USD_2024-09-09,LINK-USD,2024-09-09,10.335866928100586,10.804430961608888,10.296896934509276,10.545119285583496,260723237.0,-0.1959428171527018,-0.2728471447008245,-0.2343949809267631,0.0202452642761883,0.0426107416541441,-0.0426107416541441
LINK-USD_2024-09-10,LINK-USD,2024-09-10,10.544769287109377,10.711577415466309,10.352102279663086,10.597155570983888,186992740.0,-0.1734180501397729,-0.2437001288345882,-0.2085590894871806,0.0049346322209491,0.0425442273912304,-0.0425442273912304
LINK-USD_2024-09-11,LINK-USD,2024-09-11,10.597155570983888,10.59736442565918,10.196114540100098,10.406829833984377,197449932.0,-0.1867452092028972,-0.2512690175960512,-0.2190071133994742,-0.0179600776571255,0.0425909178745056,-0.0425909178745056
LINK-USD_2024-09-12,LINK-USD,2024-09-12,10.406829833984377,10.797333717346191,10.400274276733398,10.786038398742676,175795054.0,-0.1266527121339802,-0.2424472331125732,-0.1845499726232767,0.0364384323379596,0.0426610640820936,-0.0426610640820936
LINK-USD_2024-09-13,LINK-USD,2024-09-13,10.786038398742676,11.545028686523438,10.655502319335938,11.458701133728027,262157503.0,-0.1004545148273202,-0.1554969608537725,-0.1279757378405464,0.0623642073315595,0.0432177590723919,-0.0432177590723919
LINK-USD_2024-09-14,LINK-USD,2024-09-14,11.458690643310549,11.469806671142578,11.259657859802246,11.297834396362305,135369032.0,-0.1323565460744323,-0.1506221576304738,-0.1414893518524531,-0.0140388282658163,0.0431482120726892,-0.0431482120726892
LINK-USD_2024-09-15,LINK-USD,2024-09-15,11.297843933105469,11.349872589111328,10.820045471191406,10.823186874389648,137514241.0,-0.1939158869171553,-0.2010622435195309,-0.1974890652183431,-0.0420122569795751,0.0432442332530514,-0.0432442332530514
LINK-USD_2024-09-16,LINK-USD,2024-09-16,10.823186874389648,10.823189735412598,10.42856502532959,10.554821014404297,202971092.0,-0.2681508641051834,-0.2110571860168159,-0.2396040250609996,-0.0247954565600611,0.0422005330466699,-0.0422005330466699
LINK-USD_2024-09-17,LINK-USD,2024-09-17,10.554814338684082,10.910009384155272,10.45042610168457,10.627530097961426,202234601.0,-0.2527057444789025,-0.1809435099696287,-0.2168246272242656,0.0068887083407573,0.0422036058008771,-0.0422036058008771
LINK-USD_2024-09-18,LINK-USD,2024-09-18,10.627530097961426,10.853248596191406,10.308819770812988,10.853248596191406,227369163.0,-0.2109379311760214,-0.2185251289725212,-0.2147315300742713,0.0212390363658698,0.0421523150295666,-0.0421523150295666
LINK-USD_2024-09-19,LINK-USD,2024-09-19,10.853318214416504,11.389837265014648,10.853318214416504,11.205124855041504,268298751.0,-0.1761445069779417,-0.2775404749318564,-0.226842490954899,0.0324212843492386,0.0423712034609462,-0.0423712034609462
LINK-USD_2024-09-20,LINK-USD,2024-09-20,11.205124855041504,11.725863456726074,11.136523246765137,11.426664352416992,264736260.0,-0.1882124560678204,-0.2969474900122835,-0.2425799730400519,0.0197712654023494,0.0421997019008927,-0.0421997019008927
LINK-USD_2024-09-21,LINK-USD,2024-09-21,11.426664352416992,11.537297248840332,11.227472305297852,11.51356315612793,160550928.0,-0.1930598653883969,-0.2941231568211387,-0.2435915111047678,0.0076049143504033,0.0421693675385698,-0.0421693675385698
LINK-USD_2024-09-22,LINK-USD,2024-09-22,11.513554573059082,11.53524684906006,10.874297142028809,11.132943153381348,184692439.0,-0.2481078930869582,-0.3285948762709478,-0.288351384678953,-0.033058402302158,0.0420222495692444,-0.0420222495692444
LINK-USD_2024-09-23,LINK-USD,2024-09-23,11.13288116455078,11.583003044128418,10.969532012939451,11.398932456970217,246653492.0,-0.1816406723383637,-0.3402613730585763,-0.26095102269847,0.0238920921381047,0.0415503847800959,-0.0415503847800959
LINK-USD_2024-09-24,LINK-USD,2024-09-24,11.398948669433594,12.217344284057615,11.217415809631348,12.162094116210938,307571799.0,-0.1262820371405908,-0.2732620724939444,-0.1997720548172676,0.0669502746964749,0.0424573897393385,-0.0424573897393385
LINK-USD_2024-09-25,LINK-USD,2024-09-25,12.16183853149414,12.540008544921877,12.088472366333008,12.111525535583496,319449283.0,-0.0958519635044665,-0.2591294379820089,-0.1774907007432377,-0.0041578843367144,0.0422029083906216,-0.0422029083906216
LINK-USD_2024-09-26,LINK-USD,2024-09-26,12.111525535583496,12.727975845336914,11.896232604980469,12.551836967468262,356223097.0,-0.0304616387358183,-0.2441027163715703,-0.1372821775536943,0.0363547457825306,0.0422449475591855,-0.0422449475591855
LINK-USD_2024-09-27,LINK-USD,2024-09-27,12.55159854888916,12.87065887451172,12.468423843383787,12.680974960327148,323611124.0,-0.0634748334893861,-0.2647733818642015,-0.1641241076767938,0.0102883739801262,0.0418626186875104,-0.0418626186875104
LINK-USD_2024-09-28,LINK-USD,2024-09-28,12.680974960327148,12.961899757385254,12.408324241638184,12.943387985229492,269071613.0,-0.0459953616067168,-0.2578844939543191,-0.1519399277805179,0.0206934423988149,0.0419444853617263,-0.0419444853617263
LINK-USD_2024-09-29,LINK-USD,2024-09-29,12.943346977233888,12.966425895690918,12.452469825744627,12.48232364654541,218137120.0,-0.0610011208155673,-0.2677473297185043,-0.1643742252670358,-0.0356216115293949,0.0421095703180397,-0.0421095703180397
LINK-USD_2024-09-30,LINK-USD,2024-09-30,12.48232364654541,12.48257541656494,11.782835006713867,11.85057258605957,274422925.0,-0.1249699843263608,-0.3689139341431565,-0.2469419592347587,-0.0506116551993652,0.0425125648496219,-0.0425125648496219
LINK-USD_2024-10-01,LINK-USD,2024-10-01,11.85063362121582,12.237958908081056,10.939773559570312,11.025396347045898,424150401.0,-0.1609626814901625,-0.404922853356212,-0.2829427674231873,-0.0696317610833732,0.0432352240015197,-0.0432352240015197
LINK-USD_2024-10-02,LINK-USD,2024-10-02,11.025368690490724,11.299097061157228,10.494516372680664,10.662163734436035,368791526.0,-0.1688914996490118,-0.4221704407905141,-0.295530970219763,-0.0329450843467579,0.0433259803771757,-0.0433259803771757
LINK-USD_2024-10-03,LINK-USD,2024-10-03,10.662192344665527,10.855036735534668,10.376425743103027,10.650412559509276,317041167.0,-0.1743717057904455,-0.4064952815177882,-0.2904334936541169,-0.0011021379167913,0.0433154303883953,-0.0433154303883953
LINK-USD_2024-10-04,LINK-USD,2024-10-04,10.650394439697266,11.22384262084961,10.612095832824709,11.06858253479004,253154369.0,-0.0712688573932277,-0.3991758439725474,-0.2352223506828876,0.0392632654316662,0.0425689630581162,-0.0425689630581162
LINK-USD_2024-10-05,LINK-USD,2024-10-05,11.06858253479004,11.371917724609377,11.014540672302246,11.261728286743164,173569781.0,-0.0375686190451546,-0.3884322918792183,-0.2130004554621865,0.0174499084544963,0.0425640462717389,-0.0425640462717389
LINK-USD_2024-10-06,LINK-USD,2024-10-06,11.261728286743164,11.382131576538086,11.169724464416504,11.276307106018066,190937920.0,0.0372330766757003,-0.3786671390395941,-0.1707170311819469,0.0012945454643995,0.0415766396768284,-0.0415766396768284
LINK-USD_2024-10-07,LINK-USD,2024-10-07,11.276803016662598,11.708335876464844,11.149279594421388,11.160425186157228,297457488.0,0.1745875136679102,-0.3663748873259751,-0.0958936868290324,-0.0102765842373158,0.0382809969084449,-0.0382809969084449
LINK-USD_2024-10-08,LINK-USD,2024-10-08,11.160249710083008,11.27587604522705,10.802026748657228,10.825778007507324,247319378.0,0.0767027260614081,-0.3891499646350436,-0.1562236192868177,-0.029985163922337,0.0378497661041069,-0.0378497661041069
LINK-USD_2024-10-09,LINK-USD,2024-10-09,10.825807571411133,10.947110176086426,10.42487335205078,10.529767990112305,245132633.0,0.1100977488202283,-0.4063741249992338,-0.1481381880895027,-0.0273430710651693,0.0372961857224799,-0.0372961857224799
LINK-USD_2024-10-10,LINK-USD,2024-10-10,10.52972412109375,10.716479301452637,10.271653175354004,10.538860321044922,241793671.0,-0.0184055684461349,-0.3897200922257045,-0.2040628303359197,0.0008634882498033,0.0334053158791572,-0.0334053158791572
LINK-USD_2024-10-11,LINK-USD,2024-10-11,10.53884983062744,11.013775825500488,10.507064819335938,10.898591995239258,211372452.0,0.0331717880143052,-0.3325091914309335,-0.1496687017083141,0.0341338307213343,0.0335957011784197,-0.0335957011784197
LINK-USD_2024-10-12,LINK-USD,2024-10-12,10.898591995239258,11.131552696228027,10.847723960876465,11.0164155960083,179211166.0,0.0437894542427017,-0.309078253950092,-0.1326443998536951,0.0108109011531498,0.0336179918016369,-0.0336179918016369
LINK-USD_2024-10-13,LINK-USD,2024-10-13,11.01634120941162,11.060730934143066,10.63666534423828,10.731656074523926,179090693.0,0.0722088186344185,-0.3439342987305404,-0.1358627400480609,-0.0258486545830347,0.0331162779103013,-0.0331162779103013
LINK-USD_2024-10-14,LINK-USD,2024-10-14,10.731656074523926,11.311012268066406,10.615804672241213,11.26422119140625,260457834.0,0.0669213245933779,-0.2913266140294194,-0.1122026447180207,0.0496256228473992,0.0329877743428461,-0.0329877743428461
LINK-USD_2024-10-15,LINK-USD,2024-10-15,11.264203071594238,11.65633487701416,10.961629867553713,11.436711311340332,383457428.0,0.0813054188524633,-0.2373664863951864,-0.0780305337713615,0.015313097728024,0.0330332503952528,-0.0330332503952528
LINK-USD_2024-10-16,LINK-USD,2024-10-16,11.436676025390623,11.50099754333496,11.093914985656738,11.238662719726562,228762428.0,0.08049444257301,-0.2976403474622274,-0.1085729524446086,-0.0173169179690134,0.0330399906770601,-0.0330399906770601
LINK-USD_2024-10-17,LINK-USD,2024-10-17,11.238662719726562,11.338802337646484,10.871143341064451,11.021685600280762,188551247.0,0.0833350831060815,-0.2718360198211539,-0.0942504683575362,-0.0193063111561265,0.0330118886614974,-0.0330118886614974
LINK-USD_2024-10-18,LINK-USD,2024-10-18,11.02193546295166,11.487777709960938,10.987104415893556,11.477060317993164,205269384.0,0.1315179194746034,-0.2214442424504725,-0.0449631614879345,0.041316250002704,0.0333779049312166,-0.0333779049312166
LINK-USD_2024-10-19,LINK-USD,2024-10-19,11.477060317993164,11.588594436645508,11.309085845947266,11.42170238494873,131526055.0,0.1252428124918672,-0.2313183405878669,-0.0530377640479998,-0.0048233547189471,0.0333900066705685,-0.0333900066705685
LINK-USD_2024-10-20,LINK-USD,2024-10-20,11.42172145843506,12.01508331298828,11.29038143157959,11.96278953552246,203541679.0,0.1849100654728797,-0.2091275172862959,-0.0121087259067081,0.0473735991656341,0.0338495885285048,-0.0338495885285048
LINK-USD_2024-10-21,LINK-USD,2024-10-21,11.96278953552246,12.00901985168457,11.563398361206056,11.70938205718994,211544360.0,0.14980880653945,-0.1943691295204539,-0.0222801614905019,-0.0211829755576696,0.0339812239363472,-0.0339812239363472
LINK-USD_2024-10-22,LINK-USD,2024-10-22,11.70938205718994,12.306395530700684,11.624059677124023,11.966221809387209,336070700.0,0.1680015884271946,-0.1432976548498459,0.0123519667886743,0.021934526599511,0.0340647249097485,-0.0340647249097485
LINK-USD_2024-10-23,LINK-USD,2024-10-23,11.966221809387209,11.985514640808104,11.032395362854004,11.24693775177002,245788917.0,0.0028955151787277,-0.215407585231584,-0.1062560350264281,-0.0601095374191483,0.0329134272012651,-0.0329134272012651
LINK-USD_2024-10-24,LINK-USD,2024-10-24,11.326855659484863,11.62044620513916,11.230501174926758,11.59044075012207,201993438.0,0.0106809810446037,-0.1871595987061924,-0.0882393088307943,0.0305419133575262,0.0330141434453137,-0.0330141434453137
LINK-USD_2024-10-25,LINK-USD,2024-10-25,11.590865135192873,12.068778038024902,10.868555068969728,11.09341812133789,406106538.0,-0.0803365036365799,-0.1997368113821096,-0.1400366575093448,-0.0428821163491082,0.0328040464936166,-0.0328040464936166
LINK-USD_2024-10-26,LINK-USD,2024-10-26,11.093274116516112,11.362091064453123,10.834426879882812,11.00280475616455,251606285.0,-0.1089297736587676,-0.1837735935554681,-0.1463516836071179,-0.0081682096701148,0.0326661298513752,-0.0326661298513752
LINK-USD_2024-10-27,LINK-USD,2024-10-27,11.002785682678224,11.1443452835083,10.859156608581545,10.980671882629396,149703512.0,-0.0931423971346178,-0.1666792838898372,-0.1299108405122275,-0.0020115665074175,0.0325842410356489,-0.0325842410356489
LINK-USD_2024-10-28,LINK-USD,2024-10-28,10.980671882629396,11.216483116149902,10.723155975341797,11.178171157836914,248215951.0,-0.0570763027990957,-0.1789639762727302,-0.1180201395359129,0.0179860829390545,0.0325694958472931,-0.0325694958472931
LINK-USD_2024-10-29,LINK-USD,2024-10-29,11.178133010864258,11.788113594055176,11.15477180480957,11.78810214996338,264676457.0,0.0553059026151192,-0.1695979738297539,-0.0571460356073173,0.0545644706557253,0.0324541781597162,-0.0324541781597162
LINK-USD_2024-10-30,LINK-USD,2024-10-30,11.788434028625488,12.433547973632812,11.682046890258787,12.394707679748535,324062861.0,0.1084646100597857,-0.108569671530436,-5.253073532518471e-05,0.0514591341395052,0.0330617738887619,-0.0330617738887619
LINK-USD_2024-10-31,LINK-USD,2024-10-31,12.394707679748535,12.412105560302734,11.332402229309082,11.422245979309082,280885201.0,0.044309798282452,-0.2061089432521773,-0.0808995724848626,-0.0784578164782651,0.034464746925033,-0.034464746925033
LINK-USD_2024-11-01,LINK-USD,2024-11-01,11.422303199768066,11.701598167419434,11.182896614074709,11.265908241271973,305584671.0,0.0131977218157031,-0.1811825661428838,-0.0839924221635903,-0.0136871275859676,0.0344587828974319,-0.0344587828974319
LINK-USD_2024-11-02,LINK-USD,2024-11-02,11.265892028808594,11.384263038635254,11.101263999938965,11.174641609191896,199878120.0,0.0136120747702617,-0.1729555895259937,-0.079671757377866,-0.0081011339809893,0.0344570553598042,-0.0344570553598042
LINK-USD_2024-11-03,LINK-USD,2024-11-03,11.174641609191896,11.214405059814451,10.537811279296877,10.764084815979004,279022372.0,0.0377623790851404,-0.2451658547618381,-0.1037017378383488,-0.0367400412085862,0.0339397761380754,-0.0339397761380754
LINK-USD_2024-11-04,LINK-USD,2024-11-04,10.764057159423828,10.884852409362791,10.108696937561035,10.2481689453125,283380682.0,-0.0477232611973325,-0.2847342859795797,-0.1662287735884561,-0.0479293762067575,0.0341694860644049,-0.0341694860644049
LINK-USD_2024-11-05,LINK-USD,2024-11-05,10.2481689453125,10.921979904174805,10.2019681930542,10.842791557312012,245012518.0,0.0512167986232419,-0.2472502382655657,-0.0980167198211618,0.0580223272247566,0.0345267861376036,-0.0345267861376036
LINK-USD_2024-11-06,LINK-USD,2024-11-06,10.84281063079834,12.291268348693848,10.82515811920166,12.16852569580078,561632526.0,0.1773879487655054,-0.1066230588783562,0.0353824449435746,0.1222687101823642,0.0377371925900654,-0.0377371925900654
LINK-USD_2024-11-07,LINK-USD,2024-11-07,12.168517112731934,12.677818298339844,12.090215682983398,12.606694221496582,418031721.0,0.2586530824204922,0.0042233503093369,0.1314382163649146,0.0360083494623353,0.0377012159981489,-0.0377012159981489
LINK-USD_2024-11-08,LINK-USD,2024-11-08,12.606698989868164,13.74239444732666,12.55181121826172,13.718581199645996,593832536.0,0.4327391779698215,0.1148010733417934,0.2737701256558075,0.0881981397037023,0.0386335294260608,-0.0386335294260608
LINK-USD_2024-11-09,LINK-USD,2024-11-09,13.71864128112793,13.804889678955078,13.310078620910645,13.762722969055176,399927256.0,0.3737065274867222,0.0425386509283816,0.2081225892075519,0.0032176628739362,0.0382961165169901,-0.0382961165169901
LINK-USD_2024-11-10,LINK-USD,2024-11-10,13.762983322143556,14.836310386657717,13.707151412963867,14.289252281188965,883029552.0,0.3824918974469506,0.1568994587653003,0.2696956781061255,0.0382576408257047,0.0383770048027169,-0.0383770048027169
LINK-USD_2024-11-11,LINK-USD,2024-11-11,14.289202690124512,14.903121948242188,13.672368049621582,14.895793914794922,920385060.0,0.412577090062826,0.1357927555905502,0.2741849228266881,0.0424474018423228,0.0386123496270931,-0.0386123496270931
LINK-USD_2024-11-12,LINK-USD,2024-11-12,14.895793914794922,15.316909790039062,13.716687202453612,14.004612922668455,1120172988.0,0.3215445247415767,0.0923648500879996,0.2069546874147881,-0.0598276934565615,0.0394991176787674,-0.0394991176787674
LINK-USD_2024-11-13,LINK-USD,2024-11-13,14.00414752960205,14.37111473083496,13.103652954101562,13.475764274597168,910258164.0,0.2948961873663898,0.0530805279606192,0.1739883576635045,-0.0377624609113809,0.039764257932753,-0.039764257932753
LINK-USD_2024-11-14,LINK-USD,2024-11-14,13.47575855255127,13.812694549560549,12.856063842773438,12.971002578735352,689991231.0,0.2025733730233498,0.050264193789834,0.1264187834065919,-0.0374569995123267,0.0399079929952329,-0.0399079929952329
LINK-USD_2024-11-15,LINK-USD,2024-11-15,12.971158981323242,13.884851455688477,12.746133804321287,13.84998893737793,645867168.0,0.2086875096699472,0.0872693923082106,0.1479784509890789,0.0677654910102005,0.0400416143561469,-0.0400416143561469
LINK-USD_2024-11-16,LINK-USD,2024-11-16,13.824383735656738,14.770939826965332,13.76286506652832,14.526206016540527,756646648.0,0.2857513667590754,0.1155737567443633,0.2006625617517193,0.0488243768439151,0.0403719601585132,-0.0403719601585132
LINK-USD_2024-11-17,LINK-USD,2024-11-17,14.526206016540527,14.855191230773926,13.598990440368652,13.778284072875977,641164136.0,0.2730339254770535,0.026172422742543,0.1496031741097983,-0.0514877692642467,0.0405663231931466,-0.0405663231931466
LINK-USD_2024-11-18,LINK-USD,2024-11-18,13.778369903564451,15.96382999420166,13.777181625366213,15.22088623046875,1002271157.0,0.4420790470721023,0.0553843044917388,0.2487316757819205,0.1047011478325294,0.0422946766768495,-0.0422946766768495
LINK-USD_2024-11-19,LINK-USD,2024-11-19,15.220763206481934,15.404451370239258,14.480917930603027,14.646309852600098,618752857.0,0.3781480473444676,0.0298821190381382,0.2040150831913029,-0.037749206529018,0.042663700477788,-0.042663700477788
LINK-USD_2024-11-20,LINK-USD,2024-11-20,14.646294593811035,15.288311958312988,14.07448673248291,14.24710178375244,719119033.0,0.3127039021986464,0.0358048568221733,0.1742543795104099,-0.027256563111478,0.0428213066071065,-0.0428213066071065
LINK-USD_2024-11-21,LINK-USD,2024-11-21,14.247103691101074,15.36253833770752,13.879337310791016,14.908040046691896,781024436.0,0.3304662143041044,0.0961118989346994,0.2132890566194019,0.046391067669159,0.0430002385028631,-0.0430002385028631
LINK-USD_2024-11-22,LINK-USD,2024-11-22,14.908306121826172,16.55234146118164,14.75843620300293,16.531856536865234,1153932720.0,0.4467788697554926,0.1744770652917862,0.3106279675236394,0.1089221980278798,0.0449042373818611,-0.0449042373818611
LINK-USD_2024-11-23,LINK-USD,2024-11-23,16.531831741333008,18.247535705566406,16.34809684753418,17.38550567626953,1521291265.0,0.5100021983217544,0.2184813771775731,0.3642417877496637,0.0516366167042825,0.0452573681176094,-0.0452573681176094
LINK-USD_2024-11-24,LINK-USD,2024-11-24,17.385408401489258,18.28588485717773,16.251710891723633,17.94485855102539,1141728333.0,0.6118701320751017,0.211952429676151,0.4119112808756263,0.0321735177090276,0.0450589882708635,-0.0450589882708635
LINK-USD_2024-11-25,LINK-USD,2024-11-25,17.944644927978516,19.00322723388672,17.18935203552246,17.387096405029297,1289484781.0,0.5253267330659055,0.2482653597361344,0.3867960464010199,-0.0310820029263603,0.0452895882711339,-0.0452895882711339
LINK-USD_2024-11-26,LINK-USD,2024-11-26,17.386852264404297,17.800683975219727,16.255496978759766,17.338844299316406,879962495.0,0.4256462853880849,0.2456127682273614,0.3356295268077232,-0.0027751675489032,0.0446664120110575,-0.0446664120110575
LINK-USD_2024-11-27,LINK-USD,2024-11-27,17.338848114013672,18.97032356262207,17.021699905395508,18.696128845214844,946737979.0,0.5436642386861896,0.395700990416491,0.4696826145513403,0.0782799892811743,0.0455447593941407,-0.0455447593941407
LINK-USD_2024-11-28,LINK-USD,2024-11-28,18.69670867919922,18.699745178222656,17.528181076049805,17.960947036743164,627681116.0,0.4309417086354918,0.3873528792550229,0.4091472939452574,-0.0393226755419929,0.0457800573785725,-0.0457800573785725
LINK-USD_2024-11-29,LINK-USD,2024-11-29,17.96095085144043,18.383203506469727,17.555191040039062,18.2906436920166,522913952.0,0.4423688832475017,0.3508147585530947,0.3965918209002982,0.0183563068583727,0.04580148582123,-0.04580148582123
LINK-USD_2024-11-30,LINK-USD,2024-11-30,18.2898006439209,19.402557373046875,17.980148315429688,19.022661209106445,726534738.0,0.4696817580384973,0.4020832141307213,0.4358824860846093,0.0400214191154655,0.0459601947348688,-0.0459601947348688
LINK-USD_2024-12-01,LINK-USD,2024-12-01,19.022445678710938,19.075044631958008,18.47825813293457,18.889429092407227,638179234.0,0.513294289371758,0.4209816415962832,0.4671379654840206,-0.0070038631942537,0.045671127289387,-0.045671127289387
LINK-USD_2024-12-02,LINK-USD,2024-12-02,18.889631271362305,26.50433349609375,18.658784866333008,25.091211318969727,8935516000.0,1.117299492219118,0.852700607862283,0.9850000500407003,0.3283202576543387,0.0604434202199855,-0.0604434202199855
LINK-USD_2024-12-03,LINK-USD,2024-12-03,25.091636657714844,26.10818862915039,22.99172782897949,24.2171630859375,3344542573.0,1.1964891169128946,0.8429363387906361,1.0197127278517653,-0.0348348360675364,0.0598262149231647,-0.0598262149231647
LINK-USD_2024-12-04,LINK-USD,2024-12-04,24.21832275390625,26.31502151489257,23.68952751159668,24.10514068603516,2233316427.0,1.2608113405895072,0.8789795228538524,1.0698954317216798,-0.004625744126379,0.0595723197662018,-0.0595723197662018
LINK-USD_2024-12-05,LINK-USD,2024-12-05,24.1053466796875,24.731903076171875,23.05158424377441,23.40096664428711,1655548492.0,1.1971887486549462,0.8140611986084088,1.0056249736316776,-0.0292126086679925,0.0597968564381774,-0.0597968564381774
LINK-USD_2024-12-06,LINK-USD,2024-12-06,23.17236518859864,25.92329788208008,22.894182205200195,25.811050415039062,1464133424.0,1.3319201292407103,1.1657268460974572,1.2488234876690838,0.10299077843181,0.0607593380032427,-0.0607593380032427
LINK-USD_2024-12-07,LINK-USD,2024-12-07,25.811050415039062,26.77125740051269,24.497116088867188,24.800466537475582,1206894646.0,1.202190099602177,1.1194568586852118,1.1608234791436944,-0.0391531480243304,0.061142656891504,-0.061142656891504
LINK-USD_2024-12-08,LINK-USD,2024-12-08,24.992809295654297,27.36673355102539,24.72724342346192,26.144575119018555,1667077604.0,1.3185405357632929,1.404866933307087,1.36170373453519,0.0541969071231749,0.0613242997742494,-0.0613242997742494
LINK-USD_2024-12-09,LINK-USD,2024-12-09,26.14444351196289,27.26143455505371,20.42302131652832,22.34653663635254,3032910891.0,1.00230154887557,1.3518783979071611,1.1770899733913656,-0.145270614090155,0.0645024605789059,-0.0645024605789059
LINK-USD_2024-12-10,LINK-USD,2024-12-10,22.346227645874023,23.72846221923828,20.381397247314453,22.216991424560547,2284650070.0,1.0522304640972489,1.2096421351997768,1.1309362996485128,-0.0057971046654832,0.0643142622001513,-0.0643142622001513
LINK-USD_2024-12-11,LINK-USD,2024-12-11,22.216453552246094,24.300079345703125,21.22257232666016,24.09305953979492,1251318584.0,1.288090256349319,1.5400038426708784,1.4140470495100987,0.0844429418629746,0.0647136694357511,-0.0647136694357511
LINK-USD_2024-12-12,LINK-USD,2024-12-12,24.093076705932617,29.372716903686523,23.95908737182617,29.28685188293457,3621233210.0,1.778939182299628,1.7277912269721658,1.753365204635897,0.2155721374680943,0.0694311294217882,-0.0694311294217882
LINK-USD_2024-12-13,LINK-USD,2024-12-13,29.284948348999023,30.80512809753418,27.62576675415039,29.024141311645508,2694601058.0,1.6631092644191,1.751449360397343,1.7072793124082213,-0.0089702564256195,0.0694874802809931,-0.0694874802809931
LINK-USD_2024-12-14,LINK-USD,2024-12-14,29.024141311645508,30.68814849853516,28.79515266418457,29.112491607666016,2225370019.0,1.642646453735339,1.7583664997008204,1.7005064767180795,0.0030440279032495,0.0695070929525265,-0.0695070929525265
LINK-USD_2024-12-15,LINK-USD,2024-12-15,29.112117767333984,29.743661880493164,28.06430625915528,29.2235107421875,1417091998.0,1.723112867133501,1.9197456302773956,1.821429248705448,0.0038134535517477,0.0693072013018978,-0.0693072013018978
LINK-USD_2024-12-16,LINK-USD,2024-12-16,29.224504470825195,30.723875045776367,28.45172119140625,28.74418258666992,2177945359.0,1.5518126906633865,1.7225833760367717,1.637198033350079,-0.0164021414040995,0.0693238160894824,-0.0693238160894824
LINK-USD_2024-12-17,LINK-USD,2024-12-17,28.74418258666992,28.975662231445312,27.458477020263672,27.82374763488769,1448603677.0,1.432845149050708,1.63064864289746,1.531746895974084,-0.0320216081639098,0.0696002166634484,-0.0696002166634484
LINK-USD_2024-12-18,LINK-USD,2024-12-18,27.824840545654297,28.2781925201416,24.796968460083008,24.89114761352539,1830073362.0,1.2147784157482922,1.3930557697466854,1.3039170927474888,-0.1053991741100026,0.0711561185835136,-0.0711561185835136
LINK-USD_2024-12-19,LINK-USD,2024-12-19,24.891292572021484,25.54539680480957,21.83685111999512,22.89248847961425,2183321673.0,1.0770406006710167,1.2501309517426415,1.1635857762068291,-0.0802959817258528,0.0720400575269311,-0.0720400575269311
LINK-USD_2024-12-20,LINK-USD,2024-12-20,22.89216423034668,23.64106750488281,20.062328338623047,23.364501953125,2000689009.0,1.0357566576952897,1.3034951378719462,1.1696258977836178,0.020618705298512,0.0719608649402452,-0.0719608649402452
LINK-USD_2024-12-21,LINK-USD,2024-12-21,23.364578247070312,24.886436462402344,21.84805679321289,22.12673759460449,1290476904.0,0.937253909168796,1.17988103726396,1.058567473216378,-0.0529762783304251,0.0724153255199649,-0.0724153255199649
LINK-USD_2024-12-22,LINK-USD,2024-12-22,22.12616920471192,22.685020446777344,21.375946044921875,22.04706573486328,760283071.0,0.8429702929568763,1.1837540504921047,1.0133621717244905,-0.0036007052282589,0.0723092936152669,-0.0723092936152669
LINK-USD_2024-12-23,LINK-USD,2024-12-23,22.047758102416992,24.894193649291992,21.54749870300293,24.479013442993164,1418414647.0,1.0905469924403275,1.4037293423924502,1.2471381674163888,0.1103070919902151,0.0732235535340724,-0.0732235535340724
LINK-USD_2024-12-24,LINK-USD,2024-12-24,24.47906494140625,25.9332275390625,23.59199905395508,25.439577102661133,1325641262.0,1.125948984390746,1.4831117906835725,1.3045303875371592,0.0392402929924007,0.0732853320931496,-0.0732853320931496
LINK-USD_2024-12-25,LINK-USD,2024-12-25,25.439491271972656,25.53032112121582,24.21030616760254,24.43116950988769,815332957.0,1.1722507983155477,1.1785405834740734,1.1753956908948104,-0.0396393221752084,0.072993950081416,-0.072993950081416
LINK-USD_2024-12-26,LINK-USD,2024-12-26,24.430788040161133,24.64065361022949,22.4621639251709,22.65229034423828,756276597.0,0.9543942143873784,0.9752690619449332,0.964831638166156,-0.0728118711193693,0.0737923444407603,-0.0737923444407603
LINK-USD_2024-12-27,LINK-USD,2024-12-27,22.652193069458008,23.62131690979004,21.39748954772949,21.52909469604492,829602107.0,0.940708847405137,0.7847990840280312,0.8627539657165841,-0.0495841979386889,0.0738792725471034,-0.0738792725471034
LINK-USD_2024-12-28,LINK-USD,2024-12-28,21.52901077270508,22.28091049194336,21.05872344970703,21.96608161926269,729747342.0,0.996407471190992,0.7789392572234848,0.8876733642072384,0.0202975057422201,0.0738341992233315,-0.0738341992233315
LINK-USD_2024-12-29,LINK-USD,2024-12-29,21.96608543395996,21.96608543395996,20.7754020690918,20.93878555297852,456858346.0,0.9068765351328014,0.7292654836107781,0.8180710093717898,-0.0467673790933794,0.0742006610932688,-0.0742006610932688
LINK-USD_2024-12-30,LINK-USD,2024-12-30,20.938501358032227,21.73308563232422,20.104463577270508,20.583473205566406,728410628.0,0.8413990012253052,0.7362987542574171,0.7888488777413611,-0.0169691000709241,0.0742921248197721,-0.0742921248197721
LINK-USD_2024-12-31,LINK-USD,2024-12-31,20.583101272583008,21.073659896850582,19.856895446777344,20.001365661621094,597468330.0,0.6967418000940233,0.7905816368530256,0.7436617184735245,-0.0282803362742442,0.0742647171783148,-0.0742647171783148
LINK-USD_2025-01-01,LINK-USD,2025-01-01,20.001163482666016,21.77120018005371,19.70737838745117,21.67484474182129,670017230.0,0.7487177028979379,0.9383916866474072,0.8435546947726725,0.0836682408847357,0.0746578395199737,-0.0746578395199737
LINK-USD_2025-01-02,LINK-USD,2025-01-02,21.674785614013672,22.82936286926269,21.67268753051757,22.04043769836425,893194042.0,0.9296062909422173,1.015106756458417,0.9723565237003172,0.016867154570088,0.073766481654221,-0.073766481654221
LINK-USD_2025-01-03,LINK-USD,2025-01-03,22.03972625732422,23.855545043945312,21.691131591796875,23.39835548400879,902211829.0,1.0769169234212588,1.1043274952108986,1.090622209316079,0.0616102912396026,0.0739371555724038,-0.0739371555724038
LINK-USD_2025-01-04,LINK-USD,2025-01-04,23.3984489440918,23.980871200561523,22.910024642944336,23.613359451293945,605411727.0,1.113120069270979,1.1418840176524363,1.1275020434617078,0.009188849508338,0.073885185867053,-0.073885185867053
LINK-USD_2025-01-05,LINK-USD,2025-01-05,23.61278343200684,23.77190971374512,22.90331077575684,23.63523292541504,503863576.0,1.195749413859054,1.278666135601174,1.237207774730114,0.0009263177552609,0.0736161421830512,-0.0736161421830512
LINK-USD_2025-01-06,LINK-USD,2025-01-06,23.634838104248047,24.716794967651367,23.06023597717285,23.81981086730957,947119470.0,1.324299198658773,1.2133760609004305,1.2688376297796018,0.0078094403586796,0.0731806475616419,-0.0731806475616419
LINK-USD_2025-01-07,LINK-USD,2025-01-07,23.820362091064453,23.83209609985352,21.26067924499512,21.39488410949707,982938164.0,0.973189652905306,1.0742501100036217,1.0237198814544637,-0.1018029392139499,0.0744573377506493,-0.0744573377506493
LINK-USD_2025-01-08,LINK-USD,2025-01-08,21.39477729797364,21.67677879333496,19.706830978393555,20.45516014099121,897360357.0,0.680989189023125,0.9791764131609276,0.8300828010920264,-0.0439228351832352,0.073475565312483,-0.073475565312483
LINK-USD_2025-01-09,LINK-USD,2025-01-09,20.455177307128903,20.698904037475582,19.206344604492188,19.645790100097656,722680069.0,0.5583617524884681,0.9614368232958104,0.7598992878921392,-0.0395680129275357,0.0736734316719411,-0.0736734316719411
LINK-USD_2025-01-10,LINK-USD,2025-01-10,19.645750045776367,20.495519638061523,19.59135055541992,20.266521453857425,680376562.0,0.4773044791527272,1.116592005072414,0.7969482421125705,0.0315961511650622,0.0730414327755756,-0.0730414327755756
LINK-USD_2025-01-11,LINK-USD,2025-01-11,20.266447067260746,20.66607666015625,19.85101318359375,20.192392349243164,382790796.0,0.4671800336782765,1.0154747892620375,0.7413274114701571,-0.0036577122908357,0.0730548376588815,-0.0730548376588815
LINK-USD_2025-01-12,LINK-USD,2025-01-12,20.192604064941406,20.29744338989257,19.61302757263184,19.83733940124512,364944821.0,0.3882699395936844,0.9192719429574364,0.6537709412755603,-0.0175835008480979,0.0730274049888692,-0.0730274049888692
LINK-USD_2025-01-13,LINK-USD,2025-01-13,19.83733940124512,20.37505149841309,17.954565048217773,19.3611068725586,883044871.0,0.2997700547755701,0.836025401725675,0.5678977282506226,-0.0240068750679653,0.072996891910299,-0.072996891910299
LINK-USD_2025-01-14,LINK-USD,2025-01-14,19.36130142211914,20.474609375,19.277204513549805,20.31008720397949,471632306.0,0.4502426676216611,0.9165602569420246,0.6834014622818428,0.0490147767721855,0.0726863650115833,-0.0726863650115833
LINK-USD_2025-01-15,LINK-USD,2025-01-15,20.310041427612305,22.12666130065918,20.12194061279297,22.114240646362305,771864744.0,0.6410379549343495,1.1249737911680264,0.8830058730511879,0.0888304133932678,0.0731396652541343,-0.0731396652541343
LINK-USD_2025-01-16,LINK-USD,2025-01-16,22.1141414642334,23.7116641998291,21.343748092651367,23.005603790283203,985313277.0,0.7736180106847381,1.1329057935641096,0.953261902124424,0.0403072010554215,0.0729758217801431,-0.0729758217801431
LINK-USD_2025-01-17,LINK-USD,2025-01-17,23.005523681640625,25.198850631713867,23.004961013793945,25.112716674804688,830368719.0,0.8131939879772214,1.191584925876708,1.002389456926965,0.0915912880935321,0.0733325265857681,-0.0733325265857681
LINK-USD_2025-01-18,LINK-USD,2025-01-18,25.112756729125977,25.61128807067871,23.414684295654297,24.112377166748047,985292868.0,0.6599225661051518,1.1342477080839308,0.8970851370945413,-0.0398339821617256,0.0734643270429319,-0.0734643270429319
LINK-USD_2025-01-19,LINK-USD,2025-01-19,24.11290168762207,26.564298629760746,22.2674560546875,24.2492733001709,2207793074.0,0.7599632270543892,1.2404928956323125,1.0002280613433507,0.0056774217023958,0.0730374272175036,-0.0730374272175036
LINK-USD_2025-01-20,LINK-USD,2025-01-20,24.2491512298584,26.791934967041016,23.4840145111084,25.068965911865234,2772617759.0,0.6470109251380429,1.3751199454404106,1.0110654352892268,0.0338027701509948,0.07211806575713,-0.07211806575713
LINK-USD_2025-01-21,LINK-USD,2025-01-21,25.06887626647949,27.02636337280273,23.723478317260746,26.594463348388672,1503292294.0,0.8157791017692739,1.502412423512216,1.159095762640745,0.0608520288346403,0.0721275511373809,-0.0721275511373809
LINK-USD_2025-01-22,LINK-USD,2025-01-22,26.595422744750977,27.01178741455078,25.231618881225582,25.2911434173584,682045028.0,0.7751781240308617,1.330283250512985,1.052730687271923,-0.0490071904800906,0.0723696704373376,-0.0723696704373376
LINK-USD_2025-01-23,LINK-USD,2025-01-23,25.290746688842773,26.09185028076172,24.02610206604004,25.655147552490234,1122706692.0,0.7208933885432598,1.289590511876113,1.0052419502096863,0.0143925535166593,0.0722334214624446,-0.0722334214624446
LINK-USD_2025-01-24,LINK-USD,2025-01-24,25.65497779846192,26.382143020629883,24.96661376953125,25.189668655395508,753379589.0,0.5237047695897781,1.2044638643881522,0.8640843169889652,-0.018143684270081,0.0712234725139337,-0.0712234725139337
LINK-USD_2025-01-25,LINK-USD,2025-01-25,25.189733505249023,25.392475128173828,24.753358840942383,24.92470932006836,432619000.0,0.4336487982681756,1.1648128370062865,0.799230817637231,-0.0105185716792028,0.0710541037810186,-0.0710541037810186
LINK-USD_2025-01-26,LINK-USD,2025-01-26,24.92491912841797,26.35795783996582,24.898754119873047,24.91171264648437,559922551.0,0.3882367796686192,1.2376574013959707,0.812947090532295,-0.0005214373181685,0.0709944206035686,-0.0709944206035686
LINK-USD_2025-01-27,LINK-USD,2025-01-27,24.9117431640625,25.08004379272461,22.23539352416992,24.14933967590332,1167837939.0,0.3889230906270247,1.1185615203059205,0.7537423054664725,-0.03060299311411,0.0709902443822282,-0.0709902443822282
LINK-USD_2025-01-28,LINK-USD,2025-01-28,24.14975357055664,24.623937606811523,22.415651321411133,22.615997314453125,620292730.0,0.3043543689555348,0.8595479609311778,0.5819511649433563,-0.0634941734237227,0.0715425130808832,-0.0715425130808832
LINK-USD_2025-01-29,LINK-USD,2025-01-29,22.615798950195312,24.423309326171875,22.37776756286621,23.62223243713379,742845725.0,0.263482544044392,0.9503928194455764,0.6069376817449842,0.0444921843901005,0.0711216942662069,-0.0711216942662069
LINK-USD_2025-01-30,LINK-USD,2025-01-30,23.62286758422852,25.159801483154297,23.471900939941406,24.47380828857422,592604517.0,0.3626123521497797,0.9498188473930322,0.656215599771406,0.0360497617533288,0.0709801890573266,-0.0709801890573266
LINK-USD_2025-01-31,LINK-USD,2025-01-31,24.473424911499023,26.26375770568848,24.18324851989746,25.148338317871094,778500220.0,0.3749291026235288,0.9831549542955887,0.6790420284595589,0.0275613023254654,0.0710129240218525,-0.0710129240218525
LINK-USD_2025-02-01,LINK-USD,2025-02-01,25.14853286743164,25.9173641204834,22.836584091186523,23.048158645629883,634426010.0,0.21161589286973,0.7806897755001685,0.4961528341849492,-0.0835116676774133,0.0717982096760079,-0.0717982096760079
LINK-USD_2025-02-02,LINK-USD,2025-02-02,23.048139572143555,23.294618606567383,19.59543228149414,20.42749786376953,1251773899.0,0.0814248415787508,0.6365140371458815,0.3589694393623162,-0.1137036941715623,0.0733379007186939,-0.0733379007186939
LINK-USD_2025-02-03,LINK-USD,2025-02-03,20.42834854125977,21.977678298950195,16.348777770996094,21.643274307250977,2756991354.0,-0.1374161242311966,0.826348402161686,0.3444661389652447,0.0595166599252354,0.0609159591778445,-0.0609159591778445
LINK-USD_2025-02-04,LINK-USD,2025-02-04,21.64341735839844,21.690210342407227,19.37116432189941,20.0632381439209,1048262867.0,-0.1715281400747025,0.8197294239945001,0.3241006419598988,-0.0730035641049344,0.0614499831932347,-0.0614499831932347
LINK-USD_2025-02-05,LINK-USD,2025-02-05,20.063220977783203,20.2470645904541,19.02874565124512,19.204370498657227,624337905.0,-0.2033080931245964,0.8011700980197922,0.2989310024475979,-0.0428080272537614,0.0616727156480429,-0.0616727156480429
LINK-USD_2025-02-06,LINK-USD,2025-02-06,19.20414352416992,19.89047813415528,18.489131927490234,18.59428596496582,523730063.0,-0.2054052190401607,0.7458747124649003,0.2702347467123698,-0.0317680047744373,0.0616919030138667,-0.0616919030138667
LINK-USD_2025-02-07,LINK-USD,2025-02-07,18.594465255737305,19.787992477416992,17.839513778686523,18.386972427368164,604860660.0,-0.2876317650112057,0.6611858266020461,0.1867770307954201,-0.0111493142564476,0.0602234765168135,-0.0602234765168135
LINK-USD_2025-02-08,LINK-USD,2025-02-08,18.38692855834961,18.581850051879883,17.926759719848633,18.464569091796875,311371217.0,-0.2554749297197549,0.6395857386767707,0.1920554044785078,0.0042201980089562,0.0600582596866768,-0.0600582596866768
LINK-USD_2025-02-09,LINK-USD,2025-02-09,18.46430778503418,18.966943740844727,17.4949893951416,18.30515480041504,402859007.0,-0.299848832230623,0.6233288636353065,0.1617400157023417,-0.0086335235113966,0.0596145484113425,-0.0596145484113425
LINK-USD_2025-02-10,LINK-USD,2025-02-10,18.304838180541992,19.09098052978516,17.722257614135742,18.76614570617676,427544711.0,-0.1602212901462022,0.681490211452987,0.2606344606533924,0.0251836660649966,0.0569020064333457,-0.0569020064333457
LINK-USD_2025-02-11,LINK-USD,2025-02-11,18.76642227172852,19.76460838317871,18.31439208984375,18.64230155944824,495570806.0,-0.1608989172656628,0.7220288044443928,0.2805649435893649,-0.0065993384399525,0.056903139156186,-0.056903139156186
LINK-USD_2025-02-12,LINK-USD,2025-02-12,18.642303466796875,19.44901466369629,17.807748794555664,19.180673599243164,613343794.0,-0.2038921595838786,0.821566592659426,0.3088372165377737,0.0288790543419821,0.0559770137701613,-0.0559770137701613
LINK-USD_2025-02-13,LINK-USD,2025-02-13,19.181020736694336,19.31436920166016,18.24380683898925,18.55894088745117,371819159.0,-0.3663046830149248,0.7610007460096084,0.1973480314973418,-0.0324145400095087,0.0486646678186348,-0.0486646678186348
LINK-USD_2025-02-14,LINK-USD,2025-02-14,18.558338165283203,19.812788009643555,18.484304428100582,19.41437530517578,444394414.0,-0.3310956180679133,0.7813654565338719,0.2251349192329793,0.046092846726131,0.0491037054154401,-0.0491037054154401
LINK-USD_2025-02-15,LINK-USD,2025-02-15,19.41385269165039,19.63015556335449,18.77332878112793,18.98305892944336,279323677.0,-0.3479411111467811,0.7231611102545641,0.1876099995538914,-0.0222163406729566,0.0491386922486681,-0.0491386922486681
LINK-USD_2025-02-16,LINK-USD,2025-02-16,18.983190536499023,19.23417091369629,18.62324523925781,18.70529556274414,271286026.0,-0.3599230521013037,0.7430017727784795,0.1915393603385878,-0.0146321711232955,0.0491368426509513,-0.0491368426509513
LINK-USD_2025-02-17,LINK-USD,2025-02-17,18.705150604248047,19.77117347717285,18.504398345947266,19.09989547729492,501421048.0,-0.3355213556793759,0.6956250372521711,0.1800518407863975,0.0210956257401626,0.0492341115805001,-0.0492341115805001
LINK-USD_2025-02-18,LINK-USD,2025-02-18,19.099872589111328,19.171762466430664,17.315549850463867,17.83260726928711,546007440.0,-0.3590867950898488,0.5592425815282038,0.1000778932191774,-0.0663505310547014,0.0497225542760582,-0.0497225542760582
LINK-USD_2025-02-19,LINK-USD,2025-02-19,17.832786560058594,18.150611877441406,17.482805252075195,17.978578567504883,361053756.0,-0.277711946164521,0.5997079915876595,0.1609980227115692,0.0081856397112034,0.0480855941934928,-0.0480855941934928
LINK-USD_2025-02-20,LINK-USD,2025-02-20,17.978527069091797,18.442869186401367,17.85224723815918,18.29874420166016,399718267.0,-0.2006660080683153,0.6602491547385478,0.2297915733351162,0.0178081728181758,0.0471547268852236,-0.0471547268852236
LINK-USD_2025-02-21,LINK-USD,2025-02-21,18.29822540283203,19.02232551574707,17.143821716308594,17.39421272277832,670200126.0,-0.2555282043813544,0.5155634143970245,0.130017605007835,-0.0494313417857262,0.0474270769975478,-0.0474270769975478
LINK-USD_2025-02-22,LINK-USD,2025-02-22,17.39421272277832,18.015968322753903,17.35405158996582,17.76429557800293,326060251.0,-0.1971570367276069,0.5553106690481036,0.1790768161602483,0.0212762061222795,0.0471007958861217,-0.0471007958861217
LINK-USD_2025-02-23,LINK-USD,2025-02-23,17.7639102935791,18.118183135986328,17.454648971557617,17.6387882232666,260701498.0,-0.1999484904073116,0.474471165014628,0.1372613373036582,-0.0070651467256456,0.0471042614926048,-0.0471042614926048
LINK-USD_2025-02-24,LINK-USD,2025-02-24,17.637786865234375,17.723520278930664,15.196682929992676,15.247294425964355,658369317.0,-0.3771279033988717,0.3021433882244899,-0.0374922575871908,-0.135581524480674,0.0477935442480546,-0.0477935442480546
LINK-USD_2025-02-25,LINK-USD,2025-02-25,15.247688293457031,15.542108535766602,14.164986610412598,15.29446029663086,1116730684.0,-0.3987926672322329,0.2781361185059037,-0.0603282743631646,0.0030933927914571,0.0474532629244971,-0.0474532629244971
LINK-USD_2025-02-26,LINK-USD,2025-02-26,15.29464626312256,15.6930513381958,14.721742630004885,15.207539558410645,664108244.0,-0.3775353426181295,0.3521493489209819,-0.0126929968485737,-0.0056831517120851,0.0472680662091703,-0.0472680662091703
LINK-USD_2025-02-27,LINK-USD,2025-02-27,15.207530975341797,15.73945140838623,14.809857368469238,15.106882095336914,362959025.0,-0.3330969246039431,0.3033915121112032,-0.0148527062463699,-0.0066189183784211,0.0464969031244035,-0.0464969031244035
LINK-USD_2025-02-28,LINK-USD,2025-02-28,15.10644245147705,15.140673637390137,13.476812362670898,14.81668758392334,638932904.0,-0.3117830641227429,0.3356286963910466,0.0119228161341518,-0.0192094245246773,0.04618702700802,-0.04618702700802
LINK-USD_2025-03-01,LINK-USD,2025-03-01,14.81674575805664,15.121204376220703,14.244669914245604,14.788805961608888,315668142.0,-0.3267435577294697,0.3440941913763535,0.0086753168234419,-0.0018817716278707,0.0460766963516348,-0.0460766963516348
LINK-USD_2025-03-02,LINK-USD,2025-03-02,14.788805961608888,17.450847625732422,14.444910049438477,17.41300392150879,852155445.0,-0.1683852018326913,0.5857867448944416,0.2087007715308751,0.1774448841043832,0.0511893126865933,-0.0511893126865933
LINK-USD_2025-03-03,LINK-USD,2025-03-03,17.41324234008789,17.422916412353516,14.418973922729492,14.450200080871582,750905984.0,-0.2979707585518754,0.2927159440335352,-0.0026274072591701,-0.1701489216905022,0.0553944996513799,-0.0553944996513799
LINK-USD_2025-03-04,LINK-USD,2025-03-04,14.450187683105469,15.289105415344238,13.172624588012695,14.875398635864258,855095310.0,-0.2562808516416763,0.2618993665498961,0.0028092574541098,0.0294250981033494,0.0554647371874917,-0.0554647371874917
LINK-USD_2025-03-05,LINK-USD,2025-03-05,14.875064849853516,16.56216812133789,14.658366203308104,16.462270736694336,868379407.0,-0.2404895660022592,0.328169341467545,0.0438398877326429,0.1066776185079279,0.0561175773564755,-0.0561175773564755
LINK-USD_2025-03-06,LINK-USD,2025-03-06,16.462299346923828,17.621931076049805,16.413612365722656,17.070051193237305,1078605152.0,-0.2255121505820108,0.4944566264952605,0.1344722379566248,0.0369196003555103,0.056287464351361,-0.056287464351361
LINK-USD_2025-03-07,LINK-USD,2025-03-07,17.07008171081543,17.469846725463867,15.782978057861328,15.93885898590088,1180712381.0,-0.3188043067046303,0.4147868635668303,0.0479912784311,-0.0662676517211953,0.0562451136935531,-0.0562451136935531
LINK-USD_2025-03-08,LINK-USD,2025-03-08,15.93886661529541,15.997062683105469,15.156147003173828,15.251073837280272,425972812.0,-0.3541336687506125,0.3647931066294989,0.0053297189394432,-0.0431514670673105,0.0564259399846594,-0.0564259399846594
LINK-USD_2025-03-09,LINK-USD,2025-03-09,15.25107192993164,15.33595371246338,13.65831184387207,13.77341079711914,472696909.0,-0.4172508965499321,0.2795710023273758,-0.0688399471112781,-0.0968891145585485,0.0575848730818037,-0.0575848730818037
LINK-USD_2025-03-10,LINK-USD,2025-03-10,13.77341079711914,14.512513160705566,12.474601745605469,12.69313907623291,728406483.0,-0.4671183937210417,0.2385762904541826,-0.1142710516334295,-0.0784316780206817,0.0582511935191726,-0.0582511935191726
LINK-USD_2025-03-11,LINK-USD,2025-03-11,12.692466735839844,13.622076034545898,11.94257926940918,13.099883079528809,816961576.0,-0.3877095565236624,0.2081651676403104,-0.089772194441676,0.0320443982259281,0.0572157698088458,-0.0572157698088458
LINK-USD_2025-03-12,LINK-USD,2025-03-12,13.099726676940918,13.773078918457031,12.667600631713867,13.482376098632812,583352599.0,-0.3408814203505186,0.1079712066750557,-0.1164551068377314,0.0291982009901847,0.0571783256729463,-0.0571783256729463
LINK-USD_2025-03-13,LINK-USD,2025-03-13,13.482376098632812,13.54189109802246,12.741003036499023,13.027454376220703,364752318.0,-0.3368831535996128,0.0333759308611334,-0.1517536113692397,-0.0337419546142345,0.057126147237597,-0.057126147237597
LINK-USD_2025-03-14,LINK-USD,2025-03-14,13.027454376220703,14.650102615356444,13.01618480682373,13.679569244384766,987360764.0,-0.3250164180601863,-0.0028437310457612,-0.1639300745529738,0.0500569681022551,0.0573630920645355,-0.0573630920645355
LINK-USD_2025-03-15,LINK-USD,2025-03-15,13.678984642028809,14.227458953857422,13.668221473693848,14.03782081604004,322037634.0,-0.3047965504411271,0.0199886205370412,-0.1424039649520429,0.0261888050168195,0.0574939363716195,-0.0574939363716195
LINK-USD_2025-03-16,LINK-USD,2025-03-16,14.03771686553955,14.165285110473633,13.240715026855469,13.371051788330078,285275119.0,-0.3259654675520235,-0.0642581203543902,-0.1951117939532068,-0.0474980437809899,0.0577300788968744,-0.0577300788968744
LINK-USD_2025-03-17,LINK-USD,2025-03-17,13.37088108062744,14.21088695526123,13.365700721740724,14.035404205322266,341264522.0,-0.2750722209371563,-0.0577605808991552,-0.1664164009181558,0.0496858756894516,0.0580756823120015,-0.0580756823120015
LINK-USD_2025-03-18,LINK-USD,2025-03-18,14.035332679748535,14.223532676696776,13.499043464660645,13.92329216003418,324927311.0,-0.3144641861849762,-0.0058067126227134,-0.1601354494038448,-0.0079878031047778,0.0576884669103225,-0.0576884669103225
LINK-USD_2025-03-19,LINK-USD,2025-03-19,13.92329216003418,15.018282890319824,13.794672966003418,15.012786865234377,522294649.0,-0.3211258254212805,0.1140582871084063,-0.103533769156437,0.0782497912618334,0.0574277295464014,-0.0574277295464014
LINK-USD_2025-03-20,LINK-USD,2025-03-20,15.014127731323242,15.105804443359377,14.104474067687988,14.215102195739746,323567352.0,-0.3821026248507448,0.0959139133195432,-0.1430943557656008,-0.053133683749408,0.0574588728163445,-0.0574588728163445
LINK-USD_2025-03-21,LINK-USD,2025-03-21,14.21510124206543,14.37282657623291,13.847296714782717,13.95905876159668,221482760.0,-0.4441438199475388,0.0078750838511065,-0.2181343680482161,-0.0180120712899132,0.0561005682087972,-0.0561005682087972
LINK-USD_2025-03-22,LINK-USD,2025-03-22,13.9591646194458,14.485215187072754,13.949766159057615,14.22672176361084,193855290.0,-0.409982613276717,-0.0206168253836325,-0.2152997193301747,0.0191748603244323,0.0560481156481807,-0.0560481156481807
LINK-USD_2025-03-23,LINK-USD,2025-03-23,14.226696968078612,14.470629692077637,14.226696968078612,14.43568992614746,219487165.0,-0.4046959780008862,0.0477131876360175,-0.1784913951824343,0.0146884268919293,0.0560918762127476,-0.0560918762127476
LINK-USD_2025-03-24,LINK-USD,2025-03-24,14.435345649719238,15.32787799835205,14.180116653442385,15.08921241760254,412387400.0,-0.3980919488002988,-0.0086508637455438,-0.2033714062729213,0.0452713029164857,0.0562436106110745,-0.0562436106110745
LINK-USD_2025-03-25,LINK-USD,2025-03-25,15.08984661102295,15.582963943481444,14.894515991210938,15.455079078674316,325368585.0,-0.4188610284700209,0.0552199997278251,-0.1818205143710979,0.0242469024191724,0.055723841645979,-0.055723841645979
LINK-USD_2025-03-26,LINK-USD,2025-03-26,15.456178665161133,15.990032196044922,14.98615837097168,15.259174346923828,371764957.0,-0.3966593722112698,0.0710370837896003,-0.1628111442108347,-0.0126757508488459,0.0554697963268603,-0.0554697963268603
LINK-USD_2025-03-27,LINK-USD,2025-03-27,15.258923530578612,15.771846771240234,15.19495677947998,15.507801055908203,337839460.0,-0.3955286741508946,0.040230708217704,-0.1776489829665953,0.0162935885868882,0.0554818332613047,-0.0554818332613047
LINK-USD_2025-03-28,LINK-USD,2025-03-28,15.507880210876465,15.561384201049805,14.030012130737305,14.244855880737305,395430631.0,-0.4344960993488048,-0.13833900935615,-0.2864175543524774,-0.0814393459535475,0.056265121526084,-0.056265121526084
LINK-USD_2025-03-29,LINK-USD,2025-03-29,14.244378089904783,14.391704559326172,13.403438568115234,13.54598903656006,264280829.0,-0.4565236905028463,-0.2208458420021827,-0.3386847662525145,-0.0490609978808063,0.056508319684349,-0.056508319684349
LINK-USD_2025-03-30,LINK-USD,2025-03-30,13.545899391174316,13.84270191192627,13.225685119628906,13.38730812072754,237053891.0,-0.4626098851290016,-0.2539752775057358,-0.3582925813173687,-0.0117142362513542,0.0565019059826561,-0.0565019059826561
LINK-USD_2025-03-31,LINK-USD,2025-03-31,13.387336730957031,13.69515609741211,12.989530563354492,13.512476921081545,315365161.0,-0.440461846889977,-0.2228445390586896,-0.3316531929743333,0.0093498109720957,0.056470767241994,-0.056470767241994
LINK-USD_2025-04-01,LINK-USD,2025-04-01,13.512476921081545,14.367353439331056,13.5032377243042,14.042898178100586,326570058.0,-0.3790723449933273,-0.1900903003867313,-0.2845813226900293,0.0392541841230826,0.0563133819142855,-0.0563133819142855
LINK-USD_2025-04-02,LINK-USD,2025-04-02,14.042898178100586,14.283526420593262,12.833842277526855,12.934548377990724,644842107.0,-0.4524417447667727,-0.3081697026654135,-0.3803057237160931,-0.0789260013177546,0.0566758971178682,-0.0566758971178682
LINK-USD_2025-04-03,LINK-USD,2025-04-03,12.934733390808104,13.295575141906738,12.329806327819824,12.87901210784912,486341955.0,-0.4737634635365766,-0.2829435952624214,-0.378353529399499,-0.0042936381324379,0.0563984517839422,-0.0563984517839422
LINK-USD_2025-04-04,LINK-USD,2025-04-04,12.878987312316896,13.170368194580078,12.390082359313965,12.934565544128418,459540540.0,-0.4856691769993899,-0.2928315830801501,-0.38925038003977,0.004313485833703,0.0562341920114067,-0.0562341920114067
LINK-USD_2025-04-05,LINK-USD,2025-04-05,12.934462547302246,13.031200408935549,12.58227825164795,12.846267700195312,178210090.0,-0.4426336655474615,-0.324686091026759,-0.3836598782871103,-0.0068265024930186,0.0554175296602751,-0.0554175296602751
LINK-USD_2025-04-06,LINK-USD,2025-04-06,12.84622287750244,12.929146766662598,11.027206420898438,11.25341510772705,399832301.0,-0.4491045754709758,-0.4042480028022414,-0.4266762891366086,-0.1239934142462284,0.05574915747482,-0.05574915747482
LINK-USD_2025-04-07,LINK-USD,2025-04-07,11.25341510772705,11.788345336914062,10.19619369506836,11.451340675354004,955842354.0,-0.4709053485720711,-0.5436114849227531,-0.5072584167474121,0.0175880446719725,0.0551791564131109,-0.0551791564131109
LINK-USD_2025-04-08,LINK-USD,2025-04-08,11.451391220092772,11.844194412231444,10.809950828552246,10.9085111618042,419471778.0,-0.4562935911165743,-0.549554540179044,-0.5029240656478091,-0.0474031407272776,0.0547895780568202,-0.0547895780568202
LINK-USD_2025-04-09,LINK-USD,2025-04-09,10.90865707397461,12.800328254699709,10.47804069519043,12.657184600830078,761221440.0,-0.3409216614668483,-0.4749176216937506,-0.4079196415802995,0.1603035843377787,0.0585616837052547,-0.0585616837052547
LINK-USD_2025-04-10,LINK-USD,2025-04-10,12.65727710723877,12.65727710723877,11.726917266845703,12.07532024383545,396656016.0,-0.3505897313515019,-0.4839819898301764,-0.4172858605908391,-0.0459710729790944,0.0586939804033326,-0.0586939804033326
LINK-USD_2025-04-11,LINK-USD,2025-04-11,12.075382232666016,12.872617721557615,12.038867950439451,12.661982536315918,334568981.0,-0.3113612049872257,-0.5094355970519399,-0.4103984010195828,0.0485835804462382,0.0590762974128513,-0.0590762974128513
LINK-USD_2025-04-12,LINK-USD,2025-04-12,12.661953926086426,13.26894760131836,12.481487274169922,13.14665985107422,261308485.0,-0.2880061383661103,-0.4699027201279251,-0.3789544292470177,0.038278153785807,0.0593097395316646,-0.0593097395316646
LINK-USD_2025-04-13,LINK-USD,2025-04-13,13.14670181274414,13.20571231842041,12.480043411254885,12.6239013671875,297272524.0,-0.3103635831093176,-0.5171502573776999,-0.4137569202435088,-0.0397635969750906,0.0594814803815695,-0.0594814803815695
LINK-USD_2025-04-14,LINK-USD,2025-04-14,12.623799324035645,13.22470474243164,12.59218978881836,12.622772216796877,315378129.0,-0.3273646909475839,-0.4351351879618514,-0.3812499394547177,-8.944543828248719e-05,0.0593657066829802,-0.0593657066829802
LINK-USD_2025-04-15,LINK-USD,2025-04-15,12.62307834625244,12.805367469787598,12.230387687683104,12.235984802246094,306887087.0,-0.3436440901233739,-0.449251045363442,-0.396447567743408,-0.0306420339294479,0.0594564286072703,-0.0594564286072703
LINK-USD_2025-04-16,LINK-USD,2025-04-16,12.23603630065918,12.510177612304688,11.96965503692627,12.357337951660156,297247643.0,-0.3557401470953681,-0.4870996798372855,-0.4214199134663268,0.0099177263927123,0.0593304731996409,-0.0593304731996409
LINK-USD_2025-04-17,LINK-USD,2025-04-17,12.357084274291992,12.69065284729004,12.218425750732422,12.517427444458008,244865843.0,-0.3255311539398348,-0.5725922507993457,-0.4490617023695902,0.0129550145366335,0.0592702970359903,-0.0592702970359903
LINK-USD_2025-04-18,LINK-USD,2025-04-18,12.517548561096191,12.707058906555176,12.416664123535156,12.562503814697266,158967314.0,-0.3529277343604169,-0.5671705260869597,-0.4600491302236883,0.003601088996862,0.0589261340190457,-0.0589261340190457
LINK-USD_2025-04-19,LINK-USD,2025-04-19,12.562503814697266,13.027256965637209,12.546541213989258,12.937108039855955,161547702.0,-0.3184919201936381,-0.555616598736973,-0.4370542594653056,0.0298192327488433,0.0590478727790041,-0.0590478727790041
LINK-USD_2025-04-20,LINK-USD,2025-04-20,12.936899185180664,13.567761421203612,12.888043403625488,13.27574634552002,254348045.0,-0.29026802591873,-0.545716924203944,-0.417992475061337,0.0261757345320767,0.0591568943437648,-0.0591568943437648
LINK-USD_2025-04-21,LINK-USD,2025-04-21,13.27574634552002,13.68026065826416,12.997052192687988,13.106670379638672,305016868.0,-0.3137831358700741,-0.5440235484129969,-0.4289033421415355,-0.0127357032501908,0.059081740580985,-0.059081740580985
LINK-USD_2025-04-22,LINK-USD,2025-04-22,13.106579780578612,14.15064811706543,12.95560073852539,14.139148712158203,427134691.0,-0.207118258219599,-0.4918316217607803,-0.3494749399901897,0.0787750284865251,0.0594487132466154,-0.0594487132466154
LINK-USD_2025-04-23,LINK-USD,2025-04-23,14.138943672180176,15.226228713989258,14.043895721435549,15.005440711975098,542540507.0,-0.1653711301127853,-0.3971575378942585,-0.2812643340035219,0.0612690351769178,0.0599682784521831,-0.0599682784521831
LINK-USD_2025-04-24,LINK-USD,2025-04-24,15.00546646118164,15.111536979675291,14.183257102966309,15.044060707092283,420514365.0,-0.1778637626003096,-0.3428385594476104,-0.26035116102396,0.0025737328118837,0.0599215631621081,-0.0599215631621081
LINK-USD_2025-04-25,LINK-USD,2025-04-25,15.044149398803713,15.339580535888672,14.737112998962402,14.929082870483398,437349649.0,-0.1417212662385547,-0.3610356899353194,-0.2513784780869371,-0.0076427394735705,0.0596109590423609,-0.0596109590423609
LINK-USD_2025-04-26,LINK-USD,2025-04-26,14.929201126098633,15.24086093902588,14.727187156677246,14.875073432922363,266073846.0,-0.1626420891497784,-0.3277330935334277,-0.245187591341603,-0.0036177331206204,0.0595456547935471,-0.0595456547935471
LINK-USD_2025-04-27,LINK-USD,2025-04-27,14.875176429748535,15.07209014892578,14.42035961151123,14.588580131530762,274127467.0,-0.1729261700479194,-0.3382983338022315,-0.2556122519250755,-0.0192599587950617,0.059585304124066,-0.059585304124066
LINK-USD_2025-04-28,LINK-USD,2025-04-28,14.588236808776855,15.098552703857422,14.286677360534668,15.01733112335205,379268687.0,-0.0150822366373869,-0.3865222077546353,-0.2008022221960111,0.0293894942452017,0.0571624468553693,-0.0571624468553693
LINK-USD_2025-04-29,LINK-USD,2025-04-29,15.017324447631836,15.224578857421877,14.501120567321776,14.613898277282717,299723458.0,-0.0444972889627273,-0.4255447636449108,-0.235021026303819,-0.0268644836259882,0.0572723511827241,-0.0572723511827241
LINK-USD_2025-04-30,LINK-USD,2025-04-30,14.613883018493652,14.732857704162598,13.885998725891112,14.29294204711914,286969867.0,-0.0601410575181229,-0.4149710253807311,-0.237556041449427,-0.0219623966222963,0.0573391763838746,-0.0573391763838746
LINK-USD_2025-05-01,LINK-USD,2025-05-01,14.2930269241333,15.02629280090332,14.29261302947998,14.75207805633545,323454941.0,-0.0234862519454615,-0.348759978255898,-0.1861231151006797,0.0321232680929293,0.0574677579017988,-0.0574677579017988
LINK-USD_2025-05-02,LINK-USD,2025-05-02,14.75255012512207,15.011055946350098,14.53016185760498,14.6611967086792,309929654.0,-0.010494307473477,-0.3190054242562931,-0.164749865864885,-0.0061605793644251,0.0574163298705835,-0.0574163298705835
LINK-USD_2025-05-03,LINK-USD,2025-05-03,14.661189079284668,14.665719032287598,14.20769500732422,14.260993003845217,201628037.0,-0.0356900319832346,-0.3507721016870236,-0.1932310668351291,-0.0272967966248668,0.0575293238826484,-0.0575293238826484
LINK-USD_2025-05-04,LINK-USD,2025-05-04,14.260686874389648,14.35496425628662,13.8451509475708,13.859743118286133,191482386.0,-0.2040578879577244,-0.3380827611411016,-0.271070324549413,-0.0281361813620477,0.05301597631231,-0.05301597631231
LINK-USD_2025-05-05,LINK-USD,2025-05-05,13.859807014465332,14.154820442199709,13.50048828125,13.646458625793455,275507863.0,-0.0556214758674572,-0.3370186610633315,-0.1963200684653944,-0.0153887767379523,0.0485023466975942,-0.0485023466975942
LINK-USD_2025-05-06,LINK-USD,2025-05-06,13.646458625793455,13.873090744018556,13.222562789916992,13.830133438110352,264140161.0,-0.070268046143906,-0.3085405430766256,-0.1894042946102658,0.0134595221627484,0.0483889986832856,-0.0483889986832856
LINK-USD_2025-05-07,LINK-USD,2025-05-07,13.82993984222412,14.067219734191896,13.488747596740724,13.819287300109863,247032743.0,-0.1605479267628172,-0.3624273915353241,-0.2614876591490707,-0.0007842395772263,0.0464216331376118,-0.0464216331376118
LINK-USD_2025-05-08,LINK-USD,2025-05-08,13.818178176879885,15.93652629852295,13.81813907623291,15.849824905395508,618036599.0,-0.0714834580182874,-0.2808752202515553,-0.1761793391349214,0.1469350452877191,0.0498416839771634,-0.0498416839771634
LINK-USD_2025-05-09,LINK-USD,2025-05-09,15.849909782409668,16.691730499267578,15.60124683380127,16.011110305786133,751144767.0,0.0045330296195709,-0.3157164264501984,-0.1555916984153137,0.0101758474527828,0.0491269795741506,-0.0491269795741506
LINK-USD_2025-05-10,LINK-USD,2025-05-10,16.011335372924805,17.42261505126953,15.897950172424316,17.34076690673828,620129218.0,0.137019405436874,-0.2656374480511261,-0.064309021307126,0.0830458709956944,0.0498549562566857,-0.0498549562566857
LINK-USD_2025-05-11,LINK-USD,2025-05-11,17.340391159057617,17.36441421508789,16.336931228637695,17.063989639282227,591163726.0,0.2389080592042856,-0.2780274392416388,-0.0195596900186766,-0.0159610742099591,0.048249949781015,-0.048249949781015
LINK-USD_2025-05-12,LINK-USD,2025-05-12,17.064071655273438,17.892364501953125,16.158239364624023,16.732389450073242,790304801.0,0.3182231242863769,-0.2975431440962086,0.0103399900950841,-0.0194327467502455,0.0471742749832389,-0.0471742749832389
LINK-USD_2025-05-13,LINK-USD,2025-05-13,16.732389450073242,17.78870964050293,16.076160430908203,17.432764053344727,644300503.0,0.3307572248936261,-0.1851900686105413,0.0727835781415424,0.0418574170390479,0.0472795200941218,-0.0472795200941218
LINK-USD_2025-05-14,LINK-USD,2025-05-14,17.43267250061035,17.49659538269043,16.71763801574707,17.01301383972168,493123628.0,0.2618705868505546,-0.1682776510936048,0.0467964678784749,-0.0240782363794175,0.0473275192281714,-0.0473275192281714
LINK-USD_2025-05-15,LINK-USD,2025-05-15,17.013023376464844,17.18041229248047,15.732940673828123,16.003477096557617,558670360.0,0.2284423828625423,-0.1853991610916139,0.0215216108854642,-0.0593390890452939,0.0477713508286434,-0.0477713508286434
LINK-USD_2025-05-16,LINK-USD,2025-05-16,16.004150390625,16.494943618774414,15.648833274841309,15.755204200744627,397263663.0,0.1517324792381071,-0.2225994857274402,-0.0354335032446665,-0.0155136845771094,0.0474733458718359,-0.0474733458718359
LINK-USD_2025-05-17,LINK-USD,2025-05-17,15.755104064941406,15.760971069335938,15.115089416503906,15.320246696472168,358580958.0,0.091355054123984,-0.2412862016794958,-0.0749655737777559,-0.0276072273472597,0.0475393648059975,-0.0475393648059975
LINK-USD_2025-05-18,LINK-USD,2025-05-18,15.320459365844728,16.363126754760742,15.041558265686035,15.922525405883787,502277058.0,0.19082071163471,-0.1973457184039314,-0.0032625033846107,0.0393125986378735,0.0473250495053002,-0.0473250495053002
LINK-USD_2025-05-19,LINK-USD,2025-05-19,15.922525405883787,15.960365295410156,14.870426177978516,15.799415588378906,538027678.0,0.1256829769382574,-0.1839611395992987,-0.0291390813305206,-0.0077318022340469,0.0469798436960204,-0.0469798436960204
LINK-USD_2025-05-20,LINK-USD,2025-05-20,15.79931354522705,16.379098892211914,15.267698287963867,15.6917085647583,528975136.0,0.1270113694662125,-0.2273933436541956,-0.0501909870939915,-0.0068171523825114,0.0469756810668695,-0.0469756810668695
LINK-USD_2025-05-21,LINK-USD,2025-05-21,15.6917085647583,16.457889556884766,15.57288932800293,16.12407684326172,718788922.0,0.0740228971478169,-0.2708735922201308,-0.0984253475361569,0.0275539324936524,0.0460911060406133,-0.0460911060406133
LINK-USD_2025-05-22,LINK-USD,2025-05-22,16.12419891357422,16.87770652770996,16.074617385864258,16.736061096191406,604067032.0,0.1773437057109015,-0.2725224145927368,-0.0475893544409176,0.0379546847164422,0.0457561125975934,-0.0457561125975934
LINK-USD_2025-05-23,LINK-USD,2025-05-23,16.735530853271484,17.137393951416016,15.459900856018066,15.521185874938965,733081164.0,0.1119077682830531,-0.3819391953515249,-0.1350157135342358,-0.0725902716457522,0.046679356607338,-0.046679356607338
LINK-USD_2025-05-24,LINK-USD,2025-05-24,15.521185874938965,15.8966646194458,15.26587963104248,15.355583190917969,324600216.0,0.0793479654739952,-0.3631659340459411,-0.1419089842859729,-0.0106694607844612,0.0466612952187377,-0.0466612952187377
LINK-USD_2025-05-25,LINK-USD,2025-05-25,15.355573654174805,15.547592163085938,14.90377426147461,15.526289939880373,308484013.0,0.0755488666847508,-0.3597214338059792,-0.1420862835606142,0.0111169173348861,0.0466481254148083,-0.0466481254148083
LINK-USD_2025-05-26,LINK-USD,2025-05-26,15.526289939880373,15.93619155883789,15.439311027526855,15.527997970581056,322257921.0,0.029079420504853,-0.3805888114742061,-0.1757546954846765,0.0001100089401457,0.0463215500200796,-0.0463215500200796
LINK-USD_2025-05-27,LINK-USD,2025-05-27,15.527997970581056,16.110109329223633,15.195240020751951,15.918099403381348,361520447.0,0.0299591042109859,-0.4014506254608891,-0.1857457606249516,0.0251224551638509,0.04632861825428,-0.04632861825428
LINK-USD_2025-05-28,LINK-USD,2025-05-28,15.917821884155272,16.13788414001465,15.327399253845217,15.665416717529297,327643278.0,0.0266228277735987,-0.3805967385888354,-0.1769869554076183,-0.0158739231015466,0.0463461563953339,-0.0463461563953339
LINK-USD_2025-05-29,LINK-USD,2025-05-29,15.665864944458008,16.175519943237305,15.038724899291992,15.040348052978516,479661352.0,-0.0301430874206112,-0.4137493061692169,-0.221946196794914,-0.039901183340456,0.0465960421924491,-0.0465960421924491
LINK-USD_2025-05-30,LINK-USD,2025-05-30,15.04033660888672,15.107035636901855,13.87475299835205,13.899076461791992,693319716.0,-0.0242739850680339,-0.4482231325891269,-0.2362485588285804,-0.0758806636100759,0.0464432739901743,-0.0464432739901743
LINK-USD_2025-05-31,LINK-USD,2025-05-31,13.89899730682373,14.178274154663086,13.446073532104492,13.976826667785645,438698223.0,0.0318055499722296,-0.4392381275824117,-0.203716288805091,0.0055939116679719,0.0460081341896987,-0.0460081341896987
LINK-USD_2025-06-01,LINK-USD,2025-06-01,13.976844787597656,14.119718551635742,13.632993698120115,14.062182426452637,274486723.0,0.0504115016730053,-0.4355192424541256,-0.1925538703905601,0.0061069483578646,0.0459802418559607,-0.0459802418559607
LINK-USD_2025-06-02,LINK-USD,2025-06-02,14.062182426452637,14.111964225769045,13.61818027496338,14.092877388000488,283219559.0,0.0429529293784345,-0.4164280441149024,-0.1867375573682339,0.0021828021154177,0.0459701286344078,-0.0459701286344078
LINK-USD_2025-06-03,LINK-USD,2025-06-03,14.092881202697754,14.425639152526855,14.017438888549805,14.115714073181152,344059775.0,0.0051852469595001,-0.3758526817581343,-0.1853337173993171,0.0016204416282021,0.0457179138403601,-0.0457179138403601
LINK-USD_2025-06-04,LINK-USD,2025-06-04,14.115657806396484,14.464346885681152,13.751371383666992,13.850793838500977,249133779.0,0.0708370662611865,-0.4136543243589569,-0.1714086290488851,-0.018767752967135,0.0446351263024041,-0.0446351263024041
LINK-USD_2025-06-05,LINK-USD,2025-06-05,13.850838661193848,14.031489372253418,12.68183708190918,12.922351837158203,438765014.0,0.0033651439214557,-0.4719926018546488,-0.2343137289665965,-0.0670316815171985,0.0454708622368074,-0.0454708622368074
LINK-USD_2025-06-06,LINK-USD,2025-06-06,12.922356605529783,13.638745307922363,12.87864112854004,13.581302642822266,338081573.0,0.0500006820087923,-0.4599522850712159,-0.2049758015312117,0.0509931020272371,0.0459031830586536,-0.0459031830586536
LINK-USD_2025-06-07,LINK-USD,2025-06-07,13.58131504058838,14.082703590393066,13.510598182678224,13.836443901062012,234471484.0,0.0770789013568231,-0.39967248083458,-0.1612967897388784,0.0187862140289309,0.0459390480081964,-0.0459390480081964
LINK-USD_2025-06-08,LINK-USD,2025-06-08,13.836423873901367,13.963918685913086,13.578298568725586,13.717120170593262,181386799.0,0.2189295462116678,-0.3284972901687524,-0.0547838719785422,-0.0086238726743648,0.0430353382570119,-0.0430353382570119
LINK-USD_2025-06-09,LINK-USD,2025-06-09,13.717023849487305,14.385820388793944,13.56507682800293,14.361599922180176,276022760.0,0.2541413559627772,-0.3364405164255243,-0.0411495802313735,0.0469836046904763,0.0433429897394963,-0.0433429897394963
LINK-USD_2025-06-10,LINK-USD,2025-06-10,14.361599922180176,15.492620468139648,14.34074878692627,15.42764377593994,564367410.0,0.4142758390310255,-0.2310491623898473,0.0916133383205891,0.0742287669574583,0.043701489241021,-0.043701489241021
LINK-USD_2025-06-11,LINK-USD,2025-06-11,15.427742004394531,15.64050579071045,14.798277854919434,14.90967082977295,513745332.0,0.1779610790218821,-0.2236313691815393,-0.0228351450798285,-0.0335743392633158,0.0392948936951735,-0.0392948936951735
LINK-USD_2025-06-12,LINK-USD,2025-06-12,14.90967082977295,14.91075325012207,13.870741844177246,14.025967597961426,476641270.0,0.1615400100980177,-0.2456839899962671,-0.0420719899491247,-0.0592704722928467,0.0395986677739009,-0.0395986677739009
LINK-USD_2025-06-13,LINK-USD,2025-06-13,14.026015281677246,14.026015281677246,12.81378936767578,13.436464309692385,672406626.0,0.0611659170398608,-0.2692399815810445,-0.1040370322705918,-0.0420294203698803,0.0395669198042626,-0.0395669198042626
LINK-USD_2025-06-14,LINK-USD,2025-06-14,13.436620712280272,13.443733215332031,12.871607780456545,13.166606903076172,226563235.0,0.0015172714763986,-0.2869258503884822,-0.1427042894560417,-0.0200839596188672,0.0393794281396195,-0.0393794281396195
LINK-USD_2025-06-15,LINK-USD,2025-06-15,13.166620254516602,13.314410209655762,13.014958381652832,13.296910285949709,195955927.0,0.0533122763864044,-0.273597495845912,-0.1101426097297537,0.009896504379051,0.0390505974060999,-0.0390505974060999
LINK-USD_2025-06-16,LINK-USD,2025-06-16,13.296910285949709,14.14445972442627,13.194231986999512,13.574793815612791,371019927.0,0.0754209600288182,-0.2766338901895698,-0.1006064650803758,0.0208983533533131,0.0391257503770763,-0.0391257503770763
LINK-USD_2025-06-17,LINK-USD,2025-06-17,13.574804306030272,13.765875816345217,12.837238311767578,13.007805824279783,466749364.0,0.0630779650765838,-0.3022424949623666,-0.1195822649428914,-0.0417677055750855,0.0392996912179224,-0.0392996912179224
LINK-USD_2025-06-18,LINK-USD,2025-06-18,13.007871627807615,13.213550567626951,12.657727241516112,13.103866577148438,357135409.0,0.0604117673570616,-0.3168192707441988,-0.1282037516935685,0.0073848544609538,0.0392924608019738,-0.0392924608019738
LINK-USD_2025-06-19,LINK-USD,2025-06-19,13.103774070739746,13.362924575805664,12.933841705322266,13.074892044067385,290807257.0,0.0445350773617776,-0.2954936317024363,-0.1254792771703293,-0.0022111437803846,0.0392686969971532,-0.0392686969971532
LINK-USD_2025-06-20,LINK-USD,2025-06-20,13.07491970062256,13.270346641540527,12.327030181884766,12.51447582244873,358060222.0,-0.0038231226001576,-0.3554015709631187,-0.1796123467816381,-0.0428620152066906,0.039661717376483,-0.039661717376483
LINK-USD_2025-06-21,LINK-USD,2025-06-21,12.51447582244873,12.726534843444824,11.776225090026855,11.985239028930664,322141364.0,-0.0735766454135518,-0.3686349985280214,-0.2211058219707866,-0.0422899689149353,0.0398478160421178,-0.0398478160421178
LINK-USD_2025-06-22,LINK-USD,2025-06-22,11.986448287963867,12.166029930114746,11.0082368850708,11.652458190917969,626649288.0,-0.1222747190518473,-0.3770503036516304,-0.2496625113517389,-0.0277658907936179,0.0398460785841563,-0.0398460785841563
LINK-USD_2025-06-23,LINK-USD,2025-06-23,11.652578353881836,12.91619873046875,11.455294609069824,12.874313354492188,544556269.0,-0.0177281505078096,-0.3259484917183666,-0.1718383211130881,0.1048581461143145,0.0419980697983935,-0.0419980697983935
LINK-USD_2025-06-24,LINK-USD,2025-06-24,12.87442111968994,13.722312927246094,12.812163352966309,13.408498764038086,570667319.0,-0.0516756675380204,-0.2480909515048096,-0.149883309521415,0.0414923417534736,0.0411319736928715,-0.0411319736928715
LINK-USD_2025-06-25,LINK-USD,2025-06-25,13.40908432006836,13.489498138427734,13.015178680419922,13.136893272399902,379871936.0,-0.1245246624502005,-0.2693030084066831,-0.1969138354284418,-0.0202562193141737,0.0404491703447634,-0.0404491703447634
LINK-USD_2025-06-26,LINK-USD,2025-06-26,13.136893272399902,13.537347793579102,12.906155586242676,12.929868698120115,309442233.0,-0.1405333340602291,-0.2934013090938203,-0.2169673215770247,-0.0157590207963961,0.0404866183661531,-0.0404866183661531
LINK-USD_2025-06-27,LINK-USD,2025-06-27,12.929862022399902,13.204341888427734,12.75594711303711,13.060314178466797,262161395.0,-0.1251763894827983,-0.2491574993006803,-0.1871669443917393,0.0100886933496584,0.0405056529089102,-0.0405056529089102
LINK-USD_2025-06-28,LINK-USD,2025-06-28,13.060050964355469,13.439176559448242,13.01707935333252,13.39917278289795,190754304.0,-0.0992197219516151,-0.2457245082383227,-0.1724721150949689,0.0259456702036957,0.0406497311195489,-0.0406497311195489
LINK-USD_2025-06-29,LINK-USD,2025-06-29,13.39918327331543,13.837636947631836,13.257943153381348,13.725419998168944,234924590.0,-0.0591668363596429,-0.2218615120020373,-0.1405141741808401,0.0243483101947457,0.040702650459485,-0.040702650459485
LINK-USD_2025-06-30,LINK-USD,2025-06-30,13.725419998168944,13.740310668945312,13.1399507522583,13.38076400756836,370047007.0,-0.1089785596615645,-0.1224171558737341,-0.1156978577676493,-0.0251107791708059,0.040643389120705,-0.040643389120705
LINK-USD_2025-07-01,LINK-USD,2025-07-01,13.380266189575195,13.420132637023926,12.81210708618164,12.896029472351074,275498720.0,-0.1175503464125015,-0.156816963643243,-0.1371836550278722,-0.0362262225791525,0.0407563056335122,-0.0407563056335122
LINK-USD_2025-07-02,LINK-USD,2025-07-02,12.89601993560791,13.838497161865234,12.7755765914917,13.559239387512209,439521701.0,-0.0513332144766385,-0.1083870381903318,-0.0798601263334851,0.0514274503313634,0.0411992485416773,-0.0411992485416773
LINK-USD_2025-07-03,LINK-USD,2025-07-03,13.559228897094728,14.028029441833496,13.450904846191406,13.668498992919922,435068408.0,-0.0734526389622899,-0.0952137637230241,-0.084333201342657,0.0080579450133713,0.0410075456037817,-0.0410075456037817
LINK-USD_2025-07-04,LINK-USD,2025-07-04,13.668498992919922,13.757813453674316,12.968308448791504,13.169758796691896,316984914.0,-0.1017268877583775,-0.1111536419933982,-0.1064402648758879,-0.0364882930076203,0.0412535224949599,-0.0412535224949599
LINK-USD_2025-07-05,LINK-USD,2025-07-05,13.169702529907228,13.263463973999023,13.017115592956545,13.229538917541504,153310516.0,-0.0723269470804451,-0.105435628009129,-0.0888812875447871,0.004539196334,0.041119509246578,-0.041119509246578
LINK-USD_2025-07-06,LINK-USD,2025-07-06,13.22953987121582,13.680948257446287,13.115331649780272,13.494132041931152,221744747.0,-0.0263793544537347,-0.2250543270559418,-0.1257168407548383,0.0200001773333775,0.0410425314363339,-0.0410425314363339
LINK-USD_2025-07-07,LINK-USD,2025-07-07,13.49415111541748,13.68270778656006,13.26576328277588,13.428613662719728,297875545.0,-0.0159634795405434,-0.0706970431159756,-0.0433302613282595,-0.0048553237072109,0.040998659460577,-0.040998659460577
LINK-USD_2025-07-08,LINK-USD,2025-07-08,13.428586959838867,13.980143547058104,13.208902359008787,13.96792984008789,321781054.0,0.0099634904170791,-0.0610046707312085,-0.0255205901570647,0.040161716683041,0.0412713421305789,-0.0412713421305789
LINK-USD_2025-07-09,LINK-USD,2025-07-09,13.96792984008789,14.354907035827637,13.824827194213867,14.253814697265623,501444137.0,0.0314435460902753,-0.1341525768074067,-0.0513545153585657,0.0204672317552201,0.0413434897104712,-0.0413434897104712
LINK-USD_2025-07-10,LINK-USD,2025-07-10,14.253814697265623,15.321435928344728,14.162206649780272,15.239021301269531,582819496.0,-0.0385369307088087,-0.1072656356586193,-0.072901283183714,0.0691188025752085,0.0379455755954559,-0.0379455755954559
LINK-USD_2025-07-11,LINK-USD,2025-07-11,15.238970756530762,15.834834098815918,15.06379222869873,15.298432350158691,803097126.0,-0.0445114637284018,-0.0401802058923222,-0.042345834810362,0.00389861315334,0.0379268757623704,-0.0379268757623704
LINK-USD_2025-07-12,LINK-USD,2025-07-12,15.298432350158691,15.466806411743164,14.732000350952148,15.09860897064209,374446370.0,-0.1292998140252339,-0.0099969922291958,-0.0696484031272148,-0.0130616899132497,0.0364354122816109,-0.0364354122816109
LINK-USD_2025-07-13,LINK-USD,2025-07-13,15.09860897064209,15.9246826171875,15.06334114074707,15.646004676818848,458285505.0,-0.0830980909176773,0.1359571646618846,0.0264295368721036,0.0362547110956459,0.0366951553777334,-0.0366951553777334
LINK-USD_2025-07-14,LINK-USD,2025-07-14,15.646004676818848,16.420507431030273,15.633966445922852,15.777632713317873,746693598.0,-0.0570603941298527,0.2430047932635104,0.0929721995668288,0.0084128849005169,0.0366337248731927,-0.0366337248731927
LINK-USD_2025-07-15,LINK-USD,2025-07-15,15.777676582336426,16.154226303100586,15.177321434020996,16.092302322387695,739042029.0,-0.0768932411897036,0.2284309886349398,0.075768873722618,0.0199440318321144,0.0363300144929083,-0.0363300144929083
LINK-USD_2025-07-16,LINK-USD,2025-07-16,16.093048095703125,17.0117130279541,15.83807373046875,16.674169540405273,904010866.0,-0.0199167709206983,0.2367381994406852,0.1084107142599934,0.0361581087877078,0.036495007671156,-0.036495007671156
LINK-USD_2025-07-17,LINK-USD,2025-07-17,16.674169540405273,18.054662704467773,16.355257034301758,17.997987747192383,977566814.0,0.1246298312923377,0.3815429497910583,0.253086390541698,0.0793933517096128,0.0370180487661209,-0.0370180487661209
LINK-USD_2025-07-18,LINK-USD,2025-07-18,17.997425079345703,19.080799102783203,17.382516860961914,17.843006134033203,1445759901.0,0.1325150665574934,0.304354385380772,0.2184347259691327,-0.0086110522651819,0.0369739515917994,-0.0369739515917994
LINK-USD_2025-07-19,LINK-USD,2025-07-19,17.842519760131836,18.539112091064453,17.597972869873047,18.41661834716797,629040826.0,0.2021097774756335,0.3119285812598904,0.257019179367762,0.032147733897859,0.036951789684794,-0.036951789684794
LINK-USD_2025-07-20,LINK-USD,2025-07-20,18.416608810424805,19.78963851928711,18.345531463623047,19.30514907836914,1153258010.0,0.212442661340354,0.4438018327936024,0.3281222470669782,0.0482461391364938,0.0371078801513172,-0.0371078801513172
LINK-USD_2025-07-21,LINK-USD,2025-07-21,19.30514907836914,20.235979080200195,19.04391288757324,19.532302856445312,1064166148.0,0.2362674269301512,0.3916451974385324,0.3139563121843418,0.0117664866069691,0.0370919975913388,-0.0370919975913388
LINK-USD_2025-07-22,LINK-USD,2025-07-22,19.532302856445312,19.93516540527344,18.67325019836425,19.663110733032227,1085236698.0,0.2530892128084268,0.4122457897905631,0.3326675012994949,0.0066970022709713,0.037067231302936,-0.037067231302936
LINK-USD_2025-07-23,LINK-USD,2025-07-23,19.66313934326172,19.691198348999023,17.600730895996094,18.185083389282227,924309700.0,0.1278216772380247,0.2113063052532935,0.1695639912456591,-0.0751675237869178,0.0382659257085041,-0.0382659257085041
LINK-USD_2025-07-24,LINK-USD,2025-07-24,18.184709548950195,18.65234375,17.221303939819336,17.907915115356445,800891414.0,0.0700197025112268,0.2597809617382443,0.1649003321247355,-0.015241517896428,0.0380602323775864,-0.0380602323775864
LINK-USD_2025-07-25,LINK-USD,2025-07-25,17.907915115356445,18.45374870300293,17.331472396850586,18.29102325439453,780433456.0,0.1784552676434241,0.3103335666668079,0.244394417155116,0.0213932295619136,0.0369228855044005,-0.0369228855044005
LINK-USD_2025-07-26,LINK-USD,2025-07-26,18.29089736938477,18.570951461791992,18.19313621520996,18.406492233276367,455030721.0,0.1986840229007291,0.2937971613640859,0.2462405921324075,0.0063128769383689,0.0368813915377673,-0.0368813915377673
LINK-USD_2025-07-27,LINK-USD,2025-07-27,18.40649604797364,19.27501106262207,18.378137588500977,19.234554290771484,590595857.0,0.238837762611026,0.3324305515825614,0.2856341570967937,0.0449874993562378,0.0372386627725202,-0.0372386627725202
LINK-USD_2025-07-28,LINK-USD,2025-07-28,19.234678268432617,19.54182815551757,18.025259017944336,18.037017822265625,675519833.0,0.1615803825089423,0.195358466902108,0.1784694247055251,-0.0622596422252644,0.03816359138888,-0.03816359138888
LINK-USD_2025-07-29,LINK-USD,2025-07-29,18.03728485107422,18.609115600585938,17.509807586669922,17.822280883789062,664415032.0,0.11962367065023,0.1531665928763268,0.1363951317632784,-0.0119053460274061,0.0381039523961799,-0.0381039523961799
LINK-USD_2025-07-30,LINK-USD,2025-07-30,17.822280883789062,17.91929054260254,16.885568618774414,17.715185165405273,616970187.0,0.1308467233803187,0.1609530609352114,0.1458998921577651,-0.0060090916018051,0.0380474283633442,-0.0380474283633442
LINK-USD_2025-07-31,LINK-USD,2025-07-31,17.7152156829834,18.21406936645508,16.890682220458984,16.955446243286133,605981043.0,0.1273307096060427,0.0933494814744482,0.1103400955402454,-0.0428863099665918,0.0381031096103528,-0.0381031096103528
LINK-USD_2025-08-01,LINK-USD,2025-08-01,16.954233169555664,17.014402389526367,15.758098602294922,16.101533889770508,1036914835.0,0.1584607030569969,0.1303402452490871,0.144400474153042,-0.0503621279713443,0.037384044382501,-0.037384044382501
LINK-USD_2025-08-02,LINK-USD,2025-08-02,16.10142707824707,16.236696243286133,15.46423053741455,15.651691436767578,495759864.0,0.1198315475173079,0.1554484057623488,0.1376399766398284,-0.0279378633167812,0.0375849824249905,-0.0375849824249905
LINK-USD_2025-08-03,LINK-USD,2025-08-03,15.651691436767578,16.35841941833496,15.521000862121582,16.299955368041992,316398400.0,0.1591341140177387,0.2175678053457816,0.1883509596817602,0.041418138984747,0.0379017700512184,-0.0379017700512184
LINK-USD_2025-08-04,LINK-USD,2025-08-04,16.299997329711914,17.181243896484375,16.286441802978516,17.103120803833008,486662113.0,0.2136003410059908,0.2657280307468652,0.239664185876428,0.049274088036199,0.0383461600829522,-0.0383461600829522
LINK-USD_2025-08-05,LINK-USD,2025-08-05,17.10308074951172,17.109827041625977,16.108394622802734,16.38486671447754,556612821.0,0.1607536557861861,0.16677245015058,0.1637630529683831,-0.0419954988094628,0.0387773879698217,-0.0387773879698217
LINK-USD_2025-08-06,LINK-USD,2025-08-06,16.385103225708008,16.884077072143555,16.060617446899414,16.68630599975586,358947457.0,0.2047183861312718,0.2900571022757223,0.247387744203497,0.0183974206523127,0.0387219387931589,-0.0387219387931589
LINK-USD_2025-08-07,LINK-USD,2025-08-07,16.686296463012695,18.483678817749023,16.599483489990234,18.46993637084961,894383315.0,0.4293014618081621,0.4341112669342937,0.4317063643712279,0.1068918651689503,0.0397835968474024,-0.0397835968474024
LINK-USD_2025-08-08,LINK-USD,2025-08-08,18.46993064880371,19.95737266540528,18.137020111083984,19.89505195617676,1419317520.0,0.4648854001270135,0.5381306691980869,0.5015080346625502,0.0771586624183695,0.0403880465721578,-0.0403880465721578
LINK-USD_2025-08-09,LINK-USD,2025-08-09,19.89468765258789,21.94300651550293,19.804473876953125,21.93036460876465,1477363572.0,0.5849711649596172,0.7071390010369489,0.6460550829982831,0.1023024547546351,0.0421190042275755,-0.0421190042275755
LINK-USD_2025-08-10,LINK-USD,2025-08-10,21.93037414550781,22.61202049255371,21.22233009338379,22.102489471435547,1661730595.0,0.6113068338366552,0.9640695077762732,0.7876881708064642,0.0078487004544423,0.0420639991037084,-0.0420639991037084
LINK-USD_2025-08-11,LINK-USD,2025-08-11,22.1024227142334,22.548227310180664,20.874250411987305,21.11976623535156,1292163260.0,0.4705719662009253,0.8443051197320761,0.6574385429665007,-0.0444621062868969,0.0422902839880949,-0.0422902839880949
LINK-USD_2025-08-12,LINK-USD,2025-08-12,21.119802474975582,24.0731201171875,21.059091567993164,23.52255821228028,2108631924.0,0.524701928169012,1.1563490987334513,0.8405255134512316,0.1137698187637503,0.0435778561116914,-0.0435778561116914
LINK-USD_2025-08-13,LINK-USD,2025-08-13,23.52255821228028,24.65782165527344,23.28087043762207,24.000789642333984,2162305354.0,0.609746446877089,0.8962186615149765,0.7529825541960328,0.0203307576385989,0.0432839175206477,-0.0432839175206477
LINK-USD_2025-08-14,LINK-USD,2025-08-14,24.0024528503418,24.27507781982422,21.91804313659668,22.47976493835449,2013471000.0,0.6027247162343197,0.8616288830791543,0.732176799656737,-0.0633739442179278,0.0433904843622712,-0.0433904843622712
LINK-USD_2025-08-15,LINK-USD,2025-08-15,22.47999763488769,23.02439308166504,21.4353084564209,21.75300407409668,1160731112.0,0.6189529903640769,0.7179777346641207,0.6684653625140988,-0.0323295579936347,0.0432254644550622,-0.0432254644550622
LINK-USD_2025-08-16,LINK-USD,2025-08-16,21.752809524536133,22.950401306152344,21.44015884399414,22.652238845825195,987201586.0,0.7204310125285851,0.7230413734310064,0.7217361929797957,0.0413384178417599,0.0432612447585926,-0.0432612447585926
LINK-USD_2025-08-17,LINK-USD,2025-08-17,22.6523666381836,26.22469711303711,22.405393600463867,25.68879127502441,2449416880.0,0.9319368727461964,1.0349328252671277,0.983434849006662,0.1340508746118422,0.0460172031660395,-0.0460172031660395
LINK-USD_2025-08-18,LINK-USD,2025-08-18,25.68795394897461,26.67671585083008,24.413923263549805,25.75943946838379,3360323981.0,0.8975934233901262,1.0407117411265814,0.9691525822583538,0.0027501563854452,0.0460143744528672,-0.0460143744528672
LINK-USD_2025-08-19,LINK-USD,2025-08-19,25.75946807861328,25.78093910217285,23.49547576904297,23.518341064453125,2372746788.0,0.8080175382503674,0.9220636053859752,0.8650405718181713,-0.0870010547660133,0.0471925724868064,-0.0471925724868064
LINK-USD_2025-08-20,LINK-USD,2025-08-20,23.51850891113281,26.85666847229004,23.40617752075196,26.36775016784668,2975824470.0,1.0122114348927251,1.1337726839706836,1.0729920594317044,0.1211568917886094,0.0492047075785238,-0.0492047075785238
LINK-USD_2025-08-21,LINK-USD,2025-08-21,26.3680477142334,26.51304817199707,24.662166595458984,24.78521728515625,2030657214.0,0.8956345644476904,0.9800567964250282,0.9378456804363592,-0.0600177441236605,0.0500124749087129,-0.0500124749087129
LINK-USD_2025-08-22,LINK-USD,2025-08-22,24.7853946685791,27.735258102416992,24.165956497192383,26.746482849121094,3394107927.0,1.1372435592661971,1.129072615112725,1.133158087189461,0.0791304567315387,0.0502385826771266,-0.0502385826771266
LINK-USD_2025-08-23,LINK-USD,2025-08-23,26.74608993530273,26.77305221557617,25.55670928955078,26.278017044067383,1489813562.0,1.1925317451438375,1.0312126143734337,1.1118721797586355,-0.0175150432935934,0.0498918550645624,-0.0498918550645624
LINK-USD_2025-08-24,LINK-USD,2025-08-24,26.27739524841309,26.56713485717773,25.31518745422364,25.82159423828125,1682690001.0,1.2159782781633863,0.9450201567759616,1.080499217469674,-0.017368997250467,0.0497694093219421,-0.0497694093219421
LINK-USD_2025-08-25,LINK-USD,2025-08-25,25.82229423522949,26.385013580322266,23.172521591186523,23.395715713500977,2146873839.0,0.8172398845129549,0.7850235823315148,0.8011317334222349,-0.0939476665303584,0.0502099189527239,-0.0502099189527239
LINK-USD_2025-08-26,LINK-USD,2025-08-26,23.39513397216797,24.717517852783203,22.90843963623047,24.399843215942383,1709868832.0,0.8197296837870729,0.7256939376386249,0.7727118107128489,0.0429192897852641,0.0502243327857939,-0.0502243327857939
LINK-USD_2025-08-27,LINK-USD,2025-08-27,24.39978790283203,24.626983642578125,23.64481735229492,23.757827758789062,1506080838.0,0.8084814473375777,0.5832809055604158,0.6958811764489967,-0.0263122779712715,0.0502904211952133,-0.0502904211952133
LINK-USD_2025-08-28,LINK-USD,2025-08-28,23.75951766967773,25.89582633972168,23.60009956359864,25.18048667907715,2580094417.0,0.9474665417706958,0.6737825756849152,0.8106245587278055,0.059881691825204,0.050551491474545,-0.050551491474545
LINK-USD_2025-08-29,LINK-USD,2025-08-29,25.18034553527832,25.192163467407227,23.15446662902832,23.433656692504883,1874061841.0,0.7942643930527447,0.5696648545528578,0.6819646238028012,-0.0693723679305902,0.0515775895716369,-0.0515775895716369
LINK-USD_2025-08-30,LINK-USD,2025-08-30,23.433847427368164,23.505321502685547,22.896635055541992,23.497806549072266,698362677.0,0.7536759119237362,0.5796766755494178,0.666676293736577,0.0027375094467394,0.0515491686327458,-0.0515491686327458
LINK-USD_2025-08-31,LINK-USD,2025-08-31,23.497879028320312,24.01214599609375,23.22342872619629,23.22403335571289,886417775.0,0.6920453697454156,0.5919323982405971,0.6419888839930064,-0.011651010607634,0.0515897925899011,-0.0515897925899011
LINK-USD_2025-09-01,LINK-USD,2025-09-01,23.22346878051757,23.82473564147949,22.17880630493164,22.481395721435547,1336339788.0,0.680127958965552,0.4970300339503619,0.588578996457957,-0.031977117105486,0.0516716463647626,-0.0516716463647626
LINK-USD_2025-09-02,LINK-USD,2025-09-02,22.4833984375,23.57184219360352,22.37244033813477,23.480976104736328,1191125537.0,0.820791132268986,0.6067565039259559,0.713773818097471,0.0444625589837246,0.0515181778046823,-0.0515181778046823
LINK-USD_2025-09-03,LINK-USD,2025-09-03,23.481006622314453,23.89001846313477,23.22915267944336,23.69241714477539,831944457.0,0.747326414680431,0.6576305330749446,0.7024784738776878,0.0090047806827082,0.0512557313610792,-0.0512557313610792
LINK-USD_2025-09-04,LINK-USD,2025-09-04,23.69241714477539,23.939865112304688,22.2243766784668,22.3513240814209,906230758.0,0.6352434962316309,0.5151305460874962,0.5751870211595635,-0.0566043158517588,0.051941530736845,-0.051941530736845
LINK-USD_2025-09-05,LINK-USD,2025-09-05,22.351045608520508,23.182537078857425,22.06454086303711,22.29143714904785,1326920043.0,0.6926230383693301,0.5204377645278895,0.6065304014486098,-0.0026793460716193,0.0516362292538956,-0.0516362292538956
LINK-USD_2025-09-06,LINK-USD,2025-09-06,22.29143714904785,22.48929786682129,21.8975887298584,22.205257415771484,556781221.0,0.6784604175682014,0.5570624997701241,0.6177614586691628,-0.0038660465316857,0.0516605782024934,-0.0516605782024934
LINK-USD_2025-09-07,LINK-USD,2025-09-07,22.205257415771484,22.56988906860352,22.13994407653809,22.465261459350582,482577447.0,0.6648170767517974,0.6209002769835312,0.6428586768676643,0.0117091208946953,0.0516440755302813,-0.0516440755302813
LINK-USD_2025-09-08,LINK-USD,2025-09-08,22.46540260314941,23.269760131835938,22.267208099365234,23.050865173339844,955077831.0,0.7165483907942958,0.6891463056774982,0.702847348235897,0.0260670776099745,0.0516532088853833,-0.0516532088853833
LINK-USD_2025-09-09,LINK-USD,2025-09-09,23.050901412963867,23.794448852539062,22.863370895385746,23.05551719665528,1063479411.0,0.6506037373187585,0.6670495118379289,0.6588266245783437,0.0002018155622556,0.0515208573704665,-0.0515208573704665
LINK-USD_2025-09-10,LINK-USD,2025-09-10,23.05557632446289,23.88629722595215,22.908233642578125,23.55696678161621,813995265.0,0.6526780572035398,0.7046441158676058,0.6786610865355728,0.0217496567387209,0.0515256054126879,-0.0515256054126879
LINK-USD_2025-09-11,LINK-USD,2025-09-11,23.55692481994629,24.49222946166992,23.468822479248047,24.46678924560547,1052199907.0,0.6055354712029435,0.5436630619986611,0.5745992666008023,0.0386222246872327,0.051095937966951,-0.051095937966951
LINK-USD_2025-09-12,LINK-USD,2025-09-12,24.46682929992676,25.29320526123047,24.2228946685791,25.13623046875,1143932659.0,0.6430592294307371,0.5699242581363149,0.606491743783526,0.0273612208134244,0.0511450639279935,-0.0511450639279935
LINK-USD_2025-09-13,LINK-USD,2025-09-13,25.13585090637207,25.577938079833984,24.502531051635746,24.877197265625,1014268343.0,0.6476482909118655,0.4346076733179667,0.5411279821149161,-0.0103051729831581,0.0511269053813946,-0.0511269053813946
LINK-USD_2025-09-14,LINK-USD,2025-09-14,24.877153396606445,24.99828720092773,23.894683837890625,24.1313533782959,703294515.0,0.5423332586656426,0.4141683093116874,0.478250783988665,-0.0299810255699383,0.0512429757308623,-0.0512429757308623
LINK-USD_2025-09-15,LINK-USD,2025-09-15,24.131187438964844,24.431182861328125,23.021196365356445,23.584924697875977,900825492.0,0.4948329148242867,0.4095371595461363,0.4521850371852115,-0.0226439301540123,0.0513897991623344,-0.0513897991623344
LINK-USD_2025-09-16,LINK-USD,2025-09-16,23.584932327270508,23.74466133117676,23.160524368286133,23.49462509155273,682554445.0,0.4599915301657542,0.3477280493017944,0.4038597897337743,-0.0038287002176172,0.0513855683636622,-0.0513855683636622
LINK-USD_2025-09-17,LINK-USD,2025-09-17,23.49429512023925,24.230695724487305,22.83267974853516,23.98741340637207,1170212603.0,0.4385971875987682,0.4099449769662027,0.4242710822824854,0.0209745128044847,0.0512835498370442,-0.0512835498370442
LINK-USD_2025-09-18,LINK-USD,2025-09-18,23.987546920776367,24.72763442993164,23.712194442749023,24.6402530670166,959274372.0,0.3690559974328455,0.5396812154226642,0.4543686064277549,0.0272159256850557,0.0505120855428253,-0.0505120855428253
LINK-USD_2025-09-19,LINK-USD,2025-09-19,24.64031410217285,24.851457595825195,23.337343215942383,23.49661064147949,1066877361.0,0.3168526909074347,0.491355512889448,0.4041041018984413,-0.0464135827836926,0.0509141915807529,-0.0509141915807529
LINK-USD_2025-09-20,LINK-USD,2025-09-20,23.49698066711425,23.65432548522949,23.13029670715332,23.34481430053711,501304427.0,0.2675950524938244,0.5237884064825653,0.3956917294881948,-0.0064603505270843,0.0508221662506856,-0.0508221662506856
LINK-USD_2025-09-21,LINK-USD,2025-09-21,23.34473419189453,23.485740661621094,22.940223693847656,22.997249603271484,435051103.0,0.1912495215610241,0.4443217402418715,0.3177856309014478,-0.0148883042199923,0.0505779338703866,-0.0505779338703866
LINK-USD_2025-09-22,LINK-USD,2025-09-22,22.997285842895508,23.03277969360352,20.84096336364746,21.66023063659668,1496100656.0,0.1089440295796555,0.3709513820579941,0.2399477058188248,-0.0581382117313978,0.0511685471940354,-0.0511685471940354
LINK-USD_2025-09-23,LINK-USD,2025-09-23,21.660171508789062,21.98845291137696,21.21957397460937,21.544639587402344,776247349.0,0.0956882601087791,0.372995139343145,0.234341699725962,-0.0053365567123295,0.0511766351684169,-0.0511766351684169
LINK-USD_2025-09-24,LINK-USD,2025-09-24,21.54388236999512,21.96425437927246,21.11666488647461,21.620655059814453,811744874.0,0.1889225139631229,0.3408925838039383,0.2649075488835306,0.0035282777464775,0.0501959561633118,-0.0501959561633118
LINK-USD_2025-09-25,LINK-USD,2025-09-25,21.6207218170166,21.6571044921875,19.91325187683105,20.108457565307617,1222682522.0,0.1228809962397106,0.201504789551925,0.1621928928958178,-0.0699422607836477,0.0510002131452344,-0.0510002131452344
LINK-USD_2025-09-26,LINK-USD,2025-09-26,20.108800888061523,21.22411346435547,19.97455787658692,21.08590316772461,848191807.0,0.152800632007211,0.3585239773315662,0.2556623046693886,0.0486086811602766,0.0512722173022321,-0.0512722173022321
LINK-USD_2025-09-27,LINK-USD,2025-09-27,21.085487365722656,21.15146446228028,20.76164054870605,20.928056716918945,324665391.0,0.1369932115084884,0.3628955967818146,0.2499444041451515,-0.0074858757317672,0.0512896077847695,-0.0512896077847695
LINK-USD_2025-09-28,LINK-USD,2025-09-28,20.92808532714844,21.69170570373535,20.46637725830078,21.680927276611328,446906327.0,0.1271863620470574,0.3964010308040386,0.261793696425548,0.0359742220635199,0.0511839417618306,-0.0511839417618306
LINK-USD_2025-09-29,LINK-USD,2025-09-29,21.68100547790528,21.88847541809082,20.96876716613769,21.749244689941406,667529543.0,0.2058115650966014,0.4006470590186168,0.3032293120576091,0.0031510374283565,0.0504941175930351,-0.0504941175930351
LINK-USD_2025-09-30,LINK-USD,2025-09-30,21.74923324584961,21.836164474487305,21.01544952392578,21.32938766479492,723246420.0,0.1967821517276096,0.339945625685947,0.2683638887067783,-0.0193044416545031,0.0505407797048611,-0.0505407797048611
LINK-USD_2025-10-01,LINK-USD,2025-10-01,21.329185485839844,22.627830505371094,21.08213424682617,22.582313537597656,844755025.0,0.2747432965982794,0.4415392801091902,0.3581412883537348,0.0587417647657437,0.0509885190423997,-0.0509885190423997
LINK-USD_2025-10-02,LINK-USD,2025-10-02,22.58274269104004,23.11431121826172,22.001012802124023,22.774349212646484,948735220.0,0.3431878398166295,0.5142169005946884,0.4287023702056589,0.0085038087319575,0.0506179051682957,-0.0506179051682957
LINK-USD_2025-10-03,LINK-USD,2025-10-03,22.774377822875977,23.05874252319336,22.14243507385254,22.5244083404541,965222469.0,0.3988982971842278,0.6205687048612765,0.5097335010227522,-0.0109746658338579,0.0501524846426849,-0.0501524846426849
LINK-USD_2025-10-04,LINK-USD,2025-10-04,22.524473190307617,22.599348068237305,21.797754287719727,22.032007217407227,628716750.0,0.4076438515553386,0.5763239926404387,0.4919839220978886,-0.0218607794533061,0.0500908737741309,-0.0500908737741309
LINK-USD_2025-10-05,LINK-USD,2025-10-05,22.031980514526367,22.91104507446289,21.93392372131348,22.00239562988281,863779461.0,0.3498439187766815,0.5646501348534412,0.4572470268150613,-0.0013440258634729,0.0499015674285606,-0.0499015674285606
LINK-USD_2025-10-06,LINK-USD,2025-10-06,22.00239562988281,23.57554244995117,21.55360221862793,23.37454605102539,1194602384.0,0.3666830936367404,0.6586070684846705,0.5126450810607055,0.0623636827654794,0.0501115639233619,-0.0501115639233619
LINK-USD_2025-10-07,LINK-USD,2025-10-07,23.37422180175781,23.669267654418945,21.84727096557617,21.8559799194336,1315570468.0,0.3339125853322828,0.5483439099236502,0.4411282476279665,-0.0649666576744139,0.0505494319156278,-0.0505494319156278
LINK-USD_2025-10-08,LINK-USD,2025-10-08,21.85602188110352,22.65302467346192,21.72518539428711,22.620698928833008,784523519.0,0.3556444984985878,0.633169852398956,0.4944071754487719,0.034989005856445,0.0506591266164633,-0.0506591266164633
LINK-USD_2025-10-09,LINK-USD,2025-10-09,22.620689392089844,22.654375076293945,21.378801345825195,22.012300491333008,880368741.0,0.1917908134255501,0.7034283517986772,0.4476095826121137,-0.0268956516071445,0.0491466223584993,-0.0491466223584993
LINK-USD_2025-10-10,LINK-USD,2025-10-10,22.01220321655273,22.751161575317383,10.17926025390625,17.354766845703125,3361821002.0,-0.1276842662220322,0.2778425827124278,0.0750791582451977,-0.2115877732753881,0.0552899205783324,-0.0552899205783324
LINK-USD_2025-10-11,LINK-USD,2025-10-11,17.341880798339844,18.47781181335449,16.67828941345215,17.21348762512207,1988393359.0,-0.2150842937539415,0.244068761323916,0.0144922337849872,-0.0081406579435571,0.0537018691769722,-0.0537018691769722
LINK-USD_2025-10-12,LINK-USD,2025-10-12,17.213497161865234,19.39193725585937,16.765865325927734,19.047706604003903,1278894619.0,-0.1382099003544163,0.3886082768917007,0.1251991882686421,0.1065570800541837,0.055417607705872,-0.055417607705872
LINK-USD_2025-10-13,LINK-USD,2025-10-13,19.047571182250977,20.19264411926269,18.81398582458496,19.86493492126465,1422251197.0,-0.0594150190917595,0.3831979047532912,0.1618914428307658,0.0429042894376041,0.0554008029681981,-0.0554008029681981
LINK-USD_2025-10-14,LINK-USD,2025-10-14,19.86488914489746,20.03530502319336,18.158018112182617,19.113391876220703,1375105192.0,-0.1874441672656892,0.2389054449149805,0.0257306388246456,-0.0378326457158159,0.0536702568779966,-0.0536702568779966
LINK-USD_2025-10-15,LINK-USD,2025-10-15,19.11338233947754,19.235950469970703,17.843441009521484,18.063411712646484,946169365.0,-0.2473826077461555,0.2115231730385265,-0.0179297173538144,-0.054934266527571,0.054005623643742,-0.054005623643742
LINK-USD_2025-10-16,LINK-USD,2025-10-16,18.063411712646484,18.566953659057617,17.144947052001953,17.40520477294922,963114595.0,-0.2257390225974812,0.240927205298759,0.0075940913506388,-0.0364386833543989,0.0536254430234445,-0.0536254430234445
LINK-USD_2025-10-17,LINK-USD,2025-10-17,17.405494689941406,17.666961669921875,15.769655227661133,16.611236572265625,1310104291.0,-0.2363704564352026,0.2362803330845839,-4.506167530932137e-05,-0.0456167112677445,0.0537701948874207,-0.0537701948874207
LINK-USD_2025-10-18,LINK-USD,2025-10-18,16.61131477355957,16.966510772705078,16.588125228881836,16.820730209350586,444690571.0,-0.257436303588568,0.2775296120840886,0.0100466542477603,0.0126115618288606,0.0535109560054624,-0.0535109560054624
LINK-USD_2025-10-19,LINK-USD,2025-10-19,16.820730209350586,17.6568603515625,16.553022384643555,17.27528953552246,685360938.0,-0.3275164506351011,0.299195765333285,-0.014160342650908,0.0270237570256721,0.0507066346707434,-0.0507066346707434
LINK-USD_2025-10-20,LINK-USD,2025-10-20,17.27590560913086,19.17280578613281,16.963077545166016,18.6574764251709,1317301407.0,-0.2757033223463416,0.3744206120989002,0.0493586448762792,0.0800094775144755,0.0518182821816863,-0.0518182821816863
LINK-USD_2025-10-21,LINK-USD,2025-10-21,18.66220474243164,18.94026565551757,17.575393676757812,17.62841796875,1329358652.0,-0.2504395645747934,0.3552184132273555,0.052389424326281,-0.0551552864369476,0.0511438850324758,-0.0511438850324758
LINK-USD_2025-10-22,LINK-USD,2025-10-22,17.628250122070312,17.835784912109375,16.86880111694336,17.207212448120117,945434490.0,-0.3474144612799423,0.3131400832581292,-0.0171371890109065,-0.0238935519555161,0.0486583719309552,-0.0486583719309552
LINK-USD_2025-10-23,LINK-USD,2025-10-23,17.207212448120117,17.764766693115234,17.139829635620117,17.41607666015625,699180129.0,-0.2973199928093163,0.3320245093770115,0.0173522582838476,0.0121381782590213,0.0482023238526866,-0.0482023238526866
LINK-USD_2025-10-24,LINK-USD,2025-10-24,17.41610336303711,17.984703063964844,17.317310333251953,17.87808609008789,666571200.0,-0.3315724467048805,0.428592483116057,0.0485100182055882,0.0265277558744676,0.0471769439444467,-0.0471769439444467
LINK-USD_2025-10-25,LINK-USD,2025-10-25,17.87808609008789,18.223819732666016,17.80828285217285,18.01698112487793,355900758.0,-0.3143705974973668,0.5032642303910249,0.094446816446829,0.0077690102894765,0.0471782449383539,-0.0471782449383539
LINK-USD_2025-10-26,LINK-USD,2025-10-26,18.01751136779785,18.66091537475586,17.7121639251709,18.540292739868164,681105114.0,-0.2819849708434481,0.5911057080057696,0.1545603685811607,0.029045466127932,0.0473412872460158,-0.0473412872460158
LINK-USD_2025-10-27,LINK-USD,2025-10-27,18.541322708129883,19.02147674560547,18.1394271850586,18.21686744689941,877560888.0,-0.221358830395302,0.4149777891294735,0.0968094793670857,-0.0174444544919873,0.0459601318003796,-0.0459601318003796
LINK-USD_2025-10-28,LINK-USD,2025-10-28,18.216840744018555,18.787517547607425,17.559404373168945,17.840238571166992,869022092.0,-0.268837983372347,0.3305172253149575,0.0308396209713052,-0.0206747332838787,0.0456354099061235,-0.0456354099061235
LINK-USD_2025-10-29,LINK-USD,2025-10-29,17.840322494506836,18.618070602416992,17.69462776184082,18.110286712646484,995502586.0,-0.2377128542003721,0.3785821607225421,0.070434653261085,0.0151370252366433,0.0456055828319901,-0.0456055828319901
LINK-USD_2025-10-30,LINK-USD,2025-10-30,18.10981750488281,18.400466918945312,16.3859920501709,16.80474281311035,1180005684.0,-0.3326283551511468,0.2996839492696168,-0.016472202940765,-0.0720885273795508,0.0456910427865658,-0.0456910427865658
LINK-USD_2025-10-31,LINK-USD,2025-10-31,16.805585861206055,17.419322967529297,16.781984329223633,17.24004554748535,805192726.0,-0.2643040830670068,0.3200329878671595,0.0278644524000763,0.0259035642030411,0.0451097894734232,-0.0451097894734232
LINK-USD_2025-11-01,LINK-USD,2025-11-01,17.240148544311523,17.401369094848633,17.075864791870117,17.1216983795166,438785349.0,-0.2713490791678767,0.2778175680643437,0.0032342444482335,-0.006864666780768,0.0451035461195331,-0.0451035461195331
LINK-USD_2025-11-02,LINK-USD,2025-11-02,17.121679306030273,17.600069046020508,17.007360458374023,17.598976135253906,524183843.0,-0.2422084542466123,0.2822176762242407,0.0200046109888142,0.0278756081994933,0.0452694194452552,-0.0452694194452552
LINK-USD_2025-11-03,LINK-USD,2025-11-03,17.59806251525879,17.62802505493164,15.046916961669922,15.24285888671875,1383418830.0,-0.3219789787257292,0.1391620746092796,-0.0914084520582247,-0.1338780864538722,0.0480448434037598,-0.0480448434037598
LINK-USD_2025-11-04,LINK-USD,2025-11-04,15.242831230163574,15.474836349487305,13.865748405456545,14.724411964416504,1622564462.0,-0.3729216409599576,0.1417787153778966,-0.1155714627910304,-0.0340124464941399,0.0477595769385658,-0.0477595769385658
LINK-USD_2025-11-05,LINK-USD,2025-11-05,14.723957061767578,15.377610206604004,14.043899536132812,15.150303840637209,965152397.0,-0.3605420777432949,0.1173417186358063,-0.1216001795537443,0.0289242026948124,0.0479274598038655,-0.0479274598038655
LINK-USD_2025-11-06,LINK-USD,2025-11-06,15.149827003479004,15.19433307647705,14.324334144592283,14.716654777526855,733660296.0,-0.341575706033461,0.0766840444696863,-0.1324458307818873,-0.0286231264845784,0.0475781704172234,-0.0475781704172234
LINK-USD_2025-11-07,LINK-USD,2025-11-07,14.717702865600586,16.19568634033203,14.365883827209473,15.769024848937988,1052439693.0,-0.2925972092556831,0.197366261020589,-0.047615474117547,0.0715087828939331,0.0485555008316602,-0.0485555008316602
LINK-USD_2025-11-08,LINK-USD,2025-11-08,15.769099235534668,16.001401901245117,15.149271965026855,15.51535987854004,752557415.0,-0.3012753877142574,0.1727816045023071,-0.0642468916059751,-0.0160862813539818,0.0485783217980359,-0.0485783217980359
LINK-USD_2025-11-09,LINK-USD,2025-11-09,15.515302658081056,16.09974479675293,15.060649871826172,15.927966117858888,633488337.0,-0.2909957381675927,0.1803624025883941,-0.0553166677895993,0.0265934043779121,0.0486942343005253,-0.0486942343005253
LINK-USD_2025-11-10,LINK-USD,2025-11-10,15.927749633789062,16.625041961669922,15.855692863464355,16.34421157836914,841203343.0,-0.2909501897016637,0.2171183108606096,-0.036915939420527,0.0261329950999547,0.048694896150798,-0.048694896150798
LINK-USD_2025-11-11,LINK-USD,2025-11-11,16.34475326538086,16.716917037963867,15.27698040008545,15.298300743103027,760231060.0,-0.3364581409033674,0.0952446724923388,-0.1206067342055143,-0.0639927371382251,0.0492692938892981,-0.0492692938892981
LINK-USD_2025-11-12,LINK-USD,2025-11-12,15.298077583312988,16.209758758544922,14.965481758117676,15.141704559326172,810797365.0,-0.3572302962560224,0.0622913852128916,-0.1474694555215653,-0.0102361815476437,0.0491514358536907,-0.0491514358536907
LINK-USD_2025-11-13,LINK-USD,2025-11-13,15.14175033569336,15.976841926574709,14.17037868499756,14.584552764892578,1003151749.0,-0.403904099614863,-0.0429468876930062,-0.2234254936539346,-0.0367958437077303,0.0489716556611277,-0.0489716556611277
LINK-USD_2025-11-14,LINK-USD,2025-11-14,14.58436393737793,14.585670471191406,13.64599609375,13.800078392028809,1100900775.0,-0.4509885478180423,-0.0979416664292626,-0.2744651071236524,-0.0537880307685627,0.0491219766825164,-0.0491219766825164
LINK-USD_2025-11-15,LINK-USD,2025-11-15,13.798151969909668,14.309027671813965,13.798151969909668,14.120943069458008,487126006.0,-0.4323740364044084,-0.0647520512045226,-0.2485630438044655,0.0232509315030078,0.0492807217681012,-0.0492807217681012
LINK-USD_2025-11-16,LINK-USD,2025-11-16,14.121142387390137,14.473529815673828,13.445899963378906,13.741969108581545,790466339.0,-0.4305346702625772,-0.121694682288976,-0.2761146762757766,-0.0268377231614325,0.0492593779430994,-0.0492593779430994
LINK-USD_2025-11-17,LINK-USD,2025-11-17,13.741694450378418,14.17671012878418,13.101222038269045,13.306071281433104,865194247.0,-0.4358230330652093,-0.1566497000401415,-0.2962363665526754,-0.0317201868017759,0.0493172001280757,-0.0493172001280757
LINK-USD_2025-11-18,LINK-USD,2025-11-18,13.306604385375977,13.961406707763672,13.120712280273438,13.79493236541748,825409520.0,-0.4128473081965748,-0.1427620430529758,-0.2778046756247753,0.036739701272044,0.0496335443819864,-0.0496335443819864
LINK-USD_2025-11-19,LINK-USD,2025-11-19,13.79459285736084,13.79459285736084,12.80105209350586,13.521196365356444,845304901.0,-0.4363212016113149,-0.1890932659289846,-0.3127072337701498,-0.0198432288618729,0.0495268960322469,-0.0495268960322469
LINK-USD_2025-11-20,LINK-USD,2025-11-20,13.521321296691896,13.94057273864746,12.79188632965088,12.925078392028809,1004586893.0,-0.4754486345219281,-0.281859807130657,-0.3786542208262926,-0.0440876648204732,0.0495287536637463,-0.0495287536637463
LINK-USD_2025-11-21,LINK-USD,2025-11-21,12.92469882965088,13.17544174194336,11.660616874694824,12.119377136230469,1300578209.0,-0.4842074322483066,-0.3207771692061272,-0.4024923007272169,-0.0623362761416776,0.0497632281536679,-0.0497632281536679
LINK-USD_2025-11-22,LINK-USD,2025-11-22,12.119552612304688,12.262310981750488,11.770852088928224,12.172947883605955,516413939.0,-0.4785588042426243,-0.3390237200914867,-0.4087912621670555,0.0044202558244794,0.0497916728057595,-0.0497916728057595
LINK-USD_2025-11-23,LINK-USD,2025-11-23,12.173174858093262,12.724534034729004,12.123976707458496,12.509099006652832,594430890.0,-0.4560610845884221,-0.3520330272575354,-0.4040470559229787,0.0276146029919006,0.0499981448138553,-0.0499981448138553
LINK-USD_2025-11-24,LINK-USD,2025-11-24,12.509326934814451,13.178525924682615,12.37462329864502,12.964276313781738,708639149.0,-0.401470993947887,-0.3362648322082637,-0.3688679130780753,0.0363876972183867,0.0498974669611957,-0.0498974669611957
LINK-USD_2025-11-25,LINK-USD,2025-11-25,12.964056968688965,13.197150230407717,12.58984661102295,13.065637588500977,674660530.0,-0.3935550634070127,-0.3355254025726508,-0.3645402329898318,0.0078185061985669,0.0499313177857846,-0.0499313177857846
LINK-USD_2025-11-26,LINK-USD,2025-11-26,13.065667152404783,13.492705345153809,12.7629976272583,13.45560073852539,535075113.0,-0.3776506446590122,-0.2600748398846638,-0.318862742271838,0.0298464692123114,0.0501272856274968,-0.0501272856274968
LINK-USD_2025-11-27,LINK-USD,2025-11-27,13.455578804016112,13.553443908691406,13.243778228759766,13.348663330078123,445590223.0,-0.3361667205590108,-0.254594225844228,-0.2953804732016194,-0.007947427285137,0.0494598517891731,-0.0494598517891731
LINK-USD_2025-11-28,LINK-USD,2025-11-28,13.348682403564451,13.510627746582031,13.076004028320312,13.13994026184082,478723295.0,-0.3768376835784,-0.281618087786102,-0.329227885682251,-0.0156362523404867,0.0489922843198517,-0.0489922843198517
LINK-USD_2025-11-29,LINK-USD,2025-11-29,13.139918327331545,13.205680847167969,12.958691596984863,13.0029296875,310763617.0,-0.3786843249049495,-0.293568295213114,-0.3361263100590317,-0.010427031752854,0.0489948958921751,-0.0489948958921751
LINK-USD_2025-11-30,LINK-USD,2025-11-30,13.002795219421388,13.412604331970217,12.975979804992676,12.981496810913086,328471524.0,-0.4012480810764446,-0.3250950027398629,-0.3631715419081537,-0.0016483113499812,0.0486999304924923,-0.0486999304924923
LINK-USD_2025-12-01,LINK-USD,2025-12-01,12.979913711547852,12.979913711547852,11.762447357177734,12.08540153503418,829474677.0,-0.4443300580169831,-0.3299667575803207,-0.3871484077986519,-0.0690286558577428,0.0493054224730666,-0.0493054224730666
LINK-USD_2025-12-02,LINK-USD,2025-12-02,12.085393905639648,13.569308280944824,11.993120193481444,13.510494232177734,799393506.0,-0.3665784295121893,-0.2419323699209161,-0.3042553997165527,0.1179185228568844,0.0517686097997851,-0.0517686097997851
LINK-USD_2025-12-03,LINK-USD,2025-12-03,13.509849548339844,14.709872245788574,13.457096099853516,14.687666893005373,1211123454.0,-0.3495942358363043,-0.1708996120634475,-0.2602469239498759,0.0871302441345176,0.0524588320666895,-0.0524588320666895
LINK-USD_2025-12-04,LINK-USD,2025-12-04,14.681859970092772,14.910977363586426,14.007237434387209,14.254020690917969,720360577.0,-0.3741195167498888,-0.1593249457198952,-0.266722231234892,-0.0295245123167872,0.0525150627147264,-0.0525150627147264
LINK-USD_2025-12-05,LINK-USD,2025-12-05,14.254481315612791,14.37975788116455,13.397290229797363,13.607115745544434,668600935.0,-0.3958946428303782,-0.1549180445355462,-0.2754063436829622,-0.045384032996789,0.0527460607577456,-0.0527460607577456
LINK-USD_2025-12-06,LINK-USD,2025-12-06,13.60709285736084,14.07009506225586,13.513663291931152,13.926069259643556,470170431.0,-0.3679164534477487,-0.1102514820264307,-0.2390839677370897,0.0234401999706339,0.0528426167160878,-0.0528426167160878
LINK-USD_2025-12-07,LINK-USD,2025-12-07,13.92599391937256,14.135845184326172,13.23383331298828,13.642915725708008,615161382.0,-0.3799349872984411,-0.1630090133586149,-0.271472000328528,-0.0203326242787045,0.0528707779322571,-0.0528707779322571
LINK-USD_2025-12-08,LINK-USD,2025-12-08,13.643217086791992,14.254388809204102,13.610139846801758,13.748384475708008,577408386.0,-0.4118223966490721,-0.1961476134445103,-0.3039850050467912,0.0077306605215818,0.0521726765669855,-0.0521726765669855
LINK-USD_2025-12-09,LINK-USD,2025-12-09,13.748920440673828,14.984186172485352,13.578458786010742,14.41729736328125,721040184.0,-0.3403499904178684,-0.1200845503038336,-0.230217270360851,0.0486539264853367,0.0521001956209256,-0.0521001956209256
LINK-USD_2025-12-10,LINK-USD,2025-12-10,14.417238235473633,14.862334251403809,13.985569953918455,14.118707656860352,785783951.0,-0.3758500698285573,-0.1538745809248058,-0.2648623253766816,-0.0207105186844077,0.0518794644210665,-0.0518794644210665
LINK-USD_2025-12-11,LINK-USD,2025-12-11,14.118260383605955,14.181832313537598,13.445608139038086,14.062646865844728,678492606.0,-0.3611459705730588,-0.2386196366090754,-0.2998828035910671,-0.0039706743972691,0.0518114371126776,-0.0518114371126776
LINK-USD_2025-12-12,LINK-USD,2025-12-12,14.06251621246338,14.326870918273926,13.33537769317627,13.645241737365724,580676373.0,-0.2137467556503557,-0.3141389242198322,-0.263942839935094,-0.0296818324786918,0.0447392307685277,-0.0447392307685277
LINK-USD_2025-12-13,LINK-USD,2025-12-13,13.645215034484863,13.95242977142334,13.618451118469238,13.742837905883787,334111632.0,-0.2016238542021591,-0.3733420236710816,-0.2874829389366203,0.0071523957139438,0.044751412975513,-0.044751412975513
LINK-USD_2025-12-14,LINK-USD,2025-12-14,13.742929458618164,13.78232479095459,13.207554817199709,13.29239273071289,382513332.0,-0.3021525894398869,-0.3986020105159875,-0.3503772999779372,-0.0327767218281782,0.0426650041270066,-0.0426650041270066
LINK-USD_2025-12-15,LINK-USD,2025-12-15,13.292303085327148,13.71958065032959,12.537033081054688,12.864611625671388,667123756.0,-0.352395984348264,-0.390873389302112,-0.371634686825188,-0.0321824003930524,0.0423587254460413,-0.0423587254460413
LINK-USD_2025-12-16,LINK-USD,2025-12-16,12.864611625671388,13.069948196411133,12.645984649658203,12.934125900268556,542879458.0,-0.3232951019876214,-0.4501394880801649,-0.3867172950338932,0.0054035268704459,0.0421843254540042,-0.0421843254540042
LINK-USD_2025-12-17,LINK-USD,2025-12-17,12.934125900268556,13.126523971557615,12.148893356323242,12.24010181427002,637625397.0,-0.322381507492268,-0.4900125372258495,-0.4061970223590587,-0.0536583678982224,0.0421604115267858,-0.0421604115267858
LINK-USD_2025-12-18,LINK-USD,2025-12-18,12.24026107788086,12.829325675964355,11.75934886932373,11.933768272399902,687187945.0,-0.3143563417911004,-0.4691328710453388,-0.3917446064182196,-0.025027041973865,0.0420487475796387,-0.0420487475796387
LINK-USD_2025-12-19,LINK-USD,2025-12-19,11.933768272399902,12.729793548583984,11.855095863342283,12.531227111816406,577250884.0,-0.2456174435117771,-0.4239311927156534,-0.3347743181137153,0.0500645584679477,0.0422889333764663,-0.0422889333764663
LINK-USD_2025-12-20,LINK-USD,2025-12-20,12.531208992004396,12.696409225463867,12.485509872436523,12.551011085510254,255017538.0,-0.2538367282929732,-0.4459262428347825,-0.3498814855638779,0.0015787738516999,0.0422436216329316,-0.0422436216329316
LINK-USD_2025-12-21,LINK-USD,2025-12-21,12.55097770690918,12.684806823730469,12.243268013000488,12.432073593139648,337431219.0,-0.2803551241456132,-0.51605065960318,-0.3982028918743966,-0.009476327569172,0.0420646060991942,-0.0420646060991942
LINK-USD_2025-12-22,LINK-USD,2025-12-22,12.432073593139648,12.877555847167969,12.376264572143556,12.5781831741333,500351044.0,-0.3258368448391011,-0.5117058665204532,-0.4187713556797772,0.0117526316023643,0.040714526151154,-0.040714526151154
LINK-USD_2025-12-23,LINK-USD,2025-12-23,12.578210830688477,12.667014122009276,12.12900733947754,12.38786506652832,438012165.0,-0.297278684423732,-0.4732679047140786,-0.3852732945689053,-0.0151308106242533,0.0402353537842272,-0.0402353537842272
LINK-USD_2025-12-24,LINK-USD,2025-12-24,12.38783073425293,12.410330772399902,12.066637992858888,12.26815128326416,299871493.0,-0.2870343572352155,-0.5347289319274509,-0.4108816445813332,-0.0096637945781007,0.0401662202148202,-0.0401662202148202
LINK-USD_2025-12-25,LINK-USD,2025-12-25,12.26815128326416,12.401097297668455,12.0176420211792,12.055989265441896,245990002.0,-0.3077666399446284,-0.5135814575786604,-0.4106740487616444,-0.0172937236363956,0.0401400655622057,-0.0401400655622057
LINK-USD_2025-12-26,LINK-USD,2025-12-26,12.055834770202637,12.51515007019043,12.04641342163086,12.17710304260254,318075740.0,-0.318881060240902,-0.5447213335938603,-0.4318011969173811,0.0100459426840908,0.0399845194013774,-0.0399845194013774
LINK-USD_2025-12-27,LINK-USD,2025-12-27,12.177084922790527,12.497825622558594,12.167431831359863,12.497620582580566,215036321.0,-0.3063421393429894,-0.524407775456479,-0.4153749573997342,0.0263213293717454,0.0401501878952795,-0.0401501878952795
LINK-USD_2025-12-28,LINK-USD,2025-12-28,12.497554779052734,12.564410209655762,12.326004028320312,12.47721004486084,247125605.0,-0.3270219505202072,-0.5167916461810471,-0.4219067983506271,-0.001633153893964,0.0399160810313562,-0.0399160810313562
LINK-USD_2025-12-29,LINK-USD,2025-12-29,12.47722625732422,12.97788429260254,12.259302139282228,12.290201187133787,460383776.0,-0.3253394842467477,-0.474681546927779,-0.4000105155872633,-0.014988034749329,0.039905401494391,-0.039905401494391
LINK-USD_2025-12-30,LINK-USD,2025-12-30,12.290191650390623,12.561203002929688,12.270892143249512,12.414362907409668,310407593.0,-0.304136945372833,-0.4912113656821218,-0.3976741555274774,0.0101024969718039,0.0399042616705497,-0.0399042616705497
LINK-USD_2025-12-31,LINK-USD,2025-12-31,12.414362907409668,12.507661819458008,12.187711715698242,12.188008308410645,466939404.0,-0.3270118523358489,-0.4869897857601158,-0.4070008190479824,-0.0182332835512583,0.0398547710790369,-0.0398547710790369
LINK-USD_2026-01-01,LINK-USD,2026-01-01,12.188225746154783,12.60582160949707,12.143738746643066,12.586158752441406,424088085.0,-0.2510353242286923,-0.5001622123968145,-0.3755987683127534,0.0326673919114419,0.0392110284327717,-0.0392110284327717
LINK-USD_2026-01-02,LINK-USD,2026-01-02,12.586124420166016,13.405162811279297,12.57580280303955,13.2632417678833,833520947.0,-0.2306724636340714,-0.4340088727114676,-0.3323406681727695,0.0537958426204148,0.039706357697616,-0.039706357697616
LINK-USD_2026-01-03,LINK-USD,2026-01-03,13.26348114013672,13.355284690856934,12.993575096130373,13.231463432312012,510726074.0,-0.2272108094053706,-0.4369064446641121,-0.3320586270347413,-0.0023959704669065,0.0397040134597365,-0.0397040134597365
LINK-USD_2026-01-04,LINK-USD,2026-01-04,13.231463432312012,13.557690620422363,13.226285934448242,13.398759841918944,583816633.0,-0.2386625370166378,-0.4230649070858755,-0.3308637220512567,0.0126438326692106,0.0395571937474034,-0.0395571937474034
LINK-USD_2026-01-05,LINK-USD,2026-01-05,13.399941444396973,14.114192962646484,13.399941444396973,13.917906761169434,926822463.0,-0.0869228099135497,-0.3809144710753436,-0.2339186404944466,0.0387458933047148,0.0362217014858001,-0.0362217014858001
LINK-USD_2026-01-06,LINK-USD,2026-01-06,13.917684555053713,14.18685245513916,13.499103546142578,14.041692733764648,997947576.0,-0.0463664852831975,-0.4019970604657994,-0.2241817728744984,0.0088940078935271,0.0359898847240074,-0.0359898847240074
LINK-USD_2026-01-07,LINK-USD,2026-01-07,14.041324615478516,14.041777610778809,13.316845893859863,13.428935050964355,762040205.0,-0.1136194235956956,-0.4331969182838029,-0.2734081709397493,-0.0436384483280178,0.036205722196701,-0.036205722196701
LINK-USD_2026-01-08,LINK-USD,2026-01-08,13.428935050964355,13.529767990112305,13.043404579162598,13.215398788452148,675466736.0,-0.1020106818953997,-0.4087420172374848,-0.2553763495664423,-0.0159012059930152,0.0360860145381488,-0.0360860145381488
LINK-USD_2026-01-09,LINK-USD,2026-01-09,13.21545696258545,13.407736778259276,13.061969757080078,13.117958068847656,561561184.0,-0.1681186253104849,-0.4115247939764184,-0.2898217096434516,-0.007373271224296,0.0348751426578816,-0.0348751426578816
LINK-USD_2026-01-10,LINK-USD,2026-01-10,13.11807918548584,13.226133346557615,13.064697265625,13.12912654876709,201046969.0,-0.15379812962466,-0.4087379262065204,-0.2812680279155902,0.0008513885972813,0.0348326146000501,-0.0348326146000501
LINK-USD_2026-01-11,LINK-USD,2026-01-11,13.12844944000244,13.326699256896973,13.070013999938965,13.174175262451172,235889877.0,-0.1728903009355406,-0.4135756983603784,-0.2932329996479595,0.0034312041640205,0.0346470763615425,-0.0346470763615425
LINK-USD_2026-01-12,LINK-USD,2026-01-12,13.174328804016112,13.488855361938477,12.966285705566406,13.068760871887209,385293417.0,-0.2004043260683708,-0.4330468390834081,-0.3167255825758895,-0.008001593152052,0.0344596743559158,-0.0344596743559158
LINK-USD_2026-01-13,LINK-USD,2026-01-13,13.068946838378906,14.15237808227539,13.05483055114746,14.04216766357422,543318706.0,-0.0821093205462778,-0.3909411121078059,-0.2365252163270418,0.0744834802036167,0.0349176589757352,-0.0349176589757352
LINK-USD_2026-01-14,LINK-USD,2026-01-14,14.042203903198242,14.376190185546877,13.86496925354004,14.11440086364746,595218601.0,-0.0678459741209235,-0.40083963294195,-0.2343428035314367,0.0051440206244377,0.0349041616350403,-0.0349041616350403
LINK-USD_2026-01-15,LINK-USD,2026-01-15,14.114208221435549,14.189085006713867,13.581501007080078,13.784297943115234,559488733.0,-0.0548700282194246,-0.4366118984904789,-0.2457409633549517,-0.0233876679372502,0.0347198213921593,-0.0347198213921593
LINK-USD_2026-01-16,LINK-USD,2026-01-16,13.784555435180664,13.856759071350098,13.457235336303713,13.727490425109863,359299335.0,-0.0052599677231451,-0.4538763303361565,-0.2295681490296508,-0.0041211760105449,0.0340432669066767,-0.0340432669066767
LINK-USD_2026-01-17,LINK-USD,2026-01-17,13.727386474609377,13.883112907409668,13.636481285095217,13.735365867614746,221107572.0,-0.027305343555787,-0.4478732583515706,-0.2375893009536788,0.0005736986339817,0.0339182387809942,-0.0339182387809942
LINK-USD_2026-01-18,LINK-USD,2026-01-18,13.735365867614746,13.862284660339355,13.328983306884766,13.32992458343506,318489778.0,-0.0299843873822399,-0.4476097393101791,-0.2387970633462095,-0.0295180549311493,0.0339542559924116,-0.0339542559924116
LINK-USD_2026-01-19,LINK-USD,2026-01-19,13.329689025878906,13.329689025878906,12.73178482055664,12.877442359924316,579914287.0,-0.0322130336177353,-0.4539968846674317,-0.2431049591425835,-0.0339448449748198,0.0339889941183995,-0.0339889941183995
LINK-USD_2026-01-20,LINK-USD,2026-01-20,12.87745761871338,12.88645076751709,12.10806369781494,12.113679885864258,440295539.0,-0.1218746446171751,-0.4844063338461351,-0.3031404892316551,-0.0593101062084309,0.0344670290011153,-0.0344670290011153
LINK-USD_2026-01-21,LINK-USD,2026-01-21,12.11361026763916,12.637521743774414,11.937912940979004,12.386194229125977,509903013.0,-0.0839424342019417,-0.4836377720560867,-0.2837901031290142,0.0224964128018374,0.034516057256775,-0.034516057256775
LINK-USD_2026-01-22,LINK-USD,2026-01-22,12.38618278503418,12.564042091369627,12.12511920928955,12.242456436157228,330622925.0,-0.0528137575005014,-0.5031521631348439,-0.2779829603176726,-0.0116046777815538,0.0340993019838545,-0.0340993019838545
LINK-USD_2026-01-23,LINK-USD,2026-01-23,12.242473602294922,12.441727638244627,12.05608367919922,12.20896816253662,281712703.0,0.00739237877484,-0.4803944982182387,-0.2365010597216993,-0.0027354210974934,0.0331643235342618,-0.0331643235342618
LINK-USD_2026-01-24,LINK-USD,2026-01-24,12.208894729614258,12.260381698608398,12.128175735473633,12.193202018737791,180740178.0,0.0016638644415059,-0.4776911967786672,-0.2380136661685806,-0.0012913575978686,0.033161651735896,-0.033161651735896
LINK-USD_2026-01-25,LINK-USD,2026-01-25,12.193097114562988,12.196954727172852,11.380248069763184,11.505537986755373,434691233.0,-0.080226483087529,-0.4996993907863378,-0.2899629369369334,-0.0563973295058719,0.0337401838867604,-0.0337401838867604
LINK-USD_2026-01-26,LINK-USD,2026-01-26,11.505500793457031,12.09829807281494,11.505500793457031,11.942946434020996,358161681.0,-0.0787803233316627,-0.4486233025680511,-0.2637018129498569,0.0380172094315927,0.033769744953807,-0.033769744953807
LINK-USD_2026-01-27,LINK-USD,2026-01-27,11.942713737487791,12.155853271484377,11.839158058166504,12.035913467407228,356066800.0,-0.0788116243175155,-0.4413499739190388,-0.2600807991182772,0.0077842627780195,0.0337696050831507,-0.0337696050831507
LINK-USD_2026-01-28,LINK-USD,2026-01-28,12.035880088806152,12.035970687866213,11.700032234191896,11.832648277282717,313537950.0,-0.1206153848334633,-0.4527155516543233,-0.2866654682438933,-0.0168882229566493,0.0335995132646768,-0.0335995132646768
LINK-USD_2026-01-29,LINK-USD,2026-01-29,11.832737922668455,11.834918022155762,10.826945304870604,11.09844970703125,507488098.0,-0.168572205875965,-0.4480705608082542,-0.3083213833421096,-0.0620485417166536,0.0344478047743416,-0.0344478047743416
LINK-USD_2026-01-30,LINK-USD,2026-01-30,11.098468780517578,11.1371488571167,10.520034790039062,10.769638061523438,617422643.0,-0.1803891154057133,-0.4892493825918677,-0.3348192489987905,-0.0296268086253073,0.0345796718397293,-0.0345796718397293
LINK-USD_2026-01-31,LINK-USD,2026-01-31,10.769654273986816,10.79741096496582,9.328075408935549,9.968608856201172,1240920271.0,-0.2333567053135561,-0.5236725038047985,-0.3785146045591773,-0.074378470357708,0.0357333502352081,-0.0357333502352081
LINK-USD_2026-02-01,LINK-USD,2026-02-01,9.968603134155272,10.059540748596191,9.259587287902832,9.410691261291504,971087849.0,-0.2750688615984353,-0.5659460897946257,-0.4205074756965305,-0.0559674477108813,0.0363360267982699,-0.0363360267982699
LINK-USD_2026-02-02,LINK-USD,2026-02-02,9.41073989868164,9.978842735290527,9.037487983703612,9.806777000427246,1200864306.0,-0.1885435521526913,-0.549098042702941,-0.3688207974278162,0.0420889101701742,0.0358443529674171,-0.0358443529674171
LINK-USD_2026-02-03,LINK-USD,2026-02-03,9.806777000427246,9.848698616027832,9.084962844848633,9.45098876953125,1051602598.0,-0.3004705374121713,-0.5569029492051234,-0.4286867433086473,-0.0362798329033581,0.0325933008372308,-0.0325933008372308
LINK-USD_2026-02-04,LINK-USD,2026-02-04,9.45152759552002,9.74454402923584,9.045767784118652,9.251476287841797,1004411207.0,-0.3701194100304945,-0.5903220335490044,-0.4802207217897494,-0.0211102231263521,0.0304324949089384,-0.0304324949089384
LINK-USD_2026-02-05,LINK-USD,2026-02-05,9.251476287841797,9.30084991455078,7.870086193084717,7.9071807861328125,1716893944.0,-0.4452666403682914,-0.6528032167987485,-0.54903492858352,-0.145306052772966,0.0349799477672215,-0.0349799477672215
LINK-USD_2026-02-06,LINK-USD,2026-02-06,7.906778812408447,8.981346130371094,7.319640159606934,8.879450798034668,1616304302.0,-0.3474406359082975,-0.6057853922810008,-0.4766130140946492,0.122960387298463,0.0383949603206345,-0.0383949603206345
LINK-USD_2026-02-07,LINK-USD,2026-02-07,8.879478454589844,9.023839950561523,8.598418235778809,8.91329288482666,914620386.0,-0.3599563007591418,-0.5954389086354159,-0.4776976046972789,0.0038112815264974,0.038231346042238,-0.038231346042238
LINK-USD_2026-02-08,LINK-USD,2026-02-08,8.913302421569824,9.023260116577148,8.743562698364258,8.832435607910156,553095508.0,-0.3525991228351012,-0.5985693668777466,-0.4755842448564239,-0.0090715382026937,0.038191126040507,-0.038191126040507
LINK-USD_2026-02-09,LINK-USD,2026-02-09,8.831562995910645,8.991809844970703,8.468085289001465,8.829837799072266,663704276.0,-0.3577545191092315,-0.6222455922867036,-0.4900000556979675,-0.0002941214579095,0.0381574469252232,-0.0381574469252232
LINK-USD_2026-02-10,LINK-USD,2026-02-10,8.829838752746582,8.871094703674316,8.486273765563965,8.561299324035645,579891590.0,-0.406178626388048,-0.6082857252068015,-0.5072321757974247,-0.0304126169865585,0.0376179989815023,-0.0376179989815023
LINK-USD_2026-02-11,LINK-USD,2026-02-11,8.561332702636719,8.601218223571777,8.159686088562012,8.311589241027832,833745954.0,-0.4113066547568049,-0.6325670896740667,-0.5219368722154358,-0.0291673113573727,0.0376808132373617,-0.0376808132373617
LINK-USD_2026-02-12,LINK-USD,2026-02-12,8.311647415161133,8.575175285339355,8.192273139953613,8.402665138244629,684709448.0,-0.4024833860648971,-0.6182741035380175,-0.5103787448014573,0.0109576994935247,0.0377513115722123,-0.0377513115722123
LINK-USD_2026-02-13,LINK-USD,2026-02-13,8.402630805969238,8.87685775756836,8.30709171295166,8.768281936645508,638493885.0,-0.3574110224346774,-0.4947623316059443,-0.4260866770203108,0.0435120039160883,0.0381793430900468,-0.0381793430900468
LINK-USD_2026-02-14,LINK-USD,2026-02-14,8.768275260925293,9.191017150878906,8.764187812805176,9.088452339172363,579907709.0,-0.3386771785119229,-0.4720156346521954,-0.4053464065820591,0.0365146108257261,0.0385234920706144,-0.0385234920706144
LINK-USD_2026-02-15,LINK-USD,2026-02-15,9.088457107543944,9.228911399841309,8.618435859680176,8.78187084197998,673842264.0,-0.3393310730513605,-0.5389539000913635,-0.439142486571362,-0.0337330808096971,0.0385344794206557,-0.0385344794206557
LINK-USD_2026-02-16,LINK-USD,2026-02-16,8.781839370727539,8.971851348876953,8.665581703186035,8.925537109375,546540481.0,-0.3061945926479388,-0.5506888321179166,-0.4284417123829277,0.0163594147511543,0.0384840890469367,-0.0384840890469367
LINK-USD_2026-02-17,LINK-USD,2026-02-17,8.925531387329102,8.98016357421875,8.69309139251709,8.830567359924316,548270642.0,-0.317266011788167,-0.537990566137527,-0.427628288962847,-0.0106402279534451,0.0384668935895288,-0.0384668935895288
LINK-USD_2026-02-18,LINK-USD,2026-02-18,8.830567359924316,8.977253913879395,8.545029640197754,8.598905563354492,537712409.0,-0.2974808793396203,-0.5239600525002561,-0.4107204659199382,-0.0262340784150714,0.0380639139403211,-0.0380639139403211
LINK-USD_2026-02-19,LINK-USD,2026-02-19,8.598896980285645,8.729703903198242,8.381421089172363,8.56949520111084,521500061.0,-0.2819120494462643,-0.5076475506666053,-0.3947798000564348,-0.0034202448238284,0.0379765792490958,-0.0379765792490958
LINK-USD_2026-02-20,LINK-USD,2026-02-20,8.569483757019043,8.992319107055664,8.468551635742188,8.94140625,655939489.0,-0.2864700184414789,-0.4617254283808883,-0.3740977234111836,0.0433994115360436,0.0378310572123509,-0.0378310572123509
LINK-USD_2026-02-21,LINK-USD,2026-02-21,8.94139289855957,9.00577163696289,8.860106468200684,8.876015663146973,413116544.0,-0.292804730816145,-0.4723168642100432,-0.3825607975130941,-0.007313232955166,0.0378241065499218,-0.0378241065499218
LINK-USD_2026-02-22,LINK-USD,2026-02-22,8.876015663146973,8.889033317565918,8.615360260009766,8.672669410705566,369818076.0,-0.3023955862446488,-0.497972558267558,-0.4001840722561034,-0.0229096319968987,0.0378888680207134,-0.0378888680207134
LINK-USD_2026-02-23,LINK-USD,2026-02-23,8.672709465026855,8.683244705200195,8.184544563293457,8.265229225158691,769627386.0,-0.3428916473282154,-0.557001759680209,-0.4499467035042122,-0.0469797897569956,0.0381917602770013,-0.0381917602770013
LINK-USD_2026-02-24,LINK-USD,2026-02-24,8.26519775390625,8.326231002807617,8.077677726745605,8.203102111816406,438456408.0,-0.3378114737477268,-0.5346660076724926,-0.4362387407101097,-0.0075166836454063,0.038174174691725,-0.038174174691725
LINK-USD_2026-02-25,LINK-USD,2026-02-25,8.203110694885254,9.535964965820312,8.189164161682129,9.256296157836914,586483686.0,-0.2455019550937497,-0.462068816448642,-0.3537853857711959,0.1283897276499097,0.0417440045541521,-0.0417440045541521
LINK-USD_2026-02-26,LINK-USD,2026-02-26,9.255915641784668,9.328387260437012,8.878786087036133,9.09846019744873,420582838.0,-0.2453161663365799,-0.4775826740437014,-0.3614494201901407,-0.0170517405338798,0.0417427357500405,-0.0417427357500405
LINK-USD_2026-02-27,LINK-USD,2026-02-27,9.098203659057615,9.271328926086426,8.606743812561035,8.708776473999023,335270206.0,-0.2848236199093747,-0.5128798222519237,-0.3988517210806492,-0.0428296343549402,0.0419947364309357,-0.0419947364309357
LINK-USD_2026-02-28,LINK-USD,2026-02-28,8.708768844604492,8.909947395324707,8.226232528686523,8.843730926513672,489891844.0,-0.2923668255027488,-0.5091446860483076,-0.4007557557755282,0.0154963734478166,0.041888856853043,-0.041888856853043
LINK-USD_2026-03-01,LINK-USD,2026-03-01,8.843730926513672,9.184593200683594,8.554014205932617,8.67234992980957,777710762.0,-0.304944783438861,-0.5322430960779296,-0.4185939397583953,-0.0193788117399974,0.0419281511641687,-0.0419281511641687
LINK-USD_2026-03-02,LINK-USD,2026-03-02,8.672600746154785,9.217735290527344,8.598518371582031,8.94849681854248,852252201.0,-0.2718998914427559,-0.5087796052407707,-0.3903397483417633,0.0318422216547913,0.0421607749182263,-0.0421607749182263
LINK-USD_2026-03-03,LINK-USD,2026-03-03,8.948490142822266,9.002706527709961,8.59803581237793,8.81236743927002,759572365.0,-0.2901474280238539,-0.5060398209297281,-0.398093624476791,-0.0152125415064553,0.0421433790471782,-0.0421433790471782
LINK-USD_2026-03-04,LINK-USD,2026-03-04,8.81236743927002,9.614965438842772,8.70085334777832,9.348464965820312,958769737.0,-0.232978454784186,-0.4838035910667144,-0.3583910229254502,0.0608346769746928,0.0428999154164537,-0.0428999154164537
LINK-USD_2026-03-05,LINK-USD,2026-03-05,9.348464965820312,9.479454040527344,9.089862823486328,9.196874618530272,795698003.0,-0.2692866187830101,-0.4527214893550613,-0.3610040540690357,-0.0162155335495487,0.0426804544928009,-0.0426804544928009
LINK-USD_2026-03-06,LINK-USD,2026-03-06,9.197006225585938,9.2899751663208,8.681173324584961,8.793665885925293,676654703.0,-0.3369897013248303,-0.4899279203349932,-0.4134588108299117,-0.0438419299304762,0.0423164003126934,-0.0423164003126934
LINK-USD_2026-03-07,LINK-USD,2026-03-07,8.793656349182129,8.835349082946777,8.658975601196289,8.694977760314941,418422310.0,-0.342855927857436,-0.4921661643848892,-0.4175110461211626,-0.0112226376224171,0.0423201572541096,-0.0423201572541096
LINK-USD_2026-03-08,LINK-USD,2026-03-08,8.694934844970703,8.765351295471191,8.442752838134766,8.523436546325684,547922531.0,-0.3638637719545115,-0.5156856580280422,-0.4397747149912768,-0.0197287697240808,0.0422895846719915,-0.0422895846719915
LINK-USD_2026-03-09,LINK-USD,2026-03-09,8.523436546325684,9.078290939331056,8.519067764282227,8.86002254486084,741942810.0,-0.3634083992012324,-0.418742729910026,-0.3910755645556292,0.03948947079101,0.0423024546657505,-0.0423024546657505
LINK-USD_2026-03-10,LINK-USD,2026-03-10,8.86007308959961,9.162632942199709,8.85982608795166,8.983073234558105,725291006.0,-0.3602570997044102,-0.3899197294759957,-0.375088414590203,0.0138883043552344,0.0423359864348811,-0.0423359864348811
LINK-USD_2026-03-11,LINK-USD,2026-03-11,8.983039855957031,9.145256042480469,8.883170127868652,8.99553108215332,639261316.0,-0.3301381644922517,-0.4062474801313968,-0.3681928223118242,0.0013868135403025,0.0420727562771429,-0.0420727562771429
LINK-USD_2026-03-12,LINK-USD,2026-03-12,8.995658874511719,9.099336624145508,8.85096263885498,9.05850315093994,623583834.0,-0.3145493907565301,-0.3844726748110736,-0.3495110327838018,0.0070003725418228,0.0420801174248632,-0.0420801174248632
LINK-USD_2026-03-13,LINK-USD,2026-03-13,9.05844020843506,9.570826530456545,9.03496265411377,9.088024139404297,877427390.0,-0.3072074105049619,-0.4236787482761588,-0.3654430793905603,0.0032589256715436,0.0420922013268711,-0.0420922013268711
LINK-USD_2026-03-14,LINK-USD,2026-03-14,9.088019371032717,9.161776542663574,8.935402870178223,9.161493301391602,439216529.0,-0.3022008533955425,-0.409521056996992,-0.3558609551962672,0.0080841732878715,0.0421181033577875,-0.0421181033577875
LINK-USD_2026-03-15,LINK-USD,2026-03-15,9.161449432373049,9.525818824768066,9.124828338623049,9.48212718963623,609571257.0,-0.2802488959850078,-0.4046868809568473,-0.3424678884709276,0.0349979940711113,0.0424046839905697,-0.0424046839905697
LINK-USD_2026-03-16,LINK-USD,2026-03-16,9.482163429260254,10.061433792114258,9.42544937133789,9.927087783813477,1103481825.0,-0.2403956365007737,-0.39262363704643,-0.3165096367736019,0.0469262418947067,0.0428897236279852,-0.0428897236279852
LINK-USD_2026-03-17,LINK-USD,2026-03-17,9.926844596862791,9.991813659667969,9.700778007507324,9.795186042785645,772047519.0,-0.3024448733656247,-0.3597206508571461,-0.3310827621113854,-0.0132870529505041,0.0417271286333186,-0.0417271286333186
LINK-USD_2026-03-18,LINK-USD,2026-03-18,9.795076370239258,9.91436004638672,9.1044921875,9.225830078125,734923859.0,-0.3463534040692642,-0.3907006941010106,-0.3685270490851374,-0.0581261001244572,0.0422410901141331,-0.0422410901141331
LINK-USD_2026-03-19,LINK-USD,2026-03-19,9.225818634033203,9.324189186096191,8.907967567443848,9.047332763671877,696017382.0,-0.3436493609606939,-0.3796633390466181,-0.361656350003656,-0.0193475614596838,0.0422170927963814,-0.0422170927963814
LINK-USD_2026-03-20,LINK-USD,2026-03-20,9.047313690185549,9.187954902648926,8.971102714538574,9.113235473632812,620848430.0,-0.3361324472706832,-0.3396243691704829,-0.337878408220583,0.0072842142189748,0.0422487812449702,-0.0422487812449702
LINK-USD_2026-03-21,LINK-USD,2026-03-21,9.113235473632812,9.159459114074709,8.803865432739258,8.807412147521973,364522757.0,-0.3587784823200017,-0.3762872561556174,-0.3675328692378096,-0.0335581503403126,0.0423869157272979,-0.0423869157272979
LINK-USD_2026-03-22,LINK-USD,2026-03-22,8.809146881103516,8.949362754821777,8.585972785949707,8.685224533081055,600370610.0,-0.3484415850428681,-0.3679781649591011,-0.3582098750009846,-0.0138732708762012,0.0422934968597252,-0.0422934968597252
LINK-USD_2026-03-23,LINK-USD,2026-03-23,8.685227394104004,9.269433975219728,8.589097023010254,9.10270881652832,940056029.0,-0.2931275821620669,-0.3158980871213301,-0.3045128346416985,0.048068335119848,0.0426766893907335,-0.0426766893907335
LINK-USD_2026-03-24,LINK-USD,2026-03-24,9.102980613708496,9.257019996643066,9.021252632141112,9.246526718139648,695691908.0,-0.2366872160019978,-0.3297156902835009,-0.2832014531427493,0.0157994619524892,0.0421696222835846,-0.0421696222835846
LINK-USD_2026-03-25,LINK-USD,2026-03-25,9.246526718139648,9.477627754211426,9.18117904663086,9.374693870544434,635541665.0,-0.2431336294969474,-0.3066668350025623,-0.2749002322497548,0.0138611130764754,0.0420980562913676,-0.0420980562913676
LINK-USD_2026-03-26,LINK-USD,2026-03-26,9.374693870544434,9.377055168151855,8.817851066589355,8.914505958557129,630993903.0,-0.2718368241663685,-0.310293857555641,-0.2910653408610048,-0.0490883135323734,0.0424770564963029,-0.0424770564963029
LINK-USD_2026-03-27,LINK-USD,2026-03-27,8.914505004882812,8.968690872192383,8.49527645111084,8.563819885253906,402394660.0,-0.2985631732964869,-0.2933778865868729,-0.2959705299416799,-0.0393388119244674,0.0427073203255054,-0.0427073203255054
LINK-USD_2026-03-28,LINK-USD,2026-03-28,8.563811302185059,8.672979354858398,8.427972793579102,8.428156852722168,255519196.0,-0.3087823165916323,-0.3076322240668691,-0.3082072703292507,-0.0158414159042902,0.0427278418263935,-0.0427278418263935
LINK-USD_2026-03-29,LINK-USD,2026-03-29,8.42817211151123,8.555513381958008,8.24777889251709,8.405261993408203,234623563.0,-0.269459454822196,-0.3280681535146573,-0.2987638041684267,-0.0027164728556956,0.0422174632849293,-0.0422174632849293
LINK-USD_2026-03-30,LINK-USD,2026-03-30,8.405252456665039,8.892221450805664,8.40419864654541,8.610695838928223,349720270.0,-0.279014112095524,-0.3358136134622046,-0.3074138627788643,0.0244410995970298,0.0420332901839816,-0.0420332901839816
LINK-USD_2026-03-31,LINK-USD,2026-03-31,8.610806465148926,8.851412773132324,8.511823654174805,8.777544975280762,418162560.0,-0.2707204983610092,-0.3281962004666462,-0.2994583494138277,0.019376963194801,0.0421123895525584,-0.0421123895525584
LINK-USD_2026-04-01,LINK-USD,2026-04-01,8.77761173248291,9.146587371826172,8.745739936828613,8.9378023147583,642798916.0,-0.2446490333091516,-0.335755980840897,-0.2902025070750243,0.018257649482726,0.0421733446434042,-0.0421733446434042
LINK-USD_2026-04-02,LINK-USD,2026-04-02,8.937843322753906,8.998983383178711,8.435356140136719,8.628460884094238,672845433.0,-0.2225525986185429,-0.3536086220219518,-0.2880806103202474,-0.0346104578922349,0.0416986790228684,-0.0416986790228684
LINK-USD_2026-04-03,LINK-USD,2026-04-03,8.628461837768555,8.765419006347656,8.59792709350586,8.658191680908203,384388575.0,-0.1960554633826344,-0.3410783071782971,-0.2685668852804658,0.0034456662912816,0.0415677268519445,-0.0415677268519445
LINK-USD_2026-04-04,LINK-USD,2026-04-04,8.658230781555176,8.748367309570312,8.624846458435059,8.692899703979492,262759205.0,-0.1279726359639539,-0.3314660685786706,-0.2297193522713123,0.0040086919244144,0.0405453689618352,-0.0405453689618352
LINK-USD_2026-04-05,LINK-USD,2026-04-05,8.692899703979492,8.839789390563965,8.485904693603516,8.811627388000488,349318157.0,-0.0636577969309346,-0.3212163807957134,-0.192437088863324,0.0136580068865448,0.0399779251569981,-0.0399779251569981
LINK-USD_2026-04-06,LINK-USD,2026-04-06,8.811758041381836,9.10540771484375,8.750605583190918,8.805131912231445,574878042.0,-0.1021380508756508,-0.2714241321062948,-0.1867810914909728,-0.0007371482568462,0.0396086481594303,-0.0396086481594303
LINK-USD_2026-04-07,LINK-USD,2026-04-07,8.80486011505127,9.383681297302246,8.580344200134277,9.295583724975586,804405924.0,-0.0164432577739029,-0.3119730806859427,-0.1642081692299228,0.0557006774722863,0.0399784141090939,-0.0399784141090939
LINK-USD_2026-04-08,LINK-USD,2026-04-08,9.29571533203125,9.31974983215332,8.851547241210938,8.860471725463867,675611198.0,-0.0422640182185608,-0.3967406947604837,-0.2195023564895222,-0.0468084643617,0.0403322309523506,-0.0403322309523506
LINK-USD_2026-04-09,LINK-USD,2026-04-09,8.860593795776367,9.1373291015625,8.699834823608398,8.942770004272461,690967788.0,0.1309681979139529,-0.3726142119345738,-0.1208230070103104,0.0092882502600937,0.0357889078300887,-0.0357889078300887
LINK-USD_2026-04-10,LINK-USD,2026-04-10,8.942774772644043,9.170286178588867,8.888703346252441,9.087806701660156,514037106.0,0.0234649538991313,-0.3321283605134393,-0.1543317033071539,0.0162183190799274,0.0323597785257115,-0.0323597785257115
LINK-USD_2026-04-11,LINK-USD,2026-04-11,9.087845802307127,9.273853302001951,8.976649284362793,9.069445610046388,400794180.0,0.0175190838265342,-0.3487433215394963,-0.165612118856481,-0.0020204095681759,0.032359581169652,-0.032359581169652
LINK-USD_2026-04-12,LINK-USD,2026-04-12,9.069445610046388,9.072214126586914,8.707173347473145,8.737156867980957,509473249.0,-0.0107873687574772,-0.3595828748309931,-0.1851851217942351,-0.0366382639416624,0.032679754805306,-0.032679754805306
LINK-USD_2026-04-13,LINK-USD,2026-04-13,8.737156867980957,9.419045448303224,8.69890022277832,9.3628511428833,657382992.0,0.0603650209596191,-0.3189853571940395,-0.1293101681172102,0.0716130297711976,0.0338904196623086,-0.0338904196623086
LINK-USD_2026-04-14,LINK-USD,2026-04-14,9.362841606140137,9.373494148254396,8.96133041381836,9.022783279418944,677378091.0,0.0539034950089518,-0.3741695789393472,-0.1601330419651976,-0.0363209729893914,0.0339881464512234,-0.0339881464512234
LINK-USD_2026-04-15,LINK-USD,2026-04-15,9.022783279418944,9.34880256652832,9.00771427154541,9.261512756347656,552788664.0,0.1142890351980814,-0.3440254603014292,-0.1148682125516739,0.0264585183458032,0.0339039100759411,-0.0339039100759411
LINK-USD_2026-04-16,LINK-USD,2026-04-16,9.261482238769531,9.648807525634766,9.147368431091309,9.580833435058594,747529647.0,0.1402136438177865,-0.3187034043833907,-0.089244880282802,0.0344782420660254,0.0341298212972029,-0.0341298212972029
LINK-USD_2026-04-17,LINK-USD,2026-04-17,9.58119297027588,9.859912872314451,9.348557472229004,9.625117301940918,706352102.0,0.0977198693525598,-0.2946173114995989,-0.0984487210735195,0.0046221309641265,0.0337281261295662,-0.0337281261295662
LINK-USD_2026-04-18,LINK-USD,2026-04-18,9.625057220458984,9.642800331115724,9.274565696716309,9.292866706848145,532153843.0,0.0224916586506955,-0.3238029313530981,-0.1506556363512012,-0.0345191216553563,0.0337440461516674,-0.0337440461516674
LINK-USD_2026-04-19,LINK-USD,2026-04-19,9.29282283782959,9.350893020629885,9.021154403686523,9.070685386657717,609688444.0,0.0328875873802556,-0.3176032659869174,-0.1423578393033309,-0.0239088030851337,0.0336038113508864,-0.0336038113508864
LINK-USD_2026-04-20,LINK-USD,2026-04-20,9.070685386657717,9.394522666931152,9.068105697631836,9.29110336303711,590049326.0,0.0409573395060038,-0.2777781690279191,-0.1184104147609576,0.0243000354420417,0.0336769394243675,-0.0336769394243675
LINK-USD_2026-04-21,LINK-USD,2026-04-21,9.291093826293944,9.47933292388916,9.25293254852295,9.39822483062744,587330634.0,0.0642832388414043,-0.2733776597588012,-0.1045472104586984,0.0115294667817917,0.0336672113102739,-0.0336672113102739
LINK-USD_2026-04-22,LINK-USD,2026-04-22,9.398433685302734,9.542242050170898,9.296865463256836,9.298733711242676,572404956.0,0.0813857231867511,-0.2403058526521547,-0.0794600647327017,-0.0105861608099155,0.0335164119765733,-0.0335164119765733
LINK-USD_2026-04-23,LINK-USD,2026-04-23,9.29888153076172,9.377242088317873,9.160258293151855,9.355892181396484,551654040.0,0.0917670133222907,-0.2160152629212233,-0.0621241247994662,0.0061469090231824,0.0335141208622317,-0.0335141208622317
LINK-USD_2026-04-24,LINK-USD,2026-04-24,9.35588264465332,9.439373970031738,9.252147674560549,9.377434730529783,434072952.0,0.0487650900024572,-0.2516746646713259,-0.1014547873344343,0.0023025649201189,0.0330913579236796,-0.0330913579236796
LINK-USD_2026-04-25,LINK-USD,2026-04-25,9.377426147460938,9.439096450805664,9.297035217285156,9.34617519378662,278827366.0,0.0529696598657141,-0.255344837948834,-0.1011875890415599,-0.0033334848646179,0.0330784763493231,-0.0330784763493231
LINK-USD_2026-04-26,LINK-USD,2026-04-26,9.34617519378662,9.523492813110352,9.309893608093262,9.494078636169434,256055479.0,0.0947123874513096,-0.2363238067213082,-0.0708057096349993,0.0158250235327432,0.0329801662335829,-0.0329801662335829
LINK-USD_2026-04-27,LINK-USD,2026-04-27,9.4940767288208,9.57911205291748,9.169822692871094,9.32095432281494,269035890.0,0.1277308915332566,-0.2589586116074988,-0.065613860037121,-0.0182349778202747,0.0324873018270597,-0.0324873018270597
LINK-USD_2026-04-28,LINK-USD,2026-04-28,9.320961952209473,9.328574180603027,9.162104606628418,9.239624977111816,191665897.0,0.12635742566246,-0.2541390362672713,-0.0638908053024056,-0.008725431204405,0.0324936205358124,-0.0324936205358124
LINK-USD_2026-04-29,LINK-USD,2026-04-29,9.239624977111816,9.41163158416748,8.942293167114258,9.118186950683594,265276071.0,-0.0149205691778119,-0.2567594953672972,-0.1358400322725546,-0.0131431769935518,0.0282591431073151,-0.0282591431073151
LINK-USD_2026-04-30,LINK-USD,2026-04-30,9.118183135986328,9.17648696899414,9.03923511505127,9.104363441467283,196716296.0,0.0006488179197847,-0.2448265139415272,-0.1220888480108712,-0.0015160370467369,0.0281742439500063,-0.0281742439500063
LINK-USD_2026-05-01,LINK-USD,2026-05-01,9.103611946105955,9.23875617980957,9.103611946105955,9.222000122070312,266467136.0,0.0589317741250534,-0.2426770070183007,-0.0918726164466236,0.0129209121932933,0.0276654930637519,-0.0276654930637519
