asset_id,ticker,date,Open,High,Low,Close,Volume,return_3m,return_6m,momentum_score,returns,volatility,low_vol_score
SOL-USD_2020-04-10,SOL-USD,2020-04-10,0.8320050239562988,1.3134870529174805,0.6941869854927063,0.9510539770126344,87364276.0,,,,,,
SOL-USD_2020-04-11,SOL-USD,2020-04-11,0.9510539770126344,1.0490729808807373,0.7650200128555298,0.7768189907073975,43862444.0,,,,-0.1832019953825631,,
SOL-USD_2020-04-12,SOL-USD,2020-04-12,0.7854480147361755,0.9566699862480164,0.7624260187149048,0.8825070261955261,38736897.0,,,,0.136052332335343,,
SOL-USD_2020-04-13,SOL-USD,2020-04-13,0.8907600045204163,0.8916029930114746,0.7739760279655457,0.7778319716453552,18211285.0,,,,-0.1186110154855348,,
SOL-USD_2020-04-14,SOL-USD,2020-04-14,0.7778319716453552,0.7964720129966736,0.6281690001487732,0.6619250178337097,16747614.0,,,,-0.149012843437724,,
SOL-USD_2020-04-15,SOL-USD,2020-04-15,0.6692889928817749,0.7049639821052551,0.6215310096740723,0.646651029586792,13075275.0,,,,-0.0230751034262235,,
SOL-USD_2020-04-16,SOL-USD,2020-04-16,0.6308789849281311,0.7741919755935669,0.6251069903373718,0.6908159852027893,21346031.0,,,,0.0682979746343535,,
SOL-USD_2020-04-17,SOL-USD,2020-04-17,0.6893119812011719,0.7196140289306641,0.6607279777526855,0.6607279777526855,9870810.0,,,,-0.043554301137475,,
SOL-USD_2020-04-18,SOL-USD,2020-04-18,0.6607279777526855,0.7176179885864258,0.6594269871711731,0.6810960173606873,9782112.0,,,,0.0308266643668986,,
SOL-USD_2020-04-19,SOL-USD,2020-04-19,0.6815159916877747,0.6846410036087036,0.5984870195388794,0.6069689989089966,9289670.0,,,,-0.1088349022197193,,
SOL-USD_2020-04-20,SOL-USD,2020-04-20,0.6129480004310608,0.6392539739608765,0.5205780267715454,0.538811981678009,8342616.0,,,,-0.1122907716102422,,
SOL-USD_2020-04-21,SOL-USD,2020-04-21,0.5413870215415955,0.6045860052108765,0.5085489749908447,0.5876590013504028,9711507.0,,,,0.0906568920762873,,
SOL-USD_2020-04-22,SOL-USD,2020-04-22,0.5811660289764404,0.7069640159606934,0.5696210265159607,0.6916009783744812,18828400.0,,,,0.1768746446242231,,
SOL-USD_2020-04-23,SOL-USD,2020-04-23,0.6853470206260681,0.6980770230293274,0.6003220081329346,0.6274570226669312,13485271.0,,,,-0.0927470574988371,,
SOL-USD_2020-04-24,SOL-USD,2020-04-24,0.6240209937095642,0.671019971370697,0.6139410138130188,0.6342419981956482,9064190.0,,,,0.0108134506167105,,
SOL-USD_2020-04-25,SOL-USD,2020-04-25,0.6305279731750488,0.6709480285644531,0.6215469837188721,0.6433290243148804,7311905.0,,,,0.0143273799986185,,
SOL-USD_2020-04-26,SOL-USD,2020-04-26,0.6532149910926819,0.6914989948272705,0.6311709880828857,0.6355059742927551,8320760.0,,,,-0.012160262830449,,
SOL-USD_2020-04-27,SOL-USD,2020-04-27,0.6357139945030212,0.6602830290794373,0.561028003692627,0.5723720192909241,7406934.0,,,,-0.099344392587484,,
SOL-USD_2020-04-28,SOL-USD,2020-04-28,0.5782529711723328,0.692147970199585,0.5684840083122253,0.6612930297851562,7470201.0,,,,0.1553552715668926,,
SOL-USD_2020-04-29,SOL-USD,2020-04-29,0.6622859835624695,0.77777099609375,0.655273973941803,0.7458400130271912,8801144.0,,,,0.1278510122350795,,
SOL-USD_2020-04-30,SOL-USD,2020-04-30,0.7471950054168701,0.800815999507904,0.6878809928894043,0.6910449862480164,5016892.0,,,,-0.0734675343533455,,
SOL-USD_2020-05-01,SOL-USD,2020-05-01,0.6910449862480164,0.7370709776878357,0.685903012752533,0.7287939786911011,4164272.0,,,,0.0546259551755674,,
SOL-USD_2020-05-02,SOL-USD,2020-05-02,0.7272679805755615,0.7489809989929199,0.7079039812088013,0.7158759832382202,3441356.0,,,,-0.0177251676476269,,
SOL-USD_2020-05-03,SOL-USD,2020-05-03,0.7147960066795349,0.7298009991645813,0.6566159725189209,0.6795349717140198,3328344.0,,,,-0.0507643954750571,,
SOL-USD_2020-05-04,SOL-USD,2020-05-04,0.6796249747276306,0.7058119773864746,0.6184340119361877,0.6674910187721252,3443698.0,,,,-0.0177238162025944,,
SOL-USD_2020-05-05,SOL-USD,2020-05-05,0.6734399795532227,0.686214029788971,0.6264989972114563,0.6418370008468628,2847469.0,,,,-0.038433502779489,,
SOL-USD_2020-05-06,SOL-USD,2020-05-06,0.6424540281295776,0.673891007900238,0.6225839853286743,0.6225839853286743,2677563.0,,,,-0.0299967366991702,,
SOL-USD_2020-05-07,SOL-USD,2020-05-07,0.6225839853286743,0.6322680115699768,0.5733759999275208,0.6129779815673828,3355830.0,,,,-0.0154292496878478,,
SOL-USD_2020-05-08,SOL-USD,2020-05-08,0.6129779815673828,0.6366180181503296,0.589851975440979,0.6049219965934753,2488195.0,,,,-0.0131423725095448,,
SOL-USD_2020-05-09,SOL-USD,2020-05-09,0.6040419936180115,0.6254289746284485,0.5884479880332947,0.6045269966125488,2128503.0,,,,-0.0006529767195619,,
SOL-USD_2020-05-10,SOL-USD,2020-05-10,0.6044610142707825,0.6123030185699463,0.5130810141563416,0.5370339751243591,2327581.0,,,,-0.1116460007020118,,
SOL-USD_2020-05-11,SOL-USD,2020-05-11,0.5362550020217896,0.5718600153923035,0.5051940083503723,0.5152729749679565,2098481.0,,,,-0.0405207140784034,,
SOL-USD_2020-05-12,SOL-USD,2020-05-12,0.5133910179138184,0.5597590208053589,0.5052509903907776,0.5385760068893433,2198625.0,,,,0.0452246344237943,,
SOL-USD_2020-05-13,SOL-USD,2020-05-13,0.5383719801902771,0.564873993396759,0.5180379748344421,0.5505319833755493,2326446.0,,,,0.0221992371239487,,
SOL-USD_2020-05-14,SOL-USD,2020-05-14,0.5505319833755493,0.5809460282325745,0.5501099824905396,0.5691180229187012,2047897.0,,,,0.0337601449223581,,
SOL-USD_2020-05-15,SOL-USD,2020-05-15,0.5691930055618286,0.5746200084686279,0.5470929741859436,0.5597519874572754,1850070.0,,,,-0.0164571057043535,,
SOL-USD_2020-05-16,SOL-USD,2020-05-16,0.5589810013771057,0.6065340042114258,0.5543609857559204,0.599120020866394,2300409.0,,,,0.0703312079121889,,
SOL-USD_2020-05-17,SOL-USD,2020-05-17,0.5952280163764954,0.6401960253715515,0.5891749858856201,0.6129890084266663,2936428.0,,,,0.0231489302263945,,
SOL-USD_2020-05-18,SOL-USD,2020-05-18,0.6126819849014282,0.6743929982185364,0.6096490025520325,0.6526700258255005,3314359.0,,,,0.0647336524037875,,
SOL-USD_2020-05-19,SOL-USD,2020-05-19,0.6509739756584167,0.65447998046875,0.6112480163574219,0.6244540214538574,2380263.0,,,,-0.0432316534468628,,
SOL-USD_2020-05-20,SOL-USD,2020-05-20,0.6224750280380249,0.6266559958457947,0.5752829909324646,0.5791559815406799,2302926.0,,,,-0.0725402325181834,,
SOL-USD_2020-05-21,SOL-USD,2020-05-21,0.579692006111145,0.6137890219688416,0.5433459877967834,0.6089149713516235,2863017.0,,,,0.051383376429573,,
SOL-USD_2020-05-22,SOL-USD,2020-05-22,0.6052389740943909,0.6764320135116577,0.582830011844635,0.6388750076293945,3411419.0,,,,0.0492023315033098,,
SOL-USD_2020-05-23,SOL-USD,2020-05-23,0.6374149918556213,0.6388490200042725,0.5882470011711121,0.6130310297012329,2638524.0,,,,-0.0404523226288944,,
SOL-USD_2020-05-24,SOL-USD,2020-05-24,0.6132889986038208,0.6132889986038208,0.5484319925308228,0.5490530133247375,2786816.0,,,,-0.1043634225296487,,
SOL-USD_2020-05-25,SOL-USD,2020-05-25,0.5485699772834778,0.6501380205154419,0.5380640029907227,0.6008570194244385,4509580.0,,,,0.0943515559381173,,
SOL-USD_2020-05-26,SOL-USD,2020-05-26,0.5991039872169495,0.6123530268669128,0.5664629936218262,0.5733069777488708,2689697.0,,,,-0.0458512437816868,,
SOL-USD_2020-05-27,SOL-USD,2020-05-27,0.5733069777488708,0.6110870242118835,0.5714430212974548,0.5909850001335144,2536916.0,,,,0.0308351774368027,,
SOL-USD_2020-05-28,SOL-USD,2020-05-28,0.5908839702606201,0.5923979878425598,0.5669479966163635,0.5751550197601318,2662788.0,,,,-0.0267857566094,,
SOL-USD_2020-05-29,SOL-USD,2020-05-29,0.5746989846229553,0.59340500831604,0.5668579936027527,0.5794150233268738,2066857.0,,,,0.0074067050106223,,
SOL-USD_2020-05-30,SOL-USD,2020-05-30,0.5813549757003784,0.6024889945983887,0.5670499801635742,0.5879330039024353,2449095.0,,,,0.0147010005481962,,
SOL-USD_2020-05-31,SOL-USD,2020-05-31,0.5879030227661133,0.5939970016479492,0.5692449808120728,0.5700219869613647,1892967.0,,,,-0.0304643842447783,,
SOL-USD_2020-06-01,SOL-USD,2020-06-01,0.5734720230102539,0.5878390073776245,0.5673480033874512,0.5774949789047241,2159877.0,,,,0.0131100064809708,,
SOL-USD_2020-06-02,SOL-USD,2020-06-02,0.5771420001983643,0.5897250175476074,0.5522940158843994,0.5646690130233765,1295757.0,,,,-0.0222096578323042,,
SOL-USD_2020-06-03,SOL-USD,2020-06-03,0.5646690130233765,0.5910249948501587,0.5644609928131104,0.5866209864616394,877446.0,,,,0.038875824477647,,
SOL-USD_2020-06-04,SOL-USD,2020-06-04,0.5868669748306274,0.5916399955749512,0.5645179748535156,0.5872989892959595,901641.0,,,,0.0011557766427854,,
SOL-USD_2020-06-05,SOL-USD,2020-06-05,0.5872989892959595,0.6982790231704712,0.5779250264167786,0.6611549854278564,4322092.0,,,,0.1257553605199182,,
SOL-USD_2020-06-06,SOL-USD,2020-06-06,0.6610710024833679,0.6616190075874329,0.6117810010910034,0.6224430203437805,1604055.0,,,,-0.0585520277957581,,
SOL-USD_2020-06-07,SOL-USD,2020-06-07,0.6224430203437805,0.6244440078735352,0.5933979749679565,0.6165779829025269,716785.0,,,,-0.0094226093787899,,
SOL-USD_2020-06-08,SOL-USD,2020-06-08,0.6150779724121094,0.679000973701477,0.6133099794387817,0.6683130264282227,1440234.0,,,,0.083906731930573,,
SOL-USD_2020-06-09,SOL-USD,2020-06-09,0.6677839756011963,0.6680880188941956,0.6272420287132263,0.6580020189285278,988327.0,,,,-0.0154284101789869,,
SOL-USD_2020-06-10,SOL-USD,2020-06-10,0.6580380201339722,0.6700429916381836,0.633404016494751,0.6448670029640198,1096203.0,,,,-0.0199619690922784,,
SOL-USD_2020-06-11,SOL-USD,2020-06-11,0.6448879837989807,0.650534987449646,0.5700820088386536,0.5737419724464417,1122221.0,,,,-0.110294107452644,,
SOL-USD_2020-06-12,SOL-USD,2020-06-12,0.574059009552002,0.604653000831604,0.569920003414154,0.5938689708709717,940323.0,-0.3755675437724578,,,0.0350802266369119,0.0742318843582424,-0.0742318843582424
SOL-USD_2020-06-13,SOL-USD,2020-06-13,0.5939480066299438,0.6114389896392822,0.5854849815368652,0.608942985534668,764757.0,-0.2161069788212257,,,0.0253827281825966,0.0707111149324148,-0.0707111149324148
SOL-USD_2020-06-14,SOL-USD,2020-06-14,0.6109269857406616,0.618257999420166,0.5808990001678467,0.5870770215988159,873416.0,-0.3347622124554682,,,-0.0359080643923555,0.0686068957878496,-0.0686068957878496
SOL-USD_2020-06-15,SOL-USD,2020-06-15,0.5883730053901672,0.5918970108032227,0.5472869873046875,0.5706390142440796,942666.0,-0.2663723849805227,,,-0.0279997457743617,0.067101717506635,-0.067101717506635
SOL-USD_2020-06-16,SOL-USD,2020-06-16,0.5705789923667908,0.5898280143737793,0.5686889886856079,0.5855759978294373,652020.0,-0.1153439104842128,,,0.026175889156728,0.0645210480737439,-0.0645210480737439
SOL-USD_2020-06-17,SOL-USD,2020-06-17,0.5854970216751099,0.590129017829895,0.5651170015335083,0.5815619826316833,673274.0,-0.1006555993527147,,,-0.0068548151096231,0.0644595008627261,-0.0644595008627261
SOL-USD_2020-06-18,SOL-USD,2020-06-18,0.5815820097923279,0.6503090262413025,0.5792850255966187,0.6209560036659241,1349341.0,-0.1011267588377501,,,0.0677383016956765,0.0644500211923442,-0.0644500211923442
SOL-USD_2020-06-19,SOL-USD,2020-06-19,0.6224070191383362,0.8363980054855347,0.6203839778900146,0.684332013130188,6577471.0,0.0357242861998763,,,0.1020619964862443,0.0654542313260577,-0.0654542313260577
SOL-USD_2020-06-20,SOL-USD,2020-06-20,0.6825230121612549,0.6885830163955688,0.6256260275840759,0.6435909867286682,1714405.0,-0.0550657024502281,,,-0.059534006330008,0.0658156090248515,-0.0658156090248515
SOL-USD_2020-06-21,SOL-USD,2020-06-21,0.6461349725723267,0.7485420107841492,0.6368799805641174,0.6731489896774292,2238347.0,0.1090335600127661,,,0.0459266887794722,0.0645176298152866,-0.0645176298152866
SOL-USD_2020-06-22,SOL-USD,2020-06-22,0.6725770235061646,0.7431129813194275,0.6458770036697388,0.7268480062484741,1620388.0,0.3489826339512145,,,0.0797728547387068,0.0634796744033002,-0.0634796744033002
SOL-USD_2020-06-23,SOL-USD,2020-06-23,0.7267730236053467,0.7606329917907715,0.7007120251655579,0.7082970142364502,1327340.0,0.2052857398743641,,,-0.0255225189483181,0.0626841579695615,-0.0626841579695615
SOL-USD_2020-06-24,SOL-USD,2020-06-24,0.7085300087928772,0.8006920218467712,0.6935009956359863,0.7369940280914307,2769054.0,0.0656347390132963,,,0.0405155087176474,0.0588882569836192,-0.0588882569836192
SOL-USD_2020-06-25,SOL-USD,2020-06-25,0.7371000051498413,0.7567049860954285,0.6992400288581848,0.7131940126419067,1751581.0,0.136642011927065,,,-0.0322933626900044,0.0577901664395181,-0.0577901664395181
SOL-USD_2020-06-26,SOL-USD,2020-06-26,0.7125309705734253,0.7519919872283936,0.6815320253372192,0.7411440014839172,1664662.0,0.1685508111925637,,,0.0391898815000906,0.0579571631700849,-0.0579571631700849
SOL-USD_2020-06-27,SOL-USD,2020-06-27,0.7395970225334167,0.7522109746932983,0.6758379936218262,0.7135480046272278,1681428.0,0.1091494051385724,,,-0.037234325315238,0.058174213274155,-0.058174213274155
SOL-USD_2020-06-28,SOL-USD,2020-06-28,0.7135480046272278,0.8439769744873047,0.6870949864387512,0.7984949946403503,3412582.0,0.2564712637500901,,,0.1190487387845764,0.0599341622320877,-0.0599341622320877
SOL-USD_2020-06-29,SOL-USD,2020-06-29,0.7984949946403503,0.8853390216827393,0.7700089812278748,0.8524540066719055,2147791.0,0.4893355683737956,,,0.0675758926402021,0.0589109659131749,-0.0589109659131749
SOL-USD_2020-06-30,SOL-USD,2020-06-30,0.8530219793319702,1.0291759967803955,0.8501039743423462,0.8600940108299255,3887548.0,0.300624643071403,,,0.008962365239912,0.0558115134388579,-0.0558115134388579
SOL-USD_2020-07-01,SOL-USD,2020-07-01,0.8633639812469482,0.9017149806022644,0.8209270238876343,0.8326420187950134,1772560.0,0.1163815352511232,,,-0.0319174319193584,0.0537638967421711,-0.0537638967421711
SOL-USD_2020-07-02,SOL-USD,2020-07-02,0.8321160078048706,0.8371269702911377,0.7536680102348328,0.7802190184593201,1749581.0,0.1290422967909343,,,-0.0629598304581831,0.0535381559346912,-0.0535381559346912
SOL-USD_2020-07-03,SOL-USD,2020-07-03,0.7820360064506531,0.7860350012779236,0.7551130056381226,0.7680929899215698,1144958.0,0.0539233478589504,,,-0.0155418263985608,0.0531825224405861,-0.0531825224405861
SOL-USD_2020-07-04,SOL-USD,2020-07-04,0.7679409980773926,0.8231549859046936,0.761451005935669,0.7803720235824585,1644301.0,0.0900938735959466,,,0.0159863894372249,0.053148216677486,-0.053148216677486
SOL-USD_2020-07-05,SOL-USD,2020-07-05,0.7801010012626648,0.7855470180511475,0.6426349878311157,0.6916639804840088,3799016.0,0.0178489839005571,,,-0.1136740431713801,0.0547371588267806,-0.0547371588267806
SOL-USD_2020-07-06,SOL-USD,2020-07-06,0.6916639804840088,0.721045970916748,0.6865800023078918,0.7079079747200012,1120773.0,0.0605505614475898,,,0.0234853840800344,0.0547468695220513,-0.0547468695220513
SOL-USD_2020-07-07,SOL-USD,2020-07-07,0.7078580260276794,0.7808930277824402,0.7019219994544983,0.7530480027198792,1700041.0,0.1732698515764603,,,0.0637653898696821,0.0550305667263501,-0.0550305667263501
SOL-USD_2020-07-08,SOL-USD,2020-07-08,0.7530480027198792,0.8275229930877686,0.7434110045433044,0.7967129945755005,2220223.0,0.2796875816760691,,,0.0579843405704696,0.0552689698705881,-0.0552689698705881
SOL-USD_2020-07-09,SOL-USD,2020-07-09,0.7940179705619812,0.8823580145835876,0.759905993938446,0.8534529805183411,2668724.0,0.3923060961114206,,,0.0712175982181293,0.0558169741978791,-0.0558169741978791
SOL-USD_2020-07-10,SOL-USD,2020-07-10,0.8533040285110474,0.9396290183067322,0.8428500294685364,0.9135599732398988,1856095.0,0.5102111981122699,,,0.0704280072758689,0.0563260605010057,-0.0563260605010057
SOL-USD_2020-07-11,SOL-USD,2020-07-11,0.9135599732398988,0.926347017288208,0.8590949773788452,0.9246240258216858,1788814.0,0.5294999743647384,,,0.012110920909274,0.0563169187715683,-0.0563169187715683
SOL-USD_2020-07-12,SOL-USD,2020-07-12,0.9238560199737548,1.130977988243103,0.9141169786453248,1.0167160034179688,4693371.0,0.8932061108099003,,,0.0995993777194395,0.0553385346081281,-0.0553385346081281
SOL-USD_2020-07-13,SOL-USD,2020-07-13,1.0167160034179688,1.2876629829406738,1.0088839530944824,1.175734043121338,4062069.0,1.281769276167557,,,0.1564035966472314,0.0578469417463319,-0.0578469417463319
SOL-USD_2020-07-14,SOL-USD,2020-07-14,1.172476053237915,1.2460060119628906,1.1191660165786743,1.148074984550476,2213135.0,1.1316860941901583,,,-0.023524927880316,0.0579123600514143,-0.0579123600514143
SOL-USD_2020-07-15,SOL-USD,2020-07-15,1.147523045539856,1.3968349695205688,1.1414580345153809,1.289597988128662,3355229.0,1.3424578899514246,,,0.1232698259979934,0.0595284584188601,-0.0595284584188601
SOL-USD_2020-07-16,SOL-USD,2020-07-16,1.28403902053833,1.3749669790267944,0.8550440073013306,0.8724409937858582,7486568.0,0.5329702428181349,,,-0.3234783228439595,0.0731906860341164,-0.0731906860341164
SOL-USD_2020-07-17,SOL-USD,2020-07-17,0.870760977268219,1.0468419790267944,0.8018839955329895,0.9778370261192322,8973774.0,0.7469112178790938,,,0.1208059147656737,0.0744334069306191,-0.0744334069306191
SOL-USD_2020-07-18,SOL-USD,2020-07-18,0.9775149822235109,1.000715970993042,0.9317259788513184,0.966583013534546,2923007.0,0.6133378619809093,,,-0.0115090882059869,0.0741094265491827,-0.0741094265491827
SOL-USD_2020-07-19,SOL-USD,2020-07-19,0.9680039882659912,0.9703540205955504,0.8995149731636047,0.9203490018844604,2206671.0,0.5014119164170374,,,-0.0478324272232134,0.0744532922865808,-0.0744532922865808
SOL-USD_2020-07-20,SOL-USD,2020-07-20,0.92051500082016,0.9215840101242064,0.8518779873847961,0.8730890154838562,3036871.0,0.3377188792752794,,,-0.0513500707925331,0.0744983598669035,-0.0744983598669035
SOL-USD_2020-07-21,SOL-USD,2020-07-21,0.8729280233383179,1.008254051208496,0.8603159785270691,0.9771659970283508,4299502.0,0.5648325792719011,,,0.119205464389924,0.0755160116839774,-0.0755160116839774
SOL-USD_2020-07-22,SOL-USD,2020-07-22,0.9771980047225952,1.1047040224075315,0.9724850058555604,1.044087052345276,5295002.0,0.8027734938829072,,,0.0684848383186051,0.0751146867584007,-0.0751146867584007
SOL-USD_2020-07-23,SOL-USD,2020-07-23,1.0461549758911133,1.1012179851531982,0.9973940253257751,1.0498440265655518,2970423.0,0.7241225392031125,,,0.0055138833561283,0.0749526611198989,-0.0749526611198989
SOL-USD_2020-07-24,SOL-USD,2020-07-24,1.0498440265655518,1.053954005241394,0.974780023097992,0.9953460097312928,1991763.0,0.5579667350341615,,,-0.0519105842917858,0.0752177232859642,-0.0752177232859642
SOL-USD_2020-07-25,SOL-USD,2020-07-25,0.9954400062561036,1.4327399730682373,0.9953969717025756,1.252223014831543,9978279.0,1.0426747654875266,,,0.2580780980571746,0.0811542160320693,-0.0811542160320693
SOL-USD_2020-07-26,SOL-USD,2020-07-26,1.2447279691696167,1.6246479749679563,1.2382830381393433,1.5651099681854248,10463130.0,1.8505625690095977,,,0.2498651994476985,0.0849484355637779,-0.0849484355637779
SOL-USD_2020-07-27,SOL-USD,2020-07-27,1.5650980472564695,2.0427401065826416,1.5610870122909546,1.7786359786987305,32838355.0,1.960165099514836,,,0.1364287589075072,0.0857012554157917,-0.0857012554157917
SOL-USD_2020-07-28,SOL-USD,2020-07-28,1.7841110229492188,1.858672022819519,1.6117689609527588,1.7840670347213743,9692632.0,2.11188787850906,,,0.003053494974625,0.0853058351638412,-0.0853058351638412
SOL-USD_2020-07-29,SOL-USD,2020-07-29,1.785662055015564,2.095622062683105,1.5931659936904907,1.6582889556884766,10348945.0,1.8059746953202511,,,-0.0705007584272421,0.086085545732063,-0.086085545732063
SOL-USD_2020-07-30,SOL-USD,2020-07-30,1.6582889556884766,1.7964489459991455,1.6357120275497437,1.6868070363998413,5222980.0,1.932786776516918,,,0.0171972927960102,0.0858760831424546,-0.0858760831424546
SOL-USD_2020-07-31,SOL-USD,2020-07-31,1.6868070363998413,1.6884880065917969,1.5104049444198608,1.5381779670715332,4822046.0,1.6547084648231127,,,-0.0881126685631615,0.0869553461061254,-0.0869553461061254
SOL-USD_2020-08-01,SOL-USD,2020-08-01,1.5327589511871338,1.6622289419174194,1.4988720417022705,1.526610016822815,4589882.0,1.5965713894097848,,,-0.0075205538607096,0.0870198663957423,-0.0870198663957423
SOL-USD_2020-08-02,SOL-USD,2020-08-02,1.5299099683761597,1.746822953224182,1.411972999572754,1.7428100109100342,7216576.0,2.0574434859968997,,,0.1416209717640759,0.0881335409322554,-0.0881335409322554
SOL-USD_2020-08-03,SOL-USD,2020-08-03,1.7322900295257568,1.8300340175628664,1.6687259674072266,1.802610993385315,5836036.0,2.1214314569524806,,,0.0343129670480002,0.0881402868767945,-0.0881402868767945
SOL-USD_2020-08-04,SOL-USD,2020-08-04,1.8000119924545288,1.949874997138977,1.794983983039856,1.8716390132904053,5495665.0,2.3145771595809563,,,0.038293353451404,0.0879787200729468,-0.0879787200729468
SOL-USD_2020-08-05,SOL-USD,2020-08-05,1.870736002922058,1.8881219625473025,1.709509015083313,1.7545499801635742,5405764.0,1.9909430802102888,,,-0.0625596241023981,0.0886112850231667,-0.0886112850231667
SOL-USD_2020-08-06,SOL-USD,2020-08-06,1.7545499801635742,2.228003025054932,1.7467830181121826,2.206347942352295,11143557.0,2.7567712231162087,,,0.2575007650375398,0.0934176628053172,-0.0934176628053172
SOL-USD_2020-08-07,SOL-USD,2020-08-07,2.203166007995605,2.203166007995605,1.8855719566345213,2.0859029293060303,8068102.0,2.1549379121087164,,,-0.0545902170433971,0.0930603464851764,-0.0930603464851764
SOL-USD_2020-08-08,SOL-USD,2020-08-08,2.08388900756836,2.5695900917053223,2.0265378952026367,2.4736249446868896,10919229.0,2.9740584500741702,,,0.1858773051868969,0.0946991683548001,-0.0946991683548001
SOL-USD_2020-08-09,SOL-USD,2020-08-09,2.4715559482574463,2.7068231105804443,2.30250096321106,2.6652278900146484,12107837.0,3.3226128144701965,,,0.0774583656019898,0.0947990091168286,-0.0947990091168286
SOL-USD_2020-08-10,SOL-USD,2020-08-10,2.6652278900146484,3.3979289531707764,2.525897979736328,3.1317930221557617,22863251.0,3.686116981579019,,,0.1750563746871751,0.0963495705812595,-0.0963495705812595
SOL-USD_2020-08-11,SOL-USD,2020-08-11,3.131042003631592,3.48653507232666,2.753633975982666,3.30341911315918,36356155.0,4.020378385066927,,,0.0548012240238278,0.0962287025622742,-0.0962287025622742
SOL-USD_2020-08-12,SOL-USD,2020-08-12,3.307957887649536,3.916167974472046,3.103979110717773,3.769751071929932,28461707.0,4.845780687495131,,,0.1411664529375389,0.0970035236811093,-0.0970035236811093
SOL-USD_2020-08-13,SOL-USD,2020-08-13,3.770703077316284,4.155814170837402,3.528520107269287,3.75597095489502,28236179.0,5.546446199289763,,,-0.0036554448216808,0.0953782046797744,-0.0953782046797744
SOL-USD_2020-08-14,SOL-USD,2020-08-14,3.760168075561523,3.789997100830078,3.3326539993286133,3.4093880653381348,18427950.0,4.740976936946051,2.584852329882894,3.6629146334144727,-0.0922751783011517,0.0967117998070189,-0.0967117998070189
SOL-USD_2020-08-15,SOL-USD,2020-08-15,3.412554979324341,3.719944953918457,3.1654651165008545,3.1837949752807617,13155762.0,4.2283958447855445,3.0985030146874903,3.663449429736517,-0.0661682054767793,0.0975087776720777,-0.0975087776720777
SOL-USD_2020-08-16,SOL-USD,2020-08-16,3.185405969619751,3.4706881046295166,3.138688087463379,3.385653018951416,10395313.0,4.766965652532439,2.8364034715359865,3.801684562034213,0.0634017093556262,0.0972071201210465,-0.0972071201210465
SOL-USD_2020-08-17,SOL-USD,2020-08-17,3.385653018951416,3.3859989643096924,3.087985038757324,3.098608016967773,10723919.0,4.430066889261807,2.9836470213653707,3.706856955313589,-0.0847827584152568,0.0980402967823347,-0.0980402967823347
SOL-USD_2020-08-18,SOL-USD,2020-08-18,3.104469060897827,3.709911108016968,2.894413948059082,3.3299760818481445,30350145.0,4.6866676472249775,4.03074516316999,4.358706405197484,0.074668387744889,0.0981843355432127,-0.0981843355432127
SOL-USD_2020-08-19,SOL-USD,2020-08-19,3.328696012496948,3.483863115310669,2.8381080627441406,2.899040937423706,14838389.0,3.984921683334544,3.4831614035721623,3.734041543453354,-0.1294108827908663,0.1001753746405758,-0.1001753746405758
SOL-USD_2020-08-20,SOL-USD,2020-08-20,2.899040937423706,3.431843042373657,2.896235942840576,3.2082669734954834,13756478.0,4.166657467767297,3.644170144027133,3.905413805897215,0.1066649429057657,0.1005263628690106,-0.1005263628690106
SOL-USD_2020-08-21,SOL-USD,2020-08-21,3.2097179889678955,3.223289966583252,2.913770914077759,2.9436678886413574,11796736.0,3.3015200694423035,3.455188803497572,3.378354436469938,-0.0824741478935709,0.1011212827541958,-0.1011212827541958
SOL-USD_2020-08-22,SOL-USD,2020-08-22,2.945307970046997,3.1948649883270264,2.757327079772949,3.020885944366455,10296805.0,3.693797779427311,3.435330507543825,3.564564143485568,0.0262319183570458,0.1004926049213079,-0.1004926049213079
SOL-USD_2020-08-23,SOL-USD,2020-08-23,3.0208630561828613,3.403414964675904,3.0188379287719727,3.3224310874938965,11991402.0,3.935654867559104,4.47380688876341,4.204730878161257,0.0998201020100684,0.1008604365070608,-0.1008604365070608
SOL-USD_2020-08-24,SOL-USD,2020-08-24,3.312222003936768,3.607538938522339,3.224431037902832,3.3449859619140625,15785208.0,3.6020432513514717,5.208076426765519,4.405059839058495,0.0067886658372136,0.1007067121484571,-0.1007067121484571
SOL-USD_2020-08-25,SOL-USD,2020-08-25,3.3496639728546143,3.3582470417022705,3.027719020843506,3.264849901199341,13444308.0,3.609436204836858,4.555687726550473,4.082561965693666,-0.0239570693650583,0.1006930990019477,-0.1006930990019477
SOL-USD_2020-08-26,SOL-USD,2020-08-26,3.266041040420532,3.795324087142944,3.1943109035491943,3.5583748817443848,22147431.0,3.82822756509899,4.145127021231065,3.986677293165028,0.0899045865591607,0.1009716047412986,-0.1009716047412986
SOL-USD_2020-08-27,SOL-USD,2020-08-27,3.5578439235687256,3.854706048965454,3.2922139167785645,3.4450600147247314,21031356.0,3.830466820610409,4.49051152552555,4.16048917306798,-0.0318445556709033,0.1009671295299788,-0.1009671295299788
SOL-USD_2020-08-28,SOL-USD,2020-08-28,3.4524950981140137,4.309593200683594,3.4472808837890625,4.011393070220947,27212888.0,4.412434104828944,5.32470426372416,4.868569184276552,0.1643898954083873,0.1023662441096377,-0.1023662441096377
SOL-USD_2020-08-29,SOL-USD,2020-08-29,4.01421594619751,4.105240821838379,3.78711199760437,3.968808889389038,14585964.0,4.562076922158062,5.169174309546597,4.86562561585233,-0.0106158085449261,0.102129088990051,-0.102129088990051
SOL-USD_2020-08-30,SOL-USD,2020-08-30,3.970010995864868,4.705005168914795,3.919131994247437,4.4358229637146,22220239.0,4.555229517390445,5.979986252137376,5.26760788476391,0.1176710915897625,0.1021104623515234,-0.1021104623515234
SOL-USD_2020-08-31,SOL-USD,2020-08-31,4.4216790199279785,4.872941017150879,4.109681129455566,4.782045841217041,20950150.0,4.609740588687932,7.354786188083091,5.982263388385512,0.0780515544318547,0.1021766064358069,-0.1021766064358069
SOL-USD_2020-09-01,SOL-USD,2020-09-01,4.781050205230713,4.94473123550415,4.344515800476074,4.344515800476074,16944927.0,4.051210386041342,5.569728705423584,4.810469545732463,-0.0914943217335646,0.1033336680870596,-0.1033336680870596
SOL-USD_2020-09-02,SOL-USD,2020-09-02,4.3526930809021,4.355938911437988,3.705163955688477,4.1644721031188965,23655802.0,4.001515668336863,4.583599740400455,4.292557704368659,-0.0414416026148295,0.103434588354179,-0.103434588354179
SOL-USD_2020-09-03,SOL-USD,2020-09-03,4.168772220611572,4.440814018249512,3.5273399353027344,3.5273399353027344,26473634.0,3.520961232485833,4.104356453628578,3.8126588430572057,-0.1529923005941125,0.1053600578755996,-0.1053600578755996
SOL-USD_2020-09-04,SOL-USD,2020-09-04,3.523390054702759,3.834104061126709,3.198894023895264,3.545794010162353,17729340.0,3.616360332261873,3.865289936300689,3.740825134281281,0.0052317256624245,0.1052485179734963,-0.1052485179734963
SOL-USD_2020-09-05,SOL-USD,2020-09-05,3.5509839057922363,3.660243988037109,2.1916749477386475,2.5979158878326416,25062205.0,2.3290735819902584,2.6290027164776943,2.4790381492339764,-0.2673246442441563,0.111713783665079,-0.111713783665079
SOL-USD_2020-09-06,SOL-USD,2020-09-06,2.600317001342773,3.175637006759644,2.288191080093384,3.086042881011963,20375890.0,3.4617660715141314,3.5414040622926386,3.501585066903385,0.1878917618024,0.1121113355290704,-0.1121113355290704
SOL-USD_2020-09-07,SOL-USD,2020-09-07,3.0860838890075684,3.189559936523437,2.391493082046509,2.928528070449829,17135013.0,3.1368767905293757,3.387367002835433,3.2621218966824044,-0.0510410310664517,0.112577212312486,-0.112577212312486
SOL-USD_2020-09-08,SOL-USD,2020-09-08,2.927628993988037,2.9397358894348145,2.3986411094665527,2.4689769744873047,10163725.0,2.278644874655781,2.846735185459311,2.562690030057546,-0.1569222096928496,0.1148931032258087,-0.1148931032258087
SOL-USD_2020-09-09,SOL-USD,2020-09-09,2.4711780548095703,3.751715898513794,2.389806032180786,3.636378049850464,52354542.0,3.5642258562482407,4.840783148205697,4.202504502226969,0.4728278503308343,0.1279239478639357,-0.1279239478639357
SOL-USD_2020-09-10,SOL-USD,2020-09-10,3.636378049850464,3.851309061050415,3.320808887481689,3.469836950302124,31177875.0,3.065645125751079,4.66062249320891,3.8631338094799945,-0.0457986208433934,0.128198307404164,-0.128198307404164
SOL-USD_2020-09-11,SOL-USD,2020-09-11,3.467334985733032,3.5010130405426025,3.040170907974243,3.4274280071258545,17090627.0,2.7517274262472746,4.665900771383559,3.708814098815417,-0.012222171757257,0.1282049391038505,-0.1282049391038505
SOL-USD_2020-09-12,SOL-USD,2020-09-12,3.4191019535064697,3.4670519828796387,3.1507270336151123,3.332659959793091,10368518.0,2.604340647358212,4.51283892773617,3.5585897875471906,-0.0276499016567918,0.1283875818187134,-0.1283875818187134
SOL-USD_2020-09-13,SOL-USD,2020-09-13,3.336380958557129,3.466782093048096,3.005402088165283,3.2258388996124268,15316353.0,2.172802325101491,5.006768750274003,3.5897855376877468,-0.0320527931050295,0.1282822745535073,-0.1282822745535073
SOL-USD_2020-09-14,SOL-USD,2020-09-14,3.2315258979797363,3.5249340534210205,3.0941739082336426,3.2691330909729004,21301450.0,1.780503898903878,5.344468368782972,3.562486133843425,0.0134210643208734,0.1272048060909402,-0.1272048060909402
SOL-USD_2020-09-15,SOL-USD,2020-09-15,3.2691330909729004,3.3200669288635254,2.9184730052948,2.9391210079193115,11992538.0,1.5600427214866213,4.45720746992576,3.008625095706191,-0.1009478885900533,0.12804350962285,-0.12804350962285
SOL-USD_2020-09-16,SOL-USD,2020-09-16,2.9393069744110107,2.9393069744110107,2.453839063644409,2.5453989505767822,24199804.0,0.973792588084303,3.623526021085718,2.2986593045850103,-0.1339591178048352,0.1288886312948335,-0.1288886312948335
SOL-USD_2020-09-17,SOL-USD,2020-09-17,2.5453989505767822,2.9341020584106445,2.3700339794158936,2.891874074935913,23792220.0,2.3146930228335045,4.081325768080655,3.1980093954570794,0.1361182003632948,0.1220281409165117,-0.1220281409165117
SOL-USD_2020-09-18,SOL-USD,2020-09-18,2.891874074935913,3.1593170166015625,2.741676092147827,3.107939958572388,23510207.0,2.178382363886293,4.552351806182037,3.365367085034165,0.0747148312954337,0.1215884232363728,-0.1215884232363728
SOL-USD_2020-09-19,SOL-USD,2020-09-19,3.111747026443481,3.253420114517212,2.9717040061950684,3.028891086578369,10763973.0,2.133606782000536,4.055566465961622,3.094586623981079,-0.0254344913504472,0.1216691343212218,-0.1216691343212218
SOL-USD_2020-09-20,SOL-USD,2020-09-20,3.0310280323028564,3.032876968383789,2.7201380729675293,2.8709030151367188,9217295.0,2.119363425459692,3.6834494186206497,2.9014064220401705,-0.0521603672518062,0.1217122065090122,-0.1217122065090122
SOL-USD_2020-09-21,SOL-USD,2020-09-21,2.8709030151367188,3.026940107345581,2.500418901443481,2.782509088516236,19492894.0,2.186970674432549,3.2632708388850915,2.7251207566588205,-0.0307895899493746,0.121531458662854,-0.121531458662854
SOL-USD_2020-09-22,SOL-USD,2020-09-22,2.773688077926636,2.994369983673096,2.66860294342041,2.9155189990997314,18556523.0,1.9836476176679143,3.6689089971937454,2.8262783074308304,0.0478021477566574,0.1209740371915278,-0.1209740371915278
SOL-USD_2020-09-23,SOL-USD,2020-09-23,2.9303550720214844,3.065337896347046,2.746303081512451,2.836756944656372,16096650.0,1.7169735878673325,3.898087967787169,2.8075307778272505,-0.0270147628836169,0.1210091262473286,-0.1210091262473286
SOL-USD_2020-09-24,SOL-USD,2020-09-24,2.838120937347412,3.25156307220459,2.795646905899048,3.1327149868011475,18993326.0,1.983981341542207,4.14474948751446,3.064365414528333,0.1043297145010166,0.1214220445579774,-0.1214220445579774
SOL-USD_2020-09-25,SOL-USD,2020-09-25,3.1455440521240234,3.265165090560913,2.911772012710572,3.1886119842529297,15935143.0,2.203521140466257,3.990979371825128,3.097250256145693,0.0178429884899484,0.1210332899301009,-0.1210332899301009
SOL-USD_2020-09-26,SOL-USD,2020-09-26,3.1880300045013428,3.2039060592651367,3.041266918182373,3.1347029209136963,11018475.0,1.503310419778059,4.1134490246626285,2.8083797222203435,-0.0169067492706749,0.1174113960067441,-0.1174113960067441
SOL-USD_2020-09-27,SOL-USD,2020-09-27,3.133837938308716,3.17349910736084,3.0105509757995605,3.152946949005127,9734368.0,1.0145210324490024,4.742518249581695,2.878519641015349,0.0058200182127985,0.113707632411763,-0.113707632411763
SOL-USD_2020-09-28,SOL-USD,2020-09-28,3.152704954147339,3.204190969467163,2.935954093933105,2.9566779136657715,10950201.0,0.6623288570991965,3.920767866701426,2.291548361900311,-0.0622493935082814,0.1131002134682254,-0.1131002134682254
SOL-USD_2020-09-29,SOL-USD,2020-09-29,2.9583609104156494,3.01009488105774,2.901789903640747,2.9464330673217773,8821253.0,0.6515259852788744,4.139363694632061,2.3954448399554678,-0.0034649855828537,0.113113385791667,-0.113113385791667
SOL-USD_2020-09-30,SOL-USD,2020-09-30,2.9490740299224854,2.979347944259644,2.835669994354248,2.897876024246216,7767702.0,0.7475096932326226,3.903467979037593,2.325488836135108,-0.0164799409883417,0.1126670261019827,-0.1126670261019827
SOL-USD_2020-10-01,SOL-USD,2020-10-01,2.8981618881225586,2.9858338832855225,2.657397985458374,2.861027956008911,10825966.0,0.6961204774881744,3.974359707756879,2.3352400926225263,-0.0127155433596886,0.1127196533655488,-0.1127196533655488
SOL-USD_2020-10-02,SOL-USD,2020-10-02,2.864197015762329,2.8766350746154785,2.4577910900115967,2.62608289718628,15856539.0,0.7072685693099345,3.532300322673529,2.119784445991732,-0.0821191062915637,0.1126343228411067,-0.1126343228411067
SOL-USD_2020-10-03,SOL-USD,2020-10-03,2.6273350715637207,2.669495105743408,2.547302961349488,2.547302961349488,6155891.0,0.6686009742363295,3.3326415500433466,2.000621262139838,-0.0299990285612083,0.1127404075674106,-0.1127404075674106
SOL-USD_2020-10-04,SOL-USD,2020-10-04,2.5430119037628174,2.588036060333252,2.428889036178589,2.5159950256347656,7075729.0,0.4436427435489662,3.413856102370479,1.9287494229597224,-0.0122906211745369,0.1115928245527944,-0.1115928245527944
SOL-USD_2020-10-05,SOL-USD,2020-10-05,2.519134998321533,2.662623882293701,2.467319965362549,2.657644033432007,8105684.0,0.4743303148512006,3.602021022715192,2.038175668783196,0.0562993989868896,0.1116993582513025,-0.1116993582513025
SOL-USD_2020-10-06,SOL-USD,2020-10-06,2.6552000045776367,2.6552000045776367,2.1476919651031494,2.1762499809265137,9739071.0,0.1627509180312456,2.854027635188156,1.508389276609701,-0.1811356398561151,0.1142562112463471,-0.1142562112463471
SOL-USD_2020-10-07,SOL-USD,2020-10-07,2.175808906555176,2.391937017440796,2.0957601070404053,2.2917959690093994,11759752.0,0.3062015872558605,2.906774598762613,1.606488093009237,0.0530940788492015,0.1140256470705941,-0.1140256470705941
SOL-USD_2020-10-08,SOL-USD,2020-10-08,2.299982070922852,2.430609941482544,2.0285260677337646,2.365220069885254,14931922.0,0.0720068328677014,3.0272844207013287,1.5496456267845151,0.0320377999912404,0.109593744935605,-0.109593744935605
SOL-USD_2020-10-09,SOL-USD,2020-10-09,2.3677420616149902,2.62526798248291,2.317090034484864,2.5398590564727783,12002959.0,0.2176305142434298,2.841548672327029,1.5295895932852297,0.0738362526223603,0.1096294505220925,-0.1096294505220925
SOL-USD_2020-10-10,SOL-USD,2020-10-10,2.536932945251465,2.59409499168396,2.403172016143799,2.406090021133423,8842884.0,-0.0273020061907628,2.865558681667792,1.4191283377385149,-0.0526678970624168,0.107512221244119,-0.107512221244119
SOL-USD_2020-10-11,SOL-USD,2020-10-11,2.407366991043091,2.457566022872925,2.344921112060547,2.4265780448913574,7170647.0,-0.0895420035252517,2.935557402598608,1.423007699536678,0.0085150695019646,0.1071125788244652,-0.1071125788244652
SOL-USD_2020-10-12,SOL-USD,2020-10-12,2.426115036010742,2.698638916015625,2.4158620834350586,2.587071895599365,12289969.0,-0.1739326713811501,2.871048136568408,1.348557732593629,0.066139991271203,0.1051663362650887,-0.1051663362650887
SOL-USD_2020-10-13,SOL-USD,2020-10-13,2.5848910808563232,2.5848910808563232,2.3481709957122803,2.404910087585449,11415737.0,-0.2719936510612648,2.654867338403517,1.1914368436711262,-0.0704123485411343,0.1053381652592062,-0.1053381652592062
SOL-USD_2020-10-14,SOL-USD,2020-10-14,2.408195972442627,2.4366140365600586,2.246257066726685,2.3146350383758545,9436239.0,-0.3859979096203633,2.58932156202292,1.1016618262012785,-0.0375378063718929,0.1038756912801337,-0.1038756912801337
SOL-USD_2020-10-15,SOL-USD,2020-10-15,2.3148000240325928,2.3357961177825928,2.203418016433716,2.2664361000061035,8332483.0,-0.3965778417289569,2.950270694580696,1.2768464264258694,-0.0208235586045442,0.1039008058723956,-0.1039008058723956
SOL-USD_2020-10-16,SOL-USD,2020-10-16,2.265199899673462,2.2656710147857666,2.1279211044311523,2.149385929107666,13637728.0,-0.3695684128892217,2.6192932019252733,1.1248623945180258,-0.0516450346418865,0.1034626074515924,-0.1034626074515924
SOL-USD_2020-10-17,SOL-USD,2020-10-17,2.1456360816955566,2.23830509185791,2.13240909576416,2.201843023300171,6612612.0,-0.3084218549261319,2.615844300048706,1.153711222561287,0.0244056190571055,0.1031898535452722,-0.1031898535452722
SOL-USD_2020-10-18,SOL-USD,2020-10-18,2.202749967575073,2.2488460540771484,2.1783270835876465,2.2142670154571533,6294162.0,-0.3459852492081593,2.771680604066108,1.2128476774289745,0.0056425421910237,0.1028656784457409,-0.1028656784457409
SOL-USD_2020-10-19,SOL-USD,2020-10-19,2.213371992111206,2.2135119438171387,2.053210973739624,2.058079957962036,8248860.0,-0.3358049980210061,2.6066232882593146,1.135409145119154,-0.0705366861380406,0.1026958068193431,-0.1026958068193431
SOL-USD_2020-10-20,SOL-USD,2020-10-20,2.058101892471313,2.097861051559448,1.8541539907455444,1.8886719942092896,13129043.0,-0.4328271591785512,2.2253234442840157,0.896248142552732,-0.0823135967567065,0.1027208355339062,-0.1027208355339062
SOL-USD_2020-10-21,SOL-USD,2020-10-21,1.8886120319366453,2.0662059783935547,1.8612350225448608,1.8903779983520508,19275509.0,-0.3479298708931047,2.2505185256397184,0.9512943273733068,0.0009032823846553,0.1014601314191966,-0.1014601314191966
SOL-USD_2020-10-22,SOL-USD,2020-10-22,1.8903720378875728,2.0824339389801025,1.8898169994354248,1.9556529521942136,11445663.0,-0.3904332250556184,2.149422729869216,0.8794947524067989,0.034530106623684,0.1006177531706581,-0.1006177531706581
SOL-USD_2020-10-23,SOL-USD,2020-10-23,1.9570679664611816,1.984771013259888,1.853309988975525,1.960034966468811,11497445.0,-0.3341521392301289,1.864157936296825,0.7650028985333481,0.0022406911562098,0.1001050408277118,-0.1001050408277118
SOL-USD_2020-10-24,SOL-USD,2020-10-24,1.960034966468811,1.961650013923645,1.8823440074920648,1.91182804107666,7581827.0,-0.3671300154042686,1.9705637283616408,0.8017168564786861,-0.024594931323598,0.1000804131948222,-0.1000804131948222
SOL-USD_2020-10-25,SOL-USD,2020-10-25,1.91182804107666,1.922942042350769,1.7686439752578735,1.7874590158462524,9092334.0,-0.4620026815380753,1.6553690836003438,0.5966832010311343,-0.0650524119106278,0.0995132646968752,-0.0995132646968752
SOL-USD_2020-10-26,SOL-USD,2020-10-26,1.7874590158462524,1.862990021705628,1.6293649673461914,1.6854660511016846,13396736.0,-0.4961216368940365,1.3188700204338255,0.4113741917698946,-0.0570603095457719,0.0997140342403563,-0.0997140342403563
SOL-USD_2020-10-27,SOL-USD,2020-10-27,1.6854660511016846,1.7454030513763428,1.605286955833435,1.7102320194244385,14384427.0,-0.4761682554545048,1.414569008550858,0.4692003765481766,0.0146938399065148,0.0997220610928421,-0.0997220610928421
SOL-USD_2020-10-28,SOL-USD,2020-10-28,1.7102320194244385,1.719027042388916,1.3945720195770264,1.4900530576705933,17089719.0,-0.5812546156069593,1.0217980076844515,0.2202716960387462,-0.1287421585218269,0.1001481582702693,-0.1001481582702693
SOL-USD_2020-10-29,SOL-USD,2020-10-29,1.4900530576705933,1.5668920278549194,1.4124259948730469,1.428936004638672,8024138.0,-0.5852217382190228,1.0035726314434696,0.2091754466122234,-0.0410166958265671,0.1001884455565693,-0.1001884455565693
SOL-USD_2020-10-30,SOL-USD,2020-10-30,1.428936004638672,1.4673190116882324,1.3422130346298218,1.4413360357284546,8528336.0,-0.6406894037813488,0.94474492520025,0.1520277607094506,0.0086778071582835,0.097726778964829,-0.097726778964829
SOL-USD_2020-10-31,SOL-USD,2020-10-31,1.4413360357284546,1.54932701587677,1.429893970489502,1.5406999588012695,6449388.0,-0.6117978966131458,1.15920996038124,0.2737060318840471,0.0689387627935051,0.098253530085345,-0.098253530085345
SOL-USD_2020-11-01,SOL-USD,2020-11-01,1.5406999588012695,1.6379029750823977,1.5135430097579956,1.5998400449752808,6877557.0,-0.6393363625955983,1.003569284358337,0.1821164608813693,0.0383852065654786,0.0970870515991697,-0.0970870515991697
SOL-USD_2020-11-02,SOL-USD,2020-11-02,1.5998400449752808,1.63018000125885,1.4676949977874756,1.474071979522705,6366346.0,-0.6917486723323525,0.7292099843341453,0.0187306560008964,-0.0786128999880853,0.0967571232042862,-0.0967571232042862
SOL-USD_2020-11-03,SOL-USD,2020-11-03,1.474071979522705,1.4805010557174685,1.4121860265731812,1.4122339487075806,6536977.0,-0.6749387012120367,0.641953008537848,-0.0164928463370943,-0.0419504825233482,0.0963189408081594,-0.0963189408081594
SOL-USD_2020-11-04,SOL-USD,2020-11-04,1.4122339487075806,1.4128979444503784,1.2818679809570312,1.3922549486160278,11406316.0,-0.6656827290130418,0.6720930690368925,0.0032051700119253,-0.0141470895171701,0.0962521034386109,-0.0962521034386109
SOL-USD_2020-11-05,SOL-USD,2020-11-05,1.3922549486160278,1.4861700534820557,1.3038250207901,1.4052180051803589,8924132.0,-0.6016210427817029,0.8010558214220533,0.0997173893201752,0.0093108353302797,0.0946015078336002,-0.0946015078336002
SOL-USD_2020-11-06,SOL-USD,2020-11-06,1.4052180051803589,1.9407069683074951,1.4000109434127808,1.9137400388717647,22547497.0,-0.4602788449112025,1.491547330834483,0.5156342429616403,0.3618812396487456,0.1055846669334402,-0.1055846669334402
SOL-USD_2020-11-07,SOL-USD,2020-11-07,1.9137400388717647,2.4813690185546875,1.8448309898376465,2.031964063644409,51426100.0,-0.2178484018050284,1.6038402226623396,0.6929959104286556,0.0617764285489594,0.1003964993487273,-0.1003964993487273
SOL-USD_2020-11-08,SOL-USD,2020-11-08,2.031964063644409,2.264779090881348,1.9744019508361816,2.1565980911254883,25931043.0,-0.3011768875945414,2.1179852529205814,0.90840418266302,0.0613367281985997,0.097819615894936,-0.097819615894936
SOL-USD_2020-11-09,SOL-USD,2020-11-09,2.1565980911254883,2.1893129348754883,1.958752989768982,2.0286519527435303,18210626.0,-0.3072793212352838,1.86570009830151,0.7792103885331131,-0.0593277620473017,0.0978928412553329,-0.0978928412553329
SOL-USD_2020-11-10,SOL-USD,2020-11-10,2.0286519527435303,2.307987928390503,2.0123209953308105,2.247987031936645,16170833.0,-0.0895066842802571,1.985184242992883,0.947838779356313,0.1081186345920441,0.0968008552936941,-0.0968008552936941
SOL-USD_2020-11-11,SOL-USD,2020-11-11,2.247987031936645,2.284141063690185,1.974164962768555,2.002125024795532,13877949.0,-0.4494178005287806,1.5129815108165658,0.5317818551438926,-0.1093698511816159,0.0769343178780571,-0.0769343178780571
SOL-USD_2020-11-12,SOL-USD,2020-11-12,2.002125024795532,2.050297975540161,1.8317279815673828,1.8991379737854004,11506048.0,-0.4526722722172753,1.2252403086482475,0.3862840182154862,-0.05143887106683,0.076983848371165,-0.076983848371165
SOL-USD_2020-11-13,SOL-USD,2020-11-13,1.8991379737854004,2.0611159801483154,1.8991379737854004,2.020792007446289,11621744.0,-0.4104057026887433,1.2119970955816313,0.4007956964464439,0.06405750152971,0.0774947538688138,-0.0774947538688138
SOL-USD_2020-11-14,SOL-USD,2020-11-14,2.020792007446289,2.033490896224976,1.8752789497375488,1.9170160293579104,8134593.0,-0.4247789896101704,1.073292468962523,0.3242567396761762,-0.0513541115097353,0.0776611439756046,-0.0776611439756046
SOL-USD_2020-11-15,SOL-USD,2020-11-15,1.9170160293579104,2.209059000015259,1.916847944259644,2.04323410987854,18621333.0,-0.3666037971939555,1.0096409449734731,0.3215185738897589,0.0658409103459116,0.0781080547511152,-0.0781080547511152
SOL-USD_2020-11-16,SOL-USD,2020-11-16,2.04323410987854,2.36021089553833,1.994853019714356,2.255354881286621,22156135.0,-0.3101061295074336,0.9182525967344676,0.304073233613517,0.1038161855181101,0.0792619760896823,-0.0792619760896823
SOL-USD_2020-11-17,SOL-USD,2020-11-17,2.2810800075531006,2.318186044692993,2.1325900554656982,2.202181100845337,17074175.0,-0.2507347962497385,0.9181509313240472,0.3337080675371544,-0.0235766800526531,0.0783126223983135,-0.0783126223983135
SOL-USD_2020-11-18,SOL-USD,2020-11-18,2.202181100845337,2.2059218883514404,2.012692928314209,2.1150290966033936,14629648.0,-0.1690775640006717,0.6400685454484276,0.2354954907238779,-0.0395753120433596,0.076626501481892,-0.076626501481892
SOL-USD_2020-11-19,SOL-USD,2020-11-19,2.1150290966033936,2.175021886825561,2.0181660652160645,2.0767691135406494,10155987.0,-0.2818604615117369,1.3804121176479187,0.5492758280680909,-0.0180895776441976,0.0746385315891328,-0.0746385315891328
SOL-USD_2020-11-20,SOL-USD,2020-11-20,2.0767691135406494,2.230391025543213,2.056972026824951,2.0953919887542725,11113990.0,-0.3257939288773207,1.1428846860813917,0.4085453786020355,0.0089672342930182,0.073996085233364,-0.073996085233364
SOL-USD_2020-11-21,SOL-USD,2020-11-21,2.0953919887542725,2.4988279342651367,2.0485239028930664,2.382205009460449,20288343.0,-0.2135058866868858,1.4645632874814725,0.6255287003972934,0.1368779790346956,0.0760251492843712,-0.0760251492843712
SOL-USD_2020-11-22,SOL-USD,2020-11-22,2.382205009460449,2.4038209915161133,2.0539379119873047,2.1448450088500977,16416065.0,-0.2529023106870939,1.330469207288127,0.5387834483005165,-0.0996387798983395,0.076770852294275,-0.076770852294275
SOL-USD_2020-11-23,SOL-USD,2020-11-23,2.1448450088500977,2.3515989780426025,2.1203150749206543,2.276376962661743,15487339.0,-0.1818977439978052,1.6072678985661049,0.7126850772841498,0.0613246893220331,0.0770879268790385,-0.0770879268790385
SOL-USD_2020-11-24,SOL-USD,2020-11-24,2.2772409915924072,2.466383934020996,2.1437950134277344,2.267966985702514,25036626.0,-0.2221052284677862,1.3209638818784164,0.5494293267053151,-0.0036944570680399,0.0768409887727917,-0.0768409887727917
SOL-USD_2020-11-25,SOL-USD,2020-11-25,2.2694849967956543,2.4775869846343994,2.182776927947998,2.270034074783325,24870951.0,-0.1997784374655673,1.1741808498479802,0.4872012061912064,0.0009114282058964,0.0767704009591394,-0.0767704009591394
SOL-USD_2020-11-26,SOL-USD,2020-11-26,2.2665340900421143,2.2917020320892334,1.7414929866790771,1.9030369520187376,33038223.0,-0.3925278999089696,0.8126854121790947,0.2100787561350625,-0.16167031448619,0.078197066106875,-0.078197066106875
SOL-USD_2020-11-27,SOL-USD,2020-11-27,1.9033349752426147,1.970653057098389,1.7803629636764526,1.8579490184783936,13307808.0,-0.4173173068238033,0.8666363257737599,0.2246595094749783,-0.0236926211509003,0.078176326435991,-0.078176326435991
SOL-USD_2020-11-28,SOL-USD,2020-11-28,1.8598250150680544,1.939715027809143,1.8107099533081048,1.8889349699020384,11661883.0,-0.3974118066181992,0.5084653033278981,0.0555267483548494,0.0166775035888882,0.0782129984462406,-0.0782129984462406
SOL-USD_2020-11-29,SOL-USD,2020-11-29,1.88791298866272,1.9438849687576287,1.8572269678115845,1.915155053138733,6139511.0,-0.3925825317983747,0.223655265169097,-0.0844636333146388,0.0138808819014315,0.0782378100114734,-0.0782378100114734
SOL-USD_2020-11-30,SOL-USD,2020-11-30,1.915142059326172,2.013591051101685,1.911929965019226,1.966891050338745,8716571.0,-0.3347631673887201,0.1058423836549982,-0.1144603918668609,0.0270139992661284,0.0779924541516154,-0.0779924541516154
SOL-USD_2020-12-01,SOL-USD,2020-12-01,1.9683209657669067,2.130341053009033,1.932263970375061,1.976307988166809,12847022.0,-0.3292540699174219,0.1077543330514247,-0.1107498684329985,0.0047877272238552,0.0779996098162516,-0.0779996098162516
SOL-USD_2020-12-02,SOL-USD,2020-12-02,1.9772659540176392,2.187437057495117,1.9566999673843384,2.115401029586792,15849828.0,-0.2700167253921631,0.2756528482748863,0.0028180614413615,0.0703802455147708,0.0785317261601259,-0.0785317261601259
SOL-USD_2020-12-03,SOL-USD,2020-12-03,2.117116928100586,2.221309900283813,2.0850300788879395,2.1003708839416504,18106122.0,-0.2658684513968767,0.2451755527558623,-0.0103464493205072,-0.0071051046278811,0.0785226600045368,-0.0785226600045368
SOL-USD_2020-12-04,SOL-USD,2020-12-04,2.098602056503296,2.1120710372924805,1.847344994544983,1.8559529781341555,9019864.0,-0.2932618463329095,0.2065918364879582,-0.0433350049224756,-0.1163689268767662,0.0792019451409517,-0.0792019451409517
SOL-USD_2020-12-05,SOL-USD,2020-12-05,1.855967998504639,1.9807219505310056,1.8254940509796145,1.9787739515304563,7750781.0,-0.2231886110311124,0.2961882404313618,0.0364998147001247,0.0661767700169733,0.079590111910812,-0.079590111910812
SOL-USD_2020-12-06,SOL-USD,2020-12-06,1.978657960891724,1.9838980436325075,1.8158539533615112,1.8542490005493164,7167230.0,-0.2630156333152907,0.0639421330734109,-0.0995367501209399,-0.0629303568933822,0.0799606719403088,-0.0799606719403088
SOL-USD_2020-12-07,SOL-USD,2020-12-07,1.853451013565064,1.8956880569458008,1.8094849586486816,1.8311729431152344,6425070.0,-0.3109788519155031,0.0158447661945519,-0.1475670428604755,-0.0124449615058418,0.0796231136972423,-0.0796231136972423
SOL-USD_2020-12-08,SOL-USD,2020-12-08,1.8312220573425293,1.8315809965133667,1.6451059579849243,1.6653519868850708,11304051.0,-0.2347607115538876,-0.1102173148457056,-0.1724890131997966,-0.0905545032508317,0.077131757091084,-0.077131757091084
SOL-USD_2020-12-09,SOL-USD,2020-12-09,1.6646219491958618,1.6742769479751587,1.5036760568618774,1.6623040437698364,10461119.0,-0.2746718877909769,-0.052575268551277,-0.163623578171127,-0.0018302095528377,0.0768147987032416,-0.0768147987032416
SOL-USD_2020-12-10,SOL-USD,2020-12-10,1.6624139547348022,1.6651350259780884,1.545240044593811,1.5741510391235352,6167983.0,-0.3344589540879791,-0.2865354512283968,-0.310497202658188,-0.0530306143311692,0.0769482363643824,-0.0769482363643824
SOL-USD_2020-12-11,SOL-USD,2020-12-11,1.5723659992218018,1.5767090320587158,1.4406019449234009,1.4445849657058716,8273918.0,-0.431234200959153,-0.3074534076298182,-0.3693438042944856,-0.0823085397763382,0.0769253971587207,-0.0769253971587207
SOL-USD_2020-12-12,SOL-USD,2020-12-12,1.4415899515151978,1.5374289751052856,1.4407060146331787,1.4909119606018066,7085231.0,-0.3803590275065887,-0.3972764691736541,-0.3888177483401214,0.032069415088574,0.0768400923382669,-0.0768400923382669
SOL-USD_2020-12-13,SOL-USD,2020-12-13,1.4907150268554688,1.642915964126587,1.458117961883545,1.5654560327529907,8389349.0,-0.3548709319081146,-0.4126370811974406,-0.3837540065527776,0.049998976546606,0.0771334658593214,-0.0771334658593214
SOL-USD_2020-12-14,SOL-USD,2020-12-14,1.5679680109024048,1.6228690147399902,1.5236979722976685,1.5916459560394287,8672052.0,-0.3847693375870866,-0.4917780502161591,-0.4382736939016229,0.0167299002581251,0.076656758623957,-0.076656758623957
SOL-USD_2020-12-15,SOL-USD,2020-12-15,1.5910300016403198,1.799412965774536,1.5892629623413086,1.7606710195541382,19470080.0,-0.2678848874047231,-0.4670155498766415,-0.3674502186406823,0.1061951389838622,0.0774494889352338,-0.0774494889352338
SOL-USD_2020-12-16,SOL-USD,2020-12-16,1.76009202003479,1.7875839471817017,1.610018014907837,1.7835979461669922,18277631.0,-0.2294258418301156,-0.5268658560911621,-0.3781458489606388,0.0130216981811059,0.0773387619527571,-0.0773387619527571
SOL-USD_2020-12-17,SOL-USD,2020-12-17,1.783892035484314,1.8031200170516968,1.6552170515060425,1.6786340475082395,15461477.0,-0.2593508162424174,-0.5530758710153131,-0.4062133436288652,-0.0588495287765515,0.0776410045525061,-0.0776410045525061
SOL-USD_2020-12-18,SOL-USD,2020-12-18,1.6790239810943604,1.706326961517334,1.6369869709014893,1.698799967765808,7879397.0,-0.2096347404344096,-0.5017287750148427,-0.3556817577246262,0.01201329157329,0.0773977003355529,-0.0773977003355529
SOL-USD_2020-12-19,SOL-USD,2020-12-19,1.699267029762268,1.7642539739608765,1.6642630100250244,1.6686509847640991,9095045.0,-0.2421571533001075,-0.4758924498217886,-0.359024801560948,-0.017747223671872,0.0773572386161059,-0.0773572386161059
SOL-USD_2020-12-20,SOL-USD,2020-12-20,1.670714020729065,1.6844300031661987,1.5277140140533447,1.5635759830474854,9093229.0,-0.2938629478140546,-0.538175951789724,-0.4160194498018893,-0.0629700294885022,0.0777355438507821,-0.0777355438507821
SOL-USD_2020-12-21,SOL-USD,2020-12-21,1.5637749433517456,1.61832594871521,1.4951510429382324,1.5419150590896606,8333991.0,-0.2507992446432914,-0.5023846028131873,-0.3765919237282393,-0.0138534514425109,0.0772643168606549,-0.0772643168606549
SOL-USD_2020-12-22,SOL-USD,2020-12-22,1.5396089553833008,1.574079990386963,1.4744850397109983,1.4902859926223757,11066565.0,-0.2109344570197335,-0.5524634543935633,-0.3816989557066484,-0.0334837293163,0.0766863707333283,-0.0766863707333283
SOL-USD_2020-12-23,SOL-USD,2020-12-23,1.4902199506759644,1.5105849504470823,1.0901609659194946,1.2056920528411863,16776307.0,-0.3621952573018433,-0.5841065790838228,-0.473150918192833,-0.1909659898771543,0.0803318971218374,-0.0803318971218374
SOL-USD_2020-12-24,SOL-USD,2020-12-24,1.207705020904541,1.3836679458618164,1.1730070114135742,1.3624080419540403,9236939.0,-0.3033487662392048,-0.5753445541754076,-0.4393466602073062,0.1299801128684197,0.0819553497317635,-0.0819553497317635
SOL-USD_2020-12-25,SOL-USD,2020-12-25,1.3614959716796875,1.4529240131378174,1.3472360372543335,1.445402979850769,9359549.0,-0.2625626559842452,-0.5089789220352942,-0.3857707890097697,0.060917827362273,0.082343230635752,-0.082343230635752
SOL-USD_2020-12-26,SOL-USD,2020-12-26,1.4460140466690063,1.4475170373916626,1.313423991203308,1.3242379426956177,6798656.0,-0.3073446386162097,-0.56163921211089,-0.4344919253635498,-0.0838278589737383,0.0829457104743345,-0.0829457104743345
SOL-USD_2020-12-27,SOL-USD,2020-12-27,1.3250739574432373,1.408745050430298,1.2682499885559082,1.3030420541763306,12286531.0,-0.2710087097804478,-0.6078046406797822,-0.439406675230115,-0.0160061027069959,0.0825791043523715,-0.0825791043523715
SOL-USD_2020-12-28,SOL-USD,2020-12-28,1.3039929866790771,1.5170379877090454,1.294348955154419,1.515684962272644,12668150.0,-0.1007324287060336,-0.5468785281821209,-0.3238054784440772,0.1631895973079147,0.0848327131184663,-0.0848327131184663
SOL-USD_2020-12-29,SOL-USD,2020-12-29,1.515462040901184,1.7275819778442385,1.4397200345993042,1.6743450164794922,26355259.0,-0.0209837042795069,-0.4871601858742655,-0.2540719450768862,0.1046787809842426,0.0858067848138056,-0.0858067848138056
SOL-USD_2020-12-30,SOL-USD,2020-12-30,1.669693946838379,1.6807910203933716,1.52983295917511,1.5354570150375366,12663616.0,0.0304713695483593,-0.5684948702524492,-0.2690117503520449,-0.0829506464169398,0.084860356751171,-0.084860356751171
SOL-USD_2020-12-31,SOL-USD,2020-12-31,1.535606026649475,1.5506099462509155,1.4302630424499512,1.5108979940414429,12763260.0,0.0573587544415581,-0.5614305737538313,-0.2520359096561366,-0.0159946001454774,0.084705316917979,-0.084705316917979
SOL-USD_2021-01-01,SOL-USD,2021-01-01,1.5097750425338743,1.8596559762954712,1.5020380020141602,1.842084050178528,25722549.0,0.2780392667054456,-0.5407869490892185,-0.1313738411918864,0.2191981572834103,0.0889294356520594,-0.0889294356520594
SOL-USD_2021-01-02,SOL-USD,2021-01-02,1.845585942268372,1.98929500579834,1.7214820384979248,1.799275040626526,31671064.0,0.1678296155900718,-0.5466460868304727,-0.1894082356202004,-0.0232394442304916,0.0886619325992993,-0.0886619325992993
SOL-USD_2021-01-03,SOL-USD,2021-01-03,1.7999019622802734,2.364980936050415,1.7999019622802734,2.1617519855499268,55073422.0,0.3512300759938336,-0.5126604458218379,-0.0807151849140021,0.2014572184568193,0.0919383247917622,-0.0919383247917622
SOL-USD_2021-01-04,SOL-USD,2021-01-04,2.16241192817688,2.4850969314575195,1.8763420581817627,2.4850969314575195,59955405.0,0.6858721731229012,-0.4803276643569236,0.1027722543829887,0.1495754129377322,0.0929313666989566,-0.0929313666989566
SOL-USD_2021-01-05,SOL-USD,2021-01-05,2.4909820556640625,2.5026159286499023,2.077742099761963,2.157217025756836,50555207.0,0.527521008633898,-0.5034620370075655,0.0120294858131662,-0.1319384775500006,0.0944584952663489,-0.0944584952663489
SOL-USD_2021-01-06,SOL-USD,2021-01-06,2.159626007080078,2.185892105102539,1.9075850248336792,1.929216980934143,50263975.0,0.3856779484618695,-0.5367439298034209,-0.0755329906707756,-0.1056917510386797,0.095548234071205,-0.095548234071205
SOL-USD_2021-01-07,SOL-USD,2021-01-07,1.9365860223770144,2.611830949783325,1.933043003082276,2.3727450370788574,159870278.0,0.6885245053306281,-0.3273273683288434,0.1805985685008923,0.2299005557840125,0.0995022964570614,-0.0995022964570614
SOL-USD_2021-01-08,SOL-USD,2021-01-08,2.3687400817871094,3.779320001602173,2.180928945541382,3.219887018203736,206412154.0,0.6825101386821604,-0.0919136845018514,0.2952982270901544,0.3570303458174397,0.0992294463700586,-0.0992294463700586
SOL-USD_2021-01-09,SOL-USD,2021-01-09,3.223541021347046,3.662787914276123,2.938307046890259,3.385381937026977,91906875.0,0.6660638825251459,0.3031145284119623,0.4845892054685541,0.0513977409417194,0.0991555720881837,-0.0991555720881837
SOL-USD_2021-01-10,SOL-USD,2021-01-10,3.390026092529297,3.733551025390625,3.196234941482544,3.466110944747925,62766977.0,0.607212284482282,0.1231570909381958,0.3651846877102389,0.0238463515262457,0.0989714823142885,-0.0989714823142885
SOL-USD_2021-01-11,SOL-USD,2021-01-11,3.46106505393982,3.51357102394104,2.5971240997314453,3.1080899238586426,82877500.0,0.5320961881387738,0.0613147113803256,0.2967054497595497,-0.1032918526257155,0.0996362520470972,-0.0996362520470972
SOL-USD_2021-01-12,SOL-USD,2021-01-12,3.1036880016326904,3.844415903091431,3.0800349712371826,3.61339807510376,73484689.0,0.6073927579514597,0.4635203618511267,0.5354565599012933,0.1625783563616414,0.1007189473322234,-0.1007189473322234
SOL-USD_2021-01-13,SOL-USD,2021-01-13,3.628382921218872,3.6288249492645264,3.27492094039917,3.513782024383545,57994893.0,0.7550262750161629,-0.0337137733718199,0.3606562508221715,-0.0275685237689607,0.0996466699551415,-0.0996466699551415
SOL-USD_2021-01-14,SOL-USD,2021-01-14,3.516036033630371,3.5428659915924072,3.181973934173584,3.2781639099121094,59283112.0,0.7261325691771654,-0.0552397830605052,0.3354463930583301,-0.0670554157418948,0.0998303255927327,-0.0998303255927327
SOL-USD_2021-01-15,SOL-USD,2021-01-15,3.2803990840911865,3.4359219074249268,2.9851911067962646,3.2501609325408936,45331739.0,0.6083599502395993,-0.0517201453149156,0.2783199024623418,-0.0085422749260779,0.0996544439845434,-0.0996544439845434
SOL-USD_2021-01-16,SOL-USD,2021-01-16,3.248934030532837,3.7032320499420166,3.248934030532837,3.4470551013946533,68035606.0,0.7981357738303407,0.0343254766407865,0.4162306252355636,0.0605798214120532,0.0995007814289101,-0.0995007814289101
SOL-USD_2021-01-17,SOL-USD,2021-01-17,3.4348700046539307,3.965372085571289,3.3197460174560547,3.81813907623291,85407766.0,0.8686743030439519,0.1836112078292708,0.5261427554366114,0.107652463892474,0.0999905360042476,-0.0999905360042476
SOL-USD_2021-01-18,SOL-USD,2021-01-18,3.822130918502808,4.14792013168335,3.655761003494263,3.7955150604248047,70601713.0,0.6828903920697227,0.1610157661997333,0.421953079134728,-0.0059254038044174,0.0993659005683704,-0.0993659005683704
SOL-USD_2021-01-19,SOL-USD,2021-01-19,3.7920429706573486,4.031448841094971,3.609023094177246,3.641865968704224,44547768.0,0.6537540746790738,0.2391003837172414,0.4464272291981576,-0.0404817499797731,0.099488738813767,-0.099488738813767
SOL-USD_2021-01-20,SOL-USD,2021-01-20,3.63557505607605,3.737003087997437,3.3440840244293213,3.723577976226807,46698656.0,0.7605327426495663,0.4628661551789561,0.6116994489142612,0.0224368519392974,0.0992704277127347,-0.0992704277127347
SOL-USD_2021-01-21,SOL-USD,2021-01-21,3.721669912338257,3.734325885772705,2.982696056365967,2.9905359745025635,43834765.0,0.4399944389600672,0.0341169418204478,0.2370556903902575,-0.1968649525817244,0.1026877028371542,-0.1026877028371542
SOL-USD_2021-01-22,SOL-USD,2021-01-22,2.989919900894165,3.497145891189575,2.5409860610961914,3.346229076385498,63361382.0,0.596946582951698,0.076671081484652,0.336808832218175,0.1189395830431698,0.1035872212871605,-0.1035872212871605
SOL-USD_2021-01-23,SOL-USD,2021-01-23,3.3410348892211914,3.597301959991455,3.315762042999268,3.5041120052337646,27904470.0,0.4709531678918845,0.156896007506244,0.3139245876990643,0.0471823432419657,0.1024607428624097,-0.1024607428624097
SOL-USD_2021-01-24,SOL-USD,2021-01-24,3.507110118865967,3.793049097061157,3.4894940853118896,3.634411096572876,32747555.0,0.694486586012744,0.265947012981836,0.48021679949729,0.037184625133128,0.1015214285418063,-0.1015214285418063
SOL-USD_2021-01-25,SOL-USD,2021-01-25,3.634644985198975,3.974356889724731,3.4513099193573,3.699980974197388,80055958.0,0.6253814877264616,0.329728261973222,0.4775548748498418,0.0180414036503306,0.101337270556457,-0.101337270556457
SOL-USD_2021-01-26,SOL-USD,2021-01-26,3.6989591121673584,4.096916198730469,3.682631969451904,4.04734992980957,78823456.0,0.7845718016728023,0.3882090739450956,0.586390437808949,0.0938839842784691,0.101828978893951,-0.101828978893951
SOL-USD_2021-01-27,SOL-USD,2021-01-27,4.048630237579346,4.048630237579346,3.531601905822754,3.690587043762207,35195110.0,0.625784865856903,0.3009881057008439,0.4633864857788734,-0.0881472796359243,0.1026304936969308,-0.1026304936969308
SOL-USD_2021-01-28,SOL-USD,2021-01-28,3.6863698959350586,3.943490982055664,3.6098809242248535,3.8220720291137695,31410527.0,1.0084066287096127,0.2200509925789746,0.6142288106442937,0.0356271194236692,0.1002048389819262,-0.1002048389819262
SOL-USD_2021-01-29,SOL-USD,2021-01-29,3.8615810871124254,3.89260196685791,3.639385938644409,3.8346760272979736,44053151.0,1.063929628402001,0.2026160744034248,0.6332728514027129,0.0032976872461314,0.1000906825149655,-0.1000906825149655
SOL-USD_2021-01-30,SOL-USD,2021-01-30,3.837682008743286,4.311975955963135,3.774104118347168,4.224276065826416,53378198.0,1.2363268895622648,0.3475841801924673,0.791955534877366,0.1015992057099453,0.1006663241517878,-0.1006663241517878
SOL-USD_2021-01-31,SOL-USD,2021-01-31,4.237314224243164,4.787010192871094,4.170497894287109,4.264143943786621,78376267.0,1.2265267435125673,0.352431237427613,0.7894789904700902,0.0094378012561082,0.1006705469277208,-0.1006705469277208
SOL-USD_2021-02-01,SOL-USD,2021-02-01,4.261250972747803,4.611601829528809,4.118255138397217,4.611601829528809,39361629.0,1.3446147811464098,0.5597241107034268,0.9521694459249184,0.0814836202348365,0.1009864927538323,-0.1009864927538323
SOL-USD_2021-02-02,SOL-USD,2021-02-02,4.613740921020508,5.403642177581787,4.480119228363037,5.267508029937744,98755962.0,1.6653275003071752,0.7877575731682094,1.2265425367376923,0.1422295819663062,0.1021649360313213,-0.1021649360313213
SOL-USD_2021-02-03,SOL-USD,2021-02-03,5.246592044830322,5.780780792236328,5.072738170623779,5.71599006652832,49386327.0,1.702083428429097,0.9724757093482428,1.33727956888867,0.0851412155504349,0.1022977759625979,-0.1022977759625979
SOL-USD_2021-02-04,SOL-USD,2021-02-04,5.731748104095459,6.53101110458374,5.603236198425293,6.426064968109131,108249482.0,2.059490596274925,1.2460685693800038,1.6527795828274645,0.1242260559091705,0.1030545300921551,-0.1030545300921551
SOL-USD_2021-02-05,SOL-USD,2021-02-05,6.435369968414307,7.127117156982422,6.426446914672852,6.681719779968262,92892157.0,2.600155746771986,1.5443674253875987,2.0722615860797924,0.0397840378408682,0.1015167410170478,-0.1015167410170478
SOL-USD_2021-02-06,SOL-USD,2021-02-06,6.687301158905029,6.799130916595459,5.713828086853027,6.110806941986084,102365494.0,2.0881783830132603,1.3989321390922238,1.743555261052742,-0.0854439959744749,0.1023284484148045,-0.1023284484148045
SOL-USD_2021-02-07,SOL-USD,2021-02-07,6.117644786834717,6.871513843536377,5.76859188079834,6.700462818145752,105451103.0,2.613572295932616,1.6631462899873095,2.138359292959963,0.0964939461772658,0.1021403998937711,-0.1021403998937711
SOL-USD_2021-02-08,SOL-USD,2021-02-08,6.702446937561035,8.055932998657227,6.488927841186523,7.8832502365112305,155254261.0,3.3050276961279588,1.9662551257216423,2.6356414109248005,0.1765232418217934,0.103769086472418,-0.103769086472418
SOL-USD_2021-02-09,SOL-USD,2021-02-09,7.869794845581055,8.46778392791748,7.570215225219727,7.816792964935303,121037873.0,3.693778268194275,2.5918635420768124,3.142820905135544,-0.0084301867354319,0.1027600124907647,-0.1027600124907647
SOL-USD_2021-02-10,SOL-USD,2021-02-10,7.818552017211914,9.072604179382324,7.613846778869629,9.072214126586914,120679902.0,4.457614183511581,2.9585609928916434,3.708087588201612,0.160605655961876,0.1039834510567064,-0.1039834510567064
SOL-USD_2021-02-11,SOL-USD,2021-02-11,9.08035659790039,9.707003593444824,8.761316299438477,9.215352058410645,53600048.0,4.854172712385732,2.8961922299508127,3.875182471168272,0.0157776183218882,0.10343150029096,-0.10343150029096
SOL-USD_2021-02-12,SOL-USD,2021-02-12,9.21479034423828,9.92445182800293,9.079011917114258,9.2470121383667,91484664.0,5.401154904618785,2.64075798410974,4.020956444364263,0.0034355800793479,0.1024424847884079,-0.1024424847884079
SOL-USD_2021-02-13,SOL-USD,2021-02-13,9.23603343963623,9.499038696289062,8.683009147644043,8.732455253601074,91417968.0,4.857123347562534,2.629313607097513,3.743218477330023,-0.0556457455733924,0.1030751183991549,-0.1030751183991549
SOL-USD_2021-02-14,SOL-USD,2021-02-14,8.742988586425781,9.22029972076416,8.559715270996094,8.738896369934082,93500423.0,4.582332679485077,2.6013250792950857,3.591828879390081,0.0007376065660744,0.1031345073547627,-0.1031345073547627
SOL-USD_2021-02-15,SOL-USD,2021-02-15,8.724266052246094,9.310638427734377,7.840470790863037,8.861739158630371,109854635.0,4.567657257573458,2.425393462664984,3.4965253601192208,0.014057014009106,0.1031417258453157,-0.1031417258453157
SOL-USD_2021-02-16,SOL-USD,2021-02-16,8.860748291015625,8.980367660522461,7.983557224273682,8.297866821289062,71625205.0,3.712900211983023,2.4503854693462546,3.081642840664639,-0.0636299858580421,0.1034072503958954,-0.1034072503958954
SOL-USD_2021-02-17,SOL-USD,2021-02-17,8.298688888549805,8.433298110961914,7.544398784637451,8.222577095031738,89948578.0,3.610106842016898,2.552429198860396,3.081268020438647,-0.0090733833018578,0.1035030010196065,-0.1035030010196065
SOL-USD_2021-02-18,SOL-USD,2021-02-18,8.232871055603027,9.2791748046875,8.232871055603027,8.980451583862305,77306770.0,4.349856686865649,2.9623669883470884,3.656111837606368,0.0921699462433123,0.1031698496427848,-0.1031698496427848
SOL-USD_2021-02-19,SOL-USD,2021-02-19,8.97996997833252,11.680577278137209,8.556981086730957,11.465653419494627,261175711.0,5.749266327438058,4.33438563276288,5.0418259801004695,0.2767346176775989,0.1076371108352107,-0.1076371108352107
SOL-USD_2021-02-20,SOL-USD,2021-02-20,11.478087425231934,11.786737442016602,9.8158540725708,10.002663612365724,140264810.0,4.994461216693449,3.5428595528910645,4.268660384792257,-0.1275975954969505,0.109400338808229,-0.109400338808229
SOL-USD_2021-02-21,SOL-USD,2021-02-21,9.987549781799316,11.640289306640623,9.887046813964844,11.0855131149292,137742366.0,6.089846118845466,4.006403038813503,5.048124578829485,0.1082561150236831,0.1090674542256952,-0.1090674542256952
SOL-USD_2021-02-22,SOL-USD,2021-02-22,11.073036193847656,14.54564094543457,9.255904197692873,14.454785346984863,574136241.0,8.374566557199914,6.023432345795916,7.198999451497915,0.303934711647958,0.1139108258480456,-0.1139108258480456
SOL-USD_2021-02-23,SOL-USD,2021-02-23,14.421626091003418,15.74337100982666,11.599893569946287,15.2015380859375,485252846.0,9.200416672499331,7.0487973203106495,8.124606996404992,0.051661281785025,0.1135026048277501,-0.1135026048277501
SOL-USD_2021-02-24,SOL-USD,2021-02-24,15.213842391967772,18.14662170410156,14.861799240112305,17.30270767211914,375439707.0,13.350851555623755,8.153041183934054,10.751946369778906,0.1382208546466341,0.1100565465229745,-0.1100565465229745
SOL-USD_2021-02-25,SOL-USD,2021-02-25,17.230182647705078,17.695444107055664,13.795912742614746,13.816014289855955,364505276.0,9.140878403829936,6.064655451446328,7.6027669276381316,-0.2015114309468163,0.1139670229741547,-0.1139670229741547
SOL-USD_2021-02-26,SOL-USD,2021-02-26,13.865891456604004,15.483704566955566,13.12014102935791,13.58794116973877,289687328.0,8.400797811515277,5.932499369752946,7.166648590634112,-0.0165078810235917,0.1141937098849676,-0.1141937098849676
SOL-USD_2021-02-27,SOL-USD,2021-02-27,13.601573944091797,14.612065315246582,13.057272911071776,13.201168060302734,247640940.0,8.968879183019366,5.904997613105622,7.436938398062495,-0.028464438034027,0.1134178303958267,-0.1134178303958267
SOL-USD_2021-02-28,SOL-USD,2021-02-28,13.20776653289795,13.77901554107666,11.489982604980469,13.08924674987793,300493226.0,9.045145287464884,6.32282342355188,7.683984355508382,-0.0084781369280013,0.1133584216800325,-0.1133584216800325
SOL-USD_2021-03-01,SOL-USD,2021-03-01,13.108434677124023,15.516057014465332,13.057385444641112,14.955588340759276,306451693.0,8.867214304438708,7.87326584298968,8.370240073714193,0.1425858665930299,0.1130362114820878,-0.1130362114820878
SOL-USD_2021-03-02,SOL-USD,2021-03-02,14.96684455871582,15.224124908447266,13.460748672485352,13.958921432495115,178549852.0,7.336944473872771,7.162004496438355,7.249474485155563,-0.0666417719955483,0.1135871382607899,-0.1135871382607899
SOL-USD_2021-03-03,SOL-USD,2021-03-03,13.963540077209473,14.729358673095703,13.767048835754396,14.115591049194336,153830742.0,8.193087732807198,8.473213706404055,8.333150719605626,0.0112236190637557,0.1125546172843658,-0.1125546172843658
SOL-USD_2021-03-04,SOL-USD,2021-03-04,14.094866752624512,14.260360717773438,12.771269798278809,13.097983360290527,116364466.0,7.669005725035902,8.166249095670697,7.917627410353299,-0.0720910435388314,0.1132385777066269,-0.1132385777066269
SOL-USD_2021-03-05,SOL-USD,2021-03-05,13.066306114196776,13.079861640930176,12.184608459472656,12.610443115234377,90978408.0,5.8457479527127,7.749134693535245,6.797441323123973,-0.0372225427109823,0.1113169434050431,-0.1113169434050431
SOL-USD_2021-03-06,SOL-USD,2021-03-06,12.569936752319336,13.27048110961914,11.901227951049805,13.036458015441896,118851546.0,6.245394795729767,7.4613866190954,6.853390707412583,0.0337827066277203,0.1110525247802963,-0.1110525247802963
SOL-USD_2021-03-07,SOL-USD,2021-03-07,13.043927192687988,13.996903419494627,12.726385116577148,13.877732276916504,117548176.0,5.419669032192958,7.674449874225351,6.547059453209155,0.0645324259456137,0.1091187820941728,-0.1091187820941728
SOL-USD_2021-03-08,SOL-USD,2021-03-08,13.826814651489258,13.87082576751709,13.08228874206543,13.602188110351562,115525659.0,4.473504046529817,8.227628161520215,6.350566104025016,-0.0198551291426242,0.1083475049103116,-0.1083475049103116
SOL-USD_2021-03-09,SOL-USD,2021-03-09,13.615290641784668,14.986444473266602,13.320186614990234,14.84631061553955,134867044.0,5.882159021682524,9.51264249037937,7.697400756030947,0.0914648801424222,0.1065081945656854,-0.1065081945656854
SOL-USD_2021-03-10,SOL-USD,2021-03-10,14.850929260253906,15.18793773651123,14.07906436920166,14.231083869934082,103150901.0,6.376611345730158,9.221607676151915,7.799109510941037,-0.041439705899829,0.1054280508155682,-0.1054280508155682
SOL-USD_2021-03-11,SOL-USD,2021-03-11,14.219837188720703,16.239398956298828,13.704225540161133,15.992279052734377,229272516.0,5.7399905185020845,10.380639156186856,8.060314837344471,0.1237569252557888,0.1031249905406287,-0.1031249905406287
SOL-USD_2021-03-12,SOL-USD,2021-03-12,16.020919799804688,16.485795974731445,14.111228942871094,14.552142143249512,185287457.0,3.5194573787771137,6.604032861134394,5.061745119955754,-0.0900520122701729,0.0957778366530711,-0.0957778366530711
SOL-USD_2021-03-13,SOL-USD,2021-03-13,14.563802719116213,15.394397735595703,13.920056343078612,15.308802604675291,145102757.0,3.5220311590955653,6.533992789822444,5.028011974459004,0.0519965001700304,0.0957801638714773,-0.0957801638714773
SOL-USD_2021-03-14,SOL-USD,2021-03-14,15.301581382751465,15.349831581115724,14.378764152526855,14.50826644897461,90232804.0,3.185747854077918,5.72738537081938,4.456566612448649,-0.0522925388989077,0.0963202232816607,-0.0963202232816607
SOL-USD_2021-03-15,SOL-USD,2021-03-15,14.477127075195312,14.790472984313965,13.698057174682615,14.18666172027588,102600692.0,3.5644309102432192,5.993147198606429,4.778789054424824,-0.0221669990573862,0.0950789394704592,-0.0950789394704592
SOL-USD_2021-03-16,SOL-USD,2021-03-16,14.163911819458008,14.282896041870115,13.229814529418944,13.622773170471191,112303590.0,2.7700726261885795,5.059987436286564,3.915030031237571,-0.0397477969745883,0.0938935890467245,-0.0938935890467245
SOL-USD_2021-03-17,SOL-USD,2021-03-17,13.634963989257812,14.266797065734863,13.130529403686523,14.220203399658203,94696339.0,3.046979380331079,6.102555146929673,4.574767263630376,0.0438552577886275,0.0936735611113117,-0.0936735611113117
SOL-USD_2021-03-18,SOL-USD,2021-03-18,14.21067714691162,14.745476722717283,13.82728385925293,14.230025291442873,79074263.0,3.3408522827110234,6.4928865031745415,4.916869392942783,0.000690699809885,0.0929670143525884,-0.0929670143525884
SOL-USD_2021-03-19,SOL-USD,2021-03-19,14.23264980316162,14.488219261169434,13.93245792388916,14.204795837402344,68715211.0,3.370489994874621,6.029321070679212,4.699905532776917,-0.0017729732395979,0.0929283569961234,-0.0929283569961234
SOL-USD_2021-03-20,SOL-USD,2021-03-20,14.195825576782228,14.97821807861328,14.152045249938965,14.211980819702148,68049683.0,3.122934041278332,6.413595192765468,4.7682646170219,0.0005058138379494,0.0928948374487898,-0.0928948374487898
SOL-USD_2021-03-21,SOL-USD,2021-03-21,14.218328475952148,14.36572265625,13.668253898620604,14.332205772399902,64229338.0,2.7537149606767293,6.014470687968243,4.384092824322486,0.0084594085949711,0.092342220505717,-0.092342220505717
SOL-USD_2021-03-22,SOL-USD,2021-03-22,14.3502779006958,16.599872589111328,14.202885627746582,14.919293403625488,260995136.0,2.9307691225326558,5.615053589754541,4.272911356143598,0.0409628246027673,0.0922756073799798,-0.0922756073799798
SOL-USD_2021-03-23,SOL-USD,2021-03-23,14.84861946105957,15.243708610534668,14.097057342529297,14.20483112335205,106780662.0,2.900426661886772,5.450346485082147,4.17538657348446,-0.0478884797653901,0.0923663788204598,-0.0923663788204598
SOL-USD_2021-03-24,SOL-USD,2021-03-24,14.190396308898926,15.371431350708008,13.661297798156738,13.661297798156738,118813690.0,2.6688630895814,5.459153597506503,4.064008343543951,-0.0382639765637037,0.0927190517785885,-0.0927190517785885
SOL-USD_2021-03-25,SOL-USD,2021-03-25,13.650586128234863,13.705249786376951,12.61472511291504,13.02508544921875,116277943.0,3.3554351327892995,5.271802370467893,4.313618751628596,-0.0465704180040515,0.0887694181972505,-0.0887694181972505
SOL-USD_2021-03-26,SOL-USD,2021-03-26,13.01952838897705,14.804293632507324,12.370457649230955,14.779420852661133,149987319.0,3.4167391159679497,6.05329643903412,4.735017777501035,0.1346889746161019,0.0890533016536701,-0.0890533016536701
SOL-USD_2021-03-27,SOL-USD,2021-03-27,14.786246299743652,16.80416488647461,14.75804615020752,16.50832176208496,223872587.0,3.7111284506397126,5.929849318814071,4.820488884726892,0.1169802881086865,0.0897327376832329,-0.0897327376832329
SOL-USD_2021-03-28,SOL-USD,2021-03-28,16.47942352294922,19.386005401611328,16.345008850097656,18.016233444213867,426120062.0,3.957125918199664,7.399783373565439,5.678454645882551,0.0913425182680993,0.0900742568238409,-0.0900742568238409
SOL-USD_2021-03-29,SOL-USD,2021-03-29,18.08330345153809,18.987842559814453,17.700363159179688,18.854808807373047,216748601.0,4.095920476040581,7.282814804682578,5.68936764036158,0.0465455427049041,0.0900871362411209,-0.0900871362411209
SOL-USD_2021-03-30,SOL-USD,2021-03-30,18.891403198242188,20.869474411010746,18.891403198242188,19.233924865722656,264028427.0,3.752226814899502,7.480689969023006,5.616458391961254,0.0201071282251008,0.0897220305080743,-0.0897220305080743
SOL-USD_2021-03-31,SOL-USD,2021-03-31,19.1016845703125,19.795801162719727,18.1562557220459,19.465229034423828,206011018.0,4.274290730338893,7.574862047514324,5.924576388926608,0.012025843415526,0.0884948559584795,-0.0884948559584795
SOL-USD_2021-04-01,SOL-USD,2021-04-01,19.41568183898925,20.36153984069824,18.84424591064453,19.084901809692383,173731886.0,3.993339127132472,9.028655402327926,6.510997264730198,-0.0195388003942231,0.0887151090809242,-0.0887151090809242
SOL-USD_2021-04-02,SOL-USD,2021-04-02,19.084630966186523,19.824573516845703,18.568418502807617,19.810222625732425,131061660.0,4.166074652645766,9.662414538132174,6.91424459538897,0.0380049540350102,0.0886572675439324,-0.0886572675439324
SOL-USD_2021-04-03,SOL-USD,2021-04-03,19.79645156860352,23.82718849182129,19.78944969177246,22.552276611328125,483057740.0,4.338731716369515,10.93914929347605,7.6389405049227825,0.1384161115904834,0.0892555521610346,-0.0892555521610346
SOL-USD_2021-04-04,SOL-USD,2021-04-04,22.52737045288086,25.56953239440918,22.212968826293945,24.061323165893555,426557980.0,4.642708943011608,11.563642367472877,8.103175655242243,0.0669132691378673,0.0893286885311549,-0.0893286885311549
SOL-USD_2021-04-05,SOL-USD,2021-04-05,23.9288387298584,24.777637481689453,22.80645179748535,22.984283447265625,264085329.0,3.984012995244659,10.685590538076418,7.334801766660538,-0.0447622814091376,0.0896069090781438,-0.0896069090781438
SOL-USD_2021-04-06,SOL-USD,2021-04-06,22.977840423583984,25.346525192260746,21.87661361694336,24.95714569091797,320886935.0,3.7379416507909777,11.62816617670397,7.683053913747474,0.0858352729672349,0.0887409506798565,-0.0887409506798565
SOL-USD_2021-04-07,SOL-USD,2021-04-07,25.14555931091309,27.48761558532715,23.089359283447266,26.47808074951172,676846221.0,3.6322824989780855,11.516813776290808,7.574548137634447,0.060941867208285,0.0885448078392062,-0.0885448078392062
SOL-USD_2021-04-08,SOL-USD,2021-04-08,26.51459312438965,27.97001075744629,25.72493553161621,27.03398704528809,377988327.0,3.206927128725068,11.871053989548214,7.538990559136641,0.0209949618718729,0.0876921447577554,-0.0876921447577554
SOL-USD_2021-04-09,SOL-USD,2021-04-09,26.985803604125977,29.01473426818848,26.90382575988769,27.77827453613281,282477938.0,3.157354012272684,13.967121938649075,8.562237975460882,0.0275315472186128,0.0876761661521986,-0.0876761661521986
SOL-USD_2021-04-10,SOL-USD,2021-04-10,27.64971160888672,28.257970809936523,25.96322631835937,26.84140396118164,270235258.0,3.392448365003963,12.564664089307175,7.97855622715557,-0.03372673755285,0.0868496278848015,-0.0868496278848015
SOL-USD_2021-04-11,SOL-USD,2021-04-11,26.80805015563965,28.687227249145508,25.578319549560547,27.9318904876709,232938762.0,3.16865091946001,14.06372147397472,8.616186196717365,0.0406270300937436,0.0864157741981365,-0.0864157741981365
SOL-USD_2021-04-12,SOL-USD,2021-04-12,27.91836738586425,29.862302780151367,26.842742919921875,28.51212310791016,308804546.0,2.6167979262990304,14.570415244015493,8.59360658515726,0.0207731238419173,0.0842526647097869,-0.0842526647097869
SOL-USD_2021-04-13,SOL-USD,2021-04-13,28.54101181030273,28.797941207885746,26.4176025390625,27.4355525970459,258183912.0,2.5098220868989043,15.474326636714355,8.99207436180663,-0.0377583425404608,0.0845149817703393,-0.0845149817703393
SOL-USD_2021-04-14,SOL-USD,2021-04-14,27.40000534057617,27.48269271850586,24.79202079772949,26.47511100769043,342565805.0,1.918263462290072,14.926756063017908,8.42250976265399,-0.0350071895201733,0.0829746790063798,-0.0829746790063798
SOL-USD_2021-04-15,SOL-USD,2021-04-15,26.436843872070312,28.249399185180664,25.53941535949707,27.81831359863281,221346739.0,2.018692440864878,16.67194691439625,9.345319677630563,0.0507345404728316,0.0830603642575928,-0.0830603642575928
SOL-USD_2021-04-16,SOL-USD,2021-04-16,27.8203239440918,28.226879119873047,24.97291755676269,25.39736557006836,240665351.0,1.7465483109611553,16.581081191481438,9.163814751221295,-0.0870271312450597,0.0841423486750695,-0.0841423486750695
SOL-USD_2021-04-17,SOL-USD,2021-04-17,25.36920547485352,26.819766998291016,25.09987449645996,25.09987449645996,201720376.0,1.8743204250728132,15.83524927006984,8.854784847571327,-0.0117134618859446,0.0836905177006075,-0.0836905177006075
SOL-USD_2021-04-18,SOL-USD,2021-04-18,25.135501861572266,32.90256881713867,21.539209365844727,32.30291748046875,1155150688.0,2.696452745635707,19.63482896013455,11.165640852885128,0.2869752589808643,0.09013935317635,-0.09013935317635
SOL-USD_2021-04-19,SOL-USD,2021-04-19,32.33952331542969,36.08025741577149,29.92590713500977,31.67589569091797,1219130981.0,2.574455885453262,18.901345252520017,10.73790056898664,-0.0194106860449956,0.0903016950463806,-0.0903016950463806
SOL-USD_2021-04-20,SOL-USD,2021-04-20,31.476289749145508,32.69721984863281,28.93257141113281,31.77005386352539,793008154.0,2.828701345509177,17.044287382869886,9.936494364189532,0.0029725496486723,0.089644447665186,-0.089644447665186
SOL-USD_2021-04-21,SOL-USD,2021-04-21,31.681537628173828,35.004302978515625,30.1674919128418,32.51304244995117,729130141.0,2.954118286053683,17.228907764680216,10.09151302536695,0.0233864440273672,0.0895372205098573,-0.0895372205098573
SOL-USD_2021-04-22,SOL-USD,2021-04-22,32.68342971801758,40.97186279296875,31.600690841674805,38.8797607421875,1638622971.0,3.3293770228719533,22.16154661577401,12.745461819322983,0.1958204404290036,0.0917032148204366,-0.0917032148204366
SOL-USD_2021-04-23,SOL-USD,2021-04-23,38.8991813659668,41.463260650634766,31.664270401000977,36.97842025756836,1612232268.0,2.2251472205408995,20.76737753662714,11.49626237858402,-0.0489030911796749,0.0864501048728395,-0.0864501048728395
SOL-USD_2021-04-24,SOL-USD,2021-04-24,37.25749588012695,43.532222747802734,34.683292388916016,40.7373161315918,1101380795.0,3.0726468179166364,23.41332339929127,13.242985108603952,0.1016510669693659,0.0848514136209886,-0.0848514136209886
SOL-USD_2021-04-25,SOL-USD,2021-04-25,40.8454704284668,48.43426513671875,40.51201629638672,47.36762619018555,1583800800.0,3.272930418204469,29.29441914160369,16.28367477990408,0.16275765534421,0.0859752359182193,-0.0859752359182193
SOL-USD_2021-04-26,SOL-USD,2021-04-26,47.54185485839844,48.31078338623047,43.371726989746094,43.97651672363281,1357487872.0,2.042350036197937,27.520712904637133,14.781531470417535,-0.0715912900709253,0.0791980330750898,-0.0791980330750898
SOL-USD_2021-04-27,SOL-USD,2021-04-27,43.89356994628906,46.54861068725586,42.55732727050781,43.2390022277832,904891996.0,1.8443833764283597,28.013895615899784,14.929139496164073,-0.0167706437616345,0.0792369677672653,-0.0792369677672653
SOL-USD_2021-04-28,SOL-USD,2021-04-28,43.16144180297852,46.91656494140625,40.67207336425781,44.825984954833984,1021154320.0,1.590691919685189,36.17863516575609,18.88466354272064,0.0367025751124077,0.0778070856702955,-0.0778070856702955
SOL-USD_2021-04-29,SOL-USD,2021-04-29,44.84994888305664,46.07149124145508,40.950984954833984,42.460540771484375,772259307.0,2.0732843699112204,30.165803095660785,16.119543732786003,-0.0527694859517977,0.0731537226486724,-0.0731537226486724
SOL-USD_2021-04-30,SOL-USD,2021-04-30,42.50004577636719,44.2701530456543,41.24350357055664,42.95600128173828,534976437.0,2.161332592269688,28.7190485148808,15.440190553575244,0.0116687282180505,0.0730101407254601,-0.0730101407254601
SOL-USD_2021-05-01,SOL-USD,2021-05-01,42.89333724975586,49.84457778930664,42.03086471557617,49.50802230834961,859524423.0,2.750275890905844,36.38604725943068,19.56816157516826,0.1525286532989458,0.0745807041470957,-0.0745807041470957
SOL-USD_2021-05-02,SOL-USD,2021-05-02,49.50080490112305,49.896671295166016,45.9818229675293,46.89098739624024,571072187.0,2.582405335637633,34.98578207506943,18.78409370535353,-0.0528608251771753,0.0750980219144697,-0.0750980219144697
SOL-USD_2021-05-03,SOL-USD,2021-05-03,46.90397644042969,49.00945281982422,45.04447555541992,45.93368911743164,609194252.0,2.07133949336156,29.30556498268471,15.688452238023135,-0.0204154003139067,0.0737087501527626,-0.0737087501527626
SOL-USD_2021-05-04,SOL-USD,2021-05-04,45.983360290527344,47.75715637207031,42.31310272216797,42.72955703735352,682976428.0,2.06109302527364,24.520162581065552,13.290627803169595,-0.0697556007723787,0.0737691280049745,-0.0737691280049745
SOL-USD_2021-05-05,SOL-USD,2021-05-05,42.637237548828125,45.92779159545898,42.31573486328125,44.92357635498047,503781975.0,2.182550146034766,28.25746270655597,15.220006426295368,0.0513466431610551,0.0738615468775037,-0.0738615468775037
SOL-USD_2021-05-06,SOL-USD,2021-05-06,44.97405242919922,44.97405242919922,42.591583251953125,43.4556770324707,391497018.0,2.317737993485037,27.761489659690916,15.039613826587974,-0.0326754778139346,0.0732239505289272,-0.0732239505289272
SOL-USD_2021-05-07,SOL-USD,2021-05-07,43.50265502929688,46.05956268310547,41.43837356567383,43.1550178527832,514344601.0,2.4221650625939266,22.427279471097304,12.424722266845617,-0.0069187549295997,0.0729296666635647,-0.0729296666635647
SOL-USD_2021-05-08,SOL-USD,2021-05-08,43.15206527709961,46.6390266418457,42.29801940917969,45.56153106689453,451056655.0,2.494931753159191,24.32216033577031,13.40854604446475,0.0557643892610768,0.0730386295048445,-0.0730386295048445
SOL-USD_2021-05-09,SOL-USD,2021-05-09,45.61763000488281,47.1212158203125,43.29694366455078,44.330196380615234,510603312.0,2.194340076321531,19.50660606625422,10.850473071287876,-0.0270257530299282,0.0731000195877073,-0.0731000195877073
SOL-USD_2021-05-10,SOL-USD,2021-05-10,44.34209442138672,45.87750244140625,39.5588493347168,42.90963363647461,499528076.0,2.154612573238819,16.26678468485651,9.210698629047664,-0.0320450361181303,0.0732261014598727,-0.0732261014598727
SOL-USD_2021-05-11,SOL-USD,2021-05-11,42.87227249145508,45.15120315551758,39.762969970703125,44.57746887207031,473731333.0,2.0025957307811764,19.664341297061103,10.83346851392114,0.0388685498861491,0.0727062496146785,-0.0727062496146785
SOL-USD_2021-05-12,SOL-USD,2021-05-12,44.59152603149414,48.979034423828125,42.45730972290039,42.45730972290039,1151668076.0,1.9834206664047331,21.007534736886985,11.49547770164586,-0.0475612277416291,0.072793770597685,-0.072793770597685
SOL-USD_2021-05-13,SOL-USD,2021-05-13,43.235084533691406,45.41709899902344,37.526893615722656,40.99785232543945,1016860656.0,1.5636028604959589,16.278658972947586,8.921130916721772,-0.0343747026598283,0.0718767616864837,-0.0718767616864837
SOL-USD_2021-05-14,SOL-USD,2021-05-14,41.03451919555664,44.79143524169922,39.98605346679688,42.717864990234375,504167711.0,1.9355035547155135,12.266883200785474,7.101193377750493,0.0419537260425624,0.0706058394260774,-0.0706058394260774
SOL-USD_2021-05-15,SOL-USD,2021-05-15,42.69994735717773,45.391788482666016,39.37460708618164,43.461307525634766,500445722.0,1.8389749772044048,11.83793330681094,6.838454142007673,0.0174035508462406,0.0704836385022092,-0.0704836385022092
SOL-USD_2021-05-16,SOL-USD,2021-05-16,43.40169143676758,52.50135040283203,41.91549682617188,47.200828552246094,1990976771.0,2.253374806580153,12.617806615154036,7.435590710867094,0.0860425339114716,0.0703823353087968,-0.0703823353087968
SOL-USD_2021-05-17,SOL-USD,2021-05-17,46.89802169799805,51.87602996826172,43.30291748046875,46.86320495605469,1951921366.0,2.303328568769409,14.077815025980582,8.190571797374997,-0.0071529167293683,0.070258534685064,-0.070258534685064
SOL-USD_2021-05-18,SOL-USD,2021-05-18,46.66041946411133,58.30292510986328,46.18755722045898,55.91096115112305,2025388219.0,3.1042275644958988,14.47323599255461,8.788731778525253,0.1930673799103746,0.0730570121644871,-0.0730570121644871
SOL-USD_2021-05-19,SOL-USD,2021-05-19,56.08925628662109,57.52577209472656,29.42985916137696,35.107181549072266,2772224999.0,1.468824148458812,8.991280422476246,5.230052285467529,-0.3720876760787523,0.0884980573155482,-0.0884980573155482
SOL-USD_2021-05-20,SOL-USD,2021-05-20,35.04304504394531,51.25844955444336,32.31814193725586,44.74274826049805,2487748626.0,2.1442493842511854,12.648722117039489,7.396485750645336,0.2744614146241657,0.0941503875617993,-0.0941503875617993
SOL-USD_2021-05-21,SOL-USD,2021-05-21,44.4472541809082,47.64559173583984,33.83739471435547,38.81285095214844,1769762028.0,1.7323765435579968,10.941824345850325,6.337100444704161,-0.1325331486976388,0.0961225685723678,-0.0961225685723678
SOL-USD_2021-05-22,SOL-USD,2021-05-22,38.988380432128906,40.009578704833984,31.25486183166504,31.315582275390625,1078751751.0,1.2034635898169563,8.084735043173685,4.644099316495321,-0.1931645960767232,0.0998074661700355,-0.0998074661700355
SOL-USD_2021-05-23,SOL-USD,2021-05-23,31.22576713562012,32.4362678527832,19.13983917236328,24.68874740600586,1925832341.0,0.7226062615951245,5.46617289550503,3.0943895785500777,-0.2116146144468298,0.1039032660115152,-0.1039032660115152
SOL-USD_2021-05-24,SOL-USD,2021-05-24,24.49831962585449,32.094451904296875,24.49831962585449,31.283571243286133,1346786023.0,1.096853409671802,7.242246637215237,4.169550023443519,0.2671186078754242,0.1086413603424607,-0.1086413603424607
SOL-USD_2021-05-25,SOL-USD,2021-05-25,31.39634704589844,33.130126953125,26.100074768066406,29.99707794189453,909470305.0,1.111751817491219,7.236733092230599,4.174242454860909,-0.0411236073844254,0.1085787184017407,-0.1085787184017407
SOL-USD_2021-05-26,SOL-USD,2021-05-26,30.047990798950195,37.23763656616211,29.008554458618164,35.539817810058594,1069991365.0,1.6014964562776628,8.54453432611393,5.073015391195796,0.1847759931450843,0.1103397693800087,-0.1103397693800087
SOL-USD_2021-05-27,SOL-USD,2021-05-27,35.48244857788086,35.52705001831055,31.12712860107422,33.584590911865234,649389058.0,1.578454555465481,10.23029155917497,5.9043730573202255,-0.0550151075237078,0.1104288186045415,-0.1104288186045415
SOL-USD_2021-05-28,SOL-USD,2021-05-28,33.6755256652832,34.50250625610352,28.0671443939209,29.039276123046875,600255582.0,0.964845335452922,7.678209249922089,4.321527292687506,-0.135339292973568,0.1111948605797397,-0.1111948605797397
SOL-USD_2021-05-29,SOL-USD,2021-05-29,29.003129959106445,30.0223388671875,25.750940322875977,27.376420974731445,376859866.0,0.6583406459648427,6.812655798057209,3.7354982220110258,-0.0572622795853962,0.1108348859256695,-0.1108348859256695
SOL-USD_2021-05-30,SOL-USD,2021-05-30,27.408315658569336,29.74925422668457,25.650293350219727,28.602659225463867,359661704.0,0.5876048295016936,6.869957048181805,3.728780938841749,0.0447917663110253,0.1104672484653556,-0.1104672484653556
SOL-USD_2021-05-31,SOL-USD,2021-05-31,28.60424041748047,32.98358917236328,27.52474594116211,32.816246032714844,534826504.0,0.740470898855377,7.869301291429871,4.304886095142624,0.1473145127534079,0.1116761164147393,-0.1116761164147393
SOL-USD_2021-06-01,SOL-USD,2021-06-01,32.7708854675293,33.2899169921875,29.880172729492188,30.985260009765625,432053117.0,0.6109691717152004,6.655690895801415,3.633330033758308,-0.0557951089568224,0.1120302804870565,-0.1120302804870565
SOL-USD_2021-06-02,SOL-USD,2021-06-02,30.935237884521484,35.03815460205078,30.43285751342773,33.95631790161133,497567418.0,0.7444602291378297,8.200790415986518,4.472625322562173,0.0958861694531307,0.1125047047160578,-0.1125047047160578
SOL-USD_2021-06-03,SOL-USD,2021-06-03,34.01871490478516,41.14537811279297,33.792232513427734,39.47090530395508,960056106.0,1.0681743976230225,9.327096141384668,5.197635269503845,0.1624023964648435,0.11392369271473,-0.11392369271473
SOL-USD_2021-06-04,SOL-USD,2021-06-04,39.581302642822266,39.60986328125,34.3109016418457,37.415069580078125,1056279506.0,0.8886748668577777,8.757035356763083,4.822855111810431,-0.0520848383903409,0.1142351986595039,-0.1142351986595039
SOL-USD_2021-06-05,SOL-USD,2021-06-05,37.41737747192383,42.82267379760742,37.0991096496582,39.58539962768555,1112426664.0,0.7552728848581787,8.370931021275775,4.563101953066977,0.0580068424826083,0.1132987218014216,-0.1132987218014216
SOL-USD_2021-06-06,SOL-USD,2021-06-06,39.74912643432617,43.37719345092773,38.96399688720703,42.30837631225586,794387364.0,0.7583561810194686,8.921892147638292,4.840124164328881,0.0687873991466767,0.1133127039667371,-0.1133127039667371
SOL-USD_2021-06-07,SOL-USD,2021-06-07,42.25367736816406,44.10055923461914,38.09083938598633,38.262332916259766,923157614.0,0.6647172405460273,7.29697236028923,3.980844800417629,-0.0956322068739857,0.1139283032275595,-0.1139283032275595
SOL-USD_2021-06-08,SOL-USD,2021-06-08,38.25127029418945,42.47829055786133,33.68545913696289,41.51781463623047,1786996802.0,0.6635642212618493,6.881870212682174,3.772717216972012,0.0850831998951968,0.113920762827011,-0.113920762827011
SOL-USD_2021-06-09,SOL-USD,2021-06-09,41.27979278564453,43.99756622314453,39.36863327026367,42.031776428222656,1218831041.0,0.5874177900525424,6.35336764742686,3.470392718739701,0.0123793074489926,0.1137665728712513,-0.1137665728712513
SOL-USD_2021-06-10,SOL-USD,2021-06-10,42.0240364074707,43.00490951538086,39.59678268432617,41.09867477416992,595246689.0,0.5202594683988075,5.395620800308094,2.957940134353451,-0.0221999100049027,0.1138530344187769,-0.1138530344187769
SOL-USD_2021-06-11,SOL-USD,2021-06-11,41.11015319824219,41.31248474121094,35.31117248535156,36.046085357666016,518666603.0,0.2976358668634651,4.394731677573769,2.346183772218617,-0.1229380130689616,0.1151183299537992,-0.1151183299537992
SOL-USD_2021-06-12,SOL-USD,2021-06-12,36.16435241699219,37.61422348022461,34.31815719604492,36.441688537597656,549070417.0,0.357667005433101,4.963482218234451,2.660574611833776,0.0109749276795603,0.1149771919395158,-0.1149771919395158
SOL-USD_2021-06-13,SOL-USD,2021-06-13,36.51470947265625,39.3599739074707,34.782989501953125,38.77043533325195,452988674.0,0.3880347751744615,4.786232441773487,2.5871336084739744,0.0639033724590363,0.1151096195002267,-0.1151096195002267
SOL-USD_2021-06-14,SOL-USD,2021-06-14,38.70452117919922,40.47652053833008,36.81413269042969,38.71305465698242,477871463.0,0.357775235132953,3.910798654809043,2.1342869449709982,-0.0014800111419001,0.1151159998492294,-0.1151159998492294
SOL-USD_2021-06-15,SOL-USD,2021-06-15,40.53583908081055,41.75867462158203,39.435813903808594,41.15364837646485,605285143.0,0.5000116447771508,4.2647740014443976,2.382392823110774,0.0630431708659351,0.1151206062695461,-0.1151206062695461
SOL-USD_2021-06-16,SOL-USD,2021-06-16,39.54534912109375,41.49630737304688,37.50349807739258,39.70361709594727,576016902.0,0.4996581915903679,3.376397706442175,1.9380279490162715,-0.0352345742776679,0.1151221429340344,-0.1151221429340344
SOL-USD_2021-06-17,SOL-USD,2021-06-17,39.68927001953125,41.237430572509766,38.28608322143555,39.264591217041016,417775600.0,0.4114655468896129,3.2607803769368857,1.8361229619132493,-0.0110575789063579,0.1150596528183166,-0.1150596528183166
SOL-USD_2021-06-18,SOL-USD,2021-06-18,39.26678466796875,39.427127838134766,35.0040168762207,36.64879608154297,424163369.0,0.4430156537469696,2.9633122064892468,1.7031639301181083,-0.0666196961287293,0.1148044313681732,-0.1148044313681732
SOL-USD_2021-06-19,SOL-USD,2021-06-19,36.81910705566406,37.35458755493164,34.98160552978516,35.35343551635742,264640750.0,0.4085104497770937,3.0485103547227954,1.7285104022499445,-0.0353452419638394,0.1149232199837774,-0.1149232199837774
SOL-USD_2021-06-20,SOL-USD,2021-06-20,35.23702621459961,35.92838668823242,31.36209487915039,35.32201385498047,452587531.0,0.0934620340821272,3.041930738131285,1.567696386106706,-0.0008887866459941,0.1094075919485124,-0.1094075919485124
SOL-USD_2021-06-21,SOL-USD,2021-06-21,35.261436462402344,35.497615814208984,25.949079513549805,26.657400131225582,760344541.0,-0.1584326330867188,2.0081454276685826,0.9248563972909318,-0.2453035027767297,0.1139129490621444,-0.1139129490621444
SOL-USD_2021-06-22,SOL-USD,2021-06-22,26.592830657958984,28.712968826293945,20.380443572998047,26.7718563079834,1258580061.0,-0.1573241763143603,2.2263540599732625,1.034514941829451,0.0042935986328143,0.1139128923513467,-0.1139128923513467
SOL-USD_2021-06-23,SOL-USD,2021-06-23,26.91294288635254,32.7729606628418,25.69648551940918,30.048887252807617,1111302687.0,-0.0757897450211477,2.6544366693702166,1.2893234621745344,0.1224058170313353,0.1148645860516368,-0.1148645860516368
SOL-USD_2021-06-24,SOL-USD,2021-06-24,30.846078872680664,32.991310119628906,28.548385620117188,31.18103408813477,641150364.0,-0.1980137353494314,2.4721009068370767,1.1370435857438226,0.0376768306194557,0.1123389516431389,-0.1123389516431389
SOL-USD_2021-06-25,SOL-USD,2021-06-25,31.16853141784668,32.90251541137695,28.035079956054688,28.698862075805664,632052177.0,-0.2239024307715827,1.5030289182655785,0.6395632437469978,-0.0796051858098458,0.1126339857843093,-0.1126339857843093
SOL-USD_2021-06-26,SOL-USD,2021-06-26,28.607898712158203,30.007036209106445,26.710813522338867,29.712854385375977,560342710.0,-0.2706231728816899,1.9704942140255184,0.8499355205719143,0.0353321433752995,0.1120006980036057,-0.1120006980036057
SOL-USD_2021-06-27,SOL-USD,2021-06-27,29.75263977050781,31.92939186096192,29.271196365356445,31.92939186096192,497353288.0,-0.3259237494240822,1.880280915275057,0.7771785829254874,0.0745986045917175,0.1104936215541123,-0.1104936215541123
SOL-USD_2021-06-28,SOL-USD,2021-06-28,31.880830764770508,34.24322509765625,31.035127639770508,32.92778015136719,473612135.0,-0.2512417398062834,1.2779847200038583,0.5133714900987875,0.031268628439677,0.1101771598410495,-0.1101771598410495
SOL-USD_2021-06-29,SOL-USD,2021-06-29,33.00978469848633,35.788578033447266,32.7266845703125,33.86680221557617,471854279.0,-0.216753383041409,1.2278536569207668,0.5055501369396789,0.0285176243248816,0.1102024329225507,-0.1102024329225507
SOL-USD_2021-06-30,SOL-USD,2021-06-30,33.96297073364258,35.9547233581543,31.60135078430176,35.55640411376953,570984168.0,-0.2067903438241088,1.054961846871148,0.4240857515235195,0.04988962014891,0.1102810941640841,-0.1102810941640841
SOL-USD_2021-07-01,SOL-USD,2021-07-01,35.505653381347656,35.53819274902344,32.38627243041992,33.40403366088867,474665321.0,-0.2132923167261653,1.4177764266945427,0.6022420549841887,-0.0605339743016176,0.1103483229524387,-0.1103483229524387
SOL-USD_2021-07-02,SOL-USD,2021-07-02,33.30630874633789,34.03178787231445,31.479923248291016,34.02048110961914,440298780.0,-0.2080156417147204,1.5037259644150485,0.647855161350164,0.0184542817489805,0.11036072097419,-0.11036072097419
SOL-USD_2021-07-03,SOL-USD,2021-07-03,34.01557540893555,35.40476989746094,33.2984733581543,34.478816986083984,327019964.0,-0.3035711107315011,1.6118004731539872,0.654114681211243,0.0134723514046735,0.1086919987890939,-0.1086919987890939
SOL-USD_2021-07-04,SOL-USD,2021-07-04,34.4951171875,35.50237274169922,33.55573654174805,34.31060028076172,303420520.0,-0.2682900875848741,1.621281494374892,0.6764957033950089,-0.0048788421421234,0.1084806265328306,-0.1084806265328306
SOL-USD_2021-07-05,SOL-USD,2021-07-05,34.28255081176758,34.461822509765625,32.48269271850586,32.984588623046875,313839322.0,-0.2819085673976628,1.205502576796139,0.461797004699238,-0.0386472882101789,0.1085634222860561,-0.1085634222860561
SOL-USD_2021-07-06,SOL-USD,2021-07-06,32.93030548095703,34.97831726074219,32.93030548095703,34.26913833618164,365336040.0,-0.1979992138410401,1.454999012775168,0.6284998994670639,0.0389439361459014,0.1082861448780615,-0.1082861448780615
SOL-USD_2021-07-07,SOL-USD,2021-07-07,34.23280715942383,38.01170349121094,33.8420295715332,36.59136962890625,519252659.0,-0.1854751425005473,1.5922662041838302,0.7033955308416415,0.0677645078187676,0.1084250057993514,-0.1084250057993514
SOL-USD_2021-07-08,SOL-USD,2021-07-08,36.71971893310547,36.915283203125,32.80227279663086,33.20372772216797,498201257.0,-0.2359173762876213,1.5350259508522903,0.6495542872823346,-0.092580352719624,0.109002858042756,-0.109002858042756
SOL-USD_2021-07-09,SOL-USD,2021-07-09,33.13433074951172,34.38794708251953,31.99104881286621,33.2646484375,327170629.0,-0.2291823733921903,1.6378651514088167,0.7043413890083132,0.0018347552974107,0.1089969958414381,-0.1089969958414381
SOL-USD_2021-07-10,SOL-USD,2021-07-10,33.31843948364258,34.14048767089844,31.18678474426269,31.78864479064941,296566657.0,-0.3022919983971442,1.438441849235064,0.5680749254189599,-0.0443715390416288,0.1089312165023717,-0.1089312165023717
SOL-USD_2021-07-11,SOL-USD,2021-07-11,31.693038940429688,32.53633499145508,31.41175651550293,32.17784118652344,211679810.0,-0.274132672225332,1.3186670952030384,0.5222672114888531,0.0122432522190598,0.1088837213909633,-0.1088837213909633
SOL-USD_2021-07-12,SOL-USD,2021-07-12,32.17338943481445,32.6440544128418,30.074201583862305,30.848087310791016,221058993.0,-0.2810918039493788,1.2678768342657274,0.4933925151581743,-0.0413251426043256,0.1089355321534211,-0.1089355321534211
SOL-USD_2021-07-13,SOL-USD,2021-07-13,30.78640365600586,31.09370422363281,28.918607711791992,29.12118911743164,197825362.0,-0.3467285188173322,0.961510160440174,0.3073908208114208,-0.055980721785473,0.1090582467559005,-0.1090582467559005
SOL-USD_2021-07-14,SOL-USD,2021-07-14,29.14269256591797,31.435338973999023,27.515703201293945,31.2810001373291,331866434.0,-0.2632364051918031,1.1980757350054176,0.4674196649068072,0.074166305887716,0.10929027404831,-0.10929027404831
SOL-USD_2021-07-15,SOL-USD,2021-07-15,31.360700607299805,31.4834041595459,28.00840377807617,28.45210075378418,329918376.0,-0.3060099702800907,0.779114825345635,0.2365524275327721,-0.0904350682882757,0.1098129476158981,-0.1098129476158981
SOL-USD_2021-07-16,SOL-USD,2021-07-16,28.5490665435791,29.44220352172852,26.228809356689453,26.37000846862793,374718328.0,-0.3826936698578846,0.8121049264805678,0.2147056283113415,-0.0731788595567702,0.1100692708222609,-0.1100692708222609
SOL-USD_2021-07-17,SOL-USD,2021-07-17,26.25412368774414,27.69698715209961,26.04067039489746,26.721668243408203,289689475.0,-0.3851618884763885,0.7455100136471442,0.1801740625853778,0.0133355958227558,0.1100592840844018,-0.1100592840844018
SOL-USD_2021-07-18,SOL-USD,2021-07-18,26.78417015075684,27.73356437683105,26.36097717285156,26.751909255981445,230336396.0,-0.4332322106089717,0.8439080471858973,0.2053379182884627,0.0011317037655649,0.1094894310113721,-0.1094894310113721
SOL-USD_2021-07-19,SOL-USD,2021-07-19,26.67123985290528,26.72174644470215,24.012245178222656,24.44757652282715,361915410.0,-0.478320431866482,0.7232790211587374,0.1224792946461277,-0.0861371317876712,0.1099915623596618,-0.1099915623596618
SOL-USD_2021-07-20,SOL-USD,2021-07-20,24.51030158996582,24.97560310363769,22.17754173278809,23.48955535888672,413439963.0,-0.5798756652493193,0.7242858751992456,0.0722051049749631,-0.0391867538709167,0.1071344779626993,-0.1071344779626993
SOL-USD_2021-07-21,SOL-USD,2021-07-21,23.44345664978028,27.4164981842041,22.86536979675293,26.62307929992676,555770206.0,-0.2416628699540166,0.8722010193304741,0.3152690746882287,0.1334007346313837,0.097938602117504,-0.097938602117504
SOL-USD_2021-07-22,SOL-USD,2021-07-22,26.66532325744629,28.135990142822266,25.95220947265625,27.70208168029785,364666998.0,-0.3808587367272845,0.9467345358097364,0.282937899541226,0.0405288347082397,0.091607223200823,-0.091607223200823
SOL-USD_2021-07-23,SOL-USD,2021-07-23,27.70650863647461,28.69061088562012,26.425710678100582,28.513879776000977,407955237.0,-0.2653495150058637,1.0073417529114843,0.3709961189528104,0.0293045881920306,0.090185563276986,-0.090185563276986
SOL-USD_2021-07-24,SOL-USD,2021-07-24,28.517900466918945,29.50779914855957,28.06863784790039,28.702619552612305,353750758.0,-0.0834396978411516,1.0196072536786498,0.468083777918749,0.0066192246756326,0.0867607084824958,-0.0867607084824958
SOL-USD_2021-07-25,SOL-USD,2021-07-25,28.64940071105957,28.87297821044922,26.528553009033203,28.168773651123047,309208018.0,0.1409559662095545,0.9654178915968938,0.5531869289032242,-0.0185992048743394,0.0823806987243079,-0.0823806987243079
SOL-USD_2021-07-26,SOL-USD,2021-07-26,28.227025985717773,31.05401611328125,27.903797149658203,28.30664253234864,743673802.0,-0.0951594908326325,0.897317906856764,0.4010792080120657,0.004894387058987,0.0752614461624457,-0.0752614461624457
SOL-USD_2021-07-27,SOL-USD,2021-07-27,28.210498809814453,28.95267105102539,27.005430221557617,28.065326690673828,375599550.0,-0.0643979808620885,0.9757592643629388,0.4556806417504251,-0.0085250605542157,0.0750772672750732,-0.0750772672750732
SOL-USD_2021-07-28,SOL-USD,2021-07-28,28.145641326904297,28.7469539642334,27.41233253479004,27.815410614013672,315682626.0,-0.2173451545904868,1.0360738068213906,0.4093643261154518,-0.0089047984160185,0.0713345878623156,-0.0713345878623156
SOL-USD_2021-07-29,SOL-USD,2021-07-29,27.877975463867188,31.88614845275879,27.372438430786133,31.281137466430664,448009571.0,-0.0685866161502289,1.4016070826089604,0.6665102332293658,0.1245973644074456,0.0727291114856622,-0.0727291114856622
SOL-USD_2021-07-30,SOL-USD,2021-07-30,31.275415420532227,33.05512619018555,30.067672729492188,32.393943786621094,617830199.0,0.1155217385364439,1.1918276845596658,0.6536747115480549,0.035574355995994,0.0707002233853419,-0.0707002233853419
SOL-USD_2021-07-31,SOL-USD,2021-07-31,32.35328674316406,36.86825942993164,31.68321990966797,36.82731246948242,587168181.0,0.3452201258694185,1.2308332124991983,0.7880266691843084,0.1368579482653895,0.0721902962720728,-0.0721902962720728
SOL-USD_2021-08-01,SOL-USD,2021-08-01,36.67912673950195,36.719913482666016,33.28300476074219,34.25436019897461,490639931.0,0.1975935499199754,0.9013053036330309,0.5494494267765031,-0.0698653281485021,0.0726744625712079,-0.0726744625712079
SOL-USD_2021-08-02,SOL-USD,2021-08-02,34.1905632019043,35.91239547729492,33.06065368652344,33.22241973876953,407399691.0,0.0123772141898792,0.7620130799617615,0.3871951470758203,-0.0301258133040818,0.0704961472253306,-0.0704961472253306
SOL-USD_2021-08-03,SOL-USD,2021-08-03,33.19142532348633,35.833091735839844,32.40266036987305,33.99644088745117,474629269.0,0.0971810750252382,0.7675248876550012,0.4323529813401197,0.0232981569304051,0.0701409980274091,-0.0701409980274091
SOL-USD_2021-08-04,SOL-USD,2021-08-04,34.10835647583008,36.6524772644043,33.2731819152832,35.76362609863281,413657602.0,0.0532245045607764,0.8373082605596691,0.4452663825602228,0.0519814770326132,0.0694273533909124,-0.0694273533909124
SOL-USD_2021-08-05,SOL-USD,2021-08-05,35.771976470947266,38.208866119384766,35.53385543823242,37.35513687133789,595137193.0,-0.0536032405723712,0.9573135478416168,0.4518551536346228,0.0445008223807015,0.0665998307015203,-0.0665998307015203
SOL-USD_2021-08-06,SOL-USD,2021-08-06,37.3553581237793,40.38808441162109,35.68829345703125,39.446102142333984,589190671.0,0.0542838109096366,0.9911993362000686,0.5227415735548526,0.0559753074442745,0.0665919873757381,-0.0665919873757381
SOL-USD_2021-08-07,SOL-USD,2021-08-07,39.49230194091797,40.50587844848633,37.62660217285156,39.40347290039063,534979916.0,-0.0045958037308199,0.7472059951853403,0.3713050957272601,-0.0010806959275604,0.0662212995900743,-0.0662212995900743
SOL-USD_2021-08-08,SOL-USD,2021-08-08,39.46590423583984,39.53329086303711,36.935577392578125,37.673824310302734,358570315.0,-0.1095421853995988,0.5657420022397035,0.2280999084200523,-0.0438958412234458,0.0659138712437431,-0.0659138712437431
SOL-USD_2021-08-09,SOL-USD,2021-08-09,37.66049575805664,40.00484085083008,36.48117065429688,38.76778411865234,377034585.0,0.0132101511818107,0.6867084069686076,0.3499592790752092,0.0290376628435471,0.0648478098429718,-0.0648478098429718
SOL-USD_2021-08-10,SOL-USD,2021-08-10,38.678810119628906,41.66090774536133,38.22317123413086,40.63979721069336,452480699.0,-0.0211479682452001,0.6283832179367526,0.3036176248457762,0.048287853809533,0.0642536754927954,-0.0642536754927954
SOL-USD_2021-08-11,SOL-USD,2021-08-11,40.64894104003906,43.739139556884766,40.62823867797852,41.74411392211914,507980107.0,-0.0068439292970344,0.5765536149325681,0.2848548428177668,0.027173283018627,0.0643200701697201,-0.0643200701697201
SOL-USD_2021-08-12,SOL-USD,2021-08-12,41.70451354980469,43.40190887451172,39.38155746459961,41.09936141967773,527833804.0,1.6707242060265415e-05,0.5202848677417404,0.2601507874919003,-0.0154453512570493,0.0642846909114664,-0.0642846909114664
SOL-USD_2021-08-13,SOL-USD,2021-08-13,41.1143684387207,44.9005241394043,40.72161865234375,44.89450073242188,541894525.0,0.2454750713415279,0.6161731238570995,0.4308240975993137,0.0923405907452152,0.0632435135842941,-0.0632435135842941
SOL-USD_2021-08-14,SOL-USD,2021-08-14,44.85142517089844,44.871238708496094,42.93766021728516,44.11285018920898,363834257.0,0.2105051099291632,0.6434628476589939,0.4269839787940785,-0.0174108305128876,0.0633051812794925,-0.0633051812794925
SOL-USD_2021-08-15,SOL-USD,2021-08-15,44.14995574951172,54.62955093383789,43.450008392333984,53.74515914916992,1448656564.0,0.3862407962975518,0.9241504320265386,0.6551956141620452,0.218356078073532,0.0684053213185141,-0.0684053213185141
SOL-USD_2021-08-16,SOL-USD,2021-08-16,53.5411491394043,68.82237243652344,52.465850830078125,62.432464599609375,3799339365.0,0.6126979684964962,1.189681363373766,0.9011896659351312,0.1616388450228196,0.0710930231329913,-0.0710930231329913
SOL-USD_2021-08-17,SOL-USD,2021-08-17,62.11532974243164,74.8892593383789,58.9813346862793,64.21070861816406,4043742154.0,0.5602677077565059,1.3404197306045114,0.9503437191805086,0.0284826817259078,0.0708108450102117,-0.0708108450102117
SOL-USD_2021-08-18,SOL-USD,2021-08-18,64.16835021972656,80.11990356445312,60.26971435546875,72.5433120727539,4507409622.0,0.827120987426577,1.7400569558209478,1.2835889716237625,0.1297696853672894,0.0721654336859757,-0.0721654336859757
SOL-USD_2021-08-19,SOL-USD,2021-08-19,72.83856201171875,75.09242248535156,68.6104965209961,72.75760650634766,2467398203.0,0.8530081238887448,1.615457124975523,1.234232624432134,0.0029540205357432,0.0721142019130139,-0.0721142019130139
SOL-USD_2021-08-20,SOL-USD,2021-08-20,72.7489013671875,79.99000549316406,70.93728637695312,78.72461700439453,1844455899.0,1.1480819405154143,2.0997158656949093,1.6238989031051618,0.0820121879287809,0.0719179149028374,-0.0719179149028374
SOL-USD_2021-08-21,SOL-USD,2021-08-21,78.69892883300781,81.81377410888672,72.69692993164062,73.75621032714844,1513097171.0,1.0862529836180337,1.9385091283046405,1.512381055961337,-0.0631112206867738,0.0723139891663899,-0.0723139891663899
SOL-USD_2021-08-22,SOL-USD,2021-08-22,73.86833953857422,77.48115539550781,71.55394744873047,72.80391693115234,968933849.0,1.0611485299241186,1.2537876640762136,1.157468097000166,-0.012911365589042,0.0723706449323445,-0.0723706449323445
SOL-USD_2021-08-23,SOL-USD,2021-08-23,72.7694091796875,76.70532989501953,71.68074798583984,75.70803833007812,1372134245.0,1.8400383367242283,1.390083584969783,1.6150609608470057,0.0398896312360788,0.0643561422824422,-0.0643561422824422
SOL-USD_2021-08-24,SOL-USD,2021-08-24,75.7801742553711,79.3709487915039,68.61978912353516,70.67090606689453,2153611667.0,1.6397462041442523,1.2244503068982984,1.4320982555212751,-0.0665336518326137,0.0652240859702609,-0.0652240859702609
SOL-USD_2021-08-25,SOL-USD,2021-08-25,70.67996215820312,72.70286560058594,66.22276306152344,71.95156860351562,1551240766.0,1.3944836292329872,1.213006325516106,1.3037449773745466,0.0181214959294404,0.0638282544458496,-0.0638282544458496
SOL-USD_2021-08-26,SOL-USD,2021-08-26,71.97343444824219,78.05520629882812,66.26455688476562,75.31620788574219,2713050538.0,1.4154493296424078,0.937157185332634,1.176303257487521,0.0467625563629778,0.063888515171073,-0.063888515171073
SOL-USD_2021-08-27,SOL-USD,2021-08-27,74.81178283691406,88.85427856445312,72.71512603759766,88.08698272705078,3263988286.0,2.0693545442455634,1.3821186008891782,1.7257365725673708,0.1695621062160004,0.065562992292588,-0.065562992292588
SOL-USD_2021-08-28,SOL-USD,2021-08-28,88.00001525878906,97.84294891357422,85.79064178466797,96.7031707763672,2580080503.0,2.2545904046149943,1.3738228228877816,1.814206613751388,0.0978145440174154,0.0662676629308356,-0.0662676629308356
SOL-USD_2021-08-29,SOL-USD,2021-08-29,96.56397247314452,97.7778778076172,90.99362182617188,94.46967315673828,1830344091.0,1.958705683093215,0.994393233417134,1.4765494582551746,-0.0230964259154856,0.0661356289988438,-0.0661356289988438
SOL-USD_2021-08-30,SOL-USD,2021-08-30,94.3448715209961,116.85022735595705,94.0377197265625,110.54480743408205,5274104165.0,2.357189793114314,1.5137235886323777,1.9354566908733464,0.1701618491965446,0.0687981222551963,-0.0687981222551963
SOL-USD_2021-08-31,SOL-USD,2021-08-31,109.7561492919922,130.01461791992188,103.35130310058594,108.48377227783205,7590894022.0,2.2032481716841192,1.508933293750378,1.856090732717249,-0.0186443416392849,0.0689783555711855,-0.0689783555711855
SOL-USD_2021-09-01,SOL-USD,2021-09-01,107.4444808959961,119.53011322021484,106.27082061767578,111.0330047607422,3974443896.0,2.1227287327894806,1.47697858446652,1.7998536586280005,0.0234987448296086,0.0688794325280557,-0.0688794325280557
SOL-USD_2021-09-02,SOL-USD,2021-09-02,110.73123931884766,131.96188354492188,109.65261840820312,128.10238647460938,5074399603.0,2.8349376537899635,2.016974917112697,2.4259562854513304,0.1537325027873366,0.070094601296795,-0.070094601296795
SOL-USD_2021-09-03,SOL-USD,2021-09-03,128.3890838623047,148.8341827392578,128.3890838623047,146.5830535888672,7526373837.0,3.30867080087887,2.412399879296574,2.860535340087722,0.1442648152220083,0.0717114348849322,-0.0717114348849322
SOL-USD_2021-09-04,SOL-USD,2021-09-04,146.4184112548828,150.42855834960938,136.44955444335938,139.11306762695312,3970422964.0,3.034740161853599,1.8099096094067055,2.4223248856301525,-0.0509607746531581,0.072347661200854,-0.072347661200854
SOL-USD_2021-09-05,SOL-USD,2021-09-05,138.99014282226562,144.99786376953125,135.07997131347656,142.0708770751953,2996918105.0,3.14072840208674,2.0298120164257125,2.585270209256226,0.0212619094575203,0.0722493562978929,-0.0722493562978929
SOL-USD_2021-09-06,SOL-USD,2021-09-06,142.0628204345703,165.8787384033203,138.0382080078125,164.38092041015625,5774090688.0,3.983567395328999,2.578657050382099,3.281112222855549,0.1570345998719544,0.073650472469593,-0.073650472469593
SOL-USD_2021-09-07,SOL-USD,2021-09-07,164.18368530273438,194.8197021484375,133.10025024414062,173.14892578125,17068643416.0,4.052619767752898,3.052205025900125,3.552412396826512,0.0533395563744028,0.0737061430056267,-0.0737061430056267
SOL-USD_2021-09-08,SOL-USD,2021-09-08,173.278564453125,197.989013671875,147.99118041992188,191.04139709472656,13187213606.0,4.220941414114456,3.252586561344569,3.7367639877295127,0.1033357338646228,0.0741460074654093,-0.0741460074654093
SOL-USD_2021-09-09,SOL-USD,2021-09-09,209.4707946777344,214.95718383789065,181.4458770751953,188.19580078125,12676272744.0,4.667911818696306,3.3307529333998733,3.9993323760480894,-0.0148951816556575,0.0727210977105284,-0.0727210977105284
SOL-USD_2021-09-10,SOL-USD,2021-09-10,187.61280822753903,196.9451904296875,168.69082641601562,179.865234375,7087524572.0,4.40709861139653,3.167886918471056,3.787492764933793,-0.0442654212881883,0.073243113682891,-0.073243113682891
SOL-USD_2021-09-11,SOL-USD,2021-09-11,179.36622619628906,193.4056091308593,175.56541442871094,178.8678741455078,5367389010.0,4.626785140526707,2.9258530158455325,3.77631907818612,-0.0055450417250328,0.0727720039565239,-0.0727720039565239
SOL-USD_2021-09-12,SOL-USD,2021-09-12,179.23016357421875,181.56825256347656,170.5845947265625,174.53762817382812,3012633094.0,4.424155932714563,2.9372175723126315,3.680686752513597,-0.024209187884444,0.0730620074029058,-0.0730620074029058
SOL-USD_2021-09-13,SOL-USD,2021-09-13,174.41845703125,174.93186950683594,150.9744110107422,169.26954650878906,6437530449.0,4.487197465548428,2.94479123133096,3.715994348439694,-0.0301830712388986,0.0729006284384134,-0.0729006284384134
SOL-USD_2021-09-14,SOL-USD,2021-09-14,169.77452087402344,171.30116271972656,143.55311584472656,158.09481811523438,5799758794.0,4.4288586045616,2.5465185017332272,3.4876885531474136,-0.066017358845907,0.0731019571913988,-0.0731019571913988
SOL-USD_2021-09-15,SOL-USD,2021-09-15,158.41543579101562,166.17529296875,154.2395477294922,159.1173858642578,3908939772.0,4.086710308676335,2.74770297276829,3.4172066407223127,0.0064680661973253,0.0729353299750454,-0.0729353299750454
SOL-USD_2021-09-16,SOL-USD,2021-09-16,158.80728149414062,163.12283325195312,147.6532745361328,152.47406005859375,3215168472.0,4.358973714386079,2.7190743273150075,3.539024020850543,-0.0417510994765302,0.0719040087998698,-0.0719040087998698
SOL-USD_2021-09-17,SOL-USD,2021-09-17,152.3514404296875,153.44493103027344,135.24522399902344,147.5930633544922,4675731485.0,4.597004776471036,2.4550664783512253,3.5260356274111304,-0.0320119809377795,0.0711396693201691,-0.0711396693201691
SOL-USD_2021-09-18,SOL-USD,2021-09-18,147.44876098632812,171.1427764892578,144.3922576904297,169.18421936035156,5415012910.0,5.331349443427303,2.892754935192912,4.112052189310107,0.1462884197613085,0.0725926259351265,-0.0725926259351265
SOL-USD_2021-09-19,SOL-USD,2021-09-19,169.22633361816406,170.65211486816406,151.2509765625,152.51669311523438,3350530308.0,4.701151706812599,2.231229149853064,3.4661904283328315,-0.0985170266360151,0.0743444009661853,-0.0743444009661853
SOL-USD_2021-09-20,SOL-USD,2021-09-20,152.7944793701172,153.38766479492188,131.2610321044922,132.13446044921875,5623667250.0,4.404808134084063,1.8195779732334996,3.112193053658781,-0.1336393561235672,0.0757744960347553,-0.0757744960347553
SOL-USD_2021-09-21,SOL-USD,2021-09-21,132.76231384277344,144.46844482421875,116.34320068359376,123.9503936767578,5243953819.0,4.276830139309729,1.2169247518698412,2.746877445589785,-0.0619374139390852,0.0761619767007068,-0.0761619767007068
SOL-USD_2021-09-22,SOL-USD,2021-09-22,124.17745208740234,150.94151306152344,122.34915924072266,147.92425537109375,4952222859.0,4.556241398849031,3.213504156245854,3.8848727775474425,0.1934149701602063,0.0778396264799069,-0.0778396264799069
SOL-USD_2021-09-23,SOL-USD,2021-09-23,148.05516052246094,152.364990234375,143.20126342773438,149.75357055664062,3389212044.0,4.405859829774008,2.346990884081506,3.376425356927757,0.0123665668010815,0.077861554326789,-0.077861554326789
SOL-USD_2021-09-24,SOL-USD,2021-09-24,149.9354705810547,151.201904296875,128.8013153076172,139.39564514160156,3852350632.0,3.888694426597304,2.591481731487841,3.240088079042573,-0.0691664671268817,0.0788573915442595,-0.0788573915442595
SOL-USD_2021-09-25,SOL-USD,2021-09-25,139.2965545654297,144.0725555419922,134.10775756835938,136.17892456054688,2037106949.0,3.744477217869575,3.348599472396309,3.5465383451329417,-0.023076191352944,0.0790782399646871,-0.0790782399646871
SOL-USD_2021-09-26,SOL-USD,2021-09-26,136.21615600585938,140.7817840576172,125.11542510986328,135.69937133789062,2674182809.0,3.8173688005931528,4.496405674468523,4.156887237530838,-0.0035214936834299,0.0789578180400512,-0.0789578180400512
SOL-USD_2021-09-27,SOL-USD,2021-09-27,135.93136596679688,148.49783325195312,133.98428344726562,136.72842407226562,2867246888.0,3.830259325740003,3.370614307713009,3.600436816726506,0.0075833272050513,0.078945749513571,-0.078945749513571
SOL-USD_2021-09-28,SOL-USD,2021-09-28,136.5089111328125,139.2943572998047,128.2448272705078,131.53721618652344,2422542861.0,3.686822912709352,3.385000980472697,3.5359119465910247,-0.0379672911537286,0.0792533843730352,-0.0792533843730352
SOL-USD_2021-09-29,SOL-USD,2021-09-29,132.33853149414062,140.03817749023438,131.2336883544922,135.35145568847656,2428105040.0,3.866059953840307,2.8084454009263085,3.337252677383308,0.028997416948101,0.079114285514491,-0.079114285514491
SOL-USD_2021-09-30,SOL-USD,2021-09-30,135.41290283203125,142.85316467285156,134.31326293945312,141.0690460205078,2244376110.0,3.509715996481777,3.2004098364845337,3.355062916483156,0.0422425477653582,0.0781733496172104,-0.0781733496172104
SOL-USD_2021-10-01,SOL-USD,2021-10-01,141.38291931152344,164.737548828125,138.4369354248047,161.682373046875,4387488320.0,3.9911296417588655,4.567713615235629,4.279421628497248,0.1461222543701794,0.07959539692379,-0.07959539692379
SOL-USD_2021-10-02,SOL-USD,2021-10-02,161.59439086914062,174.90069580078125,156.3223419189453,169.093017578125,3471658582.0,3.59151119751806,5.176593271056088,4.384052234287074,0.0458345853762394,0.0784199596909273,-0.0784199596909273
SOL-USD_2021-10-03,SOL-USD,2021-10-03,169.11370849609375,176.9703369140625,166.07000732421875,172.5891571044922,3149579954.0,4.038458056199764,5.034024869647175,4.53624146292347,0.0206758361548069,0.0774327290557103,-0.0774327290557103
SOL-USD_2021-10-04,SOL-USD,2021-10-04,172.9616241455078,172.9616241455078,162.77333068847656,166.73191833496094,3109040100.0,4.018656667575299,4.080773656095344,4.049715161835321,-0.0339374666856102,0.0774809910336472,-0.0774809910336472
SOL-USD_2021-10-05,SOL-USD,2021-10-05,166.99496459960938,169.9793701171875,160.59315490722656,164.11582946777344,2541087419.0,3.8274414963347594,4.296577450570014,4.062009473452386,-0.0156903902582817,0.0776806375144824,-0.0776806375144824
SOL-USD_2021-10-06,SOL-USD,2021-10-06,164.60519409179688,165.3619842529297,150.76837158203125,154.1077423095703,3259712887.0,3.3090636806389613,3.538411460161805,3.4237375704003834,-0.060981851602367,0.0784212933529243,-0.0784212933529243
SOL-USD_2021-10-07,SOL-USD,2021-10-07,153.96115112304688,161.3629913330078,150.5420379638672,154.28118896484375,2579187256.0,3.130119760937664,2.908731957799417,3.019425859368541,0.0011254895612253,0.0784496066712414,-0.0784496066712414
SOL-USD_2021-10-08,SOL-USD,2021-10-08,154.2565460205078,168.84637451171875,152.75576782226562,158.94920349121094,2781848650.0,3.029528771123496,3.2482669489901035,3.1388978600568,0.0302565371558738,0.0783560810925435,-0.0783560810925435
SOL-USD_2021-10-09,SOL-USD,2021-10-09,158.70469665527344,161.40731811523438,154.8697967529297,156.82583618164062,1522023824.0,2.9800003562651938,2.9617090557792056,2.9708547060222,-0.0133587791755604,0.078437816819839,-0.078437816819839
SOL-USD_2021-10-10,SOL-USD,2021-10-10,156.75192260742188,158.361572265625,146.8982391357422,148.0487060546875,1556965341.0,2.9297498665194,2.4992764780670838,2.7145131722932416,-0.0559673733656179,0.0786234577430796,-0.0786234577430796
SOL-USD_2021-10-11,SOL-USD,2021-10-11,147.80044555664062,153.921142578125,140.3639678955078,144.85813903808594,1851795187.0,2.7365596804484467,2.785920198727029,2.761239939587738,-0.0215507929898624,0.0788380236111436,-0.0788380236111436
SOL-USD_2021-10-12,SOL-USD,2021-10-12,145.00765991210938,153.26397705078125,137.8115692138672,152.73712158203125,2853992440.0,2.758314068108643,2.6788333615407924,2.7185737148247178,0.0543910241859022,0.0788720353673291,-0.0788720353673291
SOL-USD_2021-10-13,SOL-USD,2021-10-13,152.52392578125,155.34799194335938,144.40786743164062,148.17604064941406,2105226551.0,2.549627162427308,2.5253337650968226,2.5374804637620656,-0.029862294675807,0.0791634850831094,-0.0791634850831094
SOL-USD_2021-10-14,SOL-USD,2021-10-14,148.01727294921875,155.32974243164062,147.3309326171875,149.75680541992188,1948101208.0,2.643774507606356,2.6438353850290675,2.643804946317712,0.0106681536608737,0.0790259228056999,-0.0790259228056999
SOL-USD_2021-10-15,SOL-USD,2021-10-15,150.04660034179688,165.12220764160156,146.98483276367188,162.59620666503906,3970589003.0,2.621739946149249,3.510786817810698,3.0662633819799736,0.0857350102328584,0.078937650027799,-0.078937650027799
SOL-USD_2021-10-16,SOL-USD,2021-10-16,163.0070343017578,164.71371459960938,156.73756408691406,157.538818359375,1531502795.0,2.571268183390078,3.323038384921129,2.947153284155604,-0.0311039747445195,0.0790709829773009,-0.0790709829773009
SOL-USD_2021-10-17,SOL-USD,2021-10-17,157.46356201171875,167.42599487304688,154.09034729003906,159.74380493164062,2168838138.0,1.9722454535537053,3.1202479043260665,2.5462466789398857,0.0139964650949433,0.0750297188419578,-0.0750297188419578
SOL-USD_2021-10-18,SOL-USD,2021-10-18,159.9974822998047,162.8562774658203,155.0302276611328,157.2312774658203,1698878759.0,1.5184217614052686,3.061453658435644,2.2899377099204563,-0.0157284814074355,0.0729308553165644,-0.0729308553165644
SOL-USD_2021-10-19,SOL-USD,2021-10-19,157.210205078125,159.40586853027344,153.22100830078125,156.01702880859375,1400902548.0,1.4297665010421534,2.791086208964587,2.11042635500337,-0.0077226915458377,0.0729837052880525,-0.0729837052880525
SOL-USD_2021-10-20,SOL-USD,2021-10-20,155.88339233398438,176.440673828125,155.19984436035156,175.94686889648438,3315306825.0,1.425404408335075,3.431507297465955,2.428455852900515,0.1277414410470612,0.072933451891691,-0.072933451891691
SOL-USD_2021-10-21,SOL-USD,2021-10-21,176.7655487060547,193.59915161132807,176.7655487060547,190.3184356689453,6865815461.0,1.6157874730574209,3.847075437941812,2.7314314554996164,0.0816812874397681,0.0733679296487254,-0.0733679296487254
SOL-USD_2021-10-22,SOL-USD,2021-10-22,190.45489501953125,214.04444885253903,188.27362060546875,196.43153381347656,7486821306.0,1.4951729368529216,4.359835924116569,2.927504430484745,0.0321203677565153,0.0729328591122759,-0.0729328591122759
SOL-USD_2021-10-23,SOL-USD,2021-10-23,196.30047607421875,205.6698760986328,192.5627593994141,197.703857421875,3253670286.0,1.6805045506670169,4.592210616430781,3.136357583548899,0.0064771861406254,0.0722216271902208,-0.0722216271902208
SOL-USD_2021-10-24,SOL-USD,2021-10-24,197.97311401367188,204.71910095214844,185.5724334716797,202.3619842529297,3413057378.0,1.779548035091231,4.729061346381763,3.2543046907364968,0.0235611327558209,0.0721141093157109,-0.0721141093157109
SOL-USD_2021-10-25,SOL-USD,2021-10-25,202.3164825439453,218.7318878173828,198.2024383544922,210.1042938232422,4837376169.0,1.7751913595649147,6.88164985291019,4.328420606237552,0.0382597037625183,0.0721067147542752,-0.0721067147542752
SOL-USD_2021-10-26,SOL-USD,2021-10-26,209.5316467285156,213.9828643798828,197.4866485595703,199.8072509765625,3194205752.0,1.827291485232016,6.463331966150578,4.145311725691297,-0.0490091975718613,0.0718054701732006,-0.0718054701732006
SOL-USD_2021-10-27,SOL-USD,2021-10-27,199.87448120117188,205.4047393798828,178.73086547851562,183.77459716796875,4552692842.0,1.554143026132572,5.115853662794045,3.334998344463308,-0.0802406005299296,0.0728873538894581,-0.0728873538894581
SOL-USD_2021-10-28,SOL-USD,2021-10-28,184.5157012939453,201.0453643798828,182.217529296875,194.86398315429688,3463958628.0,1.5872782051097638,5.24943940613079,3.4183588056202767,0.0603423223732739,0.0729953021111073,-0.0729953021111073
SOL-USD_2021-10-29,SOL-USD,2021-10-29,194.90643310546875,204.8966064453125,194.90643310546875,200.1827545166016,2468703579.0,1.2725577414417115,5.975285430754552,3.623921586098132,0.0272947892997406,0.0703754123437378,-0.0703754123437378
SOL-USD_2021-10-30,SOL-USD,2021-10-30,200.2257232666016,200.38623046875,187.8165740966797,195.4160614013672,1732207667.0,1.0207823573156705,5.57681886993485,3.29880061362526,-0.0238117070910776,0.0697450157193196,-0.0697450157193196
SOL-USD_2021-10-31,SOL-USD,2021-10-31,195.7737731933593,205.1633758544922,186.06298828125,202.4210205078125,2577364486.0,1.1427090170193344,5.339645345870181,3.241177181444758,0.0358463836401745,0.0696411372815047,-0.0696411372815047
SOL-USD_2021-11-01,SOL-USD,2021-11-01,202.62921142578125,211.36083984375,198.2389678955078,203.5450897216797,3157612663.0,0.8412903730738668,5.181561246643234,3.0114258098585505,0.005553124922734,0.0667323167759822,-0.0667323167759822
SOL-USD_2021-11-02,SOL-USD,2021-11-02,203.5179138183593,222.2330322265625,201.18038940429688,220.2395935058593,3020087232.0,1.0301616442855188,5.503111575280813,3.266636609783166,0.0820187006574664,0.0671940410093648,-0.0671940410093648
SOL-USD_2021-11-03,SOL-USD,2021-11-03,221.0767517089844,246.321533203125,216.1961975097656,242.89881896972656,6024951132.0,1.187627178901746,5.831366248187675,3.5094967135447104,0.1028844319187523,0.0681235909424623,-0.0681235909424623
SOL-USD_2021-11-04,SOL-USD,2021-11-04,243.09780883789065,250.46633911132807,235.15087890625,247.3877716064453,4440296290.0,0.93117223195119,6.405925108263224,3.668548670107207,0.01848075118586,0.065761759538285,-0.065761759538285
SOL-USD_2021-11-05,SOL-USD,2021-11-05,247.2709350585937,248.3839111328125,231.1608123779297,236.47433471679688,2752870913.0,0.6132447027611712,5.950940345459571,3.282092524110371,-0.044114698227728,0.0639337955818165,-0.0639337955818165
SOL-USD_2021-11-06,SOL-USD,2021-11-06,236.4927520751953,260.0621032714844,235.2899627685547,258.934326171875,3869779683.0,0.8613228116443787,6.5099539023158375,3.685638356980108,0.0949785585906239,0.0643479242467976,-0.0643479242467976
SOL-USD_2021-11-07,SOL-USD,2021-11-07,258.78155517578125,258.85009765625,246.12242126464844,249.823486328125,2624869522.0,0.7584426271676943,6.281233329753295,3.5198379784604947,-0.0351859097959164,0.0646076885345872,-0.0646076885345872
SOL-USD_2021-11-08,SOL-USD,2021-11-08,249.9792633056641,253.25418090820312,241.14013671875,248.46717834472656,3344410176.0,0.5115329548268854,6.532826350640567,3.522179652733726,-0.005429065150492,0.0618684820805628,-0.0618684820805628
SOL-USD_2021-11-09,SOL-USD,2021-11-09,248.3568420410156,253.1798248291016,237.89529418945312,239.213134765625,2819309492.0,0.3815455896494448,5.980424556314619,3.180985072982032,-0.0372445312123373,0.0618600092636538,-0.0618600092636538
SOL-USD_2021-11-10,SOL-USD,2021-11-10,239.1337432861328,247.9470367431641,218.3885498046875,233.779525756836,3873202098.0,0.2237113490167683,5.388925261003516,2.806318305010142,-0.0227145094441102,0.0607208761269678,-0.0607208761269678
SOL-USD_2021-11-11,SOL-USD,2021-11-11,233.9139862060547,246.4471893310547,229.7485198974609,234.24075317382807,2693456862.0,0.2446651423752996,6.0546522707882815,3.1496587065817905,0.0019729162145354,0.0606690401487584,-0.0606690401487584
SOL-USD_2021-11-12,SOL-USD,2021-11-12,233.7212677001953,238.6956787109375,221.25294494628903,228.5020904541016,3022054714.0,0.2704072093092704,5.869217057364296,3.069812133336783,-0.0244989936292933,0.0604596582913132,-0.0604596582913132
SOL-USD_2021-11-13,SOL-USD,2021-11-13,228.59625244140625,241.8250274658203,225.075927734375,241.8250274658203,2322796265.0,0.3519757453431646,6.607277034249439,3.4796263897963016,0.0583055366593894,0.0608048469521237,-0.0608048469521237
SOL-USD_2021-11-14,SOL-USD,2021-11-14,241.8621063232422,242.04489135742188,230.6894073486328,238.425521850586,1705211600.0,0.3660408036090057,6.409618329225958,3.387829566417482,-0.0140577079670333,0.0607353928977031,-0.0607353928977031
SOL-USD_2021-11-15,SOL-USD,2021-11-15,238.7313995361328,245.97610473632807,235.0991058349609,237.55360412597656,2414551003.0,0.4034042686682684,6.700756346176367,3.552080307422317,-0.0036569815086987,0.0605671122147895,-0.0605671122147895
SOL-USD_2021-11-16,SOL-USD,2021-11-16,238.4971466064453,238.4971466064453,215.4420928955078,219.2390289306641,3557977024.0,0.3867565777574193,6.528505379590763,3.457630978674091,-0.0770965999977003,0.0607986165549883,-0.0607986165549883
SOL-USD_2021-11-17,SOL-USD,2021-11-17,219.295639038086,222.02883911132807,210.0269470214844,218.7152404785156,2982505239.0,0.3745527510431852,5.991951648550787,3.183252199796986,-0.0023891204714017,0.0608100363518166,-0.0608100363518166
SOL-USD_2021-11-18,SOL-USD,2021-11-18,218.8755798339844,222.8769378662109,187.67312622070312,195.48741149902344,3911214658.0,0.2821027486504932,5.870754929160134,3.076428838905314,-0.1062012364967032,0.0621674800334925,-0.0621674800334925
SOL-USD_2021-11-19,SOL-USD,2021-11-19,195.0662841796875,219.3670654296875,189.7501678466797,215.280014038086,3431624914.0,0.4586052294410465,7.163820436167169,3.811212832804108,0.1012474531597213,0.0631197177336008,-0.0631197177336008
SOL-USD_2021-11-20,SOL-USD,2021-11-20,215.4069061279297,221.44534301757807,206.285873413086,218.0152740478516,2003638941.0,0.2886265330899036,7.158744883064417,3.72368570807716,0.0127055919333118,0.0605896416409792,-0.0605896416409792
SOL-USD_2021-11-21,SOL-USD,2021-11-21,217.7840270996093,235.2309112548828,210.8097381591797,231.2826232910156,2636480460.0,0.5164413715439622,7.645462313659099,4.0809518426015305,0.0608551364169649,0.0594807958929334,-0.0594807958929334
SOL-USD_2021-11-22,SOL-USD,2021-11-22,230.98963928222656,231.90481567382807,212.03009033203125,215.73727416992188,3254258844.0,0.632710145684009,7.824485075994508,4.228597610839258,-0.0672136492568812,0.0574786307216303,-0.0574786307216303
SOL-USD_2021-11-23,SOL-USD,2021-11-23,215.84295654296875,226.06173706054688,211.31222534179688,221.8368988037109,2328763768.0,0.7897232289735601,8.44406547567041,4.616894352321985,0.0282733925199443,0.0567927397691494,-0.0567927397691494
SOL-USD_2021-11-24,SOL-USD,2021-11-24,221.8606109619141,222.4592742919922,200.5026092529297,214.92153930664065,2293934142.0,0.4529161479804144,7.072752850465044,3.762834499222729,-0.0311731706238339,0.0519920204770794,-0.0519920204770794
SOL-USD_2021-11-25,SOL-USD,2021-11-25,205.8861694335937,216.4005126953125,202.3234100341797,206.25299072265625,2586718627.0,0.3772826247548209,6.445396815407795,3.4113397200813083,-0.0403335496849224,0.0523312604513551,-0.0523312604513551
SOL-USD_2021-11-26,SOL-USD,2021-11-26,210.0482788085937,210.50457763671875,184.32827758789065,191.51174926757807,3380122748.0,0.3738718241379468,5.716439529522252,3.0451556768301,-0.0714716494700452,0.0523857380482573,-0.0523857380482573
SOL-USD_2021-11-27,SOL-USD,2021-11-27,192.2835693359375,199.364990234375,191.04054260253903,193.10215759277344,1443178833.0,0.4180032498855413,5.727684113946968,3.072843681916255,0.0083044947961561,0.0522501570795034,-0.0522501570795034
SOL-USD_2021-11-28,SOL-USD,2021-11-28,193.27560424804688,201.6287078857422,182.37245178222656,200.67665100097656,2033215941.0,0.478832576912187,6.124081917317543,3.301457247114865,0.0392253173275085,0.0523903016534837,-0.0523903016534837
SOL-USD_2021-11-29,SOL-USD,2021-11-29,200.8212738037109,212.44580078125,199.9542999267578,204.31936645507807,2110532147.0,0.4943444849996101,6.218071384537509,3.3562079347685594,0.0181521638712407,0.0524073082309976,-0.0524073082309976
SOL-USD_2021-11-30,SOL-USD,2021-11-30,204.23294067382807,218.33938598632807,200.08433532714844,208.6709899902344,2888387657.0,0.5864026626071599,6.435188347890361,3.5107955052487605,0.021298145205991,0.0521049527116877,-0.0521049527116877
SOL-USD_2021-12-01,SOL-USD,2021-12-01,208.3931579589844,232.3862152099609,208.1522674560547,229.7992401123047,3532771294.0,0.6977965914249797,7.261580003299668,3.979688297362324,0.1012514970243783,0.0533402710878566,-0.0533402710878566
SOL-USD_2021-12-02,SOL-USD,2021-12-02,229.85470581054688,243.1116638183593,220.38717651367188,233.9930419921875,4074103518.0,0.6587128685776391,6.480323956994755,3.5695184127861967,0.0182498509474324,0.0531904281537286,-0.0531904281537286
SOL-USD_2021-12-03,SOL-USD,2021-12-03,233.6018981933593,239.12210083007807,207.32977294921875,211.22439575195312,4061060881.0,0.3064157321015748,5.52049028495228,2.9134530085269272,-0.0973048003751947,0.0519272274820395,-0.0519272274820395
SOL-USD_2021-12-04,SOL-USD,2021-12-04,212.1123809814453,212.8075408935547,171.55357360839844,201.1248321533203,5949505665.0,0.1894331003963298,4.46129539916837,2.32536424978235,-0.0478143803544975,0.0520960577292327,-0.0520960577292327
SOL-USD_2021-12-05,SOL-USD,2021-12-05,200.7806091308593,204.6174774169922,182.01681518554688,196.1682586669922,3402591975.0,0.136619831500911,4.726811346862185,2.431715589181548,-0.0246442641282089,0.0521760429984578,-0.0521760429984578
SOL-USD_2021-12-06,SOL-USD,2021-12-06,196.5474853515625,197.6630249023437,176.8880615234375,194.19921875,3693853028.0,0.1647393054031671,4.845426681048628,2.505082993225898,-0.01003750520279,0.0519870212589184,-0.0519870212589184
SOL-USD_2021-12-07,SOL-USD,2021-12-07,194.276596069336,204.1184997558593,188.2808074951172,190.596908569336,2556849839.0,0.1613560324280754,4.6063783029619865,2.3838671676950307,-0.0185495606205368,0.0520055022489122,-0.0520055022489122
SOL-USD_2021-12-08,SOL-USD,2021-12-08,190.5050048828125,196.3741149902344,184.13270568847656,194.6217041015625,2277446203.0,0.2628937468346535,4.44188957699126,2.352391661912957,0.021116793354297,0.0513835855758672,-0.0513835855758672
SOL-USD_2021-12-09,SOL-USD,2021-12-09,194.48329162597656,196.6897430419922,178.79214477539062,181.17808532714844,1968182104.0,0.1743368491179679,3.850151826539391,2.01224433782868,-0.0690756400293287,0.0522232523075682,-0.0522232523075682
SOL-USD_2021-12-10,SOL-USD,2021-12-10,181.46755981445312,184.68942260742188,167.954833984375,167.954833984375,2118266396.0,0.0566572860722893,3.2578309354455595,1.6572441107589244,-0.0729848277118977,0.0529964557651125,-0.0529964557651125
SOL-USD_2021-12-11,SOL-USD,2021-12-11,167.9166259765625,173.8984832763672,161.86000061035156,171.94949340820312,1877844189.0,0.0964360056658382,3.363815693172022,1.73012584941893,0.0237841289176574,0.0530266608142808,-0.0530266608142808
SOL-USD_2021-12-12,SOL-USD,2021-12-12,171.9483184814453,176.6494140625,167.8612518310547,173.43167114257812,1196808540.0,0.1714500975004431,3.6035058642865048,1.887477980893474,0.0086198435656705,0.052493138309494,-0.052493138309494
SOL-USD_2021-12-13,SOL-USD,2021-12-13,173.0999298095703,173.0999298095703,148.5718231201172,155.2130584716797,2547597256.0,0.0714831731399727,3.003660823033784,1.5375719980868785,-0.1050477836653083,0.0541722675977902,-0.0541722675977902
SOL-USD_2021-12-14,SOL-USD,2021-12-14,155.14166259765625,161.61827087402344,150.11798095703125,153.34144592285156,2604045117.0,0.0039566304154536,2.7731843278613493,1.3885704791384017,-0.0120583446216261,0.0537918792970731,-0.0537918792970731
SOL-USD_2021-12-15,SOL-USD,2021-12-15,161.35890197753906,182.5131683349609,157.65321350097656,178.34078979492188,3783787658.0,0.2035737290138417,3.2722380004914573,1.7379058647526495,0.1630305735127075,0.0573510488546272,-0.0573510488546272
SOL-USD_2021-12-16,SOL-USD,2021-12-16,178.59153747558594,188.8787078857422,174.4509735107422,176.9546661376953,2766320569.0,0.1816135209449076,3.3055332254620438,1.7435733732034755,-0.0077723310456373,0.0573663316685427,-0.0573663316685427
SOL-USD_2021-12-17,SOL-USD,2021-12-17,176.8949737548828,182.3936309814453,168.51873779296875,175.5032958984375,2711688386.0,0.0793812444836923,2.9092381702708776,1.494309707377285,-0.0082019325680197,0.0564273030496326,-0.0564273030496326
SOL-USD_2021-12-18,SOL-USD,2021-12-18,175.65635681152344,184.37518310546875,171.19656372070312,182.8351287841797,1690397976.0,0.1605719192783277,3.144713569854649,1.6526427445664884,0.041776041003726,0.0564689480381934,-0.0564689480381934
SOL-USD_2021-12-19,SOL-USD,2021-12-19,182.8509063720703,189.2625427246093,178.75502014160156,180.09805297851562,1678714066.0,0.127418074557478,2.350963246357736,1.239190660457607,-0.0149701855648043,0.0565034515953195,-0.0565034515953195
SOL-USD_2021-12-20,SOL-USD,2021-12-20,179.9777374267578,181.1532592773437,168.6835174560547,173.67178344726562,1982986558.0,0.1045625669804739,1.7817544055172898,0.943158486248882,-0.0356820599943776,0.056668398635023,-0.056668398635023
SOL-USD_2021-12-21,SOL-USD,2021-12-21,173.69439697265625,182.41751098632807,170.49063110351562,180.09254455566406,1821107818.0,0.1543133844486095,1.804711993237824,0.9795126888432168,0.0369706637483115,0.05680981840073,-0.05680981840073
SOL-USD_2021-12-22,SOL-USD,2021-12-22,179.85833740234375,187.4734344482422,177.42733764648438,178.5971221923828,1889229699.0,0.0150628045416236,1.4619378008722186,0.7385003027069211,-0.008303632818176,0.054565764042219,-0.054565764042219
SOL-USD_2021-12-23,SOL-USD,2021-12-23,178.5027618408203,193.2760467529297,176.116455078125,190.03631591796875,2191634326.0,-0.001482356399079,1.611909943758104,0.8052137936795125,0.0640502690366071,0.0541928152985626,-0.0541928152985626
SOL-USD_2021-12-24,SOL-USD,2021-12-24,190.1028594970703,197.15771484375,185.0193786621093,190.273193359375,2286837232.0,-0.0313510785898015,1.4169465740144995,0.692797747712349,0.0012464851271296,0.0540500150073004,-0.0540500150073004
SOL-USD_2021-12-25,SOL-USD,2021-12-25,190.53160095214844,195.14923095703125,189.0322265625,193.1209259033203,1443209769.0,-0.0231807895825486,1.6183683387029406,0.797593774560196,0.0149665462258086,0.0540746745076477,-0.0540746745076477
SOL-USD_2021-12-26,SOL-USD,2021-12-26,192.92051696777344,200.64419555664065,190.8236846923828,198.000732421875,1971114647.0,-0.0215517348634198,1.7196439527988048,0.8490461089676924,0.0252681396163023,0.054086561039266,-0.054086561039266
SOL-USD_2021-12-27,SOL-USD,2021-12-27,197.88340759277344,204.5785675048828,195.16079711914065,195.42950439453125,1800094698.0,-0.0698452619014851,1.5813573922293649,0.7557560651639398,-0.0129859521017594,0.053903425124675,-0.053903425124675
SOL-USD_2021-12-28,SOL-USD,2021-12-28,195.6216583251953,195.6216583251953,177.0403594970703,177.42562866210938,2826063568.0,-0.1120160665094106,1.510589414180776,0.6992866738356827,-0.0921246553236702,0.0548052921838874,-0.0548052921838874
SOL-USD_2021-12-29,SOL-USD,2021-12-29,177.3890380859375,180.5907745361328,170.44342041015625,170.65756225585938,2175731146.0,-0.0713756695117143,1.3718393576136836,0.6502318440509847,-0.0381459344813096,0.0540680648682821,-0.0540680648682821
SOL-USD_2021-12-30,SOL-USD,2021-12-30,170.76478576660156,175.691162109375,168.3984832763672,172.75119018554688,1540637869.0,-0.1134780917992458,1.2936788114401296,0.590100359820442,0.0122680056014665,0.0535429802403913,-0.0535429802403913
SOL-USD_2021-12-31,SOL-USD,2021-12-31,172.70384216308594,177.35704040527344,168.31207275390625,170.299072265625,1567918820.0,-0.1492820014548169,0.9333057733776544,0.3920118859614187,-0.0141945066617956,0.0534505131757598,-0.0534505131757598
SOL-USD_2022-01-01,SOL-USD,2022-01-01,170.3108367919922,178.96224975585938,170.19554138183594,178.5179443359375,1084780603.0,-0.0864725086784061,0.8460402373855211,0.3797838643535575,0.0482614024901619,0.0537286948081702,-0.0537286948081702
SOL-USD_2022-01-02,SOL-USD,2022-01-02,178.53240966796875,179.43235778808594,175.01231384277344,176.38284301757812,995389409.0,-0.1286337625653331,0.8670842940774712,0.369225265756069,-0.011960149587772,0.053551166735732,-0.053551166735732
SOL-USD_2022-01-03,SOL-USD,2022-01-03,176.3863067626953,176.3863067626953,167.5339813232422,170.29774475097656,1345778058.0,-0.163341424822207,0.5405313800245681,0.1885949776011805,-0.0344993773912303,0.0537122018272531,-0.0537122018272531
SOL-USD_2022-01-04,SOL-USD,2022-01-04,170.28611755371094,173.735107421875,166.74012756347656,167.93890380859375,1499265336.0,-0.2374717863610392,0.5480555320153719,0.1552918728271663,-0.0138512752816081,0.0526577989071808,-0.0526577989071808
SOL-USD_2022-01-05,SOL-USD,2022-01-05,167.94033813476562,171.11045837402344,148.2161102294922,155.0997314453125,2123759721.0,-0.3614636246352305,0.3968795294653766,0.017707952415073,-0.0764514479498719,0.0516829120928373,-0.0516829120928373
SOL-USD_2022-01-06,SOL-USD,2022-01-06,155.10592651367188,155.10592651367188,146.66766357421875,150.4313507080078,2097172620.0,-0.3919208304793649,0.1743056070061908,-0.108807611736587,-0.0300992187014246,0.0516773551702588,-0.0516773551702588
SOL-USD_2022-01-07,SOL-USD,2022-01-07,150.4134063720703,150.5209503173828,135.14999389648438,136.40281677246094,2926269672.0,-0.4231813066064113,-0.0694502984291727,-0.246315802517792,-0.0932553877201881,0.0526156662420722,-0.0526156662420722
SOL-USD_2022-01-08,SOL-USD,2022-01-08,136.40016174316406,147.83731079101562,134.02101135253906,142.51345825195312,2730000333.0,-0.4496154281323219,0.0244433587944341,-0.2125860346689438,0.0447984992105081,0.0514076923274584,-0.0514076923274584
SOL-USD_2022-01-09,SOL-USD,2022-01-09,142.54312133789062,145.44041442871094,138.39410400390625,140.83900451660156,1599123912.0,-0.4362459407374542,-0.008670830953917,-0.2224583858456856,-0.0117494428658888,0.0512934753152536,-0.0512934753152536
SOL-USD_2022-01-10,SOL-USD,2022-01-10,140.83363342285156,143.56336975097656,130.7969970703125,135.95494079589844,2040883379.0,-0.4528253522190653,-0.1729274878333234,-0.3128764200261943,-0.0346783459416415,0.0514042363522467,-0.0514042363522467
SOL-USD_2022-01-11,SOL-USD,2022-01-11,135.94090270996094,143.29904174804688,134.13397216796875,140.18385314941406,1554197314.0,-0.4139792813351881,-0.1903856606854309,-0.3021824710103095,0.031105249494862,0.051503178636093,-0.051503178636093
SOL-USD_2022-01-12,SOL-USD,2022-01-12,140.20375061035156,152.9364776611328,138.5462646484375,151.70310974121094,2242337550.0,-0.3510847057710101,-0.2059149899014296,-0.2784998478362199,0.0821724922878182,0.0526737397388242,-0.0526737397388242
SOL-USD_2022-01-13,SOL-USD,2022-01-13,151.6905975341797,157.54373168945312,146.01004028320312,146.01004028320312,2177023564.0,-0.3766667913040293,-0.2241588830511772,-0.3004128371776033,-0.0375277043939281,0.0528184865234276,-0.0528184865234276
SOL-USD_2022-01-14,SOL-USD,2022-01-14,146.02590942382812,150.469482421875,142.39068603515625,146.15902709960938,1822320951.0,-0.3603602189846582,-0.1873970108371068,-0.2738786149108825,0.0010203874755274,0.052772999620772,-0.052772999620772
SOL-USD_2022-01-15,SOL-USD,2022-01-15,146.18002319335938,149.35018920898438,144.4191436767578,147.80117797851562,1123271784.0,-0.3888094233777935,-0.1736851646244738,-0.2812472940011337,0.0112353708935617,0.0521820740140135,-0.0521820740140135
SOL-USD_2022-01-16,SOL-USD,2022-01-16,147.78660583496094,151.7723388671875,146.4017791748047,147.8565216064453,1172854751.0,-0.3798628583935637,-0.1528673607321521,-0.2663651095628579,0.0003744464603505,0.0521798132009342,-0.0521798132009342
SOL-USD_2022-01-17,SOL-USD,2022-01-17,147.8767852783203,148.20587158203125,137.50003051757812,139.92601013183594,1487772250.0,-0.410970796900088,-0.1733539019993151,-0.2921623494497015,-0.0536365348545009,0.0525190472146516,-0.0525190472146516
SOL-USD_2022-01-18,SOL-USD,2022-01-18,139.93276977539062,142.46649169921875,134.8957977294922,141.58718872070312,1449435942.0,-0.354188032070325,-0.1044160054790596,-0.2293020187746923,0.0118718356029878,0.0517953345788054,-0.0517953345788054
SOL-USD_2022-01-19,SOL-USD,2022-01-19,141.5469970703125,142.29408264160156,133.3551788330078,135.79238891601562,1444663456.0,-0.3791361378433319,-0.1465898702492549,-0.2628630040462934,-0.040927430349072,0.0519840155451305,-0.0519840155451305
SOL-USD_2022-01-20,SOL-USD,2022-01-20,135.7913360595703,143.61740112304688,127.17404174804688,127.20528411865234,984099352.0,-0.3492916851104358,-0.1657250809103591,-0.2575083830103974,-0.0632370110424539,0.050922102096866,-0.050922102096866
SOL-USD_2022-01-21,SOL-USD,2022-01-21,127.33333587646484,128.432861328125,107.90899658203124,111.96605682373048,3771688473.0,-0.4799050096497943,-0.2413867272690993,-0.3606458684594468,-0.1198002693088384,0.0510613034074797,-0.0510613034074797
SOL-USD_2022-01-22,SOL-USD,2022-01-22,111.9765396118164,113.58767700195312,89.28715515136719,94.1783676147461,4039466376.0,-0.5680194058601824,-0.44333834461149,-0.5056788752358362,-0.1588668004713943,0.0543521830891137,-0.0543521830891137
SOL-USD_2022-01-23,SOL-USD,2022-01-23,94.30760192871094,104.51920318603516,93.5934829711914,99.5782241821289,2548191912.0,-0.5694522019631678,-0.3470995066297935,-0.4582758542964806,0.0573364850564401,0.0542781151998366,-0.0542781151998366
SOL-USD_2022-01-24,SOL-USD,2022-01-24,99.61751556396484,99.77051544189452,81.2260513305664,91.65016174316406,4664539688.0,-0.5751769734933365,-0.3063871345023837,-0.4407820539978601,-0.0796164272267437,0.0545042962434432,-0.0545042962434432
SOL-USD_2022-01-25,SOL-USD,2022-01-25,91.66015625,99.70123291015624,87.75712585449219,94.72035217285156,2842652332.0,-0.5730180475671747,-0.235820481378489,-0.4044192644728318,0.0334990181282086,0.0545705348436293,-0.0545705348436293
SOL-USD_2022-01-26,SOL-USD,2022-01-26,94.71883392333984,103.7215576171875,89.80755615234375,92.23804473876952,3177186515.0,-0.5708292196476021,-0.3764508429846456,-0.4736400313161238,-0.0262066955742751,0.054545873810651,-0.054545873810651
SOL-USD_2022-01-27,SOL-USD,2022-01-27,92.21805572509766,94.05999755859376,86.18603515625,89.63249206542969,2513945822.0,-0.5654245218390239,-0.4014667447843696,-0.4834456333116967,-0.0282481342782048,0.0544652914596796,-0.0544652914596796
SOL-USD_2022-01-28,SOL-USD,2022-01-28,89.52909088134766,93.36466979980467,87.5742416381836,91.31289672851562,2156098049.0,-0.5231995056296297,-0.3449372350495044,-0.4340683703395671,0.0187477177568518,0.0540518618385019,-0.0540518618385019
SOL-USD_2022-01-29,SOL-USD,2022-01-29,91.35469818115234,98.61104583740234,90.96379852294922,96.2234878540039,1727329992.0,-0.5016964644334718,-0.2934039671372076,-0.3975502157853397,0.0537776294633174,0.0546041600910558,-0.0546041600910558
SOL-USD_2022-01-30,SOL-USD,2022-01-30,96.2490005493164,97.29832458496094,91.70702362060548,93.29767608642578,1110338981.0,-0.5350845471007399,-0.3124678827426906,-0.4237762149217153,-0.0304064198131889,0.0543057153021979,-0.0543057153021979
SOL-USD_2022-01-31,SOL-USD,2022-01-31,93.3011703491211,100.7250747680664,89.58599090576172,99.73883819580078,1888454241.0,-0.5118483385776869,-0.2705332569101695,-0.3911907977439282,0.0690388268986279,0.0551129072454139,-0.0551129072454139
SOL-USD_2022-02-01,SOL-USD,2022-02-01,99.72594451904295,112.9801254272461,99.47785949707033,109.9789810180664,3568466349.0,-0.4729551001640749,-0.1638945675867645,-0.3184248338754197,0.1026695619028852,0.0567818415834927,-0.0567818415834927
SOL-USD_2022-02-02,SOL-USD,2022-02-02,110.01945495605467,111.95736694335938,97.735595703125,101.8376007080078,3297984784.0,-0.5568410032242102,-0.2476061658147503,-0.4022235845194802,-0.0740266934162738,0.0555985973714481,-0.0555985973714481
SOL-USD_2022-02-03,SOL-USD,2022-02-03,101.8281021118164,102.66846466064452,94.63531494140624,101.45903778076172,2618951519.0,-0.5664014753731472,-0.2807845474051609,-0.423593011389154,-0.0037173197779031,0.0554790635080456,-0.0554790635080456
SOL-USD_2022-02-04,SOL-USD,2022-02-04,101.34093475341795,112.41033172607422,100.67737579345705,112.17424774169922,3121470028.0,-0.4689332766588729,-0.3062060778315171,-0.387569677245195,0.10561119241138,0.0563098295231494,-0.0563098295231494
SOL-USD_2022-02-05,SOL-USD,2022-02-05,112.20548248291016,118.21311950683594,110.53406524658205,113.89430236816406,2337469324.0,-0.4337133751771596,-0.3264399441239957,-0.3800766596505776,0.015333774561391,0.0561591909382766,-0.0561591909382766
SOL-USD_2022-02-06,SOL-USD,2022-02-06,113.90282440185548,115.86648559570312,112.18635559082033,115.2997589111328,1488437091.0,-0.4122404934691228,-0.3319408887238156,-0.3720906910964692,0.0123400074783863,0.056169561327411,-0.056169561327411
SOL-USD_2022-02-07,SOL-USD,2022-02-07,115.27619171142578,121.55403137207033,113.14046478271484,117.35514831542967,2501444983.0,-0.3956971141758021,-0.2961446765119944,-0.3459208953438982,0.0178264848401032,0.0562535770711128,-0.0562535770711128
SOL-USD_2022-02-08,SOL-USD,2022-02-08,117.4089126586914,119.96955108642578,110.241943359375,113.5954818725586,2670414753.0,-0.4040014461659831,-0.3078334841864554,-0.3559174651762192,-0.0320366553733609,0.0563262044524011,-0.0563262044524011
SOL-USD_2022-02-09,SOL-USD,2022-02-09,113.5340347290039,116.82732391357422,109.97865295410156,114.01937866210938,1844036035.0,-0.4141486984277517,-0.2601320546694647,-0.3371403765486082,0.003731634238995,0.0562306954730528,-0.0562306954730528
SOL-USD_2022-02-10,SOL-USD,2022-02-10,114.02164459228516,114.78842163085938,106.20280456542967,106.20280456542967,2534257400.0,-0.4138209134197322,-0.3116282984464797,-0.362724605933106,-0.0685547859355006,0.0562214413781034,-0.0562214413781034
SOL-USD_2022-02-11,SOL-USD,2022-02-11,106.22976684570312,107.84539031982422,95.60428619384766,96.3818817138672,2244853464.0,-0.4261440446374189,-0.3936309236101544,-0.4098874841237866,-0.0924732909996927,0.0566430929263842,-0.0566430929263842
SOL-USD_2022-02-12,SOL-USD,2022-02-12,96.4014892578125,99.55365753173828,93.49864196777344,95.91820526123048,1722515979.0,-0.4421722137120611,-0.3883775301530355,-0.4152748719325483,-0.0048108258978928,0.0565053403362574,-0.0565053403362574
SOL-USD_2022-02-13,SOL-USD,2022-02-13,95.89258575439452,97.20621490478516,91.81570434570312,93.24410247802734,1150014559.0,-0.4623582771028517,-0.3701795512918293,-0.4162689141973405,-0.0278789910207378,0.0565230714165755,-0.0565230714165755
SOL-USD_2022-02-14,SOL-USD,2022-02-14,93.19368743896484,97.74172973632812,91.20769500732422,96.43327331542967,1787236369.0,-0.3787038650937674,-0.3342916459110693,-0.3564977555024183,0.034202386560092,0.0553867059577791,-0.0553867059577791
SOL-USD_2022-02-15,SOL-USD,2022-02-15,96.43740844726562,105.29197692871094,96.43329620361328,104.87330627441406,2134576044.0,-0.3160798397115844,-0.3133738204036452,-0.3147268300576148,0.0875220001231043,0.0566184470876536,-0.0566184470876536
SOL-USD_2022-02-16,SOL-USD,2022-02-16,104.92504119873048,105.34634399414062,98.58037567138672,101.93289947509766,1908954820.0,-0.4284375459348777,-0.3120824457965382,-0.3702599958657079,-0.0280377047675265,0.0524691154203831,-0.0524691154203831
SOL-USD_2022-02-17,SOL-USD,2022-02-17,101.89823150634766,102.6329345703125,92.6762466430664,93.4104232788086,1872498133.0,-0.4721222937058789,-0.3762525648374817,-0.4241874292716803,-0.0836086900321236,0.0533391309451531,-0.0533391309451531
SOL-USD_2022-02-18,SOL-USD,2022-02-18,93.46298217773438,96.20182037353516,89.70610809326172,90.06546020507812,1669246812.0,-0.4868161321756694,-0.4460789580988193,-0.4664475451372444,-0.0358093128830657,0.0534485776746074,-0.0534485776746074
SOL-USD_2022-02-19,SOL-USD,2022-02-19,90.0518798828125,92.54096221923828,88.95311737060547,91.49665069580078,1084605729.0,-0.4995674447014814,-0.4192120288278403,-0.4593897367646609,0.0158905587942796,0.0531498190247351,-0.0531498190247351
SOL-USD_2022-02-20,SOL-USD,2022-02-20,91.44432067871094,93.32028198242188,86.01744079589844,90.9014129638672,1912980153.0,-0.4952670977808345,-0.4309550032142607,-0.4631110504975476,-0.0065055685361923,0.0531464968803808,-0.0531464968803808
SOL-USD_2022-02-21,SOL-USD,2022-02-21,90.88302612304688,95.90409088134766,83.11844635009766,83.12316131591797,2892900595.0,-0.5213778561722561,-0.4713318961999295,-0.4963548761860928,-0.0855679949776032,0.0539108696694732,-0.0539108696694732
SOL-USD_2022-02-22,SOL-USD,2022-02-22,83.10639953613281,87.16397857666016,81.2048568725586,86.46538543701172,2046554018.0,-0.5198835929030561,-0.4457952051946202,-0.4828393990488381,0.0402080968551146,0.0539580504876073,-0.0539580504876073
SOL-USD_2022-02-23,SOL-USD,2022-02-23,86.47079467773438,92.73844146728516,84.90278625488281,84.90278625488281,2293962445.0,-0.5246127977167152,-0.5174521332071328,-0.521032465461924,-0.0180719622567024,0.053966787367743,-0.053966787367743
SOL-USD_2022-02-24,SOL-USD,2022-02-24,84.86357879638672,92.2793960571289,76.85957336425781,89.19474792480469,5253578948.0,-0.530643669374718,-0.5313394227348686,-0.5309915460547933,0.0505514819859642,0.0536930426685465,-0.0536930426685465
SOL-USD_2022-02-25,SOL-USD,2022-02-25,89.22813415527344,94.7778091430664,87.27616119384766,92.59882354736328,3069242551.0,-0.5133375232081749,-0.5285949167647829,-0.5209662199864789,0.038164529882728,0.0540236108039888,-0.0540236108039888
SOL-USD_2022-02-26,SOL-USD,2022-02-26,92.6088638305664,94.60433197021484,89.75767517089844,90.14156341552734,1721041901.0,-0.5332377214230333,-0.544057639587797,-0.5386476805054151,-0.0265366236600087,0.0539684979996774,-0.0539684979996774
SOL-USD_2022-02-27,SOL-USD,2022-02-27,90.1246337890625,91.98943328857422,84.49292755126953,85.51905059814453,2012522473.0,-0.5680872007284734,-0.5773956708624909,-0.5727414357954821,-0.0512805929055648,0.0540105467683042,-0.0540105467683042
SOL-USD_2022-02-28,SOL-USD,2022-02-28,85.50110626220703,101.0417938232422,84.57584381103516,99.52034759521484,3457872746.0,-0.4907608863690096,-0.5263288256310463,-0.508544856000028,0.1637213801970585,0.0583599108556918,-0.0583599108556918
SOL-USD_2022-03-01,SOL-USD,2022-03-01,99.54046630859376,101.55915832519533,94.89342498779295,98.65355682373048,3225742519.0,-0.4439723417206709,-0.5062563728715601,-0.4751143572961155,-0.0087096839232305,0.0573809372574954,-0.0573809372574954
SOL-USD_2022-03-02,SOL-USD,2022-03-02,98.6490707397461,105.98477172851562,97.10579681396484,100.6496353149414,3800592927.0,-0.4102245808243655,-0.4523201962295784,-0.431272388526972,0.0202332136364573,0.0573518261090924,-0.0573518261090924
SOL-USD_2022-03-03,SOL-USD,2022-03-03,100.65377044677734,101.4272689819336,94.37796020507812,95.53919982910156,2309311748.0,-0.4469548966552081,-0.5097133996616918,-0.47833414815845,-0.0507745057381365,0.0575647770191133,-0.0575647770191133
SOL-USD_2022-03-04,SOL-USD,2022-03-04,95.5670394897461,95.7081298828125,87.554443359375,88.24597930908203,2592829728.0,-0.4818176157093807,-0.5591729191549135,-0.5204952674321471,-0.0763374670613264,0.0582063548602006,-0.0582063548602006
SOL-USD_2022-03-05,SOL-USD,2022-03-05,88.29053497314453,91.0361785888672,86.2888412475586,89.64784240722656,1437161887.0,-0.4978216742260597,-0.5412462938596543,-0.519533984042857,0.015885858020052,0.0578370273022971,-0.0578370273022971
SOL-USD_2022-03-06,SOL-USD,2022-03-06,89.64859008789062,89.8653793334961,84.32964324951172,84.54218292236328,1467561782.0,-0.5206893058530762,-0.5823448438789964,-0.5515170748660363,-0.056952396708788,0.0581483434642054,-0.0581483434642054
SOL-USD_2022-03-07,SOL-USD,2022-03-07,84.55287170410156,86.48308563232422,80.31684875488281,82.13006591796875,2375648176.0,-0.5177266379066492,-0.5965018560247732,-0.5571142469657112,-0.0285315202543282,0.0581125301863466,-0.0581125301863466
SOL-USD_2022-03-08,SOL-USD,2022-03-08,82.11260223388672,84.77989959716797,81.54011535644531,82.2547607421875,2112765959.0,-0.5102102081365475,-0.6265214649517632,-0.5683658365441553,0.0015182603693912,0.0581276776014558,-0.0581276776014558
SOL-USD_2022-03-09,SOL-USD,2022-03-09,82.27992248535156,89.48204803466797,82.20623779296875,88.20206451416016,2624860794.0,-0.4313203273001164,-0.636877343050593,-0.5340988351753546,0.0723034596211809,0.058388834177714,-0.058388834177714
SOL-USD_2022-03-10,SOL-USD,2022-03-10,88.19039916992188,88.45394897460938,81.01934051513672,82.9390869140625,2196400279.0,-0.4486582316537861,-0.6647405553819958,-0.556699393517891,-0.0596695511503897,0.0586936575176699,-0.0586936575176699
SOL-USD_2022-03-11,SOL-USD,2022-03-11,82.94074249267578,84.05066680908203,80.28123474121094,80.7449951171875,1852734626.0,-0.4080401194948818,-0.6585464751856128,-0.5332932973402473,-0.0264542555086049,0.0577184947940909,-0.0577184947940909
SOL-USD_2022-03-12,SOL-USD,2022-03-12,80.74752044677734,82.66375732421875,80.72209930419922,81.55381774902344,1036290480.0,-0.4277465528564861,-0.6850405314941141,-0.5563935421753001,0.0100170001950221,0.0573838801493369,-0.0573838801493369
SOL-USD_2022-03-13,SOL-USD,2022-03-13,81.53121948242188,82.8830337524414,78.00438690185547,78.93607330322266,1316842580.0,-0.4395297412520551,-0.6840326165349168,-0.5617811788934859,-0.0320983679005282,0.057467133636593,-0.057467133636593
SOL-USD_2022-03-14,SOL-USD,2022-03-14,78.92557525634766,82.09930419921875,78.27435302734375,81.17333984375,1676601058.0,-0.4029393902968852,-0.673303571181828,-0.5381214807393566,0.0283427645549732,0.0575352068984271,-0.0575352068984271
SOL-USD_2022-03-15,SOL-USD,2022-03-15,81.17005920410156,85.5193099975586,79.07177734375,82.95508575439453,1627848455.0,-0.4082407931391543,-0.6532168443188882,-0.5307288187290212,0.021949890371324,0.0574501430970946,-0.0574501430970946
SOL-USD_2022-03-16,SOL-USD,2022-03-16,82.95167541503906,87.90362548828125,81.65324401855469,87.90362548828125,2370877301.0,-0.4205548875152572,-0.623989204342413,-0.5222720459288351,0.0596532411350629,0.0569564331661105,-0.0569564331661105
SOL-USD_2022-03-17,SOL-USD,2022-03-17,87.86245727539062,90.75728607177734,86.75122833251953,87.87684631347656,2440062581.0,-0.3981451813654089,-0.6248439047313687,-0.5114945430483888,-0.0003046424383059,0.0568277908659657,-0.0568277908659657
SOL-USD_2022-03-18,SOL-USD,2022-03-18,87.86626434326172,91.84861755371094,84.63697814941406,89.82203674316406,2745357460.0,-0.3854499545761951,-0.6069093435221491,-0.4961796490491721,0.0221354146318424,0.0569346087995086,-0.0569346087995086
SOL-USD_2022-03-19,SOL-USD,2022-03-19,89.8204574584961,94.36089324951172,89.39261627197266,92.41815185546876,1951674158.0,-0.374713022457083,-0.617830491641188,-0.4962717570491355,0.0289028751343949,0.0570647120373472,-0.0570647120373472
SOL-USD_2022-03-20,SOL-USD,2022-03-20,92.41366577148438,92.43592071533205,88.15045928955078,88.61486053466797,1286133603.0,-0.4006699226258201,-0.6283331589384118,-0.514501540782116,-0.0411530770140123,0.0572316678001994,-0.0572316678001994
SOL-USD_2022-03-21,SOL-USD,2022-03-21,88.6050033569336,91.0119857788086,87.2076416015625,88.7572021484375,1598537312.0,-0.3656847496415287,-0.6263697935672285,-0.4960272716043786,0.0016062950718502,0.0569197653414999,-0.0569197653414999
SOL-USD_2022-03-22,SOL-USD,2022-03-22,88.74190521240234,93.76680755615234,88.18277740478516,90.51296997070312,1879747152.0,-0.3607262719987308,-0.5871493756737607,-0.4739378238362458,0.0197816941021786,0.05696762341805,-0.05696762341805
SOL-USD_2022-03-23,SOL-USD,2022-03-23,90.51393127441406,96.05184173583984,89.81146240234375,95.1026840209961,2099467745.0,-0.2996464324682081,-0.5651757791870109,-0.4324111058276095,0.0507078052104417,0.0572170380630202,-0.0572170380630202
SOL-USD_2022-03-24,SOL-USD,2022-03-24,95.02090454101562,103.45579528808594,94.06550598144533,102.22369384765624,3601646600.0,-0.1963879916159316,-0.4770829841993846,-0.3367354879076581,0.0748770647218328,0.0575563448288178,-0.0575563448288178
SOL-USD_2022-03-25,SOL-USD,2022-03-25,102.23835754394533,104.5829620361328,97.31824493408205,98.6581039428711,2175497007.0,-0.1188570291602771,-0.5417219550839628,-0.33028949212212,-0.0348802686596214,0.0557137577635332,-0.0557137577635332
SOL-USD_2022-03-26,SOL-USD,2022-03-26,98.666748046875,103.19357299804688,97.82968139648438,101.7641830444336,1282869612.0,0.0805473233589975,-0.5332245252591905,-0.2263386009500965,0.031483263689733,0.0520248615114352,-0.0520248615114352
SOL-USD_2022-03-27,SOL-USD,2022-03-27,101.77369689941406,107.29871368408205,99.26909637451172,107.08422088623048,1572329892.0,0.0753778927647181,-0.536998416212662,-0.2308102617239719,0.0522780970930998,0.0519427739344478,-0.0519427739344478
SOL-USD_2022-03-28,SOL-USD,2022-03-28,107.07796478271484,113.17594909667967,105.47787475585938,106.46525573730467,2877146388.0,0.1616483125873549,-0.5065050481102812,-0.1724283677614631,-0.0057801713810237,0.0508830721262048,-0.0508830721262048
SOL-USD_2022-03-29,SOL-USD,2022-03-29,106.32798767089844,115.27571868896484,105.99919128417967,111.71031188964844,3052274877.0,0.1793696848359742,-0.4964304293286499,-0.1585303722463378,0.0492654257581042,0.0510707422976682,-0.0510707422976682
SOL-USD_2022-03-30,SOL-USD,2022-03-30,111.69025421142578,124.6050033569336,107.76725769042967,120.6994857788086,3908170428.0,0.3085650950282574,-0.4384020970248131,-0.0649185009982778,0.0804686133008025,0.051819827075373,-0.051819827075373
SOL-USD_2022-03-31,SOL-USD,2022-03-31,120.68155670166016,128.93011474609375,120.19783020019533,122.66146087646484,4115229587.0,0.3684932556257028,-0.4052863890763895,-0.0183965667253433,0.0162550410633208,0.0516543175820375,-0.0516543175820375
SOL-USD_2022-04-01,SOL-USD,2022-04-01,122.7361068725586,137.55841064453125,118.78791046142578,134.43093872070312,4434807484.0,0.4722010092438826,-0.2980538309799587,0.0870735891319619,0.0959509022649875,0.0528565165410791,-0.0528565165410791
SOL-USD_2022-04-02,SOL-USD,2022-04-02,134.45358276367188,143.02001953125,132.13919067382812,132.19886779785156,3394186456.0,0.3738731649223907,-0.3153941444991969,0.0292395102115969,-0.0166038483707159,0.0526060675339657,-0.0526060675339657
SOL-USD_2022-04-03,SOL-USD,2022-04-03,132.24107360839844,140.26370239257812,131.2261505126953,136.77532958984375,2585967812.0,0.4660100371968825,-0.3184292796017501,0.0737903787975661,0.0346180104884874,0.0525101893631063,-0.0525101893631063
SOL-USD_2022-04-04,SOL-USD,2022-04-04,136.7607879638672,137.63351440429688,126.86532592773438,132.41262817382812,2828117206.0,0.3275934487414451,-0.3519330523034851,-0.01216980178102,-0.0318968444755228,0.0521385256097623,-0.0521385256097623
SOL-USD_2022-04-05,SOL-USD,2022-04-05,132.3878631591797,136.18284606933594,126.56397247314452,126.86223602294922,2239922210.0,0.1535134700157785,-0.3920466087361437,-0.1192665693601826,-0.041917392830482,0.0509761004101408,-0.0509761004101408
SOL-USD_2022-04-06,SOL-USD,2022-04-06,126.8579559326172,127.28115844726562,112.773681640625,112.88338470458984,3281009143.0,0.1084646920173708,-0.508773899124197,-0.200154603553413,-0.1101892238114943,0.0520556649587817,-0.0520556649587817
SOL-USD_2022-04-07,SOL-USD,2022-04-07,112.93579864501952,119.76071166992188,111.95746612548828,118.79651641845705,2431083313.0,0.1708815598582662,-0.4923074831326677,-0.1607129616372007,0.0523826578140049,0.0524182444269949,-0.0524182444269949
SOL-USD_2022-04-08,SOL-USD,2022-04-08,118.81621551513672,122.25411987304688,108.5411605834961,109.8008804321289,2376864565.0,-0.0211578624983107,-0.4801695133687529,-0.2506636879335318,-0.0757230620689355,0.0517139786567396,-0.0517139786567396
SOL-USD_2022-04-09,SOL-USD,2022-04-09,109.79875946044922,113.1148910522461,108.63433837890624,112.97279357910156,1202250516.0,-0.0080909120992174,-0.4382951504815636,-0.2231930312903905,0.0288878662401372,0.0518028278312841,-0.0518028278312841
SOL-USD_2022-04-10,SOL-USD,2022-04-10,112.97270965576172,115.8083267211914,110.0778350830078,111.74243927001952,1280232450.0,-0.0308527934031075,-0.4303745160948323,-0.2306136547489699,-0.0108907133310868,0.0518048077793956,-0.0518048077793956
SOL-USD_2022-04-11,SOL-USD,2022-04-11,111.69898986816406,111.83113861083984,98.6708526611328,99.33910369873048,2272498194.0,-0.1535172923839292,-0.4884680569873276,-0.3209926746856284,-0.1109993271340448,0.053632731560484,-0.053632731560484
SOL-USD_2022-04-12,SOL-USD,2022-04-12,99.38467407226562,109.11756134033205,98.935302734375,103.30638885498048,2317008207.0,-0.0905766043505261,-0.4579849713700926,-0.2742807878603094,0.0399367923459601,0.0537324139644261,-0.0537324139644261
SOL-USD_2022-04-13,SOL-USD,2022-04-13,103.28101348876952,105.67684936523438,100.48845672607422,105.00194549560548,1675840412.0,-0.0790868470983918,-0.4604818307375899,-0.2697843389179909,0.0164128923623996,0.0537706945281591,-0.0537706945281591
SOL-USD_2022-04-14,SOL-USD,2022-04-14,104.94060516357422,107.3296356201172,99.25684356689452,100.70780181884766,1686576071.0,-0.0517406557111835,-0.444150203723578,-0.2479454297173808,-0.0408958487053703,0.0533119478079211,-0.0533119478079211
SOL-USD_2022-04-15,SOL-USD,2022-04-15,100.70652770996094,102.67264556884766,100.10089874267578,101.30977630615234,1050639351.0,0.0511288481264018,-0.3968034506492544,-0.1728373012614262,0.0059774364689988,0.0519671189866079,-0.0519671189866079
SOL-USD_2022-04-16,SOL-USD,2022-04-16,101.29869079589844,103.27172088623048,100.9647216796875,102.25731658935548,774939305.0,0.0660887191421129,-0.4053060898144109,-0.169608685336149,0.0093529007540174,0.0519673123863097,-0.0519673123863097
SOL-USD_2022-04-17,SOL-USD,2022-04-17,102.2484359741211,105.2945556640625,99.95817565917967,100.40969848632812,1057908299.0,0.0768477128083175,-0.4210417403878825,-0.1720970137897824,-0.0180683218047567,0.05188994116795,-0.05188994116795
SOL-USD_2022-04-18,SOL-USD,2022-04-18,100.40795135498048,102.51702880859376,95.2427749633789,102.15853118896484,1846133932.0,0.0593701497076435,-0.341817420551604,-0.1412236354219802,0.0174169699640602,0.0517674596131614,-0.0517674596131614
SOL-USD_2022-04-19,SOL-USD,2022-04-19,102.20238494873048,108.58203125,101.30172729492188,108.58203125,1711909607.0,0.035363860522158,-0.2918937825548529,-0.1282649610163474,0.0628777644536946,0.0512025793268526,-0.0512025793268526
SOL-USD_2022-04-20,SOL-USD,2022-04-20,108.6021957397461,110.72297668457033,104.7726593017578,105.49700164794922,1761531528.0,0.0349651799488179,-0.4084527618765027,-0.1867437909638423,-0.0284119717280642,0.0512061230820387,-0.0512061230820387
SOL-USD_2022-04-21,SOL-USD,2022-04-21,105.49767303466795,109.76532745361328,100.76715087890624,101.77613830566406,1838571747.0,0.089558688775938,-0.4248462584961275,-0.1676437848600947,-0.0352698492294779,0.0502586116875114,-0.0502586116875114
SOL-USD_2022-04-22,SOL-USD,2022-04-22,101.7574234008789,103.4981460571289,99.57942962646484,100.61205291748048,1274793594.0,0.1170991930578921,-0.4267227153631122,-0.15481176115261,-0.0114377044321281,0.0500515775815393,-0.0500515775815393
SOL-USD_2022-04-23,SOL-USD,2022-04-23,100.61978149414062,102.77123260498048,98.78157043457033,100.74443817138672,823252482.0,0.1010724152770585,-0.44898751765419,-0.1739575511885657,0.0013157991519645,0.0500246437686902,-0.0500246437686902
SOL-USD_2022-04-24,SOL-USD,2022-04-24,100.72718811035156,102.21668243408205,99.00851440429688,99.2357940673828,818266008.0,0.0916859356941841,-0.4489901893652293,-0.1786521268355225,-0.0149749617089274,0.0500612969273195,-0.0500612969273195
SOL-USD_2022-04-25,SOL-USD,2022-04-25,99.2414093017578,101.44058990478516,94.75575256347656,101.24763488769533,1538486689.0,0.2180436028280188,-0.4170173595387845,-0.0994868783553828,0.0202733382568234,0.0488144909729182,-0.0488144909729182
SOL-USD_2022-04-26,SOL-USD,2022-04-26,101.2248764038086,101.74248504638672,95.17789459228516,95.78215026855467,1301074534.0,0.1077513826423641,-0.4681503862090761,-0.1801995017833559,-0.0539813559615788,0.0491382982102283,-0.0491382982102283
SOL-USD_2022-04-27,SOL-USD,2022-04-27,95.7855224609375,100.54492950439452,95.28350067138672,98.37886810302734,1253566599.0,0.1587236702419705,-0.4491575961842502,-0.1452169629711398,0.0271106654756858,0.0491584019286883,-0.0491584019286883
SOL-USD_2022-04-28,SOL-USD,2022-04-28,98.38214874267578,100.40122985839844,96.69452667236328,98.18572998046876,1307131609.0,0.1008016981363508,-0.483331754216643,-0.191265028040146,-0.0019632074070654,0.0487919477877397,-0.0487919477877397
SOL-USD_2022-04-29,SOL-USD,2022-04-29,98.1829605102539,98.56856536865234,92.88426971435548,94.01134490966795,1234575023.0,0.0152542041917216,-0.5059138744147434,-0.2453298351115109,-0.0425151910733991,0.0489044608507551,-0.0489044608507551
SOL-USD_2022-04-30,SOL-USD,2022-04-30,94.01355743408205,94.92884826660156,82.90953826904297,85.09593200683594,1293033765.0,-0.0559745273712688,-0.5593645193611155,-0.3076695233661922,-0.0948333726253838,0.0502717645946333,-0.0502717645946333
SOL-USD_2022-05-01,SOL-USD,2022-05-01,85.09468841552734,92.4301300048828,84.94415283203125,89.6715087890625,1426749080.0,0.0485559435222269,-0.5471152672405184,-0.2492796618591457,0.0537696300436429,0.0502746949373084,-0.0502746949373084
SOL-USD_2022-05-02,SOL-USD,2022-05-02,89.67205810546875,90.69336700439452,85.40721893310547,87.58101654052734,1265220129.0,-0.1199687435101117,-0.5518536629775226,-0.3359112032438172,-0.0233127810244911,0.0459024561840464,-0.0459024561840464
SOL-USD_2022-05-03,SOL-USD,2022-05-03,87.562744140625,88.68785858154297,84.92210388183594,85.84237670898438,1011988792.0,-0.1298602962449343,-0.5161782581452017,-0.323019277195068,-0.0198517886663079,0.0459541639974339,-0.0459541639974339
SOL-USD_2022-05-04,SOL-USD,2022-05-04,85.84172821044922,92.93719482421876,85.72806549072266,92.7708511352539,1428455342.0,-0.0782793117434962,-0.4563917947206661,-0.2673355532320812,0.0807115866532663,0.0470273132371871,-0.0470273132371871
SOL-USD_2022-05-05,SOL-USD,2022-05-05,92.76979064941406,95.03282165527344,81.83486938476562,84.59602355957031,1805979399.0,-0.1145412175222962,-0.5103013561370648,-0.3124212868296805,-0.0881184927770601,0.0479023523684083,-0.0479023523684083
SOL-USD_2022-05-06,SOL-USD,2022-05-06,84.58849334716797,84.64693450927734,80.46861267089844,81.76410675048828,1585081920.0,-0.0734523273393675,-0.5198793178217893,-0.2966658225805784,-0.0334757674169858,0.0471098452199528,-0.0471098452199528
SOL-USD_2022-05-07,SOL-USD,2022-05-07,81.76667022705078,82.1807861328125,77.88323211669922,78.9834213256836,1139093165.0,-0.1189590378884936,-0.5575603247085821,-0.3382596812985378,-0.0340086320919549,0.0472558206916097,-0.0472558206916097
SOL-USD_2022-05-08,SOL-USD,2022-05-08,78.98763275146484,79.2837905883789,74.52718353271484,75.22018432617188,1439700868.0,-0.1102644653113816,-0.5735402432612138,-0.3419023542862977,-0.0476459101967009,0.0470920327148769,-0.0470920327148769
SOL-USD_2022-05-09,SOL-USD,2022-05-09,75.23445892333984,76.98309326171875,63.2696533203125,63.2696533203125,2773999164.0,-0.2296407824205811,-0.6284762701183706,-0.4290585262694759,-0.1588739925714506,0.0510307202919769,-0.0510307202919769
SOL-USD_2022-05-10,SOL-USD,2022-05-10,63.36931228637695,73.7598876953125,61.02658462524414,66.76615142822266,3677013066.0,-0.1883004603528184,-0.6024378514205467,-0.3953691558866826,0.055263430798468,0.0515509997360983,-0.0515509997360983
SOL-USD_2022-05-11,SOL-USD,2022-05-11,66.73474884033203,68.11722564697266,44.00382614135742,50.21084976196289,4432811558.0,-0.4307293141205109,-0.6762673326764139,-0.5534983233984625,-0.247959502114745,0.0593151186245395,-0.0593151186245395
SOL-USD_2022-05-12,SOL-USD,2022-05-12,50.23923110961914,53.65938949584961,38.05009078979492,44.683589935302734,4471167155.0,-0.4612481087282559,-0.7029635795663695,-0.5821058441473127,-0.1100809855412429,0.0603671229315863,-0.0603671229315863
SOL-USD_2022-05-13,SOL-USD,2022-05-13,44.63357162475586,55.90211486816406,44.07636642456055,48.59355163574219,2854210432.0,-0.398184970285564,-0.6437496469240583,-0.5209673086048112,0.0875033028031246,0.0614974283764005,-0.0614974283764005
SOL-USD_2022-05-14,SOL-USD,2022-05-14,48.67664337158203,53.06116485595703,46.22056579589844,52.4172248840332,2042138537.0,-0.3572682882198869,-0.6321945623453789,-0.4947314252826328,0.0786868446446005,0.0623887513524046,-0.0623887513524046
SOL-USD_2022-05-15,SOL-USD,2022-05-15,52.43134307861328,58.87806701660156,49.83480072021485,58.81126022338867,1843835578.0,-0.2549507751991555,-0.5824220681959149,-0.4186864216975352,0.1219834768723735,0.0642983041502707,-0.0642983041502707
SOL-USD_2022-05-16,SOL-USD,2022-05-16,58.80391311645508,58.80391311645508,52.26792907714844,53.646461486816406,2067312217.0,-0.3391123047286202,-0.6054099897159836,-0.4722611472223019,-0.0878198956620601,0.0650604538903482,-0.0650604538903482
SOL-USD_2022-05-17,SOL-USD,2022-05-17,53.656005859375,58.03807067871094,53.50530242919922,57.12562561035156,1823895389.0,-0.3113668066176962,-0.5924949676660365,-0.4519308871418663,0.0648535621382997,0.0655627874101947,-0.0655627874101947
SOL-USD_2022-05-18,SOL-USD,2022-05-18,57.11631774902344,57.69771957397461,49.73109436035156,49.75621032714844,1745565671.0,-0.4339686213080982,-0.672015884103977,-0.5529922527060376,-0.1290036687470034,0.0669183289710624,-0.0669183289710624
SOL-USD_2022-05-19,SOL-USD,2022-05-19,49.794864654541016,53.617488861083984,48.63555145263672,52.2139778137207,1958004386.0,-0.4058278146730294,-0.6423946071623174,-0.5241112109176734,0.04939619537767,0.0672864514737463,-0.0672864514737463
SOL-USD_2022-05-20,SOL-USD,2022-05-20,52.21197128295898,53.43804168701172,48.05058288574219,49.53850936889648,1830699507.0,-0.4484815623748743,-0.6610643191054131,-0.5547729407401437,-0.0512404638920493,0.0674286936287909,-0.0674286936287909
SOL-USD_2022-05-21,SOL-USD,2022-05-21,49.53544998168945,51.05504989624024,48.767486572265625,50.3179817199707,979492374.0,-0.4555400566907877,-0.6595562876549947,-0.5575481721728912,0.0157346751245532,0.067335827258795,-0.067335827258795
SOL-USD_2022-05-22,SOL-USD,2022-05-22,50.32065963745117,53.02165985107422,49.86278533935547,52.75518035888672,1105760506.0,-0.4046689230160465,-0.6432001795679534,-0.523934551292,0.0484359379213479,0.0675539009061792,-0.0675539009061792
SOL-USD_2022-05-23,SOL-USD,2022-05-23,52.736087799072266,54.474647521972656,48.92724609375,49.05685043334961,1661669360.0,-0.4472916085017309,-0.6494086382715474,-0.5483501233866391,-0.0701036353279023,0.0680291159191926,-0.0680291159191926
SOL-USD_2022-05-24,SOL-USD,2022-05-24,49.064231872558594,50.57752227783203,47.500823974609375,49.65333557128906,1508166642.0,-0.4514229774212397,-0.6493091216802396,-0.5503660495507396,0.0121590589830029,0.0679875449353088,-0.0679875449353088
SOL-USD_2022-05-25,SOL-USD,2022-05-25,49.64841842651367,50.4423713684082,47.67314529418945,47.98242568969727,1304580067.0,-0.4954671765193918,-0.6466486371384683,-0.5710579068289301,-0.0336515132843956,0.067660887062056,-0.067660887062056
SOL-USD_2022-05-26,SOL-USD,2022-05-26,47.98397445678711,48.55102157592773,42.321380615234375,43.4912109375,2208994514.0,-0.5745486266391933,-0.6581021673837619,-0.6163253970114776,-0.0936012443648013,0.067644840811675,-0.067644840811675
SOL-USD_2022-05-27,SOL-USD,2022-05-27,43.47438049316406,43.81364822387695,40.26896286010742,40.98134613037109,2256358026.0,-0.5846124698068218,-0.6339841975958078,-0.6092983337013148,-0.0577097016391603,0.0678351735192141,-0.0678351735192141
SOL-USD_2022-05-28,SOL-USD,2022-05-28,41.49373245239258,44.65801239013672,40.54867935180664,44.34316253662109,1254325884.0,-0.5642557016621517,-0.5291576647620935,-0.5467066832121226,0.0820328447863887,0.0686454431225811,-0.0686454431225811
SOL-USD_2022-05-29,SOL-USD,2022-05-29,44.33879089355469,45.3862533569336,41.998046875,44.90961456298828,1317843243.0,-0.5806140793544026,-0.5490016524009462,-0.5648078658776744,0.0127742811735491,0.0682405019121341,-0.0682405019121341
SOL-USD_2022-05-30,SOL-USD,2022-05-30,44.908668518066406,47.93682861328125,44.35740661621094,47.179443359375,1708817065.0,-0.5568559617628979,-0.485222475748724,-0.5210392187558109,0.050542157141054,0.0686813029054888,-0.0686813029054888
SOL-USD_2022-05-31,SOL-USD,2022-05-31,47.18132781982422,48.03899002075195,44.84001541137695,45.76784133911133,1509191627.0,-0.590298867088273,-0.516810904000955,-0.553554885544614,-0.0299198532189374,0.0682954167338583,-0.0682954167338583
SOL-USD_2022-06-01,SOL-USD,2022-06-01,45.76512908935547,45.946659088134766,40.05035018920898,40.26966857910156,1422647092.0,-0.6663642076081506,-0.5634158476239317,-0.6148900276160412,-0.12013179121278,0.0686069479671416,-0.0686069479671416
SOL-USD_2022-06-02,SOL-USD,2022-06-02,40.255279541015625,41.32786560058594,38.36067199707031,40.8913459777832,1554022054.0,-0.6666324884311805,-0.5437888087733469,-0.6052106486022637,0.015437857340705,0.0686010525441713,-0.0686010525441713
SOL-USD_2022-06-03,SOL-USD,2022-06-03,40.895751953125,41.43334579467773,37.80271911621094,38.259220123291016,1348656102.0,-0.7153986984887514,-0.5810096766830173,-0.6482041875858844,-0.0643687751418663,0.0673875559252076,-0.0673875559252076
SOL-USD_2022-06-04,SOL-USD,2022-06-04,38.27455139160156,39.04042816162109,36.04072570800781,38.93144607543945,1130762770.0,-0.7055084757989725,-0.5954059976031154,-0.6504572367010439,0.0175702993940329,0.0675313821042467,-0.0675313821042467
SOL-USD_2022-06-05,SOL-USD,2022-06-05,38.93410110473633,39.99529647827149,38.03535079956055,38.48053359985352,998532387.0,-0.7186588128484328,-0.5875509957589158,-0.6531049043036743,-0.0115822174884584,0.067213588362599,-0.067213588362599
SOL-USD_2022-06-06,SOL-USD,2022-06-06,38.5015983581543,44.45061874389648,38.43878936767578,42.43313217163086,1955057411.0,-0.6795386304399482,-0.5745575851973641,-0.6270481078186562,0.102716833734145,0.0688704280746951,-0.0688704280746951
SOL-USD_2022-06-07,SOL-USD,2022-06-07,42.42977523803711,42.449310302734375,37.77632522583008,39.43757247924805,1974825213.0,-0.6891307159987796,-0.6414080934904318,-0.6652694047446057,-0.0705948285944709,0.0691424550721186,-0.0691424550721186
SOL-USD_2022-06-08,SOL-USD,2022-06-08,39.43405151367188,40.52680587768555,38.40160751342773,38.84336853027344,1211034282.0,-0.6558982649933417,-0.6185753762832016,-0.6372368206382717,-0.0150669504135244,0.0680806796526429,-0.0680806796526429
SOL-USD_2022-06-09,SOL-USD,2022-06-09,38.845584869384766,41.72376251220703,38.555694580078125,39.97260665893555,1265873005.0,-0.6635203803608746,-0.6060222180964248,-0.6347712992286496,0.0290715808486592,0.0677745777250484,-0.0677745777250484
SOL-USD_2022-06-10,SOL-USD,2022-06-10,39.96762466430664,40.769779205322266,37.001258850097656,37.08976745605469,1177042406.0,-0.6622088337535604,-0.6693557728021466,-0.6657823032778536,-0.0721203705197049,0.0677238107000738,-0.0677238107000738
SOL-USD_2022-06-11,SOL-USD,2022-06-11,37.09238052368164,37.843257904052734,33.435916900634766,33.82111740112305,1086904917.0,-0.700625997378368,-0.7030482061183705,-0.7018371017483692,-0.0881280816549863,0.0681125342393323,-0.0681125342393323
SOL-USD_2022-06-12,SOL-USD,2022-06-12,33.83749008178711,34.2285041809082,30.74327087402344,30.74327087402344,1430666510.0,-0.7248738162970114,-0.7333622276025851,-0.7291180219497982,-0.0910036912913292,0.0687498369249335,-0.0687498369249335
SOL-USD_2022-06-13,SOL-USD,2022-06-13,30.73029327392578,30.91798210144043,26.139610290527344,28.19236183166504,2577135234.0,-0.7162007630231384,-0.7597688534644513,-0.7379848082437949,-0.0829745492212344,0.0682259542477933,-0.0682259542477933
SOL-USD_2022-06-14,SOL-USD,2022-06-14,28.18289566040039,31.61031913757324,26.06031990051269,29.714618682861328,2317785256.0,-0.7123641721271069,-0.7384172487053859,-0.7253907104162465,0.0539953644283368,0.06843913000886,-0.06843913000886
SOL-USD_2022-06-15,SOL-USD,2022-06-15,29.69576835632324,34.565528869628906,26.86840057373047,34.48794174194336,2574959860.0,-0.6715494976863382,-0.6975256123422088,-0.6845375550142735,0.1606388798061597,0.0719048367334571,-0.0719048367334571
SOL-USD_2022-06-16,SOL-USD,2022-06-16,34.50612258911133,35.71171951293945,29.731698989868164,29.98974227905273,1908909523.0,-0.7022103378544791,-0.7176181702379001,-0.7099142540461896,-0.1304281796967904,0.0732986856909031,-0.0732986856909031
SOL-USD_2022-06-17,SOL-USD,2022-06-17,30.00250244140625,32.00886917114258,29.478063583374023,30.742919921875,1283536081.0,-0.6965453775263342,-0.6810300922206234,-0.6887877348734788,0.0251145086814683,0.0734320109719823,-0.0734320109719823
SOL-USD_2022-06-18,SOL-USD,2022-06-18,30.74092483520508,31.838632583618164,27.46303939819336,31.80793571472168,1804420726.0,-0.6889422021266619,-0.6683847906860467,-0.6786634964063543,0.0346426362737546,0.0736416216277037,-0.0736416216277037
SOL-USD_2022-06-19,SOL-USD,2022-06-19,31.80913352966309,35.16057586669922,28.91050910949707,34.24374771118164,2005402608.0,-0.6589597595909094,-0.6327515971398721,-0.6458556783653907,0.0765787512369937,0.0745500837716567,-0.0745500837716567
SOL-USD_2022-06-20,SOL-USD,2022-06-20,34.238365173339844,36.76423645019531,31.892911911010746,35.4171142578125,1958378683.0,-0.6533122212544276,-0.6327293159284926,-0.6430207685914601,0.0342651323250964,0.074695002716986,-0.074695002716986
SOL-USD_2022-06-21,SOL-USD,2022-06-21,35.39715576171875,38.80477142333984,34.40011215209961,36.12115859985352,1790090431.0,-0.6673376047212828,-0.6555733781736792,-0.6614554914474811,0.0198786478456731,0.0741775257600427,-0.0741775257600427
SOL-USD_2022-06-22,SOL-USD,2022-06-22,36.18272399902344,36.704681396484375,33.80274200439453,34.12163543701172,1533123071.0,-0.6765629837435763,-0.6652539502680617,-0.670908467005819,-0.0553560085099239,0.0743365168501908,-0.0743365168501908
SOL-USD_2022-06-23,SOL-USD,2022-06-23,34.12080383300781,38.347354888916016,34.083587646484375,38.17523193359375,1666479184.0,-0.6249098013628483,-0.5913172150001988,-0.6081135081815237,0.1187984234830987,0.0761683200451389,-0.0761683200451389
SOL-USD_2022-06-24,SOL-USD,2022-06-24,38.20144271850586,42.72931671142578,37.852935791015625,42.2120475769043,1765927064.0,-0.5804474081099849,-0.5313181381543168,-0.5558827731321508,0.1057443645747231,0.0776114426113335,-0.0776114426113335
SOL-USD_2022-06-25,SOL-USD,2022-06-25,42.20299911499024,42.49069213867188,39.87532806396485,42.33281326293945,1271293523.0,-0.5797999965921419,-0.5373293673482815,-0.5585646819702117,0.0028609293547094,0.0776155210306649,-0.0776155210306649
SOL-USD_2022-06-26,SOL-USD,2022-06-26,42.30241775512695,42.34132385253906,39.38430404663086,39.40808868408203,1138724690.0,-0.6028843316623913,-0.5664744100320362,-0.5846793708472138,-0.0690888309428254,0.0779633609096801,-0.0779633609096801
SOL-USD_2022-06-27,SOL-USD,2022-06-27,39.409088134765625,41.082157135009766,38.17092514038086,38.45125198364258,1253389517.0,-0.6202256771104528,-0.5374183154860448,-0.5788219962982488,-0.0242802107991079,0.0778728874161156,-0.0778728874161156
SOL-USD_2022-06-28,SOL-USD,2022-06-28,38.44542694091797,39.7059326171875,35.2291374206543,35.326438903808594,1361946847.0,-0.6311793084122661,-0.5914383689465748,-0.6113088386794204,-0.0812668747733702,0.0781844491488824,-0.0781844491488824
SOL-USD_2022-06-29,SOL-USD,2022-06-29,35.32723617553711,35.96923065185547,33.25113677978516,33.8739013671875,1366803516.0,-0.6556790902319283,-0.6010272116924856,-0.6283531509622069,-0.0411175760052194,0.0780980056964355,-0.0780980056964355
SOL-USD_2022-06-30,SOL-USD,2022-06-30,33.908782958984375,34.045753479003906,31.05734634399414,33.588417053222656,1321861663.0,-0.6579093819447683,-0.623426066728287,-0.6406677243365277,-0.0084278545559379,0.078086604583816,-0.078086604583816
SOL-USD_2022-07-01,SOL-USD,2022-07-01,33.645652770996094,35.230743408203125,31.934066772460938,32.803070068359375,1427407655.0,-0.6510732816355447,-0.645750682225666,-0.6484119819306053,-0.0233814824800721,0.0780102340891103,-0.0780102340891103
SOL-USD_2022-07-02,SOL-USD,2022-07-02,32.811004638671875,33.93459701538086,31.95758628845215,33.35940933227539,765552187.0,-0.607978800565983,-0.6299220019238199,-0.6189504012449014,0.0169599754765832,0.077398975749023,-0.077398975749023
SOL-USD_2022-07-03,SOL-USD,2022-07-03,33.356258392333984,33.57749938964844,32.219078063964844,33.38593292236328,605659825.0,-0.6276862810360624,-0.6096082371254992,-0.6186472590807808,0.0007950857230025,0.076962684845221,-0.076962684845221
SOL-USD_2022-07-04,SOL-USD,2022-07-04,33.38526916503906,36.8065071105957,32.520713806152344,36.78503036499024,1091202628.0,-0.5799885429741696,-0.6303767897334098,-0.6051826663537897,0.1018122647802393,0.0782835808339552,-0.0782835808339552
SOL-USD_2022-07-05,SOL-USD,2022-07-05,36.761268615722656,36.87248992919922,33.26679229736328,35.39555358886719,1569156882.0,-0.5876680615581948,-0.6412136092354958,-0.6144408353968454,-0.0377728864795358,0.0783504125976962,-0.0783504125976962
SOL-USD_2022-07-06,SOL-USD,2022-07-06,35.404720306396484,37.47623062133789,34.889488220214844,37.07356262207031,1410588451.0,-0.6003748788720343,-0.6316572583093427,-0.6160160685906886,0.0474073397097793,0.0778333421490921,-0.0778333421490921
SOL-USD_2022-07-07,SOL-USD,2022-07-07,37.07526779174805,39.11948013305664,36.49771118164063,38.51830673217773,1189167903.0,-0.5446794646907471,-0.5968324331679726,-0.5707559489293599,0.0389696594534278,0.0774582673187476,-0.0774582673187476
SOL-USD_2022-07-08,SOL-USD,2022-07-08,38.51742935180664,39.352840423583984,36.55620956420898,38.286720275878906,1485794730.0,-0.5317417165368805,-0.5661363772531839,-0.5489390468950321,-0.0060123737502032,0.077397603326056,-0.077397603326056
SOL-USD_2022-07-09,SOL-USD,2022-07-09,38.29243469238281,38.79253387451172,37.87006378173828,38.07196044921875,789899204.0,-0.5179752939261619,-0.5753164891991895,-0.5466458915626757,-0.0056092510696315,0.0773318114944217,-0.0773318114944217
SOL-USD_2022-07-10,SOL-USD,2022-07-10,38.071083068847656,38.071083068847656,36.38676834106445,36.69760894775391,714119421.0,-0.5121308292914477,-0.5659254625415334,-0.5390281459164905,-0.0360987846501358,0.0772511067050608,-0.0772511067050608
SOL-USD_2022-07-11,SOL-USD,2022-07-11,36.69319534301758,36.69319534301758,33.33729934692383,33.463600158691406,930216020.0,-0.4710955663171299,-0.5925535942937785,-0.5318245803054542,-0.0881258720061772,0.0755216257263926,-0.0755216257263926
SOL-USD_2022-07-12,SOL-USD,2022-07-12,33.465030670166016,34.501243591308594,32.75759506225586,32.75759506225586,916386230.0,-0.5093682298361603,-0.6017544180217295,-0.5555613239289449,-0.0210977029694211,0.0751152043707545,-0.0751152043707545
SOL-USD_2022-07-13,SOL-USD,2022-07-13,32.74802780151367,34.939666748046875,31.959470748901367,34.91093826293945,1313110217.0,-0.3047132556321293,-0.6041936381507853,-0.4544534468914573,0.0657356926413907,0.0691367622240471,-0.0691367622240471
SOL-USD_2022-07-14,SOL-USD,2022-07-14,34.912261962890625,37.22102355957031,33.690948486328125,37.10782241821289,1320137563.0,-0.1695424993394393,-0.5525894508983173,-0.3610659751188783,0.0629282472652874,0.0682613656159723,-0.0682613656159723
SOL-USD_2022-07-15,SOL-USD,2022-07-15,37.11223983764648,38.85118103027344,36.64623260498047,37.41592788696289,1266226950.0,-0.2300227781777897,-0.5366161353696277,-0.3833194567737087,0.0083029789589264,0.0673346693733155,-0.0673346693733155
SOL-USD_2022-07-16,SOL-USD,2022-07-16,37.41275787353516,40.08470153808594,36.40153884887695,39.57412338256836,1149921714.0,-0.2450168151762833,-0.5147483652530511,-0.3798825902146672,0.0576811966851547,0.0669802184595518,-0.0669802184595518
SOL-USD_2022-07-17,SOL-USD,2022-07-17,39.579891204833984,40.96872329711914,38.54647445678711,38.64472198486328,1119935904.0,-0.3429026713919209,-0.5104301447018449,-0.4266664080468829,-0.0234850785883601,0.0651099559260455,-0.0651099559260455
SOL-USD_2022-07-18,SOL-USD,2022-07-18,38.64695739746094,43.74615859985352,38.60856246948242,43.74615859985352,1793335611.0,-0.1845471744561545,-0.4610772615237933,-0.3228122179899739,0.1320086250585117,0.0664521307409533,-0.0664521307409533
SOL-USD_2022-07-19,SOL-USD,2022-07-19,43.66854476928711,47.09938049316406,42.71699905395508,44.89987564086914,2530289999.0,-0.2140151611270412,-0.4587447504568389,-0.3363799557919401,0.0263729908623218,0.0660118788344009,-0.0660118788344009
SOL-USD_2022-07-20,SOL-USD,2022-07-20,44.896854400634766,46.09572982788086,41.64255142211914,42.09366989135742,2020822242.0,-0.1540016891441209,-0.5211384097352267,-0.3375700494396738,-0.062499187569184,0.0644562519229274,-0.0644562519229274
SOL-USD_2022-07-21,SOL-USD,2022-07-21,42.08842468261719,43.91940689086914,39.81828689575195,43.19059371948242,1926399176.0,-0.1728154887266055,-0.5085099712680652,-0.3406627299973354,0.02605911603707,0.0642308542825382,-0.0642308542825382
SOL-USD_2022-07-22,SOL-USD,2022-07-22,43.18901062011719,44.22321701049805,40.13887786865234,40.61850357055664,1523873136.0,-0.1800620549947431,-0.5477891056211446,-0.3639255803079438,-0.0595520905693306,0.0643441748978164,-0.0643441748978164
SOL-USD_2022-07-23,SOL-USD,2022-07-23,40.59116744995117,41.82637786865234,38.714317321777344,40.040977478027344,1151436691.0,-0.2042411855693432,-0.5667412010072785,-0.3854911932883109,-0.014218300571465,0.0643282895919178,-0.0643282895919178
SOL-USD_2022-07-24,SOL-USD,2022-07-24,40.03881072998047,42.021121978759766,39.60561752319336,41.00658416748047,1115260733.0,-0.2227003322040045,-0.5372493516317407,-0.3799748419178726,0.0241154624654955,0.0640957616948807,-0.0640957616948807
SOL-USD_2022-07-25,SOL-USD,2022-07-25,41.00947952270508,41.04818344116211,36.71199798583984,36.71199798583984,1465847128.0,-0.2516438038410543,-0.586377250553226,-0.4190105271971401,-0.1047291860277983,0.0648335334037493,-0.0648335334037493
SOL-USD_2022-07-26,SOL-USD,2022-07-26,36.715423583984375,36.715423583984375,34.81983947753906,36.19085311889648,1362323126.0,-0.2711294678897054,-0.600158373649538,-0.4356439207696216,-0.0141954918156285,0.0648222450628635,-0.0648222450628635
SOL-USD_2022-07-27,SOL-USD,2022-07-27,36.2037467956543,40.39472961425781,35.75505828857422,40.3078498840332,1829226049.0,-0.1599455570524011,-0.5761649600222185,-0.3680552585373098,0.1137579363385359,0.0663388411649553,-0.0663388411649553
SOL-USD_2022-07-28,SOL-USD,2022-07-28,40.30208206176758,44.07329559326172,39.13290023803711,42.84526824951172,2454901807.0,-0.0148522580554619,-0.5808675402263986,-0.2978598991409303,0.0629509728943304,0.0657286114658971,-0.0657286114658971
SOL-USD_2022-07-29,SOL-USD,2022-07-29,42.87696838378906,44.2287483215332,41.27700805664063,41.92699813842773,2066610408.0,0.0230751816948204,-0.5750273270738514,-0.2759760726895154,-0.0214322409124946,0.0653560303775412,-0.0653560303775412
SOL-USD_2022-07-30,SOL-USD,2022-07-30,41.92341613769531,46.47602462768555,41.61918640136719,43.755889892578125,1980341418.0,-0.0132438150652416,-0.5700266185650715,-0.2916352168151566,0.0436208609095281,0.0647782546996382,-0.0647782546996382
SOL-USD_2022-07-31,SOL-USD,2022-07-31,43.76065826416016,45.05152893066406,42.35273742675781,42.400203704833984,1356657075.0,-0.055876918173829,-0.6040480721255725,-0.3299624951497008,-0.030982941749611,0.0648936284263997,-0.0648936284263997
SOL-USD_2022-08-01,SOL-USD,2022-08-01,42.401554107666016,43.11629104614258,40.73676300048828,41.78648376464844,1082119921.0,-0.1143074019260325,-0.6075106054527915,-0.360909003689412,-0.0144744573506748,0.0646117994950891,-0.0646117994950891
SOL-USD_2022-08-02,SOL-USD,2022-08-02,41.774147033691406,42.33211135864258,39.74711990356445,39.7545051574707,1205226999.0,-0.1313878043118864,-0.6441285993656372,-0.3877582018387618,-0.0486276523916759,0.0647947951709188,-0.0647947951709188
SOL-USD_2022-08-03,SOL-USD,2022-08-03,39.75486373901367,40.73065185546875,37.89313125610352,38.54441833496094,2312325350.0,-0.0428424247086047,-0.6806579739237941,-0.3617501993161994,-0.0304389859140874,0.0630793689704795,-0.0630793689704795
SOL-USD_2022-08-04,SOL-USD,2022-08-04,38.54463958740234,39.67987823486328,38.04472732543945,38.83067321777344,1235137178.0,-0.050393859892246,-0.6834321641018062,-0.3669130119970261,0.007426623495129,0.0630583615214133,-0.0630583615214133
SOL-USD_2022-08-05,SOL-USD,2022-08-05,38.82399368286133,41.174652099609375,38.79571914672852,40.561031341552734,1198859111.0,0.0601635686991028,-0.6982760685334253,-0.3190562499171612,0.0445616308034362,0.0627264000966905,-0.0627264000966905
SOL-USD_2022-08-06,SOL-USD,2022-08-06,40.5611686706543,40.84541320800781,39.95309829711914,40.0570068359375,650997770.0,0.0289113524916846,-0.696994327536983,-0.3340414875226491,-0.0124263237137879,0.0627266620087034,-0.0627266620087034
SOL-USD_2022-08-07,SOL-USD,2022-08-07,40.0600471496582,41.49406814575195,39.33648300170898,40.6055908203125,614104051.0,0.0552242139507925,-0.7031219669360046,-0.323948876492606,0.0136950817773742,0.06271683346593,-0.06271683346593
SOL-USD_2022-08-08,SOL-USD,2022-08-08,40.609642028808594,43.53985595703125,40.603797912597656,42.17055130004883,1117550363.0,-0.0061881095772039,-0.6815216805100467,-0.3438548950436253,0.0385405174046493,0.0615781099862564,-0.0615781099862564
SOL-USD_2022-08-09,SOL-USD,2022-08-09,42.175392150878906,42.702392578125,39.94392776489258,40.37262344360352,895263875.0,0.0237096480734837,-0.6817601146782548,-0.3290252333023855,-0.0426346775419846,0.0611475393472499,-0.0611475393472499
SOL-USD_2022-08-10,SOL-USD,2022-08-10,40.37052536010742,42.61181640625,39.25737380981445,42.365867614746094,1389333742.0,0.0906846964553889,-0.6246935036044903,-0.2670044035745507,0.0493711827750538,0.0613925947696018,-0.0613925947696018
SOL-USD_2022-08-11,SOL-USD,2022-08-11,42.37364959716797,45.12477111816406,42.37364959716797,42.8217887878418,1735349568.0,0.071278367038126,-0.6395366625313879,-0.2841291477466309,0.0107615209781992,0.0613115108408526,-0.0613115108408526
SOL-USD_2022-08-12,SOL-USD,2022-08-12,42.82052993774414,45.37518310546875,42.23114013671875,45.33475875854492,1128246063.0,0.2222982743760579,-0.5871184403975007,-0.1824100830107213,0.0586843763849636,0.0609428108443819,-0.0609428108443819
SOL-USD_2022-08-13,SOL-USD,2022-08-13,45.34074401855469,48.18428421020508,45.34074401855469,46.485347747802734,1416039040.0,0.3744474257452879,-0.5885261727616348,-0.1070393735081734,0.0253798414454107,0.0598124758418985,-0.0598124758418985
SOL-USD_2022-08-14,SOL-USD,2022-08-14,46.505985260009766,47.96087646484375,44.69403839111328,44.91656875610352,1061034922.0,0.4610211431359383,-0.5980348285796314,-0.0685068427218465,-0.0337478166283775,0.0587275039971897,-0.0587275039971897
SOL-USD_2022-08-15,SOL-USD,2022-08-15,44.92243957519531,47.127540588378906,42.90903091430664,43.82322311401367,1364253429.0,0.5544360339754293,-0.5588522396284343,-0.0022081028265025,-0.0243417000088921,0.0577231572793628,-0.0577231572793628
SOL-USD_2022-08-16,SOL-USD,2022-08-16,43.806095123291016,44.1871223449707,42.78215408325195,43.15880584716797,1131452045.0,0.4524435365566688,-0.58222520092389,-0.0648908321836105,-0.0151613053452756,0.057503957625074,-0.057503957625074
SOL-USD_2022-08-17,SOL-USD,2022-08-17,43.15305709838867,44.633087158203125,40.28676986694336,40.403053283691406,1336772691.0,0.171512454585083,-0.6152161458248186,-0.2218518456198678,-0.0638514553260605,0.054754000732488,-0.054754000732488
SOL-USD_2022-08-18,SOL-USD,2022-08-18,40.42650985717773,41.607303619384766,39.52593612670898,39.54523086547852,885648540.0,0.3186252318380249,-0.6073270377143953,-0.1443509029381852,-0.0212316235654185,0.0520942404148943,-0.0520942404148943
SOL-USD_2022-08-19,SOL-USD,2022-08-19,39.54132843017578,39.54132843017578,35.755027770996094,35.8902587890625,1821467945.0,0.1674316844420798,-0.6457374589338329,-0.2391528872458765,-0.0924251040245329,0.0534747941130314,-0.0534747941130314
SOL-USD_2022-08-20,SOL-USD,2022-08-20,35.87661361694336,37.22320938110352,34.35833740234375,35.26973342895508,1203622743.0,0.1088344036306376,-0.6550884122004577,-0.27312700428491,-0.0172895203613445,0.0533926797833806,-0.0533926797833806
SOL-USD_2022-08-21,SOL-USD,2022-08-21,35.26417922973633,36.98236846923828,34.78230667114258,36.533199310302734,982071275.0,0.0668575069069767,-0.6361586593622017,-0.2846505762276125,0.0358229495522752,0.0527299155059177,-0.0527299155059177
SOL-USD_2022-08-22,SOL-USD,2022-08-22,36.52580642700195,36.52580642700195,33.90044021606445,35.47438049316406,1139846770.0,0.0016169085638852,-0.6527516588159795,-0.3255673751260471,-0.0289823732147125,0.0527151299355472,-0.0527151299355472
SOL-USD_2022-08-23,SOL-USD,2022-08-23,35.47530746459961,36.05042266845703,34.31291580200195,35.6462516784668,854779221.0,-0.0131476104254488,-0.671711320297604,-0.3424294653615264,0.0048449383164239,0.0526640204429775,-0.0526640204429775
SOL-USD_2022-08-24,SOL-USD,2022-08-24,35.64565658569336,36.28606796264648,34.43351745605469,34.957916259765625,946325778.0,0.0245088141890992,-0.6686359260102708,-0.3220635559105858,-0.0193101767027298,0.0522344236782272,-0.0522344236782272
SOL-USD_2022-08-25,SOL-USD,2022-08-25,34.959102630615234,36.42266845703125,34.93364334106445,35.316463470458984,828503624.0,-0.0748854248772509,-0.6529985902550839,-0.3639420075661674,0.0102565384054662,0.0500546549809481,-0.0500546549809481
SOL-USD_2022-08-26,SOL-USD,2022-08-26,35.313255310058594,35.58013153076172,31.499326705932617,31.726362228393555,1315871629.0,-0.2484050395661884,-0.684666386298521,-0.4665357129323547,-0.1016551740824339,0.0498064526550527,-0.0498064526550527
SOL-USD_2022-08-27,SOL-USD,2022-08-27,31.71382713317871,32.20508575439453,30.95301818847656,31.54243278503418,764882265.0,-0.2548940088362089,-0.6869064599737595,-0.4709002344049842,-0.005797369456835,0.0498011063852129,-0.0498011063852129
SOL-USD_2022-08-28,SOL-USD,2022-08-28,31.538864135742188,32.12961196899414,30.38878059387207,30.39228630065918,562501615.0,-0.2287805038122686,-0.6937366543364152,-0.4612585790743419,-0.0364634678692477,0.0492743196217454,-0.0492743196217454
SOL-USD_2022-08-29,SOL-USD,2022-08-29,30.39385986328125,32.520748138427734,30.11916160583496,32.46529769897461,891913484.0,-0.1556764468219249,-0.6793475942921,-0.4175120205570125,0.0682084716433613,0.0500002761374859,-0.0500002761374859
SOL-USD_2022-08-30,SOL-USD,2022-08-30,32.46004104614258,33.072635650634766,30.79652404785156,31.41205596923828,861409804.0,-0.1108060437461274,-0.6720468700988134,-0.3914264569224704,-0.0324420782924037,0.0491138236813817,-0.0491138236813817
SOL-USD_2022-08-31,SOL-USD,2022-08-31,31.4165153503418,32.87642288208008,31.23788452148437,31.47295570373535,769308937.0,-0.070878923494117,-0.6800841856528043,-0.3754815545734606,0.0019387376157966,0.0488408968940939,-0.0488408968940939
SOL-USD_2022-09-01,SOL-USD,2022-09-01,31.475082397460938,31.70931434631348,30.511266708374023,31.585678100585938,666487074.0,-0.0596258808345528,-0.6783068363715481,-0.3689663586030505,0.0035815637371867,0.0488309047320486,-0.0488309047320486
SOL-USD_2022-09-02,SOL-USD,2022-09-02,31.58498764038086,32.358829498291016,30.84394836425781,31.227930068969727,659575995.0,-0.04801806648302,-0.6678280679956712,-0.3579230672393456,-0.0113262735875717,0.048760609951284,-0.048760609951284
SOL-USD_2022-09-03,SOL-USD,2022-09-03,31.22819328308105,31.23231315612793,30.858367919921875,31.10948371887207,314531753.0,-0.0674450075237544,-0.6344186733112814,-0.3509318404175179,-0.0037929619361916,0.0487168936677687,-0.0487168936677687
SOL-USD_2022-09-04,SOL-USD,2022-09-04,31.10894012451172,32.13935089111328,31.081865310668945,32.106956481933594,392954663.0,-0.0383088423320043,-0.6419491885938939,-0.3401290154629491,0.0320633017273901,0.0488835653285716,-0.0488835653285716
SOL-USD_2022-09-05,SOL-USD,2022-09-05,32.108028411865234,32.37053298950195,31.211069107055664,32.19464874267578,512588616.0,-0.1247893933148226,-0.6324015178816977,-0.3785954555982602,0.0027312542311985,0.0471357343462371,-0.0471357343462371
SOL-USD_2022-09-06,SOL-USD,2022-09-06,32.199668884277344,33.78529739379883,30.64054679870605,30.891742706298828,1196204019.0,-0.1272422783630349,-0.6401341168473769,-0.3836881976052059,-0.0404696459585807,0.0471708579476686,-0.0471708579476686
SOL-USD_2022-09-07,SOL-USD,2022-09-07,30.883899688720703,32.89689636230469,30.48895072937012,32.71091842651367,779212909.0,-0.1176753429399177,-0.6474009020481739,-0.3825381224940458,0.0588887372755411,0.0473828572889401,-0.0473828572889401
SOL-USD_2022-09-08,SOL-USD,2022-09-08,32.708030700683594,33.796051025390625,32.102500915527344,33.608646392822266,978070646.0,-0.1274630365631828,-0.6027160027308384,-0.3650895196470106,0.0274442910652408,0.0472485634804541,-0.0472485634804541
SOL-USD_2022-09-09,SOL-USD,2022-09-09,33.60664367675781,35.79993438720703,33.60639953613281,34.73976516723633,1186140934.0,-0.0926419156063675,-0.5751220609154534,-0.3338819882609105,0.0336555885409188,0.0474454946705906,-0.0474454946705906
SOL-USD_2022-09-10,SOL-USD,2022-09-10,34.73285675048828,35.36214065551758,34.369415283203125,35.12672805786133,731145106.0,-0.0773596199566828,-0.5552645419977658,-0.3163120809772243,0.0111389034658746,0.0474629637620803,-0.0474629637620803
SOL-USD_2022-09-11,SOL-USD,2022-09-11,35.122840881347656,35.89952087402344,34.12443542480469,34.96596145629883,757216096.0,-0.0471869296422122,-0.5351518775242767,-0.2911694035832445,-0.0045767599332816,0.0472437533802201,-0.0472437533802201
SOL-USD_2022-09-12,SOL-USD,2022-09-12,34.96744155883789,38.1690788269043,34.5079231262207,37.4241828918457,1701399970.0,0.1183549502854559,-0.4084971083628366,-0.1450710790386903,0.0703032701851831,0.0466724882623755,-0.0466724882623755
SOL-USD_2022-09-13,SOL-USD,2022-09-13,37.421607971191406,38.870384216308594,32.870452880859375,33.430816650390625,1785181627.0,0.0205516182386193,-0.4992849530000149,-0.2393666673806977,-0.1067055025087851,0.0485877121739932,-0.0485877121739932
SOL-USD_2022-09-14,SOL-USD,2022-09-14,33.01827621459961,34.28319549560547,32.870452880859375,34.09157180786133,1003604224.0,-0.0234701928921785,-0.3210317696378181,-0.1722509812649983,0.0197648524228613,0.0479482166111876,-0.0479482166111876
SOL-USD_2022-09-15,SOL-USD,2022-09-15,34.09429168701172,34.715267181396484,32.721893310546875,33.04768371582031,1139377803.0,-0.1094146311425653,-0.2604067004537913,-0.1849106657981783,-0.0306201221206321,0.047437568248043,-0.047437568248043
SOL-USD_2022-09-16,SOL-USD,2022-09-16,33.04459381103516,33.203125,31.64116477966309,32.208858489990234,765952525.0,-0.1391671860364846,-0.3371783414509768,-0.2381727637437307,-0.0253822698450881,0.0475238797606459,-0.0475238797606459
SOL-USD_2022-09-17,SOL-USD,2022-09-17,32.21224594116211,33.84817886352539,32.21224594116211,33.75077819824219,501302380.0,-0.1471503266928016,-0.356112837470665,-0.2516315820817333,0.0478725350894115,0.0473433786307565,-0.0473433786307565
SOL-USD_2022-09-18,SOL-USD,2022-09-18,33.74827575683594,33.954715728759766,30.979143142700195,31.05985450744629,694870049.0,-0.1962717568621118,-0.4718723185072289,-0.3340720376846703,-0.0797292339450723,0.048287078434342,-0.048287078434342
SOL-USD_2022-09-19,SOL-USD,2022-09-19,31.053613662719727,32.9898567199707,30.693248748779297,32.685302734375,971182780.0,-0.2528417630140342,-0.3907277045214361,-0.3217847337677352,0.0523327701531579,0.0456856311388702,-0.0456856311388702
SOL-USD_2022-09-20,SOL-USD,2022-09-20,32.68706512451172,32.79011154174805,31.3890323638916,31.433040618896484,819978937.0,-0.2999303412260403,-0.4497558620487021,-0.3748431016373712,-0.0383126974730914,0.045728526679448,-0.045728526679448
SOL-USD_2022-09-21,SOL-USD,2022-09-21,31.43379020690918,33.13396072387695,30.195068359375,30.826377868652344,1193686258.0,-0.2676718863379136,-0.3804516528496027,-0.3240617695937581,-0.0193001611775169,0.0451668213934022,-0.0451668213934022
SOL-USD_2022-09-22,SOL-USD,2022-09-22,30.81577110290528,32.80704498291016,30.63888168334961,32.408905029296875,833702543.0,-0.2496304811230724,-0.3793059562533365,-0.3144682186882044,0.0513367858976976,0.0455480827015992,-0.0455480827015992
SOL-USD_2022-09-23,SOL-USD,2022-09-23,32.4062385559082,33.90916442871094,31.36355400085449,33.6766357421875,982495447.0,-0.1709040761757931,-0.3201927920073449,-0.245548434091569,0.0391167400362533,0.0452858506271707,-0.0452858506271707
SOL-USD_2022-09-24,SOL-USD,2022-09-24,33.67512893676758,34.69917678833008,33.27409744262695,33.462650299072266,872691785.0,-0.1642898748554518,-0.3349763016072786,-0.2496330882313652,-0.0063541217345285,0.0452623232475499,-0.0452623232475499
SOL-USD_2022-09-25,SOL-USD,2022-09-25,33.461063385009766,33.98523712158203,32.01491928100586,32.33536148071289,610529879.0,-0.2114592781332939,-0.3870675588493949,-0.2992634184913444,-0.0336879717620761,0.0453138182856726,-0.0453138182856726
SOL-USD_2022-09-26,SOL-USD,2022-09-26,32.33634948730469,33.88150787353516,31.96014976501465,33.88055419921875,936313674.0,-0.0771258428297255,-0.3093614062066605,-0.193243624518193,0.0477864680568831,0.0438270452998701,-0.0438270452998701
SOL-USD_2022-09-27,SOL-USD,2022-09-27,33.87862777709961,35.23724365234375,32.27183532714844,32.75012969970703,1223724195.0,-0.0950716306102473,-0.3404243778811898,-0.2177480042457186,-0.0333649943523587,0.0439911500629302,-0.0439911500629302
SOL-USD_2022-09-28,SOL-USD,2022-09-28,32.73825454711914,33.74109649658203,31.72770118713379,33.23543930053711,998520503.0,-0.1754598819794063,-0.3073414104682627,-0.2414006462238345,0.0148185550799335,0.041539525199764,-0.041539525199764
SOL-USD_2022-09-29,SOL-USD,2022-09-29,33.23528289794922,34.338314056396484,32.79304885864258,33.952449798583984,951223921.0,-0.2075566057642568,-0.2193261795497922,-0.2134413926570245,0.0215736729568454,0.0408136139123402,-0.0408136139123402
SOL-USD_2022-09-30,SOL-USD,2022-09-30,33.951778411865234,35.13334655761719,32.73581314086914,33.21244430541992,1210784941.0,-0.2078506504146925,-0.1895716602435776,-0.198711155329135,-0.02179534901175,0.0408163053286346,-0.0408163053286346
SOL-USD_2022-10-01,SOL-USD,2022-10-01,33.21569061279297,33.22508239746094,32.466941833496094,32.46939468383789,572976679.0,-0.2579423075715951,-0.2677699824178569,-0.262856144994726,-0.0223726268006349,0.0404493574205942,-0.0404493574205942
SOL-USD_2022-10-02,SOL-USD,2022-10-02,32.470420837402344,32.99811935424805,31.99713897705078,32.05569839477539,532211084.0,-0.2439730097070084,-0.286217467980816,-0.2650952388439122,-0.0127411149203968,0.0403174907239017,-0.0403174907239017
SOL-USD_2022-10-03,SOL-USD,2022-10-03,32.05710983276367,33.20492935180664,31.95493125915528,32.967620849609375,633204077.0,-0.2110458244036284,-0.3012291264547444,-0.2561374754291864,0.0284480607348931,0.0404933539108923,-0.0404933539108923
SOL-USD_2022-10-04,SOL-USD,2022-10-04,32.95677185058594,34.34199905395508,32.88138198852539,34.12247085571289,717157069.0,-0.141670340995288,-0.2544443902676874,-0.1980573656314877,0.035029825517943,0.0403422501067451,-0.0403422501067451
SOL-USD_2022-10-05,SOL-USD,2022-10-05,34.117191314697266,34.31154251098633,33.27922058105469,34.073883056640625,655950188.0,-0.1159839860461819,-0.1538573755651994,-0.1349206808056907,-0.0014239238206904,0.0401730754806862,-0.0401730754806862
SOL-USD_2022-10-06,SOL-USD,2022-10-06,34.073753356933594,34.45728302001953,33.33332443237305,33.34281921386719,712289836.0,-0.1413278099282184,-0.1845996159680639,-0.1629637129481412,-0.0214552547931856,0.0402383864357335,-0.0402383864357335
SOL-USD_2022-10-07,SOL-USD,2022-10-07,33.34446716308594,33.72856903076172,32.551998138427734,33.00146484375,649212486.0,-0.1863751055574944,-0.1374245283254025,-0.1618998169414485,-0.010237717690507,0.0398143353168149,-0.0398143353168149
SOL-USD_2022-10-08,SOL-USD,2022-10-08,33.00006866455078,33.04252624511719,32.44584274291992,32.57793426513672,367021196.0,-0.1867107195860391,-0.1631974265222825,-0.1749540730541608,-0.0128336902806752,0.0398160103529648,-0.0398160103529648
SOL-USD_2022-10-09,SOL-USD,2022-10-09,32.5780143737793,33.10311508178711,32.478023529052734,32.91388320922852,405849928.0,-0.1894248416460987,-0.1446614656779652,-0.1670431536620319,0.0103121622555215,0.0397961164462246,-0.0397961164462246
SOL-USD_2022-10-10,SOL-USD,2022-10-10,32.91293716430664,33.339454650878906,31.970834732055664,31.970834732055664,640691958.0,-0.2418682292157122,-0.2465596316872851,-0.2442139304514987,-0.0286519968238947,0.0395772684127111,-0.0395772684127111
SOL-USD_2022-10-11,SOL-USD,2022-10-11,31.96603202819824,31.96603202819824,30.579492568969727,30.77686882019043,733071932.0,-0.2376797395100517,-0.2196053944145486,-0.2286425669623001,-0.037345471955041,0.03949866703705,-0.03949866703705
SOL-USD_2022-10-12,SOL-USD,2022-10-12,30.779691696166992,31.460229873657227,30.72916984558105,31.16548538208008,490127096.0,-0.2643727808082832,-0.1976626497315604,-0.2310177152699218,0.012626903801036,0.038972869538231,-0.038972869538231
SOL-USD_2022-10-13,SOL-USD,2022-10-13,31.16441345214844,31.18108558654785,28.197370529174805,30.54451942443848,1302451856.0,-0.2867061304755477,-0.2358637082375386,-0.2612849193565432,-0.0199247966148684,0.0389758618191388,-0.0389758618191388
SOL-USD_2022-10-14,SOL-USD,2022-10-14,30.54248809814453,31.909656524658203,29.75993156433105,30.007417678833008,836283411.0,-0.3380924813418785,-0.1909515821476396,-0.2645220317447591,-0.0175842264251091,0.0381546606050318,-0.0381546606050318
SOL-USD_2022-10-15,SOL-USD,2022-10-15,30.00613212585449,30.151254653930664,29.53400611877441,29.575347900390625,547825492.0,-0.3637705355922912,-0.1255360504615214,-0.2446532930269063,-0.0143987657674109,0.0379589911464383,-0.0379589911464383
SOL-USD_2022-10-16,SOL-USD,2022-10-16,29.578842163085938,30.44472885131836,29.578842163085938,30.168840408325195,608389719.0,-0.3283360407126896,-0.0186847543988434,-0.1735103975557665,0.0200671353024635,0.0379398729778674,-0.0379398729778674
SOL-USD_2022-10-17,SOL-USD,2022-10-17,30.1680908203125,31.263992309570312,29.88315963745117,31.2248764038086,658840500.0,-0.2874810617518547,0.1075651125028307,-0.089957974624512,0.035004195759277,0.0382022978263681,-0.0382022978263681
SOL-USD_2022-10-18,SOL-USD,2022-10-18,31.224252700805664,31.411191940307617,29.83369445800781,30.164331436157227,715092973.0,-0.301085124019098,0.0151343942217667,-0.1429753648986656,-0.0339647450941396,0.0383589938814263,-0.0383589938814263
SOL-USD_2022-10-19,SOL-USD,2022-10-19,30.16461753845215,30.21255111694336,28.83027648925781,28.900798797607425,697269954.0,-0.284687753802182,-0.162002794662025,-0.2233452742321035,-0.0418883024549728,0.037912092572534,-0.037912092572534
SOL-USD_2022-10-20,SOL-USD,2022-10-20,28.89457130432129,29.43212127685547,28.07379531860352,28.08509635925293,803871622.0,-0.2897981439332006,-0.0635099128921211,-0.1766540284126608,-0.0282242177479892,0.0379718025172197,-0.0379718025172197
SOL-USD_2022-10-21,SOL-USD,2022-10-21,28.08042907714844,28.24317169189453,26.986404418945312,28.10867691040039,967208274.0,-0.2168159868781312,-0.0856861683330288,-0.15125107760558,0.0008396108329424,0.0362765809313671,-0.0362765809313671
SOL-USD_2022-10-22,SOL-USD,2022-10-22,28.108327865600582,28.14439010620117,27.55768394470215,28.01386260986328,474234383.0,-0.2057251391964025,-0.1192807084020352,-0.1625029237992188,-0.0033731328172912,0.0362318434081595,-0.0362318434081595
SOL-USD_2022-10-23,SOL-USD,2022-10-23,28.013675689697266,29.33153915405273,27.857959747314453,29.27007102966309,633157057.0,-0.1988089851903928,-0.1452433513839518,-0.1720261682871723,0.0448423852609856,0.0364051066600104,-0.0364051066600104
SOL-USD_2022-10-24,SOL-USD,2022-10-24,29.272520065307617,29.4139461517334,28.21503257751465,28.3100643157959,667625312.0,-0.2019574712164101,-0.2006671094172752,-0.2013122903168427,-0.0327982365636999,0.0364524264600383,-0.0364524264600383
SOL-USD_2022-10-25,SOL-USD,2022-10-25,28.30998992919922,32.19131088256836,28.119304656982425,30.93997573852539,1336242036.0,-0.132027231990408,-0.1434389998040965,-0.1377331158972523,0.0928966954434682,0.0383911217006303,-0.0383911217006303
SOL-USD_2022-10-26,SOL-USD,2022-10-26,30.92886543273925,31.837549209594727,30.76510238647461,31.28472137451172,1250974763.0,-0.1050747664122511,-0.0831412101491126,-0.0941079882806819,0.0111424016262902,0.0383551425888192,-0.0383551425888192
SOL-USD_2022-10-27,SOL-USD,2022-10-27,31.28702735900879,32.20396423339844,30.585346221923828,30.630624771118164,1275994871.0,-0.1326814250033944,-0.197630944995947,-0.1651561849996707,-0.0209078609191789,0.0384081430035294,-0.0384081430035294
SOL-USD_2022-10-28,SOL-USD,2022-10-28,30.630794525146484,32.448707580566406,30.189332962036133,32.111263275146484,1063403956.0,0.0121318997741399,-0.2392867648354567,-0.1135774325306583,0.0483385015843498,0.0367127020089273,-0.0367127020089273
SOL-USD_2022-10-29,SOL-USD,2022-10-29,32.10906219482422,33.739139556884766,31.91681289672852,32.85712814331055,1165931963.0,0.0416802143080146,-0.2238378314423166,-0.091078808567151,0.0232275155845813,0.0368098655899779,-0.0368098655899779
SOL-USD_2022-10-30,SOL-USD,2022-10-30,32.8577766418457,33.479278564453125,32.061622619628906,32.9659309387207,731319297.0,0.0846808500223197,-0.1634729813213064,-0.0393960656494933,0.0033113909084079,0.036491165287027,-0.036491165287027
SOL-USD_2022-10-31,SOL-USD,2022-10-31,32.961021423339844,34.307743072509766,32.2862663269043,32.61103820800781,1174404933.0,0.0044891166680356,-0.1518861798861381,-0.0736985316090512,-0.0107654393674666,0.035521809398832,-0.035521809398832
SOL-USD_2022-11-01,SOL-USD,2022-11-01,32.607608795166016,33.32598114013672,32.201412200927734,32.2484245300293,729292793.0,0.0266257185333576,-0.087130615745349,-0.0302524486059957,-0.0111193539949756,0.0353019006179496,-0.0353019006179496
SOL-USD_2022-11-02,SOL-USD,2022-11-02,32.24597930908203,32.83482360839844,30.294113159179688,30.78807640075684,1166999748.0,-0.0217608828807022,-0.0910974184219534,-0.0564291506513278,-0.0452843247555427,0.035780438674109,-0.035780438674109
SOL-USD_2022-11-03,SOL-USD,2022-11-03,30.792919158935547,32.14349365234375,30.677148818969727,30.84387969970703,832207929.0,-0.0234852770460275,-0.0817108275500675,-0.0525980522980475,0.0018124970921802,0.0357785017570062,-0.0357785017570062
SOL-USD_2022-11-04,SOL-USD,2022-11-04,30.841737747192383,34.10426330566406,30.731590270996094,33.780853271484375,1364403572.0,0.0817512783228437,0.0298076735222454,0.0557794759225446,0.0952206272483042,0.0376894348956241,-0.0376894348956241
SOL-USD_2022-11-05,SOL-USD,2022-11-05,33.77741622924805,38.54962158203125,33.73513412475586,36.76576232910156,2470595904.0,0.181818466077539,0.1021107107412273,0.1419645884093832,0.0883609728158303,0.0392203286513065,-0.0392203286513065
SOL-USD_2022-11-06,SOL-USD,2022-11-06,36.77216720581055,36.90202713012695,32.54630279541016,32.6835823059082,1650006613.0,0.0179595292471608,-0.0210373218591298,-0.0015388963059845,-0.1110321060842562,0.0416050861851619,-0.0416050861851619
SOL-USD_2022-11-07,SOL-USD,2022-11-07,32.67894744873047,33.0675048828125,28.926734924316406,29.60134506225586,2545092967.0,-0.0805507679598428,-0.1952882798099136,-0.1379195238848782,-0.0943053675941504,0.0433065151223822,-0.0433065151223822
SOL-USD_2022-11-08,SOL-USD,2022-11-08,29.59744071960449,31.06096839904785,21.78398323059082,24.152936935424805,6120104231.0,-0.2181426226076905,-0.3176279366620352,-0.2678852796348629,-0.1840594782220967,0.0488703236909036,-0.0488703236909036
SOL-USD_2022-11-09,SOL-USD,2022-11-09,24.1594352722168,24.1594352722168,12.505623817443848,13.94085693359375,4647808136.0,-0.5738164012449721,-0.6239677023838384,-0.5988920518144052,-0.4228090368113009,0.0715166583287014,-0.0715166583287014
SOL-USD_2022-11-10,SOL-USD,2022-11-10,13.985069274902344,18.67563819885254,13.41102695465088,17.681407928466797,4084381465.0,-0.4739030033579995,-0.5409609240767594,-0.5074319637173794,0.2683157149299278,0.0795554341741624,-0.0795554341741624
SOL-USD_2022-11-11,SOL-USD,2022-11-11,17.663450241088867,18.13648223876953,15.507472038269045,16.326745986938477,2191908978.0,-0.5300271631560562,-0.5735663470442381,-0.5517967551001473,-0.0766150493789205,0.0798700185780017,-0.0798700185780017
SOL-USD_2022-11-12,SOL-USD,2022-11-12,16.340282440185547,16.40843391418457,14.538013458251951,14.53900146484375,866923655.0,-0.58609861297372,-0.6181178669736169,-0.6021082399736685,-0.1094979075147574,0.0808377986098014,-0.0808377986098014
SOL-USD_2022-11-13,SOL-USD,2022-11-13,14.537562370300291,14.660887718200684,13.12266445159912,13.164528846740724,880792311.0,-0.6235044512305483,-0.6412701202009385,-0.6323872857157434,-0.094536933738303,0.0815289805147857,-0.0815289805147857
SOL-USD_2022-11-14,SOL-USD,2022-11-14,13.1657133102417,14.88998794555664,12.25461769104004,14.00135612487793,1365413449.0,-0.6258740995002816,-0.581594447146136,-0.6037342733232087,0.0635668232322941,0.0814241815954283,-0.0814241815954283
SOL-USD_2022-11-15,SOL-USD,2022-11-15,13.999627113342283,14.969862937927246,13.932036399841309,14.301294326782228,833458645.0,-0.5722122353055015,-0.5634205044783478,-0.5678163698919246,0.0214220822061201,0.080609117976735,-0.080609117976735
SOL-USD_2022-11-16,SOL-USD,2022-11-16,14.29958724975586,14.56210708618164,13.711963653564451,14.285508155822754,487495993.0,-0.5809665733121583,-0.5908013686647924,-0.5858839709884753,-0.0011038281290324,0.0805290414023082,-0.0805290414023082
SOL-USD_2022-11-17,SOL-USD,2022-11-17,14.286023139953612,14.463689804077148,13.078254699707031,13.638734817504885,673219780.0,-0.5873013390352722,-0.6324566107977585,-0.6098789749165153,-0.0452747869563355,0.0806106805407357,-0.0806106805407357
SOL-USD_2022-11-18,SOL-USD,2022-11-18,13.638845443725586,13.790632247924805,13.03916835784912,13.247496604919434,357193046.0,-0.5887002139788204,-0.6459396478167962,-0.6173199308978083,-0.0286858141770826,0.0806217661732219,-0.0806217661732219
SOL-USD_2022-11-19,SOL-USD,2022-11-19,13.247389793395996,13.255352973937988,12.644580841064451,12.851014137268066,314294255.0,-0.6192379902535885,-0.6752672443799805,-0.6472526173167845,-0.0299288597291759,0.0803117857560864,-0.0803117857560864
SOL-USD_2022-11-20,SOL-USD,2022-11-20,12.852312088012695,13.416733741760254,12.20330810546875,12.252833366394045,508411732.0,-0.6055089902801525,-0.6829364338241753,-0.644222712052164,-0.0465473591799492,0.0799653220396418,-0.0799653220396418
SOL-USD_2022-11-21,SOL-USD,2022-11-21,12.254121780395508,12.257597923278809,11.34163761138916,11.846208572387695,504498729.0,-0.6375677267345887,-0.7292057416801996,-0.6833867342073942,-0.033186184929406,0.0795979646002531,-0.0795979646002531
SOL-USD_2022-11-22,SOL-USD,2022-11-22,11.842514991760254,12.465627670288086,11.01065158843994,12.435625076293944,529418278.0,-0.6043772784482687,-0.7230365363200542,-0.6637069073841615,0.0497557087826494,0.0799074470720676,-0.0799074470720676
SOL-USD_2022-11-23,SOL-USD,2022-11-23,12.43791961669922,14.40245532989502,12.42763328552246,14.35151195526123,859905329.0,-0.5344405360755852,-0.659057715986701,-0.596749126031143,0.1540643809388839,0.0825566593616695,-0.0825566593616695
SOL-USD_2022-11-24,SOL-USD,2022-11-24,14.353002548217772,14.854009628295898,13.91685676574707,14.582350730895996,620159372.0,-0.5500511134913721,-0.6623720705113116,-0.6062115920013419,0.016084631107466,0.082265545809026,-0.082265545809026
SOL-USD_2022-11-25,SOL-USD,2022-11-25,14.580628395080566,14.581172943115234,13.961506843566896,14.063138008117676,323667943.0,-0.5824066835007377,-0.6537750834742297,-0.6180908834874836,-0.0356055571807261,0.0821025920359114,-0.0821025920359114
SOL-USD_2022-11-26,SOL-USD,2022-11-26,14.062800407409668,14.887808799743652,14.031248092651367,14.159193992614746,333271818.0,-0.5768657334052436,-0.6463824091111496,-0.6116240712581966,0.0068303378976743,0.0821287035551936,-0.0821287035551936
SOL-USD_2022-11-27,SOL-USD,2022-11-27,14.159537315368652,14.409465789794922,14.082965850830078,14.115766525268556,225035409.0,-0.5634572839493939,-0.6557682915598024,-0.6096127877545982,-0.0030670861186619,0.0820752837150021,-0.0820752837150021
SOL-USD_2022-11-28,SOL-USD,2022-11-28,14.11313247680664,14.145076751708984,12.824840545654297,13.404518127441406,447463511.0,-0.6043595376680556,-0.6348736417829491,-0.6196165897255024,-0.0503868065934605,0.0819066261196111,-0.0819066261196111
SOL-USD_2022-11-29,SOL-USD,2022-11-29,13.403423309326172,13.897473335266112,13.28012752532959,13.369733810424805,265372933.0,-0.5917654698465391,-0.6305769922996369,-0.611171231073088,-0.0025949695980038,0.0818617044600246,-0.0818617044600246
SOL-USD_2022-11-30,SOL-USD,2022-11-30,13.371024131774902,14.219449996948242,13.308284759521484,14.115445137023926,331594403.0,-0.5752893467306807,-0.649809027828712,-0.6125491872796963,0.0557760788040271,0.0822264227959051,-0.0822264227959051
SOL-USD_2022-12-01,SOL-USD,2022-12-01,14.133452415466309,14.15432357788086,13.441184997558594,13.480968475341797,232200065.0,-0.6029456326328466,-0.6853568894274473,-0.644151261030147,-0.0449491075572201,0.0822458086926523,-0.0822458086926523
SOL-USD_2022-12-02,SOL-USD,2022-12-02,13.482585906982422,13.773052215576172,13.377079010009766,13.7156400680542,245049936.0,-0.5870331029560523,-0.6728685411063742,-0.6299508220312132,0.0174076212062688,0.0823090170319763,-0.0823090170319763
SOL-USD_2022-12-03,SOL-USD,2022-12-03,13.716782569885254,13.730709075927734,13.278402328491213,13.302457809448242,161314094.0,-0.590307797882363,-0.6959847498906746,-0.6431462738865188,-0.0301248980401812,0.0823334402196914,-0.0823334402196914
SOL-USD_2022-12-04,SOL-USD,2022-12-04,13.301777839660645,13.724018096923828,13.299367904663086,13.718218803405762,141802483.0,-0.572050540454248,-0.6764586581021126,-0.6242545992781803,0.0312544493591417,0.0824982207469156,-0.0824982207469156
SOL-USD_2022-12-05,SOL-USD,2022-12-05,13.716100692749023,14.135319709777832,13.630226135253906,13.8311128616333,335440747.0,-0.5804637245518073,-0.6690051036709987,-0.6247344141114031,0.0082294982931392,0.082387340872174,-0.082387340872174
SOL-USD_2022-12-06,SOL-USD,2022-12-06,13.830924987792969,14.32291316986084,13.828653335571287,14.288854598999023,279979830.0,-0.5812479506709949,-0.6405726962919107,-0.6109103234814528,0.0330950764370863,0.0823706995579918,-0.0823706995579918
SOL-USD_2022-12-07,SOL-USD,2022-12-07,14.292366981506348,14.310629844665527,13.497425079345703,13.5196533203125,223134812.0,-0.6032253413020484,-0.6492448477799502,-0.6262350945409993,-0.0538322559976506,0.0825483318822714,-0.0825483318822714
SOL-USD_2022-12-08,SOL-USD,2022-12-08,13.51982879638672,13.75301742553711,13.310490608215332,13.68922233581543,195918913.0,-0.5894401655717787,-0.6474636878160112,-0.6184519266938949,0.0125424085577816,0.0825881095300804,-0.0825881095300804
SOL-USD_2022-12-09,SOL-USD,2022-12-09,13.68907356262207,13.979891777038574,13.536895751953123,13.580187797546388,211833041.0,-0.5884974239221299,-0.6651912599758238,-0.6268443419489769,-0.0079649914066901,0.0825885785755197,-0.0825885785755197
SOL-USD_2022-12-10,SOL-USD,2022-12-10,13.581315994262695,13.69578742980957,13.568408012390137,13.576995849609377,109293691.0,-0.5832456490607263,-0.6610581538152108,-0.6221519014379686,-0.0002350444621678,0.082597203739256,-0.082597203739256
SOL-USD_2022-12-11,SOL-USD,2022-12-11,13.576213836669922,13.778305053710938,13.413359642028809,13.427809715270996,117436002.0,-0.5920320422263012,-0.6693113080242664,-0.6306716751252839,-0.0109881549638002,0.0825565517400244,-0.0825565517400244
SOL-USD_2022-12-12,SOL-USD,2022-12-12,13.426751136779783,13.458085060119627,12.951156616210938,13.318544387817385,205298705.0,-0.5834158069553467,-0.6841742880463134,-0.63379504750083,-0.0081372412754217,0.0825233622613715,-0.0825233622613715
SOL-USD_2022-12-13,SOL-USD,2022-12-13,13.318246841430664,14.057649612426758,12.828971862792969,13.833986282348633,315949878.0,-0.5505070264564023,-0.6573423993198432,-0.6039247128881227,0.0387010681890078,0.0826722581598622,-0.0826722581598622
SOL-USD_2022-12-14,SOL-USD,2022-12-14,13.836177825927734,14.887666702270508,13.831062316894531,14.140525817871094,441479811.0,-0.546276092141283,-0.6662283433810933,-0.6062522177611882,0.0221584385921784,0.0827207088891648,-0.0827207088891648
SOL-USD_2022-12-15,SOL-USD,2022-12-15,14.140317916870115,14.467164039611816,13.909064292907717,14.02151107788086,272679087.0,-0.5409483815069509,-0.6725612947336304,-0.6067548381202906,-0.0084165710330107,0.082707989901642,-0.082707989901642
SOL-USD_2022-12-16,SOL-USD,2022-12-16,14.021939277648926,14.145011901855469,12.147680282592772,12.266606330871582,358747840.0,-0.5912141970308779,-0.7294216034940406,-0.6603179002624593,-0.1251580330580536,0.0840007530766893,-0.0840007530766893
SOL-USD_2022-12-17,SOL-USD,2022-12-17,12.265798568725586,12.511940956115724,11.987808227539062,12.504404067993164,222801055.0,-0.5772017928543789,-0.731003323115202,-0.6541025579847904,0.0193857804438635,0.0840807930498287,-0.0840807930498287
SOL-USD_2022-12-18,SOL-USD,2022-12-18,12.504684448242188,12.568931579589844,12.31215763092041,12.41312026977539,110722042.0,-0.5885449986884499,-0.7236405047505188,-0.6560927517194843,-0.0073001318352649,0.0839957900113248,-0.0839957900113248
SOL-USD_2022-12-19,SOL-USD,2022-12-19,12.415849685668944,12.566923141479492,11.737709999084473,11.932655334472656,206060595.0,-0.6178477960919265,-0.7277093174222308,-0.6727785567570786,-0.0387062176842525,0.0838718343407941,-0.0838718343407941
SOL-USD_2022-12-20,SOL-USD,2022-12-20,11.934520721435549,12.436450004577637,11.875389099121094,12.28051471710205,177388342.0,-0.5928795987706956,-0.7154574952655257,-0.6541685470181107,0.0291518838748698,0.0839722721876469,-0.0839722721876469
SOL-USD_2022-12-21,SOL-USD,2022-12-21,12.279061317443848,12.279061317443848,11.92959690093994,12.128985404968262,167974882.0,-0.580323523584671,-0.6998002769789654,-0.6400619002818182,-0.012339003341836,0.0838748044736251,-0.0838748044736251
SOL-USD_2022-12-22,SOL-USD,2022-12-22,12.129864692687988,12.168594360351562,11.72010898590088,11.794829368591309,181200151.0,-0.5800324407751096,-0.7017382599506393,-0.6408853503628744,-0.0275502051672085,0.0838724485810314,-0.0838724485810314
SOL-USD_2022-12-23,SOL-USD,2022-12-23,11.794523239135742,12.084675788879396,11.755584716796877,11.786166191101074,157181374.0,-0.5806929572433871,-0.671605427523613,-0.6261491923835001,-0.0007344894291818,0.0838694908912545,-0.0838694908912545
SOL-USD_2022-12-24,SOL-USD,2022-12-24,11.7862548828125,11.7862548828125,11.2396240234375,11.444275856018066,202780776.0,-0.591478118694396,-0.6755213395907675,-0.6334997291425818,-0.0290077646572763,0.0839003282414451,-0.0839003282414451
SOL-USD_2022-12-25,SOL-USD,2022-12-25,11.444534301757812,11.53402614593506,11.274829864501951,11.387903213500977,105389060.0,-0.6109369464132778,-0.6882861772719294,-0.6496115618426036,-0.004925837442781,0.0836081002646152,-0.0836081002646152
SOL-USD_2022-12-26,SOL-USD,2022-12-26,11.387689590454102,11.453410148620604,11.138463973999023,11.306611061096191,132410401.0,-0.6006151404330244,-0.6812738967132919,-0.6409445185731582,-0.0071384653417504,0.0835623264465288,-0.0835623264465288
SOL-USD_2022-12-27,SOL-USD,2022-12-27,11.309179306030272,11.390707969665527,10.766209602355955,11.085430145263672,223332961.0,-0.6417117376255574,-0.6890155451615081,-0.6653636413935328,-0.0195620875819775,0.0825120747919001,-0.0825120747919001
SOL-USD_2022-12-28,SOL-USD,2022-12-28,11.08486270904541,11.098109245300291,9.52294921875,9.755906105041504,468728777.0,-0.6881574878595584,-0.7209242669801248,-0.7045408774198416,-0.1199343663529571,0.0835572587863798,-0.0835572587863798
SOL-USD_2022-12-29,SOL-USD,2022-12-29,9.755775451660156,9.827129364013672,8.141267776489258,9.651782989501951,772500177.0,-0.6848976127120108,-0.7267058464793527,-0.7058017295956818,-0.0106728287888856,0.0835543233432219,-0.0835543233432219
SOL-USD_2022-12-30,SOL-USD,2022-12-30,9.651914596557615,10.021772384643556,9.062714576721191,9.880176544189451,837030648.0,-0.6923142992061442,-0.6885814871221771,-0.6904478931641607,0.0236633536970236,0.0833138159820122,-0.0833138159820122
SOL-USD_2022-12-31,SOL-USD,2022-12-31,9.88100528717041,10.151166915893556,9.69262409210205,9.96103858947754,285758573.0,-0.6968378202126734,-0.6842019555890528,-0.6905198879008632,0.0081842712958044,0.0832251181766489,-0.0832251181766489
SOL-USD_2023-01-01,SOL-USD,2023-01-01,9.96103572845459,10.052801132202148,9.7210111618042,9.982172966003418,194221164.0,-0.6971972978843233,-0.6715557076801124,-0.6843765027822178,0.0021217041110754,0.0832210648597276,-0.0832210648597276
SOL-USD_2023-01-02,SOL-USD,2023-01-02,9.983222007751465,11.372013092041016,9.845211029052734,11.272967338562012,558570124.0,-0.6543205013389033,-0.6527687057396656,-0.6535446035392845,0.1293099585585915,0.0851806946209448,-0.0851806946209448
SOL-USD_2023-01-03,SOL-USD,2023-01-03,11.27472686767578,13.50026798248291,11.053266525268556,13.344045639038086,1149255381.0,-0.5862109286420398,-0.5751934972958833,-0.5807022129689616,0.1837207753979231,0.0887014576175049,-0.0887014576175049
SOL-USD_2023-01-04,SOL-USD,2023-01-04,13.35150909423828,14.09533977508545,12.922945976257324,13.435112953186035,1142852070.0,-0.563626100627197,-0.5731219819436439,-0.5683740412854205,0.0068245655486618,0.0886058305851264,-0.0886058305851264
SOL-USD_2023-01-05,SOL-USD,2023-01-05,13.43493938446045,13.769200325012209,12.990192413330078,13.419329643249512,564255825.0,-0.5649273121961704,-0.5751451148044033,-0.5700362135002869,-0.0011747805910914,0.088600897295596,-0.088600897295596
SOL-USD_2023-01-06,SOL-USD,2023-01-06,13.420552253723145,13.54129409790039,12.771324157714844,13.52584171295166,517147909.0,-0.5996003533643921,-0.5668671704119163,-0.5832337618881542,0.0079372124043266,0.0876255170004465,-0.0876255170004465
SOL-USD_2023-01-07,SOL-USD,2023-01-07,13.52675724029541,13.52675724029541,13.055072784423828,13.092267990112305,210349250.0,-0.6439005433120244,-0.5791550863259718,-0.6115278148189981,-0.0320552119447167,0.086750721967576,-0.086750721967576
SOL-USD_2023-01-08,SOL-USD,2023-01-08,13.09150505065918,14.333256721496582,12.924285888671877,14.31993293762207,535020165.0,-0.5618615853185267,-0.55399282564575,-0.5579272054821384,0.0937702274683758,0.0868198933549122,-0.0868198933549122
SOL-USD_2023-01-09,SOL-USD,2023-01-09,14.325532913208008,17.361557006835938,14.325532913208008,16.30246353149414,2029272608.0,-0.4492661229681377,-0.4936281597045558,-0.4714471413363468,0.1384455222317042,0.0880668586068228,-0.0880668586068228
SOL-USD_2023-01-10,SOL-USD,2023-01-10,16.29619789123535,16.640087127685547,15.71121311187744,16.19672393798828,833408341.0,-0.3294097533028063,-0.4756940684124703,-0.4025519108576383,-0.0064861113353564,0.0850372622436788,-0.0850372622436788
SOL-USD_2023-01-11,SOL-USD,2023-01-11,16.196577072143555,16.44658851623535,15.368487358093262,16.35941505432129,630606082.0,0.173487048339149,-0.4998790666464061,-0.1631960091536285,0.010044692800587,0.0658323639335624,-0.0658323639335624
SOL-USD_2023-01-12,SOL-USD,2023-01-12,16.789260864257812,16.808433532714844,15.744722366333008,16.619043350219727,884719784.0,-0.060083709540838,-0.5055128624945447,-0.2827982860176914,0.0158702676737734,0.0565473770028275,-0.0565473770028275
SOL-USD_2023-01-13,SOL-USD,2023-01-13,16.61872673034668,18.51446533203125,16.381359100341797,18.28844451904297,1037251176.0,0.1201524500763266,-0.4735587753399347,-0.176703162631804,0.1004510989978957,0.0570481289224377,-0.0570481289224377
SOL-USD_2023-01-14,SOL-USD,2023-01-14,18.287506103515625,24.565017700195312,18.26682472229004,24.24945831298828,3399684035.0,0.6678902173319843,-0.309657925638728,0.1791161458466281,0.3259442752355657,0.0684020932490755,-0.0684020932490755
SOL-USD_2023-01-15,SOL-USD,2023-01-15,24.259122848510746,24.651987075805664,22.11684799194336,22.873306274414062,1661787281.0,0.7374952450407701,-0.3458407742340622,0.1958272354033539,-0.0567498053281105,0.0676295054278646,-0.0676295054278646
SOL-USD_2023-01-16,SOL-USD,2023-01-16,22.87508583068848,24.75278854370117,22.585596084594727,23.57756423950196,1596086615.0,0.6839486139209618,-0.3699912084215674,0.1569787027496972,0.0307895131835695,0.0673430880630039,-0.0673430880630039
SOL-USD_2023-01-17,SOL-USD,2023-01-17,23.58060073852539,23.80280113220215,22.88289260864257,22.884063720703125,926501252.0,0.6001393438807723,-0.3154799668815229,0.1423296884996246,-0.0294135777451065,0.0675126975992882,-0.0675126975992882
SOL-USD_2023-01-18,SOL-USD,2023-01-18,22.886484146118164,23.48263359069824,20.693498611450195,20.85063362121582,1427677518.0,0.4595654136893359,-0.3883933032267002,0.0355860552313178,-0.0888579110906629,0.0686320204226976,-0.0686320204226976
SOL-USD_2023-01-19,SOL-USD,2023-01-19,20.850828170776367,21.765443801879883,20.528949737548828,21.42676544189453,799641392.0,0.5710229525391135,-0.3516409311422547,0.1096910106984294,0.0276313819112186,0.0683305588414888,-0.0683305588414888
SOL-USD_2023-01-20,SOL-USD,2023-01-20,21.42640686035156,25.678333282470703,21.00454330444336,25.54827117919922,1419157455.0,0.9285357785796235,-0.2067936469360121,0.3608710658218057,0.1923531458110865,0.0719280821692171,-0.0719280821692171
SOL-USD_2023-01-21,SOL-USD,2023-01-21,25.5515251159668,26.410499572753903,24.614994049072266,24.627838134765625,1948796870.0,0.9164120334553718,-0.2703031026393253,0.3230544654080232,-0.0360272144434957,0.0719906192489787,-0.0719906192489787
SOL-USD_2023-01-22,SOL-USD,2023-01-22,24.624042510986328,25.389249801635746,23.756322860717773,24.232789993286133,1029738787.0,0.9777294988561276,-0.2198034930435181,0.3789630029063047,-0.0160407153611191,0.071687464753984,-0.071687464753984
SOL-USD_2023-01-23,SOL-USD,2023-01-23,24.23154640197754,24.88598251342773,23.97373580932617,24.357807159423828,874649827.0,1.056169027464145,-0.2547779851582399,0.4006955211529527,0.0051590083590182,0.0714495853185312,-0.0714495853185312
SOL-USD_2023-01-24,SOL-USD,2023-01-24,24.35210227966309,25.167665481567383,22.647783279418945,22.795673370361328,837211317.0,0.8330942940549699,-0.2747862465250231,0.2791540237649734,-0.0641327759448215,0.0719645472591985,-0.0719645472591985
SOL-USD_2023-01-25,SOL-USD,2023-01-25,22.79620361328125,25.21659278869629,22.39700698852539,24.57144546508789,1166026842.0,0.7121154580566724,-0.2029084451704317,0.2546035064431203,0.0778995235576327,0.0701566752546442,-0.0701566752546442
SOL-USD_2023-01-26,SOL-USD,2023-01-26,24.561397552490234,25.12034797668457,23.95353889465332,24.350696563720703,809826004.0,0.6698745636482508,-0.2486417994773888,0.210616382085431,-0.0089839607393401,0.070197304828532,-0.070197304828532
SOL-USD_2023-01-27,SOL-USD,2023-01-27,24.350980758666992,24.86176490783692,23.49876594543457,24.40785789489746,682926581.0,0.7355911519042546,-0.2752287347895272,0.2301812085573636,0.0023474207822835,0.0699585417089315,-0.0699585417089315
SOL-USD_2023-01-28,SOL-USD,2023-01-28,24.41060256958008,25.01738548278809,23.841827392578125,23.981801986694336,489857934.0,0.6937264931325142,-0.283326282516265,0.2052001053081246,-0.0174556861990003,0.0700487730838062,-0.0700487730838062
SOL-USD_2023-01-29,SOL-USD,2023-01-29,23.98078727722168,26.65280532836914,23.827844619750977,26.132387161254883,1131621628.0,0.8512906907659206,-0.1918325336538422,0.3297290785560391,0.0896757122652309,0.0707277176069383,-0.0707277176069383
SOL-USD_2023-01-30,SOL-USD,2023-01-30,26.13530158996582,26.24931526184082,23.48917579650879,23.94632148742676,1084170329.0,0.786436577559952,-0.2932134065274842,0.2466115855162339,-0.0836535009350116,0.0713233741279035,-0.0713233741279035
SOL-USD_2023-01-31,SOL-USD,2023-01-31,23.94932174682617,24.34128761291504,23.592248916625977,23.95254707336425,617019880.0,0.7915500348023152,-0.2686274132960603,0.2614613107531274,0.0002599808885368,0.0713151392510335,-0.0713151392510335
SOL-USD_2023-02-01,SOL-USD,2023-02-01,23.94851493835449,25.126235961914062,22.64312171936035,24.993358612060547,984317489.0,0.7706390673082308,-0.2479907250193429,0.2613241711444439,0.043453063071263,0.0712088656766476,-0.0712088656766476
SOL-USD_2023-02-02,SOL-USD,2023-02-02,24.98878669738769,26.03715133666992,24.25430679321289,24.26505851745605,1017290364.0,0.7999492070498915,-0.285322306301796,0.2573134503740477,-0.0291397449181981,0.0710346804548415,-0.0710346804548415
SOL-USD_2023-02-03,SOL-USD,2023-02-03,24.26081085205078,25.00357246398925,24.118974685668945,24.680896759033203,643813200.0,0.7994710153205862,-0.2568780384825353,0.2712964884190254,0.0171373269624717,0.0710343361655825,-0.0710343361655825
SOL-USD_2023-02-04,SOL-USD,2023-02-04,24.67998313903809,24.892578125,24.317745208740234,24.317745208740234,321758043.0,0.8280640733525382,-0.2510564041760611,0.2885038345882385,-0.0147138717785874,0.0709145540039637,-0.0709145540039637
SOL-USD_2023-02-05,SOL-USD,2023-02-05,24.319520950317383,24.42566680908203,23.1168270111084,23.493438720703125,578466008.0,0.7125720953561778,-0.2671056973591874,0.2227331989984952,-0.0338973239895957,0.0711026381570356,-0.0711026381570356
SOL-USD_2023-02-06,SOL-USD,2023-02-06,23.49368476867676,23.68735694885254,22.603904724121094,22.706388473510746,449884793.0,0.6416891902094835,-0.3112518316959536,0.1652186792567649,-0.033500853431848,0.0713216838877942,-0.0713216838877942
SOL-USD_2023-02-07,SOL-USD,2023-02-07,22.69782257080078,23.899799346923828,22.607053756713867,23.86135673522949,625438600.0,0.6699278846956038,-0.3007142760520653,0.1846068043217692,0.0508653440447444,0.0714486831731265,-0.0714486831731265
SOL-USD_2023-02-08,SOL-USD,2023-02-08,23.860729217529297,24.148073196411133,22.881855010986328,23.192670822143555,534148944.0,0.7154782206802524,-0.3193417144858235,0.1980682530972144,-0.0280238010145781,0.0711472849128414,-0.0711472849128414
SOL-USD_2023-02-09,SOL-USD,2023-02-09,23.198091506958008,23.27908706665039,20.203577041625977,20.45212745666504,797436250.0,0.4940313594845826,-0.3866107324194393,0.0537103135325716,-0.1181641987891252,0.0729807551795038,-0.0729807551795038
SOL-USD_2023-02-10,SOL-USD,2023-02-10,20.453590393066406,21.11772727966309,19.84334373474121,20.130109786987305,654189930.0,0.4823145369627604,-0.3900237494821489,0.0461453937403057,-0.0157449473342096,0.0730161986261337,-0.0730161986261337
SOL-USD_2023-02-11,SOL-USD,2023-02-11,20.12839126586914,20.860679626464844,20.119468688964844,20.83009529113769,267159267.0,0.5342197583228248,-0.3606072404219619,0.0868062589504314,0.0347730594396895,0.0730802710653352,-0.0730802710653352
SOL-USD_2023-02-12,SOL-USD,2023-02-12,20.82887458801269,22.260618209838867,20.646625518798828,21.489978790283203,532943787.0,0.6004083499815591,-0.3470846738540483,0.1266618380637554,0.0316793317516057,0.0730873253046613,-0.0730873253046613
SOL-USD_2023-02-13,SOL-USD,2023-02-13,21.486787796020508,21.52965545654297,19.870744705200195,20.79010009765625,693292656.0,0.5609889108207033,-0.349716694234105,0.1056361082932991,-0.0325676772162942,0.0732493909467499,-0.0732493909467499
SOL-USD_2023-02-14,SOL-USD,2023-02-14,20.78159523010254,22.245664596557617,20.71122360229492,21.82495307922364,865868623.0,0.5776329854447679,-0.2908650582119679,0.1433839636164,0.0497762385321103,0.0733337291524129,-0.0733337291524129
SOL-USD_2023-02-15,SOL-USD,2023-02-15,21.824722290039062,23.901153564453125,21.50210189819336,23.883901596069336,747616299.0,0.6890391420865241,-0.2336425599261675,0.2276982910801782,0.0943391955699424,0.0740910915136934,-0.0740910915136934
SOL-USD_2023-02-16,SOL-USD,2023-02-16,23.88418960571289,24.030553817749023,22.26426124572754,22.285951614379883,885086333.0,0.5894115470575993,-0.270378056871668,0.1595167450929656,-0.0669048972280321,0.0747005737225083,-0.0747005737225083
SOL-USD_2023-02-17,SOL-USD,2023-02-17,22.282129287719727,23.493309020996094,22.153913497924805,23.166757583618164,580803415.0,0.888603657664792,-0.227965637311077,0.3303190101768575,0.0395229238795415,0.0727527797433894,-0.0727527797433894
SOL-USD_2023-02-18,SOL-USD,2023-02-18,23.16739654541016,23.75763511657715,22.96770477294922,23.478591918945312,370892073.0,0.8776258181741083,-0.2061431703856572,0.3357413238942255,0.0134604220811485,0.0727476357529321,-0.0727476357529321
SOL-USD_2023-02-19,SOL-USD,2023-02-19,23.476207733154297,25.52073097229004,23.268293380737305,24.84075164794922,993875671.0,1.001169013759882,-0.1766090008187942,0.4122800064705439,0.0580170963278574,0.0729266940240193,-0.0729266940240193
SOL-USD_2023-02-20,SOL-USD,2023-02-20,24.84637451171875,26.925580978393555,24.342071533203125,26.18138694763184,1459545676.0,1.1940956320087062,-0.1615215186427956,0.5162870566829553,0.0539691921839773,0.0727912653522164,-0.0727912653522164
SOL-USD_2023-02-21,SOL-USD,2023-02-21,26.18273162841797,26.424297332763672,24.673828125,24.948558807373047,925847245.0,1.0315564438540403,-0.1729119254581642,0.429322259197938,-0.047087961486712,0.0731843408013021,-0.0731843408013021
SOL-USD_2023-02-22,SOL-USD,2023-02-22,24.949750900268555,25.13520050048828,23.377933502197266,24.18134880065918,892548647.0,0.9936827354705235,-0.1632982544876562,0.4151922404914336,-0.0307516763848954,0.0733268683804211,-0.0733268683804211
SOL-USD_2023-02-23,SOL-USD,2023-02-23,24.18242073059082,24.63583374023437,23.68366813659668,23.90080070495605,579213279.0,1.026379522589956,-0.1489863378345973,0.4386965923776794,-0.0116018381776735,0.0732104208580804,-0.0732104208580804
SOL-USD_2023-02-24,SOL-USD,2023-02-24,23.89963722229004,24.05632972717285,22.63655662536621,23.053035736083984,612377428.0,0.9559401557980534,-0.1798605174634095,0.3880398191673219,-0.0354701492781484,0.0734514306591155,-0.0734514306591155
SOL-USD_2023-02-25,SOL-USD,2023-02-25,23.0588493347168,23.27343940734864,21.64186286926269,22.523399353027344,547286025.0,0.9680930131707048,-0.1959909396750887,0.386051036747808,-0.0229746914514873,0.0733994717462736,-0.0733994717462736
SOL-USD_2023-02-26,SOL-USD,2023-02-26,22.52385711669922,23.484447479248047,22.32423973083496,23.256088256835938,370371591.0,1.0421747375991557,-0.2054652606320093,0.4183547384835732,0.0325301208900383,0.073401459968537,-0.073401459968537
SOL-USD_2023-02-27,SOL-USD,2023-02-27,23.255739212036133,23.367462158203125,22.400766372680664,22.692588806152344,475987023.0,1.0070194935981345,-0.1984268014011266,0.4042963460985039,-0.0242301905832318,0.0735118187429052,-0.0735118187429052
SOL-USD_2023-02-28,SOL-USD,2023-02-28,22.69098472595215,22.725032806396484,21.82581329345703,21.9163875579834,351065863.0,0.9770443970861457,-0.2916481983308775,0.342698099377634,-0.0342050549983307,0.0736413526167676,-0.0736413526167676
SOL-USD_2023-03-01,SOL-USD,2023-03-01,21.91213607788086,22.79533767700196,21.738677978515625,22.506431579589844,346532018.0,1.3069545091213337,-0.2805935104818839,0.5131804993197249,0.0269225035396634,0.0716515959348813,-0.0716515959348813
SOL-USD_2023-03-02,SOL-USD,2023-03-02,22.505313873291016,22.57521629333496,21.73250961303711,21.984878540039062,322545445.0,1.2778048951112524,-0.2822582397741765,0.4977733276685379,-0.0231735109897988,0.071743016661621,-0.071743016661621
SOL-USD_2023-03-03,SOL-USD,2023-03-03,21.98651695251465,22.00171089172364,20.541078567504883,21.39935302734375,489228523.0,1.1658877178595302,-0.3335873196895854,0.4161501990849723,-0.026633102003677,0.0719301653609929,-0.0719301653609929
SOL-USD_2023-03-04,SOL-USD,2023-03-04,21.400026321411133,21.53683853149414,20.3741455078125,20.96683883666992,249364880.0,1.1048848117924654,-0.3618785322557595,0.371503139768353,-0.0202115545325679,0.0720604275087075,-0.0720604275087075
SOL-USD_2023-03-05,SOL-USD,2023-03-05,20.966392517089844,21.61699676513672,20.89556312561035,20.97858428955078,278729462.0,1.101604967274978,-0.3636283371294082,0.3689883150727848,0.0005601918807294,0.0720649305431033,-0.0720649305431033
SOL-USD_2023-03-06,SOL-USD,2023-03-06,20.978412628173828,21.098865509033203,20.522214889526367,20.63501167297364,318022843.0,0.8304862467210747,-0.3672384319274262,0.2316239073968242,-0.0163773022924273,0.0706353064844012,-0.0706353064844012
SOL-USD_2023-03-07,SOL-USD,2023-03-07,20.63469123840332,20.88684844970703,19.82059669494629,20.24473190307617,394901279.0,0.5171359908909545,-0.3722257072054932,0.0724551418427306,-0.018913474636345,0.0672159469691713,-0.0672159469691713
SOL-USD_2023-03-08,SOL-USD,2023-03-08,20.24393081665039,20.33236694335937,18.28630447387696,18.42119407653809,620543521.0,0.3711231264467816,-0.4016776547921891,-0.0152772641727037,-0.0900746838865765,0.0683581360094332,-0.0683581360094332
SOL-USD_2023-03-09,SOL-USD,2023-03-09,18.424707412719727,18.68904685974121,16.943132400512695,17.308147430419922,754162560.0,0.2897922542000188,-0.4388466172566377,-0.0745271815283094,-0.0604220682705788,0.0688800070088141,-0.0688800070088141
SOL-USD_2023-03-10,SOL-USD,2023-03-10,17.3122501373291,18.32339668273925,16.117345809936523,18.24364280700684,944032048.0,0.3487990761815327,-0.45994132651448,-0.0555711251664736,0.054049422698049,0.0691432042640903,-0.0691432042640903
SOL-USD_2023-03-11,SOL-USD,2023-03-11,18.243104934692383,18.848188400268555,17.171354293823242,18.22584342956543,696894876.0,0.3921074212145798,-0.5042713036541895,-0.0560819412198048,-0.0009756482096093,0.068971170620992,-0.068971170620992
SOL-USD_2023-03-12,SOL-USD,2023-03-12,18.22479820251465,20.39289093017578,17.942476272583008,20.310531616210938,666940879.0,0.4183398556881545,-0.3785708241492425,0.019884515769456,0.1143808896801883,0.069434637693831,-0.069434637693831
SOL-USD_2023-03-13,SOL-USD,2023-03-13,20.31079292297364,21.34041213989257,18.9644718170166,20.433712005615234,1161164364.0,0.2534125266491216,-0.3097032596782268,-0.0281453665145526,0.0060648530393945,0.0673888463399325,-0.0673888463399325
SOL-USD_2023-03-14,SOL-USD,2023-03-14,20.43470764160156,22.106672286987305,19.914527893066406,20.92803382873535,1130224251.0,0.2921152394065391,-0.1335201228451654,0.0792975582806868,0.0241914842973354,0.0674105223111725,-0.0674105223111725
SOL-USD_2023-03-15,SOL-USD,2023-03-15,20.93529510498047,21.488908767700195,18.830358505249023,19.29098129272461,816614774.0,0.1791974975064256,0.3837729907577263,0.281485244132076,-0.0782229496285971,0.0682403112648633,-0.0682403112648633
SOL-USD_2023-03-16,SOL-USD,2023-03-16,19.299495697021484,19.88351058959961,19.03631019592285,19.73054313659668,438673097.0,0.1872249636039258,0.1158920837311154,0.1515585236675206,0.022785872693674,0.0682640582715025,-0.0682640582715025
SOL-USD_2023-03-17,SOL-USD,2023-03-17,19.73006629943848,21.676240921020508,19.499818801879883,21.62910270690918,623518286.0,0.1826649710087551,0.324765064894905,0.25371501795183,0.096224394694488,0.0681706004726354,-0.0681706004726354
SOL-USD_2023-03-18,SOL-USD,2023-03-18,21.6324405670166,22.86198806762696,21.141870498657227,21.19590187072754,789771840.0,-0.1259226661003484,0.4578650344028512,0.1659711841512514,-0.0200286087708696,0.0544326887881608,-0.0544326887881608
SOL-USD_2023-03-19,SOL-USD,2023-03-19,21.19828987121582,22.45381164550781,21.19828987121582,21.90340232849121,475166077.0,-0.0424033121528993,0.6638196918011279,0.3107081898241142,0.0333791155516134,0.0541194803379672,-0.0541194803379672
SOL-USD_2023-03-20,SOL-USD,2023-03-20,21.90461158752441,23.831193923950195,21.585559844970703,22.176464080810547,1147250538.0,-0.0594251443643192,0.5838797244366136,0.2622272900361472,0.012466636380237,0.0540044137751523,-0.0540044137751523
SOL-USD_2023-03-21,SOL-USD,2023-03-21,22.177589416503903,23.22371482849121,21.639102935791016,22.61826705932617,745081556.0,-0.011614924019657,0.5815538469807333,0.2849694614805381,0.0199221560707649,0.0539222708734066,-0.0539222708734066
SOL-USD_2023-03-22,SOL-USD,2023-03-22,22.614276885986328,23.06732177734375,21.14965057373047,21.48048591613769,851680842.0,0.0302078251608137,0.5036557105168342,0.266931767838824,-0.0503036390986167,0.0530959628488666,-0.0530959628488666
SOL-USD_2023-03-23,SOL-USD,2023-03-23,21.47551345825196,22.700597763061523,21.21627616882324,22.216777801513672,555730954.0,0.0368703508591397,0.6289471200069923,0.332908735433066,0.0342772453216631,0.0531546240694001,-0.0531546240694001
SOL-USD_2023-03-24,SOL-USD,2023-03-24,22.21415138244629,22.258434295654297,20.35582733154297,20.678855895996094,547225198.0,-0.1905966649973437,0.5609632908542916,0.1851833129284739,-0.0692234454184799,0.0480076379061953,-0.0480076379061953
SOL-USD_2023-03-25,SOL-USD,2023-03-25,20.6777458190918,20.952482223510746,20.184852600097656,20.446645736694336,272949711.0,-0.169775047862157,0.5910530887518723,0.2106390204448576,-0.0112293523621255,0.0478272853943141,-0.0478272853943141
SOL-USD_2023-03-26,SOL-USD,2023-03-26,20.44417762756348,21.129981994628903,20.34568977355957,20.97551918029785,226663968.0,-0.1344158396078508,0.7118913277501671,0.2887377440711581,0.0258660246973605,0.0479177122119342,-0.0479177122119342
SOL-USD_2023-03-27,SOL-USD,2023-03-27,20.9760856628418,20.97982406616211,19.508054733276367,19.921674728393555,359607077.0,-0.1821236370743649,0.6816920457427154,0.2497842043341752,-0.050241638495135,0.0483066607797222,-0.0483066607797222
SOL-USD_2023-03-28,SOL-USD,2023-03-28,19.922195434570312,20.76420783996582,19.66556739807129,20.4706974029541,347656506.0,-0.1019919846031016,0.646133369039682,0.2720706922182901,0.0275590622799422,0.0477841215361716,-0.0477841215361716
SOL-USD_2023-03-29,SOL-USD,2023-03-29,20.46544075012207,21.50514411926269,20.45812225341797,21.111467361450195,378726667.0,-0.1408129655438371,0.4710274030542671,0.165107218755215,0.0313018138015965,0.0469022014249659,-0.0469022014249659
SOL-USD_2023-03-30,SOL-USD,2023-03-30,21.11384010314941,21.59051322937012,20.232969284057617,20.55104637145996,472449267.0,-0.1560386653547198,0.4093095654267824,0.1266354500360312,-0.026545809459629,0.0470005541239707,-0.0470005541239707
SOL-USD_2023-03-31,SOL-USD,2023-03-31,20.552515029907227,21.441999435424805,20.155242919921875,21.17049598693848,352864960.0,-0.1326360519591423,0.5053891937004542,0.1863765708706559,0.03014199882001,0.0471683726552553,-0.0471683726552553
SOL-USD_2023-04-01,SOL-USD,2023-04-01,21.17135238647461,21.313888549804688,20.858905792236328,20.97564125061035,209186327.0,-0.1253517453672528,0.4814149210435974,0.1780315878381723,-0.00920407044069,0.0471338380647915,-0.0471338380647915
SOL-USD_2023-04-02,SOL-USD,2023-04-02,21.08799171447754,21.28608512878418,20.31570053100586,20.536975860595703,229561591.0,-0.2141178785593381,0.45489625546247,0.1203891884515659,-0.0209130860302964,0.0457399571073155,-0.0457399571073155
SOL-USD_2023-04-03,SOL-USD,2023-04-03,20.53603744506836,20.934097290039062,20.02490234375,20.443050384521484,437266506.0,-0.1462968374806419,0.5250865559031894,0.1893948592112737,-0.0045734813495317,0.0445546264413752,-0.0445546264413752
SOL-USD_2023-04-04,SOL-USD,2023-04-04,20.4426498413086,21.236377716064453,20.35272026062012,20.924619674682617,305630170.0,-0.1264135872234127,0.5650737682127245,0.2193300904946558,0.0235566258999075,0.0446662567277493,-0.0446662567277493
SOL-USD_2023-04-05,SOL-USD,2023-04-05,20.924537658691406,21.31917762756348,20.670976638793945,20.966007232666016,324885702.0,-0.1611368620722759,0.485323844139601,0.1620934910336625,0.0019779359733584,0.0443022690568017,-0.0443022690568017
SOL-USD_2023-04-06,SOL-USD,2023-04-06,20.96971321105957,20.97062110900879,20.50641441345215,20.61012840270996,222557225.0,-0.1506252338982314,0.5288314367330653,0.1891031014174169,-0.0169740869592747,0.0442076715737427,-0.0442076715737427
SOL-USD_2023-04-07,SOL-USD,2023-04-07,20.61134529113769,20.77172470092773,20.26767539978028,20.469940185546875,171660856.0,-0.1706160280397882,0.4924524181138627,0.1609181950370372,-0.0068019089655284,0.0441466404336056,-0.0441466404336056
SOL-USD_2023-04-08,SOL-USD,2023-04-08,20.4666748046875,20.71323585510254,19.947696685791016,20.036449432373047,194413927.0,-0.1760564451850746,0.5062216110275426,0.1650825829212339,-0.0211769428363988,0.0441841430901346,-0.0441841430901346
SOL-USD_2023-04-09,SOL-USD,2023-04-09,20.03837013244629,20.42070579528809,19.9643783569336,20.29946517944336,152580905.0,-0.1359517258937977,0.479744963274948,0.1718966186905751,0.0131268640164037,0.0440353960008906,-0.0440353960008906
SOL-USD_2023-04-10,SOL-USD,2023-04-10,20.300235748291016,20.936527252197266,20.115707397460938,20.88235664367676,224169192.0,-0.0803312174440201,0.5098102988952682,0.214739540725624,0.0287146217440092,0.0440006166609029,-0.0440006166609029
SOL-USD_2023-04-11,SOL-USD,2023-04-11,20.883928298950195,23.635955810546875,20.86019325256348,23.01882743835449,1083533914.0,-0.0353093625908986,0.6109637955142342,0.2878272164616677,0.1023098509010791,0.0454212950594052,-0.0454212950594052
SOL-USD_2023-04-12,SOL-USD,2023-04-12,23.01880073547364,24.34465217590332,22.423229217529297,23.98530578613281,1204250258.0,0.0341760968397168,0.7741065704766459,0.4041413336581814,0.041986428299469,0.0455697884894307,-0.0455697884894307
SOL-USD_2023-04-13,SOL-USD,2023-04-13,23.81088256835937,25.242456436157227,23.704795837402344,24.432308197021484,792335438.0,0.194609619404624,0.7847842337324502,0.4896969265685371,0.0186365108235189,0.0429575605928896,-0.0429575605928896
SOL-USD_2023-04-14,SOL-USD,2023-04-14,24.43577766418457,25.46139335632324,23.81744766235352,24.77272224426269,859037933.0,0.23063026016264,0.8241811242653452,0.5274056922139926,0.0139329466743836,0.042903292209297,-0.042903292209297
SOL-USD_2023-04-15,SOL-USD,2023-04-15,24.77461051940918,24.77461051940918,23.87202835083008,24.07937812805176,379745930.0,0.1559898210497625,0.773542423874612,0.4647661224621873,-0.0279882085373764,0.0429105141514502,-0.0429105141514502
SOL-USD_2023-04-16,SOL-USD,2023-04-16,24.07978630065918,25.45414352416992,23.94781494140625,25.361927032470703,466841333.0,0.1801745957952374,0.8887612775468092,0.5344679366710233,0.0532633732315872,0.0432265624508184,-0.0432265624508184
SOL-USD_2023-04-17,SOL-USD,2023-04-17,25.36248016357422,25.93833541870117,24.40689849853516,24.55884552001953,789077237.0,0.1812759633027523,0.8439586793346403,0.5126173213186963,-0.0316648459489293,0.0432145457673924,-0.0432145457673924
SOL-USD_2023-04-18,SOL-USD,2023-04-18,24.564685821533203,25.42329216003418,24.102088928222656,24.852689743041992,487693856.0,0.138728209532813,0.7964951848154271,0.4676116971741201,0.0119649037566904,0.0428230833299601,-0.0428230833299601
SOL-USD_2023-04-19,SOL-USD,2023-04-19,24.85041046142578,24.93950843811035,22.266664505004883,22.71283531188965,836873906.0,-0.0490316156876318,0.6062228239903702,0.2785956041513692,-0.0861015227436876,0.0426464452421563,-0.0426464452421563
SOL-USD_2023-04-20,SOL-USD,2023-04-20,22.704620361328125,23.12053680419922,21.664962768554688,22.181440353393555,658826580.0,-0.0046895579239655,0.581957909542653,0.2886341758093437,-0.0233962405485289,0.0418895572394837,-0.0418895572394837
SOL-USD_2023-04-21,SOL-USD,2023-04-21,22.183801651000977,22.376489639282227,21.133298873901367,21.278135299682617,489546774.0,-0.081522944120201,0.734639127215778,0.3265580915477885,-0.0407234624676995,0.0419126332861731,-0.0419126332861731
SOL-USD_2023-04-22,SOL-USD,2023-04-22,21.27747344970703,21.948162078857425,21.108491897583008,21.81628799438477,246809009.0,-0.0708008355142967,0.7446883414641665,0.3369437529749349,0.0252913465923012,0.0420025558584952,-0.0420025558584952
SOL-USD_2023-04-23,SOL-USD,2023-04-23,21.81642723083496,22.21738243103028,21.06771850585937,21.480138778686523,314447869.0,-0.1352862794528255,0.7304383033320272,0.2975760119396008,-0.0154081764865208,0.0413721839537446,-0.0413721839537446
SOL-USD_2023-04-24,SOL-USD,2023-04-24,21.47945976257324,21.950172424316406,21.078792572021484,21.391069412231445,358681450.0,-0.1829665305731134,0.7926495664744504,0.3048415179506685,-0.0041465917596145,0.0407595387014238,-0.0407595387014238
SOL-USD_2023-04-25,SOL-USD,2023-04-25,21.38992118835449,21.93714141845703,20.78375625610352,21.92725372314453,367752382.0,-0.1211013873609255,0.7855321400012876,0.332215376320181,0.0250658020214031,0.0404961948834676,-0.0404961948834676
SOL-USD_2023-04-26,SOL-USD,2023-04-26,21.92747688293457,22.92137718200684,20.57401466369629,21.28301239013672,690088236.0,-0.1198583434867559,0.7547232253588825,0.3174324409360632,-0.0293808491086964,0.0404804500202923,-0.0404804500202923
SOL-USD_2023-04-27,SOL-USD,2023-04-27,21.2846908569336,22.48358154296875,21.226152420043945,22.34011459350586,509745191.0,-0.0652984864698097,0.8940600067514164,0.4143807601408033,0.0496688243182641,0.0409602553458116,-0.0409602553458116
SOL-USD_2023-04-28,SOL-USD,2023-04-28,22.339731216430664,23.46005249023437,22.21075439453125,23.366287231445312,511781472.0,0.0135882969578278,0.9825180514667776,0.4980531742123026,0.0459340812082385,0.0411149973406011,-0.0411149973406011
SOL-USD_2023-04-29,SOL-USD,2023-04-29,23.366914749145508,23.750762939453125,22.98707771301269,23.18299674987793,369964075.0,0.0292849843184053,1.025728586198572,0.5275067852584886,-0.0078442278720565,0.041016521387723,-0.041016521387723
SOL-USD_2023-04-30,SOL-USD,2023-04-30,23.18365859985352,23.929723739624023,22.832014083862305,22.832014083862305,368042267.0,-0.0182349743555423,1.0049357336294986,0.4933503796369781,-0.015139659026932,0.040870198637954,-0.040870198637954
SOL-USD_2023-05-01,SOL-USD,2023-05-01,22.82850456237793,22.87849235534668,21.64071083068848,21.98663330078125,438350469.0,-0.0311095182397037,0.9445820840546022,0.4567362829074492,-0.037026115172142,0.0410267029559729,-0.0410267029559729
SOL-USD_2023-05-02,SOL-USD,2023-05-02,21.986553192138672,22.373878479003903,21.77289581298828,22.26497840881348,296722866.0,0.0159054885257814,1.008490254058959,0.5121978712923704,0.0126597421362524,0.040814895595997,-0.040814895595997
SOL-USD_2023-05-03,SOL-USD,2023-05-03,22.265134811401367,22.26718521118164,21.282699584960938,22.218002319335938,445797367.0,-0.0128154149730013,1.2773899297631068,0.6322872573950528,-0.0021098645871108,0.040681926772584,-0.040681926772584
SOL-USD_2023-05-04,SOL-USD,2023-05-04,22.21875190734864,22.441139221191406,21.65181541442871,21.730348587036133,291826693.0,-0.011577500987298,1.2514336066892295,0.6199280528509657,-0.0219485858940345,0.0406706701172433,-0.0406706701172433
SOL-USD_2023-05-05,SOL-USD,2023-05-05,21.73081588745117,23.02972221374512,21.706457138061523,22.82611083984375,423211212.0,0.0666729414986009,1.3102938229649168,0.6884833822317589,0.0504254337393061,0.0409951476204647,-0.0409951476204647
SOL-USD_2023-05-06,SOL-USD,2023-05-06,22.82809257507324,23.222301483154297,21.72997093200684,21.974262237548828,351934449.0,0.0480484162980725,1.2060211934889598,0.6270348048935162,-0.0373190425768016,0.0411997697386163,-0.0411997697386163
SOL-USD_2023-05-07,SOL-USD,2023-05-07,21.97192573547364,22.73860549926757,21.808727264404297,21.84422874450684,303626005.0,0.0412632446026028,1.1883240070976906,0.6147936258501467,-0.0059175362356326,0.0412104274665246,-0.0412104274665246
SOL-USD_2023-05-08,SOL-USD,2023-05-08,21.80777931213379,21.80777931213379,20.260629653930664,20.65746307373047,553548056.0,0.0010880246210973,0.8324778608260877,0.4167829427235925,-0.0543285681841619,0.0417494235291468,-0.0417494235291468
SOL-USD_2023-05-09,SOL-USD,2023-05-09,20.658002853393555,20.96478843688965,20.459636688232425,20.68364524841309,272780907.0,0.0216803733157973,0.5500280655443024,0.2858542194300498,0.0012674438574171,0.0416725266233829,-0.0416725266233829
SOL-USD_2023-05-10,SOL-USD,2023-05-10,20.68277931213379,21.29500961303711,20.16568756103516,20.95371055603028,490700208.0,0.1374784104097626,0.559622954346749,0.3485506823782558,0.0130569493130283,0.0400225131582208,-0.0400225131582208
SOL-USD_2023-05-11,SOL-USD,2023-05-11,20.95549964904785,20.95549964904785,19.855695724487305,20.23488044738769,376535594.0,0.1690956833325727,0.5078905567810303,0.3384931200568015,-0.034305623661281,0.0394885037881243,-0.0394885037881243
SOL-USD_2023-05-12,SOL-USD,2023-05-12,20.232479095458984,20.92959785461425,19.86431312561035,20.911794662475582,362726295.0,0.1462510466628948,0.5460623528110276,0.3461566997369611,0.0334528398548201,0.0391448495919618,-0.0391448495919618
SOL-USD_2023-05-13,SOL-USD,2023-05-13,20.915910720825195,21.24797821044922,20.82196807861328,20.86876106262207,224618367.0,0.1450093458374264,0.5939760077003327,0.3694926767688795,-0.0020578625865493,0.0391468221958466,-0.0391468221958466
SOL-USD_2023-05-14,SOL-USD,2023-05-14,20.86826705932617,21.24398803710937,20.666637420654297,20.95339775085449,184522451.0,0.0316518615460781,0.4632329524256804,0.2474424069858792,0.0040556642523457,0.0364543887785163,-0.0364543887785163
SOL-USD_2023-05-15,SOL-USD,2023-05-15,20.95322799682617,21.485639572143555,20.647809982299805,21.00718879699707,307353987.0,0.0280652282475275,0.2885898352978395,0.1583275317726835,0.0025671753470335,0.0364494418855767,-0.0364494418855767
SOL-USD_2023-05-16,SOL-USD,2023-05-16,21.008012771606445,21.12025260925293,20.475379943847656,20.679420471191406,279283146.0,-0.0118794416894808,0.2767656317639195,0.1324430950372193,-0.0156026743498643,0.036387433277165,-0.036387433277165
SOL-USD_2023-05-17,SOL-USD,2023-05-17,20.679012298583984,21.17076873779297,20.50047874450684,21.06839942932129,279742763.0,0.0921372588374762,0.2878455225546794,0.1899913906960778,0.0188099544990523,0.0350315614485223,-0.0350315614485223
SOL-USD_2023-05-18,SOL-USD,2023-05-18,21.068193435668945,21.068193435668945,20.168506622314453,20.348695755004883,293327002.0,0.0313297314791927,0.2244204029190311,0.1278750671991119,-0.0341603393618397,0.0352207611904923,-0.0352207611904923
SOL-USD_2023-05-19,SOL-USD,2023-05-19,20.34809875488281,20.5580997467041,20.312673568725582,20.34987068176269,149073606.0,-0.0591440173215254,0.1127174134778521,0.0267866980781633,5.7739659187650005e-05,0.0330483732181787,-0.0330483732181787
SOL-USD_2023-05-20,SOL-USD,2023-05-20,20.35030937194824,20.36148834228516,20.14699935913086,20.285446166992188,121021517.0,-0.0429543271755155,-0.1634680698773764,-0.1032111985264459,-0.0031658439396492,0.0329552368855369,-0.0329552368855369
SOL-USD_2023-05-21,SOL-USD,2023-05-21,20.285701751708984,20.383838653564453,19.50821685791016,19.609437942504883,210641913.0,-0.104730961500096,-0.1426933340004336,-0.1237121477502648,-0.0333247895521905,0.032931759701898,-0.032931759701898
SOL-USD_2023-05-22,SOL-USD,2023-05-22,19.61201858520508,19.98162841796875,19.383373260498047,19.54204559326172,216922971.0,-0.1187934414588847,-0.1711592684149754,-0.14497635493693,-0.0034367302847108,0.0328860666028049,-0.0328860666028049
SOL-USD_2023-05-23,SOL-USD,2023-05-23,19.54226303100586,20.15293502807617,19.45125961303711,20.043182373046875,258761187.0,-0.1138497781251332,-0.124142345622212,-0.1189960618736726,0.0256440287887749,0.0329539406025903,-0.0329539406025903
SOL-USD_2023-05-24,SOL-USD,2023-05-24,20.04434967041016,20.06201362609864,18.914325714111328,19.223663330078125,297840141.0,-0.1050638516684615,-0.0780297769695703,-0.0915468143190159,-0.0408876708157284,0.0327492019233825,-0.0327492019233825
SOL-USD_2023-05-25,SOL-USD,2023-05-25,19.22257232666016,19.525495529174805,18.892263412475582,19.260662078857425,194537149.0,-0.1330578065400123,-0.1010933436925504,-0.1170755751162813,0.0019246461064166,0.0324355430410149,-0.0324355430410149
SOL-USD_2023-05-26,SOL-USD,2023-05-26,19.26094055175781,19.54116439819336,19.12045288085937,19.36695671081543,140228468.0,-0.063441574900412,-0.241946487299558,-0.152694031099985,0.0055187423735907,0.0312737685405739,-0.0312737685405739
SOL-USD_2023-05-27,SOL-USD,2023-05-27,19.36615753173828,20.499244689941406,19.350170135498047,20.425233840942383,179682882.0,-0.0010472082329634,-0.1706444662672473,-0.0858458372501054,0.0546434396445962,0.0320039754709275,-0.0320039754709275
SOL-USD_2023-05-28,SOL-USD,2023-05-28,20.42608070373535,21.150989532470703,20.336889266967773,20.7985782623291,291460886.0,-0.0084355918176723,-0.1417175542687616,-0.075076573043217,0.0182785873735433,0.0319210922333121,-0.0319210922333121
SOL-USD_2023-05-29,SOL-USD,2023-05-29,20.800046920776367,20.970685958862305,20.29768180847168,20.586509704589844,228295637.0,0.0333724440972187,-0.1548291038741925,-0.0607283298884869,-0.0101963006828866,0.0312895826051811,-0.0312895826051811
SOL-USD_2023-05-30,SOL-USD,2023-05-30,20.58713722229004,21.38171768188477,20.519500732421875,21.25408363342285,367512387.0,0.0382686634973021,-0.0676264180439975,-0.0146788772733476,0.032427737310136,0.0313621647833375,-0.0313621647833375
SOL-USD_2023-05-31,SOL-USD,2023-05-31,21.255285263061523,21.318878173828125,20.46875190734864,20.82450294494629,246152341.0,-0.0135928219289913,-0.1524917419068979,-0.0830422819179446,-0.0202116777126551,0.0312327139150509,-0.0312327139150509
SOL-USD_2023-06-01,SOL-USD,2023-06-01,20.824892044067383,20.97260856628418,20.46446990966797,20.50221824645996,209047110.0,-0.0023759434978362,-0.1580438698001954,-0.0802099066490158,-0.0154762252591743,0.0311103764340793,-0.0311103764340793
SOL-USD_2023-06-02,SOL-USD,2023-06-02,20.502729415893555,21.35614013671875,20.38359260559082,21.25759506225586,237609887.0,0.0041141726377651,-0.1290675669371286,-0.0624766971496817,0.0368436628034787,0.0312248363095805,-0.0312248363095805
SOL-USD_2023-06-03,SOL-USD,2023-06-03,21.258623123168945,21.335468292236328,21.017078399658203,21.15556526184082,144933830.0,0.0085777597490723,-0.1178492227740675,-0.0546357315124975,-0.0047996868938481,0.0312075890435767,-0.0312075890435767
SOL-USD_2023-06-04,SOL-USD,2023-06-04,21.15740966796875,22.284591674804688,21.061323165893555,21.8189754486084,317802167.0,0.0624239711199383,-0.1650599957068504,-0.051318012293456,0.03135866040716,0.0313207398896149,-0.0313207398896149
SOL-USD_2023-06-05,SOL-USD,2023-06-05,21.821796417236328,22.04202461242676,19.423831939697266,20.07505989074707,594214946.0,-0.0180007624524096,-0.1616641453140238,-0.0898324538832167,-0.0799265557619275,0.032950545766081,-0.032950545766081
SOL-USD_2023-06-06,SOL-USD,2023-06-06,20.0625057220459,20.683780670166016,19.320531845092773,20.398483276367188,441408235.0,-0.0251443709130837,-0.1483793680108976,-0.0867618694619907,0.0161107058898084,0.0328788594831855,-0.0328788594831855
SOL-USD_2023-06-07,SOL-USD,2023-06-07,20.399314880371094,20.4865837097168,18.5499210357666,18.6342830657959,390444801.0,-0.1112145074164232,-0.2544306127467028,-0.182822560081563,-0.0864868327056068,0.0346404543723736,-0.0346404543723736
SOL-USD_2023-06-08,SOL-USD,2023-06-08,18.63564682006836,19.0777645111084,18.294736862182617,18.90947532653809,258460307.0,-0.0825154042198135,-0.2207117360572283,-0.1516135701385209,0.0147680627030573,0.0346392991331108,-0.0346392991331108
SOL-USD_2023-06-09,SOL-USD,2023-06-09,18.908403396606445,19.29947662353516,17.161293029785156,17.37969970703125,463344687.0,-0.1509648025594886,-0.295823815612766,-0.2233943090861273,-0.0808999505850862,0.0360755177799215,-0.0360755177799215
SOL-USD_2023-06-10,SOL-USD,2023-06-10,17.3813533782959,17.39295768737793,13.379448890686035,15.65610122680664,1230339924.0,-0.2186189833858011,-0.3561861475059967,-0.2874025654458989,-0.0991730875262072,0.0380313323760879,-0.0380313323760879
SOL-USD_2023-06-11,SOL-USD,2023-06-11,15.65445041656494,16.115692138671875,15.198493003845217,15.558775901794434,446176848.0,-0.2335376442552622,-0.3377395243513853,-0.2856385843033238,-0.0062164470963923,0.0379755419279879,-0.0379755419279879
SOL-USD_2023-06-12,SOL-USD,2023-06-12,15.557231903076172,15.606237411499023,14.817190170288086,15.196707725524902,384209938.0,-0.2722704632991454,-0.3307298629522978,-0.3015001631257216,-0.0232709937179423,0.0378289042084949,-0.0378289042084949
SOL-USD_2023-06-13,SOL-USD,2023-06-13,15.196287155151367,15.873085975646973,14.816584587097168,15.018193244934082,363876713.0,-0.347569145945704,-0.3706060635369967,-0.3590876047413504,-0.0117469180703515,0.0352874162582203,-0.0352874162582203
SOL-USD_2023-06-14,SOL-USD,2023-06-14,15.018190383911133,15.305150032043455,14.195953369140623,14.486572265625,296502336.0,-0.3960230319848387,-0.3753814566369939,-0.3857022443109163,-0.0353984644250338,0.0349305635929139,-0.0349305635929139
SOL-USD_2023-06-15,SOL-USD,2023-06-15,14.486286163330078,15.010393142700195,14.214147567749023,14.759472846984863,329864409.0,-0.3959034599610946,-0.278340462220473,-0.3371219610907838,0.0188381748529584,0.0349329932992641,-0.0349329932992641
SOL-USD_2023-06-16,SOL-USD,2023-06-16,14.760416030883787,15.399171829223633,14.46956729888916,15.30825424194336,232544705.0,-0.3820519969100805,-0.2395344881904685,-0.3107932425502745,0.0371816392528276,0.035282550729275,-0.035282550729275
SOL-USD_2023-06-17,SOL-USD,2023-06-17,15.308581352233888,16.06578254699707,15.185426712036133,15.650521278381348,206436912.0,-0.3500446234469422,-0.2486582005680996,-0.2993514120075209,0.0223583323760201,0.0353692430197595,-0.0353692430197595
SOL-USD_2023-06-18,SOL-USD,2023-06-18,15.64947509765625,15.81269073486328,15.361244201660156,15.43823528289795,141612316.0,-0.3912830336932804,-0.2816077003352641,-0.3364453670142723,-0.013564148548626,0.0345501494811069,-0.0345501494811069
SOL-USD_2023-06-19,SOL-USD,2023-06-19,15.438765525817873,16.07537078857422,15.414377212524414,16.073041915893555,163949883.0,-0.3455294181971478,-0.2268896330275229,-0.2862095256123353,0.0411191189512978,0.0349352453526129,-0.0349352453526129
SOL-USD_2023-06-20,SOL-USD,2023-06-20,16.07803726196289,16.66510581970215,15.759370803833008,16.635231018066406,265787114.0,-0.3306466547459407,-0.237788463614046,-0.2842175591799933,0.034977144035003,0.0352460130526912,-0.0352460130526912
SOL-USD_2023-06-21,SOL-USD,2023-06-21,16.635486602783203,17.379573822021484,16.58346939086914,17.25704574584961,357788986.0,-0.2402073317189095,-0.2774611938323482,-0.2588342627756289,0.0373793863823046,0.0341196878778615,-0.0341196878778615
SOL-USD_2023-06-22,SOL-USD,2023-06-22,17.25714874267578,17.698505401611328,16.6103458404541,16.642620086669922,299233520.0,-0.2497051669539686,-0.25322371803359,-0.2514644424937793,-0.0356043362362563,0.0342673169545003,-0.0342673169545003
SOL-USD_2023-06-23,SOL-USD,2023-06-23,16.642969131469727,17.510692596435547,16.23674774169922,17.149534225463867,386994632.0,-0.1940302106397609,-0.2597352407403458,-0.2268827256900533,0.0304587941173977,0.0342090831293981,-0.0342090831293981
SOL-USD_2023-06-24,SOL-USD,2023-06-24,17.149274826049805,17.517597198486328,16.46331787109375,16.652862548828125,260480952.0,-0.2366775432596802,-0.2907214109637205,-0.2636994771117004,-0.0289612341714958,0.0341725773931412,-0.0341725773931412
SOL-USD_2023-06-25,SOL-USD,2023-06-25,16.651472091674805,17.34068489074707,16.60713768005371,16.97138023376465,252839095.0,-0.2099036040398235,-0.3167928058583623,-0.2633482049490929,0.0191269028974803,0.0342584883992063,-0.0342584883992063
SOL-USD_2023-06-26,SOL-USD,2023-06-26,16.969646453857422,17.10167694091797,16.02097511291504,16.27002716064453,275948459.0,-0.2394009459227267,-0.3785651160044373,-0.308983030963582,-0.0413256354792388,0.0345946200569688,-0.0345946200569688
SOL-USD_2023-06-27,SOL-USD,2023-06-27,16.26987075805664,16.909896850585938,16.1785888671875,16.61964988708496,259041273.0,-0.2420551110993584,-0.3338432886883488,-0.2879491998938536,0.0214887610812433,0.0345494961580752,-0.0345494961580752
SOL-USD_2023-06-28,SOL-USD,2023-06-28,16.621904373168945,16.627328872680664,15.74758243560791,15.98684310913086,327399744.0,-0.2488449089782181,-0.3388771138897322,-0.2938610114339751,-0.0380758188200975,0.0346705254128452,-0.0346705254128452
SOL-USD_2023-06-29,SOL-USD,2023-06-29,15.98551082611084,18.19975471496582,15.906376838684082,17.970457077026367,737633196.0,-0.1955969159509023,-0.2481232198509555,-0.2218600679009289,0.1240779029577496,0.0376640325705882,-0.0376640325705882
SOL-USD_2023-06-30,SOL-USD,2023-06-30,17.971071243286133,19.855125427246094,17.314870834350586,18.897321701049805,1120379648.0,-0.1912569800298171,-0.1802675397118918,-0.1857622598708544,0.0515771312911317,0.0377881796690122,-0.0377881796690122
SOL-USD_2023-07-01,SOL-USD,2023-07-01,18.89606475830078,18.97142791748047,17.945798873901367,18.68390274047852,349552752.0,-0.1940686986216784,-0.1704670130991022,-0.1822678558603903,-0.0112936089011719,0.0377983128623091,-0.0377983128623091
SOL-USD_2023-07-02,SOL-USD,2023-07-02,18.689668655395508,19.704559326171875,18.58200454711914,19.453594207763672,497231250.0,-0.1479685438038733,-0.163505315557725,-0.1557369296807992,0.0411954332013098,0.0381641825307532,-0.0381641825307532
SOL-USD_2023-07-03,SOL-USD,2023-07-03,19.45241355895996,19.6131591796875,18.943145751953125,19.240537643432617,324227812.0,-0.1248984153135921,-0.1521224040239877,-0.1385104096687899,-0.0109520411526845,0.037916792701139,-0.037916792701139
SOL-USD_2023-07-04,SOL-USD,2023-07-04,19.24203109741211,19.87669563293457,19.096738815307617,19.14322853088379,345225951.0,-0.1402089784508374,-0.1265335822230174,-0.1333712803369274,-0.0050575048552264,0.0378764776969858,-0.0378764776969858
SOL-USD_2023-07-05,SOL-USD,2023-07-05,19.145612716674805,19.35526657104492,18.498628616333008,18.99286460876465,260416081.0,-0.1451587619902491,-0.1561139071913783,-0.1506363345908137,-0.0078546793649022,0.0378844293059702,-0.0378844293059702
SOL-USD_2023-07-06,SOL-USD,2023-07-06,18.991992950439453,20.922775268554688,18.886260986328125,19.72938537597656,903770571.0,-0.0920815054137376,-0.1025929326811962,-0.0973372190474669,0.0387788141696132,0.0381346543345287,-0.0381346543345287
SOL-USD_2023-07-07,SOL-USD,2023-07-07,19.726110458374023,21.60171127319336,19.318931579589844,21.484664916992188,988591308.0,-0.058768045606351,0.0039866574255504,-0.0273906940904002,0.0889677761149589,0.0392624050140077,-0.0392624050140077
SOL-USD_2023-07-08,SOL-USD,2023-07-08,21.485252380371094,22.40300178527832,21.35688209533692,21.85926818847656,693929963.0,-0.0052331244539246,0.042563848501846,0.0186653620239606,0.0174358442606241,0.0390328692406387,-0.0390328692406387
SOL-USD_2023-07-09,SOL-USD,2023-07-09,21.854955673217773,22.322025299072266,21.08757781982422,21.3490047454834,405174806.0,-0.0226707019421765,0.0176570759408736,-0.0025068130006514,-0.0233431164572176,0.0391418755268556,-0.0391418755268556
SOL-USD_2023-07-10,SOL-USD,2023-07-10,21.347787857055664,21.777145385742188,20.572586059570312,21.31377601623535,543191863.0,0.0317712267068988,0.0328938192048959,0.0323325229558973,-0.0016501344989161,0.0385116719745536,-0.0385116719745536
SOL-USD_2023-07-11,SOL-USD,2023-07-11,21.314722061157227,22.285200119018555,21.24249267578125,22.09293365478516,453810523.0,0.0681353982553047,0.0912929724412976,0.0797141853483012,0.0365565274757648,0.0387680479873273,-0.0387680479873273
SOL-USD_2023-07-12,SOL-USD,2023-07-12,22.092424392700195,22.712724685668945,21.82825469970703,21.977602005004883,541605988.0,0.048864445570951,0.1930606622833621,0.1209625539271566,-0.0052202958458301,0.0387507377986455,-0.0387507377986455
SOL-USD_2023-07-13,SOL-USD,2023-07-13,21.97846031188965,26.624345779418945,21.49482536315918,26.02569580078125,1527996472.0,0.2861798649342228,0.5036673280838715,0.3949235965090472,0.1841917873867453,0.0448002800490474,-0.0448002800490474
SOL-USD_2023-07-14,SOL-USD,2023-07-14,26.02075958251953,30.057695388793945,25.434978485107425,26.7357177734375,2184090884.0,0.2784994403857861,0.4654813217001325,0.3719903810429593,0.0272815750284354,0.0447436985075062,-0.0447436985075062
SOL-USD_2023-07-15,SOL-USD,2023-07-15,26.729034423828125,29.0573959350586,26.688867568969727,27.391355514526367,1323279744.0,0.3125530275770363,0.502885483482916,0.4077192555299761,0.024522915249362,0.0448026254715715,-0.0448026254715715
SOL-USD_2023-07-16,SOL-USD,2023-07-16,27.395526885986328,28.551088333129883,26.8976993560791,27.384082794189453,753056132.0,0.3069041651286708,0.3482701148173162,0.3275871399729935,-0.000265511516327,0.0448078523021143,-0.0448078523021143
SOL-USD_2023-07-17,SOL-USD,2023-07-17,27.38576889038086,28.380918502807617,25.895729064941406,26.872766494750977,970813262.0,0.2792176408959763,0.3151191759659857,0.297168408430981,-0.0186720257633375,0.0449079300019851,-0.0449079300019851
SOL-USD_2023-07-18,SOL-USD,2023-07-18,26.869007110595703,27.045597076416016,24.824853897094727,25.54450416564941,696782373.0,0.2352620906971534,0.2205878667194902,0.2279249787083218,-0.0494278223777597,0.0453567702920521,-0.0453567702920521
SOL-USD_2023-07-19,SOL-USD,2023-07-19,25.55088233947754,26.922088623046875,25.418062210083008,26.372352600097656,603189951.0,0.2517492222686246,0.3670819643603984,0.3094155933145115,0.0324080839103342,0.0454589473523298,-0.0454589473523298
SOL-USD_2023-07-20,SOL-USD,2023-07-20,26.36872673034668,26.89643859863281,25.16942596435547,25.375167846679688,606255421.0,0.2470169170640095,0.2860856222256358,0.2665512696448227,-0.0378117481037424,0.0455114119102775,-0.0455114119102775
SOL-USD_2023-07-21,SOL-USD,2023-07-21,25.375524520874023,25.947921752929688,25.142337799072266,25.544267654418945,410907584.0,0.2552545445564629,0.181013748030292,0.2181341462933774,0.0066639877521592,0.045508610942877,-0.045508610942877
SOL-USD_2023-07-22,SOL-USD,2023-07-22,25.54317855834961,25.95035743713379,24.306474685668945,24.535053253173828,335432006.0,0.2094904421228092,0.1575375939562073,0.1835140180395083,-0.0395084492105426,0.0458379103137245,-0.0458379103137245
SOL-USD_2023-07-23,SOL-USD,2023-07-23,24.53266334533692,25.213611602783203,24.25096702575684,24.766815185546875,330741258.0,0.2630048478780211,0.1307291357804734,0.1968669918292472,0.0094461556688516,0.0455917632566265,-0.0455917632566265
SOL-USD_2023-07-24,SOL-USD,2023-07-24,24.765520095825195,24.81063842773437,23.069425582885746,23.38149070739746,492344649.0,0.1964709935719124,0.0543380866397738,0.1254045401058431,-0.0559347040695746,0.046218553273269,-0.046218553273269
SOL-USD_2023-07-25,SOL-USD,2023-07-25,23.38324928283692,23.525882720947266,22.864362716674805,23.279321670532227,346742173.0,0.1614583571238248,0.0292265808636955,0.0953424689937602,-0.0043696545333147,0.0461452084218901,-0.0461452084218901
SOL-USD_2023-07-26,SOL-USD,2023-07-26,23.27935791015625,25.518346786499023,23.20773124694824,25.17705345153809,688135176.0,0.3096907191536717,0.1720895677049498,0.2408901434293108,0.0815200635080393,0.046822349285665,-0.046822349285665
SOL-USD_2023-07-27,SOL-USD,2023-07-27,25.17807960510254,25.586376190185547,24.72016143798828,25.099336624145508,514211484.0,0.3031398672269547,0.1297469348788933,0.216443401052924,-0.0030868118678849,0.0468325096750791,-0.0468325096750791
SOL-USD_2023-07-28,SOL-USD,2023-07-28,25.09872817993164,25.47324752807617,24.577672958374023,24.84685707092285,374045446.0,0.2829510305585174,0.2015585966597783,0.2422548136091479,-0.0100592122016393,0.0468722582683576,-0.0468722582683576
SOL-USD_2023-07-29,SOL-USD,2023-07-29,24.84393310546875,25.36704444885254,24.78037452697754,25.16897392272949,265061245.0,0.2322489974277934,0.230958576132626,0.2316037867802097,0.0129640884111494,0.0464527899003262,-0.0464527899003262
SOL-USD_2023-07-30,SOL-USD,2023-07-30,25.16937255859375,25.19329261779785,23.84540748596192,24.26101875305176,365262222.0,0.1664748641494364,0.1566349583298969,0.1615549112396667,-0.0360743815963738,0.0466941607463069,-0.0466941607463069
SOL-USD_2023-07-31,SOL-USD,2023-07-31,24.261838912963867,24.75018310546875,23.6588191986084,23.720956802368164,376948332.0,0.15225733466997,0.1907109781568539,0.1714841564134119,-0.0222604811521224,0.0467758763957954,-0.0467758763957954
SOL-USD_2023-08-01,SOL-USD,2023-08-01,23.724891662597656,23.99875259399414,23.08723831176757,23.99875259399414,428254164.0,0.1291360760552948,0.172346604592519,0.1507413403239069,0.0117109859412687,0.0466404442532213,-0.0466404442532213
SOL-USD_2023-08-02,SOL-USD,2023-08-02,23.99351501464844,24.219627380371094,22.984315872192383,23.145721435546875,393185796.0,0.1114657332632229,0.0963577774708002,0.1039117553670115,-0.0355448123858214,0.0468031049902719,-0.0468031049902719
SOL-USD_2023-08-03,SOL-USD,2023-08-03,23.144893646240234,23.353015899658203,22.54010009765625,22.636049270629883,365983702.0,0.1040780562629295,0.101454829184048,0.1027664427234887,-0.0220201459840541,0.0468513992447016,-0.0468513992447016
SOL-USD_2023-08-04,SOL-USD,2023-08-04,22.632715225219727,23.52178192138672,22.522666931152344,22.79361915588379,382245804.0,0.0722576608092055,0.0766691139379409,0.0744633873735732,0.006961015297769,0.0466502266573072,-0.0466502266573072
SOL-USD_2023-08-05,SOL-USD,2023-08-05,22.793601989746094,22.89552879333496,22.3279972076416,22.632204055786133,250613466.0,0.0697990706307805,0.0789755500384321,0.0743873103346063,-0.007081591518826,0.04665659656582,-0.04665659656582
SOL-USD_2023-08-06,SOL-USD,2023-08-06,22.63254737854004,23.416099548339844,22.596603393554688,23.18569564819336,320595154.0,0.0626390640020693,0.1289732142442528,0.095806139123161,0.0244559297469626,0.0465948796970681,-0.0465948796970681
SOL-USD_2023-08-07,SOL-USD,2023-08-07,23.18540573120117,23.50393867492676,22.48735237121582,23.068756103515625,353804981.0,0.1491251447846688,0.1284400160253092,0.138782580404989,-0.0050436073367006,0.0454111799708081,-0.0454111799708081
SOL-USD_2023-08-08,SOL-USD,2023-08-08,23.06925201416016,24.72762489318848,23.021738052368164,24.211763381958008,495649796.0,0.1869393941660713,0.1570945497878086,0.17201697197694,0.0495478504915223,0.0457586428254526,-0.0457586428254526
SOL-USD_2023-08-09,SOL-USD,2023-08-09,24.211030960083008,24.95158576965332,24.1942081451416,24.37852668762207,447009018.0,0.3082621210348575,0.1627643936724008,0.2355132573536291,0.0068876976465221,0.044277763057491,-0.044277763057491
SOL-USD_2023-08-10,SOL-USD,2023-08-10,24.3783016204834,24.809499740600582,24.15066719055176,24.613052368164062,339616018.0,0.3016253461893474,0.1942212046057787,0.2479232753975631,0.0096201744899158,0.0442645832278908,-0.0442645832278908
SOL-USD_2023-08-11,SOL-USD,2023-08-11,24.610626220703125,24.86531448364257,24.35961532592773,24.58286094665528,314045619.0,0.4144583255779654,0.2009249037284632,0.3076916146532144,-0.0012266427201785,0.0428837621764186,-0.0428837621764186
SOL-USD_2023-08-12,SOL-USD,2023-08-12,24.585542678833008,25.11195182800293,24.405805587768555,24.90673065185547,253389584.0,0.5908641807456982,0.2430710708461885,0.4169676257959434,0.013174614049316,0.0407036997717131,-0.0407036997717131
SOL-USD_2023-08-13,SOL-USD,2023-08-13,24.905216217041016,24.91316032409668,24.23648262023925,24.24288558959961,263449955.0,0.5581486450231354,0.1942622810649035,0.3762054630440195,-0.0266532397019519,0.0409011925493792,-0.0409011925493792
SOL-USD_2023-08-14,SOL-USD,2023-08-14,24.242403030395508,25.22711753845215,24.09539794921875,25.142822265625,359715099.0,0.6544914016734209,0.2040222612153461,0.4292568314443835,0.0371216814392536,0.0408677563310433,-0.0408677563310433
SOL-USD_2023-08-15,SOL-USD,2023-08-15,25.14717102050781,25.24112129211425,23.761661529541016,23.89658546447754,424193111.0,0.5911757875760657,0.0381321780387697,0.3146539828074177,-0.0495663051658008,0.0414482018867841,-0.0414482018867841
SOL-USD_2023-08-16,SOL-USD,2023-08-16,23.900014877319336,23.993120193481445,22.48752784729004,22.811975479125977,441171937.0,0.5746979382594335,-0.0489187137103416,0.2628896122745459,-0.0453876553603795,0.0416363858563901,-0.0416363858563901
SOL-USD_2023-08-17,SOL-USD,2023-08-17,22.811418533325195,23.380619049072266,20.30415344238281,21.70997428894043,620931325.0,0.4709180005284163,-0.1114235251998388,0.1797472376642887,-0.0483080122190175,0.0422111935942133,-0.0422111935942133
SOL-USD_2023-08-18,SOL-USD,2023-08-18,21.712427139282227,22.17001342773437,21.0891342163086,21.335493087768555,411279768.0,0.3937247677341977,-0.1387505629216906,0.1274871024062535,-0.0172492696761342,0.0421401119840615,-0.0421401119840615
SOL-USD_2023-08-19,SOL-USD,2023-08-19,21.33571052551269,22.14778518676757,21.315994262695312,21.879037857055664,244048976.0,0.3979750238273534,-0.0913786169765226,0.1532982034254154,0.0254760819002921,0.042161315458108,-0.042161315458108
SOL-USD_2023-08-20,SOL-USD,2023-08-20,21.879751205444336,22.00470352172852,21.63009452819824,21.77327537536621,198853112.0,0.410347424843696,-0.1414975941106512,0.1344249153665224,-0.004833964015257,0.0421097269914643,-0.0421097269914643
SOL-USD_2023-08-21,SOL-USD,2023-08-21,21.77326393127441,21.77742576599121,20.683576583862305,21.20825958251953,339125910.0,0.3194925822689545,-0.1364309219978894,0.0915308301355325,-0.0259499677060955,0.0420632191755614,-0.0420632191755614
SOL-USD_2023-08-22,SOL-USD,2023-08-22,21.20706558227539,21.250513076782227,19.7354679107666,20.54654121398925,381594696.0,0.23512208466928,-0.1732669008294498,0.0309275919199151,-0.0312009745993343,0.0421349604266754,-0.0421349604266754
SOL-USD_2023-08-23,SOL-USD,2023-08-23,20.54734992980957,21.746028900146484,20.45146751403809,21.7036247253418,404686524.0,0.2576674504418934,-0.0444334920184776,0.1066169792117078,0.0563152454372584,0.0424419386670177,-0.0424419386670177
SOL-USD_2023-08-24,SOL-USD,2023-08-24,21.70798683166504,21.98844337463379,20.751087188720703,21.033031463623047,328472951.0,0.2638052995315125,-0.051773413785314,0.1060159428730992,-0.0308977541864584,0.0423743081324209,-0.0423743081324209
SOL-USD_2023-08-25,SOL-USD,2023-08-25,21.03511047363281,21.04962730407715,20.153100967407227,20.392719268798828,278312420.0,0.1891121356823462,-0.0416115424783954,0.0737502966019753,-0.0304431720140603,0.0424687022869008,-0.0424687022869008
SOL-USD_2023-08-26,SOL-USD,2023-08-26,20.392974853515625,20.40377616882324,20.217575073242188,20.280424118041992,144065112.0,0.2178341146200801,-0.0703998717260282,0.0737171214470259,-0.0055066295611027,0.0422810373756028,-0.0422810373756028
SOL-USD_2023-08-27,SOL-USD,2023-08-27,20.28070068359375,20.870126724243164,20.26211166381836,20.78683853149414,177496132.0,0.2248172066841456,-0.0322763392888458,0.0962704336976498,0.0249706027105038,0.0423212088558615,-0.0423212088558615
SOL-USD_2023-08-28,SOL-USD,2023-08-28,20.786964416503903,20.786964416503903,20.168689727783203,20.557100296020508,200600033.0,0.2634951431271086,-0.0389867893062921,0.1122541769104082,-0.0110521008341675,0.0419678944792058,-0.0419678944792058
SOL-USD_2023-08-29,SOL-USD,2023-08-29,20.556865692138672,21.98325729370117,20.12834358215332,21.78076362609864,469679540.0,0.3105428678749937,-0.0066807316089597,0.151931068133017,0.0595250941259946,0.0424859546003603,-0.0424859546003603
SOL-USD_2023-08-30,SOL-USD,2023-08-30,21.782026290893555,21.93271446228028,20.641664505004883,20.834903717041016,292322455.0,0.3032531547858372,-0.0210547578924199,0.1410991984467086,-0.0434263887756558,0.0425790036644548,-0.0425790036644548
SOL-USD_2023-08-31,SOL-USD,2023-08-31,20.83383750915528,21.007213592529297,19.54976272583008,19.735092163085938,343649256.0,0.0981964497895548,-0.1166073888975119,-0.0092054695539785,-0.0527869755911343,0.040379377027256,-0.040379377027256
SOL-USD_2023-09-01,SOL-USD,2023-09-01,19.73475646972656,19.907936096191406,19.092510223388672,19.327844619750977,286842939.0,0.0227822188515347,-0.1728320195542053,-0.0750249003513353,-0.0206357051677067,0.0399797548921721,-0.0399797548921721
SOL-USD_2023-09-02,SOL-USD,2023-09-02,19.32852363586425,19.66608428955078,19.188915252685547,19.49374389648437,200858690.0,0.0433443251795213,-0.1591361502223816,-0.0578959125214301,0.0085834339005324,0.0399587024192446,-0.0399587024192446
SOL-USD_2023-09-03,SOL-USD,2023-09-03,19.494253158569336,19.657276153564453,19.28093147277832,19.578746795654297,164570332.0,0.0064333915138765,-0.1424870918640253,-0.0680268501750743,0.0043605220024078,0.0396356048223863,-0.0396356048223863
SOL-USD_2023-09-04,SOL-USD,2023-09-04,19.577850341796875,19.949865341186523,19.24225616455078,19.499408721923828,220024399.0,0.013454461787328,-0.1131243944823987,-0.0498349663475353,-0.0040522549557706,0.0396120140254274,-0.0396120140254274
SOL-USD_2023-09-05,SOL-USD,2023-09-05,19.50067710876465,20.54744338989257,19.094310760498047,20.272384643554688,387328289.0,0.0589846227269987,-0.0894945294206992,-0.0152549533468502,0.0396409928451715,0.0399018797568867,-0.0399018797568867
SOL-USD_2023-09-06,SOL-USD,2023-09-06,20.27223777770996,20.348989486694336,19.21592712402344,19.62002944946289,313630984.0,0.0330210767894814,-0.1169309838271137,-0.0419549535188161,-0.0321794996277955,0.0401125816689171,-0.0401125816689171
SOL-USD_2023-09-07,SOL-USD,2023-09-07,19.62108039855957,19.972978591918945,19.367788314819336,19.890499114990234,242438252.0,0.0081661813555455,-0.0846672783308921,-0.0382505484876732,0.0137853852984277,0.0398584745807246,-0.0398584745807246
SOL-USD_2023-09-08,SOL-USD,2023-09-08,19.893768310546875,20.214828491210938,19.42186546325684,19.599044799804688,219114497.0,-0.0877658611140901,-0.1413760785918076,-0.1145709698529489,-0.0146529412610815,0.0382711912020362,-0.0382711912020362
SOL-USD_2023-09-09,SOL-USD,2023-09-09,19.600006103515625,19.602888107299805,19.40461540222168,19.44607162475586,101925453.0,-0.1103969512114249,-0.1150523546803262,-0.1127246529458755,-0.007805134209926,0.0382096390651129,-0.0382096390651129
SOL-USD_2023-09-10,SOL-USD,2023-09-10,19.44618797302246,19.44618797302246,17.87034034729004,18.24883079528809,520683204.0,-0.1452139800967153,-0.1645925791782821,-0.1549032796374987,-0.0615672333502885,0.03886531539826,-0.03886531539826
SOL-USD_2023-09-11,SOL-USD,2023-09-11,18.24670791625977,18.413116455078125,17.461477279663086,17.739166259765625,380225621.0,-0.1677135836346801,-0.141270823215265,-0.1544922034249726,-0.0279286131390983,0.0390047374255222,-0.0390047374255222
SOL-USD_2023-09-12,SOL-USD,2023-09-12,17.73886489868164,18.65507125854492,17.606657028198242,17.929826736450195,361388393.0,-0.1884361300036433,-0.1331399025118251,-0.1607880162577342,0.0107479953619358,0.038725754805965,-0.038725754805965
SOL-USD_2023-09-13,SOL-USD,2023-09-13,17.930871963500977,18.508787155151367,17.739513397216797,18.402999877929688,356729875.0,-0.1626475047760517,-0.121730739349481,-0.1421891220627664,0.0263902796404362,0.0388956691010354,-0.0388956691010354
SOL-USD_2023-09-14,SOL-USD,2023-09-14,18.40332221984864,19.26730728149414,18.40332221984864,18.83830642700196,349380172.0,-0.2761651188424148,-0.0690181503180578,-0.1725916345802363,0.0236541081323553,0.0309391217942959,-0.0309391217942959
SOL-USD_2023-09-15,SOL-USD,2023-09-15,18.83917999267578,19.40658187866211,18.590330123901367,19.16884422302246,205202282.0,-0.2830248888224309,-0.0833477215889412,-0.183186305205686,0.0175460462595895,0.0308010826664325,-0.0308010826664325
SOL-USD_2023-09-16,SOL-USD,2023-09-16,19.16949844360352,19.41681480407715,18.917415618896484,19.140369415283203,146477836.0,-0.3012259139518468,-0.08282195776512,-0.1920239358584834,-0.0014854733758573,0.0305751777197999,-0.0305751777197999
SOL-USD_2023-09-17,SOL-USD,2023-09-17,19.139827728271484,19.139827728271484,18.712940216064453,18.83162879943848,112594680.0,-0.3123147873539768,-0.1012613312955166,-0.2067880593247467,-0.0161303373590167,0.0305990875729199,-0.0305990875729199
SOL-USD_2023-09-18,SOL-USD,2023-09-18,18.832380294799805,20.100101470947266,18.65157127380371,19.657245635986328,316245106.0,-0.2685068119121284,-0.0642610096027562,-0.1663839107574423,0.0438420300942032,0.0311721753951096,-0.0311721753951096
SOL-USD_2023-09-19,SOL-USD,2023-09-19,19.657075881958008,20.358543395996094,19.614437103271484,20.03618812561035,253895801.0,-0.2156360524486626,-0.0311049502802627,-0.1233705013644627,0.0192774967887818,0.0307733571051541,-0.0307733571051541
SOL-USD_2023-09-20,SOL-USD,2023-09-20,20.03628921508789,20.48303985595703,19.85378074645996,20.3049373626709,233206126.0,-0.2300672727014991,-0.0362373074049405,-0.1331522900532198,0.0134131919392905,0.0305089504735487,-0.0305089504735487
SOL-USD_2023-09-21,SOL-USD,2023-09-21,20.3048152923584,20.3048152923584,19.37391471862793,19.47907066345215,253809695.0,-0.2323569727243809,-0.042736158721074,-0.1375465657227275,-0.0406731961033794,0.0305626592397681,-0.0305626592397681
SOL-USD_2023-09-22,SOL-USD,2023-09-22,19.47825050354004,19.774112701416016,19.221296310424805,19.43814468383789,170874161.0,-0.2390408311245809,-0.0448025450472212,-0.1419216880859011,-0.0021010232121106,0.0305345183919947,-0.0305345183919947
SOL-USD_2023-09-23,SOL-USD,2023-09-23,19.43851089477539,19.55816078186035,19.31374931335449,19.47390365600586,97379053.0,-0.206282397064423,-0.0400061455047926,-0.1231442712846078,0.0018396288714581,0.0301986437207616,-0.0301986437207616
SOL-USD_2023-09-24,SOL-USD,2023-09-24,19.47389411926269,19.657695770263672,19.30803680419922,19.3742904663086,115380619.0,-0.2177318592979682,-0.0119915459528079,-0.114861702625388,-0.005115214260934,0.0301558879009495,-0.0301558879009495
SOL-USD_2023-09-25,SOL-USD,2023-09-25,19.3741455078125,19.70343971252441,19.217248916625977,19.40414047241211,163848456.0,-0.1701067859512907,-0.0070568416285529,-0.0885818137899218,0.0015407018984987,0.0294022501928278,-0.0294022501928278
SOL-USD_2023-09-26,SOL-USD,2023-09-26,19.40274429321289,19.5053653717041,18.941389083862305,19.023286819458008,170201883.0,-0.1828246935760871,-0.050884911118724,-0.1168548023474055,-0.0196274425809059,0.0294803710890787,-0.0294803710890787
SOL-USD_2023-09-27,SOL-USD,2023-09-27,19.02251434326172,19.44652557373047,18.774215698242188,19.130022048950195,210385139.0,-0.2401802662979402,-0.0048711465405979,-0.122525706419269,0.0056107669776084,0.0274617395828381,-0.0274617395828381
SOL-USD_2023-09-28,SOL-USD,2023-09-28,19.12947463989257,19.96086502075196,19.110307693481445,19.95761680603028,225954938.0,-0.2048548093167093,0.036185398213175,-0.0843347055517671,0.04326156838515,0.028099437804924,-0.028099437804924
SOL-USD_2023-09-29,SOL-USD,2023-09-29,19.95958137512207,20.415977478027344,19.87516021728516,20.300655364990234,219571069.0,-0.182968883869535,0.0482109124379559,-0.0673789857157895,0.0171883528125613,0.0282023363264026,-0.0282023363264026
SOL-USD_2023-09-30,SOL-USD,2023-09-30,20.29958915710449,21.72997093200684,20.124679565429688,21.3951473236084,328987954.0,-0.1499396284769892,0.0474860405623276,-0.0512267939573308,0.0539141194675756,0.0290314813217445,-0.0290314813217445
SOL-USD_2023-10-01,SOL-USD,2023-10-01,21.392059326171875,24.3960189819336,21.170072555541992,23.83648681640625,637123111.0,-0.0174985206089958,0.1460632796992418,0.064282379545123,0.1141071597157905,0.0321952823124156,-0.0321952823124156
SOL-USD_2023-10-02,SOL-USD,2023-10-02,23.83795547485352,24.603424072265625,22.97602272033692,23.371700286865234,658084028.0,-0.0147235424950507,0.1352920248377227,0.060284241171336,-0.0194989527240696,0.0321660434030922,-0.0321660434030922
SOL-USD_2023-10-03,SOL-USD,2023-10-03,23.36992073059082,24.662073135375977,23.29671096801757,23.55269432067871,653491878.0,-0.0185867274379527,0.1081491315692955,0.0447812020656713,0.0077441534673108,0.0321471578614985,-0.0321471578614985
SOL-USD_2023-10-04,SOL-USD,2023-10-04,23.556915283203125,23.754377365112305,22.692842483520508,23.1447868347168,429268875.0,-4.037898894948544e-05,0.1114208534006617,0.0556902372058561,-0.0173189309217917,0.0319013237710718,-0.0319013237710718
SOL-USD_2023-10-05,SOL-USD,2023-10-05,23.14655113220215,23.717647552490234,22.62894821166992,22.694141387939453,361288781.0,0.0025663540759714,0.1069115114828105,0.054738932779391,-0.0194707106181417,0.031873909374551,-0.031873909374551
SOL-USD_2023-10-06,SOL-USD,2023-10-06,22.69216728210449,23.70509147644043,22.69216728210449,23.42445373535156,402665506.0,0.0276759287392467,0.1019333874198726,0.0648046580795597,0.0321806555677943,0.0321133985408543,-0.0321133985408543
SOL-USD_2023-10-07,SOL-USD,2023-10-07,23.4239501953125,24.10172271728516,23.117116928100582,23.28730201721192,278403509.0,0.0289453894906142,0.1007648214068854,0.0648551054487498,-0.0058550658081153,0.0321088319552615,-0.0321088319552615
SOL-USD_2023-10-08,SOL-USD,2023-10-08,23.28933525085449,23.61370658874512,23.14427947998047,23.24642562866211,190670414.0,0.0026192865372784,0.0654224201963962,0.0340208533668373,-0.0017553080438257,0.0319689028922895,-0.0319689028922895
SOL-USD_2023-10-09,SOL-USD,2023-10-09,23.244909286499023,23.35351181030273,21.814489364624023,22.118396759033203,356967743.0,-0.0411968179046112,0.1017848454453649,0.0302940137703768,-0.0485248307695993,0.032555324427399,-0.032555324427399
SOL-USD_2023-10-10,SOL-USD,2023-10-10,22.11751747131348,22.45848846435547,21.73872756958008,22.10511589050293,241087146.0,-0.0870092548907404,0.0836646818792146,-0.0016722865057628,-0.0006004444478937,0.0319275434288792,-0.0319275434288792
SOL-USD_2023-10-11,SOL-USD,2023-10-11,22.105201721191406,22.39118194580078,21.679807662963867,22.00741958618164,278925381.0,-0.0972621164446468,0.1810177782786446,0.0418778309169988,-0.0044196241632581,0.0319145618299731,-0.0319145618299731
SOL-USD_2023-10-12,SOL-USD,2023-10-12,22.00748443603516,22.019926071166992,21.068971633911133,21.300268173217773,283320977.0,-0.1345946104283771,0.1264335897952906,-0.0040805103165432,-0.0321324092629143,0.0321206207088592,-0.0321206207088592
SOL-USD_2023-10-13,SOL-USD,2023-10-13,21.299955368041992,22.15665435791016,21.132036209106445,21.834917068481445,269268807.0,-0.1117829159159653,0.2563460495032468,0.0722815667936407,0.0251005710780638,0.0322988414520648,-0.0322988414520648
SOL-USD_2023-10-14,SOL-USD,2023-10-14,21.83435440063477,22.196813583374023,21.82191276550293,22.01171875,174004594.0,-0.1162341192957735,0.4059514837775297,0.1448586822408781,0.0080971995892655,0.0322682769621398,-0.0322682769621398
SOL-USD_2023-10-15,SOL-USD,2023-10-15,22.010534286499023,22.135814666748047,21.71138381958008,21.922027587890625,178940996.0,-0.0957335707059827,0.408981511544382,0.1566239704191996,-0.0040747005323868,0.032108869239868,-0.032108869239868
SOL-USD_2023-10-16,SOL-USD,2023-10-16,21.92258644104004,24.41446876525879,21.92258644104004,23.98295783996582,726713710.0,-0.04613103546633,0.5781680001440863,0.2660184823388781,0.0940118446531661,0.033948286508581,-0.033948286508581
SOL-USD_2023-10-17,SOL-USD,2023-10-17,23.981590270996094,24.485265731811523,23.64439010620117,23.959318161010746,520830665.0,0.0026251740704319,0.5953529009951095,0.2989890375327707,-0.0009856865492913,0.0333552426854502,-0.0333552426854502
SOL-USD_2023-10-18,SOL-USD,2023-10-18,23.95922470092773,24.30299949645996,23.4240779876709,23.432138442993164,362606644.0,0.0271858508893569,0.6175074416047324,0.3223466462470447,-0.0220031185559974,0.0329632750612406,-0.0329632750612406
SOL-USD_2023-10-19,SOL-USD,2023-10-19,23.4334774017334,25.38907623291016,23.256446838378903,24.93791961669922,663249208.0,0.148684898692081,0.6896212944213422,0.4191530965567116,0.0642613638259859,0.0332993625751468,-0.0332993625751468
SOL-USD_2023-10-20,SOL-USD,2023-10-20,24.937543869018555,27.31616973876953,24.77450561523437,27.033674240112305,910991447.0,0.267075203226049,0.7659540933179865,0.5165146482720178,0.0840388715508451,0.0347331297433641,-0.0347331297433641
SOL-USD_2023-10-21,SOL-USD,2023-10-21,27.034481048583984,30.14244842529297,26.71261215209961,29.386228561401367,1160814433.0,0.3431225245549243,0.8776517432677253,0.6103871339113248,0.0870231068257221,0.0361727977556289,-0.0361727977556289
SOL-USD_2023-10-22,SOL-USD,2023-10-22,29.384227752685547,29.9661922454834,28.20864486694336,29.03668212890625,665340924.0,0.3335927474539588,0.8808290971619201,0.6072109223079395,-0.011894906206312,0.0362156859021098,-0.0362156859021098
SOL-USD_2023-10-23,SOL-USD,2023-10-23,29.26222038269043,32.468772888183594,28.9017391204834,31.85098457336425,1581590969.0,0.5018198192753527,0.98164011143833,0.7417299653568413,0.0969223147453317,0.0377851111487642,-0.0377851111487642
SOL-USD_2023-10-24,SOL-USD,2023-10-24,31.84965705871582,32.36031723022461,29.70209312438965,30.15153694152832,1450364573.0,0.4674750668496672,0.8125108637675522,0.6399929653086097,-0.0533562040420286,0.038248164712387,-0.038248164712387
SOL-USD_2023-10-25,SOL-USD,2023-10-25,30.15122032165528,33.69322204589844,30.059873580932617,32.46306610107422,1458706203.0,0.4957439834079591,0.8811485221264896,0.6884462527672244,0.0766637257672322,0.0387555265398776,-0.0387555265398776
SOL-USD_2023-10-26,SOL-USD,2023-10-26,32.461856842041016,33.22134017944336,30.79706764221192,32.77549362182617,1015617285.0,0.5582867205096846,0.9693710155697204,0.7638288680397025,0.009624091568529,0.038449245119364,-0.038449245119364
SOL-USD_2023-10-27,SOL-USD,2023-10-27,32.77643585205078,33.30240249633789,31.52513885498047,31.73969841003418,870812666.0,0.556423054310192,0.8507615421360326,0.7035922982231123,-0.0316027341569076,0.0384681081129375,-0.0384681081129375
SOL-USD_2023-10-28,SOL-USD,2023-10-28,31.73992156982422,32.47766876220703,31.50631332397461,31.653318405151367,380462073.0,0.5607818762030599,0.900773414320821,0.7307776452619404,-0.0027215130958996,0.0384542181234281,-0.0384542181234281
SOL-USD_2023-10-29,SOL-USD,2023-10-29,31.65210151672364,33.13132858276367,31.434202194213867,32.822608947753906,507672244.0,0.5790091840096014,0.9339976180872523,0.756503401048427,0.0369405358274299,0.0385698197662264,-0.0385698197662264
SOL-USD_2023-10-30,SOL-USD,2023-10-30,32.819034576416016,35.17289352416992,32.39456558227539,34.962337493896484,1099930941.0,0.7007426626538655,1.1488800939722257,0.9248113783130456,0.0651906906470638,0.0391543865130566,-0.0391543865130566
SOL-USD_2023-10-31,SOL-USD,2023-10-31,34.95983123779297,38.54643249511719,34.9084358215332,38.51951599121094,1577034191.0,0.7685108131404177,1.31770923292098,1.0431100230306989,0.1017431542709477,0.0403719318973636,-0.0403719318973636
SOL-USD_2023-11-01,SOL-USD,2023-11-01,38.51305770874024,46.25090026855469,37.96105194091797,41.461544036865234,3630725002.0,0.9900041104079372,1.593479134925928,1.2917416226669327,0.0763775963936199,0.0406416450679104,-0.0406416450679104
SOL-USD_2023-11-02,SOL-USD,2023-11-02,41.38594818115234,44.4891242980957,38.975345611572266,40.20756912231445,2583692673.0,1.0373641425157285,1.2374260682393134,1.1373951053775209,-0.0302442888628512,0.0401604652132983,-0.0401604652132983
SOL-USD_2023-11-03,SOL-USD,2023-11-03,40.208927154541016,40.22572326660156,38.21837615966797,39.51976013183594,1755955299.0,1.0447060140089803,1.0912889539071822,1.0679974839580813,-0.0171064554633021,0.0401164600654934,-0.0401164600654934
SOL-USD_2023-11-04,SOL-USD,2023-11-04,39.52021026611328,42.69524002075195,39.168792724609375,42.34659576416016,1454107898.0,1.1723172310577663,1.266474855513812,1.219396043285789,0.0715296758607351,0.0408032732912605,-0.0408032732912605
SOL-USD_2023-11-05,SOL-USD,2023-11-05,42.37336730957031,42.80353927612305,40.380126953125,41.23860168457031,884855278.0,1.106294244211976,1.119844859728416,1.113069551970196,-0.026164891406161,0.0410899922384084,-0.0410899922384084
SOL-USD_2023-11-06,SOL-USD,2023-11-06,41.238563537597656,42.155067443847656,39.825077056884766,42.12858963012695,1010459088.0,1.1605060046133806,1.189574450093744,1.1750402273535625,0.0215814287876214,0.0410483164232311,-0.0410483164232311
SOL-USD_2023-11-07,SOL-USD,2023-11-07,42.13777160644531,44.42584991455078,40.31990814208984,43.09254455566406,1780187159.0,1.1256771373152057,1.2510594012991496,1.1883682693071775,0.0228812531822277,0.0409277172202705,-0.0409277172202705
SOL-USD_2023-11-08,SOL-USD,2023-11-08,43.08591842651367,43.805057525634766,42.394229888916016,43.18988800048828,1009177437.0,1.2013161657955935,1.274005995944257,1.237661080869925,0.0022589393554719,0.0405448957563492,-0.0405448957563492
SOL-USD_2023-11-09,SOL-USD,2023-11-09,43.18186950683594,48.703067779541016,42.608184814453125,45.44482803344727,2830770419.0,1.2847505118259366,1.3034081988576829,1.2940793553418095,0.0522099069331576,0.0408389052868561,-0.0408389052868561
SOL-USD_2023-11-10,SOL-USD,2023-11-10,45.4423713684082,57.34910202026367,45.21684646606445,56.64385223388672,3795204638.0,1.89013331070355,1.636478271955137,1.7633057913293435,0.2464312152792611,0.0500848878872579,-0.0500848878872579
SOL-USD_2023-11-11,SOL-USD,2023-11-11,56.640995025634766,63.41544723510742,54.04486846923828,56.1026611328125,4182963132.0,1.885038285130602,1.5665388543239458,1.725788569727274,-0.0095542778206467,0.0500999863334654,-0.0500999863334654
SOL-USD_2023-11-12,SOL-USD,2023-11-12,56.13203048706055,61.71490478515625,54.94210433959961,56.15409851074219,2987356952.0,2.0771340444036213,1.630291162524668,1.853712603464145,0.000916843816159,0.0491057296544169,-0.0491057296544169
SOL-USD_2023-11-13,SOL-USD,2023-11-13,56.180625915527344,59.71365737915039,51.90705108642578,51.90705108642578,2942685126.0,1.9261268723861429,1.4353756484485247,1.6807512604173338,-0.0756320114996406,0.0501983291539551,-0.0501983291539551
SOL-USD_2023-11-14,SOL-USD,2023-11-14,51.90221786499024,57.730106353759766,51.71446228027344,56.838375091552734,3195616616.0,2.170045975737397,1.5726947801358184,1.871370377936608,0.0950029697683316,0.0511066855733607,-0.0511066855733607
SOL-USD_2023-11-15,SOL-USD,2023-11-15,56.83993911743164,66.86766815185547,56.30898666381836,65.5344009399414,3793937162.0,2.5610716391154997,1.9818722226845988,2.271471930900049,0.152995680020435,0.0537931044045826,-0.0537931044045826
SOL-USD_2023-11-16,SOL-USD,2023-11-16,65.53944396972656,67.99214935302734,56.81013107299805,57.87140274047852,3922608772.0,2.072006656475676,1.2236255731053811,1.6478161147905284,-0.1169309261937954,0.0565556059996054,-0.0565556059996054
SOL-USD_2023-11-17,SOL-USD,2023-11-17,57.92103958129883,60.416290283203125,54.5516471862793,58.41593551635742,3185454735.0,2.047441715145132,1.184939862523343,1.6161907888342375,0.0094093585102961,0.0565693477118992,-0.0565693477118992
SOL-USD_2023-11-18,SOL-USD,2023-11-18,58.39267349243164,59.28344345092773,55.062313079833984,58.512725830078125,1942321169.0,2.057032210849435,1.1361748891560794,1.596603550002757,0.0016569162654871,0.0565520755430041,-0.0565520755430041
SOL-USD_2023-11-19,SOL-USD,2023-11-19,58.52428436279297,62.02115249633789,56.88264846801758,61.39355850219727,1998656461.0,2.26013002677856,1.2419432107188992,1.7510366187487296,0.0492342927329199,0.056489543964676,-0.056489543964676
SOL-USD_2023-11-20,SOL-USD,2023-11-20,61.37046051025391,61.37046051025391,56.35343170166016,56.53383255004883,1937313546.0,1.8759793511738436,1.1037593044650431,1.4898693278194433,-0.0791569355272754,0.0577779205908724,-0.0577779205908724
SOL-USD_2023-11-21,SOL-USD,2023-11-21,56.54036712646485,57.36568832397461,51.55591583251953,52.00047302246094,2440890238.0,1.5953276489749908,1.0356814399391552,1.315504544457073,-0.0801884344843338,0.0590993988464549,-0.0590993988464549
SOL-USD_2023-11-22,SOL-USD,2023-11-22,52.00212860107422,58.79156494140625,51.73749542236328,57.58855819702149,1985653842.0,1.8361849715869467,1.183671630296959,1.5099283009419529,0.1074621988947457,0.0601879154412831,-0.0601879154412831
SOL-USD_2023-11-23,SOL-USD,2023-11-23,57.57801818847656,59.47392272949219,56.28756332397461,56.599369049072266,1379316733.0,1.9056503786532049,1.2305022528738951,1.56807631576355,-0.0171768347553522,0.0598881080181077,-0.0598881080181077
SOL-USD_2023-11-24,SOL-USD,2023-11-24,56.57889175415039,58.686012268066406,56.34909057617188,56.86643981933594,1146346831.0,1.925507590578761,1.2261918246655434,1.5758497076221525,0.0047186174466382,0.0598559521300516,-0.0598559521300516
SOL-USD_2023-11-25,SOL-USD,2023-11-25,56.86628723144531,59.654144287109375,56.32527923583984,58.84648895263672,1183793273.0,2.0218126777313152,1.398465915089237,1.710139296410276,0.0348192913006577,0.0598488574098156,-0.0598488574098156
SOL-USD_2023-11-26,SOL-USD,2023-11-26,58.84542083740234,58.95796203613281,56.51145553588867,57.6427001953125,871154750.0,1.9752160625211896,1.327416737415271,1.6513163999682303,-0.0204564244825736,0.0599812331234287,-0.0599812331234287
SOL-USD_2023-11-27,SOL-USD,2023-11-27,57.628868103027344,58.02122497558594,53.71446990966797,55.06462097167969,1237763215.0,1.837776867775616,1.355051765551385,1.5964143166635003,-0.0447251640692998,0.0604814017421155,-0.0604814017421155
SOL-USD_2023-11-28,SOL-USD,2023-11-28,55.06262969970703,58.6068229675293,54.08532333374024,58.19437026977539,1412314015.0,2.0591122776034245,1.4998310128357324,1.7794716452195785,0.0568377524963872,0.0604729729578844,-0.0604729729578844
SOL-USD_2023-11-29,SOL-USD,2023-11-29,58.19305038452149,61.653358459472656,57.8550910949707,59.25012969970703,1941361674.0,2.097232692575936,1.353338519686361,1.7252856061311483,0.0181419512753104,0.0604467358257262,-0.0604467358257262
SOL-USD_2023-11-30,SOL-USD,2023-11-30,59.253517150878906,61.43787384033203,58.946922302246094,59.24162292480469,1263841021.0,1.9683715997044584,1.3602864016658662,1.6643290006851623,-0.0001435739456682,0.0604226497094759,-0.0604226497094759
SOL-USD_2023-12-01,SOL-USD,2023-12-01,59.23817825317383,61.75801849365234,58.7782096862793,59.80399703979492,1376669760.0,1.9459146005173165,1.406903894085696,1.6764092473015062,0.0094928883988214,0.0604344265018551,-0.0604344265018551
SOL-USD_2023-12-02,SOL-USD,2023-12-02,59.80374526977539,63.83285903930664,59.77376174926758,63.83285903930664,1346327049.0,1.983520425160639,1.5361724810585438,1.7598464531095914,0.0673677713687066,0.060583327519802,-0.060583327519802
SOL-USD_2023-12-03,SOL-USD,2023-12-03,63.82087707519531,65.39625549316406,62.416622161865234,63.03996658325195,1368876645.0,1.6446836343291418,1.598405583249559,1.6215446087893504,-0.0124213840330486,0.059474340986368,-0.059474340986368
SOL-USD_2023-12-04,SOL-USD,2023-12-04,63.03776931762695,65.13323974609375,60.280521392822266,61.526615142822266,2211865569.0,1.632526276977798,1.5937661644693777,1.6131462207235878,-0.0240062221230895,0.0595219139110665,-0.0595219139110665
SOL-USD_2023-12-05,SOL-USD,2023-12-05,61.5291748046875,62.54000473022461,59.25082778930664,60.99483108520508,1693517649.0,1.5897177730385206,1.5415833946498316,1.565650583844176,-0.008643154777534,0.0595994233233125,-0.0595994233233125
SOL-USD_2023-12-06,SOL-USD,2023-12-06,60.97986602783203,66.38362121582031,60.97986602783203,61.902957916259766,3030993886.0,1.6745961567209746,1.6744881592323178,1.6745421579766462,0.0148885867031274,0.0594392024231792,-0.0594392024231792
SOL-USD_2023-12-07,SOL-USD,2023-12-07,61.934043884277344,69.30046844482422,61.873008728027344,67.83782958984375,3002455075.0,1.989222126988924,1.9968935293785064,1.9930578281837152,0.0958737978500554,0.0600584616118145,-0.0600584616118145
SOL-USD_2023-12-08,SOL-USD,2023-12-08,67.84671783447266,75.12979125976562,67.84123229980469,75.00243377685547,3612712432.0,2.2018861410485657,2.290501313719408,2.2461937273839867,0.1056137000598314,0.0610187945916551,-0.0610187945916551
SOL-USD_2023-12-09,SOL-USD,2023-12-09,74.98954772949219,77.50202178955078,72.03968811035156,72.25760650634766,2893248364.0,2.102875827046912,2.1926897764017963,2.147782801724354,-0.0365965093702709,0.0613540897498266,-0.0613540897498266
SOL-USD_2023-12-10,SOL-USD,2023-12-10,72.27294921875,74.72459411621094,70.91922760009766,74.70588684082031,1849363354.0,2.2136504783217217,2.2220679497551084,2.2178592140384152,0.0338826658236677,0.0613154268573048,-0.0613154268573048
SOL-USD_2023-12-11,SOL-USD,2023-12-11,74.71422576904297,74.8381118774414,67.21549224853516,70.36717224121094,3729540309.0,2.1813866532832145,2.0503236466437453,2.11585514996348,-0.0580772785530824,0.0615003326019879,-0.0615003326019879
SOL-USD_2023-12-12,SOL-USD,2023-12-12,70.34428405761719,72.34092712402344,65.968994140625,68.54067993164062,2366453484.0,2.100670463396571,1.8308834367147089,1.96577695005564,-0.0259565966827443,0.0617220239599242,-0.0617220239599242
SOL-USD_2023-12-13,SOL-USD,2023-12-13,68.5322494506836,72.3547592163086,64.3697738647461,70.76778411865234,2414610075.0,2.215632975121132,1.902873706251654,2.059253340686393,0.0324931732400806,0.0616624398483063,-0.0616624398483063
SOL-USD_2023-12-14,SOL-USD,2023-12-14,70.74867248535156,76.17998504638672,69.8573226928711,75.62033081054688,2464938440.0,2.550205574671087,2.072367038407579,2.311286306539333,0.0685699962536419,0.0615811437704447,-0.0615811437704447
SOL-USD_2023-12-15,SOL-USD,2023-12-15,75.63668823242188,79.15106964111328,72.36663818359375,72.36898803710938,2821390652.0,2.314369723051228,1.943879810984971,2.1291247670181,-0.04299561690074,0.0621229084691771,-0.0621229084691771
SOL-USD_2023-12-16,SOL-USD,2023-12-16,72.43347930908203,77.0792007446289,71.56934356689453,73.47350311279297,1781972898.0,2.3379266720275065,1.949945705030517,2.143936188529012,0.0152622705614899,0.0621054221225761,-0.0621054221225761
SOL-USD_2023-12-17,SOL-USD,2023-12-17,73.47478485107422,74.72001647949219,70.82445526123047,71.00051879882812,1552380672.0,2.2387751778055267,1.9287156653203,2.083745421562913,-0.0336581789242911,0.0624102006525834,-0.0624102006525834
SOL-USD_2023-12-18,SOL-USD,2023-12-18,70.93263244628906,75.38053894042969,67.33440399169922,74.34716033935547,2281865174.0,2.0999996262121363,1.9569934335097343,2.028496529860935,0.0471354519254947,0.0617980784054954,-0.0617980784054954
SOL-USD_2023-12-19,SOL-USD,2023-12-19,74.34918975830078,76.27140808105469,72.01061248779297,72.9897689819336,1900875405.0,2.046404262902215,2.054401604381239,2.050402933641727,-0.0182574741419322,0.0619304947621737,-0.0619304947621737
SOL-USD_2023-12-20,SOL-USD,2023-12-20,72.989990234375,83.95745086669922,72.989990234375,82.19123077392578,3745738278.0,2.507628250570667,2.602986109165977,2.555307179868322,0.1260650899480135,0.0631225018094131,-0.0631225018094131
SOL-USD_2023-12-21,SOL-USD,2023-12-21,82.1856460571289,95.3234405517578,81.23770904541016,93.85481262207033,4711493441.0,2.763538180595553,3.323119473701181,3.0433288271483674,0.1419078621687299,0.064699361309392,-0.064699361309392
SOL-USD_2023-12-22,SOL-USD,2023-12-22,93.85801696777344,99.12442779541016,90.79840087890624,98.00369262695312,5284203995.0,2.625245009482884,3.593458057134745,3.109351533308814,0.0442052984708338,0.0642888546955166,-0.0642888546955166
SOL-USD_2023-12-23,SOL-USD,2023-12-23,98.0016860961914,109.50884246826172,93.10676574707033,107.59423065185548,3957434568.0,2.661382760534976,3.9176856566916154,3.2895342086132957,0.097858945595125,0.0644782132724118,-0.0644782132724118
SOL-USD_2023-12-24,SOL-USD,2023-12-24,107.72513580322266,117.38066864013672,107.72513580322266,112.48521423339844,6365529251.0,2.8739003903417224,4.1662054649187805,3.5200529276302515,0.0454576751179975,0.0643857028096713,-0.0643857028096713
SOL-USD_2023-12-25,SOL-USD,2023-12-25,112.56411743164062,125.1938934326172,108.90338134765624,121.1464614868164,5951791518.0,2.80353898347389,4.712230228767516,3.757884606120703,0.0769989843771512,0.0640683034881739,-0.0640683034881739
SOL-USD_2023-12-26,SOL-USD,2023-12-26,121.08433532714844,121.1439971923828,104.72821807861328,112.6767349243164,6117657160.0,2.7370146385182927,4.483975806477817,3.610495222498055,-0.0699131155673227,0.0644210724303951,-0.0644210724303951
SOL-USD_2023-12-27,SOL-USD,2023-12-27,112.6548309326172,115.03387451171876,105.42523193359376,107.02379608154295,4267938569.0,2.2967864387277173,3.931148480307936,3.1139674595178266,-0.0501695300859619,0.0647014136691286,-0.0647014136691286
SOL-USD_2023-12-28,SOL-USD,2023-12-28,107.022705078125,109.420654296875,97.66864776611328,102.10456848144533,4492625126.0,2.11527172281704,3.8544865564451207,2.9848791396310803,-0.0459638676649966,0.0652370858157467,-0.0652370858157467
SOL-USD_2023-12-29,SOL-USD,2023-12-29,102.06928253173828,109.6711196899414,100.05551147460938,106.31151580810548,4445797973.0,2.3494809696898757,4.21320940119858,3.281345185444228,0.0412023417681319,0.0649487421048022,-0.0649487421048022
SOL-USD_2023-12-30,SOL-USD,2023-12-30,106.29850006103516,107.3282241821289,101.06812286376952,101.84508514404295,1863177830.0,2.2175168442203,4.021841976837107,3.119679410528704,-0.0420126703124479,0.0653709996100363,-0.0653709996100363
SOL-USD_2023-12-31,SOL-USD,2023-12-31,101.84417724609376,105.133544921875,99.8864288330078,101.50582122802734,1748630533.0,2.0925579800679897,3.883177452609538,2.987867716338764,-0.0033311761243636,0.0654068918986989,-0.0654068918986989
SOL-USD_2024-01-01,SOL-USD,2024-01-01,101.51280975341795,109.50868225097656,101.51280975341795,109.50868225097656,2157671990.0,2.132189953549128,4.327049081536831,3.22961951754298,0.0788413996963901,0.0655810608479015,-0.0655810608479015
SOL-USD_2024-01-02,SOL-USD,2024-01-02,109.54906463623048,116.88249206542967,106.38898468017578,106.61122131347656,3782057553.0,1.7677196498990857,3.894742128587744,2.8312308892434146,-0.0264587325675189,0.0650000784819419,-0.0650000784819419
SOL-USD_2024-01-03,SOL-USD,2024-01-03,106.61653137207033,109.84809112548828,92.92366790771484,98.5944366455078,5472216595.0,1.3779731058217046,3.732176255024721,2.555074680423213,-0.0751964433874783,0.0656172282198129,-0.0656172282198129
SOL-USD_2024-01-04,SOL-USD,2024-01-04,98.58697509765624,107.9824676513672,97.10832977294922,105.0775375366211,3272723247.0,1.613377029010814,4.32440064978092,2.968888839395867,0.0657552404749064,0.0656436394218846,-0.0656436394218846
SOL-USD_2024-01-05,SOL-USD,2024-01-05,105.05200958251952,105.23542785644533,95.9427261352539,99.97879028320312,3022127826.0,1.529843044332225,4.1727852872448885,2.851314165788557,-0.0485236652185627,0.066028201860016,-0.066028201860016
SOL-USD_2024-01-06,SOL-USD,2024-01-06,99.9879913330078,100.03740692138672,92.02278900146484,93.85771942138672,2235902092.0,1.2164171104592725,3.814761080261942,2.515589095360607,-0.0612236939902719,0.066374039901171,-0.066374039901171
SOL-USD_2024-01-07,SOL-USD,2024-01-07,93.8603515625,96.69239807128906,88.22345733642578,89.2763442993164,2288061692.0,1.1648732171420768,3.55985999671502,2.3623666069285485,-0.0488119160609648,0.0666601476341544,-0.0666601476341544
SOL-USD_2024-01-08,SOL-USD,2024-01-08,89.2781753540039,99.76187133789062,85.64669799804688,97.79044342041016,4152448360.0,1.3212370572804164,4.015046600385433,2.6681418288329244,0.0953679184325533,0.0674315276106383,-0.0674315276106383
SOL-USD_2024-01-09,SOL-USD,2024-01-09,97.81603240966795,103.7961654663086,95.89379119873048,99.40918731689452,4070131683.0,1.306876707837115,3.903675076454325,2.60527589214572,0.0165531910876528,0.0674252250805833,-0.0674252250805833
SOL-USD_2024-01-10,SOL-USD,2024-01-10,99.38423919677734,105.0823745727539,92.56326293945312,102.03302001953124,4216429514.0,1.3624284466395862,4.200451930123094,2.78144018838134,0.0263942677075965,0.0674173250029906,-0.0674173250029906
SOL-USD_2024-01-11,SOL-USD,2024-01-11,102.10365295410156,106.93573760986328,98.4124984741211,99.90943908691406,4174026719.0,1.1984776576419427,4.022972953535315,2.6107253055886286,-0.02081268330792,0.067410480796768,-0.067410480796768
SOL-USD_2024-01-12,SOL-USD,2024-01-12,99.91187286376952,100.2544937133789,88.30984497070312,91.72090911865234,2868799888.0,0.6192562034787081,3.67986629223718,2.149561247857944,-0.0819595229749842,0.0616557322157975,-0.0616557322157975
SOL-USD_2024-01-13,SOL-USD,2024-01-13,91.7597427368164,96.91764831542967,89.7544937133789,95.73004913330078,1880329065.0,0.7063370471264794,3.922847708296593,2.314592377711536,0.0437102079904387,0.0617551465452021,-0.0617551465452021
SOL-USD_2024-01-14,SOL-USD,2024-01-14,95.73265075683594,102.173583984375,93.89056396484376,94.13314056396484,2736734725.0,0.6763360655849069,4.158310777272939,2.4173234214289225,-0.0166813720852926,0.0618382957368437,-0.0618382957368437
SOL-USD_2024-01-15,SOL-USD,2024-01-15,94.03654479980467,96.82123565673828,93.2411117553711,94.49022674560548,1755858499.0,0.8203736249296512,4.326644181689626,2.5735089033096386,0.0037934162134747,0.0608646217096105,-0.0608646217096105
SOL-USD_2024-01-16,SOL-USD,2024-01-16,94.43834686279295,98.59530639648438,94.3966827392578,97.62691497802734,1806576879.0,0.7176232575398969,4.444944695397309,2.581283976468603,0.0331959012106799,0.0599861390390252,-0.0599861390390252
SOL-USD_2024-01-17,SOL-USD,2024-01-17,97.61580657958984,102.4337387084961,97.05516052246094,102.0635986328125,3220344763.0,0.557404922741997,4.546030500995391,2.551717711868694,0.0454452919646566,0.0573331297896035,-0.0573331297896035
SOL-USD_2024-01-18,SOL-USD,2024-01-18,102.0294952392578,102.9231414794922,92.1405792236328,94.2509536743164,2684524713.0,0.6286274258286118,4.00315429306434,2.315890859446476,-0.0765468302426131,0.0561192869265538,-0.0561192869265538
SOL-USD_2024-01-19,SOL-USD,2024-01-19,94.25067138671876,95.16472625732422,87.48365783691406,93.38616943359376,2631067383.0,0.598642024785242,3.871768393914625,2.235205209349933,-0.0091753367685901,0.0561674982208408,-0.0561674982208408
SOL-USD_2024-01-20,SOL-USD,2024-01-20,93.393798828125,94.02531433105467,90.4937515258789,92.56983947753906,1204443546.0,0.5820462671037294,3.8363663975902105,2.20920633234697,-0.0087414438455492,0.0562046888304018,-0.0562046888304018
SOL-USD_2024-01-21,SOL-USD,2024-01-21,92.58952331542967,93.71378326416016,90.8484344482422,90.8484344482422,894963197.0,0.4797714396208314,3.82424730307721,2.152009371349021,-0.0185957439162951,0.0560678138711893,-0.0560678138711893
SOL-USD_2024-01-22,SOL-USD,2024-01-22,90.90369415283205,91.63616180419922,82.6597671508789,83.62281036376953,2662287481.0,0.4791640083792143,3.2540451450981545,1.8666045767386843,-0.0795349323117859,0.0560772842526701,-0.0560772842526701
SOL-USD_2024-01-23,SOL-USD,2024-01-23,83.62184143066406,85.8401870727539,79.06669616699219,84.27450561523438,2990436327.0,0.6206488271526507,3.2061147103881646,1.913381768770408,0.0077932713410358,0.0549358417070079,-0.0549358417070079
SOL-USD_2024-01-24,SOL-USD,2024-01-24,84.28726196289062,89.2677230834961,83.41868591308594,88.73200988769531,2352477736.0,0.5407923494824458,3.3699721059382552,1.9553822277103503,0.0528926778023739,0.0537787237807722,-0.0537787237807722
SOL-USD_2024-01-25,SOL-USD,2024-01-25,88.73780059814453,89.37682342529297,85.273681640625,86.88921356201172,1674093024.0,0.5351622292234006,3.4606447126370714,1.997903470930236,-0.0207681120715731,0.0538080403231599,-0.0538080403231599
SOL-USD_2024-01-26,SOL-USD,2024-01-26,86.88945007324219,93.52867126464844,86.14839172363281,92.44236755371094,2027305107.0,0.6256049762812537,3.755719697393414,2.1906623368373337,0.063910740632219,0.0542607070698635,-0.0542607070698635
SOL-USD_2024-01-27,SOL-USD,2024-01-27,92.38762664794922,94.43761444091795,90.84476470947266,94.16321563720705,1256585307.0,0.6001501077319227,3.835353881817454,2.217751994774688,0.0186153614304205,0.0541754757895765,-0.0541754757895765
SOL-USD_2024-01-28,SOL-USD,2024-01-28,94.18190002441406,99.37737274169922,93.538330078125,95.93798065185548,2425625612.0,0.6643561166771497,3.951819052093247,2.308087584385198,0.0188477528368005,0.0540580556831835,-0.0540580556831835
SOL-USD_2024-01-29,SOL-USD,2024-01-29,95.93798065185548,101.77191162109376,95.17613220214844,101.56666564941406,2604890575.0,0.8444994963581218,4.234278003388852,2.5393887498734866,0.0586700382821714,0.0539537007696863,-0.0539537007696863
SOL-USD_2024-01-30,SOL-USD,2024-01-30,101.56666564941406,106.21345520019533,101.10939025878906,101.47297668457033,3328090833.0,0.7436906046781762,4.334145337112748,2.538917970895462,-0.0009224381271619,0.0536551303433472,-0.0536551303433472
SOL-USD_2024-01-31,SOL-USD,2024-01-31,101.44925689697266,102.54806518554688,96.10359191894533,97.0287094116211,3814467068.0,0.6376117639469212,4.07206469304335,2.354838228495136,-0.0437975451017297,0.0540741402609276,-0.0540741402609276
SOL-USD_2024-02-01,SOL-USD,2024-02-01,97.02484130859376,97.9441909790039,93.37918853759766,97.84669494628906,2951395444.0,0.6516545313163642,3.902724403282673,2.2771894672995185,0.008430345406305,0.0540608474686521,-0.0540608474686521
SOL-USD_2024-02-02,SOL-USD,2024-02-02,97.8346939086914,102.41262817382812,97.57415771484376,100.44052124023438,2574044077.0,0.6794951209264324,3.947649198234773,2.3135721595806027,0.0265090843933883,0.0541037665504668,-0.0541037665504668
SOL-USD_2024-02-03,SOL-USD,2024-02-03,100.45113372802734,101.0589828491211,96.81257629394533,97.8799819946289,1349320819.0,0.533379257450413,3.574868334120961,2.0541237957856877,-0.0254930899799011,0.0537706651054639,-0.0537706651054639
SOL-USD_2024-02-04,SOL-USD,2024-02-04,97.88506317138672,98.45758819580078,95.26637268066406,95.47695922851562,1304106726.0,0.5145464758840992,3.0054962782015533,1.7600213770428264,-0.0245507070714944,0.0538673370934234,-0.0538673370934234
SOL-USD_2024-02-05,SOL-USD,2024-02-05,95.47146606445312,98.5440444946289,94.2925262451172,95.54866027832033,1635327054.0,0.5529646813256732,3.088220330808287,1.8205925060669803,0.0007509775173411,0.0537200928408004,-0.0537200928408004
SOL-USD_2024-02-06,SOL-USD,2024-02-06,95.54961395263672,97.79078674316406,93.2807388305664,96.86107635498048,1699997346.0,0.588021060664518,3.1125263647623846,1.8502737127134516,0.0137355780064027,0.0536795178274916,-0.0536795178274916
SOL-USD_2024-02-07,SOL-USD,2024-02-07,96.86189270019533,101.23660278320312,94.72022247314452,100.97927856445312,1733607189.0,0.6312512675251236,3.362938370768914,1.9970948191470188,0.0425165852419404,0.0538429962616315,-0.0538429962616315
SOL-USD_2024-02-08,SOL-USD,2024-02-08,100.99549865722656,104.79804229736328,100.55369567871094,102.78563690185548,2288429230.0,0.5151669433310393,3.529170553087316,2.022168748209178,0.0178884060480724,0.0527025531259132,-0.0527025531259132
SOL-USD_2024-02-09,SOL-USD,2024-02-09,102.79017639160156,108.98772430419922,102.79017639160156,106.93333435058594,2852770180.0,0.4257315258426164,3.5650300134514987,1.9953807696470576,0.0403528895062534,0.0513768886165002,-0.0513768886165002
SOL-USD_2024-02-10,SOL-USD,2024-02-10,106.93366241455078,110.74279022216795,106.93366241455078,109.1314697265625,1836561570.0,0.5103111631157553,3.686307999350983,2.098309581233369,0.0205561286321613,0.0510998503606138,-0.0510998503606138
SOL-USD_2024-02-11,SOL-USD,2024-02-11,109.1166763305664,110.55686950683594,107.35765075683594,107.49528503417967,1370383843.0,0.4389131777958197,3.6241640220869646,2.031538599941392,-0.0149927852752502,0.0510689792818669,-0.0510689792818669
SOL-USD_2024-02-12,SOL-USD,2024-02-12,107.4926300048828,112.06966400146484,103.60929107666016,111.99275207519533,2650731894.0,0.5915482817939091,4.063330461754975,2.3274393717744424,0.0418387377603177,0.0505625523953602,-0.0505625523953602
SOL-USD_2024-02-13,SOL-USD,2024-02-13,111.9772491455078,114.8106460571289,108.49378204345705,112.57930755615234,2709494768.0,0.6425181026571936,4.092907366503337,2.367712734580265,0.0052374414423104,0.0503706419425163,-0.0503706419425163
SOL-USD_2024-02-14,SOL-USD,2024-02-14,112.57496643066406,118.3277816772461,110.87847137451172,116.97632598876952,2391239729.0,0.6529601349766996,4.315313116591753,2.484136625784226,0.0390570747685938,0.0504264883479213,-0.0504264883479213
SOL-USD_2024-02-15,SOL-USD,2024-02-15,116.98538970947266,118.3064956665039,111.77587890625,113.69940948486328,2471486178.0,0.5035560974960118,4.337933239161046,2.420744668328529,-0.0280135016740126,0.0500605381720614,-0.0500605381720614
SOL-USD_2024-02-16,SOL-USD,2024-02-16,113.6730728149414,114.25308990478516,108.34872436523438,110.44591522216795,1921299579.0,0.5261497806979627,4.058224625986599,2.2921872033422805,-0.028614873880488,0.0498579844241299,-0.0498579844241299
SOL-USD_2024-02-17,SOL-USD,2024-02-17,110.44330596923828,111.0730438232422,106.1252212524414,108.98401641845705,1370606631.0,0.4833104697777926,3.951181579968945,2.2172460248733685,-0.0132363320161748,0.0499196958354086,-0.0499196958354086
SOL-USD_2024-02-18,SOL-USD,2024-02-18,108.98760223388672,114.00138092041016,107.60671997070312,112.17467498779295,1516321334.0,0.5799134553597716,4.116984482300189,2.34844896882998,0.0292763900082833,0.0497123646815496,-0.0497123646815496
SOL-USD_2024-02-19,SOL-USD,2024-02-19,112.17882537841795,114.71797943115234,111.08141326904295,111.4853286743164,1898655220.0,0.4995236962036591,3.648522897727585,2.074023296965622,-0.0061452936106261,0.0494969486265897,-0.0494969486265897
SOL-USD_2024-02-20,SOL-USD,2024-02-20,111.4834442138672,112.0367431640625,104.89022827148438,108.45964050292967,2656976089.0,0.4859567582653341,3.52682500286787,2.006390880566602,-0.0271397878749204,0.0495844727427975,-0.0495844727427975
SOL-USD_2024-02-21,SOL-USD,2024-02-21,108.45266723632812,108.45266723632812,100.41201782226562,105.1252212524414,2246861647.0,0.2790320848412355,3.486369074175416,1.8827005795083256,-0.0307434104983798,0.0474253309591991,-0.0474253309591991
SOL-USD_2024-02-22,SOL-USD,2024-02-22,105.12030792236328,106.9954071044922,101.64240264892578,101.66979217529295,1830636004.0,0.0832666896336107,3.0769155462034474,1.580091117918529,-0.0328696485579876,0.0442967037329279,-0.0442967037329279
SOL-USD_2024-02-23,SOL-USD,2024-02-23,101.67462158203124,103.02283477783205,98.9583511352539,99.95469665527344,1483285120.0,0.0199074542603892,2.6974144086918685,1.3586609314761289,-0.0168692733930492,0.0440308482204831,-0.0440308482204831
SOL-USD_2024-02-24,SOL-USD,2024-02-24,99.95437622070312,104.64539337158205,98.585205078125,104.1335220336914,1083637514.0,-0.0321644441081785,2.5436164193751,1.2557259876334608,0.041807193841326,0.0425902621903679,-0.0425902621903679
SOL-USD_2024-02-25,SOL-USD,2024-02-25,104.1326675415039,104.32994079589844,102.17102813720705,103.4534912109375,909662462.0,-0.08029253519241,2.5628551069183185,1.2412812858629545,-0.0065303737881244,0.042204565148585,-0.042204565148585
SOL-USD_2024-02-26,SOL-USD,2024-02-26,103.4507064819336,110.58035278320312,100.4552001953125,109.91853332519533,2334408023.0,-0.0926806117473183,2.4510246636807564,1.179172025966719,0.062492256554937,0.0418129458173712,-0.0418129458173712
SOL-USD_2024-02-27,SOL-USD,2024-02-27,109.91878509521484,112.2047119140625,105.89693450927734,108.3880844116211,2723995106.0,-0.0380615440762989,2.5947780911405545,1.2783582735321275,-0.0139234837590707,0.0409028169858238,-0.0409028169858238
SOL-USD_2024-02-28,SOL-USD,2024-02-28,108.39923858642578,118.0522003173828,107.46087646484376,118.0522003173828,5029492553.0,0.1030462816646602,2.636508022681086,1.369777152172873,0.0891621616732396,0.0418899051996105,-0.0418899051996105
SOL-USD_2024-02-29,SOL-USD,2024-02-29,118.2387466430664,134.4656982421875,117.66751861572266,125.71151733398438,6950123902.0,0.2312036493923281,2.8355339139810654,1.5333687816866968,0.0648807645771067,0.04215196091073,-0.04215196091073
SOL-USD_2024-03-01,SOL-USD,2024-03-01,125.63670349121094,137.60186767578125,125.63670349121094,129.9904022216797,4743077738.0,0.2227311522517945,3.09551472551436,1.659122938883077,0.0340373338771131,0.0420600221293006,-0.0420600221293006
SOL-USD_2024-03-02,SOL-USD,2024-03-02,129.98231506347656,131.45486450195312,127.6808853149414,129.70018005371094,2741772676.0,0.2735045571445258,3.097522363803825,1.6855134604741755,-0.0022326430490907,0.0416537578456801,-0.0416537578456801
SOL-USD_2024-03-03,SOL-USD,2024-03-03,129.7933807373047,132.062744140625,125.76932525634766,130.45086669921875,2875614168.0,0.2851565074890427,2.974421012871546,1.6297887601802945,0.0057878612442707,0.0416412542143835,-0.0416412542143835
SOL-USD_2024-03-04,SOL-USD,2024-03-04,130.42323303222656,134.87417602539062,127.7981414794922,133.194580078125,4429758300.0,0.2162924193797173,2.8096588965591134,1.5129756579694154,0.0210325423535318,0.0406084213243128,-0.0406084213243128
SOL-USD_2024-03-05,SOL-USD,2024-03-05,133.15936279296875,142.65093994140625,109.53875732421876,125.70671081542967,8980294607.0,0.1791133172164427,2.2634550975176424,1.2212842073670425,-0.0562175222017542,0.0411371691898624,-0.0411371691898624
SOL-USD_2024-03-06,SOL-USD,2024-03-06,125.69921112060548,134.8106231689453,120.3173370361328,130.7420196533203,5146680159.0,0.3260587929864422,2.153332146460151,1.2396954697232965,0.0400560065984367,0.0401336744415051,-0.0401336744415051
SOL-USD_2024-03-07,SOL-USD,2024-03-07,130.7420196533203,149.2247314453125,130.70175170898438,143.9778594970703,7111178325.0,0.3702058772255856,2.5808645645569577,1.4755352208912718,0.1012363116222816,0.041229972844914,-0.041229972844914
SOL-USD_2024-03-08,SOL-USD,2024-03-08,143.97727966308594,152.4179229736328,142.53614807128906,145.2400360107422,5474659974.0,0.4527084754609514,2.6751244320873586,1.563916453774155,0.0087664625525119,0.0406390633748188,-0.0406390633748188
SOL-USD_2024-03-09,SOL-USD,2024-03-09,145.24032592773438,149.35128784179688,144.29037475585938,144.6072540283203,2946261381.0,0.540707092818725,2.414849562729384,1.4777783277740544,-0.0043568013324857,0.0397261418767002,-0.0397261418767002
SOL-USD_2024-03-10,SOL-USD,2024-03-10,144.60733032226562,148.6719207763672,140.83999633789062,144.5151824951172,3407621981.0,0.6187399207409499,2.5043666999307708,1.5615533103358603,-0.0006367006539318,0.0390800725728234,-0.0390800725728234
SOL-USD_2024-03-11,SOL-USD,2024-03-11,144.5144805908203,150.01797485351562,137.6329803466797,148.75096130371094,5383624184.0,0.5211196114963585,2.530879210761338,1.5259994111288482,0.0293102685507584,0.0375664795410063,-0.0375664795410063
SOL-USD_2024-03-12,SOL-USD,2024-03-12,148.7496795654297,154.94229125976562,142.87014770507812,151.01544189453125,6413617983.0,0.5191296294690289,2.50444475840733,1.5117871939381795,0.0152233005486051,0.0375616105861472,-0.0375616105861472
SOL-USD_2024-03-13,SOL-USD,2024-03-13,151.01544189453125,166.44876098632812,148.94561767578125,163.83981323242188,5917471836.0,0.6057528553115408,2.793476223660724,1.6996145394861322,0.0849209271383459,0.0387453033361888,-0.0387453033361888
SOL-USD_2024-03-14,SOL-USD,2024-03-14,163.83993530273438,177.8926239013672,160.23355102539062,176.67974853515625,8399967972.0,0.7683989636000008,2.887785611271769,1.8280922874358847,0.0783688350799065,0.0395507516361553,-0.0395507516361553
SOL-USD_2024-03-15,SOL-USD,2024-03-15,176.67974853515625,188.50135803222656,165.4127197265625,182.9646911621093,14093348410.0,0.9947980555384794,2.230089126117947,1.612443590828213,0.0355725128604789,0.0378870642947703,-0.0378870642947703
SOL-USD_2024-03-16,SOL-USD,2024-03-16,182.967514038086,197.655990600586,177.46127319335938,181.88034057617188,11794134069.0,0.899929460214836,2.2419200248915887,1.5709247425532125,-0.0059265565342149,0.0377268493351882,-0.0377268493351882
SOL-USD_2024-03-17,SOL-USD,2024-03-17,181.88034057617188,204.29254150390625,179.22560119628906,202.12356567382807,10876218562.0,1.1472094149082612,2.599444582574185,1.873326998741223,0.1112996876601859,0.0396144204183382,-0.0396144204183382
SOL-USD_2024-03-18,SOL-USD,2024-03-18,202.1226043701172,209.6960601806641,194.8494110107422,195.9927520751953,11137647410.0,1.07421189286447,2.775840622285888,1.925026257575179,-0.0303320079387784,0.0399735115733349,-0.0399735115733349
SOL-USD_2024-03-19,SOL-USD,2024-03-19,195.9927520751953,198.24107360839844,166.17674255371094,170.0162811279297,11658593922.0,0.7414898459732631,1.9912234622132496,1.3663566540932564,-0.1325379161842648,0.0438498892717214,-0.0438498892717214
SOL-USD_2024-03-20,SOL-USD,2024-03-20,170.0162811279297,192.9118194580078,163.2962646484375,191.54962158203125,8673957460.0,0.8767672720531512,1.9228865883366464,1.399826930194899,0.126654578674725,0.046053190817444,-0.046053190817444
SOL-USD_2024-03-21,SOL-USD,2024-03-21,191.54962158203125,195.30612182617188,176.2833251953125,179.2207489013672,5613811275.0,0.9015271667240988,2.096879294685043,1.499203230704571,-0.0643638581942288,0.0457035561783522,-0.0457035561783522
SOL-USD_2024-03-22,SOL-USD,2024-03-22,179.23980712890625,181.3232421875,167.8778533935547,174.36370849609375,4150938142.0,0.8671256092164967,1.984865464446239,1.4259955368313677,-0.0271008822083791,0.0458883407197172,-0.0458883407197172
SOL-USD_2024-03-23,SOL-USD,2024-03-23,174.36370849609375,178.80010986328125,171.0169677734375,172.90225219726562,2711581881.0,0.8678033058404324,1.9549512476888613,1.4113772767646469,-0.0083816541379703,0.0458858679333441,-0.0458858679333441
SOL-USD_2024-03-24,SOL-USD,2024-03-24,172.8978729248047,186.62942504882807,171.67372131347656,183.57345581054688,2661231893.0,1.0206562383321156,1.9901093907755287,1.5053828145538222,0.0617181296233573,0.0461653232247403,-0.0461653232247403
SOL-USD_2024-03-25,SOL-USD,2024-03-25,183.57345581054688,194.4302673339844,181.2523498535156,189.0835418701172,4066489821.0,1.2611478978950896,2.3446085881887355,1.8028782430419128,0.030015701536157,0.0446912506055786,-0.0446912506055786
SOL-USD_2024-03-26,SOL-USD,2024-03-26,189.08338928222656,196.2930450439453,186.75282287597656,190.69985961914065,3520179571.0,1.262841629588482,2.6672716330247668,1.9650566313066244,0.0085481672970444,0.0446896585374521,-0.0446896585374521
SOL-USD_2024-03-27,SOL-USD,2024-03-27,190.69998168945312,192.49658203125,180.42044067382807,186.3614654541016,3844985014.0,1.100273234991207,2.236084932297199,1.668179083644203,-0.0227498550533994,0.0446445512131251,-0.0446445512131251
SOL-USD_2024-03-28,SOL-USD,2024-03-28,186.3614654541016,190.8834686279297,180.99761962890625,189.6216278076172,2910414256.0,1.182337945460706,2.3502427852722736,1.76629036536649,0.0174937578730218,0.0444400468826273,-0.0444400468826273
SOL-USD_2024-03-29,SOL-USD,2024-03-29,189.6216278076172,192.9698181152344,183.6461639404297,192.2279510498047,3031009580.0,1.0794356109293313,2.380340876983169,1.7298882439562504,0.0137448627159333,0.043967811836757,-0.043967811836757
SOL-USD_2024-03-30,SOL-USD,2024-03-30,192.2278594970703,199.7309417724609,191.2167816162109,194.3855438232422,2999311846.0,1.0643469162329025,2.3032649404061414,1.683805928319522,0.011224136561069,0.0439614458238714,-0.0439614458238714
SOL-USD_2024-03-31,SOL-USD,2024-03-31,194.37579345703125,203.0267944335937,194.0353240966797,202.87413024902344,2342185476.0,1.1146383202000385,2.519511222784826,1.817074771492432,0.0436688153801192,0.0441300312608572,-0.0441300312608572
SOL-USD_2024-04-01,SOL-USD,2024-04-01,202.8744354248047,204.1797637939453,187.4888916015625,192.5678253173828,3872515434.0,0.8959746693081849,2.497124322646704,1.6965494959774443,-0.050801474387049,0.0444531046891457,-0.0444531046891457
SOL-USD_2024-04-02,SOL-USD,2024-04-02,192.5678253173828,192.5694274902344,176.132080078125,181.17225646972656,4553269015.0,0.7854236900224398,2.113226513661969,1.4493251018422042,-0.0591769098959004,0.045306381489948,-0.045306381489948
SOL-USD_2024-04-03,SOL-USD,2024-04-03,181.1727294921875,191.6926727294922,177.3955078125,185.2486114501953,4160370221.0,0.9092144229634384,2.12655199894206,1.5178832109527491,0.0224998852467783,0.0447979769516328,-0.0447979769516328
SOL-USD_2024-04-04,SOL-USD,2024-04-04,185.2486114501953,190.06968688964844,180.5122985839844,183.95811462402344,4101220964.0,0.8800646738758369,2.105217337774848,1.4926410058253423,-0.0069662968918869,0.0448558301546134,-0.0448558301546134
SOL-USD_2024-04-05,SOL-USD,2024-04-05,183.95811462402344,184.977783203125,168.23606872558594,174.5015106201172,7398400404.0,0.7373616590732659,1.9178904296982016,1.3276260443857335,-0.0514062889980896,0.0454924185436209,-0.0454924185436209
SOL-USD_2024-04-06,SOL-USD,2024-04-06,174.5015106201172,179.69752502441406,173.8743133544922,178.91534423828125,4672922789.0,0.8279053652471973,1.8028721716523732,1.3153887684497854,0.025293956496301,0.0453062337925898,-0.0453062337925898
SOL-USD_2024-04-07,SOL-USD,2024-04-07,178.91534423828125,182.5382080078125,177.0657958984375,179.6498565673828,1854793003.0,0.8816042950991645,1.849777154150824,1.3656907246249943,0.0041053624116405,0.045090749001489,-0.045090749001489
SOL-USD_2024-04-08,SOL-USD,2024-04-08,179.65069580078125,184.3028717041016,175.58998107910156,180.78477478027344,2744377905.0,0.8920702211174059,1.9383182279833884,1.415194224550397,0.0063173900306729,0.0450756394259174,-0.0450756394259174
SOL-USD_2024-04-09,SOL-USD,2024-04-09,180.77951049804688,180.82568359375,169.36776733398438,172.4136199951172,2688188866.0,0.7800093338138079,1.8266923102757453,1.3033508220447767,-0.0463045341917237,0.0456514519358247,-0.0456514519358247
SOL-USD_2024-04-10,SOL-USD,2024-04-10,172.4142608642578,175.32261657714844,163.81312561035156,173.43736267089844,3344074648.0,0.7175539886650777,1.8017621210527397,1.2596580548589085,0.0059377134811637,0.0454662052675412,-0.0454662052675412
SOL-USD_2024-04-11,SOL-USD,2024-04-11,173.43736267089844,176.2355194091797,170.3934326171875,172.5763702392578,2712334365.0,0.6789930523468155,1.543954770998376,1.1114739116725958,-0.0049642846176943,0.0454904266130144,-0.0454904266130144
SOL-USD_2024-04-12,SOL-USD,2024-04-12,172.5763702392578,175.8086395263672,145.51638793945312,153.63546752929688,4727185451.0,0.4367406427783857,1.0484064288685295,0.7425735358234576,-0.1097537437118505,0.0477128696944681,-0.0477128696944681
SOL-USD_2024-04-13,SOL-USD,2024-04-13,153.6344757080078,154.94395446777344,119.83334350585938,139.34169006347656,8976793985.0,0.2768240949435405,0.9284016839284004,0.6026128894359705,-0.0930369640271678,0.0493076504271131,-0.0493076504271131
SOL-USD_2024-04-14,SOL-USD,2024-04-14,139.34169006347656,152.50100708007812,131.28717041015625,151.28494262695312,7110974218.0,0.4073635190496951,1.025073913509705,0.7162187162796999,0.0857119829538155,0.0502692862474324,-0.0502692862474324
SOL-USD_2024-04-15,SOL-USD,2024-04-15,151.2994384765625,155.96116638183594,134.5725555419922,138.5086212158203,5699439234.0,0.2367641534768376,0.9683698634503596,0.6025670084635987,-0.0844520359348476,0.0513511505471201,-0.0513511505471201
SOL-USD_2024-04-16,SOL-USD,2024-04-16,138.507568359375,140.27830505371094,126.8652801513672,136.27932739257812,5156084639.0,0.2105184367438455,0.988298445952053,0.5994084413479492,-0.016094982418232,0.0514176879045704,-0.0514176879045704
SOL-USD_2024-04-17,SOL-USD,2024-04-17,136.27911376953125,142.60438537597656,127.5289535522461,131.86618041992188,4888546522.0,0.1272894690895136,0.8633645529840146,0.4953270110367641,-0.0323830991617926,0.0514274306700258,-0.0514274306700258
SOL-USD_2024-04-18,SOL-USD,2024-04-18,131.86717224121094,143.72735595703125,128.07675170898438,142.0823974609375,4193561506.0,0.2496317976027204,0.8788915089104723,0.5642616532565964,0.0774741257271769,0.0521073829830739,-0.0521073829830739
SOL-USD_2024-04-19,SOL-USD,2024-04-19,142.0823974609375,147.3337860107422,128.86282348632812,142.6804962158203,5857667913.0,0.2918585167121006,0.9715695919729676,0.6317140543425341,0.0042095204301944,0.0519308804499591,-0.0519308804499591
SOL-USD_2024-04-20,SOL-USD,2024-04-20,142.67845153808594,152.09918212890625,140.00570678710938,151.13356018066406,2795892211.0,0.3867497743923187,1.056980459318118,0.7218651168552184,0.0592447054014835,0.052312820083904,-0.052312820083904
SOL-USD_2024-04-21,SOL-USD,2024-04-21,151.1340789794922,153.42225646972656,147.16952514648438,148.60931396484375,2211663291.0,0.3248027148820862,1.0930736349393628,0.7089381749107245,-0.0167020892831667,0.0523113834721775,-0.0523113834721775
SOL-USD_2024-04-22,SOL-USD,2024-04-22,148.60931396484375,158.37271118164062,146.99169921875,157.03121948242188,2959650502.0,0.4085370815128446,1.1121347307100553,0.76033590611145,0.0566714514244408,0.0526770082986172,-0.0526770082986172
SOL-USD_2024-04-23,SOL-USD,2024-04-23,157.03121948242188,159.94459533691406,153.3231201171875,154.70130920410156,2750685937.0,0.4263490869668043,1.1194930654239117,0.7729210761953579,-0.0148372424668148,0.0525717915454014,-0.0525717915454014
SOL-USD_2024-04-24,SOL-USD,2024-04-24,154.70130920410156,159.58090209960938,145.77056884765625,147.74514770507812,3932336720.0,0.4054205636370722,0.7975779935874687,0.6014992786122705,-0.0449651107337817,0.0527667046297594,-0.0527667046297594
SOL-USD_2024-04-25,SOL-USD,2024-04-25,147.74961853027344,149.3037567138672,142.2645721435547,144.89212036132812,3674969172.0,0.4251245848079814,0.543789991300416,0.4844572880541987,-0.0193104639175364,0.0526298168375342,-0.0526298168375342
SOL-USD_2024-04-26,SOL-USD,2024-04-26,144.88917541503906,145.8546142578125,138.90838623046875,139.10433959960938,2564389027.0,0.3916738708072551,0.4193785547357294,0.4055262127714922,-0.0399454487054599,0.0528783540165267,-0.0528783540165267
SOL-USD_2024-04-27,SOL-USD,2024-04-27,139.10433959960938,142.87451171875,134.02891540527344,141.28916931152344,2373155947.0,0.3568077459803067,0.3131667790691794,0.3349872625247431,0.0157064094348369,0.0527002984626665,-0.0527002984626665
SOL-USD_2024-04-28,SOL-USD,2024-04-28,141.28916931152344,144.51388549804688,137.23301696777344,137.85641479492188,1959005342.0,0.3325448293846189,0.2255514267757901,0.2790481280802045,-0.0242959494583254,0.0528170379464938,-0.0528170379464938
SOL-USD_2024-04-29,SOL-USD,2024-04-29,137.8601837158203,138.7387237548828,133.70916748046875,137.7766571044922,2464951751.0,0.2534433724372782,0.1372734738891696,0.1953584231632239,-0.0005785562503445,0.0523232605996513,-0.0523232605996513
SOL-USD_2024-04-30,SOL-USD,2024-04-30,137.7772979736328,139.6676483154297,121.63745880126952,126.96270751953124,3407320371.0,0.1713714492579279,0.1267872432122794,0.1490793462351036,-0.0784889821848374,0.0533214740549111,-0.0533214740549111
SOL-USD_2024-05-01,SOL-USD,2024-05-01,126.9625473022461,135.11386108398438,119.3848114013672,134.6279754638672,4136407963.0,0.1404105565327922,0.2579256239546224,0.1991680902437073,0.0603741688728303,0.0526988543443003,-0.0526988543443003
SOL-USD_2024-05-02,SOL-USD,2024-05-02,134.6279754638672,140.28152465820312,128.26028442382812,137.81448364257812,3380078368.0,0.096275715744001,0.3497386619642009,0.2230071888541009,0.0236689898049173,0.0521773033217658,-0.0521773033217658
SOL-USD_2024-05-03,SOL-USD,2024-05-03,137.81448364257812,144.9600372314453,136.12342834472656,143.77255249023438,3216962298.0,0.1060243682072099,0.352370450156565,0.2291974091818874,0.0432325303565952,0.0522788460810245,-0.0522788460810245
SOL-USD_2024-05-04,SOL-USD,2024-05-04,143.77220153808594,148.9357452392578,142.56625366210938,146.1350555419922,3050187811.0,0.1267143613946819,0.4348758738363116,0.2807951176154968,0.0164322258375309,0.0523018899008305,-0.0523018899008305
SOL-USD_2024-05-05,SOL-USD,2024-05-05,146.1350555419922,147.91647338867188,143.47845458984375,145.71302795410156,2034794725.0,0.1169954760827527,0.435514004923571,0.2762547405031619,-0.0028879284735985,0.0523065088856276,-0.0523065088856276
SOL-USD_2024-05-06,SOL-USD,2024-05-06,145.71205139160156,156.62669372558594,145.58432006835938,152.80239868164062,2926902880.0,0.1472118354366574,0.3953450588642981,0.2712784471504778,0.0486529641657857,0.0525742425802191,-0.0525742425802191
SOL-USD_2024-05-07,SOL-USD,2024-05-07,152.80667114257812,159.05345153808594,148.0836181640625,148.1343231201172,2687619013.0,0.1784122117204793,0.3894815320100995,0.2839468718652894,-0.0305497531570119,0.0522017710209906,-0.0522017710209906
SOL-USD_2024-05-08,SOL-USD,2024-05-08,148.1343231201172,149.81089782714844,140.16909790039062,142.29473876953125,2502237557.0,0.0883627096081618,0.4432329410344529,0.2657978253213073,-0.0394208730805136,0.052275513634117,-0.052275513634117
SOL-USD_2024-05-09,SOL-USD,2024-05-09,142.29473876953125,153.08624267578125,140.78964233398438,152.84994506835938,2249863780.0,0.0616211798277885,0.4546395799871965,0.2581303799074925,0.0741784720229463,0.0515590683523962,-0.0515590683523962
SOL-USD_2024-05-10,SOL-USD,2024-05-10,152.8529052734375,155.41159057617188,144.9387969970703,146.21690368652344,2471594251.0,0.0067258842851636,0.4624792245669782,0.2346025544260709,-0.0433957721009937,0.051870823792304,-0.051870823792304
SOL-USD_2024-05-11,SOL-USD,2024-05-11,146.2169647216797,147.4264373779297,143.33140563964844,145.3143768310547,1243751505.0,0.0048899538787721,0.5482410794433057,0.2765655166610389,-0.0061725206369004,0.0518745977776267,-0.0518745977776267
SOL-USD_2024-05-12,SOL-USD,2024-05-12,145.3143768310547,147.57147216796875,142.8818359375,143.52081298828125,936690341.0,-0.006880726922028,0.6076018133885461,0.300360543233259,-0.0123426455240466,0.0519029880433092,-0.0519029880433092
SOL-USD_2024-05-13,SOL-USD,2024-05-13,143.52081298828125,150.54666137695312,138.03285217285156,147.28233337402344,2556255769.0,-0.0098730651339384,0.5061014984955439,0.2481142166808027,0.0262088843243197,0.0518773798963414,-0.0518773798963414
SOL-USD_2024-05-14,SOL-USD,2024-05-14,147.27908325195312,148.8286895751953,141.9068603515625,142.0303955078125,2586166419.0,-0.0594975339872453,0.4287451627086638,0.1846238143607092,-0.0356589805844101,0.0520508624582748,-0.0520508624582748
SOL-USD_2024-05-15,SOL-USD,2024-05-15,142.0303955078125,158.64071655273438,141.35032653808594,158.18682861328125,3585715674.0,-0.0345031192822549,0.5503493730069051,0.2579231268623251,0.1137533486948576,0.0529257327761816,-0.0529257327761816
SOL-USD_2024-05-16,SOL-USD,2024-05-16,158.18775939941406,164.31932067871094,156.7726287841797,159.116455078125,3498272951.0,-0.0994075076665419,0.5926068300684291,0.2465996612009435,0.0058767627683871,0.0519923504086335,-0.0519923504086335
SOL-USD_2024-05-17,SOL-USD,2024-05-17,159.116455078125,171.6060791015625,159.116455078125,169.53054809570312,3371355809.0,-0.0734247847553456,0.8483304376801846,0.3874528264624194,0.0654495037138986,0.0524592725544269,-0.0524592725544269
SOL-USD_2024-05-18,SOL-USD,2024-05-18,169.53054809570312,175.7790985107422,168.9330596923828,172.5391387939453,2479657643.0,-0.0513590515205487,0.8023508851822538,0.3754959168308525,0.017746599253273,0.0524998561552468,-0.0524998561552468
SOL-USD_2024-05-19,SOL-USD,2024-05-19,172.53919982910156,175.1893310546875,166.7326202392578,170.0913543701172,2300080451.0,-0.158478360486684,0.8069231872120279,0.3242224133626719,-0.0141868357576039,0.0505742424442355,-0.0505742424442355
SOL-USD_2024-05-20,SOL-USD,2024-05-20,170.0913543701172,187.44712829589844,168.0304412841797,186.5204925537109,4636864705.0,-0.0483296418933402,0.9739659748714228,0.4628181664890412,0.0965900838666031,0.0519162317672925,-0.0519162317672925
SOL-USD_2024-05-21,SOL-USD,2024-05-21,186.5195159912109,188.49383544921875,174.71170043945312,178.11614990234375,4568414163.0,0.0476417241965154,0.8244574249061534,0.4360495745513344,-0.0450585484538489,0.0494087375183409,-0.0494087375183409
SOL-USD_2024-05-22,SOL-USD,2024-05-22,178.1156768798828,183.0676727294922,175.4474639892578,176.86077880859375,3833758536.0,-0.0766842693403442,0.7328487450738843,0.32808223786677,-0.0070480475489633,0.0467658584507165,-0.0467658584507165
SOL-USD_2024-05-23,SOL-USD,2024-05-23,176.8631134033203,180.165283203125,167.4036865234375,175.98577880859375,5117258940.0,-0.0180501984988009,0.8672042239138664,0.4245770127075327,-0.0049473942492753,0.0460443774273896,-0.0460443774273896
SOL-USD_2024-05-24,SOL-USD,2024-05-24,175.98577880859375,176.03147888183594,162.8658905029297,167.7969207763672,4013502065.0,-0.0376614364099378,0.7968069768156234,0.3795727702028428,-0.046531362293387,0.046298330756446,-0.046298330756446
SOL-USD_2024-05-25,SOL-USD,2024-05-25,167.7969207763672,170.3550567626953,166.11300659179688,168.43763732910156,1875205755.0,-0.0258216119884334,0.8195736136063074,0.396876000808937,0.0038184047107054,0.0462863345618808,-0.0462863345618808
SOL-USD_2024-05-26,SOL-USD,2024-05-26,168.43763732910156,168.43927001953125,161.2638702392578,163.3509063720703,2543881488.0,-0.1101605313752268,0.7980596733907828,0.3439495710077779,-0.0301994912638946,0.0457757998597471,-0.0457757998597471
SOL-USD_2024-05-27,SOL-USD,2024-05-27,163.3509063720703,171.98854064941406,163.33544921875,169.9961395263672,2745440475.0,-0.1009469261838836,1.0328919679554305,0.4659725208857733,0.0406807241042224,0.0459112007761565,-0.0459112007761565
SOL-USD_2024-05-28,SOL-USD,2024-05-28,169.9961395263672,173.0171356201172,164.97340393066406,168.65084838867188,3342283019.0,-0.1156215388648126,1.0012083981681017,0.4427934296516445,-0.0079136569891732,0.045904837304864,-0.045904837304864
SOL-USD_2024-05-29,SOL-USD,2024-05-29,168.65084838867188,173.64195251464844,167.3238525390625,168.0726776123047,2852496248.0,-0.0981361023172529,0.8941606059079221,0.3980122517953346,-0.0034282114907286,0.0458210634551215,-0.0458210634551215
SOL-USD_2024-05-30,SOL-USD,2024-05-30,168.0726776123047,172.41778564453125,163.6839599609375,166.97653198242188,2932316784.0,-0.1194225368013935,0.9217176118558474,0.4011475375272269,-0.0065218549823505,0.0457679148991902,-0.0457679148991902
SOL-USD_2024-05-31,SOL-USD,2024-05-31,166.97653198242188,170.63156127929688,163.93309020996094,165.63771057128906,2415920333.0,-0.1383266082445331,0.7917943358065782,0.3267338637810225,-0.0080180214263507,0.0457370403111879,-0.0457370403111879
SOL-USD_2024-06-01,SOL-USD,2024-06-01,165.63772583007812,167.73709106445312,165.5856170654297,166.03067016601562,1058869941.0,-0.1458692508688305,0.7632221780286286,0.308676463579899,0.0023724041667276,0.0457114298888151,-0.0457114298888151
SOL-USD_2024-06-02,SOL-USD,2024-06-02,166.0296173095703,166.9154815673828,161.6532440185547,163.24990844726562,1562269041.0,-0.1953143151032611,0.701619184999057,0.2531524349478979,-0.0167484821688034,0.0453816506147687,-0.0453816506147687
SOL-USD_2024-06-03,SOL-USD,2024-06-03,163.25015258789062,167.03875732421875,161.8537139892578,164.9234619140625,2182487608.0,-0.1435565020156297,0.6237951778720614,0.2401193379282158,0.0102514818091765,0.044982232323884,-0.044982232323884
SOL-USD_2024-06-04,SOL-USD,2024-06-04,164.92506408691406,171.8168182373047,164.51553344726562,171.8019256591797,2057558426.0,-0.0517205613769712,0.6930805744787358,0.3206800065508823,0.0417070055726902,0.0446893014642822,-0.0446893014642822
SOL-USD_2024-06-05,SOL-USD,2024-06-05,171.8019256591797,175.47531127929688,171.38299560546875,173.48291015625,2405906612.0,-0.0635130336569813,0.7879544230593674,0.362220694701193,0.0097844333852523,0.0446153277415515,-0.0446153277415515
SOL-USD_2024-06-06,SOL-USD,2024-06-06,173.48291015625,174.30470275878906,167.8642120361328,170.01622009277344,1965442993.0,-0.0757884182480597,0.7375775460387328,0.3308945638953365,-0.0199828908816104,0.0446779011285678,-0.0446779011285678
SOL-USD_2024-06-07,SOL-USD,2024-06-07,170.01583862304688,172.4381561279297,155.79876708984375,162.50704956054688,3298527575.0,-0.0687355714970386,0.6179431125398216,0.2746037705213914,-0.044167377254529,0.0445534048830316,-0.0445534048830316
SOL-USD_2024-06-08,SOL-USD,2024-06-08,162.4967498779297,163.62017822265625,157.54295349121094,157.96890258789062,1722237785.0,-0.1170745960307012,0.6139040830285303,0.2484147434989145,-0.0279258468166664,0.0445676084159636,-0.0445676084159636
SOL-USD_2024-06-09,SOL-USD,2024-06-09,157.96371459960938,162.91897583007812,156.76876831054688,162.08360290527344,1475878151.0,-0.0977805047983473,0.6976200772936298,0.2999197862476412,0.0260475337232495,0.0446937161285808,-0.0446937161285808
SOL-USD_2024-06-10,SOL-USD,2024-06-10,162.07888793945312,162.8277587890625,157.77020263671875,158.9280242919922,1815361482.0,-0.1208992876465733,0.663320279207017,0.2712104957802218,-0.019468833100443,0.0447468979698395,-0.0447468979698395
SOL-USD_2024-06-11,SOL-USD,2024-06-11,158.9341278076172,159.52310180664062,145.8651885986328,149.42898559570312,2812642453.0,-0.1333110133646343,0.5427144857245814,0.2047017361799735,-0.0597694380119949,0.0449979319970898,-0.0449979319970898
SOL-USD_2024-06-12,SOL-USD,2024-06-12,149.4223175048828,161.51483154296875,145.82144165039062,155.1775665283203,2853692260.0,-0.1052817908516432,0.5367268288540352,0.215722519001196,0.0384703202641729,0.0452679079393546,-0.0452679079393546
SOL-USD_2024-06-13,SOL-USD,2024-06-13,155.19235229492188,155.19235229492188,146.1722412109375,147.31442260742188,2085097655.0,-0.146381266431859,0.4332199230139961,0.1434193282910685,-0.0506719115192684,0.0457006030675322,-0.0457006030675322
SOL-USD_2024-06-14,SOL-USD,2024-06-14,147.28204345703125,148.78933715820312,140.11538696289062,143.0944366455078,2330458883.0,-0.0686106603722801,0.3381649184936663,0.1347771290606931,-0.0286461154802194,0.0437000333354337,-0.0437000333354337
SOL-USD_2024-06-15,SOL-USD,2024-06-15,143.07408142089844,145.5409698486328,143.02365112304688,145.41221618652344,1065293341.0,0.0435657563811768,0.3324499024054674,0.1880078293933221,0.01619755173821,0.0420945899829856,-0.0420945899829856
SOL-USD_2024-06-16,SOL-USD,2024-06-16,145.41796875,151.12550354003906,143.17953491210938,151.12550354003906,1147997523.0,-0.0010538992456586,0.405880299698601,0.2024132002264712,0.0392902845671994,0.0409891418236395,-0.0409891418236395
SOL-USD_2024-06-17,SOL-USD,2024-06-17,151.13723754882812,151.58477783203125,140.13880920410156,143.3342742919922,2244770232.0,0.034840091784992,0.2798531301003588,0.1573466109426754,-0.0515546950418112,0.0400851427468245,-0.0400851427468245
SOL-USD_2024-06-18,SOL-USD,2024-06-18,143.314697265625,143.61065673828125,130.28907775878906,137.50399780273438,4046511952.0,0.0089864723695645,0.2213967272284924,0.1151915997990284,-0.0406760805680064,0.0403759834961706,-0.0403759834961706
SOL-USD_2024-06-19,SOL-USD,2024-06-19,137.4798126220703,141.66993713378906,134.73263549804688,135.60960388183594,2241396569.0,0.0283880480195399,0.1592910166699486,0.0938395323447442,-0.0137770097682262,0.0401960160777519,-0.0401960160777519
SOL-USD_2024-06-20,SOL-USD,2024-06-20,135.60960388183594,141.0752410888672,132.087646484375,133.47296142578125,2343938226.0,-0.0605946703392531,0.1739107707815352,0.056658050221141,-0.0157558343575463,0.0390432835730738,-0.0390432835730738
SOL-USD_2024-06-21,SOL-USD,2024-06-21,133.47195434570312,135.22915649414062,128.9219207763672,134.5883026123047,2214701928.0,-0.056715485424688,0.2185901338367564,0.0809373242060341,0.0083563080837434,0.0390544218999745,-0.0390544218999745
SOL-USD_2024-06-22,SOL-USD,2024-06-22,134.56765747070312,136.46005249023438,133.14248657226562,133.6702423095703,948392979.0,-0.1155489081989348,0.2265123520161669,0.055481721908616,-0.0068212488374932,0.0383127959143524,-0.0383127959143524
SOL-USD_2024-06-23,SOL-USD,2024-06-23,133.66000366210938,135.005859375,128.2696990966797,128.59042358398438,1063910411.0,-0.1347081811143762,0.1463409508249327,0.0058163848552782,-0.0380026147766041,0.0385447693499248,-0.0385447693499248
SOL-USD_2024-06-24,SOL-USD,2024-06-24,128.59800720214844,132.3112335205078,123.6693344116211,132.24139404296875,3420423301.0,-0.157865585717037,0.1861775501356535,0.0141559822093082,0.0283922422621143,0.0380165732648276,-0.0380165732648276
SOL-USD_2024-06-25,SOL-USD,2024-06-25,132.26934814453125,139.72958374023438,131.29635620117188,136.5592041015625,2517391150.0,-0.1172718265661456,0.2590785242172531,0.0709033488255537,0.0326509720336944,0.0382285927912047,-0.0382285927912047
SOL-USD_2024-06-26,SOL-USD,2024-06-26,136.5549774169922,140.16876220703125,134.92576599121094,136.60914611816406,1670038554.0,-0.0753730444612855,0.29948973700725,0.1120583462729822,0.0003657169571991,0.0378172750168921,-0.0378172750168921
SOL-USD_2024-06-27,SOL-USD,2024-06-27,136.61341857910156,150.7672119140625,135.2449951171875,149.44837951660156,2831651846.0,0.031445872583762,0.46993887091784,0.250692371750801,0.0939851669033333,0.0395641855960415,-0.0395641855960415
SOL-USD_2024-06-28,SOL-USD,2024-06-28,149.4542694091797,150.0515899658203,139.30589294433594,139.70339965820312,2396070692.0,0.0043065519042615,0.3976671865656911,0.2009868692349763,-0.0652063266923272,0.0401126099897764,-0.0401126099897764
SOL-USD_2024-06-29,SOL-USD,2024-06-29,139.7193145751953,142.8238525390625,139.6678009033203,140.01014709472656,1139066175.0,-0.0090525142374983,0.3445252245422718,0.1677363551523867,0.0021957048810117,0.0400679819863782,-0.0400679819863782
SOL-USD_2024-06-30,SOL-USD,2024-06-30,140.01272583007812,147.19932556152344,137.14137268066406,146.49249267578125,1567841881.0,0.0626454553725814,0.4160227070257973,0.2393340811991894,0.0462991127112304,0.0403457320205129,-0.0403457320205129
SOL-USD_2024-07-01,SOL-USD,2024-07-01,146.4812774658203,148.7985076904297,145.8227996826172,146.59506225585938,1814659116.0,0.0640050741300768,0.3336701084079796,0.1988375912690282,0.0007001695322716,0.0403448612376276,-0.0403448612376276
SOL-USD_2024-07-02,SOL-USD,2024-07-02,146.5885467529297,154.7129669189453,146.12054443359375,153.7004852294922,2024773533.0,0.2105955223572069,0.4180570314887197,0.3143262769229633,0.0484697292275191,0.0394315024933332,-0.0394315024933332
SOL-USD_2024-07-03,SOL-USD,2024-07-03,153.7111358642578,154.197998046875,139.5172576904297,140.73141479492188,2813419415.0,0.045335594701064,0.1921117473165778,0.1187236710088209,-0.0843788516035328,0.040289186680839,-0.040289186680839
SOL-USD_2024-07-04,SOL-USD,2024-07-04,140.71533203125,142.51486206054688,127.55081939697266,127.55081939697266,3243822145.0,-0.074474496252689,0.0146311340599103,-0.0299216810963893,-0.0936578049553213,0.0419259513382599,-0.0419259513382599
SOL-USD_2024-07-05,SOL-USD,2024-07-05,127.60507202148438,135.84579467773438,122.44230651855467,134.3693389892578,4644036182.0,-0.0654033982015813,0.0336866160327014,-0.0158583910844399,0.0534572778483224,0.0421168188961567,-0.0421168188961567
SOL-USD_2024-07-06,SOL-USD,2024-07-06,134.36329650878906,144.0084686279297,132.61329650878906,143.24118041992188,2078535871.0,-0.0198027441898686,0.1044023251209318,0.0422997904655316,0.0660257875598637,0.0428892476134108,-0.0428892476134108
SOL-USD_2024-07-07,SOL-USD,2024-07-07,143.1870574951172,143.1870574951172,131.7740936279297,131.7740936279297,1842515124.0,-0.0956601789276009,0.0101434889793556,-0.0427583449741226,-0.0800544002665685,0.0440753474045387,-0.0440753474045387
SOL-USD_2024-07-08,SOL-USD,2024-07-08,131.79702758789062,141.6341094970703,128.56292724609375,139.4636993408203,3692404575.0,-0.087293782400701,0.0470673751065409,-0.02011320364708,0.0583544572471321,0.0442668986307511,-0.0442668986307511
SOL-USD_2024-07-09,SOL-USD,2024-07-09,139.537353515625,143.92938232421875,136.74093627929688,141.34844970703125,2418798702.0,-0.045808920378186,0.1244304205410937,0.0393107500814538,0.0135142719942127,0.0441322216394654,-0.0441322216394654
SOL-USD_2024-07-10,SOL-USD,2024-07-10,141.3741455078125,145.8537139892578,138.85604858398438,141.97479248046875,1952272010.0,-0.0022484758876483,0.0859155522985923,0.041833538205472,0.0044311966260379,0.0438419782457523,-0.0438419782457523
SOL-USD_2024-07-11,SOL-USD,2024-07-11,141.98280334472656,145.32443237304688,135.84751892089844,135.8832244873047,2286890972.0,-0.1110024643676949,-0.0562213873580357,-0.0836119258628653,-0.0429059827222644,0.0431620870416812,-0.0431620870416812
SOL-USD_2024-07-12,SOL-USD,2024-07-12,135.86402893066406,140.42477416992188,134.15914916992188,139.52801513671875,1990173458.0,-0.0457463424621895,-0.039328142782896,-0.0425372426225428,0.0268229626075335,0.0429545856717232,-0.0429545856717232
SOL-USD_2024-07-13,SOL-USD,2024-07-13,139.52639770507812,143.367431640625,138.17953491210938,141.9249725341797,1131518484.0,-0.0233246315388021,-0.0185487340324941,-0.0209366827856481,0.0171790403175464,0.0429997898869559,-0.0429997898869559
SOL-USD_2024-07-14,SOL-USD,2024-07-14,141.92665100097656,148.54705810546875,141.92665100097656,147.622314453125,2009294488.0,0.028577746874794,0.0215003842804737,0.0250390655776339,0.0401433364207501,0.0432540538331112,-0.0432540538331112
SOL-USD_2024-07-15,SOL-USD,2024-07-15,147.6661376953125,159.9420623779297,147.202880859375,159.93397521972656,2580623500.0,0.0859006070576997,0.0751794396352356,0.0805400233464677,0.083399727285206,0.0443696607602754,-0.0443696607602754
SOL-USD_2024-07-16,SOL-USD,2024-07-16,159.77333068847656,162.46951293945312,153.05372619628906,160.5518798828125,3034234774.0,0.1304050749755267,0.0631487606078156,0.0967769177916711,0.0038634984357577,0.044103319257275,-0.044103319257275
SOL-USD_2024-07-17,SOL-USD,2024-07-17,160.56329345703125,163.59523010253906,155.06703186035156,155.5841064453125,2255652667.0,-0.0164534695510687,-0.0503888928107961,-0.0334211811809324,-0.030941857804007,0.041952444780411,-0.041952444780411
SOL-USD_2024-07-18,SOL-USD,2024-07-18,155.59104919433594,161.587158203125,155.5660400390625,159.07241821289062,2044591406.0,-0.0002767587124332,-0.0996567544851473,-0.0499667565987902,0.0224207462270848,0.042037687469971,-0.042037687469971
SOL-USD_2024-07-19,SOL-USD,2024-07-19,159.0923309326172,171.50674438476562,156.60653686523438,169.1858673095703,3617009839.0,-0.0020331485387414,-0.0753086498002543,-0.0386708991694978,0.0635776409908133,0.0419919393816753,-0.0419919393816753
SOL-USD_2024-07-20,SOL-USD,2024-07-20,169.1826171875,174.831298828125,167.55731201171875,173.89178466796875,1908476088.0,0.007839646607016,-0.0439220417275252,-0.0180411975602545,0.0278150736419828,0.0420764167794231,-0.0420764167794231
SOL-USD_2024-07-21,SOL-USD,2024-07-21,173.89373779296875,184.8703155517578,171.1182098388672,184.54161071777344,3080452915.0,0.0849558544651989,-0.0869861705508752,-0.0010151580428381,0.0612439861385034,0.0427059583118757,-0.0427059583118757
SOL-USD_2024-07-22,SOL-USD,2024-07-22,184.54556274414065,184.7924652099609,177.04412841796875,178.97828674316406,2808509242.0,-0.0404363386954651,-0.0868117068201758,-0.0636240227578204,-0.0301467184174391,0.0411439960584637,-0.0411439960584637
SOL-USD_2024-07-23,SOL-USD,2024-07-23,178.97828674316406,180.49615478515625,170.98854064941406,172.757568359375,3230351478.0,-0.0300847595566529,0.0161236748225459,-0.0069805423670534,-0.034756832781151,0.0409814527943991,-0.0409814527943991
SOL-USD_2024-07-24,SOL-USD,2024-07-24,172.75851440429688,182.35760498046875,171.21041870117188,178.0323028564453,3112174836.0,0.0066239900996898,-0.0705682350815667,-0.0319721224909384,0.0305325812765415,0.0411453037549944,-0.0411453037549944
SOL-USD_2024-07-25,SOL-USD,2024-07-25,178.02952575683594,179.52093505859375,165.9325408935547,171.96307373046875,4067186719.0,-0.022858125840385,-0.0404957306304564,-0.0316769282354207,-0.0340906061911159,0.0413757471659137,-0.0413757471659137
SOL-USD_2024-07-26,SOL-USD,2024-07-26,171.9625701904297,183.53836059570312,171.87789916992188,183.13671875,2816314095.0,0.0914188288000652,0.0503144279826026,0.0708666283913339,0.0649770021966726,0.0417160115320382,-0.0417160115320382
SOL-USD_2024-07-27,SOL-USD,2024-07-27,183.1380920410156,188.14059448242188,178.59835815429688,184.0854034423828,3248901126.0,0.0928994633349546,0.0646790374503523,0.0787892503926535,0.0051801992459954,0.0417171913463866,-0.0417171913463866
SOL-USD_2024-07-28,SOL-USD,2024-07-28,184.08599853515625,186.51461791992188,181.3953399658203,184.8860778808593,1852374783.0,0.1318338048258975,0.0071503914578319,0.0694920981418647,0.0043494727094268,0.0415100548843088,-0.0415100548843088
SOL-USD_2024-07-29,SOL-USD,2024-07-29,184.8871917724609,193.73228454589844,181.88536071777344,182.7805938720703,3654304391.0,0.0752043804131221,-0.0333341968090296,0.0209350918020462,-0.0113880073227891,0.0412616374415899,-0.0412616374415899
SOL-USD_2024-07-30,SOL-USD,2024-07-30,182.77159118652344,184.1801300048828,176.02243041992188,179.10719299316406,2766172800.0,0.0619999525907781,-0.0607901162021256,0.0006049181943262,-0.0200973243443847,0.0413372927591483,-0.0413372927591483
SOL-USD_2024-07-31,SOL-USD,2024-07-31,179.10804748535156,184.179443359375,171.81919860839844,171.82615661621094,3055204208.0,0.0223324757910055,-0.0779952486554711,-0.0278313864322328,-0.0406518367870966,0.0416778193689133,-0.0416778193689133
SOL-USD_2024-08-01,SOL-USD,2024-08-01,171.82566833496094,172.68980407714844,157.98838806152344,167.672119140625,4402828194.0,0.004165777968585,-0.1157542466055682,-0.0557942343184915,-0.0241758155882189,0.0417898203403938,-0.0417898203403938
SOL-USD_2024-08-02,SOL-USD,2024-08-02,167.66053771972656,169.04396057128906,150.08499145507812,152.6382293701172,4507521137.0,-0.0784814107629011,-0.2059519516463561,-0.1422166812046286,-0.0896624307461578,0.0433099683884466,-0.0433099683884466
SOL-USD_2024-08-03,SOL-USD,2024-08-03,152.6382293701172,153.77685546875,140.22140502929688,142.9219970703125,3620526646.0,-0.1391831585850768,-0.2647498663775445,-0.2019665124813106,-0.0636553001164915,0.044035382275418,-0.044035382275418
SOL-USD_2024-08-04,SOL-USD,2024-08-04,142.9219512939453,145.83766174316406,132.13967895507812,138.05508422851562,4333596296.0,-0.1543328535886355,-0.3195037530953004,-0.236918303341968,-0.0340529305604547,0.0441862647150923,-0.0441862647150923
SOL-USD_2024-08-05,SOL-USD,2024-08-05,138.0526885986328,139.14146423339844,110.60955810546876,129.8643035888672,14114308949.0,-0.2125783555493382,-0.3256178524380702,-0.2690981039937042,-0.0593298007488855,0.044748948768428,-0.044748948768428
SOL-USD_2024-08-06,SOL-USD,2024-08-06,129.86294555664062,149.35296630859375,129.78857421875,144.09036254882812,5813459735.0,-0.1612994907014354,-0.2046775518695089,-0.1829885212854722,0.109545568465055,0.046614437001336,-0.046614437001336
SOL-USD_2024-08-07,SOL-USD,2024-08-07,144.0882110595703,155.00779724121094,142.7469024658203,144.63209533691406,5529725414.0,-0.1663034980987523,-0.2192540920837138,-0.192778795091233,0.0037596739886218,0.0465966320629429,-0.0465966320629429
SOL-USD_2024-08-08,SOL-USD,2024-08-08,144.63247680664062,163.02590942382812,142.01992797851562,162.9307403564453,5385642745.0,-0.0416753162284266,-0.1143052281795462,-0.0779902722039864,0.1265185640635666,0.0492551087554826,-0.0492551087554826
SOL-USD_2024-08-09,SOL-USD,2024-08-09,162.9307403564453,163.24948120117188,151.22613525390625,156.45721435546875,3217916997.0,-0.0372281400803112,-0.1034048140931579,-0.0703164770867346,-0.0397317656988138,0.0491933468690658,-0.0491933468690658
SOL-USD_2024-08-10,SOL-USD,2024-08-10,156.45721435546875,158.5860595703125,152.873046875,153.95916748046875,1662980960.0,-0.0253830661714633,-0.1394859499841199,-0.0824345080777916,-0.0159663259076342,0.0491045635362263,-0.0491045635362263
SOL-USD_2024-08-11,SOL-USD,2024-08-11,153.961669921875,157.93190002441406,141.34829711914062,141.52685546875,2411765937.0,-0.1268280508827127,-0.212207244843158,-0.1695176478629353,-0.0807507095236528,0.05005218701617,-0.05005218701617
SOL-USD_2024-08-12,SOL-USD,2024-08-12,141.53207397460938,150.81463623046875,141.4407958984375,146.45423889160156,3380174341.0,-0.0784870098018272,-0.18989727387385,-0.1341921418378386,0.0348158899350345,0.0501948565976775,-0.0501948565976775
SOL-USD_2024-08-13,SOL-USD,2024-08-13,146.45455932617188,149.61012268066406,143.1520233154297,146.7126922607422,2224488388.0,-0.0181778208834942,-0.1490655305253891,-0.0836216757044417,0.00176473805809,0.0496095816721574,-0.0496095816721574
SOL-USD_2024-08-14,SOL-USD,2024-08-14,146.7126922607422,151.72604370117188,142.71792602539062,143.9234619140625,2714536693.0,-0.0725240436877446,-0.1701703733401394,-0.121347208513942,-0.019011513616849,0.0494359990993638,-0.0494359990993638
SOL-USD_2024-08-15,SOL-USD,2024-08-15,143.92266845703125,147.35154724121094,138.16192626953125,142.74581909179688,3032770371.0,-0.0310126017178906,-0.1728542042349379,-0.1019334029764142,-0.0081824242316295,0.0490216320856366,-0.0490216320856366
SOL-USD_2024-08-16,SOL-USD,2024-08-16,142.7428741455078,144.7954559326172,136.3846435546875,139.33056640625,2707615564.0,-0.0263034002403752,-0.0931093669521269,-0.059706383596251,-0.0239254130683196,0.0489796794808949,-0.0489796794808949
SOL-USD_2024-08-17,SOL-USD,2024-08-17,139.33056640625,141.96282958984375,137.86630249023438,141.7985076904297,1199702073.0,-0.0248514780316556,0.0176316049118818,-0.0036099365598868,0.0177128490024496,0.0489877587216434,-0.0489877587216434
SOL-USD_2024-08-18,SOL-USD,2024-08-18,141.7985076904297,146.96298217773438,140.95962524414062,142.58688354492188,1866239536.0,-0.0565001921919484,-0.0574945459276764,-0.0569973690598124,0.0055598318158138,0.0487437366077438,-0.0487437366077438
SOL-USD_2024-08-19,SOL-USD,2024-08-19,142.58688354492188,145.9236297607422,140.74871826171875,144.34368896484375,2077549615.0,0.0070423817181035,0.0421278307285393,0.0245851062233214,0.0123209468938874,0.0483114238612448,-0.0483114238612448
SOL-USD_2024-08-20,SOL-USD,2024-08-20,144.3468475341797,148.6486053466797,141.36070251464844,143.16773986816406,2124392770.0,0.0411896537986844,0.0505462758540227,0.0458679648263535,-0.0081468688039841,0.0480290759773203,-0.0480290759773203
SOL-USD_2024-08-21,SOL-USD,2024-08-21,142.33303833007812,144.1562957763672,139.26654052734375,142.70960998535156,1923259439.0,0.0523562188833044,0.0822305577586253,0.0672933883209648,-0.0031999519111942,0.0479923278277454,-0.0479923278277454
SOL-USD_2024-08-22,SOL-USD,2024-08-22,142.70960998535156,144.81321716308594,140.9344024658203,143.2579345703125,1368400829.0,0.0733105270161571,0.008273629459963,0.04079207823806,0.0038422400917303,0.047939279735575,-0.047939279735575
SOL-USD_2024-08-23,SOL-USD,2024-08-23,143.2579345703125,153.771240234375,143.16477966308594,153.10708618164062,2560976300.0,0.1375957881174947,0.0730764907773304,0.1053361394474126,0.0687511769653084,0.0486618071589786,-0.0486618071589786
SOL-USD_2024-08-24,SOL-USD,2024-08-24,153.10833740234375,162.16932678222656,152.15208435058594,160.73175048828125,2749419604.0,0.2024497577855697,0.0635080011093736,0.1329788794474716,0.0497995520442142,0.0489953311660101,-0.0489953311660101
SOL-USD_2024-08-25,SOL-USD,2024-08-25,160.73175048828125,161.94796752929688,155.50714111328125,158.90911865234375,2085078554.0,0.2357772392635271,0.069307935099792,0.1525425871816595,-0.011339588042814,0.0487402245944937,-0.0487402245944937
SOL-USD_2024-08-26,SOL-USD,2024-08-26,158.9114990234375,161.91110229492188,155.88449096679688,157.23687744140625,2588808155.0,0.1890140646151672,0.0013096628788991,0.0951618637470331,-0.0105232552110239,0.0486794768467741,-0.0486794768467741
SOL-USD_2024-08-27,SOL-USD,2024-08-27,157.23658752441406,159.62355041503906,145.65640258789062,146.8970947265625,2783392784.0,0.0757026279774701,-0.0504469840474507,0.0126278219650097,-0.0657592727806288,0.0493171398908042,-0.0493171398908042
SOL-USD_2024-08-28,SOL-USD,2024-08-28,146.8970947265625,148.69497680664062,140.97080993652344,143.89138793945312,2932401182.0,0.0533071322690947,-0.0260838330428129,0.0136116496131409,-0.020461308596363,0.04940038547689,-0.04940038547689
SOL-USD_2024-08-29,SOL-USD,2024-08-29,143.8910675048828,147.2205810546875,138.2660675048828,140.0540313720703,2098251665.0,-0.0628601539536108,-0.0333909737616697,-0.0481255638576403,-0.0266684241658542,0.0480991470455667,-0.0480991470455667
SOL-USD_2024-08-30,SOL-USD,2024-08-30,140.0540313720703,141.01318359375,132.4513397216797,138.09999084472656,2683385690.0,-0.011477235467422,-0.0072201108734183,-0.0093486731704202,-0.0139520477075922,0.0474051196595231,-0.0474051196595231
SOL-USD_2024-08-31,SOL-USD,2024-08-31,138.09999084472656,138.99224853515625,134.6364288330078,135.37425231933594,892155699.0,-0.0331111342398213,-0.0418639094631939,-0.0374875218515076,-0.0197374272707615,0.0474760640240416,-0.0474760640240416
SOL-USD_2024-09-01,SOL-USD,2024-09-01,135.37425231933594,135.99781799316406,128.24325561523438,128.6905517578125,1974170865.0,-0.1215211823678104,-0.0664884768020749,-0.0940048295849426,-0.0493720219835983,0.0475197964474573,-0.0475197964474573
SOL-USD_2024-09-02,SOL-USD,2024-09-02,128.6905517578125,135.35238647460938,127.26619720458984,135.0023651123047,2092221241.0,-0.0790797245498037,-0.0201361540517232,-0.0496079393007634,0.0490464394493437,0.0479354249583358,-0.0479354249583358
SOL-USD_2024-09-03,SOL-USD,2024-09-03,135.0023651123047,137.14476013183594,127.57423400878906,127.57758331298828,1787700523.0,-0.1699597882043082,0.0048429637762918,-0.0825584122140081,-0.0549974201795645,0.0480140563661541,-0.0480140563661541
SOL-USD_2024-09-04,SOL-USD,2024-09-04,127.57758331298828,134.86917114257812,123.61295318603516,133.60391235351562,2663812153.0,-0.0506461364848258,-0.0076066145006125,-0.0291263754927191,0.047236582509506,0.0472209109817937,-0.0472209109817937
SOL-USD_2024-09-05,SOL-USD,2024-09-05,133.6043701171875,135.085205078125,128.14137268066406,129.32894897460938,1926178088.0,0.0139405578579836,-0.0615721544186602,-0.0238157982803383,-0.0319972918726714,0.0458622690216294,-0.0458622690216294
SOL-USD_2024-09-06,SOL-USD,2024-09-06,129.32894897460938,134.16807556152344,121.05538177490234,124.99007415771484,3520537699.0,-0.069802120797013,-0.1306402230967924,-0.1002211719469027,-0.0335491384666426,0.0455736937042478,-0.0455736937042478
SOL-USD_2024-09-07,SOL-USD,2024-09-07,124.99007415771484,129.2908935546875,124.26908111572266,127.72156524658205,1321261949.0,-0.1083460435598405,-0.1260032387651092,-0.1171746411624748,0.0218536640391184,0.0448737756418658,-0.0448737756418658
SOL-USD_2024-09-08,SOL-USD,2024-09-08,127.72156524658205,131.51524353027344,126.81302642822266,129.98951721191406,1317794291.0,-0.0135426954334018,-0.1079073776926815,-0.0607250365630416,0.017757001027614,0.0437672555348896,-0.0437672555348896
SOL-USD_2024-09-09,SOL-USD,2024-09-09,129.98951721191406,136.18653869628906,127.21979522705078,135.02561950683594,2443769044.0,-0.0318224731952551,-0.1163383515453975,-0.0740804123703263,0.0387423724846351,0.0434190239957162,-0.0434190239957162
SOL-USD_2024-09-10,SOL-USD,2024-09-10,135.0263671875,137.8063507080078,132.63108825683594,135.63522338867188,1642358500.0,-0.0404194480392321,-0.0843767971404588,-0.0623981225898455,0.0045147275314303,0.0433899843799551,-0.0433899843799551
SOL-USD_2024-09-11,SOL-USD,2024-09-11,135.63494873046875,135.8038787841797,128.4340057373047,132.4973907470703,2122617674.0,-0.0667541157681369,-0.0688524966360792,-0.0678033062021081,-0.0231343493467761,0.0434861186476468,-0.0434861186476468
SOL-USD_2024-09-12,SOL-USD,2024-09-12,132.49708557128906,136.61480712890625,132.44332885742188,136.14190673828125,1597055803.0,0.0019037099829841,-0.1093100708842633,-0.0537031804506396,0.0275063227333141,0.0432745701976622,-0.0432745701976622
SOL-USD_2024-09-13,SOL-USD,2024-09-13,136.14190673828125,139.83250427246094,131.86395263671875,139.1005401611328,1668690414.0,-0.0030637214696064,-0.0486699098802385,-0.0258668156749224,0.0217319816780532,0.043230187724246,-0.043230187724246
SOL-USD_2024-09-14,SOL-USD,2024-09-14,139.1025390625,139.7345733642578,135.9435577392578,137.17977905273438,952465288.0,-0.0334345210481018,-0.0559793047027807,-0.0447069128754413,-0.0138084374523165,0.0432177875714668,-0.0432177875714668
SOL-USD_2024-09-15,SOL-USD,2024-09-15,137.17977905273438,137.92349243164062,130.9698028564453,131.4993896484375,1358403273.0,-0.1092173961939003,-0.0837608364218597,-0.09648911630788,-0.0414083580212885,0.0432285068899116,-0.0432285068899116
SOL-USD_2024-09-16,SOL-USD,2024-09-16,131.4993896484375,132.29637145996094,129.13807678222656,131.47259521484375,1623218789.0,-0.1779570598791214,-0.1073430722952416,-0.1426500660871815,-0.0002037608970306,0.0418596219528591,-0.0418596219528591
SOL-USD_2024-09-17,SOL-USD,2024-09-17,131.47244262695312,135.4871368408203,130.47569274902344,131.53707885742188,1726861492.0,-0.1807191609750608,-0.0738807817360012,-0.127299971355531,0.0004904721206175,0.0418538272398632,-0.0418538272398632
SOL-USD_2024-09-18,SOL-USD,2024-09-18,131.53707885742188,133.99185180664062,127.25076293945312,133.99185180664062,2260675347.0,-0.1387818790234947,-0.1529519051538101,-0.1458668920886524,0.0186622127429145,0.041772977196202,-0.041772977196202
SOL-USD_2024-09-19,SOL-USD,2024-09-19,133.99185180664062,143.9043731689453,133.99185180664062,142.83627319335938,2884543933.0,-0.1020676318493002,-0.1023161424553619,-0.102191887152331,0.066007158401556,0.0425299753503859,-0.0425299753503859
SOL-USD_2024-09-20,SOL-USD,2024-09-20,142.8365478515625,151.7609405517578,141.316162109375,146.56680297851562,3241123621.0,-0.1336935802661762,-0.1354549098975603,-0.1345742450818683,0.0261175239436985,0.0418717630204636,-0.0418717630204636
SOL-USD_2024-09-21,SOL-USD,2024-09-21,146.56680297851562,149.83645629882812,144.79803466796875,149.52703857421875,1385610390.0,-0.140114417367516,-0.1333732182772091,-0.1367438178223626,0.0201971765471138,0.0417968975724068,-0.0417968975724068
SOL-USD_2024-09-22,SOL-USD,2024-09-22,149.52703857421875,149.86582946777344,141.38461303710938,144.80364990234375,1597826979.0,-0.2153333368060955,-0.148671309964101,-0.1820023233850983,-0.0315888598939282,0.0411794453975268,-0.0411794453975268
SOL-USD_2024-09-23,SOL-USD,2024-09-23,144.80364990234375,148.97042846679688,142.6438446044922,144.8149871826172,2344229720.0,-0.19087957641237,-0.2235974439059778,-0.2072385101591739,7.82941609627219e-05,0.041034095086658,-0.041034095086658
SOL-USD_2024-09-24,SOL-USD,2024-09-24,144.8149871826172,153.53628540039062,143.30413818359375,152.89215087890625,2927238360.0,-0.114990142944963,-0.1416154516997315,-0.1283027973223472,0.0557757443026492,0.0414705071997073,-0.0414705071997073
SOL-USD_2024-09-25,SOL-USD,2024-09-25,152.89096069335938,153.54763793945312,147.45013427734375,148.02342224121094,2138602628.0,-0.1685586274724073,-0.1630511680523121,-0.1658048977623597,-0.0318442026598961,0.0414476870860726,-0.0414476870860726
SOL-USD_2024-09-26,SOL-USD,2024-09-26,148.02110290527344,157.858154296875,146.87075805664062,155.5760955810547,3009969111.0,-0.0952935871284706,-0.1159734801624915,-0.1056335336454811,0.0510235017235065,0.0417737174235507,-0.0417737174235507
SOL-USD_2024-09-27,SOL-USD,2024-09-27,155.5760955810547,160.9813995361328,154.13027954101562,157.74993896484375,2765830721.0,-0.1386220085105475,-0.0598758413744292,-0.0992489249424883,0.0139728624482446,0.0409659816972872,-0.0409659816972872
SOL-USD_2024-09-28,SOL-USD,2024-09-28,157.7519073486328,159.34521484375,155.29931640625,156.9124298095703,1300870644.0,-0.147610691150303,-0.0684241818057133,-0.1080174364780081,-0.0053090933712506,0.0409595030491351,-0.0409595030491351
SOL-USD_2024-09-29,SOL-USD,2024-09-29,156.9124298095703,161.62306213378906,155.2430877685547,158.62916564941406,1773980028.0,-0.1420167085180161,-0.0289055067248991,-0.0854611076214576,0.0109407256131792,0.0409836577466305,-0.0409836577466305
SOL-USD_2024-09-30,SOL-USD,2024-09-30,158.63241577148438,159.50892639160156,152.01983642578125,152.61846923828125,2376780676.0,-0.1650182002083864,-0.1022239112988243,-0.1336210557536054,-0.0378914960973635,0.0412209683536716,-0.0412209683536716
SOL-USD_2024-10-01,SOL-USD,2024-10-01,152.61846923828125,157.25819396972656,142.8423309326172,145.28988647460938,3656164855.0,-0.1888104321965751,-0.1385167174506287,-0.1636635748236019,-0.0480189769970098,0.0415669844158215,-0.0415669844158215
SOL-USD_2024-10-02,SOL-USD,2024-10-02,145.28988647460938,148.82568359375,138.9187469482422,140.38555908203125,2892264150.0,-0.1829791118729674,-0.1647330126681248,-0.1738560622705461,-0.0337554630372376,0.0414738023954723,-0.0414738023954723
SOL-USD_2024-10-03,SOL-USD,2024-10-03,140.38490295410156,142.80543518066406,133.55316162109375,136.78518676757812,2914986844.0,-0.1842103059909579,-0.1808119072566562,-0.182511106623807,-0.0256463153190088,0.0414866865593013,-0.0414866865593013
SOL-USD_2024-10-04,SOL-USD,2024-10-04,136.78518676757812,144.42678833007812,136.0756378173828,143.17227172851562,2361841303.0,-0.0620156410400208,-0.1356299768047355,-0.0988228089223782,0.0466942737870459,0.0404029128776753,-0.0404029128776753
SOL-USD_2024-10-05,SOL-USD,2024-10-05,143.17227172851562,144.83428955078125,141.16966247558594,142.7117462158203,1113937760.0,-0.0014710881375996,-0.1404494960291282,-0.0709602920833639,-0.0032165831214061,0.0395817012217402,-0.0395817012217402
SOL-USD_2024-10-06,SOL-USD,2024-10-06,142.7117156982422,146.62001037597656,142.11424255371094,146.44236755371094,1168715645.0,0.0607531651012016,-0.1029558978220438,-0.021101366360421,0.0261409550146549,0.0394547359068835,-0.0394547359068835
SOL-USD_2024-10-07,SOL-USD,2024-10-07,146.44354248046875,152.1038360595703,143.60458374023438,143.99179077148438,2678803498.0,0.1087865317273244,-0.1269174858425242,-0.0090654770575999,-0.0167340696764395,0.0387508952224613,-0.0387508952224613
SOL-USD_2024-10-08,SOL-USD,2024-10-08,143.99179077148438,145.44879150390625,141.2363739013672,143.39442443847656,1710617951.0,-0.0048298727134906,-0.1653503074060873,-0.085090090059789,-0.0041486138189352,0.0362453430990043,-0.0362453430990043
SOL-USD_2024-10-09,SOL-USD,2024-10-09,143.3953399658203,145.1295166015625,138.7974395751953,139.31553649902344,1697499287.0,-0.0367591911429198,-0.1969495071673238,-0.1168543491551218,-0.0284452338745093,0.0364261565973404,-0.0364261565973404
SOL-USD_2024-10-10,SOL-USD,2024-10-10,139.3137664794922,140.58058166503906,135.58270263671875,138.88841247558594,1770157917.0,-0.1475616438510113,-0.1830872819087605,-0.1653244628798859,-0.003065875021344,0.0326305050458695,-0.0326305050458695
SOL-USD_2024-10-11,SOL-USD,2024-10-11,138.88674926757812,146.43063354492188,138.755859375,145.3811492919922,1797846253.0,-0.0707929328098089,-0.1053855836707805,-0.0880892582402947,0.0467478654315207,0.0328362611430851,-0.0328362611430851
SOL-USD_2024-10-12,SOL-USD,2024-10-12,145.3811492919922,147.13690185546875,144.7617645263672,146.5002899169922,1118630507.0,-0.0484471154627592,-0.0726004452966149,-0.060523780379687,0.0076979761850159,0.0327933670884258,-0.0327933670884258
SOL-USD_2024-10-13,SOL-USD,2024-10-13,146.50033569335938,148.7133331298828,144.62364196777344,147.5724334716797,1294444111.0,0.042716825601093,-0.0895289170125032,-0.023406045705705,0.0073183715560902,0.0311423421432109,-0.0311423421432109
SOL-USD_2024-10-14,SOL-USD,2024-10-14,147.57025146484375,157.7541046142578,147.00582885742188,157.44512939453125,2929339176.0,0.0750465851047481,-0.0093306067577891,0.0328579891734794,0.0669006784708623,0.0319537273434254,-0.0319537273434254
SOL-USD_2024-10-15,SOL-USD,2024-10-15,157.44512939453125,158.71575927734375,150.90951538085938,154.7206268310547,3451652506.0,0.0545824253301858,0.0354124148956527,0.0449974201129192,-0.0173044575843906,0.0320428031794949,-0.0320428031794949
SOL-USD_2024-10-16,SOL-USD,2024-10-16,154.7206268310547,158.1370391845703,153.08169555664062,154.23422241210938,2397546608.0,0.0716405814654701,-0.0060791268822918,0.0327807272915891,-0.0031437593610348,0.0319424107853078,-0.0319424107853078
SOL-USD_2024-10-17,SOL-USD,2024-10-17,154.23817443847656,155.5516357421875,147.94349670410156,150.31602478027344,2157747733.0,0.0530327664700871,0.0203754806876617,0.0367041235788744,-0.0254042038826287,0.0321007585706657,-0.0321007585706657
SOL-USD_2024-10-18,SOL-USD,2024-10-18,150.3227081298828,156.53741455078125,149.70101928710938,154.97593688964844,1754226839.0,0.1122895778502814,0.0830325799008875,0.0976610788755845,0.0310007673246195,0.0321497708114,-0.0321497708114
SOL-USD_2024-10-19,SOL-USD,2024-10-19,154.97593688964844,159.71041870117188,153.91282653808594,159.6393585205078,1440375026.0,0.1258183257402663,0.0978400763504965,0.1118292010453814,0.0300912627111911,0.0322836758741487,-0.0322836758741487
SOL-USD_2024-10-20,SOL-USD,2024-10-20,159.64122009277344,167.5856475830078,157.76573181152344,166.9398193359375,2579198899.0,0.1707936605777855,0.1046435937380259,0.1377186271579057,0.0457309580988565,0.032740713722621,-0.032740713722621
SOL-USD_2024-10-21,SOL-USD,2024-10-21,166.93861389160156,171.4306640625,161.8105010986328,166.2168731689453,3924173188.0,0.1515354385145926,0.159644990634536,0.1555902145745643,-0.0043305795457786,0.0327317143269481,-0.0327317143269481
SOL-USD_2024-10-22,SOL-USD,2024-10-22,166.2176055908203,170.7600860595703,163.28536987304688,167.26014709472656,3470792372.0,0.1682809776053457,0.2164020666124986,0.1923415221089222,0.0062765825508031,0.032704583414008,-0.032704583414008
SOL-USD_2024-10-23,SOL-USD,2024-10-23,167.26063537597656,173.8150177001953,164.19381713867188,170.9324951171875,3861697575.0,0.1977644332062351,0.2604748500418181,0.2291196416240266,0.0219559057327691,0.0327812047506337,-0.0327812047506337
SOL-USD_2024-10-24,SOL-USD,2024-10-24,171.11087036132812,178.99530029296875,170.5173797607422,177.1569366455078,3529481044.0,0.2366291415332204,0.327287075622559,0.2819581085778897,0.0364146180868241,0.033044192149292,-0.033044192149292
SOL-USD_2024-10-25,SOL-USD,2024-10-25,177.15713500976562,177.1919403076172,160.0352783203125,164.75689697265625,4869966180.0,0.0760892985527443,0.2241546536719114,0.1501219761123279,-0.0699946607095838,0.0332758005631588,-0.0332758005631588
SOL-USD_2024-10-26,SOL-USD,2024-10-26,164.75599670410156,172.8228302001953,162.443359375,170.70596313476562,2755373492.0,0.0620550240769735,0.2770678064563041,0.1695614152666388,0.0361081464352701,0.0330002243150977,-0.0330002243150977
SOL-USD_2024-10-27,SOL-USD,2024-10-27,170.70596313476562,177.89515686035156,170.19244384765625,176.5491943359375,2427933420.0,0.1110073218780234,0.3729575610319886,0.241982441455006,0.0342298013137296,0.0332131667607672,-0.0332131667607672
SOL-USD_2024-10-28,SOL-USD,2024-10-28,176.55368041992188,179.40797424316406,172.87225341796875,178.1049041748047,3623055701.0,0.1327171276418588,0.346816595996664,0.2397668618192614,0.0088117640225928,0.0331828788883347,-0.0331828788883347
SOL-USD_2024-10-29,SOL-USD,2024-10-29,178.1036376953125,183.03944396972656,176.85548400878906,179.36074829101562,3919545873.0,0.2209958857585419,0.3134284830601426,0.2672121844093422,0.0070511484342865,0.0320137201905604,-0.0320137201905604
SOL-USD_2024-10-30,SOL-USD,2024-10-30,179.36074829101562,181.1526641845703,173.39939880371094,174.9249725341797,2772422773.0,0.2156736760909203,0.2804777535383556,0.2480757148146379,-0.0247310283833049,0.0320701167044783,-0.0320701167044783
SOL-USD_2024-10-31,SOL-USD,2024-10-31,174.92507934570312,176.27984619140625,167.5767822265625,168.42999267578125,2652620406.0,0.2026072439737689,0.1270111674718501,0.1648092057228095,-0.0371300893423284,0.0322559723066631,-0.0322559723066631
SOL-USD_2024-11-01,SOL-USD,2024-11-01,168.4302215576172,173.8500213623047,164.0325469970703,166.2621307373047,3157093060.0,0.2039257187514398,0.1901079797920442,0.197016849271742,-0.0128709970477145,0.032246855038118,-0.032246855038118
SOL-USD_2024-11-02,SOL-USD,2024-11-02,166.2621307373047,168.4605712890625,162.38702392578125,166.01034545898438,1618170398.0,0.2263066470526507,0.1857022430429051,0.2060044450477779,-0.001514387414643,0.0321168770881731,-0.0321168770881731
SOL-USD_2024-11-03,SOL-USD,2024-11-03,166.01034545898438,166.37632751464844,158.1367645263672,162.55130004882812,2645801646.0,0.2631175935490542,0.1096220501113895,0.1863698218302218,-0.0208363243904631,0.0315518553148088,-0.0315518553148088
SOL-USD_2024-11-04,SOL-USD,2024-11-04,162.55169677734375,164.71389770507812,155.16552734375,157.74710083007812,2809006700.0,0.1684765722352548,0.076073766759992,0.1222751694976234,-0.0295549725982313,0.0313031086307659,-0.0313031086307659
SOL-USD_2024-11-05,SOL-USD,2024-11-05,157.74710083007812,169.12664794921875,156.98818969726562,166.72239685058594,3243848057.0,0.3068314395136566,0.0847226448351843,0.1957770421744205,0.0568967415139745,0.0311358142420307,-0.0311358142420307
SOL-USD_2024-11-06,SOL-USD,2024-11-06,166.72239685058594,189.9154815673828,166.6982421875,186.9547882080078,9822932731.0,0.399321209346968,0.3284509963922699,0.363886102869619,0.1213537697370907,0.0340332061526028,-0.0340332061526028
SOL-USD_2024-11-07,SOL-USD,2024-11-07,186.9547882080078,197.90093994140625,186.13604736328125,196.3345947265625,4700842780.0,0.5181024533425078,0.5392656484276759,0.5286840508850918,0.0501715233317192,0.0341314639559381,-0.0341314639559381
SOL-USD_2024-11-08,SOL-USD,2024-11-08,196.3345947265625,204.96975708007807,196.02374267578125,199.9390106201172,5673142495.0,0.5996391070848583,0.4879809049004948,0.5438100059926766,0.0183585368568111,0.0337560722388632,-0.0337560722388632
SOL-USD_2024-11-09,SOL-USD,2024-11-09,199.93960571289065,203.3472900390625,195.4741058349609,200.1949157714844,3363617004.0,0.5674323704456936,0.3976072745602803,0.482519822502987,0.001279916063271,0.0337197417382284,-0.0337197417382284
SOL-USD_2024-11-10,SOL-USD,2024-11-10,200.19595336914065,215.1790771484375,198.9831085205078,210.6137237548828,8564655765.0,0.6202362180600454,0.5982938524286914,0.6092650352443684,0.0520433195980416,0.0341583502441666,-0.0341583502441666
SOL-USD_2024-11-11,SOL-USD,2024-11-11,210.6137237548828,223.2198028564453,204.5623016357422,222.6416778564453,10290809023.0,0.6488846981011158,0.5964131089937268,0.6226489035474213,0.0571090709908388,0.0344994349023739,-0.0344994349023739
SOL-USD_2024-11-12,SOL-USD,2024-11-12,222.6416778564453,225.0115203857422,205.44786071777344,212.2318115234375,11308516682.0,0.5647249012542481,0.5014795844123094,0.5331022428332788,-0.0467561439225223,0.0351937914783425,-0.0351937914783425
SOL-USD_2024-11-13,SOL-USD,2024-11-13,212.2080078125,220.3391876220703,201.4705810546875,215.1845550537109,11296665808.0,0.6240663596499458,0.5156532458627365,0.5698598027563412,0.0139128225362545,0.0349785859953291,-0.0349785859953291
SOL-USD_2024-11-14,SOL-USD,2024-11-14,215.18446350097656,222.6391448974609,207.496810913086,209.2190704345703,8094554275.0,0.5367720009737513,0.5396975691735757,0.5382347850736635,-0.0277226430942109,0.0351814659592814,-0.0351814659592814
SOL-USD_2024-11-15,SOL-USD,2024-11-15,209.2362365722656,219.53878784179688,204.82801818847656,218.09490966796875,6109860311.0,0.5678940528579512,0.5630904621861421,0.5654922575220467,0.0424236625034342,0.0354128361700531,-0.0354128361700531
SOL-USD_2024-11-16,SOL-USD,2024-11-16,218.56936645507807,221.6623687744141,213.8047790527344,215.8488311767578,4698955745.0,0.5734741130745051,0.5208657597222723,0.5471699363983887,-0.0102986286779017,0.0353810856970441,-0.0353810856970441
SOL-USD_2024-11-17,SOL-USD,2024-11-17,215.8477935791016,241.2353363037109,212.7281646728516,237.5755310058593,9981076722.0,0.8066664160268382,0.6093470142774209,0.7080067151521295,0.1006570186674282,0.0366952973208451,-0.0366952973208451
SOL-USD_2024-11-18,SOL-USD,2024-11-18,237.5755310058593,248.1928100585937,234.4010467529297,239.79425048828125,8798714213.0,0.8239105274861691,0.4993327725321528,0.661621650009161,0.0093390067277898,0.0366718414772675,-0.0366718414772675
SOL-USD_2024-11-19,SOL-USD,2024-11-19,239.80088806152344,247.090560913086,234.153060913086,238.09754943847656,6711919414.0,0.8101173563125854,0.4829944664133798,0.6465559113629826,-0.0070756535919846,0.0367166263311816,-0.0367166263311816
SOL-USD_2024-11-20,SOL-USD,2024-11-20,238.0925750732422,242.10787963867188,230.9105529785156,235.4236602783203,6454141445.0,0.7569998257659183,0.5131600885021714,0.6350799571340449,-0.0112302254536524,0.0367974311791723,-0.0367974311791723
SOL-USD_2024-11-21,SOL-USD,2024-11-21,235.42739868164065,259.0535583496094,230.3415679931641,257.0658874511719,10735314060.0,0.7997241296206206,0.6160305497282006,0.7078773396744106,0.091928853485949,0.0375746002303336,-0.0375746002303336
SOL-USD_2024-11-22,SOL-USD,2024-11-22,257.0814208984375,263.70086669921875,252.1354217529297,256.5186767578125,7249493783.0,0.7501826576336941,0.5161944720148741,0.6331885648242841,-0.0021286787554156,0.0375483044747349,-0.0375483044747349
SOL-USD_2024-11-23,SOL-USD,2024-11-23,256.5181579589844,263.83154296875,253.1874389648437,255.1785125732422,6234742858.0,0.7065710322791059,0.4674558263950386,0.5870134293370722,-0.0052244312246925,0.0375692006958146,-0.0375692006958146
SOL-USD_2024-11-24,SOL-USD,2024-11-24,255.1785125732422,259.6256408691406,243.1221618652344,252.9195251464844,5330146683.0,0.7466377768589016,0.3705284361762937,0.5585831065175977,-0.0088525769821994,0.0372791555301457,-0.0372791555301457
SOL-USD_2024-11-25,SOL-USD,2024-11-25,252.9160614013672,256.4226989746094,231.551986694336,234.4466094970703,6616015635.0,0.61893885472934,0.3099164919010759,0.4644276733152079,-0.0730387092048945,0.0386905270814805,-0.0386905270814805
SOL-USD_2024-11-26,SOL-USD,2024-11-26,234.4456787109375,239.63780212402344,222.9571990966797,230.9781951904297,6996936265.0,0.5107263117344016,0.337007677197346,0.4238669944658738,-0.0147940476259434,0.0383165179569923,-0.0383165179569923
SOL-USD_2024-11-27,SOL-USD,2024-11-27,230.9722137451172,243.1248016357422,228.1300506591797,242.30221557617188,5381404312.0,0.6369180762577515,0.3610014120389715,0.4989597441483615,0.0490263610225463,0.0383393318389625,-0.0383393318389625
SOL-USD_2024-11-28,SOL-USD,2024-11-28,242.3004608154297,245.20445251464844,233.202865600586,237.7640075683593,4047310070.0,0.5282811069421969,0.382645718121005,0.4554634125316009,-0.0187295357453548,0.0380997765830285,-0.0380997765830285
SOL-USD_2024-11-29,SOL-USD,2024-11-29,237.76397705078125,246.7762908935547,236.8212432861328,243.54949951171875,4152396835.0,0.5438959983749747,0.3298780341488385,0.4368870162619066,0.0243329173432444,0.038150684942663,-0.038150684942663
SOL-USD_2024-11-30,SOL-USD,2024-11-30,243.54884338378903,245.23687744140625,237.7225341796875,237.7437438964844,3549156564.0,0.5151364629622481,0.2914861224773653,0.4033112927198067,-0.023838092982634,0.0383229965634743,-0.0383229965634743
SOL-USD_2024-12-01,SOL-USD,2024-12-01,237.74383544921875,239.8065795898437,234.5303955078125,237.06993103027344,3726118866.0,0.4944914452504978,0.2822486892876892,0.3883700672690935,-0.0028341980956787,0.0383413300890669,-0.0383413300890669
SOL-USD_2024-12-02,SOL-USD,2024-12-02,237.0654296875,237.87661743164065,220.5511932373047,225.7561950683593,7374176295.0,0.4792193644393658,0.2351212472061885,0.3571703058227772,-0.0477232009675212,0.0385468971462312,-0.0385468971462312
SOL-USD_2024-12-03,SOL-USD,2024-12-03,225.76856994628903,239.27252197265625,216.4730224609375,234.2003173828125,8404095315.0,0.6119519607701047,0.3075986143769846,0.4597752875735447,0.0374037235695627,0.0380816974324179,-0.0380816974324179
SOL-USD_2024-12-04,SOL-USD,2024-12-04,234.2003173828125,240.71958923339844,225.25491333007807,229.11929321289065,6569129896.0,0.6320716654268532,0.3334366415740128,0.482754153500433,-0.0216952061666793,0.0378967075924297,-0.0378967075924297
SOL-USD_2024-12-05,SOL-USD,2024-12-05,229.119384765625,244.6809539794922,223.4605407714844,233.9987030029297,8820663279.0,0.7107020762455387,0.3955731233209811,0.5531375997832599,0.0212963723901908,0.0376753756352217,-0.0376753756352217
SOL-USD_2024-12-06,SOL-USD,2024-12-06,236.54147338867188,246.4186553955078,231.42596435546875,237.0510711669922,6726557034.0,0.6557051746478555,0.553025556868789,0.6043653657583222,0.0130443806948121,0.0373731861633862,-0.0373731861633862
SOL-USD_2024-12-07,SOL-USD,2024-12-07,237.0510711669922,243.1240234375,234.6590576171875,238.54795837402344,4003422914.0,0.6715369596366076,0.6690779814437269,0.6703074705401673,0.006314619038261,0.0373434103185715,-0.0373434103185715
SOL-USD_2024-12-08,SOL-USD,2024-12-08,239.48516845703125,241.4407196044922,233.71337890625,236.67233276367188,3204778349.0,0.6161465887040314,0.7143326092353113,0.6652395989696713,-0.0078626772710028,0.0373353553081934,-0.0373353553081934
SOL-USD_2024-12-09,SOL-USD,2024-12-09,237.4574432373047,237.4574432373047,209.7061309814453,217.34146118164065,8610208198.0,0.5094017514273612,0.6736043329482928,0.591503042187827,-0.0816777836103638,0.0389019948507717,-0.0389019948507717
SOL-USD_2024-12-10,SOL-USD,2024-12-10,217.3289489746093,220.7409820556641,203.7238311767578,213.8246154785156,8419973004.0,0.4911640833724127,0.4839619506547949,0.4875630170136038,-0.0161812002367366,0.0389885012290716,-0.0389885012290716
SOL-USD_2024-12-11,SOL-USD,2024-12-11,213.8352203369141,230.5073699951172,211.99317932128903,227.44683837890625,5615074058.0,0.6326021066609508,0.5725889737618675,0.6025955402114092,0.0637074588905755,0.0393603546191924,-0.0393603546191924
SOL-USD_2024-12-12,SOL-USD,2024-12-12,227.4451141357422,234.33322143554688,225.951889038086,227.02671813964844,4935392005.0,0.6345979775638635,0.3933940129590012,0.5139959952614324,-0.001847113999263,0.0393548466412964,-0.0393548466412964
SOL-USD_2024-12-13,SOL-USD,2024-12-13,227.02671813964844,228.27305603027344,220.82472229003903,224.83729553222656,4029626623.0,0.5465367871088287,0.4370529122511357,0.4917948496799822,-0.0096438984158468,0.0391133212599099,-0.0391133212599099
SOL-USD_2024-12-14,SOL-USD,2024-12-14,224.83729553222656,227.241943359375,215.34423828125,219.8407592773437,2925240730.0,0.5006165475980053,0.4279160044511976,0.4642662760246014,-0.0222228978651217,0.0392944117596735,-0.0392944117596735
SOL-USD_2024-12-15,SOL-USD,2024-12-15,219.8407592773437,225.066650390625,215.9107360839844,223.6576690673828,2969473030.0,0.5155789181338157,0.5803196384644311,0.5479492782991234,0.0173621570567077,0.0393152234433174,-0.0393152234433174
SOL-USD_2024-12-16,SOL-USD,2024-12-16,223.6561279296875,227.0447692871093,213.48239135742188,216.3349609375,5071129914.0,0.3740340000953643,0.4771505596203385,0.4255922798578514,-0.0327406976940131,0.0388836252855262,-0.0388836252855262
SOL-USD_2024-12-17,SOL-USD,2024-12-17,216.33377075195312,228.6862945556641,211.90963745117188,222.8167266845703,6445051900.0,0.4401229574119574,0.5187283612011819,0.4794256593065696,0.0299617117777968,0.0388868526752625,-0.0388868526752625
SOL-USD_2024-12-18,SOL-USD,2024-12-18,222.8231811523437,225.89439392089844,205.0048675537109,206.3817443847656,6888988933.0,0.3381060387059855,0.4339687333813391,0.3860373860436623,-0.0737600921813685,0.0401671241798726,-0.0401671241798726
SOL-USD_2024-12-19,SOL-USD,2024-12-19,206.3828125,211.9952087402344,188.02752685546875,194.2845153808593,8043974299.0,0.2925070075852352,0.361052229879454,0.3267796187323446,-0.0586157900737236,0.0407912652155664,-0.0407912652155664
SOL-USD_2024-12-20,SOL-USD,2024-12-20,194.2822723388672,199.36219787597656,175.90516662597656,194.2081756591797,9600073165.0,0.253150518441239,0.3938662611398673,0.3235083897905532,-0.0003929274627468,0.0406587003135802,-0.0406587003135802
SOL-USD_2024-12-21,SOL-USD,2024-12-21,194.2073974609375,201.63169860839844,178.74005126953125,181.30145263671875,5368845730.0,0.1356939436299986,0.2785850541708854,0.207139498900442,-0.0664581858032137,0.0414856239089544,-0.0414856239089544
SOL-USD_2024-12-22,SOL-USD,2024-12-22,181.2868194580078,187.5334625244141,177.13406372070312,180.16891479492188,4001292417.0,0.0792446973502656,0.2635728498698817,0.1714087736100736,-0.0062467113491152,0.0411346504297564,-0.0411346504297564
SOL-USD_2024-12-23,SOL-USD,2024-12-23,180.17428588867188,193.0481414794922,176.71888732910156,189.75369262695312,4922594345.0,0.1416030695877947,0.3145963913473861,0.2280997304675904,0.0531988431130929,0.0416266721014331,-0.0416266721014331
SOL-USD_2024-12-24,SOL-USD,2024-12-24,189.75369262695312,198.6961364746093,186.11529541015625,196.9890289306641,3412375255.0,0.1777403784004851,0.3759316806430088,0.276836029521747,0.0381301475799751,0.0418605452425449,-0.0418605452425449
SOL-USD_2024-12-25,SOL-USD,2024-12-25,196.99136352539065,201.6346435546875,195.35304260253903,197.4790802001953,2688415733.0,0.1553044964610623,0.3837826353842994,0.2695435659226809,0.0024877084383401,0.0417935635662862,-0.0417935635662862
SOL-USD_2024-12-26,SOL-USD,2024-12-26,197.47515869140625,199.39797973632807,186.8555908203125,188.2181091308593,2864701219.0,0.0624371401695942,0.313840728580935,0.1881389343752646,-0.0468959601186499,0.0420411805923612,-0.0420411805923612
SOL-USD_2024-12-27,SOL-USD,2024-12-27,188.216552734375,193.7533569335937,182.94712829589844,183.82847595214844,2788285851.0,0.1157558762633008,0.2006529582442779,0.1582044172537894,-0.0233220554546053,0.0411571605651499,-0.0411571605651499
SOL-USD_2024-12-28,SOL-USD,2024-12-28,183.83338928222656,195.43544006347656,183.8333282470703,195.01353454589844,2158687217.0,0.1423943895383603,0.2132857008865627,0.1778400452124615,0.0608450814587699,0.041597985270031,-0.041597985270031
SOL-USD_2024-12-29,SOL-USD,2024-12-29,195.0224456787109,197.1810760498047,188.34100341796875,189.7442626953125,2165753102.0,0.0747387628077613,0.1940426345855512,0.1343906986966563,-0.0270200315216878,0.0415710228251074,-0.0415710228251074
SOL-USD_2024-12-30,SOL-USD,2024-12-30,189.74420166015625,196.12290954589844,185.93760681152344,191.02804565429688,3246300054.0,0.072559155736714,0.2149061261120679,0.1437326409243909,0.0067658591661654,0.0415664017648018,-0.0415664017648018
SOL-USD_2024-12-31,SOL-USD,2024-12-31,191.04530334472656,198.6783905029297,187.97987365722656,189.2644805908203,3276526561.0,0.0552168319666894,0.2884154104144905,0.1718161211905899,-0.0092319693552646,0.041584800051674,-0.041584800051674
SOL-USD_2025-01-01,SOL-USD,2025-01-01,189.2669219970703,194.8184967041016,187.87945556640625,193.8737335205078,2324231668.0,0.108325076241619,0.3473616197383984,0.2278433479900087,0.0243535021219984,0.041541538570896,-0.041541538570896
SOL-USD_2025-01-02,SOL-USD,2025-01-02,193.87213134765625,209.0667266845703,193.258529663086,207.7670440673828,4230329837.0,0.2335513453789865,0.4834777837663577,0.3585145645726721,0.0716616443836388,0.042125843983542,-0.042125843983542
SOL-USD_2025-01-03,SOL-USD,2025-01-03,207.76760864257807,219.5595245361328,205.65240478515625,217.7473297119141,4064420852.0,0.3096628122489082,0.5767367425587988,0.4431997774038535,0.048035941837313,0.0424256092466433,-0.0424256092466433
SOL-USD_2025-01-04,SOL-USD,2025-01-04,217.748046875,217.9050445556641,213.8314514160156,216.6229248046875,2432220391.0,0.3048760558010392,0.6001781808086599,0.4525271183048496,-0.005163805722505,0.0424373669572127,-0.0424373669572127
SOL-USD_2025-01-05,SOL-USD,2025-01-05,216.6227569580078,218.8784027099609,211.7652282714844,213.3936309814453,2403765299.0,0.3127771412307676,0.6581919034976138,0.4854845223641907,-0.0149074426271078,0.0423854476243383,-0.0423854476243383
SOL-USD_2025-01-06,SOL-USD,2025-01-06,213.39483642578125,222.9529724121093,211.65313720703125,218.7231292724609,3408034919.0,0.386542941971814,0.620142944092211,0.5033429430320125,0.0249749641847512,0.0422206887875168,-0.0422206887875168
SOL-USD_2025-01-07,SOL-USD,2025-01-07,218.4129333496093,219.14230346679688,202.1249084472656,202.23025512695312,4360983978.0,0.2129759345301927,0.5851550866175146,0.3990655105738536,-0.0754052586956306,0.042935941241074,-0.042935941241074
SOL-USD_2025-01-08,SOL-USD,2025-01-08,202.2278747558593,203.0603179931641,188.9578857421875,197.55905151367188,5028291858.0,0.0567210040850392,0.4786921133786195,0.2677065587318293,-0.0230984409842573,0.0403449765809542,-0.0403449765809542
SOL-USD_2025-01-09,SOL-USD,2025-01-09,197.55905151367188,198.9010009765625,182.32232666015625,185.02528381347656,3815664216.0,-0.0576022321936515,0.4306563633313205,0.1865270655688344,-0.0634431457539566,0.0406800861773193,-0.0406800861773193
SOL-USD_2025-01-10,SOL-USD,2025-01-10,185.0131378173828,192.75631713867188,183.86676025390625,187.5791778564453,3739014100.0,-0.0618180150303707,0.5007525927199175,0.2194672888447733,0.0138029462262212,0.0406507319621552,-0.0406507319621552
SOL-USD_2025-01-11,SOL-USD,2025-01-11,187.57118225097656,191.71881103515625,184.2774353027344,187.9955139160156,2174290937.0,-0.0609376207605292,0.4719167710876966,0.2054895751635836,0.0022195217205231,0.040651456520657,-0.040651456520657
SOL-USD_2025-01-12,SOL-USD,2025-01-12,187.99533081054688,190.74917602539065,185.2522735595703,188.5603790283203,1544086708.0,-0.1047099131689476,0.450581424353794,0.1729357555924232,0.0030046733591582,0.0401010033764762,-0.0401010033764762
SOL-USD_2025-01-13,SOL-USD,2025-01-13,188.5509185791016,191.77517700195312,170.6289825439453,182.8353576660156,5225490858.0,-0.1787909639097132,0.3540790135516407,0.0876440248209637,-0.030361740848245,0.0395685964953071,-0.0395685964953071
SOL-USD_2025-01-14,SOL-USD,2025-01-14,182.8329925537109,189.93731689453125,181.9566650390625,187.49859619140625,2748310371.0,-0.11653868076841,0.3823739254965974,0.1329176223640937,0.0255051243092103,0.0393071762093886,-0.0393071762093886
SOL-USD_2025-01-15,SOL-USD,2025-01-15,187.4981842041016,205.93495178222656,186.00299072265625,205.91134643554688,4071481523.0,-0.0430942109941366,0.5540785012787117,0.2554921451422875,0.0982020698722678,0.0412181442298635,-0.0412181442298635
SOL-USD_2025-01-16,SOL-USD,2025-01-16,205.9219665527344,216.83995056152344,198.6625213623047,211.22784423828125,6099125467.0,0.0096012939907366,0.5515270007518329,0.2805641473712847,0.0258193533030901,0.0411865302295531,-0.0411865302295531
SOL-USD_2025-01-17,SOL-USD,2025-01-17,211.22840881347656,221.8524169921875,209.96925354003903,219.62161254882807,5118230275.0,0.0070001765890987,0.5788695881009547,0.2929348823450267,0.0397379821813548,0.0411443123426496,-0.0411443123426496
SOL-USD_2025-01-18,SOL-USD,2025-01-18,219.6206970214844,268.74658203125,217.5750427246093,261.8697509765625,23186958912.0,0.2132090294346709,0.9089530015637002,0.5610810154991855,0.1923678545905471,0.0476586880905042,-0.0476586880905042
SOL-USD_2025-01-19,SOL-USD,2025-01-19,261.8724365234375,294.3349609375,239.610580444336,250.5863647460937,33172955667.0,0.0547650411856326,0.9056085767092472,0.4801868089474399,-0.0430877800448157,0.0463881353190991,-0.0463881353190991
SOL-USD_2025-01-20,SOL-USD,2025-01-20,250.62496948242188,272.1530456542969,231.63455200195312,242.250228881836,22690757561.0,0.0102420236871973,0.8425910623120112,0.4264165429996043,-0.0332665182030326,0.0465876910022862,-0.0465876910022862
SOL-USD_2025-01-21,SOL-USD,2025-01-21,242.2365264892578,259.829345703125,231.6759185791016,250.41378784179688,10694802909.0,0.0517276991399811,0.9037505623279808,0.477739130733981,0.0336988699562503,0.0467538281325019,-0.0467538281325019
SOL-USD_2025-01-22,SOL-USD,2025-01-22,250.41378784179688,271.530029296875,248.7516021728516,257.23736572265625,8880832578.0,0.092657235124743,0.9197985717360432,0.5062279034303931,0.0272492099563235,0.0468315378116708,-0.0468315378116708
SOL-USD_2025-01-23,SOL-USD,2025-01-23,257.2362365722656,258.129150390625,242.4961853027344,253.4552001953125,9264528949.0,-0.0140457658215938,0.7744456259524974,0.3801999300654518,-0.0147030176456617,0.0454522999196907,-0.0454522999196907
SOL-USD_2025-01-24,SOL-USD,2025-01-24,253.4552001953125,269.8057861328125,247.6314697265625,253.36122131347656,7483041553.0,-0.0123088715575941,0.728639884098552,0.3581655062704789,-0.0003707909001808,0.0454510354010813,-0.0454510354010813
SOL-USD_2025-01-25,SOL-USD,2025-01-25,253.36631774902344,260.5824890136719,246.6591186523437,256.0735778808594,5035419721.0,0.0035076045337487,0.7125570085690927,0.3580323065514207,0.0107054921559084,0.0454613384129255,-0.0454613384129255
SOL-USD_2025-01-26,SOL-USD,2025-01-26,256.0738830566406,259.6344909667969,240.85243225097656,240.88345336914065,4178231600.0,-0.047588543313818,0.6635178293613011,0.3079646430237415,-0.0593193746790465,0.0460789731322582,-0.0460789731322582
SOL-USD_2025-01-27,SOL-USD,2025-01-27,240.8853302001953,242.42901611328125,221.975326538086,235.074447631836,10736630238.0,0.0026779578348883,0.6232743047195675,0.3129761312772279,-0.0241154203663905,0.045228447035543,-0.045228447035543
SOL-USD_2025-01-28,SOL-USD,2025-01-28,235.07296752929688,243.894775390625,225.2598571777344,227.20396423339844,5105320114.0,-0.0163402045544583,0.486040734774859,0.2348502651102003,-0.0334808120479516,0.0453947981058171,-0.0453947981058171
SOL-USD_2025-01-29,SOL-USD,2025-01-29,227.20278930664065,237.7097625732422,222.9235076904297,227.94493103027344,5385638692.0,-0.0592536247006993,0.5399247469013839,0.2403355611003422,0.0032612406186445,0.0449735810074127,-0.0449735810074127
SOL-USD_2025-01-30,SOL-USD,2025-01-30,227.9530487060547,244.32595825195312,227.1376190185547,239.0231475830078,4636567306.0,0.0052957553480272,0.536374509787575,0.2708351325678011,0.0486004075750343,0.0453200671079952,-0.0453200671079952
SOL-USD_2025-01-31,SOL-USD,2025-01-31,239.0166931152344,241.6665954589844,228.4788360595703,231.63790893554688,4043216055.0,-0.0489082942073495,0.4683866786609016,0.209739192226776,-0.0308975876275588,0.0453968446556484,-0.0453968446556484
SOL-USD_2025-02-01,SOL-USD,2025-02-01,231.6406097412109,233.86383056640625,213.4364013671875,213.78501892089844,3546350864.0,-0.1007754171904425,0.3624479538067759,0.1308362683081667,-0.0770724019081695,0.0463369782262059,-0.0463369782262059
SOL-USD_2025-02-02,SOL-USD,2025-02-02,213.78094482421875,218.38438415527344,195.44923400878903,203.11962890625,8432593480.0,-0.1432079638968977,0.2804683683148419,0.068630202208972,-0.0498883881970919,0.0467500344119035,-0.0467500344119035
SOL-USD_2025-02-03,SOL-USD,2025-02-03,203.1215057373047,218.647689819336,180.4093017578125,216.1495819091797,15260840772.0,-0.0425530433672959,0.4162740786746335,0.1868605176536688,0.0641491571892525,0.0470857120844905,-0.0470857120844905
SOL-USD_2025-02-04,SOL-USD,2025-02-04,216.1505126953125,219.99588012695312,202.84884643554688,207.09197998046875,7328632702.0,-0.1157485083934953,0.425370925708995,0.1548112086577498,-0.0419043231483866,0.0471398356910328,-0.0471398356910328
SOL-USD_2025-02-05,SOL-USD,2025-02-05,207.0771026611328,209.3187561035156,195.3905792236328,195.98814392089844,3826498437.0,-0.1446021800582623,0.3960705445948114,0.1257341822682745,-0.0536178951044725,0.047537016056062,-0.047537016056062
SOL-USD_2025-02-06,SOL-USD,2025-02-06,195.98638916015625,203.8878173828125,188.16552734375,189.77249145507807,3936545265.0,-0.189001951636022,0.3873760451673367,0.0991870467656573,-0.0317144309929738,0.0475980455316292,-0.0475980455316292
SOL-USD_2025-02-07,SOL-USD,2025-02-07,189.75770568847656,203.1505279541016,188.48074340820312,192.20465087890625,4593806344.0,-0.1891846346329884,0.3424711961221527,0.0766432807445821,0.0128161853447759,0.0475968727474532,-0.0475968727474532
SOL-USD_2025-02-08,SOL-USD,2025-02-08,192.2025451660156,200.8319702148437,190.12876892089844,199.5998992919922,2387525186.0,-0.1632713997952727,0.3986227804272044,0.1176756903159658,0.0384759077330814,0.0478618179044748,-0.0478618179044748
SOL-USD_2025-02-09,SOL-USD,2025-02-09,199.5897979736328,207.274642944336,194.24131774902344,200.49755859375,3380872965.0,-0.1528474991035139,0.3691226244359451,0.1081375626662156,0.0044972933600764,0.0478615962867537,-0.0478615962867537
SOL-USD_2025-02-10,SOL-USD,2025-02-10,200.4982452392578,208.82749938964844,196.3807678222656,200.3563537597656,4106376694.0,-0.0781494121256503,0.3914428918918859,0.1566467398831178,-0.0007042720867764,0.0467489129999866,-0.0467489129999866
SOL-USD_2025-02-11,SOL-USD,2025-02-11,200.35891723632807,205.9241943359375,195.32150268554688,197.9823608398437,3907611299.0,-0.0740899479847945,0.3806838139985569,0.1532969330068812,-0.0118488526835959,0.0467282763445823,-0.0467282763445823
SOL-USD_2025-02-12,SOL-USD,2025-02-12,197.98385620117188,198.44981384277344,189.60842895507807,196.7738037109375,4290836657.0,-0.1348580392965067,0.4124325876053087,0.138787274154401,-0.0061043677011399,0.0460111269373013,-0.0460111269373013
SOL-USD_2025-02-13,SOL-USD,2025-02-13,196.7738037109375,198.26075744628903,189.4277191162109,194.46095275878903,2755407329.0,-0.1434446379162631,0.4001236625335591,0.1283395123086479,-0.0117538559936873,0.0460300024681834,-0.0460300024681834
SOL-USD_2025-02-14,SOL-USD,2025-02-14,194.45455932617188,205.12501525878903,194.3540496826172,199.9356689453125,3732334277.0,-0.1107539855786285,0.3752516740925589,0.1322488442569651,0.0281532930331487,0.0461675029952829,-0.0461675029952829
SOL-USD_2025-02-15,SOL-USD,2025-02-15,199.88677978515625,200.0533905029297,192.81378173828125,194.48208618164065,1869221857.0,-0.1153501888324147,0.3275201454675291,0.1060849783175572,-0.0272766875087383,0.046209622929386,-0.046209622929386
SOL-USD_2025-02-16,SOL-USD,2025-02-16,194.4811553955078,196.0703125,186.97987365722656,188.4864044189453,2160799161.0,-0.1572549011849051,0.2772467051247571,0.0599959019699259,-0.0308289667208503,0.0463008349122043,-0.0463008349122043
SOL-USD_2025-02-17,SOL-USD,2025-02-17,188.48521423339844,189.50650024414065,175.2635498046875,177.6897430419922,4345262539.0,-0.1786360268725708,0.1285820255305028,-0.025027000671034,-0.057280849567036,0.0466680649878312,-0.0466680649878312
SOL-USD_2025-02-18,SOL-USD,2025-02-18,177.68861389160156,178.94607543945312,161.30545043945312,169.08428955078125,6684824301.0,-0.2411508235189865,0.0928361202634655,-0.0741573516277604,-0.0484296580313995,0.0468447665077066,-0.0468447665077066
SOL-USD_2025-02-19,SOL-USD,2025-02-19,169.08543395996094,174.12147521972656,163.9593963623047,169.01080322265625,3717681436.0,-0.1810767772775349,0.0958061095614972,-0.0426353338580188,-0.0004346135783533,0.0459691733704909,-0.0459691733704909
SOL-USD_2025-02-20,SOL-USD,2025-02-20,169.00534057617188,176.588134765625,167.8734588623047,176.04888916015625,3347070717.0,-0.0938604200389074,0.1711917569500536,0.038665668455573,0.0416428169282645,0.0457178706995541,-0.0457178706995541
SOL-USD_2025-02-21,SOL-USD,2025-02-21,176.03500366210938,180.4339599609375,167.30506896972656,168.89163208007812,4684370707.0,-0.1303577642556621,0.0897926185814153,-0.0202825728371234,-0.0406549403078992,0.0459959670300647,-0.0459959670300647
SOL-USD_2025-02-22,SOL-USD,2025-02-22,168.89163208007812,174.46559143066406,168.367431640625,172.16285705566406,2026581266.0,-0.0504055287376327,0.0784486899172014,0.0140215805897843,0.0193687806512221,0.0452978427699844,-0.0452978427699844
SOL-USD_2025-02-23,SOL-USD,2025-02-23,172.16346740722656,173.0360565185547,166.62765502929688,168.03811645507812,1621130854.0,-0.0673301404609761,0.0065790002859082,-0.0303755700875339,-0.0239583651847292,0.0453930895948627,-0.0453930895948627
SOL-USD_2025-02-24,SOL-USD,2025-02-24,168.03811645507812,169.56248474121094,140.56651306152344,141.98948669433594,7062261489.0,-0.2517168718635657,-0.1457576839986895,-0.1987372779311276,-0.1550161969811522,0.0488930701612657,-0.0488930701612657
SOL-USD_2025-02-25,SOL-USD,2025-02-25,141.99234008789062,146.7398681640625,132.48583984375,144.10775756835938,9341433919.0,-0.2684477996026763,-0.1384214346843483,-0.2034346171435123,0.0149185050480777,0.0486617529574464,-0.0486617529574464
SOL-USD_2025-02-26,SOL-USD,2025-02-26,144.09996032714844,144.8746795654297,130.69107055664062,134.83132934570312,4916419994.0,-0.317237404544232,-0.2112013034545258,-0.2642193539993789,-0.0643714702052445,0.049247992763146,-0.049247992763146
SOL-USD_2025-02-27,SOL-USD,2025-02-27,134.83160400390625,142.1814727783203,134.729736328125,137.6208038330078,3723520943.0,-0.2688227266308022,-0.2231701087246279,-0.245996417677715,0.0206886225986289,0.0490532448427616,-0.0490532448427616
SOL-USD_2025-02-28,SOL-USD,2025-02-28,137.6207733154297,148.183837890625,125.74221801757812,148.03001403808594,7544673033.0,-0.1947383925621024,-0.1015246295719345,-0.1481315110670185,0.0756368943877765,0.0499930053416322,-0.0499930053416322
SOL-USD_2025-03-01,SOL-USD,2025-03-01,148.03021240234375,150.7871551513672,138.68467712402344,143.6757049560547,3305410077.0,-0.2632526491527226,-0.1583439598848203,-0.2107983045187714,-0.0294150420124323,0.0494470235226557,-0.0494470235226557
SOL-USD_2025-03-02,SOL-USD,2025-03-02,143.67672729492188,178.50856018066406,140.29757690429688,178.49549865722656,11540413390.0,-0.0592838164290057,0.0110241472843293,-0.0241298345723381,0.2423499067697077,0.0582552177766349,-0.0582552177766349
SOL-USD_2025-03-03,SOL-USD,2025-03-03,178.4952392578125,178.6346435546875,139.79010009765625,142.02108764648438,9241009702.0,-0.2565432622207751,-0.202598669000743,-0.2295709656107591,-0.204343590091231,0.0637125141093917,-0.0637125141093917
SOL-USD_2025-03-04,SOL-USD,2025-03-04,142.03318786621094,146.39646911621094,131.57347106933594,144.9165802001953,8035056091.0,-0.2343170797404019,-0.1920384945926636,-0.2131777871665328,0.0203877649558517,0.0637729686254559,-0.0637729686254559
SOL-USD_2025-03-05,SOL-USD,2025-03-05,144.91880798339844,149.4854736328125,140.59686279296875,146.26730346679688,4501939048.0,-0.2455537900324964,-0.163828346817566,-0.2046910684250312,0.0093206951525877,0.0636998917240087,-0.0636998917240087
SOL-USD_2025-03-06,SOL-USD,2025-03-06,146.27066040039062,152.7792510986328,142.7803955078125,143.355224609375,4204376336.0,-0.3100194246259663,-0.1488735329619935,-0.2294464787939799,-0.0199092947528285,0.0630216873269388,-0.0630216873269388
SOL-USD_2025-03-07,SOL-USD,2025-03-07,143.355224609375,150.02325439453125,135.7171630859375,139.20913696289062,6090751623.0,-0.3606849868282276,-0.1627129019365087,-0.2616989443823682,-0.0289217756644861,0.062743102344337,-0.062743102344337
SOL-USD_2025-03-08,SOL-USD,2025-03-08,139.20913696289062,140.90457153320312,135.48297119140625,136.94207763671875,2270939562.0,-0.3678320161165349,-0.1750991345864492,-0.271465575351492,-0.0162852767830621,0.0627587369439034,-0.0627587369439034
SOL-USD_2025-03-09,SOL-USD,2025-03-09,136.9428253173828,139.72576904296875,125.93571472167967,126.43543243408205,3429886567.0,-0.4075013773720563,-0.2221813520033206,-0.3148413646876885,-0.0767232788048449,0.0633907261511222,-0.0633907261511222
SOL-USD_2025-03-10,SOL-USD,2025-03-10,126.43543243408205,131.24095153808594,115.91789245605467,118.291748046875,5519806938.0,-0.459171289107151,-0.2501177680958054,-0.3546445286014782,-0.0644098274544424,0.0636785298009703,-0.0636785298009703
SOL-USD_2025-03-11,SOL-USD,2025-03-11,118.29167175292967,128.14886474609375,113.189208984375,125.26394653320312,5259428587.0,-0.3805875067775256,-0.2486675521737924,-0.314627529475659,0.058940700441465,0.063625591876539,-0.063625591876539
SOL-USD_2025-03-12,SOL-USD,2025-03-12,125.26190185546876,130.6551055908203,121.36756134033205,126.58324432373048,4112201839.0,-0.3592637575759447,-0.3229205545519772,-0.341092156063961,0.0105321429432823,0.0636175854578412,-0.0636175854578412
SOL-USD_2025-03-13,SOL-USD,2025-03-13,126.58324432373048,128.15863037109375,120.90947723388672,123.28614807128906,2871050068.0,-0.3336794543410971,-0.3720610051275419,-0.3528702297343195,-0.0260468616526311,0.0632375408449292,-0.0632375408449292
SOL-USD_2025-03-14,SOL-USD,2025-03-14,123.2865982055664,135.6434783935547,123.11714935302734,133.31448364257812,3161542602.0,-0.2892895407367445,-0.3332242505897222,-0.3112568956632334,0.0813419490200169,0.0641188898133784,-0.0641188898133784
SOL-USD_2025-03-15,SOL-USD,2025-03-15,133.31324768066406,136.48133850097656,132.55995178222656,135.91253662109375,1844463215.0,-0.2770437241294449,-0.3210989594948893,-0.2990713418121671,0.0194881524312175,0.0641802324923831,-0.0641802324923831
SOL-USD_2025-03-16,SOL-USD,2025-03-16,135.9167938232422,136.468994140625,125.3874053955078,125.98810577392578,2456569508.0,-0.331842105838134,-0.4018048609189698,-0.3668234833785519,-0.07302071680728,0.0647748638347054,-0.0647748638347054
SOL-USD_2025-03-17,SOL-USD,2025-03-17,125.98741912841795,130.52687072753906,125.86190032958984,128.16371154785156,2487364373.0,-0.2990211894245994,-0.4243498666476596,-0.3616855280361295,0.0172683425991793,0.0647442514684795,-0.0647442514684795
SOL-USD_2025-03-18,SOL-USD,2025-03-18,128.16134643554688,128.16134643554688,121.9445343017578,125.3126983642578,2534317858.0,-0.3316606048808309,-0.4095479962935759,-0.3706043005872034,-0.0222450891064379,0.0646776366184901,-0.0646776366184901
SOL-USD_2025-03-19,SOL-USD,2025-03-19,125.31228637695312,135.92552185058594,124.29732513427734,135.572509765625,3539287974.0,-0.3415976724329707,-0.3699710012561749,-0.3557843368445728,0.0818736770917187,0.0642916346280869,-0.0642916346280869
SOL-USD_2025-03-20,SOL-USD,2025-03-20,135.57415771484375,135.77261352539062,126.85357666015624,127.49718475341795,2469659459.0,-0.3963997255513751,-0.3906043818635045,-0.3935020537074398,-0.059564619893572,0.0645394151473217,-0.0645394151473217
SOL-USD_2025-03-21,SOL-USD,2025-03-21,127.49885559082033,129.95623779296875,124.97737121582033,128.43031311035156,2370317364.0,-0.4152200613598632,-0.4111264985236199,-0.4131732799417416,0.0073188153819889,0.064297963276832,-0.064297963276832
SOL-USD_2025-03-22,SOL-USD,2025-03-22,128.429931640625,131.57618713378906,127.93255615234376,128.4849853515625,1442831196.0,-0.5093553765854308,-0.4047455126298709,-0.4570504446076509,0.0004256957714021,0.059057985638563,-0.059057985638563
SOL-USD_2025-03-23,SOL-USD,2025-03-23,128.48448181152344,133.9619598388672,128.34225463867188,132.5993194580078,1711242607.0,-0.4708438362463819,-0.4418645771447838,-0.4563542066955828,0.0320219058685153,0.0591275407505889,-0.0591275407505889
SOL-USD_2025-03-24,SOL-USD,2025-03-24,132.5993194580078,144.88308715820312,132.16180419921875,140.86927795410156,4207560020.0,-0.4184968220491782,-0.4125410527264254,-0.4155189373878018,0.0623680312229106,0.0597018444695226,-0.0597018444695226
SOL-USD_2025-03-25,SOL-USD,2025-03-25,140.87472534179688,147.05799865722656,138.3466796875,143.81707763671875,3585353324.0,-0.4256822722254511,-0.3959741375923715,-0.4108282049089113,0.0209257811598753,0.0595836235626263,-0.0595836235626263
SOL-USD_2025-03-26,SOL-USD,2025-03-26,143.81707763671875,145.3684844970703,136.1363525390625,137.28857421875,3083070981.0,-0.4662961431242092,-0.4168446193706868,-0.441570381247448,-0.0453944936529702,0.0596127537000672,-0.0596127537000672
SOL-USD_2025-03-27,SOL-USD,2025-03-27,137.29095458984375,140.1745147705078,135.92221069335938,138.34738159179688,2660348034.0,-0.4541544956063776,-0.4618213137358603,-0.457987904671119,0.0077122759783332,0.0596400035815003,-0.0596400035815003
SOL-USD_2025-03-28,SOL-USD,2025-03-28,138.3472442626953,138.95281982421875,127.98094177246094,129.42315673828125,3532896573.0,-0.4891753518264355,-0.4954630268092572,-0.4923191893178464,-0.0645059180075207,0.0600568607735945,-0.0600568607735945
SOL-USD_2025-03-29,SOL-USD,2025-03-29,129.4245147705078,130.38050842285156,123.07389068603516,124.587646484375,2253256988.0,-0.5134693414470877,-0.5117627843033397,-0.5126160628752137,-0.0373620175536638,0.0601099855815113,-0.0601099855815113
SOL-USD_2025-03-30,SOL-USD,2025-03-30,124.58648681640624,126.6233901977539,123.3007583618164,124.64263153076172,1639017444.0,-0.4825604258514439,-0.507184621438096,-0.4948725236447699,0.0004413362635726,0.0597832493269598,-0.0597832493269598
SOL-USD_2025-03-31,SOL-USD,2025-03-31,124.64402770996094,127.6968994140625,123.07923889160156,124.69412994384766,3206702485.0,-0.469554725322003,-0.4681342152426996,-0.4688444702823513,0.0004131685319339,0.0597607337172728,-0.0597607337172728
SOL-USD_2025-04-01,SOL-USD,2025-04-01,124.6953353881836,130.0324249267578,123.94904327392578,126.68238067626952,2993289339.0,-0.442428827755253,-0.4515396547634014,-0.4469842412593272,0.0159450226992818,0.0597486541318305,-0.0597486541318305
SOL-USD_2025-04-02,SOL-USD,2025-04-02,126.67960357666016,135.69578552246094,117.74427795410156,117.75762939453124,5399672438.0,-0.4833943932761031,-0.5140051480151979,-0.4986997706456505,-0.0704498228885123,0.0602546922470079,-0.0602546922470079
SOL-USD_2025-04-03,SOL-USD,2025-04-03,117.74919891357422,120.78982543945312,112.47826385498048,117.06145477294922,4633002432.0,-0.5102505512262314,-0.5076569579636943,-0.5089537545949628,-0.005911927958821,0.0598092020677108,-0.0598092020677108
SOL-USD_2025-04-04,SOL-USD,2025-04-04,117.06481170654295,123.90060424804688,113.60323333740234,122.78688049316406,5182517335.0,-0.4699188873815578,-0.4958442503912598,-0.4828815688864088,0.0489095725943249,0.0601927438305336,-0.0601927438305336
SOL-USD_2025-04-05,SOL-USD,2025-04-05,122.78643035888672,122.7869110107422,117.18880462646484,120.25899505615234,1667996329.0,-0.4374769772775856,-0.4941654695716657,-0.4658212234246257,-0.0205875857979179,0.0595683518678926,-0.0595683518678926
SOL-USD_2025-04-06,SOL-USD,2025-04-06,120.25850677490234,120.93267822265624,104.0041275024414,105.7120132446289,3822458629.0,-0.4795578654123066,-0.5540893238327653,-0.5168235946225359,-0.1209637732689437,0.0610419739980897,-0.0610419739980897
SOL-USD_2025-04-07,SOL-USD,2025-04-07,105.7120132446289,111.47198486328124,96.58806610107422,106.90277862548828,8644174246.0,-0.5054222280642393,-0.5264680174419224,-0.5159451227530809,0.0112642389858172,0.060387335005886,-0.060387335005886
SOL-USD_2025-04-08,SOL-USD,2025-04-08,106.90526580810548,112.29893493652344,103.14452362060548,105.51219177246094,5353641480.0,-0.4905056594542579,-0.5494788694073551,-0.5199922644308066,-0.0130079579867514,0.060245343790475,-0.060245343790475
SOL-USD_2025-04-09,SOL-USD,2025-04-09,105.50959014892578,120.47077178955078,101.43473815917967,119.05754089355467,7096350476.0,-0.3925268206958133,-0.4803687667501224,-0.4364477937229679,0.1283770993053061,0.0623893652209196,-0.0623893652209196
SOL-USD_2025-04-10,SOL-USD,2025-04-10,119.06228637695312,119.08255767822266,108.60169219970705,112.80392456054688,4310698523.0,-0.4055833714590335,-0.5179292743381806,-0.4617563228986071,-0.0525259994963187,0.0625827158834542,-0.0625827158834542
SOL-USD_2025-04-11,SOL-USD,2025-04-11,112.80731964111328,122.39859008789062,112.1864242553711,121.53237915039062,3953610468.0,-0.3676928284791658,-0.4873156296991531,-0.4275042290891594,0.077377224452495,0.063423602067011,-0.063423602067011
SOL-USD_2025-04-12,SOL-USD,2025-04-12,121.53269958496094,133.75885009765625,119.65934753417967,132.26055908203125,4089397536.0,-0.3373716141582369,-0.4455598782587037,-0.3914657462084703,0.0882742525624797,0.0642820833147559,-0.0642820833147559
SOL-USD_2025-04-13,SOL-USD,2025-04-13,132.26258850097656,133.5068359375,125.52386474609376,128.58079528808594,3818650340.0,-0.3586914664202094,-0.4567138719316223,-0.4077026691759158,-0.0278220795336502,0.064338244000817,-0.064338244000817
SOL-USD_2025-04-14,SOL-USD,2025-04-14,128.5781707763672,135.18695068359375,128.23287963867188,129.3103790283203,4425565001.0,-0.3545980618944181,-0.4050358439421246,-0.3798169529182714,0.0056741268289695,0.0643501150264706,-0.0643501150264706
SOL-USD_2025-04-15,SOL-USD,2025-04-15,129.31101989746094,134.1931915283203,126.1368637084961,126.26313018798828,3272094237.0,-0.362250608325012,-0.4095014275815462,-0.3858760179532791,-0.0235653847991942,0.0643874735703538,-0.0643874735703538
SOL-USD_2025-04-16,SOL-USD,2025-04-16,126.26312255859376,133.59011840820312,123.72075653076172,131.44969177246094,4448562334.0,-0.3319756527877983,-0.4220641064551647,-0.3770198796214815,0.0410774038054544,0.0646491720847316,-0.0646491720847316
SOL-USD_2025-04-17,SOL-USD,2025-04-17,131.45022583007812,135.9093475341797,129.73309326171875,134.69874572753906,3504448606.0,-0.3073224016616822,-0.4066832889480289,-0.3570028453048556,0.0247170907079967,0.0647448075476822,-0.0647448075476822
SOL-USD_2025-04-18,SOL-USD,2025-04-18,134.70419311523438,135.868896484375,132.58799743652344,134.07350158691406,2142264993.0,-0.3294167954414048,-0.4036865580083579,-0.3665516767248813,-0.004641796308109,0.0646158959016593,-0.0646158959016593
SOL-USD_2025-04-19,SOL-USD,2025-04-19,134.07350158691406,140.0926055908203,133.69476318359375,139.75025939941406,2522912658.0,-0.2814234866398371,-0.3643114231464701,-0.3228674548931536,0.0423406396141596,0.0648110506445298,-0.0648110506445298
SOL-USD_2025-04-20,SOL-USD,2025-04-20,139.75289916992188,141.8303680419922,135.77146911621094,137.77459716796875,2796023398.0,-0.2690475602593615,-0.3839934139416409,-0.3265204871005012,-0.0141370916943972,0.0647301940778637,-0.0647301940778637
SOL-USD_2025-04-21,SOL-USD,2025-04-21,137.77459716796875,142.66159057617188,134.1223602294922,136.7043914794922,4162691832.0,-0.2306568227340742,-0.3680892312223792,-0.2993730269782267,-0.0077678012527361,0.0643587688839923,-0.0643587688839923
SOL-USD_2025-04-22,SOL-USD,2025-04-22,136.70184326171875,149.94924926757812,135.3777618408203,148.73941040039062,4659792312.0,-0.1203238881887984,-0.3324585069820497,-0.2263911975854241,0.0880368127947366,0.0650673385148206,-0.0650673385148206
SOL-USD_2025-04-23,SOL-USD,2025-04-23,148.74000549316406,153.86874389648438,147.45079040527344,151.15272521972656,4699152180.0,-0.1056623462075575,-0.2676061263542447,-0.1866342362809011,0.0162251202478183,0.0650991655044584,-0.0650991655044584
SOL-USD_2025-04-24,SOL-USD,2025-04-24,151.15394592285156,152.75404357910156,145.66134643554688,152.3036346435547,3903057847.0,-0.1348787523163517,-0.2160793960085226,-0.1754790741624372,0.007614215503922,0.0648916021287389,-0.0648916021287389
SOL-USD_2025-04-25,SOL-USD,2025-04-25,152.32135009765625,156.04518127441406,150.12779235839844,150.91500854492188,4411923686.0,-0.1064388052489944,-0.2229214448223537,-0.164680125035674,-0.0091174849627371,0.0646960049086179,-0.0646960049086179
SOL-USD_2025-04-26,SOL-USD,2025-04-26,150.91726684570312,153.01953125,148.03741455078125,149.28936767578125,2128235815.0,-0.132859606137271,-0.1765682761796809,-0.1547139411584759,-0.0107718966113083,0.0646639972997984,-0.0646639972997984
SOL-USD_2025-04-27,SOL-USD,2025-04-27,149.28970336914062,150.20872497558594,145.7666015625,148.24583435058594,2015737709.0,-0.1177844796289613,-0.1771841745323966,-0.147484327080679,-0.0069900043214169,0.0645987452282876,-0.0645987452282876
SOL-USD_2025-04-28,SOL-USD,2025-04-28,148.2451629638672,153.20770263671875,144.89144897460938,147.8099365234375,3819502747.0,0.0409921182519052,-0.2210431613890913,-0.090025521568593,-0.0029403715056005,0.0614759461526353,-0.0614759461526353
SOL-USD_2025-04-29,SOL-USD,2025-04-29,147.8099365234375,150.044189453125,145.16932678222656,146.42787170410156,2872743502.0,0.0160998559334435,-0.2566699145684857,-0.1202850293175211,-0.0093502835590271,0.0614728082930423,-0.0614728082930423
SOL-USD_2025-04-30,SOL-USD,2025-04-30,146.427490234375,148.20928955078125,140.71209716796875,147.64320373535156,3017472875.0,0.0950214942760017,-0.2523602824882636,-0.0786693941061309,0.0082998681678985,0.0608844126175129,-0.0608844126175129
SOL-USD_2025-05-01,SOL-USD,2025-05-01,147.6449737548828,153.86590576171875,147.61297607421875,150.84658813476562,3224541533.0,0.0961030885839488,-0.1985543323576318,-0.0512256218868414,0.0216967955067954,0.0608892017937447,-0.0608892017937447
SOL-USD_2025-05-02,SOL-USD,2025-05-02,150.8431396484375,151.73170471191406,147.45223999023438,148.05003356933594,2823970426.0,0.0001352396767648,-0.1946294892426014,-0.0972471247829183,-0.0185390640916005,0.0602363939861752,-0.0602363939861752
SOL-USD_2025-05-03,SOL-USD,2025-05-03,148.0498504638672,148.95945739746094,146.1094970703125,146.79605102539062,1567415096.0,0.0217179798789943,-0.247251985011119,-0.1127670025660623,-0.0084699916218393,0.0601191669230749,-0.0601191669230749
SOL-USD_2025-05-04,SOL-USD,2025-05-04,146.79595947265625,147.68251037597656,143.82241821289062,143.98306274414062,1636835620.0,-0.1933518557762726,-0.2411730362812302,-0.2172624460287514,-0.0191625609926213,0.0517027905028759,-0.0517027905028759
SOL-USD_2025-05-05,SOL-USD,2025-05-05,143.98593139648438,147.61659240722656,142.89988708496094,146.69664001464844,2238980623.0,0.0329215361299184,-0.2320675243669451,-0.0995729941185133,0.01884650332331,0.0448039070937637,-0.0448039070937637
SOL-USD_2025-05-06,SOL-USD,2025-05-06,146.69577026367188,147.0896453857422,141.6705322265625,146.7664031982422,2728680947.0,0.0127647436579818,-0.2245433335399931,-0.1058892949410056,0.0004755608825586,0.0447386849061194,-0.0447386849061194
SOL-USD_2025-05-07,SOL-USD,2025-05-07,146.7668914794922,149.33984375,144.88270568847656,147.2137451171875,4316881378.0,0.0064706303319899,-0.2406720475024258,-0.1171007085852179,0.0030479858414262,0.0447272572837412,-0.0447272572837412
SOL-USD_2025-05-08,SOL-USD,2025-05-08,147.21726989746094,163.9750518798828,147.2141876220703,163.96078491210938,6372889923.0,0.1437377699967472,-0.2108431553806302,-0.0335526926919415,0.1137600281929558,0.0468361640243958,-0.0468361640243958
SOL-USD_2025-05-09,SOL-USD,2025-05-09,163.96023559570312,175.86207580566406,161.24777221679688,172.82827758789062,7452318987.0,0.2415009629286182,-0.2062897955325222,0.0176055836980479,0.0540830094253004,0.0470847101500277,-0.0470847101500277
SOL-USD_2025-05-10,SOL-USD,2025-05-10,172.82769775390625,178.5718536376953,168.92941284179688,177.62181091308594,4012477696.0,0.297057953102499,-0.1800414888071791,0.0585082321476599,0.0277358161065834,0.0470975973276878,-0.0470975973276878
SOL-USD_2025-05-11,SOL-USD,2025-05-11,177.62289428710938,179.62252807617188,169.7177276611328,173.02645874023438,4025374577.0,0.3684965947377359,-0.1891676525468602,0.0896644710954378,-0.025871553438334,0.0460956813743021,-0.0460956813743021
SOL-USD_2025-05-12,SOL-USD,2025-05-12,173.03668212890625,180.9514923095703,169.07826232910156,174.24789428710938,6940951587.0,0.4730350777981644,-0.2033403377744712,0.1348473700118466,0.0070592414349111,0.0452050818176836,-0.0452050818176836
SOL-USD_2025-05-13,SOL-USD,2025-05-13,174.24620056152344,184.701400756836,166.80731201171875,184.0062561035156,5170161208.0,0.4689482584259943,-0.0901150968335432,0.1894165807962255,0.0560027531829296,0.0451522888477112,-0.0451522888477112
SOL-USD_2025-05-14,SOL-USD,2025-05-14,184.0063018798828,184.7181854248047,173.7317352294922,176.709228515625,4610872279.0,0.3959922536327143,-0.105537168954286,0.1452275423392141,-0.0396564102895802,0.0455321763736468,-0.0455321763736468
SOL-USD_2025-05-15,SOL-USD,2025-05-15,176.7086639404297,178.10504150390625,167.28016662597656,169.00999450683594,4347587992.0,0.3708757808631306,-0.0865573016647043,0.1421592395992131,-0.0435700731278348,0.0457858925245328,-0.0457858925245328
SOL-USD_2025-05-16,SOL-USD,2025-05-16,169.0146942138672,173.95809936523438,166.75723266601562,167.33395385742188,3495576096.0,0.2551821023892004,-0.1079289515519529,0.0736265754186237,-0.009916813821009,0.044798047397559,-0.044798047397559
SOL-USD_2025-05-17,SOL-USD,2025-05-17,167.33395385742188,169.76828002929688,164.22494506835938,165.9308319091797,2783616834.0,0.2208648005133844,-0.1173681304793954,0.0517483350169944,-0.0083851598309673,0.0447861921932727,-0.0447861921932727
SOL-USD_2025-05-18,SOL-USD,2025-05-18,165.93197631835938,176.4924774169922,165.51353454589844,173.89871215820312,3866092629.0,0.3802788056060513,-0.0777558198900052,0.151261492858023,0.0480192870568174,0.0440118472776594,-0.0440118472776594
SOL-USD_2025-05-19,SOL-USD,2025-05-19,173.83578491210938,173.83853149414062,159.64749145507812,166.86422729492188,4498613127.0,0.3019615714907022,-0.0873525262015681,0.107304522644567,-0.0404516213833813,0.0443742636023531,-0.0443742636023531
SOL-USD_2025-05-20,SOL-USD,2025-05-20,166.8642120361328,172.86056518554688,164.77964782714844,168.4836883544922,3787047019.0,0.3445061079504117,-0.1014136010783934,0.1215462534360091,0.0097052620913649,0.0442384403003197,-0.0442384403003197
SOL-USD_2025-05-21,SOL-USD,2025-05-21,168.48411560058594,175.5224151611328,166.30487060546875,173.68173217773438,5254974027.0,0.2810984504011309,-0.1565217984133808,0.062288325993875,0.0308519113868483,0.0432773087806198,-0.0432773087806198
SOL-USD_2025-05-22,SOL-USD,2025-05-22,173.6822052001953,180.54624938964844,172.7552490234375,179.69094848632812,4913432701.0,0.4093718918880753,-0.1493027392561801,0.1300345763159476,0.0345990118433658,0.0426380339248406,-0.0426380339248406
SOL-USD_2025-05-23,SOL-USD,2025-05-23,179.69146728515625,187.27975463867188,173.5706329345703,173.82542419433594,7488253558.0,0.3534610325599643,-0.2085231404277679,0.0724689460660981,-0.0326422913418951,0.0429196404355112,-0.0429196404355112
SOL-USD_2025-05-24,SOL-USD,2025-05-24,173.8404083251953,178.1427459716797,172.79171752929688,176.0424041748047,3002798120.0,0.3701398937246627,-0.3277482278181851,0.0211958329532387,0.0127540605221834,0.0429232549648523,-0.0429232549648523
SOL-USD_2025-05-25,SOL-USD,2025-05-25,176.03448486328125,176.72129821777344,169.3577880859375,175.72547912597656,3395309315.0,0.3252366591641984,-0.2987428533710117,0.0132469028965933,-0.0018002767589644,0.0428027077874015,-0.0428027077874015
SOL-USD_2025-05-26,SOL-USD,2025-05-26,175.7256622314453,178.97799682617188,173.7002410888672,174.90789794921875,2872898398.0,0.2416326717185826,-0.2779866555480749,-0.0181769919147461,-0.0046526046241233,0.0421917507666675,-0.0421917507666675
SOL-USD_2025-05-27,SOL-USD,2025-05-27,174.90769958496094,179.2212677001953,171.57545471191406,176.815185546875,3737068836.0,0.2294449897911936,-0.2939079470393181,-0.0322314786240622,0.0109045252959931,0.0421469517597365,-0.0421469517597365
SOL-USD_2025-05-28,SOL-USD,2025-05-28,176.8146514892578,177.37599182128906,169.10569763183594,172.18955993652344,3454599629.0,0.2542162442605284,-0.3306199530818869,-0.0382018544106792,-0.0261607938031164,0.0418509191815414,-0.0418509191815414
SOL-USD_2025-05-29,SOL-USD,2025-05-29,172.1905975341797,175.1842803955078,166.25851440429688,166.5881805419922,3480369993.0,0.2041296237432355,-0.342731258172571,-0.0693008172146677,-0.032530307857202,0.0421067013087219,-0.0421067013087219
SOL-USD_2025-05-30,SOL-USD,2025-05-30,166.5934295654297,167.3471221923828,156.03465270996094,156.23471069335938,4458908034.0,0.2071619533225903,-0.383351919905475,-0.0880949832914423,-0.0621500866084733,0.0420460512442573,-0.0420460512442573
SOL-USD_2025-05-31,SOL-USD,2025-05-31,156.23594665527344,157.9366912841797,152.441650390625,156.63894653320312,2817151487.0,0.2572590537926871,-0.3883049245866324,-0.0655229353969726,0.0025873625524686,0.0417144020801839,-0.0417144020801839
SOL-USD_2025-06-01,SOL-USD,2025-06-01,156.6378936767578,157.82785034179688,150.84341430664062,157.7845458984375,2554572841.0,0.2658954962732505,-0.3449755734917942,-0.0395400386092718,0.0073136304258247,0.0417126406942801,-0.0417126406942801
SOL-USD_2025-06-02,SOL-USD,2025-06-02,157.7837371826172,158.89463806152344,151.99745178222656,156.99806213378906,3070599881.0,0.2590653802587863,-0.3321347185310713,-0.0365346691361425,-0.004984542435193,0.041726909515267,-0.041726909515267
SOL-USD_2025-06-03,SOL-USD,2025-06-03,156.9980926513672,163.39369201660156,154.70765686035156,155.34317016601562,3739800274.0,0.2262413236690532,-0.3162831877068959,-0.0450209320189213,-0.0105408432771813,0.0417432551618626,-0.0417432551618626
SOL-USD_2025-06-04,SOL-USD,2025-06-04,155.3417205810547,157.85304260253906,153.17564392089844,153.35964965820312,2694510572.0,0.302333024592335,-0.327207457673909,-0.012437216540787,-0.0127686367266273,0.0407015723916573,-0.0407015723916573
SOL-USD_2025-06-05,SOL-USD,2025-06-05,153.3593292236328,154.5604248046875,141.90293884277344,144.54295349121094,4691163987.0,0.2347612950100821,-0.3952763364016276,-0.0802575206957727,-0.0574903254320299,0.041436797902652,-0.041436797902652
SOL-USD_2025-06-06,SOL-USD,2025-06-06,144.54290771484375,152.02252197265625,144.44039916992188,147.9131317138672,2780168622.0,0.2046330285433222,-0.3614467839328322,-0.078406877694755,0.0233161018317034,0.0411154664748237,-0.0411154664748237
SOL-USD_2025-06-07,SOL-USD,2025-06-07,147.90805053710938,152.82553100585938,147.18727111816406,150.13406372070312,1895979261.0,0.2484227366992486,-0.2977334685165498,-0.0246553659086505,0.0150151104307103,0.0410197096716444,-0.0410197096716444
SOL-USD_2025-06-08,SOL-USD,2025-06-08,150.13389587402344,155.04188537597656,148.22442626953125,152.4300994873047,1928262265.0,0.4419373428691131,-0.249555051335492,0.0961911457668105,0.015293236655959,0.0377695110914812,-0.0377695110914812
SOL-USD_2025-06-09,SOL-USD,2025-06-09,152.4300994873047,161.4990997314453,149.8399200439453,161.08865356445312,3689102023.0,0.5068705943443605,-0.2547352988536507,0.1260676477453549,0.0568034404377566,0.0382941461031998,-0.0382941461031998
SOL-USD_2025-06-10,SOL-USD,2025-06-10,161.09471130371094,165.53392028808594,156.84259033203125,165.02816772460938,4891108456.0,0.5640672888351688,-0.203116568105759,0.1804753603647048,0.0244555657582674,0.0382656742546486,-0.0382656742546486
SOL-USD_2025-06-11,SOL-USD,2025-06-11,165.02816772460938,168.0181121826172,159.42578125,161.0558624267578,5292694830.0,0.3527565009154054,-0.1782367075645118,0.0872598966754468,-0.0240704684092496,0.0352181698940524,-0.0352181698940524
SOL-USD_2025-06-12,SOL-USD,2025-06-12,161.0558624267578,161.20278930664062,152.23741149902344,152.7896728515625,3655760294.0,0.354471251304324,-0.1948797653440195,0.0797957429801522,-0.0513249840809394,0.0351866167260341,-0.0351866167260341
SOL-USD_2025-06-13,SOL-USD,2025-06-13,152.78704833984375,152.78704833984375,141.43714904785156,148.62835693359375,6346327306.0,0.2229527470179211,-0.2267182076294639,-0.0018827303057714,-0.0272355836641625,0.0341905878289675,-0.0341905878289675
SOL-USD_2025-06-14,SOL-USD,2025-06-14,148.63223266601562,148.64666748046875,142.22569274902344,144.7637481689453,2159011897.0,0.0945345246813849,-0.2747303546622924,-0.0900979149904537,-0.026001826598777,0.0326304858393309,-0.0326304858393309
SOL-USD_2025-06-15,SOL-USD,2025-06-15,144.76339721679688,153.21786499023438,144.36363220214844,152.81439208984375,3600058127.0,0.1884698002330933,-0.2378241752086484,-0.0246771874877775,0.0556122925989936,0.0330925470403596,-0.0330925470403596
SOL-USD_2025-06-16,SOL-USD,2025-06-16,152.81439208984375,158.60787963867188,150.8699951171875,150.8699951171875,4629439778.0,0.1667276536568298,-0.2469917110885038,-0.0401320287158369,-0.0127239126241007,0.0331521504554098,-0.0331521504554098
SOL-USD_2025-06-17,SOL-USD,2025-06-17,150.8648681640625,154.14801025390625,145.87115478515625,147.7498016357422,4505742897.0,0.170173758687617,-0.253722397242938,-0.0417743192776604,-0.0206813387845722,0.0331168733942085,-0.0331168733942085
SOL-USD_2025-06-18,SOL-USD,2025-06-18,147.74905395507812,149.15914916992188,143.96722412109375,146.35311889648438,3507323344.0,0.1133774216056833,-0.2562367747310591,-0.0714296765626879,-0.0094530261549937,0.0327907740834853,-0.0327907740834853
SOL-USD_2025-06-19,SOL-USD,2025-06-19,146.3552703857422,147.78707885742188,143.11187744140625,147.07147216796875,2754965137.0,0.091854800678371,-0.2436966389319432,-0.0759209191267861,0.0049083564252052,0.0326663652844499,-0.0326663652844499
SOL-USD_2025-06-20,SOL-USD,2025-06-20,147.07290649414062,148.71890258789062,136.5124053955078,140.16859436035156,4112242022.0,0.0454608308226089,-0.2989315258264835,-0.1267353475019372,-0.0469355321318432,0.0332328890528966,-0.0332328890528966
SOL-USD_2025-06-21,SOL-USD,2025-06-21,140.1680450439453,142.49974060058594,132.41424560546875,135.1610107421875,3335622844.0,-0.0328389276481428,-0.3050207687717262,-0.1689298482099345,-0.0357254322269248,0.0331309194626764,-0.0331309194626764
SOL-USD_2025-06-22,SOL-USD,2025-06-22,135.19635009765625,137.55213928222656,126.82627868652344,131.61569213867188,4990284543.0,-0.0447027620177921,-0.3017231532194117,-0.1732129576186019,-0.0262303350947717,0.0332489768877136,-0.0332489768877136
SOL-USD_2025-06-23,SOL-USD,2025-06-23,131.61585998535156,146.59849548339844,131.16085815429688,144.8467254638672,5742740781.0,0.0595616124416638,-0.184833502575123,-0.0626359450667295,0.1005277798581565,0.0355694215798894,-0.0355694215798894
SOL-USD_2025-06-24,SOL-USD,2025-06-24,144.8467254638672,146.5894775390625,142.56668090820312,145.95452880859375,3709899362.0,-0.018723225971518,-0.1367942628119859,-0.077758744391752,0.0076481076198227,0.0338145969012407,-0.0338145969012407
SOL-USD_2025-06-25,SOL-USD,2025-06-25,145.95350646972656,147.77401733398438,142.55795288085938,143.505126953125,3095794422.0,-0.0505951728986987,-0.1509115144310027,-0.1007533436648507,-0.0167819517178594,0.0338188205284099,-0.0338188205284099
SOL-USD_2025-06-26,SOL-USD,2025-06-26,143.5052947998047,147.7301483154297,138.8082275390625,139.0598602294922,3480832173.0,-0.0869563910609073,-0.210106573845031,-0.1485314824529692,-0.0309763617371303,0.0340225500546661,-0.0340225500546661
SOL-USD_2025-06-27,SOL-USD,2025-06-27,139.05978393554688,144.4037322998047,137.79420471191406,142.1914825439453,3327165986.0,-0.057804230905105,-0.158090422878223,-0.107947326891664,0.0225199587378053,0.0341323822562451,-0.0341323822562451
SOL-USD_2025-06-28,SOL-USD,2025-06-28,142.19203186035156,152.43739318847656,141.3493194580078,150.8275604248047,2847495210.0,0.0103034313358738,-0.1239250846305437,-0.0568108266473349,0.0607355498821129,0.0349602346747328,-0.0349602346747328
SOL-USD_2025-06-29,SOL-USD,2025-06-29,150.82598876953125,154.42337036132812,149.532470703125,153.35308837890625,2462940245.0,0.0344512481628467,-0.0873910538035437,-0.0264699028203485,0.016744472608245,0.035003310377732,-0.035003310377732
SOL-USD_2025-06-30,SOL-USD,2025-06-30,153.35308837890625,159.63160705566406,149.61244201660156,154.7353057861328,4752163067.0,0.0468532050387369,0.089765935412071,0.0683095702254039,0.0090133001026453,0.0350132911053558,-0.0350132911053558
SOL-USD_2025-07-01,SOL-USD,2025-07-01,154.7350311279297,155.34742736816406,145.212890625,146.9266357421875,3599415509.0,0.0034062097077653,0.0195609051267831,0.0114835574172742,-0.0504646952049718,0.0355937166534571,-0.0355937166534571
SOL-USD_2025-07-02,SOL-USD,2025-07-02,146.92874145507812,154.4098358154297,146.232177734375,152.22763061523438,3941952132.0,0.0310507139095974,0.1290226934196259,0.0800367036646116,0.0360791958943955,0.0358608712905526,-0.0358608712905526
SOL-USD_2025-07-03,SOL-USD,2025-07-03,152.2285614013672,156.1884765625,150.15145874023438,152.40179443359375,3748228101.0,0.0103098539917834,0.1074037513871923,0.0588568026894879,0.0011441012229875,0.0357638992773532,-0.0357638992773532
SOL-USD_2025-07-04,SOL-USD,2025-07-04,152.4020233154297,153.55760192871094,145.45196533203125,147.76364135742188,3575641174.0,-0.001934428551007,-0.0017994504857341,-0.0018669395183705,-0.0304337169612058,0.0358986822953357,-0.0358986822953357
SOL-USD_2025-07-05,SOL-USD,2025-07-05,147.76290893554688,148.59071350097656,146.07684326171875,147.64144897460938,1579874806.0,0.0057589965350806,0.0276020501849472,0.0166805233600139,-0.0008269448538895,0.0358804725477281,-0.0358804725477281
SOL-USD_2025-07-06,SOL-USD,2025-07-06,147.64146423339844,153.38705444335938,146.8997344970703,151.87294006347656,2921512526.0,0.0547972599621411,-0.1491497477192663,-0.0471762438785626,0.0286605903576231,0.0359589771063515,-0.0359589771063515
SOL-USD_2025-07-07,SOL-USD,2025-07-07,151.8733367919922,153.27696228027344,147.78939819335938,148.87234497070312,3661294298.0,0.0148313209889294,0.0482411269886395,0.0315362239887845,-0.0197572727012416,0.0359870477688274,-0.0359870477688274
SOL-USD_2025-07-08,SOL-USD,2025-07-08,148.87196350097656,152.79660034179688,147.9498748779297,151.81039428710938,3885408944.0,0.0343674776989262,0.0475709133999062,0.0409691955494162,0.0197353599621503,0.0360654500442155,-0.0360654500442155
SOL-USD_2025-07-09,SOL-USD,2025-07-09,151.81039428710938,157.88002014160156,150.69989013671875,157.28150939941406,4759358090.0,0.0683887518397976,0.0753019005038091,0.0718453261718033,0.0360391338023766,0.0363317531683165,-0.0363317531683165
SOL-USD_2025-07-10,SOL-USD,2025-07-10,157.28150939941406,165.0765838623047,156.0460662841797,164.06277465820312,5703252463.0,0.0006220374350391,0.1444492177055534,0.0725356275702963,0.0431154640153417,0.0338204093236419,-0.0338204093236419
SOL-USD_2025-07-11,SOL-USD,2025-07-11,164.06253051757812,167.92196655273438,160.06564331054688,162.8833770751953,7095844188.0,-0.0575420912103802,0.1700624012820049,0.0562601550358123,-0.0071886970427318,0.0331306239352059,-0.0331306239352059
SOL-USD_2025-07-12,SOL-USD,2025-07-12,162.8833770751953,163.84532165527344,157.99803161621094,160.68484497070312,3795297694.0,-0.0953540888662058,0.1733781737777442,0.0390120424557691,-0.0134975842469009,0.0329726509502854,-0.0329726509502854
SOL-USD_2025-07-13,SOL-USD,2025-07-13,160.68484497070312,163.9575958251953,159.9158477783203,161.1940155029297,3865898680.0,-0.0683851667742261,0.2749117268766352,0.1032632800512045,0.0031687526743384,0.0328228283027917,-0.0328228283027917
SOL-USD_2025-07-14,SOL-USD,2025-07-14,161.1940155029297,168.33612060546875,160.7777862548828,162.2752227783203,7130680773.0,-0.0687105663903266,0.3718220032898336,0.1515557184497534,0.0067074901758432,0.0328215346351893,-0.0328215346351893
SOL-USD_2025-07-15,SOL-USD,2025-07-15,162.27561950683594,164.12208557128906,157.60275268554688,163.950439453125,6533486768.0,-0.1089952976332928,0.3088398057909458,0.0999222540788264,0.0103233053458391,0.0320462589105346,-0.0320462589105346
SOL-USD_2025-07-16,SOL-USD,2025-07-16,163.950439453125,175.83580017089844,161.69142150878906,173.70848083496094,8415349750.0,-0.0169812731676247,0.3722865278338889,0.177652627333132,0.0595182386481243,0.0325648003573372,-0.0325648003573372
SOL-USD_2025-07-17,SOL-USD,2025-07-17,173.70848083496094,178.0684356689453,169.03152465820312,175.7930450439453,7913250794.0,0.0401340202211237,0.4258945371729403,0.233014278697032,0.0120003594468418,0.0321082498835502,-0.0321082498835502
SOL-USD_2025-07-18,SOL-USD,2025-07-18,175.79193115234375,184.36900329589844,173.91468811035156,177.38197326660156,8439352014.0,0.0600477020804826,0.3305529033302208,0.1953003027053517,0.0090386296127873,0.0320918956531707,-0.0320918956531707
SOL-USD_2025-07-19,SOL-USD,2025-07-19,177.3819122314453,178.369384765625,174.31314086914062,177.07012939453125,4074891432.0,0.0671321740341091,0.302824108773567,0.184978141403838,-0.001758035872121,0.0320700632382707,-0.0320700632382707
SOL-USD_2025-07-20,SOL-USD,2025-07-20,177.07049560546875,183.3197631835937,176.52830505371094,181.5460357666016,6503778374.0,0.043975734572671,0.4409775799976663,0.2424766572851686,0.0252775913553298,0.0316637998118428,-0.0316637998118428
SOL-USD_2025-07-21,SOL-USD,2025-07-21,181.5452575683593,198.91555786132807,178.56219482421875,195.9942626953125,11211509986.0,0.174573279561623,0.5292492728890388,0.3519112762253309,0.0795843702546377,0.0327128449339135,-0.0327128449339135
SOL-USD_2025-07-22,SOL-USD,2025-07-22,195.98789978027344,205.87147521972656,194.2823028564453,205.70054626464844,14508715185.0,0.2208929438430349,0.6414980201505196,0.4311954819967772,0.0495233045899157,0.0332236202138114,-0.0332236202138114
SOL-USD_2025-07-23,SOL-USD,2025-07-23,205.71124267578125,205.756088256836,184.32736206054688,189.54293823242188,10671351702.0,0.091323398585501,0.3980927148143813,0.2447080566999412,-0.0785491741545433,0.0346121527418545,-0.0346121527418545
SOL-USD_2025-07-24,SOL-USD,2025-07-24,189.539306640625,191.88336181640625,179.94815063476562,182.60606384277344,8921891799.0,0.0162229393355732,0.4322360465914374,0.2242294929635053,-0.0365979046982076,0.034691947897864,-0.034691947897864
SOL-USD_2025-07-25,SOL-USD,2025-07-25,182.6039428710937,186.78858947753903,176.41354370117188,186.7796630859375,8613557362.0,0.0745244198404417,0.4543269307881408,0.2644256753142913,0.0228557538305933,0.0345321967318345,-0.0345321967318345
SOL-USD_2025-07-26,SOL-USD,2025-07-26,186.77980041503903,189.6469573974609,184.5326690673828,184.91387939453125,3756183776.0,0.0503939676426905,0.4391866791949828,0.2447903234188366,-0.0099892229195627,0.0345339110455738,-0.0345339110455738
SOL-USD_2025-07-27,SOL-USD,2025-07-27,184.91197204589844,190.44314575195312,184.74012756347656,188.7334899902344,4713357652.0,0.0740246145804073,0.4233367920866548,0.2486807033335311,0.0206561595495686,0.0346165269716888,-0.0346165269716888
SOL-USD_2025-07-28,SOL-USD,2025-07-28,188.7321014404297,194.65802001953125,182.36875915527344,182.54156494140625,7456216270.0,0.0436439239262014,0.2958223935873545,0.1697331587567779,-0.0328077706248559,0.0348808581522952,-0.0348808581522952
SOL-USD_2025-07-29,SOL-USD,2025-07-29,182.55848693847656,186.4884490966797,178.57058715820312,181.33531188964844,5430304723.0,0.0255641297368947,0.260874681014591,0.1432194053757428,-0.0066081007476023,0.0348726430343829,-0.0348726430343829
SOL-USD_2025-07-30,SOL-USD,2025-07-30,181.33531188964844,182.3795166015625,172.34226989746094,177.6940155029297,6074764559.0,0.0319674175858015,0.2943102986837005,0.163138858134751,-0.0200804595021991,0.0348046226607057,-0.0348046226607057
SOL-USD_2025-07-31,SOL-USD,2025-07-31,177.69378662109375,182.48248291015625,171.85279846191406,172.42434692382812,5443530167.0,0.0350334961510958,0.2463144942820645,0.1406739952165802,-0.029655858494653,0.0347616939377573,-0.0347616939377573
SOL-USD_2025-08-01,SOL-USD,2025-08-01,172.4171142578125,172.4171142578125,159.78857421875,162.87709045410156,8200357157.0,0.042515390666157,0.2584849153654216,0.1505001530157893,-0.0553706981644781,0.0345725995495936,-0.0345725995495936
SOL-USD_2025-08-02,SOL-USD,2025-08-02,162.87709045410156,165.1070098876953,156.0843505859375,158.48301696777344,4455060056.0,0.0117727453828311,0.2720604445132477,0.1419165949480394,-0.0269778485978441,0.0347542611881789,-0.0347542611881789
SOL-USD_2025-08-03,SOL-USD,2025-08-03,158.48341369628906,162.8240509033203,156.87167358398438,161.95497131347656,3702562222.0,0.0264311399528536,0.2993545573009359,0.1628928486268948,0.0219074220830179,0.0348470559207711,-0.0348470559207711
SOL-USD_2025-08-04,SOL-USD,2025-08-04,161.9629669189453,169.71173095703125,161.43699645996094,169.42568969726562,4977909460.0,0.0791578405145287,0.358730276826676,0.2189440586706024,0.0461283671825603,0.0352974105891547,-0.0352974105891547
SOL-USD_2025-08-05,SOL-USD,2025-08-05,169.4277801513672,171.56015014648438,161.64089965820312,164.096435546875,4979304041.0,0.0563479255090824,0.2953374784313158,0.1758427019701991,-0.0314548175067964,0.0355132085423451,-0.0355132085423451
SOL-USD_2025-08-06,SOL-USD,2025-08-06,164.09857177734375,169.86183166503906,161.40118408203125,168.1757354736328,3851544154.0,0.0966100656101569,0.4281515035444747,0.2623807845773158,0.024859162316128,0.0355859402138601,-0.0355859402138601
SOL-USD_2025-08-07,SOL-USD,2025-08-07,168.17543029785156,175.48870849609375,166.89454650878906,175.4854278564453,5177005321.0,0.2140711367650023,0.4990880490663167,0.3565795929156595,0.0434646077939022,0.0351301331652252,-0.0351301331652252
SOL-USD_2025-08-08,SOL-USD,2025-08-08,175.48545837402344,179.35963439941406,173.70159912109375,176.76329040527344,6565011386.0,0.1950479876743862,0.4395942766467986,0.3173211321605924,0.0072818727140893,0.0350435991019469,-0.0350435991019469
SOL-USD_2025-08-09,SOL-USD,2025-08-09,176.76312255859375,183.1424865722656,176.7598419189453,180.18234252929688,5297615193.0,0.2001429793074345,0.4982857826573772,0.3492143809824058,0.019342546272953,0.0350709009395571,-0.0350709009395571
SOL-USD_2025-08-10,SOL-USD,2025-08-10,180.18289184570312,185.916748046875,177.99513244628906,182.90301513671875,6719478867.0,0.1999140310995599,0.7302008496750658,0.4650574403873129,0.0150995517609029,0.0350698589478939,-0.0350698589478939
SOL-USD_2025-08-11,SOL-USD,2025-08-11,182.9030303955078,186.6573028564453,173.68667602539062,174.97781372070312,7353962794.0,0.0862205987133215,0.6367938791722301,0.3615072389427758,-0.0433300752865751,0.03488357710744,-0.03488357710744
SOL-USD_2025-08-12,SOL-USD,2025-08-12,174.9778289794922,193.4408416748047,173.8356170654297,191.85682678222656,8611505118.0,0.162570180760823,0.8183379907031927,0.4904540857320079,0.0964637327590882,0.0367633436770852,-0.0367633436770852
SOL-USD_2025-08-13,SOL-USD,2025-08-13,191.85682678222656,204.4700164794922,191.4954528808593,201.5904235839844,11831412257.0,0.2516801347461672,0.6932184393445484,0.4724492870453578,0.0507336484450786,0.0370798998469613,-0.0370798998469613
SOL-USD_2025-08-14,SOL-USD,2025-08-14,201.58673095703125,209.66685485839844,187.7833709716797,192.58595275878903,14664456934.0,0.2604644617957212,0.7072628767930818,0.4838636692944015,-0.0446671556372022,0.036928164926569,-0.036928164926569
SOL-USD_2025-08-15,SOL-USD,2025-08-15,192.5877685546875,198.1383209228516,183.7640075683593,185.7412567138672,7685764515.0,0.2497026849113002,0.5283273314679464,0.3890150081896233,-0.0355409932389758,0.0370573192414284,-0.0370573192414284
SOL-USD_2025-08-16,SOL-USD,2025-08-16,185.7395477294922,189.98114013671875,185.4577789306641,189.7669982910156,3716008732.0,0.3108737559734196,0.4347965834116687,0.3728351696925441,0.021673922360448,0.0369168977770755,-0.0369168977770755
SOL-USD_2025-08-17,SOL-USD,2025-08-17,189.765853881836,195.4407958984375,187.7236785888672,191.16482543945312,4221788171.0,0.2509608736791107,0.4867292196408286,0.3688450466599696,0.0073660181223602,0.0363453818123392,-0.0363453818123392
SOL-USD_2025-08-18,SOL-USD,2025-08-18,191.1644897460937,191.35415649414065,180.4141082763672,183.0698699951172,6328028844.0,0.2134279573146309,0.4157399535192994,0.3145839554169651,-0.0423454232530859,0.0367571544143928,-0.0367571544143928
SOL-USD_2025-08-19,SOL-USD,2025-08-19,183.06968688964844,185.7837371826172,175.99241638183594,176.11227416992188,5990636025.0,0.1919628467867837,0.3948036446404832,0.2933832457136335,-0.0380051388324079,0.0370066948679585,-0.0370066948679585
SOL-USD_2025-08-20,SOL-USD,2025-08-20,176.11387634277344,187.6895446777344,176.10101318359375,187.5863037109375,6283111574.0,0.281737657013086,0.4270577677401397,0.3543977123766129,0.0651517879437801,0.0377726311531798,-0.0377726311531798
SOL-USD_2025-08-21,SOL-USD,2025-08-21,187.5863037109375,189.4005279541016,179.7133331298828,180.28062438964844,5379108039.0,0.2258028136398326,0.338398686757706,0.2821007501987693,-0.0389456968699953,0.038169639520829,-0.038169639520829
SOL-USD_2025-08-22,SOL-USD,2025-08-22,180.2796936035156,201.9373474121093,177.47476196289062,200.6474456787109,10256417346.0,0.4314721967096115,0.4965481120714956,0.4640101543905536,0.1129728796869637,0.0400042798097559,-0.0400042798097559
SOL-USD_2025-08-23,SOL-USD,2025-08-23,200.6461639404297,207.8390045166016,195.3718414306641,203.93673706054688,7845395369.0,0.5088429417677665,0.4592941575706437,0.4840685496692051,0.016393387768828,0.0396546923180175,-0.0396546923180175
SOL-USD_2025-08-24,SOL-USD,2025-08-24,203.9371490478516,211.7602386474609,201.7071990966797,205.8523712158203,11456987571.0,0.5640412466845655,0.4941242830480143,0.5290827648662899,0.0093932764782085,0.0394219960967859,-0.0394219960967859
SOL-USD_2025-08-25,SOL-USD,2025-08-25,205.85543823242188,213.00613403320312,186.02505493164065,187.2784423828125,13048248034.0,0.2929421896356927,0.3699519112442502,0.3314470504399714,-0.0902293654588728,0.0395166018109402,-0.0395166018109402
SOL-USD_2025-08-26,SOL-USD,2025-08-26,187.26841735839844,197.8465270996093,186.17344665527344,195.90509033203125,8032115173.0,0.3422337212224717,0.3171027759534319,0.3296682485879518,0.0460632192336647,0.0398554228957131,-0.0398554228957131
SOL-USD_2025-08-27,SOL-USD,2025-08-27,195.906005859375,211.85757446289065,194.0631103515625,202.92337036132807,12883119559.0,0.4140496208725117,0.3425055358171276,0.3782775783448197,0.0358248987680811,0.0399329536891812,-0.0399329536891812
SOL-USD_2025-08-28,SOL-USD,2025-08-28,202.9257049560547,216.08740234375,202.00714111328125,214.4056396484375,12079041801.0,0.5418226315962151,0.4077512998965773,0.4747869657463962,0.0565842626537493,0.0401380918708721,-0.0401380918708721
SOL-USD_2025-08-29,SOL-USD,2025-08-29,214.40133666992188,217.83670043945312,200.4359436035156,205.22000122070312,14055051455.0,0.4432650785343517,0.3598382506774775,0.4015516646059146,-0.0428423358769672,0.0405906094284628,-0.0405906094284628
SOL-USD_2025-08-30,SOL-USD,2025-08-30,205.2144775390625,206.80039978027344,197.89419555664065,202.86013793945312,5828701739.0,0.3449805683264986,0.3588384832603353,0.3519095257934169,-0.0114991875412382,0.0400547611161642,-0.0400547611161642
SOL-USD_2025-08-31,SOL-USD,2025-08-31,202.8571929931641,206.5069580078125,200.6566925048828,200.8635406494141,5028997406.0,0.3098108604967808,0.3549354794981474,0.3323731699974641,-0.0098422356916416,0.0400744264191187,-0.0400744264191187
SOL-USD_2025-09-01,SOL-USD,2025-09-01,200.8618621826172,204.2178497314453,194.3780212402344,197.1083374023437,7253329838.0,0.273842038834865,0.3335256210673576,0.3036838299511113,-0.0186952954972784,0.0401824396202543,-0.0401824396202543
SOL-USD_2025-09-02,SOL-USD,2025-09-02,197.10958862304688,209.4815368652344,197.0936584472656,209.4815368652344,8625200488.0,0.4257560299196676,0.4306124539496851,0.4281842419346764,0.0627735976364822,0.0402105247151509,-0.0402105247151509
SOL-USD_2025-09-03,SOL-USD,2025-09-03,209.4827880859375,212.82351684570312,207.5840759277344,210.74630737304688,6966454259.0,0.3844156052439811,0.4274026981343941,0.4059091516891876,0.0060376228222258,0.0400310380508406,-0.0400310380508406
SOL-USD_2025-09-04,SOL-USD,2025-09-04,210.74630737304688,211.7950134277344,202.12701416015625,202.5601806640625,5241887525.0,0.3291193940129382,0.3428224209028592,0.3359709074578987,-0.0388435119505744,0.0404236927887354,-0.0404236927887354
SOL-USD_2025-09-05,SOL-USD,2025-09-05,202.54673767089844,209.8600616455078,201.1800079345703,203.4985198974609,7780086538.0,0.3771893953616323,0.3745253208751007,0.3758573581183665,0.0046323972970512,0.0401639840466424,-0.0401639840466424
SOL-USD_2025-09-06,SOL-USD,2025-09-06,203.4985198974609,204.5575408935547,199.6403961181641,200.24630737304688,3057210360.0,0.3563014232370762,0.3641123584340235,0.3602068908355499,-0.0159815045635357,0.0402500907217762,-0.0402500907217762
SOL-USD_2025-09-07,SOL-USD,2025-09-07,200.2473602294922,207.86734008789065,200.2285003662109,206.4681854248047,4153166545.0,0.3594797423326998,0.4339755071865694,0.3967276247596346,0.031071125022879,0.0402734668705841,-0.0402734668705841
SOL-USD_2025-09-08,SOL-USD,2025-09-08,206.46453857421875,216.8997802734375,205.7173614501953,214.1864013671875,10019366594.0,0.4387252475222154,0.4600634434830943,0.4493943455026549,0.0373821076913265,0.0403347740233299,-0.0403347740233299
SOL-USD_2025-09-09,SOL-USD,2025-09-09,214.18653869628903,219.52349853515625,211.1582489013672,217.2506866455078,8798692220.0,0.4310659534592562,0.4802480807004596,0.4556570170798579,0.0143066285196467,0.0403120187661011,-0.0403120187661011
SOL-USD_2025-09-10,SOL-USD,2025-09-10,217.2503967285156,225.5124664306641,215.27252197265625,223.9869079589844,9070263027.0,0.4241146897323637,0.5215081158398809,0.4728114027861223,0.0310066744436496,0.0402574877482523,-0.0402574877482523
SOL-USD_2025-09-11,SOL-USD,2025-09-11,223.9856872558593,228.9088287353516,222.025146484375,228.7561798095703,9580815361.0,0.3943210474536036,0.3951883673415828,0.3947547073975932,0.0212926366725827,0.0400298826643933,-0.0400298826643933
SOL-USD_2025-09-12,SOL-USD,2025-09-12,228.75624084472656,243.7889099121093,228.2635498046875,242.30328369140625,13008621197.0,0.4875875490937706,0.4019886506603909,0.4447880998770808,0.0592207121709817,0.040546103754546,-0.040546103754546
SOL-USD_2025-09-13,SOL-USD,2025-09-13,242.3009796142578,244.14328002929688,236.47329711914065,242.5959014892578,7478581447.0,0.5097621778425285,0.3658001809696956,0.437781179406112,0.0012076509793579,0.040467711872523,-0.040467711872523
SOL-USD_2025-09-14,SOL-USD,2025-09-14,242.59559631347656,249.12413024902344,240.21392822265625,240.5576934814453,9358190854.0,0.4923487868386353,0.3902942661653612,0.4413215265019983,-0.0084016588709877,0.0405132692353546,-0.0405132692353546
SOL-USD_2025-09-15,SOL-USD,2025-09-15,240.548095703125,244.0004119873047,230.4840087890625,234.3575592041016,10017744936.0,0.4441980432481116,0.3449663777167322,0.3945822104824219,-0.0257740011870456,0.0407254575175074,-0.0407254575175074
SOL-USD_2025-09-16,SOL-USD,2025-09-16,234.3592224121093,240.6835174560547,231.8729705810547,236.9895782470703,7521208086.0,0.445495230373127,0.2879430475111026,0.3667191389421148,0.0112307836449025,0.0407269343418389,-0.0407269343418389
SOL-USD_2025-09-17,SOL-USD,2025-09-17,236.9775238037109,246.4639434814453,232.7739715576172,244.85745239257807,10420751509.0,0.4095883587008928,0.3856517537278889,0.3976200562143909,0.0331992410961852,0.0403089863655656,-0.0403089863655656
SOL-USD_2025-09-18,SOL-USD,2025-09-18,244.851303100586,253.2098999023437,242.9065856933593,247.6371307373047,9258651570.0,0.4086855977459152,0.4652218140110555,0.4369537058784853,0.0113522309309581,0.0403075796450791,-0.0403075796450791
SOL-USD_2025-09-19,SOL-USD,2025-09-19,247.63824462890625,248.5066070556641,235.87193298339844,238.55270385742188,7513642552.0,0.3448531407353437,0.4256084814722209,0.3852308111037823,-0.0366844295636733,0.0406665412752118,-0.0406665412752118
SOL-USD_2025-09-20,SOL-USD,2025-09-20,238.5497589111328,240.9989624023437,237.17776489257807,239.5924835205078,3518711912.0,0.353093739411406,0.4439298638100359,0.398511801610721,0.0043586999697449,0.0406561822950691,-0.0406561822950691
SOL-USD_2025-09-21,SOL-USD,2025-09-21,239.5933074951172,241.8089294433593,235.71669006347656,236.5754547119141,3513052984.0,0.3031155084876609,0.3604209702064453,0.3317682393470531,-0.0125923349692039,0.0406407821264199,-0.0406407821264199
SOL-USD_2025-09-22,SOL-USD,2025-09-22,236.57421875,236.8692626953125,216.9177703857422,220.49644470214844,12102727916.0,0.1250147921162692,0.321412313931344,0.2232135530238066,-0.0679656730633598,0.0405256597381439,-0.0405256597381439
SOL-USD_2025-09-23,SOL-USD,2025-09-23,220.50390625,221.3500518798828,212.8028564453125,213.71730041503903,7373425460.0,0.0389729356385688,0.2684747259650124,0.1537238308017906,-0.0307449142604853,0.0402901341481494,-0.0402901341481494
SOL-USD_2025-09-24,SOL-USD,2025-09-24,213.71072387695312,216.38018798828125,206.0406036376953,211.7562561035156,8377116522.0,0.1171941201199235,0.2192200840490137,0.1682071020844686,-0.00917588004207,0.0389970484710348,-0.0389970484710348
SOL-USD_2025-09-25,SOL-USD,2025-09-25,211.75344848632807,212.4007568359375,192.0831451416016,192.3807678222656,12314273479.0,0.053528912314261,0.0706202479470077,0.0620745801306343,-0.0914990122973199,0.0404704779245755,-0.0404704779245755
SOL-USD_2025-09-26,SOL-USD,2025-09-26,192.39796447753903,205.415283203125,191.12664794921875,205.35255432128903,10334548744.0,0.0994374383618312,0.1813723756066081,0.1404049069842197,0.0674276677750222,0.041229979015923,-0.041229979015923
SOL-USD_2025-09-27,SOL-USD,2025-09-27,205.34518432617188,205.39913940429688,200.2690887451172,203.5833282470703,4016294139.0,0.1009629396866744,0.1564448304450463,0.1287038850658604,-0.0086155542601658,0.0412237172963698,-0.0412237172963698
SOL-USD_2025-09-28,SOL-USD,2025-09-28,203.583236694336,210.896224975586,198.3204345703125,210.7377471923828,4467879569.0,0.1165890441769872,0.1992441178168942,0.1579165809969407,0.0351424598807512,0.0413675674312957,-0.0413675674312957
SOL-USD_2025-09-29,SOL-USD,2025-09-29,210.7397308349609,214.6881103515625,205.1308135986328,213.05340576171875,6886600486.0,0.1671500999244004,0.2180891100959594,0.1926196050101799,0.0109883426210395,0.0411304324841389,-0.0411304324841389
SOL-USD_2025-09-30,SOL-USD,2025-09-30,213.0449676513672,213.50680541992188,204.56564331054688,208.7431182861328,6873718512.0,0.1511443419975662,0.1805723453022845,0.1658583436499253,-0.0202310188855023,0.0412189985572359,-0.0412189985572359
SOL-USD_2025-10-01,SOL-USD,2025-10-01,208.7422332763672,221.6758728027344,206.62066650390625,221.6758728027344,8264703260.0,0.2475145669668295,0.2873943860734285,0.267454476520129,0.0619553574881166,0.0417680335138314,-0.0417680335138314
SOL-USD_2025-10-02,SOL-USD,2025-10-02,221.6947326660156,234.860580444336,219.8598480224609,234.8568725585937,9665302715.0,0.3620864845864626,0.4098051362016821,0.3859458103940724,0.0594606873053291,0.0421047512665596,-0.0421047512665596
SOL-USD_2025-10-03,SOL-USD,2025-10-03,234.8539886474609,236.7911834716797,227.6767425537109,233.00196838378903,9289248668.0,0.4305386210803448,0.4913585294186011,0.4609485752494729,-0.0078980195665421,0.0414117011060627,-0.0414117011060627
SOL-USD_2025-10-04,SOL-USD,2025-10-04,233.0009765625,233.90084838867188,224.4738311767578,228.00320434570312,4553115834.0,0.4386601713423097,0.4555971512319432,0.4471286612871264,-0.0214537416690497,0.0413453834471752,-0.0413453834471752
SOL-USD_2025-10-05,SOL-USD,2025-10-05,228.00250244140625,236.77723693847656,226.89816284179688,228.6011962890625,7132874650.0,0.4115108319002258,0.4488186722431495,0.4301647520716877,0.0026227348210978,0.0413017924526803,-0.0413017924526803
SOL-USD_2025-10-06,SOL-USD,2025-10-06,228.60110473632807,237.32254028320312,227.998046875,232.5160369873047,7521265450.0,0.372377691970861,0.4810121464375876,0.4266949192042243,0.0171251977758328,0.0410115439182977,-0.0410115439182977
SOL-USD_2025-10-07,SOL-USD,2025-10-07,232.5147705078125,235.08648681640625,220.45469665527344,220.4827117919922,9339230314.0,0.3436167035390001,0.4193267174627746,0.3814717105008873,-0.0517526676922053,0.0413874294037786,-0.0413874294037786
SOL-USD_2025-10-08,SOL-USD,2025-10-08,220.4855499267578,229.5643310546875,218.18418884277344,229.1012115478516,7198664384.0,0.3622726899492043,0.493881943904122,0.4280773169266632,0.039089231467682,0.0415331494791146,-0.0415331494791146
SOL-USD_2025-10-09,SOL-USD,2025-10-09,229.0968780517578,229.31578063964844,217.19894409179688,220.99107360839844,7901186012.0,0.2593129601004746,0.5288955170120833,0.3941042385562789,-0.0353998038013833,0.041567001099026,-0.041567001099026
SOL-USD_2025-10-10,SOL-USD,2025-10-10,220.99305725097656,224.25440979003903,174.06973266601562,188.6638641357422,16784427014.0,0.0673249162944622,0.27550449341243,0.1714147048534461,-0.1462828744383624,0.0456991824576896,-0.0456991824576896
SOL-USD_2025-10-11,SOL-USD,2025-10-11,188.638900756836,190.879135131836,173.75479125976562,178.05416870117188,12850012618.0,-0.0118112229991624,0.1859678229479553,0.0870782999743964,-0.0562359701640411,0.0462275294399494,-0.0462275294399494
SOL-USD_2025-10-12,SOL-USD,2025-10-12,178.0561981201172,198.8739776611328,173.52139282226562,197.508544921875,11797041281.0,0.0798539585268112,0.2957319163747232,0.1877929374507672,0.1092609982827943,0.0481760006807596,-0.0481760006807596
SOL-USD_2025-10-13,SOL-USD,2025-10-13,197.5121917724609,209.2491912841797,191.9441680908203,208.36729431152344,11469454798.0,0.1908212240216698,0.2934945429173488,0.2421578834695092,0.0549786308938868,0.0482639421113241,-0.0482639421113241
SOL-USD_2025-10-14,SOL-USD,2025-10-14,208.36355590820312,211.10504150390625,191.6710205078125,202.46034240722656,13600198608.0,0.0552678567807016,0.2268229430086268,0.1410453998946642,-0.0283487479348154,0.0469480653582339,-0.0469480653582339
SOL-USD_2025-10-15,SOL-USD,2025-10-15,202.4618682861328,208.33116149902344,192.70005798339844,194.02186584472656,9867608882.0,-0.0375442325319819,0.2046867647115948,0.0835712660898064,-0.0416796517390399,0.0468428135414593,-0.0468428135414593
SOL-USD_2025-10-16,SOL-USD,2025-10-16,194.02186584472656,197.95574951171875,182.2513427734375,184.6889495849609,10042886154.0,-0.0410050840193885,0.2087790106363343,0.0838869633084729,-0.048102394125179,0.0468981841187092,-0.0468981841187092
SOL-USD_2025-10-17,SOL-USD,2025-10-17,184.6862030029297,187.42857360839844,174.74417114257812,182.0347900390625,10401735741.0,-0.0199549994458929,0.2247648685263643,0.1024049345402356,-0.0143709710400266,0.0467117800433932,-0.0467117800433932
SOL-USD_2025-10-18,SOL-USD,2025-10-18,182.03616333007807,188.26788330078125,182.02398681640625,187.6602935791016,4108902789.0,-0.0111015336222122,0.296321046897005,0.1426097566373964,0.0309034527896119,0.0467928208454015,-0.0467928208454015
SOL-USD_2025-10-19,SOL-USD,2025-10-19,187.6602935791016,192.2006072998047,183.458251953125,187.79820251464844,4863227045.0,-0.0176111003531399,0.2289300761948962,0.1056594879208781,0.0007348860694855,0.0467855221696204,-0.0467855221696204
SOL-USD_2025-10-20,SOL-USD,2025-10-20,187.79830932617188,194.3411560058593,184.046630859375,189.75067138671875,6103945646.0,0.0364931782153981,0.2577098000124602,0.1471014891139291,0.0103966323741464,0.046471770062306,-0.046471770062306
SOL-USD_2025-10-21,SOL-USD,2025-10-21,189.7620391845703,197.37448120117188,183.3132476806641,185.6662750244141,8186574439.0,0.0542494888531961,0.2566262219569675,0.1554378554050818,-0.0215250693578865,0.0462910290142218,-0.0462910290142218
SOL-USD_2025-10-22,SOL-USD,2025-10-22,185.6673278808593,187.32662963867188,177.6731414794922,180.14813232421875,7337365275.0,-0.0396519961189738,0.2309142004116604,0.0956311021463433,-0.0297207594619417,0.045740181938031,-0.045740181938031
SOL-USD_2025-10-23,SOL-USD,2025-10-23,180.14813232421875,193.17556762695312,179.80087280273438,191.3882751464844,6358339771.0,0.0616131145232141,0.3013283427795019,0.181470728651358,0.0623938903903615,0.0461146526220509,-0.0461146526220509
SOL-USD_2025-10-24,SOL-USD,2025-10-24,191.3885955810547,195.3123321533203,189.10888671875,193.5602264404297,5855077941.0,-0.0353217516141706,0.3809100913348433,0.1727941698603363,0.0113484030946144,0.0438944028677841,-0.0438944028677841
SOL-USD_2025-10-25,SOL-USD,2025-10-25,193.56082153320312,195.08335876464844,191.60333251953125,194.0403747558593,3170047006.0,-0.0485266286365533,0.4356238806617174,0.193548626012582,0.002480614557337,0.0438475791102663,-0.0438475791102663
SOL-USD_2025-10-26,SOL-USD,2025-10-26,194.0375823974609,200.6212158203125,192.1607666015625,200.02862548828125,4753310567.0,-0.0282908848372376,0.5197931358939227,0.2457511255283425,0.0308608491400634,0.0440035326861495,-0.0440035326861495
SOL-USD_2025-10-27,SOL-USD,2025-10-27,200.0274810791016,205.02005004882807,197.5985412597656,198.74171447753903,6714497027.0,0.0612097791335464,0.3720828954957373,0.2166463373146419,-0.0064336342241055,0.0424556465974752,-0.0424556465974752
SOL-USD_2025-10-28,SOL-USD,2025-10-28,198.74099731445312,203.83175659179688,191.3851928710937,194.4427947998047,8093133805.0,-0.0074643059542157,0.3322148780652016,0.1623752860554929,-0.0216306862856423,0.0421741312302462,-0.0421741312302462
SOL-USD_2025-10-29,SOL-USD,2025-10-29,194.43362426757807,201.6774444580078,190.6092071533203,194.410873413086,8057327834.0,-0.0419493177798329,0.3547312039700785,0.1563909430951228,-0.0001641685244833,0.0419346898600551,-0.0419346898600551
SOL-USD_2025-10-30,SOL-USD,2025-10-30,194.40017700195312,198.0394744873047,179.2217254638672,184.6244201660156,8688393422.0,-0.1389012879104038,0.3276614823380928,0.0943800972138445,-0.0503390220683596,0.0417792045322836,-0.0417792045322836
SOL-USD_2025-10-31,SOL-USD,2025-10-31,184.6289520263672,189.85353088378903,184.02078247070312,187.20947265625,5699604751.0,-0.0877620527108552,0.3166011726362832,0.1144195599627139,0.0140016823771735,0.0414847262574999,-0.0414847262574999
SOL-USD_2025-11-01,SOL-USD,2025-11-01,187.20925903320312,187.34556579589844,184.0620880126953,186.3800506591797,2742470897.0,-0.0812386674270733,0.2357161392403461,0.0772387359066364,-0.0044304488726021,0.0414643194707799,-0.0414643194707799
SOL-USD_2025-11-02,SOL-USD,2025-11-02,186.3796539306641,188.1415252685547,182.82925415039065,187.8259735107422,3213989849.0,-0.0649075840071323,0.2247942020356317,0.0799433090142496,0.0077579271303374,0.0414595503225531,-0.0414595503225531
SOL-USD_2025-11-03,SOL-USD,2025-11-03,187.8260498046875,188.7412109375,163.5452880859375,166.0906982421875,10083921329.0,-0.1573634051655664,0.0733859179607627,-0.0419887436024018,-0.1157202854445027,0.0438883732195416,-0.0438883732195416
SOL-USD_2025-11-04,SOL-USD,2025-11-04,166.0955352783203,168.20030212402344,146.7495574951172,155.40318298339844,11720472283.0,-0.2581533183835011,0.0576923795906192,-0.1002304693964409,-0.064347464198175,0.0437963400501055,-0.0437963400501055
SOL-USD_2025-11-05,SOL-USD,2025-11-05,155.3994598388672,163.65786743164062,147.89247131347656,162.56607055664062,7278004532.0,-0.2286172290132766,0.0679143457703639,-0.0803514416214563,0.0460922835409838,0.0442295142417977,-0.0442295142417977
SOL-USD_2025-11-06,SOL-USD,2025-11-06,162.56338500976562,162.779296875,153.79432678222656,155.06591796875,5543550041.0,-0.2344698871200146,0.0174809197297023,-0.1084944836951561,-0.0461360267995002,0.0443339133858717,-0.0443339133858717
SOL-USD_2025-11-07,SOL-USD,2025-11-07,155.06640625,164.09254455566406,150.44387817382812,161.7081756591797,6565811742.0,-0.2053594505716237,0.0943705377971007,-0.0554944563872615,0.0428350586475636,0.0447031067402378,-0.0447031067402378
SOL-USD_2025-11-08,SOL-USD,2025-11-08,161.70852661132812,164.70510864257812,156.08547973632812,158.10250854492188,3777278818.0,-0.2104598051319549,0.0708544900024079,-0.0698026575647735,-0.0222973705538377,0.0447405815347661,-0.0447405815347661
SOL-USD_2025-11-09,SOL-USD,2025-11-09,158.1029815673828,166.2310333251953,155.38453674316406,164.45384216308594,4538025398.0,-0.2034906403389702,0.0828383390375604,-0.0603261506507049,0.040172250754386,0.0448660242283594,-0.0448660242283594
SOL-USD_2025-11-10,SOL-USD,2025-11-10,164.45126342773438,170.15528869628906,163.8563995361328,167.36700439453125,5424364139.0,-0.2185918278368759,0.1242316659112727,-0.0471800809628015,0.0177141633976321,0.0446512930466247,-0.0446512930466247
SOL-USD_2025-11-11,SOL-USD,2025-11-11,167.36734008789062,171.6073455810547,154.26486206054688,154.56832885742188,6202061657.0,-0.288525476056911,0.0181669679685871,-0.1351792540441619,-0.0764707212357059,0.0455427073588339,-0.0455427073588339
SOL-USD_2025-11-12,SOL-USD,2025-11-12,154.56333923339844,161.01406860351562,151.46876525878906,153.2620391845703,5979682267.0,-0.3157544760935981,-0.0255558980212757,-0.1706551870574369,-0.0084512117230465,0.0453194534465872,-0.0453194534465872
SOL-USD_2025-11-13,SOL-USD,2025-11-13,153.2600555419922,156.98609924316406,141.3976593017578,145.1084747314453,7354986019.0,-0.3656631490688388,-0.1155307775712428,-0.2405969633200408,-0.0532001563890575,0.0455940779901367,-0.0455940779901367
SOL-USD_2025-11-14,SOL-USD,2025-11-14,145.1084747314453,145.46722412109375,136.0413360595703,138.67660522460938,8170562276.0,-0.4276734383788798,-0.148614132916773,-0.2881437856478264,-0.0443245614616203,0.0450626067113107,-0.0450626067113107
SOL-USD_2025-11-15,SOL-USD,2025-11-15,138.67660522460938,143.59059143066406,138.67660522460938,139.5352020263672,3449336899.0,-0.4248245697071439,-0.1316218897195441,-0.278223229713344,0.0061913601098553,0.0450830416919802,-0.0450830416919802
SOL-USD_2025-11-16,SOL-USD,2025-11-16,139.5326690673828,143.15945434570312,134.96566772460938,137.26573181152344,4722106857.0,-0.4293854009615743,-0.148443995372591,-0.2889146981670826,-0.0162644994373168,0.0450958426222707,-0.0450958426222707
SOL-USD_2025-11-17,SOL-USD,2025-11-17,137.26535034179688,142.46754455566406,129.01918029785156,130.8482666015625,7330608944.0,-0.441672515083642,-0.1936645387921562,-0.3176685269378991,-0.0467521290657788,0.0453073256229691,-0.0453073256229691
SOL-USD_2025-11-18,SOL-USD,2025-11-18,130.84869384765625,141.83172607421875,129.3094024658203,140.71438598632812,7400753648.0,-0.4062423038719946,-0.1417260822496318,-0.2739841930608132,0.0754012234247496,0.0464574134562271,-0.0464574134562271
SOL-USD_2025-11-19,SOL-USD,2025-11-19,140.71438598632812,142.47825622558594,130.64390563964844,136.76695251464844,6005404886.0,-0.4414425569724093,-0.2126639306425709,-0.3270532438074901,-0.028052806712053,0.046239612741172,-0.046239612741172
SOL-USD_2025-11-20,SOL-USD,2025-11-20,136.76776123046875,144.3306121826172,131.38912963867188,133.51715087890625,8497498957.0,-0.4608354955439124,-0.2404867277568961,-0.3506611116504043,-0.0237616001233493,0.0462125986243425,-0.0462125986243425
SOL-USD_2025-11-21,SOL-USD,2025-11-21,133.5139617919922,134.7876434326172,122.27206420898438,128.50050354003906,10081815694.0,-0.4613328565881978,-0.2755718003717019,-0.3684523284799498,-0.0375730556399982,0.0462214163077271,-0.0462214163077271
SOL-USD_2025-11-22,SOL-USD,2025-11-22,128.49856567382812,129.64389038085938,125.40487670898438,127.55120086669922,3490973210.0,-0.4676327112082314,-0.2796571544684341,-0.3736449328383328,-0.0073875404935207,0.0461915620353396,-0.0461915620353396
SOL-USD_2025-11-23,SOL-USD,2025-11-23,127.55113220214844,133.32691955566406,127.55113220214844,130.70506286621094,3820042054.0,-0.4475121562151285,-0.2800445225130258,-0.3637783393640771,0.0247262430936086,0.0463821949333151,-0.0463821949333151
SOL-USD_2025-11-24,SOL-USD,2025-11-24,130.70603942871094,139.48390197753906,128.54151916503906,138.37135314941406,6046925667.0,-0.3724554001932811,-0.2940030425047568,-0.333229221349019,0.058653353704059,0.0464980888324966,-0.0464980888324966
SOL-USD_2025-11-25,SOL-USD,2025-11-25,138.37889099121094,140.3466339111328,133.5081329345703,138.89114379882812,4512057787.0,-0.3501174517500385,-0.3247896210244636,-0.337453536387251,0.0037564903253695,0.0464084676496148,-0.0464084676496148
SOL-USD_2025-11-26,SOL-USD,2025-11-26,138.88987731933594,144.47103881835938,135.63246154785156,143.01219177246094,5361639551.0,-0.3246377018370101,-0.245489211541629,-0.2850634566893196,0.0296710636900059,0.0466196606745931,-0.0466196606745931
SOL-USD_2025-11-27,SOL-USD,2025-11-27,143.0125274658203,144.1732177734375,140.6957550048828,140.84640502929688,3419017564.0,-0.2678768952652256,-0.2286871417886333,-0.2482820185269295,-0.0151440706999996,0.0453120583818041,-0.0453120583818041
SOL-USD_2025-11-28,SOL-USD,2025-11-28,140.8464813232422,143.30421447753906,136.28543090820312,137.39019775390625,4865188881.0,-0.3309545225381064,-0.2644263541117274,-0.2976904383249169,-0.0245388391323989,0.0444499507364821,-0.0444499507364821
SOL-USD_2025-11-29,SOL-USD,2025-11-29,137.39064025878906,137.8857879638672,135.1206817626953,136.0817108154297,2428334173.0,-0.3315675110179952,-0.2640806019482913,-0.2978240564831432,-0.0095238740453691,0.0444511676744393,-0.0444511676744393
SOL-USD_2025-11-30,SOL-USD,2025-11-30,136.0821075439453,139.93711853027344,133.5648193359375,133.5648193359375,3123775023.0,-0.3662036293194025,-0.2923099162589082,-0.3292567727891554,-0.0184954426602256,0.0441752329195911,-0.0441752329195911
SOL-USD_2025-12-01,SOL-USD,2025-12-01,133.5648193359375,133.60720825195312,123.31387329101562,126.70902252197266,6212210725.0,-0.4052710771322501,-0.3058620782469746,-0.3555665776896123,-0.0513293608904705,0.0444799818062332,-0.0444799818062332
SOL-USD_2025-12-02,SOL-USD,2025-12-02,126.7086181640625,140.66482543945312,126.1412582397461,138.67420959472656,6173683503.0,-0.3356705086457504,-0.2352608648054345,-0.2854656867255924,0.0944304267731133,0.046249862649327,-0.046249862649327
SOL-USD_2025-12-03,SOL-USD,2025-12-03,138.673095703125,145.73007202148438,137.94105529785156,144.89849853515625,5809364566.0,-0.3463497100376865,-0.1845617415699221,-0.2654557258038043,0.0448842575603645,0.0458975099523224,-0.0458975099523224
SOL-USD_2025-12-04,SOL-USD,2025-12-04,144.89154052734375,146.7203826904297,138.0679931640625,139.0145263671875,4304817495.0,-0.4080883184182519,-0.1937650984486552,-0.3009267084334535,-0.0406075440908805,0.0453350433444581,-0.0453350433444581
SOL-USD_2025-12-05,SOL-USD,2025-12-05,139.01397705078125,140.3798828125,131.1352996826172,133.322998046875,4557254539.0,-0.4278031255629905,-0.1814502722563972,-0.3046266989096938,-0.0409419682176172,0.0455332101311186,-0.0455332101311186
SOL-USD_2025-12-06,SOL-USD,2025-12-06,133.32437133789062,134.06983947753906,131.50657653808594,132.34844970703125,2061286212.0,-0.4195325013662447,-0.1649045289569196,-0.2922185151615822,-0.007309679156038,0.0454996046473811,-0.0454996046473811
SOL-USD_2025-12-07,SOL-USD,2025-12-07,132.34986877441406,136.23268127441406,128.2851104736328,132.09356689453125,3824892147.0,-0.4221658983468263,-0.1843809064752092,-0.3032734024110177,-0.0019258466046577,0.0454867856818904,-0.0454867856818904
SOL-USD_2025-12-08,SOL-USD,2025-12-08,132.0959930419922,139.2073516845703,131.67465209960938,133.27822875976562,4710407082.0,-0.4267998436295275,-0.2133528923629543,-0.3200763679962409,0.0089683539712441,0.0454267357182708,-0.0454267357182708
SOL-USD_2025-12-09,SOL-USD,2025-12-09,133.27833557128906,144.74278259277344,131.8707275390625,137.901611328125,5869893316.0,-0.3745468286047563,-0.1596306716319094,-0.2670887501183329,0.0346897059736068,0.0453821690856313,-0.0453821690856313
SOL-USD_2025-12-10,SOL-USD,2025-12-10,137.90609741210938,142.44235229492188,135.8628692626953,136.46902465820312,5949930252.0,-0.4043286644527443,-0.1885332073984048,-0.2964309359255745,-0.0103884694031105,0.0450089462143705,-0.0450089462143705
SOL-USD_2025-12-11,SOL-USD,2025-12-11,136.46376037597656,137.67807006835938,129.38401794433594,136.37156677246094,5833676784.0,-0.3829091621405728,-0.2228895103243626,-0.3028993362324677,-0.0007141392413866,0.0448701062660582,-0.0448701062660582
SOL-USD_2025-12-12,SOL-USD,2025-12-12,136.36993408203125,139.98731994628906,130.67987060546875,132.3242950439453,5282060650.0,-0.2986240600439572,-0.251403983595467,-0.2750140218197121,-0.0296782666966684,0.0412776697759675,-0.0412776697759675
SOL-USD_2025-12-13,SOL-USD,2025-12-13,132.32403564453125,134.24513244628906,131.98580932617188,133.24746704101562,2024059188.0,-0.2516464623490804,-0.2604854328644874,-0.2560659476067839,0.0069765873059344,0.0407718426864329,-0.0407718426864329
SOL-USD_2025-12-14,SOL-USD,2025-12-14,133.24761962890625,133.5909881591797,128.9016571044922,129.48109436035156,2489001258.0,-0.3444278858336578,-0.2920778574176847,-0.3182528716256713,-0.0282659983285439,0.0382242602529453,-0.0382242602529453
SOL-USD_2025-12-15,SOL-USD,2025-12-15,129.48333740234375,134.71762084960938,123.998046875,127.75711822509766,5120043768.0,-0.3868657811811292,-0.2698667590565419,-0.3283662701188355,-0.0133145008062413,0.0374283619959896,-0.0374283619959896
SOL-USD_2025-12-16,SOL-USD,2025-12-16,127.75730895996094,129.9452667236328,125.45384979248048,129.25120544433594,3918682307.0,-0.3615974175112207,-0.3263142750138008,-0.3439558462625108,0.0116947473455515,0.0374006871674086,-0.0374006871674086
SOL-USD_2025-12-17,SOL-USD,2025-12-17,129.25282287597656,133.4417724609375,121.55805206298828,123.11980438232422,5452646038.0,-0.3654333554298691,-0.3892576730906496,-0.3773455142602593,-0.0474378636619547,0.0374951962092837,-0.0374951962092837
SOL-USD_2025-12-18,SOL-USD,2025-12-18,123.12610626220705,128.76417541503906,117.31623077392578,119.57015228271484,5835673225.0,-0.3525863212097051,-0.3791335735038026,-0.3658599473567538,-0.0288308783255262,0.0372279546432715,-0.0372279546432715
SOL-USD_2025-12-19,SOL-USD,2025-12-19,119.57015228271484,127.5052261352539,117.79812622070312,126.1927490234375,5045203467.0,-0.3067657616637015,-0.3205992505055764,-0.313682506084639,0.0553867049116405,0.0380099329441966,-0.0380099329441966
SOL-USD_2025-12-20,SOL-USD,2025-12-20,126.19405364990234,126.76323699951172,125.39103698730467,125.8090362548828,1703857955.0,-0.3295916048332705,-0.3370341661728273,-0.3333128855030489,-0.0030406879279841,0.0377311335069034,-0.0377311335069034
SOL-USD_2025-12-21,SOL-USD,2025-12-21,125.81024169921876,126.45636749267578,123.60157775878906,125.9915008544922,2335972346.0,-0.3291123175438021,-0.3409273878452237,-0.3350198526945129,0.0014503298414887,0.037733185579358,-0.037733185579358
SOL-USD_2025-12-22,SOL-USD,2025-12-22,125.99151611328124,128.38507080078125,124.4066162109375,125.80123138427734,3657779407.0,-0.3370182541916288,-0.3128239431882882,-0.3249210986899585,-0.0015101770272155,0.0376814941444077,-0.0376814941444077
SOL-USD_2025-12-23,SOL-USD,2025-12-23,125.80123138427734,126.73116302490234,122.32801818847656,123.85721588134766,3084149409.0,-0.3329040728314223,-0.2967144597664779,-0.3148092662989501,-0.0154530721324294,0.0376483767997113,-0.0376483767997113
SOL-USD_2025-12-24,SOL-USD,2025-12-24,123.85684204101562,124.10684204101562,120.78385925292967,122.45860290527344,2313559221.0,-0.3202338468606462,-0.3471879317267378,-0.333710889293692,-0.0112921396312836,0.0375301728060763,-0.0375301728060763
SOL-USD_2025-12-25,SOL-USD,2025-12-25,122.45835876464844,124.19391632080078,119.90099334716795,119.9471206665039,2194207451.0,-0.3732786369765911,-0.334664381862485,-0.3539715094195381,-0.0205088264865496,0.0365551017114338,-0.0365551017114338
SOL-USD_2025-12-26,SOL-USD,2025-12-26,119.94737243652344,124.92918395996094,119.57316589355467,122.19595336914062,3779508002.0,-0.3686928579475093,-0.3909917320113392,-0.3798422949794242,0.018748534271942,0.0366259431956786,-0.0366259431956786
SOL-USD_2025-12-27,SOL-USD,2025-12-27,122.19612121582033,124.74816131591795,121.8603973388672,124.64771270751952,1711358748.0,-0.3576197074224851,-0.3887922573238347,-0.3732059823731599,0.0200641614618153,0.0367630763618076,-0.0367630763618076
SOL-USD_2025-12-28,SOL-USD,2025-12-28,124.6484146118164,125.21761322021484,123.07058715820312,125.19935607910156,2003713687.0,-0.3740928040999991,-0.3918002724980044,-0.3829465382990017,0.0044256196892793,0.0364815124322528,-0.0364815124322528
SOL-USD_2025-12-29,SOL-USD,2025-12-29,125.19874572753906,129.30441284179688,122.42872619628906,123.12522888183594,4871847248.0,-0.3804761662366003,-0.3425552492039747,-0.3615157077202875,-0.0165665963645625,0.0365024230711425,-0.0365024230711425
SOL-USD_2025-12-30,SOL-USD,2025-12-30,123.1244888305664,126.19066619873048,122.53900146484376,124.93132019042967,3096711898.0,-0.3574906166152516,-0.3622865032312898,-0.3598885599232707,0.0146687346289284,0.036552792122922,-0.036552792122922
SOL-USD_2025-12-31,SOL-USD,2025-12-31,124.93132019042967,127.11942291259766,123.46351623535156,124.48446655273438,3627228070.0,-0.3596836207395218,-0.3865444560127516,-0.3731140383761367,-0.00357679432999,0.0365460273004141,-0.0365460273004141
SOL-USD_2026-01-01,SOL-USD,2026-01-01,124.4847412109375,126.98711395263672,124.0515365600586,126.76112365722656,2461653813.0,-0.3134108502914075,-0.4087789674512401,-0.3610949088713238,0.0182886842634919,0.036236377676137,-0.036236377676137
SOL-USD_2026-01-02,SOL-USD,2026-01-02,126.76112365722656,132.98789978027344,125.79122161865234,132.1336669921875,4508641946.0,-0.2941934768717152,-0.3561365061581653,-0.3251649915149402,0.0423832100880454,0.0366542290247313,-0.0366542290247313
SOL-USD_2026-01-03,SOL-USD,2026-01-03,132.13339233398438,133.60838317871094,129.93521118164062,133.29847717285156,2477037555.0,-0.2848028707932628,-0.3429045325176865,-0.3138537016554746,0.0088153928304504,0.0366946401884879,-0.0366946401884879
SOL-USD_2026-01-04,SOL-USD,2026-01-04,133.2982177734375,135.35447692871094,133.22732543945312,133.8996124267578,2982580991.0,-0.2871081143679003,-0.3333802043225689,-0.3102441593452346,0.004509693333756,0.0366792185397796,-0.0366792185397796
SOL-USD_2026-01-05,SOL-USD,2026-01-05,133.9026336669922,139.63558959960938,133.34866333007812,137.98997497558594,5200675282.0,-0.1691890248159839,-0.2999282689198657,-0.2345586468679248,0.0305479790022955,0.0340747132925931,-0.0340747132925931
SOL-USD_2026-01-06,SOL-USD,2026-01-06,137.9898223876953,143.0365753173828,136.3661346435547,141.09841918945312,5874437271.0,-0.092049361662518,-0.326439831877757,-0.2092445967701375,0.022526594518313,0.0332745323952735,-0.0332745323952735
SOL-USD_2026-01-07,SOL-USD,2026-01-07,141.0961151123047,141.0989227294922,134.6916046142578,136.31301879882812,3910044770.0,-0.1614915810409867,-0.3531890522877,-0.2573403166643433,-0.0339153366714877,0.0329740194380035,-0.0329740194380035
SOL-USD_2026-01-08,SOL-USD,2026-01-08,136.31301879882812,139.83444213867188,132.82118225097656,138.29342651367188,4776764584.0,-0.1081636227662756,-0.3172723974657898,-0.2127180101160327,0.0145283827788045,0.0325551885612682,-0.0325551885612682
SOL-USD_2026-01-09,SOL-USD,2026-01-09,138.29727172851562,140.8950653076172,135.04872131347656,135.7563934326172,5002612595.0,-0.1604852823351316,-0.3328875635015808,-0.2466864229183561,-0.018345290481351,0.0321271770047812,-0.0321271770047812
SOL-USD_2026-01-10,SOL-USD,2026-01-10,135.75704956054688,136.81883239746094,135.29322814941406,135.7270050048828,1631651535.0,-0.1415252910657105,-0.3221997110187329,-0.2318625010422217,-0.0002164791432012,0.0320254329968667,-0.0320254329968667
SOL-USD_2026-01-11,SOL-USD,2026-01-11,135.72767639160156,141.0433807373047,135.6405029296875,139.49046325683594,3148787073.0,-0.1517956563246133,-0.3243973013574137,-0.2380964788410135,0.0277281463023348,0.0317992199464468,-0.0317992199464468
SOL-USD_2026-01-12,SOL-USD,2026-01-12,139.49087524414062,143.9115753173828,138.42050170898438,139.1361846923828,6095296933.0,-0.1686761366392173,-0.3503967394556641,-0.2595364380474407,-0.0025398049169914,0.0316977293133271,-0.0316977293133271
SOL-USD_2026-01-13,SOL-USD,2026-01-13,139.13543701171875,147.30531311035156,137.80845642089844,145.36087036132812,6784244711.0,-0.0595688558203082,-0.3309071993934993,-0.1952380276069037,0.044738079333622,0.0307973511262623,-0.0307973511262623
SOL-USD_2026-01-14,SOL-USD,2026-01-14,145.36163330078125,148.21600341796875,143.52069091796875,146.7528076171875,6358680886.0,-0.0424712577361957,-0.3448152440942651,-0.1936432509152304,0.0095757355634937,0.0308061516319775,-0.0308061516319775
SOL-USD_2026-01-15,SOL-USD,2026-01-15,146.75563049316406,146.76199340820312,141.03555297851562,142.3324432373047,4616638822.0,-0.0191307330552421,-0.3777984780311058,-0.1984646055431739,-0.0301211571461962,0.0302991071823263,-0.0302991071823263
SOL-USD_2026-01-16,SOL-USD,2026-01-16,142.3328857421875,145.3809814453125,140.43679809570312,144.8604736328125,3652609587.0,0.0445920088553317,-0.4021522472749292,-0.1787801192097987,0.0177614487463897,0.0298357158670071,-0.0298357158670071
SOL-USD_2026-01-17,SOL-USD,2026-01-17,144.8601531982422,144.8657684326172,143.57345581054688,143.72567749023438,1900249993.0,0.0300316723164619,-0.4075510896601088,-0.1887597086718234,-0.0078337182954031,0.0298496233675952,-0.0298496233675952
SOL-USD_2026-01-18,SOL-USD,2026-01-18,143.72593688964844,143.82252502441406,137.9600372314453,137.99542236328125,2984193864.0,0.0053158974357834,-0.4263520722777253,-0.2105180874209709,-0.0398693902649543,0.0302144981665998,-0.0302144981665998
SOL-USD_2026-01-19,SOL-USD,2026-01-19,137.99720764160156,137.99765014648438,132.81777954101562,133.3386993408203,5018545520.0,0.0190329822774135,-0.4310458779582361,-0.2060064478404112,-0.033745489109065,0.0299293181527685,-0.0299293181527685
SOL-USD_2026-01-20,SOL-USD,2026-01-20,133.33859252929688,134.38629150390625,125.67015838623048,125.70572662353516,5647782627.0,-0.1066604473848978,-0.469572765379234,-0.2881166063820659,-0.0572449915517392,0.0292498859787903,-0.0292498859787903
SOL-USD_2026-01-21,SOL-USD,2026-01-21,125.70572662353516,131.8393096923828,125.58707427978516,129.3790740966797,5435243612.0,-0.0540180086061176,-0.4716147177368847,-0.2628163631715011,0.0292217989729737,0.0292972659369197,-0.0292972659369197
SOL-USD_2026-01-22,SOL-USD,2026-01-22,129.3789520263672,130.49163818359375,126.85424041748048,128.28834533691406,3212054901.0,-0.0391620515235114,-0.4819502836470702,-0.2605561675852909,-0.0084304882175193,0.0291639836926976,-0.0291639836926976
SOL-USD_2026-01-23,SOL-USD,2026-01-23,128.28851318359375,129.72862243652344,125.3766098022461,127.36157989501952,3766000022.0,-0.0088631842961196,-0.4661071627545209,-0.2374851735253202,-0.007224081341611,0.0287852108570507,-0.0287852108570507
SOL-USD_2026-01-24,SOL-USD,2026-01-24,127.363037109375,127.90245056152344,126.56280517578124,127.05381774902344,1620566908.0,-0.0038994781256163,-0.4697086658056686,-0.2368040719656424,-0.0024164441603956,0.0287707113927069,-0.0287707113927069
SOL-USD_2026-01-25,SOL-USD,2026-01-25,127.05250549316406,127.22686004638672,117.57979583740234,118.77285766601562,5349293195.0,-0.091291071199048,-0.4979493632987017,-0.2946202172488749,-0.0651767906680746,0.0297545056090654,-0.0297545056090654
SOL-USD_2026-01-26,SOL-USD,2026-01-26,118.77265167236328,125.06038665771484,118.6618423461914,124.13972473144533,4273720547.0,-0.1028509738038143,-0.4369989733887272,-0.2699249735962707,0.0451859723752805,0.0293642144863367,-0.0293642144863367
SOL-USD_2026-01-27,SOL-USD,2026-01-27,124.13898468017578,127.62338256835938,123.04519653320312,127.05479431152344,3683537052.0,-0.0852203327265316,-0.4055006587450664,-0.245360495735799,0.0234821656515218,0.0295237242950706,-0.0295237242950706
SOL-USD_2026-01-28,SOL-USD,2026-01-28,127.0533218383789,127.9662857055664,124.89337921142578,125.11844635009766,3544660044.0,-0.1251204194592938,-0.409139315870156,-0.2671298676647249,-0.0152402589128441,0.0293130007287022,-0.0293130007287022
SOL-USD_2026-01-29,SOL-USD,2026-01-29,125.11925506591795,125.18667602539062,115.41664123535156,117.60576629638672,6044075471.0,-0.1650069714457814,-0.3886823115029933,-0.2768446414743874,-0.0600445439730723,0.0301782504809367,-0.0301782504809367
SOL-USD_2026-01-30,SOL-USD,2026-01-30,117.60324096679688,118.86773681640624,112.96723175048828,117.363037109375,6818716389.0,-0.1457684825550943,-0.4284802665480752,-0.2871243745515848,-0.0020639224984938,0.0300450071580862,-0.0300450071580862
SOL-USD_2026-01-31,SOL-USD,2026-01-31,117.36463165283205,118.61029052734376,99.98045349121094,105.441650390625,9542017060.0,-0.2251592829132079,-0.4820712909130742,-0.3536152869131411,-0.1015770127662938,0.0325482055992828,-0.0325482055992828
SOL-USD_2026-02-01,SOL-USD,2026-02-01,105.44039916992188,106.20301818847656,98.52946472167967,100.85052490234376,5440089988.0,-0.2449319708306714,-0.521440623495528,-0.3831862971630997,-0.0435418591351016,0.0328853427603316,-0.0328853427603316
SOL-USD_2026-02-02,SOL-USD,2026-02-02,100.8449478149414,105.69131469726562,96.42904663085938,104.47115325927734,6949524331.0,-0.1755034394558527,-0.5096480486394148,-0.3425757440476338,0.0359009371586269,0.0326925574449279,-0.0326925574449279
SOL-USD_2026-02-03,SOL-USD,2026-02-03,104.47044372558594,104.91223907470705,96.8131332397461,97.56390380859376,5824450887.0,-0.2964524254818332,-0.5326125976768303,-0.4145325115793318,-0.0661163319748285,0.0312376135056855,-0.0312376135056855
SOL-USD_2026-02-04,SOL-USD,2026-02-04,97.56403350830078,99.4518585205078,89.66161346435547,92.02930450439452,7163239530.0,-0.3648705443137097,-0.5848474471270501,-0.4748589957203799,-0.0567279402334836,0.031239607994836,-0.031239607994836
SOL-USD_2026-02-05,SOL-USD,2026-02-05,92.02930450439452,92.90266418457033,77.77494049072266,78.18741607666016,10561367080.0,-0.437559382318514,-0.6670848281982746,-0.5523221052583943,-0.1504074001458241,0.0358805094086159,-0.0358805094086159
SOL-USD_2026-02-06,SOL-USD,2026-02-06,78.18553161621094,89.50743865966797,68.69181823730469,87.46477508544922,11668451362.0,-0.3439633344076354,-0.6246178704319714,-0.4842906024198034,0.1186553984555893,0.0390429541766717,-0.0390429541766717
SOL-USD_2026-02-07,SOL-USD,2026-02-07,87.4673080444336,89.0591812133789,84.32820892333984,87.63983154296875,5200795827.0,-0.3378099121148018,-0.6156201760652125,-0.4767150440900071,0.0020014509538097,0.0390551527506951,-0.0390551527506951
SOL-USD_2026-02-08,SOL-USD,2026-02-08,87.63983154296875,88.67376708984375,85.87124633789062,87.04410552978516,3068974562.0,-0.3410420539307215,-0.619231627205838,-0.4801368405682797,-0.0067974344849295,0.0390522775548259,-0.0390522775548259
SOL-USD_2026-02-09,SOL-USD,2026-02-09,87.04224395751953,88.4691162109375,82.9388427734375,86.7017822265625,4074999909.0,-0.3494677785458666,-0.6271148289384598,-0.4882913037421632,-0.0039327568608941,0.0390072297758589,-0.0390072297758589
SOL-USD_2026-02-10,SOL-USD,2026-02-10,86.70360565185547,87.34439086914062,81.989990234375,82.91548156738281,2879051689.0,-0.3987344979596172,-0.6239365848982892,-0.5113355414289532,-0.0436703901805111,0.0389369954666416,-0.0389369954666416
SOL-USD_2026-02-11,SOL-USD,2026-02-11,82.91615295410156,84.22687530517578,78.39973449707031,79.2542495727539,4305057649.0,-0.41925100020864,-0.6540644676765477,-0.5366577339425939,-0.0441561928534846,0.0392119521550513,-0.0392119521550513
SOL-USD_2026-02-12,SOL-USD,2026-02-12,79.25389862060547,82.10655975341797,76.66899108886719,78.34844207763672,3687924145.0,-0.4254781701792509,-0.6454678426673828,-0.5354730064233169,-0.011429134715176,0.0392038974577926,-0.0392038974577926
SOL-USD_2026-02-13,SOL-USD,2026-02-13,78.34674072265625,85.46414184570312,77.61656951904297,84.32254028320312,3663739655.0,-0.362758439368981,-0.5530541014333634,-0.4579062704011722,0.0762503764867026,0.040508324926899,-0.040508324926899
SOL-USD_2026-02-14,SOL-USD,2026-02-14,84.32231140136719,88.80354309082031,84.23580932617188,88.16083526611328,2954230209.0,-0.3383676461258658,-0.5048650873539866,-0.4216163667399262,0.045519204829681,0.0410001763710402,-0.0410001763710402
SOL-USD_2026-02-15,SOL-USD,2026-02-15,88.16121673583984,91.07579040527344,85.0082015991211,86.00509643554688,4172988583.0,-0.3357710107377458,-0.5645499972187714,-0.4501605039782586,-0.0244523412698997,0.0409691114850465,-0.0409691114850465
SOL-USD_2026-02-16,SOL-USD,2026-02-16,86.00759887695312,86.67033386230469,82.7319107055664,86.42878723144531,3523436883.0,-0.3234914153341748,-0.5852094374166594,-0.4543504263754171,0.0049263452220642,0.0409783846314963,-0.0409783846314963
SOL-USD_2026-02-17,SOL-USD,2026-02-17,86.4288330078125,87.5501708984375,83.13166046142578,85.1976089477539,3175385366.0,-0.34083702620131,-0.5791886552459329,-0.4600128407236215,-0.0142450024248803,0.0409347499503264,-0.0409347499503264
SOL-USD_2026-02-18,SOL-USD,2026-02-18,85.19692993164062,85.85118865966797,80.5713119506836,81.56694793701172,3282222779.0,-0.3374993702579182,-0.5795991983589686,-0.4585492843084434,-0.0426145880803842,0.0408599708501532,-0.0408599708501532
SOL-USD_2026-02-19,SOL-USD,2026-02-19,81.56705474853516,82.57433319091797,79.75370025634766,82.39324951171875,2887552822.0,-0.3109212630514515,-0.5538809999359704,-0.4324011314937109,0.0101303480834555,0.0407986599943518,-0.0407986599943518
SOL-USD_2026-02-20,SOL-USD,2026-02-20,82.39338684082031,85.26191711425781,81.85164642333984,84.6351089477539,3866512374.0,-0.3293187635366053,-0.5350608038738517,-0.4321897837052285,0.027209261065936,0.0402764517783874,-0.0402764517783874
SOL-USD_2026-02-21,SOL-USD,2026-02-21,84.63516998291016,86.6406478881836,84.02863311767578,85.21113586425781,2020472698.0,-0.3226946298863277,-0.5459287937842852,-0.4343117118353064,0.006806004312696,0.0403052633601891,-0.0403052633601891
SOL-USD_2026-02-22,SOL-USD,2026-02-22,85.21121978759766,85.48234558105469,82.55017852783203,82.79097747802734,2030721314.0,-0.3428844254054661,-0.5591492550544004,-0.4510168402299332,-0.0284019026584249,0.0403994121206964,-0.0403994121206964
SOL-USD_2026-02-23,SOL-USD,2026-02-23,82.78715515136719,82.78715515136719,77.27669525146484,77.7533187866211,4967335032.0,-0.381935153328406,-0.5902342889308834,-0.4860847211296447,-0.0608479189987005,0.0409847154994351,-0.0409847154994351
SOL-USD_2026-02-24,SOL-USD,2026-02-24,77.7544174194336,79.57894897460938,76.02326965332031,79.0365219116211,3622232562.0,-0.361873901740725,-0.574308678831262,-0.4680912902859935,0.0165035157987467,0.0410731031687005,-0.0410731031687005
SOL-USD_2026-02-25,SOL-USD,2026-02-25,79.0365219116211,91.04756927490234,78.80804443359375,87.91560363769531,5782225888.0,-0.2820789919863653,-0.5119815981246445,-0.3970302950555049,0.1123415037924218,0.0436983064948983,-0.0436983064948983
SOL-USD_2026-02-26,SOL-USD,2026-02-26,87.9095687866211,89.1194076538086,84.5010986328125,85.90911865234375,4154129610.0,-0.2837750654206867,-0.5511265327691011,-0.4174507990948939,-0.0228228539909751,0.0437131252717143,-0.0437131252717143
SOL-USD_2026-02-27,SOL-USD,2026-02-27,85.90913391113281,88.04073333740234,80.9331283569336,81.95148468017578,3859172094.0,-0.3293437104859823,-0.5766098945673777,-0.45297680252668,-0.0460676821535521,0.0439234091576379,-0.0439234091576379
SOL-USD_2026-02-28,SOL-USD,2026-02-28,81.9506607055664,85.25884246826172,77.44635772705078,84.36618041992188,4761528427.0,-0.3231630281264488,-0.565213267980589,-0.4441881480535189,0.0294649419613286,0.0440270208702241,-0.0440270208702241
SOL-USD_2026-03-01,SOL-USD,2026-03-01,84.36634826660156,88.65435028076172,81.84449005126953,83.5776596069336,4665364489.0,-0.3324433749153723,-0.5821715046888125,-0.4573074398020924,-0.0093464088223921,0.044012590186809,-0.044012590186809
SOL-USD_2026-03-02,SOL-USD,2026-03-02,83.57645416259766,89.88912200927734,82.49097442626953,86.634521484375,5455789912.0,-0.2963706766586506,-0.5640848640552204,-0.4302277703569355,0.0365751074128881,0.0443039761527369,-0.0443039761527369
SOL-USD_2026-03-03,SOL-USD,2026-03-03,86.63624572753906,87.32257080078125,82.87655639648438,87.0197525024414,4835947541.0,-0.3034592737049494,-0.5524660474458023,-0.4279626605753758,0.0044466225641459,0.0442510085614635,-0.0442510085614635
SOL-USD_2026-03-04,SOL-USD,2026-03-04,87.01956939697266,93.82653045654295,84.94286346435547,90.83426666259766,6907739136.0,-0.2703164565185468,-0.5327716754320002,-0.4015440659752735,0.0438350380282825,0.0446724072383452,-0.0446724072383452
SOL-USD_2026-03-05,SOL-USD,2026-03-05,90.83426666259766,92.78878784179688,88.00936889648438,88.69110870361328,4462211662.0,-0.3003287905253823,-0.5196133392112398,-0.409971064868311,-0.0235941571141329,0.0446470666160648,-0.0446470666160648
SOL-USD_2026-03-06,SOL-USD,2026-03-06,88.69347381591797,89.24493408203125,83.7433090209961,84.68180084228516,3739561333.0,-0.3591201790585889,-0.547662841838265,-0.4533915104484269,-0.0452052964488962,0.0445220792674669,-0.0445220792674669
SOL-USD_2026-03-07,SOL-USD,2026-03-07,84.68055725097656,85.00260162353516,82.49453735351562,83.1799545288086,1916017174.0,-0.3759872108595283,-0.5537078446184456,-0.4648475277389869,-0.0177351721212644,0.0445047477241326,-0.0445047477241326
SOL-USD_2026-03-08,SOL-USD,2026-03-08,83.18003845214844,84.05389404296875,80.71095275878906,81.62458801269531,2686950610.0,-0.3904045983901304,-0.565424384673683,-0.4779144915319067,-0.0186988142146026,0.0445084333572007,-0.0445084333572007
SOL-USD_2026-03-09,SOL-USD,2026-03-09,81.62455749511719,86.91543579101562,81.59979248046875,84.93617248535156,4216355210.0,-0.3844757744149238,-0.4886157178922766,-0.4365457461536002,0.0405709180687219,0.0446618821043828,-0.0446618821043828
SOL-USD_2026-03-10,SOL-USD,2026-03-10,84.93749237060547,88.63069152832031,84.92603302001953,85.83822631835938,4341777505.0,-0.3916428914550472,-0.4476417749594653,-0.4196423332072563,0.0106203730002476,0.0445613718242051,-0.0445613718242051
SOL-USD_2026-03-11,SOL-USD,2026-03-11,85.8381576538086,87.83213806152344,84.45158386230469,86.56493377685547,3960189193.0,-0.3649547597166144,-0.4675092196025316,-0.416231989659573,0.0084660120515638,0.0444663070666698,-0.0444663070666698
SOL-USD_2026-03-12,SOL-USD,2026-03-12,86.56668090820312,87.5905990600586,84.81645202636719,86.86779022216797,3741395035.0,-0.3718588626222223,-0.4398008836495316,-0.405829873135877,0.0034986042511531,0.0444050580341855,-0.0444050580341855
SOL-USD_2026-03-13,SOL-USD,2026-03-13,86.86770629882812,92.88053131103516,86.81328582763672,88.15328979492188,5722483290.0,-0.3506509154673674,-0.4548618866326461,-0.4027564010500067,0.014798345502587,0.0444572301121382,-0.0444572301121382
SOL-USD_2026-03-14,SOL-USD,2026-03-14,88.15412902832031,88.67119598388672,86.63023376464844,88.07068634033203,2167169768.0,-0.3511189144918974,-0.4429519989854659,-0.3970354567386817,-0.0009370433568844,0.0444558509273856,-0.0444558509273856
SOL-USD_2026-03-15,SOL-USD,2026-03-15,88.0704345703125,92.99776458740234,87.49870300292969,92.25182342529295,3277177955.0,-0.3386513939993527,-0.4390412397065891,-0.3888463168529709,0.0474747871136569,0.0447650100145206,-0.0447650100145206
SOL-USD_2026-03-16,SOL-USD,2026-03-16,92.25813293457033,97.41771697998048,91.24591827392578,96.22372436523438,6507301442.0,-0.308420562357836,-0.4250735100784387,-0.3667470362181373,0.0430549857169808,0.0451810126200577,-0.0451810126200577
SOL-USD_2026-03-17,SOL-USD,2026-03-17,96.22423553466795,96.74771881103516,93.32286071777344,94.70597076416016,4239635773.0,-0.3484768594963244,-0.3872873475165822,-0.3678821035064533,-0.0157731745584208,0.0447516104377143,-0.0447516104377143
SOL-USD_2026-03-18,SOL-USD,2026-03-18,94.70464324951172,95.53937530517578,88.81206512451172,90.06571960449219,4331839385.0,-0.3862760033904536,-0.4123416334293458,-0.3993088184098997,-0.0489963950765393,0.0450349401077358,-0.0450349401077358
SOL-USD_2026-03-19,SOL-USD,2026-03-19,90.06442260742188,91.22755432128906,87.19413757324219,88.9178466796875,3654219084.0,-0.375280542810337,-0.3872318839802482,-0.3812562133952926,-0.0127448371016782,0.0449423694065107,-0.0449423694065107
SOL-USD_2026-03-20,SOL-USD,2026-03-20,88.91725158691406,90.23690795898438,88.241943359375,89.85356903076172,3090719128.0,-0.3797233518749942,-0.3520639700890484,-0.3658936609820213,0.0105234481717153,0.0448887353910367,-0.0448887353910367
SOL-USD_2026-03-21,SOL-USD,2026-03-21,89.8543701171875,90.76116943359376,87.44123840332031,87.46537017822266,1903136993.0,-0.3914422829270323,-0.3731662769822427,-0.3823042799546375,-0.0265787867783131,0.0449594491200966,-0.0449594491200966
SOL-USD_2026-03-22,SOL-USD,2026-03-22,87.46663665771484,89.047119140625,85.29344940185547,86.12834930419922,2979255573.0,-0.3758608232854191,-0.3725429634363502,-0.3742018933608846,-0.0152862884053319,0.0447745280526203,-0.0447745280526203
SOL-USD_2026-03-23,SOL-USD,2026-03-23,86.12869262695312,92.1643524169922,85.25033569335938,91.42407989501952,5416789599.0,-0.3143469949310437,-0.3012969734371109,-0.3078219841840773,0.0614864981577221,0.0454409995272806,-0.0454409995272806
SOL-USD_2026-03-24,SOL-USD,2026-03-24,91.42520904541016,92.150390625,88.48899841308594,90.82242584228516,4147126404.0,-0.2774996948684675,-0.3545619006495221,-0.3160307977589948,-0.0065809144967631,0.0449461286542114,-0.0449461286542114
SOL-USD_2026-03-25,SOL-USD,2026-03-25,90.82242584228516,93.26300811767578,90.80261993408205,91.70822143554688,3750957246.0,-0.2911665037344673,-0.3294562776360432,-0.3103113906852552,0.0097530492612025,0.044779657506028,-0.044779657506028
SOL-USD_2026-03-26,SOL-USD,2026-03-26,91.70822143554688,91.8957977294922,85.51251220703125,86.44393157958984,4280339140.0,-0.3261747093816775,-0.3525630901307173,-0.3393688997561974,-0.0574025945935153,0.0452722026197675,-0.0452722026197675
SOL-USD_2026-03-27,SOL-USD,2026-03-27,86.4457015991211,86.91437530517578,82.04327392578125,83.01882934570312,3694287477.0,-0.3481642626125307,-0.3539416028837929,-0.3510529327481618,-0.0396222403504772,0.0454787779657749,-0.0454787779657749
SOL-USD_2026-03-28,SOL-USD,2026-03-28,83.0184555053711,84.05540466308594,81.86953735351562,82.0156021118164,2278504599.0,-0.354481403511806,-0.3569985891584901,-0.3557399963351481,-0.0120843336601281,0.0454836850579273,-0.0454836850579273
SOL-USD_2026-03-29,SOL-USD,2026-03-29,82.01568603515625,83.07173919677734,79.57503509521484,81.42240142822266,2398386905.0,-0.3144696269144328,-0.3770524290128973,-0.3457610279636651,-0.0072327784996933,0.044847003894131,-0.044847003894131
SOL-USD_2026-03-30,SOL-USD,2026-03-30,81.42201232910156,84.7214126586914,81.19849395751953,82.44405364990234,3987544544.0,-0.3358769416618596,-0.4041826449375049,-0.3700297932996823,0.0125475569838151,0.0444449038851634,-0.0444449038851634
SOL-USD_2026-03-31,SOL-USD,2026-03-31,82.44381713867188,84.22917938232422,80.2129135131836,83.10646057128906,4833199759.0,-0.3459006327024403,-0.4016431984197522,-0.3737719155610963,0.0080346233847212,0.0443249146713137,-0.0443249146713137
SOL-USD_2026-04-01,SOL-USD,2026-04-01,83.10919952392578,86.39097595214844,80.93441009521484,81.19525909423828,5093477642.0,-0.3510528506161001,-0.4322493901539267,-0.3916511203850134,-0.0229970265116915,0.0443624885602439,-0.0443624885602439
SOL-USD_2026-04-02,SOL-USD,2026-04-02,81.19540405273438,81.70182037353516,76.81694030761719,78.9513168334961,4928225665.0,-0.3286781820329691,-0.439450962081185,-0.3840645720570771,-0.0276363704700761,0.0439096618938487,-0.0439096618938487
SOL-USD_2026-04-03,SOL-USD,2026-04-03,78.9513168334961,80.56055450439453,78.91806030273438,80.36854553222656,2994787677.0,-0.3152141635758104,-0.4150343558265855,-0.365124259701198,0.0179506657465806,0.0440061046533971,-0.0440061046533971
SOL-USD_2026-04-04,SOL-USD,2026-04-04,80.3687515258789,81.29010009765625,79.74375915527344,80.80838012695312,2127989928.0,-0.2336199231747046,-0.4061775117116574,-0.319898717443181,0.0054727206000038,0.0422497333696333,-0.0422497333696333
SOL-USD_2026-04-05,SOL-USD,2026-04-05,80.80895233154297,81.96971893310547,78.60292053222656,81.8544921875,2423711503.0,-0.1883582929611732,-0.3871552958745634,-0.2877567944178683,0.0129455887978868,0.041981153022229,-0.041981153022229
SOL-USD_2026-04-06,SOL-USD,2026-04-06,81.8546371459961,82.87333679199219,79.73141479492188,80.15157318115234,3541988994.0,-0.2327875142506417,-0.3674359442931285,-0.3001117292718851,-0.0208042217456662,0.0417532421038117,-0.0417532421038117
SOL-USD_2026-04-07,SOL-USD,2026-04-07,80.14375305175781,86.81489562988281,78.43101501464844,85.64801025390625,5460070540.0,-0.1221342431937202,-0.382379676046387,-0.2522569596200536,0.0685755357581228,0.0419347093597634,-0.0419347093597634
SOL-USD_2026-04-08,SOL-USD,2026-04-08,85.64922332763672,85.80680847167969,82.34860229492188,82.58169555664062,4682919248.0,-0.1026587020148865,-0.4300721098458857,-0.2663654059303861,-0.0358013535653126,0.0415690336337481,-0.0415690336337481
SOL-USD_2026-04-09,SOL-USD,2026-04-09,82.58191680908203,85.60839080810547,81.54859924316406,83.2977294921875,4470806838.0,0.065359794094191,-0.4007983793566425,-0.1677192926312257,0.0086706131512614,0.036909044657184,-0.036909044657184
SOL-USD_2026-04-10,SOL-USD,2026-04-10,83.2974853515625,85.48262786865234,82.76587677001953,84.82847595214844,12723244529.0,-0.0301412669354632,-0.363737110664706,-0.1969391888000846,0.0183768089393661,0.0338147771715444,-0.0338147771715444
SOL-USD_2026-04-11,SOL-USD,2026-04-11,84.82858276367188,86.18183135986328,83.98721313476562,84.94876861572266,11558630681.0,-0.0307059345033849,-0.3581430775821955,-0.1944245060427902,0.0014180693714462,0.0338143192628207,-0.0338143192628207
SOL-USD_2026-04-12,SOL-USD,2026-04-12,84.94941711425781,84.9939193725586,81.40650939941406,81.53523254394531,3897286488.0,-0.063288294506683,-0.382746378489073,-0.223017336497878,-0.0401834673698324,0.0341831161645786,-0.0341831161645786
SOL-USD_2026-04-13,SOL-USD,2026-04-13,81.53523254394531,86.6780014038086,81.50765991210938,86.65656280517578,4977932541.0,-0.000521551232575,-0.3498070644277958,-0.1751643078301854,0.0628112547354324,0.0350961733035972,-0.0350961733035972
SOL-USD_2026-04-14,SOL-USD,2026-04-14,86.65412139892578,87.5316162109375,83.3962173461914,83.77462768554688,5728418790.0,0.0103617093204224,-0.3925043596030769,-0.1910713251413272,-0.033256974732637,0.0349083824038153,-0.0349083824038153
SOL-USD_2026-04-15,SOL-USD,2026-04-15,83.77422332763672,85.57784271240234,82.74671936035156,84.9193344116211,4650021670.0,0.0714798874433446,-0.3777391270707186,-0.153129619813687,0.0136641219149422,0.0344658647926569,-0.0344658647926569
SOL-USD_2026-04-16,SOL-USD,2026-04-16,84.91986083984375,90.37765502929688,84.20401000976562,88.99420928955078,6215173056.0,0.1358772035487956,-0.3474137505654705,-0.1057682735083374,0.0479852427737828,0.0349115871654679,-0.0349115871654679
SOL-USD_2026-04-17,SOL-USD,2026-04-17,88.99522399902344,90.6697235107422,87.43824005126953,88.87416076660156,6454981141.0,0.0539786926260938,-0.3283609730391068,-0.1371911402065064,-0.0013489475765623,0.0336166158187019,-0.0336166158187019
SOL-USD_2026-04-18,SOL-USD,2026-04-18,88.87432861328125,89.15110778808594,85.94215393066406,86.20271301269531,3619028688.0,-0.0222107951621304,-0.3530630268104024,-0.1876369109862664,-0.03005876771002,0.0333637690957081,-0.0333637690957081
SOL-USD_2026-04-19,SOL-USD,2026-04-19,86.2026138305664,87.0755844116211,83.17298126220703,83.58094787597656,4429065589.0,-0.0281861036152316,-0.3544930378533323,-0.1913395707342819,-0.0304139515461959,0.0334431309217562,-0.0334431309217562
SOL-USD_2026-04-20,SOL-USD,2026-04-20,83.5799560546875,86.16846466064453,83.4819107055664,85.33295440673828,4326731566.0,-0.0126790258177813,-0.3320688851451036,-0.1723739554814424,0.0209617930316066,0.0335414170311547,-0.0335414170311547
SOL-USD_2026-04-21,SOL-USD,2026-04-21,85.33198547363281,86.7049789428711,84.42058563232422,86.02946472167969,4083758344.0,0.0097638394339905,-0.3344010647643078,-0.1623186126651586,0.0081622664981397,0.0335030047778419,-0.0335030047778419
SOL-USD_2026-04-22,SOL-USD,2026-04-22,86.02954864501953,89.2636947631836,86.02729797363281,86.91582489013672,5098022834.0,0.0655765244183901,-0.2940548815344378,-0.1142391785580238,0.0103029836501316,0.0330599804410794,-0.0330599804410794
SOL-USD_2026-04-23,SOL-USD,2026-04-23,86.91651916503906,87.0466537475586,84.62688446044922,86.14105987548828,4738760145.0,0.0454868619210908,-0.2795772336911132,-0.1170451858850111,-0.0089139695288833,0.033067226838278,-0.033067226838278
SOL-USD_2026-04-24,SOL-USD,2026-04-24,86.14019012451172,86.92535400390625,85.07626342773438,86.23188018798828,3681485520.0,0.018866534941428,-0.3166653325543084,-0.1488993988064401,0.0010543208155469,0.0328996498901105,-0.0328996498901105
SOL-USD_2026-04-25,SOL-USD,2026-04-25,86.23165130615234,86.7752456665039,85.6143569946289,86.15117645263672,2482382785.0,0.0110318983410384,-0.3152226658973942,-0.1520953837781778,-0.0009358920990197,0.0328913952233249,-0.0328913952233249
SOL-USD_2026-04-26,SOL-USD,2026-04-26,86.15117645263672,87.12043762207031,85.90538024902344,86.97038269042969,2965743271.0,0.0504814092032137,-0.3097123051905546,-0.1296154479936704,0.0095089384907394,0.0326966160234182,-0.0326966160234182
SOL-USD_2026-04-27,SOL-USD,2026-04-27,86.97071838378906,88.04618072509766,83.8490219116211,84.81778717041016,4759031980.0,0.0908574514121529,-0.3257793565523819,-0.1174609525701144,-0.0247509031629959,0.0318964573240147,-0.0318964573240147
SOL-USD_2026-04-28,SOL-USD,2026-04-28,84.81807708740234,84.90164184570312,83.04501342773438,84.03897857666016,3290032033.0,0.0632929757540801,-0.3214850020755548,-0.1290960131607373,-0.0091821376120703,0.0318705893547099,-0.0318705893547099
SOL-USD_2026-04-29,SOL-USD,2026-04-29,84.0380630493164,85.510009765625,81.62645721435547,83.02687072753906,4529973017.0,-0.0556071130479063,-0.3220005066384465,-0.1888038098431764,-0.0120433144983771,0.0285733596573743,-0.0285733596573743
SOL-USD_2026-04-30,SOL-USD,2026-04-30,83.0271224975586,83.93118286132812,82.27413177490234,83.02375793457031,3355884138.0,-0.0335861985669982,-0.3078303382921029,-0.1707082684295506,-3.749139214181962e-05,0.0284302002882639,-0.0284302002882639
SOL-USD_2026-05-01,SOL-USD,2026-05-01,83.02119445800781,84.53659057617188,83.02119445800781,84.31999969482422,3186135040.0,0.0289014289843778,-0.3099607853616665,-0.1405296781886443,0.0156129015657837,0.0278800325005117,-0.0278800325005117
