asset_id,ticker,date,Open,High,Low,Close,Volume,return_3m,return_6m,momentum_score,returns,volatility,low_vol_score
TCEHY_2010-01-05,TCEHY,2010-01-05,4.473999977111816,4.480000019073486,4.409999847412109,4.452000141143799,76000.0,,,,,,
TCEHY_2010-01-06,TCEHY,2010-01-06,4.480000019073486,4.48199987411499,4.46999979019165,4.48199987411499,56000.0,,,,0.0067384842812434,,
TCEHY_2010-01-07,TCEHY,2010-01-07,4.297999858856201,4.300000190734863,4.254000186920166,4.300000190734863,49500.0,,,,-0.040606802430146,,
TCEHY_2010-01-08,TCEHY,2010-01-08,4.289999961853027,4.360000133514404,4.289999961853027,4.357999801635742,26000.0,,,,0.0134882810065566,,
TCEHY_2010-01-11,TCEHY,2010-01-11,4.440000057220459,4.443999767303467,4.426000118255615,4.443999767303467,134000.0,,,,0.019733815874761,,
TCEHY_2010-01-12,TCEHY,2010-01-12,4.389999866485596,4.389999866485596,4.329999923706055,4.366000175476074,67000.0,,,,-0.0175516642465355,,
TCEHY_2010-01-13,TCEHY,2010-01-13,4.369999885559082,4.449999809265137,4.369999885559082,4.449999809265137,35000.0,,,,0.0192394939104423,,
TCEHY_2010-01-14,TCEHY,2010-01-14,4.489999771118164,4.5,4.46999979019165,4.48799991607666,271500.0,,,,0.0085393502112978,,
TCEHY_2010-01-15,TCEHY,2010-01-15,4.519999980926514,4.553999900817871,4.4679999351501465,4.510000228881836,70000.0,,,,0.0049020305741021,,
TCEHY_2010-01-19,TCEHY,2010-01-19,4.190000057220459,4.22599983215332,4.130000114440918,4.223999977111816,165000.0,,,,-0.0634146867528935,,
TCEHY_2010-01-20,TCEHY,2010-01-20,4.019999980926514,4.0320000648498535,3.924000024795532,3.9600000381469727,1448500.0,,,,-0.0624999858890518,,
TCEHY_2010-01-21,TCEHY,2010-01-21,3.927999973297119,3.927999973297119,3.900000095367432,3.900000095367432,61500.0,,,,-0.0151515005559486,,
TCEHY_2010-01-22,TCEHY,2010-01-22,3.878000020980835,3.880000114440918,3.7699999809265137,3.7699999809265137,291500.0,,,,-0.0333333618620516,,
TCEHY_2010-01-25,TCEHY,2010-01-25,3.7920000553131104,3.871999979019165,3.7920000553131104,3.871999979019165,230000.0,,,,0.0270557025487261,,
TCEHY_2010-01-26,TCEHY,2010-01-26,3.700000047683716,3.7300000190734863,3.690000057220459,3.690000057220459,73000.0,,,,-0.0470041122894864,,
TCEHY_2010-01-27,TCEHY,2010-01-27,3.6679999828338623,3.6679999828338623,3.5999999046325684,3.630000114440918,90000.0,,,,-0.0162601468425821,,
TCEHY_2010-01-28,TCEHY,2010-01-28,3.7100000381469727,3.7780001163482666,3.697999954223633,3.700000047683716,174000.0,,,,0.019283727558113,,
TCEHY_2010-01-29,TCEHY,2010-01-29,3.7780001163482666,3.7799999713897705,3.721999883651733,3.759999990463257,27000.0,,,,0.0162162005422412,,
TCEHY_2010-02-01,TCEHY,2010-02-01,3.677999973297119,3.691999912261963,3.660000085830689,3.660000085830689,38000.0,,,,-0.0265957193846287,,
TCEHY_2010-02-02,TCEHY,2010-02-02,3.661999940872192,3.7100000381469727,3.661999940872192,3.7100000381469727,26500.0,,,,0.0136611888370858,,
TCEHY_2010-02-03,TCEHY,2010-02-03,3.9040000438690186,3.9040000438690186,3.849999904632568,3.8940000534057617,38000.0,,,,0.0495956909344645,,
TCEHY_2010-02-04,TCEHY,2010-02-04,3.78600001335144,3.78600001335144,3.641999959945679,3.641999959945679,134500.0,,,,-0.0647149691843683,,
TCEHY_2010-02-05,TCEHY,2010-02-05,3.595999956130981,3.595999956130981,3.5,3.5179998874664307,302500.0,,,,-0.0340472470738572,,
TCEHY_2010-02-08,TCEHY,2010-02-08,3.578000068664551,3.578000068664551,3.513999938964844,3.513999938964844,97500.0,,,,-0.0011369950624038,,
TCEHY_2010-02-09,TCEHY,2010-02-09,3.492000102996826,3.509999990463257,3.490000009536743,3.509999990463257,31000.0,,,,-0.0011382892917083,,
TCEHY_2010-02-10,TCEHY,2010-02-10,3.553999900817871,3.588000059127808,3.5299999713897705,3.588000059127808,95000.0,,,,0.0222222418451507,,
TCEHY_2010-02-11,TCEHY,2010-02-11,3.711999893188477,3.767999887466431,3.711999893188477,3.767999887466431,40500.0,,,,0.0501671754103534,,
TCEHY_2010-02-12,TCEHY,2010-02-12,3.799999952316284,3.799999952316284,3.75,3.752000093460083,104500.0,,,,-0.0042462299586495,,
TCEHY_2010-02-16,TCEHY,2010-02-16,3.799999952316284,3.891999959945679,3.799999952316284,3.8359999656677246,56500.0,,,,0.0223880250840231,,
TCEHY_2010-02-17,TCEHY,2010-02-17,3.868000030517578,3.920000076293945,3.859999895095825,3.880000114440918,58500.0,,,,0.0114703204293522,,
TCEHY_2010-02-18,TCEHY,2010-02-18,3.880000114440918,3.900000095367432,3.819999933242798,3.900000095367432,80000.0,,,,0.0051546341073744,,
TCEHY_2010-02-19,TCEHY,2010-02-19,3.7100000381469727,3.75600004196167,3.6540000438690186,3.74399995803833,76000.0,,,,-0.0400000342344619,,
TCEHY_2010-02-22,TCEHY,2010-02-22,3.878000020980835,3.878000020980835,3.849999904632568,3.878000020980835,386500.0,,,,0.0357906155032956,,
TCEHY_2010-02-23,TCEHY,2010-02-23,3.880000114440918,3.880000114440918,3.849999904632568,3.861999988555908,21000.0,,,,-0.0041258463997841,,
TCEHY_2010-02-24,TCEHY,2010-02-24,3.8359999656677246,3.880000114440918,3.8359999656677246,3.859999895095825,40000.0,,,,-0.0005178905919238,,
TCEHY_2010-02-25,TCEHY,2010-02-25,3.763999938964844,3.828000068664551,3.763999938964844,3.8239998817443848,126000.0,,,,-0.0093264285828553,,
TCEHY_2010-02-26,TCEHY,2010-02-26,3.880000114440918,3.901999950408936,3.880000114440918,3.901999950408936,17500.0,,,,0.0203975081267444,,
TCEHY_2010-03-01,TCEHY,2010-03-01,4.0,4.0,3.9660000801086426,3.971999883651733,28000.0,,,,0.0179395013153347,,
TCEHY_2010-03-02,TCEHY,2010-03-02,4.107999801635742,4.110000133514404,4.067999839782715,4.0960001945495605,56000.0,,,,0.0312186088947781,,
TCEHY_2010-03-03,TCEHY,2010-03-03,4.076000213623047,4.110000133514404,4.064000129699707,4.065999984741211,39500.0,,,,-0.0073242696248574,,
TCEHY_2010-03-04,TCEHY,2010-03-04,3.99399995803833,4.0,3.971999883651733,3.983999967575073,62000.0,,,,-0.0201672448287913,,
TCEHY_2010-03-05,TCEHY,2010-03-05,4.099999904632568,4.110000133514404,4.079999923706055,4.110000133514404,43000.0,,,,0.0316265479329367,,
TCEHY_2010-03-08,TCEHY,2010-03-08,4.130000114440918,4.139999866485596,4.113999843597412,4.113999843597412,117500.0,,,,0.0009731654387046,,
TCEHY_2010-03-09,TCEHY,2010-03-09,4.139999866485596,4.139999866485596,4.099999904632568,4.110000133514404,61500.0,,,,-0.0009722193084747,,
TCEHY_2010-03-10,TCEHY,2010-03-10,4.179999828338623,4.25,4.179999828338623,4.182000160217285,186000.0,,,,0.0175182541031488,,
TCEHY_2010-03-11,TCEHY,2010-03-11,4.23199987411499,4.236000061035156,4.210000038146973,4.210000038146973,44000.0,,,,0.006695331625294,,
TCEHY_2010-03-12,TCEHY,2010-03-12,4.210000038146973,4.210000038146973,4.170000076293945,4.188000202178955,58000.0,,,,-0.0052256141968352,,
TCEHY_2010-03-15,TCEHY,2010-03-15,4.357999801635742,4.360000133514404,4.276000022888184,4.300000190734863,49500.0,,,,0.0267430714300433,,
TCEHY_2010-03-16,TCEHY,2010-03-16,4.242000102996826,4.320000171661377,4.242000102996826,4.300000190734863,56000.0,,,,0.0,,
TCEHY_2010-03-17,TCEHY,2010-03-17,4.289999961853027,4.340000152587891,4.289999961853027,4.340000152587891,113500.0,,,,0.0093023162973839,,
TCEHY_2010-03-18,TCEHY,2010-03-18,4.079999923706055,4.079999923706055,4.0320000648498535,4.078000068664551,436000.0,,,,-0.0603686808091729,,
TCEHY_2010-03-19,TCEHY,2010-03-19,4.059999942779541,4.059999942779541,4.010000228881836,4.033999919891357,225500.0,,,,-0.0107896390466718,,
TCEHY_2010-03-22,TCEHY,2010-03-22,4.058000087738037,4.102000236511231,4.001999855041504,4.102000236511231,229000.0,,,,0.0168567967204384,,
TCEHY_2010-03-23,TCEHY,2010-03-23,4.107999801635742,4.125999927520752,4.050000190734863,4.125999927520752,160500.0,,,,0.0058507288214912,,
TCEHY_2010-03-24,TCEHY,2010-03-24,4.127999782562256,4.127999782562256,4.056000232696533,4.065999984741211,190500.0,,,,-0.0145419156164634,,
TCEHY_2010-03-25,TCEHY,2010-03-25,4.099999904632568,4.107999801635742,4.056000232696533,4.079999923706055,108000.0,,,,0.0034431724095873,,
TCEHY_2010-03-26,TCEHY,2010-03-26,4.065999984741211,4.119999885559082,4.058000087738037,4.118000030517578,170500.0,,,,0.0093137518436534,,
TCEHY_2010-03-29,TCEHY,2010-03-29,4.150000095367432,4.150000095367432,4.090000152587891,4.145999908447266,95000.0,,,,0.0067993874993168,,
TCEHY_2010-03-30,TCEHY,2010-03-30,4.0879998207092285,4.0879998207092285,4.041999816894531,4.076000213623047,122000.0,,,,-0.0168836701326495,,
TCEHY_2010-03-31,TCEHY,2010-03-31,4.038000106811523,4.038000106811523,4.00600004196167,4.01800012588501,31500.0,,,,-0.0142296576786689,,
TCEHY_2010-04-01,TCEHY,2010-04-01,4.00600004196167,4.00600004196167,3.9779999256134033,3.986000061035156,57000.0,,,,-0.0079641771645802,,
TCEHY_2010-04-05,TCEHY,2010-04-05,3.9600000381469727,4.039999961853027,3.9600000381469727,4.039999961853027,29500.0,,,,0.0135473908657812,,
TCEHY_2010-04-06,TCEHY,2010-04-06,3.997999906539917,4.039999961853027,3.997999906539917,4.039999961853027,76500.0,,,,0.0,,
TCEHY_2010-04-07,TCEHY,2010-04-07,4.047999858856201,4.047999858856201,3.98799991607666,3.98799991607666,76000.0,-0.1042228684538919,,,-0.0128712985810317,0.0257443403509044,-0.0257443403509044
TCEHY_2010-04-08,TCEHY,2010-04-08,4.039999961853027,4.110000133514404,4.039999961853027,4.110000133514404,130000.0,-0.0829986057672615,,,0.0305918304927563,0.0260398970233854,-0.0260398970233854
TCEHY_2010-04-09,TCEHY,2010-04-09,4.159999847412109,4.191999912261963,4.156000137329102,4.1579999923706055,97500.0,-0.0330233004803635,,,0.0116787973958427,0.0255876665893606,-0.0255876665893606
TCEHY_2010-04-12,TCEHY,2010-04-12,4.188000202178955,4.190000057220459,4.142000198364258,4.145999908447266,195000.0,-0.0486461456718984,,,-0.0028860230748817,0.0255294140198496,-0.0255294140198496
TCEHY_2010-04-13,TCEHY,2010-04-13,4.168000221252441,4.168000221252441,4.110000133514404,4.130000114440918,177500.0,-0.070656991292571,,,-0.003859091741355,0.0254010396720181,-0.0254010396720181
TCEHY_2010-04-14,TCEHY,2010-04-14,4.170000076293945,4.179999828338623,4.165999889373779,4.170000076293945,74500.0,-0.044892370889737,,,0.0096852205192836,0.0253437526877891,-0.0253437526877891
TCEHY_2010-04-15,TCEHY,2010-04-15,4.1479997634887695,4.1479997634887695,4.099999904632568,4.111999988555908,41000.0,-0.0759550191452805,,,-0.0139088936874994,0.0252732619551841,-0.0252732619551841
TCEHY_2010-04-16,TCEHY,2010-04-16,4.059999942779541,4.0980000495910645,4.010000228881836,4.01200008392334,28500.0,-0.1060605706448925,,,-0.0243190430230734,0.0254132562670931,-0.0254132562670931
TCEHY_2010-04-19,TCEHY,2010-04-19,4.007999897003174,4.010000228881836,3.9800000190734863,4.010000228881836,16500.0,-0.1108647393847173,,,-0.000498468344883,0.0254005685873917,-0.0254005685873917
TCEHY_2010-04-20,TCEHY,2010-04-20,4.067999839782715,4.067999839782715,4.021999835968018,4.050000190734863,38000.0,-0.041193131467753,,,0.0099750522618251,0.0241702992873773,-0.0241702992873773
TCEHY_2010-04-21,TCEHY,2010-04-21,4.064000129699707,4.064000129699707,4.019999980926514,4.019999980926514,13000.0,0.0151515005559488,,,-0.0074074588630836,0.0228468200998814,-0.0228468200998814
TCEHY_2010-04-22,TCEHY,2010-04-22,4.039999961853027,4.050000190734863,4.021999835968018,4.050000190734863,25000.0,0.0384615619742181,,,0.007462738793704,0.0227745220999816,-0.0227745220999816
TCEHY_2010-04-23,TCEHY,2010-04-23,4.193999767303467,4.210000038146973,4.159999847412109,4.210000038146973,4925000.0,0.1167108910998786,,,0.0395061333029413,0.022859571153954,-0.022859571153954
TCEHY_2010-04-26,TCEHY,2010-04-26,4.265999794006348,4.265999794006348,4.234000205993652,4.251999855041504,196000.0,0.0981404643805288,,,0.0099762034474986,0.0226581732015925,-0.0226581732015925
TCEHY_2010-04-27,TCEHY,2010-04-27,4.162000179290772,4.162000179290772,4.053999900817871,4.059999942779541,384000.0,0.1002709701413362,,,-0.0451552019773267,0.0225951271320581,-0.0225951271320581
TCEHY_2010-04-28,TCEHY,2010-04-28,4.081999778747559,4.139999866485596,4.072000026702881,4.139999866485596,96500.0,0.1404957950320138,,,0.0197044149836331,0.022586544853568,-0.022586544853568
TCEHY_2010-04-29,TCEHY,2010-04-29,4.1579999923706055,4.179999828338623,4.125999927520752,4.179999828338623,120500.0,0.1297296687753824,,,0.0096618268461401,0.0225025120122647,-0.0225025120122647
TCEHY_2010-04-30,TCEHY,2010-04-30,4.199999809265137,4.199999809265137,4.138000011444092,4.138000011444092,34500.0,0.1005319207286121,,,-0.0100478034974523,0.0224817275605576,-0.0224817275605576
TCEHY_2010-05-03,TCEHY,2010-05-03,4.277999877929688,4.300000190734863,4.2220001220703125,4.297999858856201,50500.0,0.1743168737879166,,,0.0386659852512354,0.0226563921604086,-0.0226563921604086
TCEHY_2010-05-04,TCEHY,2010-05-04,4.25,4.25,4.090000152587891,4.0980000495910645,478000.0,0.1045822122519128,,,-0.0465332284395098,0.0234467867236509,-0.0234467867236509
TCEHY_2010-05-05,TCEHY,2010-05-05,4.105999946594238,4.145999908447266,4.072000026702881,4.113999843597412,72000.0,0.0564971204864865,,,0.0039042932681137,0.0226389196149353,-0.0226389196149353
TCEHY_2010-05-06,TCEHY,2010-05-06,3.9800000190734863,4.004000186920166,3.7699999809265137,3.888000011444092,104000.0,0.067545319660597,,,-0.0549343317319377,0.0222095826584845,-0.0222095826584845
TCEHY_2010-05-07,TCEHY,2010-05-07,3.875999927520752,3.936000108718872,3.7939999103546143,3.864000082015991,133500.0,0.0983513944335969,,,-0.0061728213367948,0.0217676575213678,-0.0217676575213678
TCEHY_2010-05-10,TCEHY,2010-05-10,3.950000047683716,4.03000020980835,3.944000005722046,3.9800000190734863,169000.0,0.1326124326131652,,,0.03002068700707,0.0220536583443051,-0.0220536583443051
TCEHY_2010-05-11,TCEHY,2010-05-11,3.99399995803833,4.03000020980835,3.983999967575073,4.03000020980835,183000.0,0.1481482110421492,,,0.0125628619334787,0.0220875405619462,-0.0220875405619462
TCEHY_2010-05-12,TCEHY,2010-05-12,3.920000076293945,3.9600000381469727,3.920000076293945,3.9579999446868896,59500.0,0.10312148257016,,,-0.0178660698196052,0.0220858090823529,-0.0220858090823529
TCEHY_2010-05-13,TCEHY,2010-05-13,4.0980000495910645,4.122000217437744,4.001999855041504,4.085999965667725,144500.0,0.0843949277331623,,,0.0323395711899032,0.0215641609845559,-0.0215641609845559
TCEHY_2010-05-14,TCEHY,2010-05-14,4.144000053405762,4.168000221252441,4.053999900817871,4.0960001945495605,271000.0,0.0916844596270363,,,0.0024474373386838,0.021551789607276,-0.021551789607276
TCEHY_2010-05-17,TCEHY,2010-05-17,3.983999967575073,4.0,3.924000024795532,4.0,68500.0,0.0427528769030445,,,-0.0234375463842275,0.0216129237361876,-0.0216129237361876
TCEHY_2010-05-18,TCEHY,2010-05-18,4.004000186920166,4.035999774932861,3.900000095367432,3.946000099182129,158000.0,0.0170103048439524,,,-0.0134999752044677,0.0216448269293188,-0.0216448269293188
TCEHY_2010-05-19,TCEHY,2010-05-19,3.881999969482422,3.881999969482422,3.8420000076293945,3.8540000915527344,275500.0,-0.0117948724845772,,,-0.0233147504604632,0.0218423744791229,-0.0218423744791229
TCEHY_2010-05-20,TCEHY,2010-05-20,3.799999952316284,3.799999952316284,3.680000066757202,3.680000066757202,94500.0,-0.0170939882474413,,,-0.0451479036487073,0.0220036456912594,-0.0220036456912594
TCEHY_2010-05-21,TCEHY,2010-05-21,3.680000066757202,3.7780001163482666,3.651999950408936,3.776000022888184,211000.0,-0.0263022170038186,,,0.0260869441275788,0.0217816754367202,-0.0217816754367202
TCEHY_2010-05-24,TCEHY,2010-05-24,3.75,3.808000087738037,3.75,3.759999990463257,51500.0,-0.0264111854984213,,,-0.0042372966970188,0.0217820049958789,-0.0217820049958789
TCEHY_2010-05-25,TCEHY,2010-05-25,3.615999937057495,3.674000024795532,3.5999999046325684,3.670000076293945,145500.0,-0.049222752322682,,,-0.0239361474461662,0.0219865667589311,-0.0219865667589311
TCEHY_2010-05-26,TCEHY,2010-05-26,3.7820000648498535,3.839999914169312,3.7699999809265137,3.796000003814697,199500.0,-0.0073221440364991,,,0.0343324046052853,0.0223901658409389,-0.0223901658409389
TCEHY_2010-05-27,TCEHY,2010-05-27,3.849999904632568,3.950000047683716,3.849999904632568,3.930000066757202,50500.0,0.0071758371871151,,,0.0353003326680307,0.0226845125142936,-0.0226845125142936
TCEHY_2010-05-28,TCEHY,2010-05-28,3.819999933242798,3.849999904632568,3.799999952316284,3.849999904632568,754000.0,-0.0307150006527698,,,-0.0203562750039965,0.0227191535261218,-0.0227191535261218
TCEHY_2010-06-01,TCEHY,2010-06-01,3.869999885559082,3.884000062942505,3.803999900817871,3.805999994277954,133500.0,-0.0708008267815764,,,-0.0114285484271493,0.0223998343713996,-0.0223998343713996
TCEHY_2010-06-02,TCEHY,2010-06-02,3.920000076293945,3.944000005722046,3.875999927520752,3.944000005722046,361500.0,-0.030004913791688,,,0.03625854221008,0.0228668646115324,-0.0228668646115324
TCEHY_2010-06-03,TCEHY,2010-06-03,3.9140000343322754,3.9140000343322754,3.861999988555908,3.861999988555908,88500.0,-0.0306224849427952,,,-0.0207910793730147,0.0228757732228943,-0.0228757732228943
TCEHY_2010-06-04,TCEHY,2010-06-04,3.799999952316284,3.828000068664551,3.73799991607666,3.73799991607666,59500.0,-0.090510998869397,,,-0.0321077350716447,0.0228533197401024,-0.0228533197401024
TCEHY_2010-06-07,TCEHY,2010-06-07,3.7739999294281006,3.7780001163482666,3.684000015258789,3.684000015258789,274500.0,-0.1045211095493424,,,-0.0144462017202366,0.0229116653905241,-0.0229116653905241
TCEHY_2010-06-08,TCEHY,2010-06-08,3.681999921798706,3.700000047683716,3.650000095367432,3.700000047683716,102500.0,-0.0997567086403238,,,0.0043431141038696,0.0229233886895202,-0.0229233886895202
TCEHY_2010-06-09,TCEHY,2010-06-09,3.552000045776367,3.562000036239624,3.4719998836517334,3.4719998836517334,147000.0,-0.1697752867921129,,,-0.0616216651604412,0.0240121668100836,-0.0240121668100836
TCEHY_2010-06-10,TCEHY,2010-06-10,3.309999942779541,3.359999895095825,3.259999990463257,3.359999895095825,80500.0,-0.2019002696791599,,,-0.0322580623010017,0.0242674837764659,-0.0242674837764659
TCEHY_2010-06-11,TCEHY,2010-06-11,3.4059998989105225,3.437999963760376,3.380000114440918,3.436000108718872,136000.0,-0.1795606631224201,,,0.0226191119035374,0.0244840894552743,-0.0244840894552743
TCEHY_2010-06-14,TCEHY,2010-06-14,3.4019999504089355,3.4179999828338623,3.369999885559082,3.369999885559082,95000.0,-0.2162791311450722,,,-0.0192084461791238,0.0242721620538786,-0.0242721620538786
TCEHY_2010-06-15,TCEHY,2010-06-15,3.302000045776367,3.3499999046325684,3.2679998874664307,3.3420000076293945,155000.0,-0.2227907303747696,,,-0.00830856940075,0.0242750340503242,-0.0242750340503242
TCEHY_2010-06-16,TCEHY,2010-06-16,3.2720000743865967,3.345999956130981,3.2720000743865967,3.309999942779541,159000.0,-0.2373272289389604,,,-0.0095751241103534,0.0242284128225962,-0.0242284128225962
TCEHY_2010-06-17,TCEHY,2010-06-17,3.236000061035156,3.23799991607666,3.20199990272522,3.2239999771118164,1917500.0,-0.2094163995030042,,,-0.0259818631886461,0.0233078874728423,-0.0233078874728423
TCEHY_2010-06-18,TCEHY,2010-06-18,3.3399999141693115,3.359999895095825,3.328000068664551,3.328000068664551,98500.0,-0.1750123612411525,,,0.0322580931423894,0.0237167714071863,-0.0237167714071863
TCEHY_2010-06-21,TCEHY,2010-06-21,3.374000072479248,3.431999921798706,3.369999885559082,3.4200000762939453,112000.0,-0.1662603902717787,,,0.0276442324913508,0.0238990025419602,-0.0238990025419602
TCEHY_2010-06-22,TCEHY,2010-06-22,3.2679998874664307,3.2699999809265137,3.200000047683716,3.200000047683716,78000.0,-0.2244304159242811,,,-0.0643274923106523,0.0251039310620358,-0.0251039310620358
TCEHY_2010-06-23,TCEHY,2010-06-23,3.181999921798706,3.2039999961853027,3.181999921798706,3.2039999961853027,69000.0,-0.2120019655166752,,,0.0012499838881196,0.0250728843980692,-0.0250728843980692
TCEHY_2010-06-24,TCEHY,2010-06-24,3.2179999351501465,3.2679998874664307,3.187999963760376,3.25,164500.0,-0.2034313576535871,,,0.0143570548905946,0.0251589239702766,-0.0251589239702766
TCEHY_2010-06-25,TCEHY,2010-06-25,3.345999956130981,3.364000082015991,3.318000078201294,3.3580000400543213,40000.0,-0.184555605835616,,,0.0332307815551757,0.0255298787359174,-0.0255298787359174
TCEHY_2010-06-28,TCEHY,2010-06-28,3.364000082015991,3.364000082015991,3.3299999237060547,3.3540000915527344,23000.0,-0.1910274564359906,,,-0.0011911698790576,0.0255006974295645,-0.0255006974295645
TCEHY_2010-06-29,TCEHY,2010-06-29,3.25,3.259999990463257,3.220000028610229,3.2260000705718994,37500.0,-0.2085378063058552,,,-0.0381633922143327,0.0258259279232467,-0.0258259279232467
TCEHY_2010-06-30,TCEHY,2010-06-30,3.322000026702881,3.380000114440918,3.318000078201294,3.318000078201294,137000.0,-0.1742160342838548,,,0.0285182906437708,0.0260962745702624,-0.0260962745702624
TCEHY_2010-07-01,TCEHY,2010-07-01,3.319999933242798,3.3399999141693115,3.26200008392334,3.3399999141693115,254500.0,-0.1620672696874168,,,0.0066304507081096,0.0261135255095605,-0.0261135255095605
TCEHY_2010-07-02,TCEHY,2010-07-02,3.302000045776367,3.3580000400543213,3.299999952316284,3.3299999237060547,533000.0,-0.1757425853591634,,,-0.002994009197675,0.0260329737105,-0.0260329737105
TCEHY_2010-07-06,TCEHY,2010-07-06,3.490000009536743,3.507999897003174,3.440000057220459,3.461999893188477,52000.0,-0.1430693252777752,,,0.0396396313833893,0.0265733624286316,-0.0265733624286316
TCEHY_2010-07-07,TCEHY,2010-07-07,3.496000051498413,3.568000078201294,3.4760000705718994,3.552000045776367,32000.0,-0.1093279537300552,-0.2021563492440063,-0.1557421514870308,0.0259965786726239,0.0267696637706434,-0.0267696637706434
TCEHY_2010-07-08,TCEHY,2010-07-08,3.5480000972747803,3.559999942779541,3.5220000743865967,3.559999942779541,52000.0,-0.133819993398532,-0.2057117262899312,-0.1697658598442316,0.0022522232263726,0.0264583278441111,-0.0264583278441111
TCEHY_2010-07-09,TCEHY,2010-07-09,3.5460000038146973,3.6040000915527344,3.5460000038146973,3.6040000915527344,37500.0,-0.1332371096282802,-0.161860481002254,-0.1475487953152671,0.0123595925506783,0.0264641142247221,-0.0264641142247221
TCEHY_2010-07-12,TCEHY,2010-07-12,3.5439999103546143,3.5999999046325684,3.5439999103546143,3.569999933242798,36000.0,-0.1389290853651242,-0.1808168665122872,-0.1598729759387057,-0.0094340059506735,0.0264808243277287,-0.0264808243277287
TCEHY_2010-07-13,TCEHY,2010-07-13,3.5999999046325684,3.640000104904175,3.5999999046325684,3.635999917984009,88500.0,-0.1196126350528642,-0.1818181574320235,-0.1507153962424439,0.0184873910295175,0.0266052116897489,-0.0266052116897489
TCEHY_2010-07-14,TCEHY,2010-07-14,3.5460000038146973,3.562000036239624,3.5299999713897705,3.5299999713897705,42500.0,-0.1534772405742903,-0.1914796542570329,-0.1724784474156616,-0.0291529012610677,0.0267872238269625,-0.0267872238269625
TCEHY_2010-07-15,TCEHY,2010-07-15,3.5239999294281006,3.5239999294281006,3.4800000190734863,3.513999938964844,120000.0,-0.1454280280290262,-0.2103370585211017,-0.1778825432750639,-0.0045325871259502,0.0267476192866534,-0.0267476192866534
TCEHY_2010-07-16,TCEHY,2010-07-16,3.513999938964844,3.553999900817871,3.4800000190734863,3.483999967575073,110500.0,-0.1316052106937981,-0.2237076575926651,-0.1776564341432316,-0.0085372714601152,0.0266100658971326,-0.0266100658971326
TCEHY_2010-07-19,TCEHY,2010-07-19,3.601999998092652,3.609999895095825,3.563999891281128,3.609999895095825,155500.0,-0.0997507009862561,-0.1995566049026892,-0.1496536529444727,0.036165306743229,0.027038372377896,-0.027038372377896
TCEHY_2010-07-20,TCEHY,2010-07-20,3.5339999198913574,3.5899999141693115,3.5299999713897705,3.569999933242798,200500.0,-0.1185185765151706,-0.1548295566791633,-0.1366740665971669,-0.0110803221649306,0.0270268343535923,-0.0270268343535923
TCEHY_2010-07-21,TCEHY,2010-07-21,3.559999942779541,3.595999956130981,3.5199999809265137,3.5280001163482666,107500.0,-0.1223880265951774,-0.109090888292227,-0.1157394574437022,-0.0117646548122988,0.0270474033289004,-0.0270474033289004
TCEHY_2010-07-22,TCEHY,2010-07-22,3.5280001163482666,3.5799999237060547,3.5280001163482666,3.569999933242798,139500.0,-0.1185185765151706,-0.0846154241166867,-0.1015670003159286,0.011904709611519,0.0270774665262386,-0.0270774665262386
TCEHY_2010-07-23,TCEHY,2010-07-23,3.5220000743865967,3.5799999237060547,3.5220000743865967,3.578000068664551,40000.0,-0.1501187562365429,-0.0509283589478366,-0.1005235575921897,0.0022409343337119,0.0265664051952008,-0.0265664051952008
TCEHY_2010-07-26,TCEHY,2010-07-26,3.532000064849853,3.5840001106262207,3.532000064849853,3.5840001106262207,30500.0,-0.1571024852278041,-0.0743801317028671,-0.1157413084653356,0.0016769261728688,0.0265254557526047,-0.0265254557526047
TCEHY_2010-07-27,TCEHY,2010-07-27,3.711999893188477,3.711999893188477,3.651999950408936,3.651999950408936,132500.0,-0.1004926103745906,-0.0102981317675499,-0.0553953710710702,0.0189731689965919,0.0260834873215851,-0.0260834873215851
TCEHY_2010-07-28,TCEHY,2010-07-28,3.742000102996826,3.7699999809265137,3.732000112533569,3.740000009536743,59500.0,-0.0966183260504325,0.0303030004484634,-0.0331576628009845,0.024096402059905,0.0261464397291868,-0.0261464397291868
TCEHY_2010-07-29,TCEHY,2010-07-29,3.7920000553131104,3.859999895095825,3.7799999713897705,3.796000003814697,58000.0,-0.0918659905009016,0.0259459337550762,-0.0329600283729126,0.0149732604639458,0.0261907913382811,-0.0261907913382811
TCEHY_2010-07-30,TCEHY,2010-07-30,3.8420000076293945,3.885999917984009,3.8420000076293945,3.885999917984009,76000.0,-0.0608990074343037,0.0335106191064717,-0.0136941941639159,0.023709144910134,0.0263514282087312,-0.0263514282087312
TCEHY_2010-08-02,TCEHY,2010-08-02,3.934000015258789,3.9579999446868896,3.910000085830689,3.930000066757202,86500.0,-0.0856211736118884,0.0737704848619513,-0.0059253443749685,0.0113227353839009,0.0259149561691542,-0.0259149561691542
TCEHY_2010-08-03,TCEHY,2010-08-03,3.920000076293945,3.9260001182556152,3.878000020980835,3.9140000343322754,54500.0,-0.0448999543758302,0.0549865213174483,0.005043283470809,-0.0040712550007993,0.0252577479567758,-0.0252577479567758
TCEHY_2010-08-04,TCEHY,2010-08-04,3.953999996185303,3.990000009536743,3.953999996185303,3.9800000190734863,130000.0,-0.0325716649533831,0.0220852502537864,-0.0052432073497983,0.016862540664865,0.0253460757159823,-0.0253460757159823
TCEHY_2010-08-05,TCEHY,2010-08-05,3.9700000286102295,3.9700000286102295,3.940000057220459,3.953999996185303,145000.0,0.0169753046674239,0.0856672267081182,0.051321265687771,-0.0065326690360759,0.0243754152357878,-0.0243754152357878
TCEHY_2010-08-06,TCEHY,2010-08-06,3.9079999923706055,3.936000108718872,3.900000095367432,3.901999950408936,77500.0,0.0098343342614835,0.1091529491830234,0.0594936417222534,-0.0131512508413088,0.0244223229033906,-0.0244223229033906
TCEHY_2010-08-09,TCEHY,2010-08-09,3.982000112533569,3.990000009536743,3.9600000381469727,3.990000009536743,70500.0,0.0025125604058626,0.135458189766537,0.0689853750861998,0.0225525526002594,0.0242942698463869,-0.0242942698463869
TCEHY_2010-08-10,TCEHY,2010-08-10,3.96399998664856,4.039999961853027,3.96399998664856,4.0,77500.0,-0.0074442204085583,0.1396011426974597,0.0660784611444507,0.0025062632680088,0.0242456016828544,-0.0242456016828544
TCEHY_2010-08-11,TCEHY,2010-08-11,3.839999914169312,3.849999904632568,3.7699999809265137,3.7699999809265137,43500.0,-0.0474987282434761,0.0507246150500195,0.0016129434032717,-0.0575000047683715,0.0252159892994386,-0.0252159892994386
TCEHY_2010-08-12,TCEHY,2010-08-12,3.650000095367432,3.70199990272522,3.650000095367432,3.700000047683716,33500.0,-0.0944688989787913,-0.0180466671479753,-0.0562577830633833,-0.0185676216437525,0.0249624757726411,-0.0249624757726411
TCEHY_2010-08-13,TCEHY,2010-08-13,3.70199990272522,3.723999977111816,3.70199990272522,3.723999977111816,85000.0,-0.0908203612716511,-0.0074627173909384,-0.0491415393312947,0.0064864673294058,0.0249773452277107,-0.0249773452277107
TCEHY_2010-08-16,TCEHY,2010-08-16,3.75,3.75600004196167,3.723999977111816,3.740000009536743,40500.0,-0.0649999976158142,-0.0250260576095366,-0.0450130276126754,0.0042964641576974,0.0248230237392871,-0.0248230237392871
TCEHY_2010-08-17,TCEHY,2010-08-17,3.808000087738037,3.812000036239624,3.7820000648498535,3.7820000648498535,94000.0,-0.0415610821617229,-0.0252577439949858,-0.0334094130783543,0.0112299612850301,0.0248138446604109,-0.0248138446604109
TCEHY_2010-08-18,TCEHY,2010-08-18,3.783999919891357,3.7939999103546143,3.753999948501587,3.753999948501587,108500.0,-0.0259471044825165,-0.0374359341783785,-0.0316915193304475,-0.0074035208535561,0.0246569956262976,-0.0246569956262976
TCEHY_2010-08-19,TCEHY,2010-08-19,3.812000036239624,3.812000036239624,3.759999990463257,3.759999990463257,22000.0,0.0217391093083729,0.0042735129819044,0.0130063111451387,0.0015983063516196,0.0239738673828371,-0.0239738673828371
TCEHY_2010-08-20,TCEHY,2010-08-20,3.7920000553131104,3.818000078201294,3.7920000553131104,3.818000078201294,47500.0,0.0111228959371099,-0.0154718778893574,-0.0021744909761237,0.0154255552886028,0.0238284376006474,-0.0238284376006474
TCEHY_2010-08-23,TCEHY,2010-08-23,3.822000026702881,3.828000068664551,3.799999952316284,3.799999952316284,61500.0,0.0106382877538515,-0.0160538675358223,-0.0027077898909854,-0.0047145430896611,0.0238300300887431,-0.0238300300887431
TCEHY_2010-08-24,TCEHY,2010-08-24,3.6579999923706055,3.6579999923706055,3.5999999046325684,3.6480000019073486,52500.0,-0.0059945705529282,-0.0549222536140026,-0.0304584120834654,-0.0399999874516535,0.0241785652823557,-0.0241785652823557
TCEHY_2010-08-25,TCEHY,2010-08-25,3.569999933242798,3.569999933242798,3.532000064849853,3.558000087738037,80500.0,-0.0626975542248386,-0.0695606177385672,-0.0661290859817029,-0.0246710290905305,0.0239768385968477,-0.0239768385968477
TCEHY_2010-08-26,TCEHY,2010-08-26,3.558000087738037,3.631999969482422,3.558000087738037,3.565999984741211,71500.0,-0.0926208844358473,-0.0861096796355703,-0.0893652820357088,0.0022484251843455,0.0235329893522576,-0.0235329893522576
TCEHY_2010-08-27,TCEHY,2010-08-27,3.5999999046325684,3.6540000438690186,3.5999999046325684,3.6540000438690186,53500.0,-0.0509090560048351,-0.0800603849691846,-0.0654847204870099,0.0246775265015022,0.0236275320432043,-0.0236275320432043
TCEHY_2010-08-30,TCEHY,2010-08-30,3.660000085830689,3.7079999446868896,3.651999950408936,3.651999950408936,141000.0,-0.0404624393327761,-0.1083984919559926,-0.0744304656443843,-0.0005473709458319,0.0235864711737974,-0.0235864711737974
TCEHY_2010-08-31,TCEHY,2010-08-31,3.650000095367432,3.6659998893737793,3.650000095367432,3.6659998893737793,70500.0,-0.0704868448136252,-0.0983768069032323,-0.0844318258584287,0.0038334992209612,0.0231233444047242,-0.0231233444047242
TCEHY_2010-09-01,TCEHY,2010-09-01,3.696000099182129,3.7200000286102295,3.651999950408936,3.7200000286102295,50500.0,-0.0367685034610204,-0.0662650454602115,-0.0515167744606159,0.0147299893251426,0.0230633242683986,-0.0230633242683986
TCEHY_2010-09-02,TCEHY,2010-09-02,3.650000095367432,3.680000066757202,3.650000095367432,3.670000076293945,42500.0,-0.0181915038280917,-0.1070559715150718,-0.0626237376715818,-0.0134408472934781,0.0227664734580974,-0.0227664734580974
TCEHY_2010-09-03,TCEHY,2010-09-03,3.7279999256134033,3.7820000648498535,3.7279999256134033,3.7820000648498535,40500.0,0.0266015334378819,-0.0806999979021019,-0.0270492322321099,0.0305177074189624,0.0230108251405726,-0.0230108251405726
TCEHY_2010-09-07,TCEHY,2010-09-07,3.884000062942505,3.884000062942505,3.829999923706055,3.829999923706055,68500.0,0.0351351011748559,-0.0681265695164162,-0.0164957341707801,0.0126916599770356,0.0230562511599455,-0.0230562511599455
TCEHY_2010-09-08,TCEHY,2010-09-08,3.864000082015991,3.869999885559082,3.848000049591065,3.848000049591065,72500.0,0.1082949822981753,-0.0798661161717571,0.0142144330632091,0.0046997718651629,0.0216295050190775,-0.0216295050190775
TCEHY_2010-09-09,TCEHY,2010-09-09,3.910000085830689,3.910000085830689,3.868000030517578,3.890000104904175,56000.0,0.1577381626058753,-0.076009484642106,0.0408643389818846,0.0109147751486056,0.0212107894542842,-0.0212107894542842
TCEHY_2010-09-10,TCEHY,2010-09-10,3.874000072479248,3.875999927520752,3.858000040054321,3.859999895095825,67500.0,0.1233992354368822,-0.0783190762293841,0.022540079603749,-0.007712135989541,0.0210918355037371,-0.0210918355037371
TCEHY_2010-09-13,TCEHY,2010-09-13,3.911999940872192,3.9660000801086426,3.911999940872192,3.921999931335449,70000.0,0.1637982387304415,-0.0879070331703437,0.0379456027800488,0.0160621859908327,0.0209857642981419,-0.0209857642981419
TCEHY_2010-09-14,TCEHY,2010-09-14,3.983999967575073,3.99399995803833,3.937999963760376,3.983999967575073,76000.0,0.1921005261759627,-0.0734884207309271,0.0593060527225178,0.0158082706081315,0.0210029738293994,-0.0210029738293994
TCEHY_2010-09-15,TCEHY,2010-09-15,3.9579999446868896,3.9779999256134033,3.9260001182556152,3.941999912261963,180000.0,0.1909365499721749,-0.0917051212748472,0.0496157143486638,-0.010542182644312,0.0210126730274341,-0.0210126730274341
TCEHY_2010-09-16,TCEHY,2010-09-16,3.9679999351501465,3.99399995803833,3.9679999351501465,3.986000061035156,24000.0,0.2363523850288511,-0.0225600799608428,0.1068961525340041,0.0111618847672538,0.020705304612689,-0.020705304612689
TCEHY_2010-09-17,TCEHY,2010-09-17,3.971999883651733,3.996000051498413,3.96399998664856,3.9800000190734863,240500.0,0.1959134425951403,-0.0133861928334707,0.0912636248808347,-0.0015052789437517,0.0203857075630198,-0.0203857075630198
TCEHY_2010-09-20,TCEHY,2010-09-20,4.0320000648498535,4.079999923706055,4.021999835968018,4.079999923706055,240500.0,0.1929824072189241,-0.0053633133926603,0.0938095469131318,0.0251256040586269,0.0203391159191291,-0.0203391159191291
TCEHY_2010-09-21,TCEHY,2010-09-21,4.085999965667725,4.144000053405762,4.085999965667725,4.133999824523926,183000.0,0.2918749259132902,0.0019388989684205,0.1469069124408554,0.0132352700557947,0.0184577763656413,-0.0184577763656413
TCEHY_2010-09-22,TCEHY,2010-09-22,4.056000232696533,4.076000213623047,4.039999961853027,4.073999881744385,53000.0,0.2715355451294969,0.0019675103377263,0.1367515277336116,-0.0145137748733336,0.0186052492949254,-0.0186052492949254
TCEHY_2010-09-23,TCEHY,2010-09-23,4.010000228881836,4.070000171661377,4.001999855041504,4.02400016784668,72500.0,0.2381538977989783,-0.0137254306143486,0.1122142335923148,-0.0122728805471384,0.0186683564013435,-0.0186683564013435
TCEHY_2010-09-24,TCEHY,2010-09-24,4.170000076293945,4.188000202178955,4.139999866485596,4.179999828338623,100500.0,0.2447884986538011,0.015055803147542,0.1299221509006716,0.0387673096384142,0.0188226357894416,-0.0188226357894416
TCEHY_2010-09-27,TCEHY,2010-09-27,4.320000171661377,4.363999843597412,4.309999942779541,4.340000152587891,277000.0,0.2939773506621126,0.0467921486793474,0.17038474967073,0.0382775911052755,0.0193092178262447,-0.0193092178262447
TCEHY_2010-09-28,TCEHY,2010-09-28,4.380000114440918,4.414000034332275,4.349999904632568,4.414000034332275,258000.0,0.3682578852361182,0.0829243873882894,0.2255911363122038,0.0170506633969262,0.0185912456728155,-0.0185912456728155
TCEHY_2010-09-29,TCEHY,2010-09-29,4.361999988555908,4.369999885559082,4.329999923706055,4.360000133514404,149000.0,0.3140446144528075,0.0851169728507823,0.1995807936517949,-0.0122337789755001,0.018473995329293,-0.018473995329293
TCEHY_2010-09-30,TCEHY,2010-09-30,4.369999885559082,4.400000095367432,4.343999862670898,4.386000156402588,273500.0,0.3131737332674231,0.1003512516915399,0.2067624924794815,0.0059633078192651,0.0184729531198518,-0.0184729531198518
TCEHY_2010-10-01,TCEHY,2010-10-01,4.400000095367432,4.400000095367432,4.360000133514404,4.372000217437744,68000.0,0.312913008289807,0.0821782818612795,0.1975456450755432,-0.0031919604344762,0.0184742655303681,-0.0184742655303681
TCEHY_2010-10-04,TCEHY,2010-10-04,4.4720001220703125,4.4720001220703125,4.3979997634887695,4.3979997634887695,215500.0,0.2703639223507437,0.0886138131227947,0.1794888677367692,0.0059468309144463,0.0179199522848615,-0.0179199522848615
TCEHY_2010-10-05,TCEHY,2010-10-05,4.363999843597412,4.389999866485596,4.309999942779541,4.375999927520752,202500.0,0.2319819456996323,0.0972918805439195,0.1646369131217759,-0.0050022367328564,0.0177298087826811,-0.0177298087826811
TCEHY_2010-10-06,TCEHY,2010-10-06,4.361999988555908,4.4079999923706055,4.361999988555908,4.400000095367432,118500.0,0.2359551028340871,0.0705595991319476,0.1532573509830174,0.0054844991417257,0.0177308978568737,-0.0177308978568737
TCEHY_2010-10-07,TCEHY,2010-10-07,4.297999858856201,4.3460001945495605,4.297999858856201,4.3420000076293945,56000.0,0.2047724465397289,0.0442520480029835,0.1245122472713562,-0.0131818378365725,0.0178173968014676,-0.0178173968014676
TCEHY_2010-10-08,TCEHY,2010-10-08,4.421999931335449,4.46999979019165,4.418000221252441,4.460000038146973,51000.0,0.2492997539346579,0.0757356817736409,0.1625177178541494,0.0271764233786822,0.0179975185723629,-0.0179975185723629
TCEHY_2010-10-11,TCEHY,2010-10-11,4.515999794006348,4.561999797821045,4.515999794006348,4.556000232696533,144000.0,0.2530253947922587,0.1031477255330011,0.1780865601626299,0.0215247071140041,0.0180417851745606,-0.0180417851745606
TCEHY_2010-10-12,TCEHY,2010-10-12,4.668000221252441,4.73799991607666,4.668000221252441,4.73799991607666,79000.0,0.3422096188321772,0.1362109902615447,0.2392103045468609,0.0399472506770282,0.0181096848607174,-0.0181096848607174
TCEHY_2010-10-13,TCEHY,2010-10-13,4.863999843597412,4.874000072479248,4.823999881744385,4.869999885559082,61000.0,0.3858850228078516,0.1843384968659436,0.2851117598368976,0.0278598505319784,0.018298022513006,-0.018298022513006
TCEHY_2010-10-14,TCEHY,2010-10-14,4.734000205993652,4.734000205993652,4.682000160217285,4.7179999351501465,163000.0,0.3541905795234437,0.1759720429857041,0.2650813112545739,-0.0312114895237797,0.0187920733322706,-0.0187920733322706
TCEHY_2010-10-15,TCEHY,2010-10-15,4.77400016784668,4.77400016784668,4.73199987411499,4.771999835968018,121500.0,0.3218836494845238,0.1900248288261721,0.255954239155348,0.0114455069012526,0.0183844717715176,-0.0183844717715176
TCEHY_2010-10-18,TCEHY,2010-10-18,4.771999835968018,4.826000213623047,4.771999835968018,4.826000213623047,67500.0,0.3518208134080733,0.1916049348993684,0.2717128741537209,0.0113160895874329,0.0182925586813617,-0.0182925586813617
TCEHY_2010-10-19,TCEHY,2010-10-19,4.754000186920166,4.757999897003174,4.71999979019165,4.71999979019165,97000.0,0.3378683771351995,0.1741293066135298,0.2559988418743647,-0.0219644464855541,0.0184870894301271,-0.0184870894301271
TCEHY_2010-10-20,TCEHY,2010-10-20,4.65399980545044,4.72599983215332,4.65399980545044,4.699999809265137,230000.0,0.3165265818355092,0.1604937254119813,0.2385101536237452,-0.0042372842829515,0.0184988874900472,-0.0184988874900472
TCEHY_2010-10-21,TCEHY,2010-10-21,4.817999839782715,4.817999839782715,4.74399995803833,4.751999855041504,1517000.0,0.3281162000690334,0.1287410479770665,0.2284286240230499,0.0110638399758782,0.0185145641530917,-0.0185145641530917
TCEHY_2010-10-22,TCEHY,2010-10-22,4.78000020980835,4.78000020980835,4.730000019073486,4.75,164500.0,0.3253347805198723,0.1171213927413539,0.2212280866306131,-0.0004208449289792,0.0185219438312493,-0.0185219438312493
TCEHY_2010-10-25,TCEHY,2010-10-25,4.802000045776367,4.808000087738037,4.771999835968018,4.797999858856201,770000.0,0.3138006363660932,0.1817733809058661,0.2477870086359797,0.0101052334434108,0.0184448758645898,-0.0184448758645898
TCEHY_2010-10-26,TCEHY,2010-10-26,4.697999954223633,4.702000141143799,4.662000179290772,4.699999809265137,125000.0,0.2566844377755239,0.1352656910240239,0.1959750643997739,-0.0204251880937793,0.0185350025641058,-0.0185350025641058
TCEHY_2010-10-27,TCEHY,2010-10-27,4.645999908447266,4.645999908447266,4.576000213623047,4.605999946594238,69000.0,0.2133824926147396,0.1019139080742337,0.1576482003444866,-0.0199999715926787,0.0187178790528115,-0.0187178790528115
TCEHY_2010-10-28,TCEHY,2010-10-28,4.519999980926514,4.564000129699707,4.519999980926514,4.558000087738037,85500.0,0.172928508475793,0.1014983265182187,0.1372134174970058,-0.0104211592298634,0.0186097183399402,-0.0186097183399402
TCEHY_2010-10-29,TCEHY,2010-10-29,4.552000045776367,4.639999866485596,4.552000045776367,4.622000217437744,803000.0,0.1760814602864724,0.0753839853935609,0.1257327228400167,0.0140412743457114,0.0186331576947473,-0.0186331576947473
TCEHY_2010-11-01,TCEHY,2010-11-01,4.794000148773193,4.840000152587891,4.78000020980835,4.809999942779541,537000.0,0.2289217937117678,0.1737432612426459,0.2013325274772068,0.0406749711158638,0.0192127850520863,-0.0192127850520863
TCEHY_2010-11-02,TCEHY,2010-11-02,4.7820000648498535,4.866000175476074,4.7820000648498535,4.857999801635742,269000.0,0.2206029593855749,0.1808458887513599,0.2007244240684674,0.0099791807540985,0.0191548194170552,-0.0191548194170552
TCEHY_2010-11-03,TCEHY,2010-11-03,4.840000152587891,4.868000030517578,4.840000152587891,4.868000030517578,168500.0,0.2311583295938477,0.2520576173325402,0.2416079734631939,0.0020585074701873,0.0191138637283525,-0.0191138637283525
TCEHY_2010-11-04,TCEHY,2010-11-04,4.688000202178955,4.71999979019165,4.650000095367432,4.670000076293945,356500.0,0.1968221772541338,0.2085921265968073,0.2027071519254706,-0.0406737783447755,0.019802395270355,-0.019802395270355
TCEHY_2010-11-05,TCEHY,2010-11-05,4.693999767303467,4.736000061035156,4.693999767303467,4.71999979019165,76000.0,0.1829573380727043,0.1859295898421704,0.1844434639574373,0.0107065766768432,0.0196700197223453,-0.0196700197223453
TCEHY_2010-11-08,TCEHY,2010-11-08,4.645999908447266,4.645999908447266,4.561999797821045,4.561999797821045,790000.0,0.1404999494552612,0.1320098164555667,0.136254882955414,-0.033474576142765,0.0201958337724555,-0.0201958337724555
TCEHY_2010-11-09,TCEHY,2010-11-09,4.739999771118164,4.829999923706055,4.71999979019165,4.730000019073486,1250500.0,0.2546419212211888,0.1950480255622309,0.2248449733917098,0.0368260036602114,0.0191617093159213,-0.0191617093159213
TCEHY_2010-11-10,TCEHY,2010-11-10,4.622000217437744,4.622000217437744,4.579999923706055,4.579999923706055,139500.0,0.2378378012652293,0.1209006270653754,0.1793692141653023,-0.0317124936073073,0.0194780152492415,-0.0194780152492415
TCEHY_2010-11-11,TCEHY,2010-11-11,4.559999942779541,4.5960001945495605,4.5320000648498535,4.572000026702881,825500.0,0.2277121522027343,0.1162108910020855,0.1719615216024099,-0.0017467024315364,0.0194858122683877,-0.0194858122683877
TCEHY_2010-11-12,TCEHY,2010-11-12,4.552000045776367,4.556000232696533,4.489999771118164,4.527999877929688,345000.0,0.210695151439465,0.1319999694824221,0.1713475604609435,-0.0096238295092319,0.0195548424834313,-0.0195548424834313
TCEHY_2010-11-15,TCEHY,2010-11-15,4.656000137329102,4.677999973297119,4.573999881744385,4.579999923706055,818000.0,0.2109994302413853,0.1606689834233232,0.1858342068323543,0.0114841093591508,0.0195565461367425,-0.0195565461367425
TCEHY_2010-11-16,TCEHY,2010-11-16,4.449999809265137,4.489999771118164,4.335999965667725,4.360000133514404,1357000.0,0.1614278618343356,0.1312921717544142,0.1463600167943749,-0.0480348894883017,0.0205573005694568,-0.0205573005694568
TCEHY_2010-11-17,TCEHY,2010-11-17,4.328000068664551,4.3460001945495605,4.289999961853027,4.3379998207092285,247000.0,0.1537233594978702,0.1788042777216176,0.1662638186097439,-0.0050459431494196,0.0205794837641256,-0.0205794837641256
TCEHY_2010-11-18,TCEHY,2010-11-18,4.48199987411499,4.570000171661377,4.48199987411499,4.526000022888184,133000.0,0.1854373834954024,0.1986228801519816,0.192030131823692,0.0433379921505434,0.0211550723372941,-0.0211550723372941
TCEHY_2010-11-19,TCEHY,2010-11-19,4.573999881744385,4.585999965667725,4.53000020980835,4.584000110626221,161500.0,0.2063158337231163,0.2191489686842902,0.2127324012037033,0.0128148668680354,0.0211682576842678,-0.0211682576842678
TCEHY_2010-11-22,TCEHY,2010-11-22,4.546000003814697,4.547999858856201,4.5,4.51200008392334,88500.0,0.2368421276217791,0.2294277902249166,0.2331349589233479,-0.0157068117289039,0.0205817185710185,-0.0205817185710185
TCEHY_2010-11-23,TCEHY,2010-11-23,4.320000171661377,4.392000198364258,4.320000171661377,4.392000198364258,122500.0,0.2344013743845712,0.157007427278879,0.1957044008317251,-0.0265957188224912,0.0206257230652045,-0.0206257230652045
TCEHY_2010-11-24,TCEHY,2010-11-24,4.340000152587891,4.418000221252441,4.340000152587891,4.415999889373779,181000.0,0.2383622849886955,0.1236640749010455,0.1810131799448705,0.005464410274494,0.0206264107104624,-0.0206264107104624
TCEHY_2010-11-26,TCEHY,2010-11-26,4.308000087738037,4.317999839782715,4.28000020980835,4.311999797821045,41500.0,0.1800765588539257,0.119999975229238,0.1500382670415818,-0.0235507459597066,0.0207265716083461,-0.0207265716083461
TCEHY_2010-11-29,TCEHY,2010-11-29,4.3979997634887695,4.449999809265137,4.368000030517578,4.380000114440918,60000.0,0.1993428734714148,0.1508145352143803,0.1750787043428976,0.0157700185084042,0.0207853916857103,-0.0207853916857103
TCEHY_2010-11-30,TCEHY,2010-11-30,4.440000057220459,4.452000141143799,4.421999931335449,4.421999931335449,129500.0,0.2062193302713952,0.1211967355273606,0.1637080328993779,0.0095889990404469,0.0208013011135835,-0.0208013011135835
TCEHY_2010-12-01,TCEHY,2010-12-01,4.510000228881836,4.565999984741211,4.473999977111816,4.521999835968018,193000.0,0.2155913444058252,0.1708958698518532,0.1932436071288392,0.0226141805032475,0.020895332111014,-0.020895332111014
TCEHY_2010-12-02,TCEHY,2010-12-02,4.585999965667725,4.610000133514404,4.579999923706055,4.584000110626221,357000.0,0.2490463257034194,0.2263242946879216,0.2376853101956705,0.0137108086924402,0.0208239732558596,-0.0208239732558596
TCEHY_2010-12-03,TCEHY,2010-12-03,4.429999828338623,4.4679999351501465,4.420000076293945,4.453999996185303,191500.0,0.1776837440012386,0.2090119374965375,0.1933478407488881,-0.0283595356246967,0.0209241996416221,-0.0209241996416221
TCEHY_2010-12-06,TCEHY,2010-12-06,4.546000003814697,4.561999797821045,4.486000061035156,4.53000020980835,88000.0,0.1827677023619747,0.2243243652508146,0.2035460338063947,0.0170633618518496,0.020964692661845,-0.020964692661845
TCEHY_2010-12-07,TCEHY,2010-12-07,4.590000152587891,4.65399980545044,4.584000110626221,4.622000217437744,229000.0,0.2011434921704156,0.3312213053925794,0.2661823987814975,0.0203090515161998,0.0210784233348159,-0.0210784233348159
TCEHY_2010-12-08,TCEHY,2010-12-08,4.53000020980835,4.539999961853027,4.489999771118164,4.539999961853027,38500.0,0.1670950744009978,0.3511905070233787,0.2591427907121882,-0.0177412920223042,0.021216505875528,-0.021216505875528
TCEHY_2010-12-09,TCEHY,2010-12-09,4.533999919891357,4.605999946594238,4.533999919891357,4.605999946594238,186500.0,0.1932642672986118,0.3405121655574119,0.2668882164280118,0.0145374416951036,0.021225956623762,-0.021225956623762
TCEHY_2010-12-10,TCEHY,2010-12-10,4.65399980545044,4.74399995803833,4.65399980545044,4.74399995803833,391500.0,0.2095869559138385,0.4077151688838416,0.3086510623988401,0.0299609233704249,0.0214347910948268,-0.0214347910948268
TCEHY_2010-12-13,TCEHY,2010-12-13,4.65399980545044,4.659999847412109,4.604000091552734,4.604000091552734,148000.0,0.1556225223453089,0.3776182169486359,0.2666203696469724,-0.0295109333313499,0.021764492488885,-0.021764492488885
TCEHY_2010-12-14,TCEHY,2010-12-14,4.679999828338623,4.716000080108643,4.651999950408936,4.699999809265137,191500.0,0.1922881567412884,0.4199395439621538,0.3061138503517211,0.0208513718078631,0.021819648813352,-0.021819648813352
TCEHY_2010-12-15,TCEHY,2010-12-15,4.611999988555908,4.613999843597412,4.590000152587891,4.5920000076293945,98500.0,0.1520320966670687,0.4243176303441185,0.2881748635055936,-0.0229786821316123,0.0220372988805447,-0.0220372988805447
TCEHY_2010-12-16,TCEHY,2010-12-16,4.5,4.513999938964844,4.449999809265137,4.492000102996826,137000.0,0.128643236550167,0.3497596184844316,0.2392014275172993,-0.0217769826799701,0.0222435779362794,-0.0222435779362794
TCEHY_2010-12-17,TCEHY,2010-12-17,4.46999979019165,4.489999771118164,4.432000160217285,4.489999771118164,154000.0,0.1004901605585539,0.3128654008638838,0.2066777807112189,-0.0004453098470161,0.0220503342405782,-0.0220503342405782
TCEHY_2010-12-20,TCEHY,2010-12-20,4.409999847412109,4.449999809265137,4.400000095367432,4.440000057220459,239000.0,0.0740203787337538,0.3874999972060322,0.230760187969893,-0.0111357943087941,0.0220595524180261,-0.0220595524180261
TCEHY_2010-12-21,TCEHY,2010-12-21,4.453999996185303,4.53000020980835,4.429999828338623,4.507999897003174,698500.0,0.1065292164596138,0.4069912304526901,0.256760223456152,0.0153152790329655,0.0220331573887175,-0.0220331573887175
TCEHY_2010-12-22,TCEHY,2010-12-22,4.46999979019165,4.51200008392334,4.46999979019165,4.489999771118164,231000.0,0.1158050655651066,0.3815383911132812,0.2486717283391939,-0.0039929295244607,0.0219721843829242,-0.0219721843829242
TCEHY_2010-12-23,TCEHY,2010-12-23,4.4720001220703125,4.48199987411499,4.46999979019165,4.4720001220703125,89500.0,0.0698565324697029,0.3317451068279231,0.200800819648813,-0.0040088307272605,0.0214722433141602,-0.0214722433141602
TCEHY_2010-12-27,TCEHY,2010-12-27,4.46999979019165,4.504000186920166,4.460000038146973,4.47599983215332,91000.0,0.0313363305953653,0.3345258527053756,0.1829310916503704,0.0008943895290316,0.0209439138724467,-0.0209439138724467
TCEHY_2010-12-28,TCEHY,2010-12-28,4.458000183105469,4.458000183105469,4.401999950408936,4.449999809265137,113000.0,0.0081558166408821,0.3794171456655451,0.1937864811532136,-0.0058087631508412,0.0208540045026805,-0.0208540045026805
TCEHY_2010-12-29,TCEHY,2010-12-29,4.4079999923706055,4.47599983215332,4.4079999923706055,4.473999977111816,168500.0,0.0261467523179916,0.348402613521696,0.1872746829198438,0.0053932963764875,0.0208007210757073,-0.0208007210757073
TCEHY_2010-12-30,TCEHY,2010-12-30,4.420000076293945,4.443999767303467,4.412000179290772,4.441999912261963,125500.0,0.0127678417379051,0.3299401276681555,0.1713539847030303,-0.0071524508300313,0.0208120422257427,-0.0208120422257427
TCEHY_2010-12-31,TCEHY,2010-12-31,4.375999927520752,4.3979997634887695,4.374000072479248,4.386000156402588,123500.0,0.0032021816716762,0.3171171942614579,0.1601596879665671,-0.0126068791007378,0.0208720746989329,-0.0208720746989329
TCEHY_2011-01-03,TCEHY,2011-01-03,4.489999771118164,4.538000106811523,4.4720001220703125,4.510000228881836,312000.0,0.025466228152823,0.3027152998344429,0.1640907639936329,0.0282717893427877,0.0211576517330917,-0.0211576517330917
TCEHY_2011-01-04,TCEHY,2011-01-04,4.5960001945495605,4.599999904632568,4.579999923706055,4.599999904632568,112000.0,0.0511882954346218,0.2950450015062253,0.1731166484704236,0.019955581193628,0.0212839659517284,-0.0212839659517284
TCEHY_2011-01-05,TCEHY,2011-01-05,4.578000068664551,4.650000095367432,4.578000068664551,4.650000095367432,70000.0,0.0568181805866809,0.3061798230639441,0.1814990018253125,0.0108696069068412,0.0213129953037132,-0.0213129953037132
TCEHY_2011-01-06,TCEHY,2011-01-06,4.659999847412109,4.659999847412109,4.618000030517578,4.650000095367432,286500.0,0.0709350730531657,0.2902330680474656,0.1805840705503156,0.0,0.0212350738253955,-0.0212350738253955
TCEHY_2011-01-07,TCEHY,2011-01-07,4.579999923706055,4.619999885559082,4.550000190734863,4.610000133514404,501000.0,0.0336323080906864,0.2913165881566069,0.1624744481236466,-0.0086021421575619,0.0210093918294902,-0.0210093918294902
TCEHY_2011-01-10,TCEHY,2011-01-10,4.624000072479248,4.624000072479248,4.590000152587891,4.590000152587891,2744000.0,0.0074626686029017,0.2623763080646135,0.1349194883337576,-0.0043383905308624,0.0208488299251034,-0.0208488299251034
TCEHY_2011-01-11,TCEHY,2011-01-11,4.651999950408936,4.6579999923706055,4.619999885559082,4.622000217437744,236500.0,-0.0244828410075133,0.3093485141355541,0.1424328365640204,0.0069716914566575,0.0202433735707159,-0.0202433735707159
TCEHY_2011-01-12,TCEHY,2011-01-12,4.769999980926514,4.849999904632568,4.769999980926514,4.840000152587891,189500.0,-0.0061601095844271,0.3773478191959389,0.1855938548057559,0.0471657128720337,0.0208129690557946,-0.0208129690557946
TCEHY_2011-01-13,TCEHY,2011-01-13,4.955999851226807,5.010000228881836,4.955999851226807,5.0,131000.0,0.0597711040114457,0.4351320455034593,0.2474515747574525,0.0330578186710508,0.0208278006420284,-0.0208278006420284
TCEHY_2011-01-14,TCEHY,2011-01-14,5.199999809265137,5.199999809265137,5.139999866485596,5.199999809265137,174500.0,0.0896898549893385,0.4404432023195685,0.2650665286544535,0.0399999618530273,0.0213596878004186,-0.0213596878004186
TCEHY_2011-01-18,TCEHY,2011-01-18,5.190000057220459,5.196000099182129,5.159999847412109,5.196000099182129,689000.0,0.0766680209658154,0.4554622398724695,0.2660651304191425,-0.0007691750441761,0.0213251573182763,-0.0213251573182763
TCEHY_2011-01-19,TCEHY,2011-01-19,5.168000221252441,5.168000221252441,5.099999904632568,5.119999885559082,303500.0,0.084745786683857,0.451247085234977,0.267996435959417,-0.014626676707533,0.0212152618069794,-0.0212152618069794
TCEHY_2011-01-20,TCEHY,2011-01-20,5.053999900817871,5.053999900817871,4.960000038146973,5.0,524000.0,0.0638298304062632,0.4005602502794072,0.2321950403428352,-0.0234374781721267,0.021435963371097,-0.021435963371097
TCEHY_2011-01-21,TCEHY,2011-01-21,4.888000011444092,4.920000076293945,4.888000011444092,4.90399980545044,867000.0,0.0319865225264424,0.3705980188202746,0.2012922706733585,-0.0192000389099119,0.0215503435821125,-0.0215503435821125
TCEHY_2011-01-24,TCEHY,2011-01-24,4.892000198364258,4.918000221252441,4.889999866485596,4.915999889373779,178000.0,0.034947345131322,0.3716517125092451,0.2032995288202835,0.0024469992657834,0.021550906423162,-0.021550906423162
TCEHY_2011-01-25,TCEHY,2011-01-25,5.110000133514404,5.110000133514404,5.064000129699707,5.099999904632568,239000.0,0.0629429042643534,0.3964950640433309,0.2297189841538421,0.0374288078517894,0.0220117458331644,-0.0220117458331644
TCEHY_2011-01-26,TCEHY,2011-01-26,5.230000019073486,5.230000019073486,5.190000057220459,5.216000080108643,145000.0,0.1097872961242065,0.3946524242802676,0.2522198602022371,0.0227451328716115,0.0219994066502106,-0.0219994066502106
TCEHY_2011-01-27,TCEHY,2011-01-27,5.162000179290772,5.164000034332275,5.122000217437744,5.139999866485596,161000.0,0.1159357199485437,0.3540568654689882,0.2349962927087659,-0.0145705928787991,0.0219227624860739,-0.0219227624860739
TCEHY_2011-01-28,TCEHY,2011-01-28,5.21999979019165,5.239999771118164,5.170000076293945,5.179999828338623,294000.0,0.1364633015856875,0.3329902052663758,0.2347267534260316,0.0077820939478694,0.021876606929639,-0.021876606929639
TCEHY_2011-01-31,TCEHY,2011-01-31,5.199999809265137,5.211999893188477,5.179999828338623,5.210000038146973,220000.0,0.1272176099193678,0.3256997327345974,0.2264586713269826,0.0057915464869757,0.0218296363856033,-0.0218296363856033
TCEHY_2011-02-01,TCEHY,2011-02-01,5.170000076293945,5.191999912261963,5.145999908447266,5.191999912261963,157000.0,0.0794178740180351,0.3265201499027867,0.2029690119604109,-0.0034549185706747,0.0212740210932365,-0.0212740210932365
TCEHY_2011-02-02,TCEHY,2011-02-02,5.349999904632568,5.377999782562256,5.320000171661377,5.372000217437744,155500.0,0.1058049478777114,0.349748791882746,0.2277768698802287,0.0346687804733343,0.0216578785422757,-0.0216578785422757
TCEHY_2011-02-03,TCEHY,2011-02-03,5.383999824523926,5.395999908447266,5.334000110626221,5.394000053405762,67500.0,0.1080525923563435,0.3641881787075685,0.236120385531956,0.004095278309298,0.0216597480537896,-0.0216597480537896
TCEHY_2011-02-04,TCEHY,2011-02-04,5.383999824523926,5.395999908447266,5.340000152587891,5.395999908447266,173000.0,0.155460346957738,0.382880568176777,0.2691704575672575,0.0003707554730632,0.0209659038340943,-0.0209659038340943
TCEHY_2011-02-07,TCEHY,2011-02-07,5.24399995803833,5.269999980926514,5.24399995803833,5.26200008392334,159500.0,0.1148305758101913,0.318797010362484,0.2168137930863376,-0.024833177686707,0.0212184656118986,-0.0212184656118986
TCEHY_2011-02-08,TCEHY,2011-02-08,4.960000038146973,5.01800012588501,4.949999809265137,5.013999938964844,177500.0,0.0990793864917942,0.2534999847412109,0.1762896856165026,-0.0471303954776046,0.0216514954346792,-0.0216514954346792
TCEHY_2011-02-09,TCEHY,2011-02-09,4.929999828338623,4.938000202178955,4.900000095367432,4.926000118255615,127000.0,0.0414376529369489,0.3066313377128993,0.1740344953249241,-0.017550822054337,0.021311066535445,-0.021311066535445
TCEHY_2011-02-10,TCEHY,2011-02-10,4.8379998207092285,4.857999801635742,4.811999797821045,4.854000091552734,188000.0,0.0598253651552385,0.3118918997288793,0.1858586324420589,-0.0146163266289927,0.0209960263807395,-0.0209960263807395
TCEHY_2011-02-11,TCEHY,2011-02-11,5.033999919891357,5.111999988555908,5.033999919891357,5.111999988555908,97500.0,0.1181102271870393,0.3727175134196883,0.2454138703033638,0.0531520173335313,0.021990028167425,-0.021990028167425
TCEHY_2011-02-14,TCEHY,2011-02-14,5.199999809265137,5.23199987411499,5.199999809265137,5.230000019073486,129000.0,0.1550353710399765,0.3983957234591833,0.2767155472495799,0.0230829481184939,0.0220967436015405,-0.0220967436015405
TCEHY_2011-02-15,TCEHY,2011-02-15,5.21999979019165,5.21999979019165,5.165999889373779,5.2179999351501465,120500.0,0.1393013148628687,0.3796932431721951,0.2594972790175319,-0.0022944711050815,0.0220748654100803,-0.0220748654100803
TCEHY_2011-02-16,TCEHY,2011-02-16,5.179999828338623,5.210000038146973,5.179999828338623,5.190000057220459,66000.0,0.1903669491489277,0.3825253405483004,0.2864461448486141,-0.0053660173012021,0.0211400445776613,-0.0211400445776613
TCEHY_2011-02-17,TCEHY,2011-02-17,5.257999897003174,5.265999794006348,5.197999954223633,5.265999794006348,86500.0,0.2139234697214438,0.4005318636603352,0.3072276666908895,0.0146434944023086,0.0211648771839457,-0.0211648771839457
TCEHY_2011-02-18,TCEHY,2011-02-18,5.3420000076293945,5.388000011444092,5.3420000076293945,5.380000114440918,168000.0,0.1886876021285943,0.4091147208607448,0.2989011614946696,0.0216483716091906,0.0206738202879121,-0.0206738202879121
TCEHY_2011-02-22,TCEHY,2011-02-22,5.065999984741211,5.079999923706055,5.001999855041504,5.047999858856201,142000.0,0.1012215831222118,0.328421032157961,0.2148213076400864,-0.0617100833685052,0.0221780483189854,-0.0221780483189854
TCEHY_2011-02-23,TCEHY,2011-02-23,4.934000015258789,4.98799991607666,4.918000221252441,4.949999809265137,133500.0,0.0970744054066907,0.3569078417426097,0.2269911235746502,-0.0194136395267787,0.0222300287354694,-0.0222300287354694
TCEHY_2011-02-24,TCEHY,2011-02-24,5.039999961853027,5.059999942779541,5.0,5.010000228881836,273500.0,0.1407103831069369,0.4080944646819537,0.2744024238944453,0.0121212973593238,0.0219683798650643,-0.0219683798650643
TCEHY_2011-02-25,TCEHY,2011-02-25,5.151999950408936,5.182000160217285,5.133999824523926,5.165999889373779,191000.0,0.1698369607763634,0.4486819718112484,0.3092594662938059,0.0311376553622952,0.022263604485544,-0.022263604485544
TCEHY_2011-02-28,TCEHY,2011-02-28,5.269999980926514,5.357999801635742,5.269999980926514,5.352000236511231,185500.0,0.241187497090265,0.4646962704587967,0.3529418837745308,0.0360047137283232,0.0223934082435355,-0.0223934082435355
TCEHY_2011-03-01,TCEHY,2011-03-01,5.400000095367432,5.420000076293945,5.383999824523926,5.389999866485596,191000.0,0.2305935446701692,0.4759035979400945,0.3532485713051319,0.0071000800252458,0.0223445127668856,-0.0223445127668856
TCEHY_2011-03-02,TCEHY,2011-03-02,5.412000179290772,5.435999870300293,5.409999847412109,5.427999973297119,181000.0,0.2274988823117998,0.4806328797310253,0.3540658810214125,0.0070501127556243,0.0223357235179074,-0.0223357235179074
TCEHY_2011-03-03,TCEHY,2011-03-03,5.440000057220459,5.5,5.434000015258789,5.486000061035156,109500.0,0.2131800663501741,0.4747311878609566,0.3439556271055654,0.0106853515149902,0.0222213811537364,-0.0222213811537364
TCEHY_2011-03-04,TCEHY,2011-03-04,5.703999996185303,5.703999996185303,5.6479997634887695,5.668000221252441,183000.0,0.2364747130161248,0.5444141971179808,0.3904444550670528,0.033175384285895,0.0225017987488972,-0.0225017987488972
TCEHY_2011-03-07,TCEHY,2011-03-07,5.579999923706055,5.624000072479248,5.550000190734863,5.579999923706055,203000.0,0.2528064500415654,0.4754097905938514,0.3641081203177084,-0.0155258105348029,0.0222644196379991,-0.0222644196379991
TCEHY_2011-03-08,TCEHY,2011-03-08,5.673999786376953,5.76800012588501,5.673999786376953,5.765999794006348,139000.0,0.2728475776936641,0.5054830049257402,0.3891652913097021,0.0333333105454163,0.0225133889027585,-0.0225133889027585
TCEHY_2011-03-09,TCEHY,2011-03-09,5.788000106811523,5.797999858856201,5.742000102996826,5.757999897003174,122000.0,0.2457809662750694,0.4963617003110716,0.3710713332930705,-0.0013874258218825,0.0224270019580425,-0.0224270019580425
TCEHY_2011-03-10,TCEHY,2011-03-10,5.631999969482422,5.631999969482422,5.550000190734863,5.579999923706055,181000.0,0.2290748833902072,0.4344472424746917,0.3317610629324494,-0.0309135075514261,0.0226903682592146,-0.0226903682592146
TCEHY_2011-03-11,TCEHY,2011-03-11,5.527999877929688,5.618000030517578,5.527999877929688,5.613999843597412,209000.0,0.2188449649784534,0.4544041440856161,0.3366245545320347,0.0060931756910806,0.0226492154584505,-0.0226492154584505
TCEHY_2011-03-14,TCEHY,2011-03-14,5.74399995803833,5.760000228881836,5.705999851226807,5.736000061035156,64000.0,0.2091062630209261,0.4625191640638393,0.3358127135423827,0.0217314251579257,0.0225168934940606,-0.0225168934940606
TCEHY_2011-03-15,TCEHY,2011-03-15,5.400000095367432,5.5,5.380000114440918,5.495999813079834,664000.0,0.1937445056014901,0.3795180365990476,0.2866312711002688,-0.041841046966797,0.0228574128890561,-0.0228574128890561
TCEHY_2011-03-16,TCEHY,2011-03-16,5.5320000648498535,5.567999839782715,5.400000095367432,5.429999828338623,141000.0,0.1553191592975031,0.3774733508867152,0.2663962550921092,-0.0120087312565292,0.0228200519981884,-0.0228200519981884
TCEHY_2011-03-17,TCEHY,2011-03-17,4.98199987411499,5.079999923706055,4.961999893188477,5.03000020980835,352500.0,0.0953833191313671,0.2619167417930419,0.1786500304622045,-0.0736647571225905,0.0245616574491828,-0.0245616574491828
TCEHY_2011-03-18,TCEHY,2011-03-18,4.947999954223633,4.960000038146973,4.932000160217285,4.947999954223633,135000.0,0.1015137668680343,0.2432160629425046,0.1723649149052695,-0.0163022370108094,0.024486659639711,-0.024486659639711
TCEHY_2011-03-21,TCEHY,2011-03-21,4.90399980545044,4.99399995803833,4.90399980545044,4.960000038146973,186500.0,0.104677124941537,0.2156863065922738,0.1601817157669054,0.0024252392955452,0.0244850226232225,-0.0244850226232225
TCEHY_2011-03-22,TCEHY,2011-03-22,4.920000076293945,4.934000015258789,4.900000095367432,4.926000118255615,233500.0,0.1094594717954584,0.1915820820875087,0.1505207769414835,-0.0068548225060215,0.0244542432463244,-0.0244542432463244
TCEHY_2011-03-23,TCEHY,2011-03-23,4.834000110626221,4.880000114440918,4.829999923706055,4.877999782562256,347500.0,0.0820762852734424,0.1973490240931521,0.1397126546832973,-0.009744282286042,0.024437082024422,-0.024437082024422
TCEHY_2011-03-24,TCEHY,2011-03-24,4.960000038146973,5.038000106811523,4.960000038146973,5.015999794006348,221000.0,0.1171492315593574,0.246520771566097,0.1818350015627272,0.0282902865099359,0.0246564987160514,-0.0246564987160514
TCEHY_2011-03-25,TCEHY,2011-03-25,5.078000068664551,5.090000152587891,5.019999980926514,5.050000190734863,367500.0,0.1292486701447059,0.2081340665370383,0.1686913683408721,0.0067783887808654,0.024651121477312,-0.024651121477312
TCEHY_2011-03-28,TCEHY,2011-03-28,4.949999809265137,4.966000080108643,4.909999847412109,4.953999996185303,251500.0,0.1067918190251642,0.1414746133663822,0.1241332161957732,-0.0190099387967728,0.0247956742729685,-0.0247956742729685
TCEHY_2011-03-29,TCEHY,2011-03-29,4.849999904632568,4.923999786376953,4.849999904632568,4.923999786376953,260000.0,0.1065168533546727,0.1155414019206793,0.111029127637676,-0.0060557549114756,0.0247969349118945,-0.0247969349118945
TCEHY_2011-03-30,TCEHY,2011-03-30,5.019999980926514,5.058000087738037,4.984000205993652,5.046000003814697,183000.0,0.1278498054602437,0.1573394149755078,0.1425946102178757,0.0247766496203507,0.024960531861405,-0.024960531861405
TCEHY_2011-03-31,TCEHY,2011-03-31,4.900000095367432,4.909999847412109,4.880000114440918,4.881999969482422,462500.0,0.0990544948021849,0.1130870486531525,0.1060707717276687,-0.0325009976631577,0.0253158303864229,-0.0253158303864229
TCEHY_2011-04-01,TCEHY,2011-04-01,4.949999809265137,5.010000228881836,4.949999809265137,4.998000144958496,277500.0,0.1395348761359536,0.1431838738305519,0.1413593749832528,0.0237607898814411,0.0253961163047049,-0.0253961163047049
TCEHY_2011-04-04,TCEHY,2011-04-04,5.019999980926514,5.081999778747559,5.019999980926514,5.059999942779541,574500.0,0.1219511498858763,0.150523013845192,0.1362370818655341,0.0124049211730383,0.0252133748432964,-0.0252133748432964
TCEHY_2011-04-05,TCEHY,2011-04-05,5.059999942779541,5.079999923706055,5.03000020980835,5.072000026702881,170000.0,0.1026087243164877,0.1590493854455916,0.1308290548810396,0.002371558114435,0.0251101278212937,-0.0251101278212937
TCEHY_2011-04-06,TCEHY,2011-04-06,5.239999771118164,5.296000003814697,5.239999771118164,5.296000003814697,165500.0,0.1389247086448113,0.2036363384152253,0.1712805235300183,0.0441640331097219,0.0256473410793309,-0.0256473410793309
TCEHY_2011-04-07,TCEHY,2011-04-07,5.309999942779541,5.326000213623047,5.260000228881836,5.289999961853027,147500.0,0.1376343770666148,0.2183325547116277,0.1779834658891212,-0.0011329384360551,0.0256494428436385,-0.0256494428436385
TCEHY_2011-04-08,TCEHY,2011-04-08,5.300000190734863,5.329999923706055,5.297999858856201,5.323999881744385,602000.0,0.1548806350436409,0.193721936369396,0.1743012857065184,0.0064272060749595,0.0256155738131749,-0.0256155738131749
TCEHY_2011-04-11,TCEHY,2011-04-11,5.184000015258789,5.184000015258789,5.119999885559082,5.119999885559082,205500.0,0.1154683475712678,0.1237927181862186,0.1196305328787432,-0.0383170549805615,0.0261171073033207,-0.0261171073033207
TCEHY_2011-04-12,TCEHY,2011-04-12,4.980000019073486,5.01200008392334,4.940000057220459,4.980000019073486,230500.0,0.0774556003448661,0.051076426188968,0.064266013266917,-0.0273437245341477,0.0263699226602381,-0.0263699226602381
TCEHY_2011-04-13,TCEHY,2011-04-13,5.1579999923706055,5.1579999923706055,5.127999782562256,5.130000114440918,83000.0,0.0599173456013153,0.0533881386019761,0.0566527421016457,0.0301205009624354,0.0259786735034466,-0.0259786735034466
TCEHY_2011-04-14,TCEHY,2011-04-14,5.165999889373779,5.165999889373779,5.130000114440918,5.165999889373779,96000.0,0.0331999778747558,0.0949554812169313,0.0640777295458435,0.0070174998303649,0.0256698896712554,-0.0256698896712554
TCEHY_2011-04-15,TCEHY,2011-04-15,5.156000137329102,5.203999996185303,5.151999950408936,5.179999828338623,133500.0,-0.0038461503192516,0.085498744005686,0.0408262968432172,0.0027100153435235,0.025177688624763,-0.025177688624763
TCEHY_2011-04-18,TCEHY,2011-04-18,5.125999927520752,5.125999927520752,5.073999881744385,5.124000072479248,168500.0,-0.0138568178076466,0.0617488283599727,0.023946005276163,-0.0108107640376767,0.0252160215798283,-0.0252160215798283
TCEHY_2011-04-19,TCEHY,2011-04-19,5.144000053405762,5.208000183105469,5.144000053405762,5.205999851226807,272500.0,0.0167968686699166,0.1029661192030313,0.059881493936474,0.0160030791545018,0.0252229009266198,-0.0252229009266198
TCEHY_2011-04-20,TCEHY,2011-04-20,5.513999938964844,5.5879998207092285,5.513999938964844,5.553999900817871,291000.0,0.1107999801635741,0.1817021545126957,0.1462510673381349,0.0668459584202749,0.0263747827754208,-0.0263747827754208
TCEHY_2011-04-21,TCEHY,2011-04-21,5.5920000076293945,5.670000076293945,5.590000152587891,5.650000095367432,250500.0,0.1521207829347517,0.1889731203112767,0.1705469516230142,0.0172848750925298,0.0263019386955537,-0.0263019386955537
TCEHY_2011-04-25,TCEHY,2011-04-25,5.699999809265137,5.699999809265137,5.619999885559082,5.656000137329102,154500.0,0.1505289390984072,0.190736871016653,0.1706329050575301,0.0010619543115741,0.0263026409592569,-0.0263026409592569
TCEHY_2011-04-26,TCEHY,2011-04-26,5.760000228881836,5.855999946594238,5.760000228881836,5.840000152587891,309500.0,0.1450980905476382,0.2171738900342721,0.1811359902909551,0.0325318265189573,0.0262050199049978,-0.0262050199049978
TCEHY_2011-04-27,TCEHY,2011-04-27,5.659999847412109,5.693999767303467,5.599999904632568,5.670000076293945,353500.0,0.0870398752324879,0.2063830439134575,0.1467114595729727,-0.02910960134455,0.0263724693206615,-0.0263724693206615
TCEHY_2011-04-28,TCEHY,2011-04-28,5.693999767303467,5.754000186920166,5.693999767303467,5.710000038146973,110500.0,0.1108949779119559,0.2396873869634004,0.1752911824376781,0.0070546668985536,0.0262983130698323,-0.0262983130698323
TCEHY_2011-04-29,TCEHY,2011-04-29,5.71999979019165,5.71999979019165,5.690000057220459,5.699999809265137,100000.0,0.1003861000306813,0.2505484202598669,0.1754672601452741,-0.001751353557798,0.0262920077044838,-0.0262920077044838
TCEHY_2011-05-02,TCEHY,2011-05-02,5.7220001220703125,5.7220001220703125,5.670000076293945,5.670000076293945,253000.0,0.0882917533164893,0.2267416290683714,0.1575166911924304,-0.005263111223693,0.0263022423763119,-0.0263022423763119
TCEHY_2011-05-03,TCEHY,2011-05-03,5.599999904632568,5.638000011444092,5.546000003814697,5.570000171661377,322000.0,0.0728043655214034,0.1580042074683803,0.1154042864948918,-0.017636667246384,0.0264074269282227,-0.0264074269282227
TCEHY_2011-05-04,TCEHY,2011-05-04,5.449999809265137,5.449999809265137,5.374000072479248,5.409999847412109,224500.0,0.007073646395437,0.113627021061323,0.06035033372838,-0.028725371511352,0.0263293311092544,-0.0263293311092544
TCEHY_2011-05-05,TCEHY,2011-05-05,5.420000076293945,5.449999809265137,5.381999969482422,5.400000095367432,85000.0,0.0011123548205902,0.1092851399989185,0.0551987474097543,-0.0018483830548463,0.0263267239527156,-0.0263267239527156
TCEHY_2011-05-06,TCEHY,2011-05-06,5.5,5.5,5.440000057220459,5.480000019073486,135000.0,0.0155671074965588,0.1734475223868405,0.0945073149416997,0.0148148004246675,0.0263896358236106,-0.0263896358236106
TCEHY_2011-05-09,TCEHY,2011-05-09,5.427999973297119,5.440000057220459,5.368000030517578,5.420000076293945,206000.0,0.0300266039244911,0.1483051519529563,0.0891658779387237,-0.0109488946296911,0.0262314019471051,-0.0262314019471051
TCEHY_2011-05-10,TCEHY,2011-05-10,5.427999973297119,5.452000141143799,5.427999973297119,5.440000057220459,113000.0,0.0849621307222361,0.1924595130010253,0.1387108218616307,0.0036900333293332,0.0255047073415611,-0.0255047073415611
TCEHY_2011-05-11,TCEHY,2011-05-11,5.440000057220459,5.550000190734863,5.429999828338623,5.550000190734863,405500.0,0.1266747985179135,0.1733615577917056,0.1500181781548095,0.0202206125656934,0.025490814388447,-0.025490814388447
TCEHY_2011-05-12,TCEHY,2011-05-12,5.605999946594238,5.702000141143799,5.605999946594238,5.690000057220459,310500.0,0.1722290790893452,0.2423581117914544,0.2072935954403998,0.0252252003016704,0.0255606015010115,-0.0255606015010115
TCEHY_2011-05-13,TCEHY,2011-05-13,5.665999889373779,5.665999889373779,5.584000110626221,5.599999904632568,162500.0,0.0954616426387191,0.2248468661254654,0.1601542543820923,-0.0158172498563832,0.024838126732607,-0.024838126732607
TCEHY_2011-05-16,TCEHY,2011-05-16,5.605999946594238,5.670000076293945,5.605999946594238,5.630000114440918,228500.0,0.0764818535198195,0.2433746170980664,0.1599282353089429,0.0053571804141518,0.024692587874607,-0.024692587874607
TCEHY_2011-05-17,TCEHY,2011-05-17,5.489999771118164,5.504000186920166,5.453999996185303,5.504000186920166,160000.0,0.0548103210663972,0.2017467857218711,0.1282785533941342,-0.0223800932432599,0.0248710322278933,-0.0248710322278933
TCEHY_2011-05-18,TCEHY,2011-05-18,5.6479997634887695,5.659999847412109,5.599999904632568,5.642000198364258,165000.0,0.0870905850020107,0.2940367031173665,0.1905636440596886,0.0250726756463486,0.0250374367319816,-0.0250374367319816
TCEHY_2011-05-19,TCEHY,2011-05-19,5.716000080108643,5.728000164031982,5.630000114440918,5.684000015258789,315000.0,0.079377181466699,0.3102812932642076,0.1948292373654533,0.0074441360187664,0.0249935051481456,-0.0249935051481456
TCEHY_2011-05-20,TCEHY,2011-05-20,5.696000099182129,5.696000099182129,5.636000156402588,5.645999908447266,112000.0,0.0494423398416581,0.247459098518602,0.1484507191801301,-0.0066854515674721,0.0248801788875228,-0.0248801788875228
TCEHY_2011-05-23,TCEHY,2011-05-23,5.550000190734863,5.559999942779541,5.533999919891357,5.541999816894531,129000.0,0.0978605332509385,0.2089877144739942,0.1534241238624664,-0.0184201369534445,0.0236874770604249,-0.0236874770604249
TCEHY_2011-05-24,TCEHY,2011-05-24,5.51200008392334,5.513999938964844,5.449999809265137,5.492000102996826,131500.0,0.1094950130537788,0.2171985817476631,0.163346797400721,-0.0090219623871663,0.0235735647775006,-0.0235735647775006
TCEHY_2011-05-25,TCEHY,2011-05-25,5.539999961853027,5.570000171661377,5.489999771118164,5.570000171661377,120500.0,0.1117764305780331,0.2682149180539313,0.1899956743159822,0.0142024885655025,0.0235895368679378,-0.0235895368679378
TCEHY_2011-05-26,TCEHY,2011-05-26,5.625999927520752,5.625999927520752,5.573999881744385,5.593999862670898,84000.0,0.0828493965277652,0.2667572470125601,0.1748033217701626,0.0043087415206242,0.0232945891792055,-0.0232945891792055
TCEHY_2011-05-27,TCEHY,2011-05-27,5.559999942779541,5.559999942779541,5.519999980926514,5.539999961853027,144000.0,0.035127002435326,0.284786693323251,0.1599568478792885,-0.009653182363878,0.0229118932230154,-0.0229118932230154
TCEHY_2011-05-31,TCEHY,2011-05-31,5.723999977111816,5.769999980926514,5.723999977111816,5.739999771118164,270500.0,0.0649350488501545,0.3105021966080112,0.1877186227290829,0.0361010488523976,0.0233279222184041,-0.0233279222184041
TCEHY_2011-06-01,TCEHY,2011-06-01,5.788000106811523,5.789999961853027,5.685999870300293,5.685999870300293,296500.0,0.0475313003449513,0.2858435003600541,0.1666874003525027,-0.0094076486012388,0.0233542584082481,-0.0233542584082481
TCEHY_2011-06-02,TCEHY,2011-06-02,5.699999809265137,5.702000141143799,5.625999927520752,5.679999828338623,178000.0,0.0353626987140172,0.2560813875223668,0.145722043118192,-0.0010552307595028,0.0233225993738467,-0.0233225993738467
TCEHY_2011-06-03,TCEHY,2011-06-03,5.676000118255615,5.702000141143799,5.627999782562256,5.673999786376953,110000.0,0.0010584976870706,0.2377835186399739,0.1194210081635223,-0.0010563454477119,0.0229524603498453,-0.0229524603498453
TCEHY_2011-06-06,TCEHY,2011-06-06,5.670000076293945,5.670000076293945,5.602000236511231,5.611999988555908,299500.0,0.0057347787253374,0.2599910178182292,0.1328628982717833,-0.0109270003798561,0.0229086633980231,-0.0229086633980231
TCEHY_2011-06-07,TCEHY,2011-06-07,5.550000190734863,5.5879998207092285,5.550000190734863,5.564000129699707,165500.0,-0.035032894818452,0.2282560423844004,0.0966115737829741,-0.0085530753660162,0.0225408282086961,-0.0225408282086961
TCEHY_2011-06-08,TCEHY,2011-06-08,5.552000045776367,5.611999988555908,5.539999961853027,5.559999942779541,133000.0,-0.0343869325747443,0.2029423801848688,0.0842777238050622,-0.0007189408387705,0.0225404726678831,-0.0225404726678831
TCEHY_2011-06-09,TCEHY,2011-06-09,5.440000057220459,5.449999809265137,5.388000011444092,5.423999786376953,170500.0,-0.0279570142405112,0.1947136193726124,0.0833783025660506,-0.0244604600363717,0.0224134390736344,-0.0224134390736344
TCEHY_2011-06-10,TCEHY,2011-06-10,5.23199987411499,5.291999816894531,5.184000015258789,5.184000015258789,156500.0,-0.0765942002704228,0.125488509632297,0.0244471546809371,-0.0442477471553286,0.0230730314129481,-0.0230730314129481
TCEHY_2011-06-13,TCEHY,2011-06-13,5.308000087738037,5.3379998207092285,5.242000102996826,5.276000022888184,169000.0,-0.0801952638166391,0.1121416672756123,0.0159732017294866,0.0177469149997295,0.0230151015073511,-0.0230151015073511
TCEHY_2011-06-14,TCEHY,2011-06-14,5.184000015258789,5.234000205993652,5.184000015258789,5.185999870300293,341000.0,-0.056404649440085,0.1264117652420104,0.0350035579009627,-0.017058406405886,0.0225132260717737,-0.0225132260717737
TCEHY_2011-06-15,TCEHY,2011-06-15,5.184000015258789,5.184000015258789,5.150000095367432,5.168000221252441,105500.0,-0.0482503895707016,0.0995745597829032,0.0256620851061007,-0.0034708155607433,0.0224695316859389,-0.0224695316859389
TCEHY_2011-06-16,TCEHY,2011-06-16,5.084000110626221,5.084000110626221,5.03000020980835,5.039999961853027,198500.0,0.0019880221923607,0.097560965478942,0.0497744938356513,-0.0247678509906088,0.0206756541444925,-0.0206756541444925
TCEHY_2011-06-17,TCEHY,2011-06-17,4.874000072479248,4.901999950408936,4.8480000495910645,4.880000114440918,142500.0,-0.0137428941818542,0.0863757797301114,0.0363164427741286,-0.0317460017109371,0.0209644923240477,-0.0209644923240477
TCEHY_2011-06-20,TCEHY,2011-06-20,5.021999835968018,5.081999778747559,5.021999835968018,5.059999942779541,88000.0,0.020161270940217,0.1269488197589434,0.0735550453495802,0.0368852098601324,0.0214723074095057,-0.0214723074095057
TCEHY_2011-06-21,TCEHY,2011-06-21,5.248000144958496,5.265999794006348,5.188000202178955,5.263999938964844,106000.0,0.0686154714971709,0.1855855565597057,0.1271005140284383,0.0403162052356154,0.0220255114018634,-0.0220255114018634
TCEHY_2011-06-22,TCEHY,2011-06-22,5.3480000495910645,5.3979997634887695,5.326000213623047,5.369999885559082,359500.0,0.1008610342205456,0.1912156185116482,0.1460383263660969,0.0201367682035122,0.0221056257696988,-0.0221056257696988
TCEHY_2011-06-23,TCEHY,2011-06-23,5.248000144958496,5.285999774932861,5.21999979019165,5.25,134000.0,0.0466507606864858,0.1692650930119246,0.1079579268492052,-0.0223463478801524,0.0220461218594288,-0.0220461218594288
TCEHY_2011-06-24,TCEHY,2011-06-24,5.363999843597412,5.40399980545044,5.343999862670898,5.352000236511231,166500.0,0.0598019870039692,0.1967799844409492,0.1282909857224592,0.0194286164783297,0.022157284242578,-0.022157284242578
TCEHY_2011-06-27,TCEHY,2011-06-27,5.349999904632568,5.392000198364258,5.311999797821045,5.392000198364258,329000.0,0.0884134441897912,0.2046470957462629,0.1465302699680271,0.0074738340966704,0.0220191916019502,-0.0220191916019502
TCEHY_2011-06-28,TCEHY,2011-06-28,5.352000236511231,5.388000011444092,5.311999797821045,5.374000072479248,149500.0,0.09138917660949,0.2076405174872801,0.1495148470483851,-0.0033383021555656,0.0220066447448993,-0.0220066447448993
TCEHY_2011-06-29,TCEHY,2011-06-29,5.234000205993652,5.289999961853027,5.234000205993652,5.28000020980835,305000.0,0.0463734058297169,0.1801520422038189,0.1132627240167679,-0.017491600558824,0.0219336617343709,-0.0219336617343709
TCEHY_2011-06-30,TCEHY,2011-06-30,5.453999996185303,5.48799991607666,5.40399980545044,5.480000019073486,160500.0,0.1224907933898376,0.2336785518491717,0.1780846726195046,0.0378787502495945,0.0219943999696791,-0.0219943999696791
TCEHY_2011-07-01,TCEHY,2011-07-01,5.458000183105469,5.538000106811523,5.441999912261963,5.538000106811523,153000.0,0.1080432065208576,0.2626538780960303,0.185348542308444,0.010583957579592,0.021846984320093,-0.021846984320093
TCEHY_2011-07-05,TCEHY,2011-07-05,5.556000232696533,5.556000232696533,5.48199987411499,5.53000020980835,105500.0,0.0928854293169476,0.226164064115669,0.1595247467163083,-0.0014445461987865,0.0218088433068134,-0.0218088433068134
TCEHY_2011-07-06,TCEHY,2011-07-06,5.486000061035156,5.556000232696533,5.486000061035156,5.544000148773193,200000.0,0.0930599604860693,0.2052174486329752,0.1491387045595222,0.0025316344364711,0.021808938854863,-0.021808938854863
TCEHY_2011-07-07,TCEHY,2011-07-07,5.550000190734863,5.578000068664551,5.521999835968018,5.578000068664551,242500.0,0.0532477463456815,0.1995698826375596,0.1264088144916205,0.0061327415185732,0.0211287989796436,-0.0211287989796436
TCEHY_2011-07-08,TCEHY,2011-07-08,5.349999904632568,5.438000202178955,5.349999904632568,5.429999828338623,118000.0,0.0264650033072126,0.1677418746180816,0.0971034389626471,-0.026532850215859,0.0214114184402193,-0.0214114184402193
TCEHY_2011-07-11,TCEHY,2011-07-11,5.340000152587891,5.349999904632568,5.248000144958496,5.248000144958496,113500.0,-0.0142749320950374,0.1383947924005191,0.0620599301527408,-0.0335174381461835,0.0218246883323977,-0.0218246883323977
TCEHY_2011-07-12,TCEHY,2011-07-12,5.090000152587891,5.176000118255615,5.090000152587891,5.150000095367432,493000.0,0.0058594161091614,0.1220043407762867,0.063931878442724,-0.0186737894215205,0.0214046467694651,-0.0214046467694651
TCEHY_2011-07-13,TCEHY,2011-07-13,5.289999961853027,5.349999904632568,5.289999961853027,5.317999839782715,72500.0,0.0678714496816632,0.1505840739078989,0.1092277617947811,0.0326213089911209,0.0214879055990806,-0.0214879055990806
TCEHY_2011-07-14,TCEHY,2011-07-14,5.401999950408936,5.401999950408936,5.3420000076293945,5.3420000076293945,98500.0,0.0413255143195216,0.103718975044472,0.0725222446819968,0.0045130065005154,0.0211732281256571,-0.0211732281256571
TCEHY_2011-07-15,TCEHY,2011-07-15,5.415999889373779,5.464000225067139,5.415999889373779,5.420000076293945,76000.0,0.0491676717691442,0.0840000152587889,0.0665838435139666,0.0146012857643489,0.0212302700286903,-0.0212302700286903
TCEHY_2011-07-18,TCEHY,2011-07-18,5.368000030517578,5.420000076293945,5.343999862670898,5.369999885559082,81500.0,0.0366795489414906,0.0326923235633676,0.0346859362524291,-0.0092251273120003,0.0212678233385021,-0.0212678233385021
TCEHY_2011-07-19,TCEHY,2011-07-19,5.294000148773193,5.369999885559082,5.294000148773193,5.349999904632568,104500.0,0.0441061336761399,0.0296381452099432,0.0368721394430415,-0.0037243913133587,0.021224157669739,-0.021224157669739
TCEHY_2011-07-20,TCEHY,2011-07-20,5.354000091552734,5.354000091552734,5.303999900817871,5.343999862670898,232000.0,0.0265078784840095,0.0437499965075403,0.0351289374957749,-0.0011215031903971,0.0211371625200968,-0.0211371625200968
TCEHY_2011-07-21,TCEHY,2011-07-21,5.202000141143799,5.300000190734863,5.202000141143799,5.296000003814697,59000.0,-0.0464529891268419,0.0592000007629394,0.0063735058180487,-0.0089820097473226,0.0193929900319927,-0.0193929900319927
TCEHY_2011-07-22,TCEHY,2011-07-22,5.315999984741211,5.315999984741211,5.254000186920166,5.260000228881836,110500.0,-0.0690265238765864,0.0725938902027947,0.0017836831631041,-0.0067975405791032,0.019272343973913,-0.019272343973913
TCEHY_2011-07-25,TCEHY,2011-07-25,5.242000102996826,5.260000228881836,5.211999893188477,5.242000102996826,46500.0,-0.0731966096676539,0.0663141214318812,-0.0034412441178863,-0.0034220770155434,0.0192730653711086,-0.0192730653711086
TCEHY_2011-07-26,TCEHY,2011-07-26,5.3480000495910645,5.349999904632568,5.283999919891357,5.283999919891357,110000.0,-0.0952055168098158,0.036078435039117,-0.0295635408853494,0.0080121739926177,0.0188269324126973,-0.0188269324126973
TCEHY_2011-07-27,TCEHY,2011-07-27,5.317999839782715,5.317999839782715,5.21999979019165,5.21999979019165,165500.0,-0.0793651287561227,0.0007668155716218,-0.0392991565922504,-0.0121120610654783,0.0185432705848207,-0.0185432705848207
TCEHY_2011-07-28,TCEHY,2011-07-28,5.23199987411499,5.288000106811523,5.210000038146973,5.210000038146973,119000.0,-0.0875656736706891,0.0136187107937102,-0.0369734814384894,-0.0019156613882373,0.0185137264875186,-0.0185137264875186
TCEHY_2011-07-29,TCEHY,2011-07-29,5.197999954223633,5.214000225067139,5.165999889373779,5.210000038146973,126500.0,-0.0859648750025724,0.0057915464869757,-0.0400866642577983,0.0,0.0185143300999759,-0.0185143300999759
TCEHY_2011-08-01,TCEHY,2011-08-01,5.349999904632568,5.377999782562256,5.25,5.300000190734863,330500.0,-0.0652557108607524,0.0172745013299271,-0.0239906047654126,0.0172745013299271,0.0186529029317538,-0.0186529029317538
TCEHY_2011-08-02,TCEHY,2011-08-02,5.260000228881836,5.335999965667725,5.230000019073486,5.230000019073486,104000.0,-0.0610413181525052,0.0073189729302149,-0.0268611726111451,-0.0132075790834398,0.0185970665786588,-0.0185970665786588
TCEHY_2011-08-03,TCEHY,2011-08-03,5.234000205993652,5.289999961853027,5.210000038146973,5.260000228881836,176500.0,-0.0277263628023993,-0.0208488428932581,-0.0242876028478287,0.0057361777627038,0.0182672024435364,-0.0182672024435364
TCEHY_2011-08-04,TCEHY,2011-08-04,5.179999828338623,5.193999767303467,5.03000020980835,5.050000190734863,482500.0,-0.0648147960095087,-0.0637745382397053,-0.064294667124607,-0.0399239598876622,0.0189374248768374,-0.0189374248768374
TCEHY_2011-08-05,TCEHY,2011-08-05,5.039999961853027,5.130000114440918,4.946000099182129,5.019999980926514,216000.0,-0.0839416125083784,-0.0696812331171718,-0.0768114228127751,-0.0059406353812402,0.0188401519780519,-0.0188401519780519
TCEHY_2011-08-08,TCEHY,2011-08-08,4.872000217437744,4.906000137329102,4.679999828338623,4.702000141143799,173500.0,-0.1324723108935999,-0.1064234005792729,-0.1194478557364364,-0.0633465818707081,0.0203710993698004,-0.0203710993698004
TCEHY_2011-08-09,TCEHY,2011-08-09,4.685999870300293,4.906000137329102,4.650000095367432,4.906000137329102,199000.0,-0.0981617489475178,-0.021539649571284,-0.0598506992594009,0.0433857911658162,0.0211504394710697,-0.0211504394710697
TCEHY_2011-08-10,TCEHY,2011-08-10,4.886000156402588,4.886000156402588,4.28000020980835,4.28000020980835,497500.0,-0.2288288175280866,-0.1311408633656358,-0.1799848404468612,-0.1275988401952136,0.0262868022724366,-0.0262868022724366
TCEHY_2011-08-11,TCEHY,2011-08-11,4.5960001945495605,4.835999965667725,4.5960001945495605,4.835999965667725,367500.0,-0.1500878880429941,-0.0037083076937585,-0.0768980978683763,0.1299064786457735,0.0310294504188417,-0.0310294504188417
TCEHY_2011-08-12,TCEHY,2011-08-12,4.794000148773193,4.815999984741211,4.7220001220703125,4.751999855041504,214000.0,-0.151428582862932,-0.0704225614867618,-0.1109255721748469,-0.0173697500460222,0.0310411322908892,-0.0310411322908892
TCEHY_2011-08-15,TCEHY,2011-08-15,4.822000026702881,4.889999866485596,4.822000026702881,4.880000114440918,164000.0,-0.1332149173631904,-0.0669215876397973,-0.1000682525014939,0.0269360823451236,0.0312434465470577,-0.0312434465470577
TCEHY_2011-08-16,TCEHY,2011-08-16,4.677999973297119,4.679999828338623,4.625999927520752,4.630000114440918,206500.0,-0.1587936124268749,-0.1126868202408877,-0.1357402163338813,-0.0512295069953377,0.031757370034703,-0.031757370034703
TCEHY_2011-08-17,TCEHY,2011-08-17,4.639999866485596,4.668000221252441,4.619999885559082,4.619999885559082,226500.0,-0.1811414882795425,-0.109826621459932,-0.1454840548697373,-0.0021598765949584,0.0315643241964216,-0.0315643241964216
TCEHY_2011-08-18,TCEHY,2011-08-18,4.46999979019165,4.559999942779541,4.449999809265137,4.47599983215332,266000.0,-0.212526421509953,-0.1500189883699176,-0.1812727049399353,-0.0311688435005957,0.0317390712711213,-0.0317390712711213
TCEHY_2011-08-19,TCEHY,2011-08-19,4.409999847412109,4.48799991607666,4.355999946594238,4.395999908447266,151000.0,-0.221395681946401,-0.1828996626510124,-0.2021476722987067,-0.0178730846081306,0.0317896456082138,-0.0317896456082138
TCEHY_2011-08-22,TCEHY,2011-08-22,4.380000114440918,4.380000114440918,4.300000190734863,4.306000232696533,156000.0,-0.2230241113379524,-0.1469888365503626,-0.1850064739441575,-0.0204730840821426,0.0318062703828166,-0.0318062703828166
TCEHY_2011-08-23,TCEHY,2011-08-23,4.461999893188477,4.53000020980835,4.40399980545044,4.53000020980835,213000.0,-0.1751638519932913,-0.0848484072000679,-0.1300061295966796,0.0520204284734888,0.0325562124772359,-0.0325562124772359
TCEHY_2011-08-24,TCEHY,2011-08-24,4.5,4.579999923706055,4.453999996185303,4.547999858856201,206000.0,-0.1834829948488747,-0.0922156385068163,-0.1378493166778455,0.0039734322768636,0.0324968759616145,-0.0324968759616145
TCEHY_2011-08-25,TCEHY,2011-08-25,4.480000019073486,4.556000232696533,4.420000076293945,4.452000141143799,382000.0,-0.204147255910343,-0.138211336337549,-0.171179296123946,-0.0211081180060866,0.0325662681508307,-0.0325662681508307
TCEHY_2011-08-26,TCEHY,2011-08-26,4.4679999351501465,4.561999797821045,4.434000015258789,4.561999797821045,134000.0,-0.1765343268531105,-0.1476084461470723,-0.1620713865000914,0.0247079185062615,0.0327419208548426,-0.0327419208548426
TCEHY_2011-08-29,TCEHY,2011-08-29,4.602000236511231,4.693999767303467,4.602000236511231,4.659999847412109,131500.0,-0.1881533043154927,-0.1354359994723827,-0.1617946518939377,0.0214818180478377,0.0325145923380392,-0.0325145923380392
TCEHY_2011-08-30,TCEHY,2011-08-30,4.668000221252441,4.685999870300293,4.604000091552734,4.679999828338623,131000.0,-0.1769257940395521,-0.1378040067498637,-0.1573649003947079,0.0042918415410722,0.0325153724242511,-0.0325153724242511
TCEHY_2011-08-31,TCEHY,2011-08-31,4.789999961853027,4.789999961853027,4.734000205993652,4.788000106811523,153500.0,-0.1570422092403488,-0.1272329468570816,-0.1421375780487152,0.0230769834261381,0.0326751863644565,-0.0326751863644565
TCEHY_2011-09-01,TCEHY,2011-09-01,4.823999881744385,4.880000114440918,4.75,4.788000106811523,233500.0,-0.1561508129930987,-0.1552576005804155,-0.1557042067867571,0.0,0.0326760437734925,-0.0326760437734925
TCEHY_2011-09-02,TCEHY,2011-09-02,4.734000205993652,4.789999961853027,4.7220001220703125,4.75,356500.0,-0.1535994280673047,-0.1487455080742717,-0.1511724680707882,-0.0079365300676296,0.0326652791787888,-0.0326652791787888
TCEHY_2011-09-06,TCEHY,2011-09-06,4.638000011444092,4.74399995803833,4.627999782562256,4.742000102996826,97500.0,-0.1477354434833999,-0.1775927380493406,-0.1626640907663702,-0.0016841888427734,0.0326549111450289,-0.0326549111450289
TCEHY_2011-09-07,TCEHY,2011-09-07,4.855999946594238,4.900000095367432,4.777999877929688,4.875999927520752,140500.0,-0.1230215867442698,-0.1531781843104009,-0.1380998855273354,0.0282580813187331,0.0328766771031219,-0.0328766771031219
TCEHY_2011-09-08,TCEHY,2011-09-08,4.811999797821045,4.811999797821045,4.716000080108643,4.73199987411499,129000.0,-0.1275811097928149,-0.1519713371300282,-0.1397762234614215,-0.0295324150012815,0.0329398393451188,-0.0329398393451188
TCEHY_2011-09-09,TCEHY,2011-09-09,4.73199987411499,4.73199987411499,4.593999862670898,4.593999862670898,123500.0,-0.1138117574944562,-0.1816886372182199,-0.1477501973563381,-0.0291631477420318,0.0326788337745628,-0.0326788337745628
TCEHY_2011-09-12,TCEHY,2011-09-12,4.552000045776367,4.552000045776367,4.46999979019165,4.53000020980835,161000.0,-0.1413949601674677,-0.2102510178511336,-0.1758229890093007,-0.0139311394809968,0.0326233122143257,-0.0326233122143257
TCEHY_2011-09-13,TCEHY,2011-09-13,4.550000190734863,4.636000156402588,4.513999938964844,4.578000068664551,106500.0,-0.1172386843119099,-0.1670305268625649,-0.1421346055872374,0.010595994841738,0.0326019887723746,-0.0326019887723746
TCEHY_2011-09-14,TCEHY,2011-09-14,4.570000171661377,4.656000137329102,4.552000045776367,4.656000137329102,84500.0,-0.0990712194279394,-0.1425413840659984,-0.1208063017469689,0.0170380226069555,0.0326838015384238,-0.0326838015384238
TCEHY_2011-09-15,TCEHY,2011-09-15,4.510000228881836,4.550000190734863,4.478000164031982,4.539999961853027,133500.0,-0.0992063499572265,-0.097415552190204,-0.0983109510737152,-0.0249141263003951,0.032685513196072,-0.032685513196072
TCEHY_2011-09-16,TCEHY,2011-09-16,4.558000087738037,4.605999946594238,4.547999858856201,4.559999942779541,249000.0,-0.0655738041305431,-0.0784155244611296,-0.0719946642958364,0.0044052821794189,0.0324558671212298,-0.0324558671212298
TCEHY_2011-09-19,TCEHY,2011-09-19,4.409999847412109,4.478000164031982,4.4079999923706055,4.455999851226807,104500.0,-0.1193676083760877,-0.1016129401298265,-0.1104902742529571,-0.0228070379074042,0.0322156344117287,-0.0322156344117287
TCEHY_2011-09-20,TCEHY,2011-09-20,4.438000202178955,4.440000057220459,4.381999969482422,4.381999969482422,128000.0,-0.1675531876346992,-0.1104344571079372,-0.1389938223713182,-0.0166067962780589,0.031819642114011,-0.031819642114011
TCEHY_2011-09-21,TCEHY,2011-09-21,4.352000236511231,4.352000236511231,4.199999809265137,4.199999809265137,478000.0,-0.2178771138227192,-0.1389913906353205,-0.1784342522290198,-0.0415335831777247,0.0320626156099712,-0.0320626156099712
TCEHY_2011-09-22,TCEHY,2011-09-22,4.056000232696533,4.056000232696533,3.858000040054321,3.858000040054321,195500.0,-0.2651428495134627,-0.2308612044473623,-0.2480020269804125,-0.0814285201766842,0.0334597713218296,-0.0334597713218296
TCEHY_2011-09-23,TCEHY,2011-09-23,4.0320000648498535,4.0879998207092285,4.019999980926514,4.078000068664551,166500.0,-0.23804187435484,-0.1924752644274394,-0.2152585693911397,0.0570243717797194,0.0342169173309701,-0.0342169173309701
TCEHY_2011-09-26,TCEHY,2011-09-26,4.053999900817871,4.053999900817871,3.99399995803833,4.039999961853027,178000.0,-0.2507418744015216,-0.184497382930173,-0.2176196286658473,-0.0093183193162543,0.0341936570523967,-0.0341936570523967
TCEHY_2011-09-27,TCEHY,2011-09-27,4.076000213623047,4.199999809265137,4.076000213623047,4.15399980545044,299500.0,-0.2270190269026124,-0.1563769322364397,-0.1916979795695261,0.0282177833351078,0.0344336881723975,-0.0344336881723975
TCEHY_2011-09-28,TCEHY,2011-09-28,4.214000225067139,4.271999835968018,4.133999824523926,4.133999824523926,96000.0,-0.2170455188913753,-0.1807372529927295,-0.1988913859420524,-0.0048146321288394,0.0343875695119254,-0.0343875695119254
TCEHY_2011-09-29,TCEHY,2011-09-29,4.21999979019165,4.26200008392334,4.102000236511231,4.173999786376953,108000.0,-0.2383212095165906,-0.145022570162066,-0.1916718898393283,0.0096758499155558,0.0340246284377485,-0.0340246284377485
TCEHY_2011-09-30,TCEHY,2011-09-30,4.230000019073486,4.230000019073486,4.142000198364258,4.15399980545044,410000.0,-0.2499097642953847,-0.1688676100498721,-0.2093886871726284,-0.0047915625179926,0.0339753443503003,-0.0339753443503003
TCEHY_2011-10-03,TCEHY,2011-10-03,3.849999904632568,3.861999988555908,3.7699999809265137,3.7799999713897705,295000.0,-0.3164557273098599,-0.2529644240838954,-0.2847100756968777,-0.0900336667252479,0.0356600977008819,-0.0356600977008819
TCEHY_2011-10-04,TCEHY,2011-10-04,3.6659998893737793,3.7799999713897705,3.651999950408936,3.7799999713897705,364000.0,-0.318181841638978,-0.2547318707632168,-0.2864568562010974,0.0,0.0356524538448647,-0.0356524538448647
TCEHY_2011-10-05,TCEHY,2011-10-05,3.711999893188477,3.880000114440918,3.711999893188477,3.849999904632568,300500.0,-0.3097884802367329,-0.273036272307511,-0.2914123762721219,0.0185185009980466,0.0357512505881186,-0.0357512505881186
TCEHY_2011-10-06,TCEHY,2011-10-06,4.1579999923706055,4.230000019073486,4.1479997634887695,4.210000038146973,220500.0,-0.2246776848545361,-0.2041587772200556,-0.2144182310372958,0.0935065305017877,0.0377411357385238,-0.0377411357385238
TCEHY_2011-10-07,TCEHY,2011-10-07,4.406000137329102,4.4079999923706055,4.320000171661377,4.355999946594238,123000.0,-0.1699695452983476,-0.1818181736760267,-0.1758938594871871,0.0346793128561413,0.0378391321977146,-0.0378391321977146
TCEHY_2011-10-10,TCEHY,2011-10-10,4.3480000495910645,4.401999950408936,4.3480000495910645,4.372000217437744,89500.0,-0.1510679346646071,-0.1460936884453971,-0.1485808115550021,0.0036731568043328,0.0377873444543043,-0.0377873444543043
TCEHY_2011-10-11,TCEHY,2011-10-11,4.323999881744385,4.395999908447266,4.323999881744385,4.368000030517578,64500.0,-0.178638555450568,-0.1228915634963729,-0.1507650594734705,-0.0009149557916788,0.0375286655297136,-0.0375286655297136
TCEHY_2011-10-12,TCEHY,2011-10-12,4.440000057220459,4.547999858856201,4.440000057220459,4.495999813079834,107500.0,-0.1583676887572652,-0.1235868006272313,-0.1409772446922483,0.0293039793195901,0.0377319802599352,-0.0377319802599352
TCEHY_2011-10-13,TCEHY,2011-10-13,4.418000221252441,4.4720001220703125,4.368000030517578,4.420000076293945,141000.0,-0.1845018424213332,-0.1444056966811634,-0.1644537695512483,-0.0169038567494573,0.0377167932294826,-0.0377167932294826
TCEHY_2011-10-14,TCEHY,2011-10-14,4.429999828338623,4.50600004196167,4.429999828338623,4.434000015258789,70000.0,-0.1743016555395781,-0.1440154127030344,-0.1591585341213062,0.0031674069509479,0.0377136217965588,-0.0377136217965588
TCEHY_2011-10-17,TCEHY,2011-10-17,4.546000003814697,4.570000171661377,4.409999847412109,4.412000179290772,185000.0,-0.1753270545910816,-0.1389539194217799,-0.1571404870064308,-0.0049616228895598,0.037714680619256,-0.037714680619256
TCEHY_2011-10-18,TCEHY,2011-10-18,4.334000110626221,4.421999931335449,4.239999771118164,4.3420000076293945,285000.0,-0.1874999776928718,-0.1659623258332995,-0.1767311517630856,-0.0158658587526689,0.0377526520846812,-0.0377526520846812
TCEHY_2011-10-19,TCEHY,2011-10-19,4.289999961853027,4.349999904632568,4.23799991607666,4.23799991607666,126500.0,-0.1997734303202345,-0.2369463464605786,-0.2183598883904066,-0.0239521168516799,0.037840569977519,-0.037840569977519
TCEHY_2011-10-20,TCEHY,2011-10-20,4.2179999351501465,4.2179999351501465,4.142000198364258,4.1579999923706055,114500.0,-0.2095057392698046,-0.264070810232402,-0.2367882747511033,-0.0188768110642425,0.0378915992398164,-0.0378915992398164
TCEHY_2011-10-21,TCEHY,2011-10-21,4.182000160217285,4.26200008392334,4.182000160217285,4.202000141143799,152500.0,-0.198397547008529,-0.2570721288687797,-0.2277348379386544,0.0105820463814161,0.0379302306400006,-0.0379302306400006
TCEHY_2011-10-24,TCEHY,2011-10-24,4.406000137329102,4.489999771118164,4.406000137329102,4.455999851226807,175000.0,-0.1566994854688747,-0.236986346780794,-0.1968429161248343,0.0604473349717376,0.0387378445696255,-0.0387378445696255
TCEHY_2011-10-25,TCEHY,2011-10-25,4.519999980926514,4.526000022888184,4.4679999351501465,4.489999771118164,123500.0,-0.1398467525698281,-0.2081129258021208,-0.1739798391859744,0.0076301438569386,0.0387342513597097,-0.0387342513597097
TCEHY_2011-10-26,TCEHY,2011-10-26,4.535999774932861,4.585999965667725,4.441999912261963,4.541999816894531,201500.0,-0.128215012737318,-0.2045534524429678,-0.1663842325901429,0.0115813025450148,0.0387700513711462,-0.0387700513711462
TCEHY_2011-10-27,TCEHY,2011-10-27,4.800000190734863,4.868000030517578,4.736000061035156,4.829999923706055,132000.0,-0.0729366817003079,-0.1526315639774109,-0.1127841228388594,0.0634082162972071,0.0396215459173312,-0.0396215459173312
TCEHY_2011-10-28,TCEHY,2011-10-28,4.829999923706055,4.8460001945495605,4.78000020980835,4.789999961853027,126500.0,-0.0962264548166219,-0.1552028399647056,-0.1257146473906638,-0.0082815657318552,0.0395681854231454,-0.0395681854231454
TCEHY_2011-10-31,TCEHY,2011-10-31,4.723999977111816,4.723999977111816,4.599999904632568,4.631999969482422,86000.0,-0.1143403532333069,-0.168402185506428,-0.1413712693698675,-0.0329853848912105,0.0397460148031271,-0.0397460148031271
TCEHY_2011-11-01,TCEHY,2011-11-01,4.441999912261963,4.559999942779541,4.441999912261963,4.5,139500.0,-0.1444867292417201,-0.1682070005690316,-0.1563468649053758,-0.0284974029257542,0.0398841798248941,-0.0398841798248941
TCEHY_2011-11-02,TCEHY,2011-11-02,4.702000141143799,4.771999835968018,4.691999912261963,4.739999771118164,132500.0,-0.0613862193877637,-0.1222222801098597,-0.0918042497488117,0.0533332824707031,0.0401717954011207,-0.0401717954011207
TCEHY_2011-11-03,TCEHY,2011-11-03,4.745999813079834,4.765999794006348,4.638000011444092,4.711999893188477,162500.0,-0.0613545993841201,-0.1401460078853899,-0.100750303634755,-0.0059071475277903,0.0401717185603178,-0.0401717185603178
TCEHY_2011-11-04,TCEHY,2011-11-04,4.618000030517578,4.673999786376953,4.564000129699707,4.638000011444092,817000.0,-0.0136112564395071,-0.1442804527384,-0.0789458545889535,-0.0157045593000451,0.0394051015319308,-0.0394051015319308
TCEHY_2011-11-07,TCEHY,2011-11-07,4.5,4.550000190734863,4.460000038146973,4.53000020980835,175000.0,-0.0766408310223676,-0.1672793819559387,-0.1219601064891531,-0.0232858562676275,0.0391303884261469,-0.0391303884261469
TCEHY_2011-11-08,TCEHY,2011-11-08,4.334000110626221,4.334000110626221,4.2220001220703125,4.314000129699707,120500.0,0.0079439061272568,-0.222702706046484,-0.1073793999596136,-0.0476821346809123,0.0361238865211619,-0.0361238865211619
TCEHY_2011-11-09,TCEHY,2011-11-09,4.214000225067139,4.214000225067139,4.019999980926514,4.019999980926514,193000.0,-0.1687344893577853,-0.2934973742530564,-0.2311159318054209,-0.0681502410602983,0.033203258287093,-0.033203258287093
TCEHY_2011-11-10,TCEHY,2011-11-10,4.188000202178955,4.188000202178955,4.085999965667725,4.136000156402588,87000.0,-0.1296295701662086,-0.2614285309217407,-0.1955290505439746,0.0288557651807099,0.0333770985231937,-0.0333770985231937
TCEHY_2011-11-11,TCEHY,2011-11-11,4.038000106811523,4.107999801635742,4.038000106811523,4.090000152587891,235000.0,-0.1618852342882648,-0.2735346235434234,-0.2177099289158441,-0.0111218573682809,0.0331952435006691,-0.0331952435006691
TCEHY_2011-11-14,TCEHY,2011-11-14,4.084000110626221,4.144000053405762,3.986000061035156,4.004000186920166,340000.0,-0.1352051645891466,-0.2725290605121407,-0.2038671125506437,-0.0210268856868646,0.0326908239920093,-0.0326908239920093
TCEHY_2011-11-15,TCEHY,2011-11-15,3.98799991607666,4.064000129699707,3.98799991607666,4.039999961853027,111500.0,-0.1255411121370335,-0.2839418965238048,-0.2047415043304192,0.008990952360707,0.0327188915895897,-0.0327188915895897
TCEHY_2011-11-16,TCEHY,2011-11-16,3.9760000705718994,4.021999835968018,3.944000005722046,3.947999954223633,368500.0,-0.117962443639252,-0.3054187291299852,-0.2116905863846186,-0.0227722793312099,0.0326134326302486,-0.0326134326302486
TCEHY_2011-11-17,TCEHY,2011-11-17,3.934000015258789,3.9800000190734863,3.845999956130981,3.845999956130981,177000.0,-0.1251137315220174,-0.3188097735572425,-0.2219617525396299,-0.0258358660778429,0.0326933734694432,-0.0326933734694432
TCEHY_2011-11-18,TCEHY,2011-11-18,3.828000068664551,3.885999917984009,3.819999933242798,3.825999975204468,177000.0,-0.111472417917515,-0.3096354923107208,-0.2105539551141179,-0.0052002031083309,0.0326076293614475,-0.0326076293614475
TCEHY_2011-11-21,TCEHY,2011-11-21,3.885999917984009,3.910000085830689,3.858000040054321,3.878000020980835,1528000.0,-0.1439293948410432,-0.293882019618914,-0.2189057072299786,0.0135912300348584,0.0319458510267052,-0.0319458510267052
TCEHY_2011-11-22,TCEHY,2011-11-22,4.102000236511231,4.102000236511231,3.986000061035156,4.039999961853027,2789000.0,-0.1116974302481471,-0.2746858460781686,-0.1931916381631578,0.0417740948931761,0.0324107070933605,-0.0324107070933605
TCEHY_2011-11-23,TCEHY,2011-11-23,3.992000102996826,3.992000102996826,3.910000085830689,3.920000076293945,333000.0,-0.119496866123902,-0.2992491647251649,-0.2093730154245335,-0.0297029422505346,0.0325130982355697,-0.0325130982355697
TCEHY_2011-11-25,TCEHY,2011-11-25,3.900000095367432,3.9059998989105225,3.8519999980926514,3.8519999980926514,152500.0,-0.1556334570789573,-0.3046931363508116,-0.2301632967148845,-0.0173469583872004,0.0323979167809154,-0.0323979167809154
TCEHY_2011-11-28,TCEHY,2011-11-28,3.828000068664551,3.828000068664551,3.75600004196167,3.78600001335144,384000.0,-0.187553618600661,-0.3404180898401118,-0.2639858542203864,-0.0171339524335129,0.0323084973694335,-0.0323084973694335
TCEHY_2011-11-29,TCEHY,2011-11-29,3.753999948501587,3.783999919891357,3.73799991607666,3.747999906539917,244000.0,-0.1991452897402266,-0.3408371452632525,-0.2699912175017395,-0.0100370065180968,0.0323083644795871,-0.0323083644795871
TCEHY_2011-11-30,TCEHY,2011-11-30,3.75600004196167,3.911999940872192,3.75600004196167,3.864000082015991,331000.0,-0.1929824570139477,-0.3197182748601956,-0.2563503659370717,0.0309498875049769,0.032425886849179,-0.032425886849179
TCEHY_2011-12-01,TCEHY,2011-12-01,4.050000190734863,4.050000190734863,3.9600000381469727,4.010000228881836,639000.0,-0.1624895281065024,-0.2932674691829058,-0.2278784986447041,0.03778471629578,0.0328269709050631,-0.0328269709050631
TCEHY_2011-12-02,TCEHY,2011-12-02,3.890000104904175,3.946000099182129,3.869999885559082,3.900000095367432,239000.0,-0.1789473483436985,-0.3050605660512504,-0.2420039571974744,-0.0274314531760205,0.0329727115277598,-0.0329727115277598
TCEHY_2011-12-05,TCEHY,2011-12-05,3.911999940872192,3.940000057220459,3.891999959945679,3.901999950408936,120500.0,-0.1771404753991952,-0.2987059921906346,-0.2379232337949149,0.0005127833314362,0.0329748462639247,-0.0329748462639247
TCEHY_2011-12-06,TCEHY,2011-12-06,3.930000066757202,3.9779999256134033,3.930000066757202,3.96399998664856,291500.0,-0.18703854684754,-0.2870503547762831,-0.2370444508119116,0.0158892970342365,0.0328249105421132,-0.0328249105421132
TCEHY_2011-12-07,TCEHY,2011-12-07,3.9779999256134033,3.9800000190734863,3.930000066757202,3.96399998664856,247500.0,-0.1622992197585522,-0.2691740149760631,-0.2157366173673076,0.0,0.0326466710178926,-0.0326466710178926
TCEHY_2011-12-08,TCEHY,2011-12-08,3.940000057220459,3.9600000381469727,3.864000082015991,3.864000082015991,602500.0,-0.1589028738521759,-0.2546296160025961,-0.206766244927386,-0.0252270194171003,0.0325981278244344,-0.0325981278244344
TCEHY_2011-12-09,TCEHY,2011-12-09,3.858000040054321,3.8940000534057617,3.8320000171661377,3.8940000534057617,233500.0,-0.140397379016787,-0.2619408573705594,-0.2011691181936732,0.0077639675861804,0.0325870055414231,-0.0325870055414231
TCEHY_2011-12-12,TCEHY,2011-12-12,3.7899999618530273,3.7899999618530273,3.631999969482422,3.697999954223633,391500.0,-0.1922237005771,-0.2869263311397843,-0.2395750158584421,-0.0503338717241936,0.0331108491011256,-0.0331108491011256
TCEHY_2011-12-13,TCEHY,2011-12-13,3.7920000553131104,3.848000049591065,3.733999967575073,3.733999967575073,371500.0,-0.1980240856012798,-0.2774768173925978,-0.2377504514969388,0.009734995618462,0.0330528576562805,-0.0330528576562805
TCEHY_2011-12-14,TCEHY,2011-12-14,3.808000087738037,3.809999942779541,3.759999990463257,3.763999938964844,328500.0,-0.1709251166097927,-0.2531746096321484,-0.2120498631209705,0.0080342720006112,0.0329603933742432,-0.0329603933742432
TCEHY_2011-12-15,TCEHY,2011-12-15,3.845999956130981,3.8940000534057617,3.829999923706055,3.829999923706055,365000.0,-0.1600877254898638,-0.2151639684654305,-0.1876258469776471,0.0175345339562789,0.0330457398446751,-0.0330457398446751
TCEHY_2011-12-16,TCEHY,2011-12-16,3.885999917984009,3.9179999828338623,3.859999895095825,3.865999937057495,351000.0,-0.132405730221664,-0.2359683832459022,-0.1841870567337831,0.0093994814800426,0.0329712673547113,-0.0329712673547113
TCEHY_2011-12-19,TCEHY,2011-12-19,3.924000024795532,3.9800000190734863,3.9059998989105225,3.9179999828338623,650500.0,-0.1058877201916924,-0.2556990827769025,-0.1807934014842975,0.0134506069899074,0.0329697859975106,-0.0329697859975106
TCEHY_2011-12-20,TCEHY,2011-12-20,3.927999973297119,4.02400016784668,3.927999973297119,3.990000009536743,505000.0,-0.0499999545869352,-0.256983222612986,-0.1534915885999606,0.0183767297137158,0.0326512727596968,-0.0326512727596968
TCEHY_2011-12-21,TCEHY,2011-12-21,3.96399998664856,3.992000102996826,3.934000015258789,3.96399998664856,275500.0,0.0274753617142904,-0.2449523834955124,-0.1087385108906109,-0.0065162964476287,0.0309694060734651,-0.0309694060734651
TCEHY_2011-12-22,TCEHY,2011-12-22,3.982000112533569,4.03000020980835,3.982000112533569,4.004000186920166,449000.0,-0.0181461207695903,-0.2518684585241678,-0.135007289646879,0.0100908679127986,0.0301512676029001,-0.0301512676029001
TCEHY_2011-12-23,TCEHY,2011-12-23,4.0980000495910645,4.0980000495910645,4.038000106811523,4.065999984741211,243500.0,0.0064356492905157,-0.2459199118771005,-0.1197421312932923,0.0154844642674041,0.0301874667798679,-0.0301874667798679
TCEHY_2011-12-27,TCEHY,2011-12-27,4.047999858856201,4.110000133514404,4.047999858856201,4.073999881744385,257500.0,-0.0192585285153572,-0.241905503014837,-0.1305820157650971,0.0019675103377263,0.0299798638464631,-0.0299798638464631
TCEHY_2011-12-28,TCEHY,2011-12-28,4.007999897003174,4.067999839782715,3.971999883651733,3.990000009536743,208000.0,-0.0348330481614778,-0.2443182100400769,-0.1395756291007773,-0.0206185259317374,0.0300878579295706,-0.0300878579295706
TCEHY_2011-12-29,TCEHY,2011-12-29,3.9700000286102295,4.03000020980835,3.9700000286102295,4.02400016784668,254000.0,-0.0359366617650149,-0.2656934025837787,-0.1508150321743968,0.0085213429144537,0.0300821479245037,-0.0300821479245037
TCEHY_2011-12-30,TCEHY,2011-12-30,3.983999967575073,4.061999797821045,3.983999967575073,4.027999877929688,372500.0,-0.0303321938906757,-0.2726616467602797,-0.1514969203254777,0.0009939636968625,0.0300765364188544,-0.0300765364188544
TCEHY_2012-01-03,TCEHY,2012-01-03,4.078000068664551,4.156000137329102,4.078000068664551,4.104000091552734,636000.0,0.0857143181521877,-0.2578661960493913,-0.0860759389486017,0.0188679781346241,0.0278696177704726,-0.0278696177704726
TCEHY_2012-01-04,TCEHY,2012-01-04,4.015999794006348,4.119999885559082,4.015999794006348,4.085999965667725,641500.0,0.0809523800513281,-0.2629870389574399,-0.0910173294530559,-0.0043859954881725,0.0278793701182096,-0.0278793701182096
TCEHY_2012-01-05,TCEHY,2012-01-05,4.044000148773193,4.078000068664551,4.02400016784668,4.061999797821045,183000.0,0.055064908685682,-0.2717820459271627,-0.1083585686207403,-0.0058737562526527,0.0278101224200614,-0.0278101224200614
TCEHY_2012-01-06,TCEHY,2012-01-06,3.9579999446868896,4.0320000648498535,3.9579999446868896,3.990000009536743,166500.0,-0.0522565383887887,-0.2651933451796197,-0.1587249417842042,-0.0177252072545459,0.0252722055159514,-0.0252722055159514
TCEHY_2012-01-09,TCEHY,2012-01-09,3.9579999446868896,4.026000022888184,3.9579999446868896,4.02400016784668,583000.0,-0.0762166627222147,-0.2332316965135099,-0.1547241796178623,0.0085213429144537,0.024896362928831,-0.024896362928831
TCEHY_2012-01-10,TCEHY,2012-01-10,4.142000198364258,4.188000202178955,4.142000198364258,4.170000076293945,182000.0,-0.0462031406901857,-0.1902912623157082,-0.1182472015029469,0.0362822818979635,0.0253293086262672,-0.0253293086262672
TCEHY_2012-01-11,TCEHY,2012-01-11,4.25600004196167,4.3379998207092285,4.25600004196167,4.320000171661377,91500.0,-0.0109889785990943,-0.187664478786843,-0.0993267286929686,0.0359712452333438,0.0257410180034634,-0.0257410180034634
TCEHY_2012-01-12,TCEHY,2012-01-12,4.357999801635742,4.357999801635742,4.306000232696533,4.340000152587891,327000.0,-0.0346974348259772,-0.1875701710240466,-0.1111338029250119,0.004629625030506,0.0254766343938402,-0.0254766343938402
TCEHY_2012-01-13,TCEHY,2012-01-13,4.326000213623047,4.3979997634887695,4.322000026702881,4.3480000495910645,467000.0,-0.0162895985203808,-0.1977859800024,-0.1070377892613904,0.001843294175555,0.0253882082176944,-0.0253882082176944
TCEHY_2012-01-17,TCEHY,2012-01-17,4.556000232696533,4.570000171661377,4.519999980926514,4.544000148773193,350500.0,0.0248083295299637,-0.1538174589178584,-0.0645045646939473,0.0450782191689631,0.02601247523116,-0.02601247523116
TCEHY_2012-01-18,TCEHY,2012-01-18,4.639999866485596,4.710000038146973,4.639999866485596,4.703999996185303,139000.0,0.066183092708185,-0.1207476485911511,-0.027282277941483,0.0352112328727161,0.0263609801768394,-0.0263609801768394
TCEHY_2012-01-19,TCEHY,2012-01-19,4.676000118255615,4.690000057220459,4.639999866485596,4.656000137329102,155500.0,0.0723169343961245,-0.1287424668828376,-0.0282127662433565,-0.0102040516358686,0.0263109139525364,-0.0263109139525364
TCEHY_2012-01-20,TCEHY,2012-01-20,4.631999969482422,4.696000099182129,4.631999969482422,4.691999912261963,276500.0,0.1071260040527783,-0.1140483555735789,-0.0034611757604002,0.0077319101956712,0.0261196746555902,-0.0261196746555902
TCEHY_2012-01-23,TCEHY,2012-01-23,4.6479997634887695,4.730000019073486,4.6479997634887695,4.711999893188477,397500.0,0.1332371096282802,-0.1041825687923692,0.0145272704179555,0.0042625706096555,0.0259844042673812,-0.0259844042673812
TCEHY_2012-01-24,TCEHY,2012-01-24,4.714000225067139,4.72599983215332,4.690000057220459,4.72599983215332,221000.0,0.1247024448854223,-0.0984357612943408,0.0131333417955407,0.0029711246354402,0.0259630512398032,-0.0259630512398032
TCEHY_2012-01-25,TCEHY,2012-01-25,4.716000080108643,4.776000022888184,4.679999828338623,4.72599983215332,272500.0,0.0605924573476317,-0.1056018350109115,-0.0225046888316399,0.0,0.0248696049074474,-0.0248696049074474
TCEHY_2012-01-26,TCEHY,2012-01-26,4.78000020980835,4.78000020980835,4.684000015258789,4.684000015258789,87000.0,0.0432071835256044,-0.1026819533479679,-0.0297373849111817,-0.0088869696119719,0.0248881941663792,-0.0248881941663792
TCEHY_2012-01-27,TCEHY,2012-01-27,4.630000114440918,4.708000183105469,4.630000114440918,4.699999809265137,357000.0,0.0347864374152779,-0.0978887188383258,-0.0315511407115239,0.0034158398706716,0.0248533139262374,-0.0248533139262374
TCEHY_2012-01-30,TCEHY,2012-01-30,4.710000038146973,4.78000020980835,4.710000038146973,4.78000020980835,189000.0,-0.0103519078027936,-0.0825335556986982,-0.0464427317507459,0.0170213625084638,0.0236268528422723,-0.0236268528422723
TCEHY_2012-01-31,TCEHY,2012-01-31,4.860000133514404,4.921999931335449,4.860000133514404,4.880000114440918,153000.0,0.0187891760552485,-0.0792452945620952,-0.0302280592534233,0.0209204812224428,0.0237457072848834,-0.0237457072848834
TCEHY_2012-02-01,TCEHY,2012-02-01,4.808000087738037,4.820000171661377,4.7179999351501465,4.808000087738037,251500.0,0.0379965715490455,-0.0806883230968339,-0.0213458757738941,-0.0147541034865589,0.0234392393537227,-0.0234392393537227
TCEHY_2012-02-02,TCEHY,2012-02-02,4.809999942779541,4.8480000495910645,4.809999942779541,4.840000152587891,197000.0,0.0755555894639756,-0.0798479197753244,-0.0021461651556743,0.006655587409714,0.0231455921350219,-0.0231455921350219
TCEHY_2012-02-03,TCEHY,2012-02-03,4.78000020980835,4.861999988555908,4.78000020980835,4.835999965667725,126000.0,0.0202532065791458,-0.0423762805909909,-0.0110615370059225,-0.0008264848748046,0.0221716914410289,-0.0221716914410289
TCEHY_2012-02-06,TCEHY,2012-02-06,4.771999835968018,4.829999923706055,4.769999980926514,4.769999980926514,125500.0,0.0123090172013544,-0.049800797001967,-0.0187458899003062,-0.0136476396215395,0.0222294892313822,-0.0222294892313822
TCEHY_2012-02-07,TCEHY,2012-02-07,4.696000099182129,4.785999774932861,4.696000099182129,4.757999897003174,124000.0,0.0258731964775738,0.0119097733259005,0.0188914849017372,-0.0025157408744913,0.0221369157154073,-0.0221369157154073
TCEHY_2012-02-08,TCEHY,2012-02-08,4.8480000495910645,4.8480000495910645,4.769999980926514,4.769999980926514,175000.0,0.0529800794707506,-0.0277211888698862,0.0126294453004321,0.0025220857887993,0.0219246377316995,-0.0219246377316995
TCEHY_2012-02-09,TCEHY,2012-02-09,4.863999843597412,4.920000076293945,4.863999843597412,4.894000053405762,489000.0,0.1344459680733547,0.1434579003501745,0.1389519342117646,0.0259958224266412,0.0212371028282442,-0.0212371028282442
TCEHY_2012-02-10,TCEHY,2012-02-10,4.7820000648498535,4.7820000648498535,4.751999855041504,4.765999794006348,332500.0,0.1855720936864031,-0.0144748081386124,0.0855486427738953,-0.0261545275853313,0.0195874490017904,-0.0195874490017904
TCEHY_2012-02-13,TCEHY,2012-02-13,4.817999839782715,4.872000217437744,4.817999839782715,4.831999778747559,200500.0,0.168278432307976,0.0168350012934408,0.0925567168007084,0.0138480880389906,0.0193565152909893,-0.0193565152909893
TCEHY_2012-02-14,TCEHY,2012-02-14,4.8480000495910645,4.8480000495910645,4.771999835968018,4.811999797821045,166500.0,0.1765280240335245,-0.0139344907838518,0.0812967666248363,-0.0041390690898784,0.0192962484614067,-0.0192962484614067
TCEHY_2012-02-15,TCEHY,2012-02-15,4.955999851226807,4.989999771118164,4.943999767303467,4.943999767303467,178000.0,0.2347651190062352,0.0678184978620599,0.1512918084341475,0.0274314162569568,0.019298315096538,-0.019298315096538
TCEHY_2012-02-16,TCEHY,2012-02-16,5.122000217437744,5.191999912261963,5.122000217437744,5.190000057220459,195000.0,0.284653491640124,0.1233766635888995,0.2040150776145117,0.0497573425354678,0.0201488967076908,-0.0201488967076908
TCEHY_2012-02-17,TCEHY,2012-02-17,5.145999908447266,5.165999889373779,5.081999778747559,5.0920000076293945,147500.0,0.2897669875051272,0.1376229219337856,0.2136949547194564,-0.0188824756282467,0.0200707731504268,-0.0200707731504268
TCEHY_2012-02-21,TCEHY,2012-02-21,4.980000019073486,5.070000171661377,4.958000183105469,4.966000080108643,149000.0,0.2912116840230974,0.1296633720501394,0.2104375280366184,-0.0247446832937873,0.0200448501311384,-0.0200448501311384
TCEHY_2012-02-22,TCEHY,2012-02-22,5.061999797821045,5.136000156402588,5.035999774932861,5.046000003814697,178000.0,0.31887089297355,0.1718531656127562,0.2453620292931531,0.0161095292822275,0.0200623932402489,-0.0200623932402489
TCEHY_2012-02-23,TCEHY,2012-02-23,5.110000133514404,5.156000137329102,5.104000091552734,5.15399980545044,302000.0,0.3290355279954011,0.1377482487287766,0.2333918883620889,0.0214030522303005,0.0201428386095877,-0.0201428386095877
TCEHY_2012-02-24,TCEHY,2012-02-24,5.159999847412109,5.168000221252441,5.145999908447266,5.159999847412109,317500.0,0.2772276970629899,0.134564645459295,0.2058961712611424,0.0011641525394168,0.0195799884592422,-0.0195799884592422
TCEHY_2012-02-27,TCEHY,2012-02-27,5.039999961853027,5.099999904632568,5.033999919891357,5.081999778747559,137000.0,0.2964284897545701,0.1415093480751557,0.2189689189148629,-0.0151162928238592,0.0192576557589621,-0.0192576557589621
TCEHY_2012-02-28,TCEHY,2012-02-28,5.159999847412109,5.182000160217285,5.139999866485596,5.182000160217285,148000.0,0.345275223983176,0.1359053901520057,0.2405903070675908,0.0196773683241622,0.0191506930042294,-0.0191506930042294
TCEHY_2012-02-29,TCEHY,2012-02-29,5.184000015258789,5.289999961853027,5.150000095367432,5.150000095367432,270500.0,0.360274716641787,0.105150271244631,0.232712493943209,-0.0061752342455565,0.0189964875592159,-0.0189964875592159
TCEHY_2012-03-01,TCEHY,2012-03-01,5.176000118255615,5.176000118255615,5.136000156402588,5.159999847412109,112500.0,0.3767342518894896,0.102564110401663,0.2396491811455763,0.0019416993901946,0.0189025282260632,-0.0189025282260632
TCEHY_2012-03-02,TCEHY,2012-03-02,5.122000217437744,5.142000198364258,5.119999885559082,5.124000072479248,351500.0,0.3260869471322238,0.0701754298605221,0.198131188496373,-0.006976700774694,0.0186738139341072,-0.0186738139341072
TCEHY_2012-03-05,TCEHY,2012-03-05,5.138000011444092,5.138000011444092,5.064000129699707,5.078000068664551,83000.0,0.2663341094323379,0.0605680775655093,0.1634510934989236,-0.008977362053869,0.0182607502196864,-0.0182607502196864
TCEHY_2012-03-06,TCEHY,2012-03-06,5.0320000648498535,5.0320000648498535,4.941999912261963,4.949999809265137,310000.0,0.2692306892876577,0.0421052230031866,0.1556679561454221,-0.0252068250627409,0.0182012032617936,-0.0182012032617936
TCEHY_2012-03-07,TCEHY,2012-03-07,4.973999977111816,5.039999961853027,4.973999977111816,5.02400016784668,96500.0,0.2875449081746288,0.0594685910427619,0.1735067496086954,0.0149495679662519,0.0182479996750918,-0.0182479996750918
TCEHY_2012-03-08,TCEHY,2012-03-08,5.059999942779541,5.111999988555908,5.059999942779541,5.076000213623047,740000.0,0.2805247807063311,0.041017286520754,0.1607710336135426,0.0103503272370817,0.0182039793334351,-0.0182039793334351
TCEHY_2012-03-09,TCEHY,2012-03-09,5.079999923706055,5.150000095367432,5.079999923706055,5.0960001945495605,186000.0,0.2855701845897511,0.0769231466859765,0.1812466656378638,0.003940106399688,0.0181964496742429,-0.0181964496742429
TCEHY_2012-03-12,TCEHY,2012-03-12,5.1479997634887695,5.1479997634887695,5.099999904632568,5.130000114440918,131500.0,0.3276397529899657,0.1166739807994672,0.2221568668947164,0.0066718835544241,0.0178052062248267,-0.0178052062248267
TCEHY_2012-03-13,TCEHY,2012-03-13,5.170000076293945,5.190000057220459,5.139999866485596,5.190000057220459,132500.0,0.3328197190652815,0.1456953238066256,0.2392575214359535,0.011695895017749,0.0178231294675978,-0.0178231294675978
TCEHY_2012-03-14,TCEHY,2012-03-14,5.2179999351501465,5.2179999351501465,5.130000114440918,5.179999828338623,115000.0,0.4007571369551639,0.1314984164798585,0.2661277767175112,-0.0019268263529059,0.0163975768274326,-0.0163975768274326
TCEHY_2012-03-15,TCEHY,2012-03-15,5.340000152587891,5.369999885559082,5.308000087738037,5.3480000495910645,120500.0,0.4322442678177505,0.1486254063254659,0.2904348370716082,0.0324324762200471,0.0167380537295113,-0.0167380537295113
TCEHY_2012-03-16,TCEHY,2012-03-16,5.579999923706055,5.599999904632568,5.556000232696533,5.570000171661377,1873000.0,0.4798087837358493,0.2268722948156036,0.3533405392757265,0.0415108676162574,0.0173292895028433,-0.0173292895028433
TCEHY_2012-03-19,TCEHY,2012-03-19,5.627999782562256,5.690000057220459,5.627999782562256,5.690000057220459,2202000.0,0.4856397312182179,0.2478070457501209,0.3667233884841694,0.0215439644274353,0.0173781842293803,-0.0173781842293803
TCEHY_2012-03-20,TCEHY,2012-03-20,5.565999984741211,5.579999923706055,5.521999835968018,5.578000068664551,2462500.0,0.4428350127988103,0.2517953893397999,0.3473152010693051,-0.019683653326819,0.0176821996882675,-0.0176821996882675
TCEHY_2012-03-21,TCEHY,2012-03-21,5.599999904632568,5.599999904632568,5.539999961853027,5.584000110626221,1626500.0,0.425216981901912,0.274304004909834,0.349760493405873,0.0010756618658676,0.0176666964750343,-0.0176666964750343
TCEHY_2012-03-22,TCEHY,2012-03-22,5.630000114440918,5.72599983215332,5.602000236511231,5.699999809265137,899500.0,0.4285713773536888,0.3571428733618089,0.3928571253577488,0.0207735845882544,0.0176967898533061,-0.0176967898533061
TCEHY_2012-03-23,TCEHY,2012-03-23,5.730000019073486,5.730000019073486,5.676000118255615,5.702000141143799,129000.0,0.4384460545784876,0.4779678802345255,0.4582069674065065,0.0003509354290522,0.0176405753271263,-0.0176405753271263
TCEHY_2012-03-26,TCEHY,2012-03-26,5.710000038146973,5.730000019073486,5.630000114440918,5.702000141143799,291000.0,0.4240758928459782,0.3982344397093327,0.4111551662776554,0.0,0.0176480803892513,-0.0176480803892513
TCEHY_2012-03-27,TCEHY,2012-03-27,5.745999813079834,5.745999813079834,5.656000137329102,5.671999931335449,342000.0,0.3949827724105257,0.4039603923000712,0.3994715823552984,-0.0052613484857493,0.0176576102545144,-0.0176576102545144
TCEHY_2012-03-28,TCEHY,2012-03-28,5.656000137329102,5.665999889373779,5.590000152587891,5.610000133514404,272500.0,0.377025109561943,0.3505056322230815,0.3637653708925122,-0.0109308530626951,0.0177730358282967,-0.0177730358282967
TCEHY_2012-03-29,TCEHY,2012-03-29,5.558000087738037,5.558000087738037,5.452000141143799,5.507999897003174,166000.0,0.3804510987063072,0.3323657791005057,0.3564084389034064,-0.0181818599079661,0.0177184119761429,-0.0177184119761429
TCEHY_2012-03-30,TCEHY,2012-03-30,5.552000045776367,5.585999965667725,5.533999919891357,5.572000026702881,149000.0,0.3846917977850299,0.3349305969992386,0.3598111973921343,0.0116194863646472,0.0177318374443564,-0.0177318374443564
TCEHY_2012-04-02,TCEHY,2012-04-02,5.527999877929688,5.6479997634887695,5.527999877929688,5.630000114440918,629000.0,0.3977160588531661,0.3553202643519206,0.3765181616025433,0.0104092044975019,0.0177343557427231,-0.0177343557427231
TCEHY_2012-04-03,TCEHY,2012-04-03,5.71999979019165,5.75,5.688000202178955,5.75,214500.0,0.4010720935009793,0.521164032677474,0.4611180630892266,0.0213143664511272,0.0177667868926142,-0.0177667868926142
TCEHY_2012-04-04,TCEHY,2012-04-04,5.664000034332275,5.7220001220703125,5.659999847412109,5.716000080108643,264500.0,0.3989231835870921,0.5121693448074482,0.4555462641972702,-0.005913029546323,0.0177815562708039,-0.0177815562708039
TCEHY_2012-04-05,TCEHY,2012-04-05,5.688000202178955,5.769999980926514,5.688000202178955,5.75600004196167,89500.0,0.4170360237460691,0.4950649829979683,0.4560505033720187,0.0069978938580188,0.0177226505399738,-0.0177226505399738
TCEHY_2012-04-09,TCEHY,2012-04-09,5.690000057220459,5.691999912261963,5.664000034332275,5.665999889373779,135000.0,0.4200500941932648,0.3458431919320512,0.382946643062658,-0.0156358846302611,0.0176800100301599,-0.0176800100301599
TCEHY_2012-04-10,TCEHY,2012-04-10,5.639999866485596,5.690000057220459,5.504000186920166,5.504000186920166,951000.0,0.3677932299554209,0.2635445946741799,0.3156689123148004,-0.028591547055522,0.0181964035985243,-0.0181964035985243
TCEHY_2012-04-11,TCEHY,2012-04-11,5.7179999351501465,5.7179999351501465,5.624000072479248,5.650000095367432,384000.0,0.354916065226748,0.2923146876416838,0.3236153764342159,0.0265261452559946,0.017967210641255,-0.017967210641255
TCEHY_2012-04-12,TCEHY,2012-04-12,5.691999912261963,5.811999797821045,5.691999912261963,5.811999797821045,189000.0,0.3453702701094749,0.3305860250033841,0.3379781475564295,0.0286725132246352,0.0177868491940341,-0.0177868491940341
TCEHY_2012-04-13,TCEHY,2012-04-13,5.822000026702881,5.822000026702881,5.760000228881836,5.800000190734863,170000.0,0.3364055269160284,0.2900356832447837,0.313220605080406,-0.002064626205025,0.0178083183079839,-0.0178083183079839
TCEHY_2012-04-16,TCEHY,2012-04-16,5.892000198364258,5.960000038146973,5.892000198364258,5.940000057220459,739000.0,0.3661453517644564,0.343891392463729,0.3550183721140927,0.024137907220975,0.0179700393012917,-0.0179700393012917
TCEHY_2012-04-17,TCEHY,2012-04-17,5.90399980545044,5.98799991607666,5.8979997634887695,5.980000019073486,175500.0,0.3160210878707805,0.3486693726870602,0.3323452302789204,0.0067340002470883,0.0172289864066009,-0.0172289864066009
TCEHY_2012-04-18,TCEHY,2012-04-18,6.041999816894531,6.118000030517578,6.039999961853027,6.059999942779541,431000.0,0.2882652950029514,0.373526676454869,0.3308959857289102,0.0133779136205502,0.0168161856451844,-0.0168161856451844
TCEHY_2012-04-19,TCEHY,2012-04-19,6.142000198364258,6.142000198364258,5.980000019073486,6.010000228881836,314000.0,0.2908075712234519,0.384154817669639,0.3374811944465454,-0.0082507779488149,0.0167910440756112,-0.0167910440756112
TCEHY_2012-04-20,TCEHY,2012-04-20,5.980000019073486,6.058000087738037,5.980000019073486,6.033999919891357,81000.0,0.2860187623026682,0.4237848134450528,0.3549017878738605,0.003993292861153,0.0167849582209657,-0.0167849582209657
TCEHY_2012-04-23,TCEHY,2012-04-23,6.02400016784668,6.056000232696533,6.01200008392334,6.033999919891357,406000.0,0.2805602836735892,0.4511784345750289,0.365869359124309,0.0,0.0167930396113257,-0.0167930396113257
TCEHY_2012-04-24,TCEHY,2012-04-24,6.104000091552734,6.151999950408936,6.104000091552734,6.122000217437744,127500.0,0.2953873116513337,0.4569252764878095,0.3761562940695716,0.0145840733700193,0.0168444300874904,-0.0168444300874904
TCEHY_2012-04-25,TCEHY,2012-04-25,5.8979997634887695,5.8979997634887695,5.849999904632568,5.872000217437744,499500.0,0.2424884523879189,0.317773880944159,0.280131166666039,-0.0408363265469848,0.0177710498345496,-0.0177710498345496
TCEHY_2012-04-26,TCEHY,2012-04-26,5.96999979019165,6.027999877929688,5.96999979019165,6.027999877929688,183000.0,0.2869342139822013,0.34253901675111,0.3147366153666556,0.0265666986913046,0.0179296678342686,-0.0179296678342686
TCEHY_2012-04-27,TCEHY,2012-04-27,6.079999923706055,6.081999778747559,6.02400016784668,6.061999797821045,80000.0,0.2897872433677528,0.334654346588189,0.3122207949779709,0.0056403318811999,0.0179303494134503,-0.0179303494134503
TCEHY_2012-04-30,TCEHY,2012-04-30,6.23799991607666,6.320000171661377,6.23799991607666,6.248000144958496,136000.0,0.3071129436642859,0.2935818309836351,0.3003473873239605,0.0306830012109713,0.0181688762403604,-0.0181688762403604
TCEHY_2012-05-01,TCEHY,2012-05-01,6.239999771118164,6.335999965667725,6.239999771118164,6.300000190734863,154000.0,0.2909836153675231,0.315240133801105,0.3031118745843141,0.0083226703857115,0.0180533241158689,-0.0180533241158689
TCEHY_2012-05-02,TCEHY,2012-05-02,6.239999771118164,6.239999771118164,6.176000118255615,6.203999996185303,562000.0,0.2903493932971255,0.3393782463428072,0.3148638198199663,-0.0152381256576379,0.0180616310509186,-0.0180616310509186
TCEHY_2012-05-03,TCEHY,2012-05-03,6.3460001945495605,6.3460001945495605,6.303999900817871,6.328000068664551,291000.0,0.3074379894969723,0.4062222374810114,0.3568301134889918,0.0199871167884417,0.0181684749426787,-0.0181684749426787
TCEHY_2012-05-04,TCEHY,2012-05-04,6.245999813079834,6.245999813079834,6.136000156402588,6.177999973297119,119500.0,0.2775020713723475,0.3033755847291384,0.2904388280507429,-0.023704186747755,0.0185007429687704,-0.0185007429687704
TCEHY_2012-05-07,TCEHY,2012-05-07,5.99399995803833,6.03000020980835,5.941999912261963,6.019999980926514,162500.0,0.2620545083853864,0.2775891590381489,0.2698218337117677,-0.0255746184936098,0.0187443167712437,-0.0187443167712437
TCEHY_2012-05-08,TCEHY,2012-05-08,5.932000160217285,5.984000205993652,5.855999946594238,5.926000118255615,225000.0,0.2454813464767216,0.2777059300632667,0.2615936382699941,-0.0156145951775287,0.018888425879026,-0.018888425879026
TCEHY_2012-05-09,TCEHY,2012-05-09,5.736000061035156,5.783999919891357,5.710000038146973,5.783999919891357,152000.0,0.2125786044065951,0.2768211152325885,0.2446998598195918,-0.0239622334678685,0.019206331958783,-0.019206331958783
TCEHY_2012-05-10,TCEHY,2012-05-10,5.730000019073486,5.77400016784668,5.7220001220703125,5.739999771118164,374500.0,0.1728646727585683,0.3305515991066323,0.2517081359326003,-0.0076072180813618,0.0190301194040301,-0.0190301194040301
TCEHY_2012-05-11,TCEHY,2012-05-11,5.71999979019165,5.797999858856201,5.71999979019165,5.75600004196167,124500.0,0.2077214206346236,0.431840813251708,0.3197811169431658,0.002787503742424,0.0186679224179872,-0.0186679224179872
TCEHY_2012-05-14,TCEHY,2012-05-14,5.730000019073486,5.791999816894531,5.730000019073486,5.769999980926514,123500.0,0.1941225672866404,0.3950676408932119,0.2945951040899262,0.0024322339928393,0.0186179517356839,-0.0186179517356839
TCEHY_2012-05-15,TCEHY,2012-05-15,5.877999782562256,5.894000053405762,5.802000045776367,5.802000045776367,233000.0,0.2057357210205226,0.4185818653589126,0.3121587931897176,0.0055459384671809,0.0185981113470744,-0.0185981113470744
TCEHY_2012-05-16,TCEHY,2012-05-16,5.71999979019165,5.71999979019165,5.650000095367432,5.699999809265137,189000.0,0.1529126370436713,0.4235763094830211,0.2882444732633462,-0.0175801854027013,0.0185144205123453,-0.0185144205123453
TCEHY_2012-05-17,TCEHY,2012-05-17,5.796000003814697,5.796000003814697,5.6579999923706055,5.662000179290772,197500.0,0.0909441458316855,0.4014852061270273,0.2462146759793564,-0.0066666019729679,0.0175264069383918,-0.0175264069383918
TCEHY_2012-05-18,TCEHY,2012-05-18,5.730000019073486,5.78000020980835,5.671999931335449,5.682000160217285,355000.0,0.1158680580722482,0.4392097837130397,0.277538920892644,0.0035323172541859,0.0173317014579012,-0.0173317014579012
TCEHY_2012-05-21,TCEHY,2012-05-21,5.564000129699707,5.570000171661377,5.515999794006348,5.570000171661377,590000.0,0.1216270805093342,0.4482579914703677,0.284942535989851,-0.0197113666662805,0.0172181752112262,-0.0172181752112262
TCEHY_2012-05-22,TCEHY,2012-05-22,5.473999977111816,5.473999977111816,5.357999801635742,5.400000095367432,1549500.0,0.0701545959740617,0.4113957476120595,0.2407751717930606,-0.0305206590762525,0.0175985722802502,-0.0175985722802502
TCEHY_2012-05-23,TCEHY,2012-05-23,5.452000141143799,5.452000141143799,5.320000171661377,5.409999847412109,131000.0,0.0496701691162162,0.3950489474323924,0.2223595582743043,0.0018518059014955,0.0174084418870313,-0.0174084418870313
TCEHY_2012-05-24,TCEHY,2012-05-24,5.538000106811523,5.553999900817871,5.460000038146973,5.480000019073486,156000.0,0.0620155389775576,0.3564356610934158,0.2092256000354867,0.0129390339437553,0.0174742036207314,-0.0174742036207314
TCEHY_2012-05-25,TCEHY,2012-05-25,5.539999961853027,5.602000236511231,5.507999897003174,5.51200008392334,119500.0,0.0846124210736887,0.4061224430216101,0.2453674320476494,0.0058394278719844,0.0173595035646477,-0.0173595035646477
TCEHY_2012-05-29,TCEHY,2012-05-29,5.51200008392334,5.573999881744385,5.510000228881836,5.535999774932861,141000.0,0.0683133160499038,0.437175435533244,0.2527443757915739,0.0043540803055357,0.0172065064029208,-0.0172065064029208
TCEHY_2012-05-30,TCEHY,2012-05-30,5.484000205993652,5.5,5.466000080108643,5.46999979019165,122500.0,0.0621358619220351,0.4447965586110765,0.2534662102665558,-0.0119219630463246,0.0172613549134054,-0.0172613549134054
TCEHY_2012-05-31,TCEHY,2012-05-31,5.460000038146973,5.51800012588501,5.438000202178955,5.489999771118164,86000.0,0.0639534754776318,0.4647811921069198,0.2643673337922758,0.0036563037831145,0.0172640486504743,-0.0172640486504743
TCEHY_2012-06-01,TCEHY,2012-06-01,5.322000026702881,5.48199987411499,5.322000026702881,5.449999809265137,393000.0,0.0636221179107348,0.4104554072425566,0.2370387625766457,-0.0072859678543995,0.0172664350869192,-0.0172664350869192
TCEHY_2012-06-04,TCEHY,2012-06-04,5.383999824523926,5.432000160217285,5.368000030517578,5.420000076293945,174000.0,0.0673493507295945,0.3516208895093453,0.2094851201194699,-0.0055045383524952,0.0172391805920212,-0.0172391805920212
TCEHY_2012-06-05,TCEHY,2012-06-05,5.394000053405762,5.441999912261963,5.386000156402588,5.3979997634887695,205000.0,0.0905050447446667,0.3841024696129413,0.237303757178804,-0.0040590982464006,0.0169200050778578,-0.0169200050778578
TCEHY_2012-06-06,TCEHY,2012-06-06,5.550000190734863,5.659999847412109,5.550000190734863,5.659999847412109,171000.0,0.1265922886778134,0.4505381648759201,0.2885652267768668,0.0485365126718728,0.0178534629020173,-0.0178534629020173
TCEHY_2012-06-07,TCEHY,2012-06-07,5.630000114440918,5.814000129699707,5.630000114440918,5.72599983215332,936000.0,0.1280535049596323,0.4445004670634414,0.2862769860115368,0.0116607750036226,0.0178640495201432,-0.0178640495201432
TCEHY_2012-06-08,TCEHY,2012-06-08,5.656000137329102,5.734000205993652,5.656000137329102,5.723999977111816,148500.0,0.1232338615751889,0.4439959627626746,0.2836149121689317,-0.0003492586622644,0.0178649847042096,-0.0178649847042096
TCEHY_2012-06-11,TCEHY,2012-06-11,5.920000076293945,5.941999912261963,5.823999881744385,5.823999881744385,182500.0,0.1352826026942692,0.5072463142148251,0.3212644584545472,0.0174702838980487,0.0179620417458768,-0.0179620417458768
TCEHY_2012-06-12,TCEHY,2012-06-12,5.877999782562256,5.877999782562256,5.769999980926514,5.852000236511231,105000.0,0.1275530196516627,0.5028248988833393,0.315188959267501,0.0048077533199502,0.0179240725002179,-0.0179240725002179
TCEHY_2012-06-13,TCEHY,2012-06-13,5.820000171661377,5.8379998207092285,5.796000003814697,5.796000003814697,167000.0,0.1189189567354953,0.5673337143216715,0.3431263355285834,-0.0095694173672692,0.017977308309946,-0.017977308309946
TCEHY_2012-06-14,TCEHY,2012-06-14,5.760000228881836,5.861999988555908,5.760000228881836,5.834000110626221,210000.0,0.0908751040629325,0.5623996146992272,0.3266373593810798,0.0065562641108545,0.0175602474624629,-0.0175602474624629
TCEHY_2012-06-15,TCEHY,2012-06-15,5.883999824523926,5.96999979019165,5.883999824523926,5.940000057220459,61500.0,0.0664272664553116,0.5781084361159812,0.3222678512856464,0.0181693425752884,0.0169383829946399,-0.0169383829946399
TCEHY_2012-06-18,TCEHY,2012-06-18,6.079999923706055,6.079999923706055,5.980000019073486,6.010000228881836,114000.0,0.0562390454206245,0.5691906915408835,0.312714868480754,0.0117845405702121,0.0167929787323777,-0.0167929787323777
TCEHY_2012-06-19,TCEHY,2012-06-19,6.093999862670898,6.202000141143799,6.093999862670898,6.144000053405762,244500.0,0.1014700569691313,0.5892395637445631,0.3453548103568472,0.0222961429984598,0.0167915915073237,-0.0167915915073237
TCEHY_2012-06-20,TCEHY,2012-06-20,6.119999885559082,6.170000076293945,6.119999885559082,6.170000076293945,216000.0,0.1049426851823625,0.5747830789502013,0.3398628820662819,0.0042317745218396,0.0167944859551568,-0.0167944859551568
TCEHY_2012-06-21,TCEHY,2012-06-21,5.920000076293945,5.920000076293945,5.763999938964844,5.763999938964844,1107500.0,0.0112280933054904,0.444611510072169,0.2279198016888297,-0.0658022904876475,0.0186501404811678,-0.0186501404811678
TCEHY_2012-06-22,TCEHY,2012-06-22,5.791999816894531,5.791999816894531,5.697999954223633,5.7220001220703125,844000.0,0.0035075377817339,0.4434914584619076,0.2234994981218208,-0.007286574833322,0.0186749386360257,-0.0186749386360257
TCEHY_2012-06-25,TCEHY,2012-06-25,5.659999847412109,5.71999979019165,5.630000114440918,5.644000053405762,529000.0,-0.0101718846549173,0.4095903571241004,0.1997092362345915,-0.0136316090528724,0.0187564211190119,-0.0187564211190119
TCEHY_2012-06-26,TCEHY,2012-06-26,5.599999904632568,5.630000114440918,5.590000152587891,5.611999988555908,1244000.0,-0.0105782693063986,0.3802262689661804,0.1848239998298909,-0.0056697492110304,0.0187583435873411,-0.0187583435873411
TCEHY_2012-06-27,TCEHY,2012-06-27,5.828000068664551,5.835999965667725,5.788000106811523,5.817999839782715,621500.0,0.0370765956003655,0.4280805126807203,0.2325785541405429,0.0367070298729304,0.0192637233666398,-0.0192637233666398
TCEHY_2012-06-28,TCEHY,2012-06-28,5.599999904632568,5.630000114440918,5.579999923706055,5.630000114440918,609000.0,0.0221496404718748,0.4110275942316568,0.2165886173517658,-0.032313463478682,0.0195677418750184,-0.0195677418750184
TCEHY_2012-06-29,TCEHY,2012-06-29,5.811999797821045,5.883999824523926,5.811999797821045,5.883999824523926,591000.0,0.0559942204461303,0.4622265355601533,0.2591103780031418,0.0451154005186429,0.0203145255996033,-0.0203145255996033
TCEHY_2012-07-02,TCEHY,2012-07-02,5.783999919891357,5.881999969482422,5.783999919891357,5.874000072479248,88000.0,0.0433392456622641,0.458292018493895,0.2508156320780795,-0.0016994820433202,0.0202819870919633,-0.0202819870919633
TCEHY_2012-07-03,TCEHY,2012-07-03,5.980000019073486,6.056000232696533,5.935999870300293,6.050000190734863,205500.0,0.0521739462147587,0.4741715535502988,0.2631727498825288,0.0299625665788134,0.0204511046296299,-0.0204511046296299
TCEHY_2012-07-05,TCEHY,2012-07-05,6.046000003814697,6.0980000495910645,6.046000003814697,6.072000026702881,49000.0,0.0622813053892525,0.4860499456001852,0.2741656254947189,0.0036363364089986,0.0204343155558671,-0.0204343155558671
TCEHY_2012-07-06,TCEHY,2012-07-06,6.027999877929688,6.052000045776367,6.004000186920166,6.027999877929688,107500.0,0.0472550093789296,0.4839980743384708,0.2656265418587002,-0.0072464012812405,0.0204475443895772,-0.0204475443895772
TCEHY_2012-07-09,TCEHY,2012-07-09,5.872000217437744,5.921999931335449,5.869999885559082,5.883999824523926,52500.0,0.0384751040251503,0.4746866692882752,0.2565808866567127,-0.0238885295822566,0.0205814425286915,-0.0205814425286915
TCEHY_2012-07-10,TCEHY,2012-07-10,5.932000160217285,5.992000102996826,5.860000133514404,5.860000133514404,82500.0,0.0646802206584666,0.4562623978840945,0.2604713092712806,-0.0040788055277454,0.0202456343412177,-0.0202456343412177
TCEHY_2012-07-11,TCEHY,2012-07-11,5.900000095367432,5.900000095367432,5.800000190734863,5.8379998207092285,134000.0,0.0332742871094713,0.3999999313903382,0.2166371092499047,-0.0037543195057884,0.0199924813921048,-0.0199924813921048
TCEHY_2012-07-12,TCEHY,2012-07-12,5.671999931335449,5.699999809265137,5.639999866485596,5.693999767303467,66000.0,-0.0203028277051587,0.3180554493157994,0.1488763108053203,-0.024665991405986,0.0199187864351374,-0.0199187864351374
TCEHY_2012-07-13,TCEHY,2012-07-13,5.710000038146973,5.806000232696533,5.710000038146973,5.785999774932861,195500.0,-0.0024138647140679,0.3331796247709204,0.1653828800284262,0.0161573606233151,0.0200222642114021,-0.0200222642114021
TCEHY_2012-07-16,TCEHY,2012-07-16,5.806000232696533,5.806000232696533,5.760000228881836,5.785999774932861,149000.0,-0.0259259731993436,0.3307267039882031,0.1524003653944297,0.0,0.0197855725278882,-0.0197855725278882
TCEHY_2012-07-17,TCEHY,2012-07-17,5.860000133514404,5.929999828338623,5.829999923706055,5.883999824523926,135500.0,-0.0160535441878534,0.2948942851845,0.1394203704983233,0.0169374444181,0.0198849543141911,-0.0198849543141911
TCEHY_2012-07-18,TCEHY,2012-07-18,5.76800012588501,5.769999980926514,5.690000057220459,5.760000228881836,67000.0,-0.0495049037508907,0.2244898455682171,0.0874924709086631,-0.0210740311590886,0.019982887599853,-0.019982887599853
TCEHY_2012-07-19,TCEHY,2012-07-19,5.8420000076293945,5.889999866485596,5.829999923706055,5.860000133514404,104500.0,-0.0249584175798507,0.258591056845624,0.1168163196328866,0.0173610938643975,0.0200851650293147,-0.0200851650293147
TCEHY_2012-07-20,TCEHY,2012-07-20,5.923999786376953,5.953999996185303,5.875999927520752,5.892000198364258,68000.0,-0.0235332653981301,0.2557545414624247,0.1161106380321472,0.0054607617953521,0.0200909586787933,-0.0200909586787933
TCEHY_2012-07-23,TCEHY,2012-07-23,5.809999942779541,5.875999927520752,5.78000020980835,5.849999904632568,34500.0,-0.0304938710145196,0.2415110435569301,0.1055085862712052,-0.0071283591849419,0.0201100011254169,-0.0201100011254169
TCEHY_2012-07-24,TCEHY,2012-07-24,5.817999839782715,5.863999843597412,5.809999942779541,5.849999904632568,278000.0,-0.0444299743783767,0.2378332865845907,0.0967016561031069,0.0,0.020019738520867,-0.020019738520867
TCEHY_2012-07-25,TCEHY,2012-07-25,5.8420000076293945,5.8420000076293945,5.75,5.771999835968018,392000.0,-0.0170300370856187,0.2213288279652996,0.1021493954398404,-0.0133333452882252,0.0194172836136163,-0.0194172836136163
TCEHY_2012-07-26,TCEHY,2012-07-26,5.820000171661377,5.820000171661377,5.76200008392334,5.815999984741211,71000.0,-0.0351691933446569,0.2416737757888072,0.1032522912220751,0.0076230336146247,0.0191426147944573,-0.0191426147944573
TCEHY_2012-07-27,TCEHY,2012-07-27,5.872000217437744,5.992000102996826,5.872000217437744,5.9679999351501465,98000.0,-0.0155064113833666,0.269787271775074,0.1271404301958537,0.0261347920921115,0.0194188474503036,-0.0194188474503036
TCEHY_2012-07-30,TCEHY,2012-07-30,5.892000198364258,5.958000183105469,5.892000198364258,5.895999908447266,274000.0,-0.0563380647158369,0.2334727300532191,0.0885673326686911,-0.0120643477689765,0.0190709550882332,-0.0190709550882332
TCEHY_2012-07-31,TCEHY,2012-07-31,5.9720001220703125,5.9720001220703125,5.901999950408936,5.901999950408936,297500.0,-0.0631746394089397,0.2094261909838304,0.0731257757874453,0.0010176462101152,0.0190371393117069,-0.0190371393117069
TCEHY_2012-08-01,TCEHY,2012-08-01,5.889999866485596,5.909999847412109,5.875999927520752,5.895999908447266,554000.0,-0.0496454042436201,0.2262894760513798,0.0883220359038798,-0.0010166116591131,0.018947962574783,-0.018947962574783
TCEHY_2012-08-02,TCEHY,2012-08-02,5.920000076293945,5.920000076293945,5.820000171661377,5.840000152587891,150500.0,-0.0771175585937764,0.20661156373421,0.0647470025702168,-0.0094979234614884,0.0187940031414066,-0.0187940031414066
TCEHY_2012-08-03,TCEHY,2012-08-03,5.995999813079834,6.01800012588501,5.949999809265137,6.015999794006348,56500.0,-0.0262221074766878,0.2440032747551304,0.1088905836392212,0.0301369241130011,0.0189727925086258,-0.0189727925086258
TCEHY_2012-08-06,TCEHY,2012-08-06,5.978000164031982,6.073999881744385,5.978000164031982,6.026000022888184,153000.0,0.0009966847143987,0.2633123788226321,0.1321545317685154,0.001662272144989,0.0186945600827796,-0.0186945600827796
TCEHY_2012-08-07,TCEHY,2012-08-07,6.053999900817871,6.104000091552734,6.050000190734863,6.064000129699707,58500.0,0.0232872103763497,0.2744851326119442,0.1488861714941469,0.0063060250028526,0.0185994440620912,-0.0185994440620912
TCEHY_2012-08-08,TCEHY,2012-08-08,6.070000171661377,6.0960001945495605,6.059999942779541,6.059999942779541,236000.0,0.0477178469417005,0.2704402446564498,0.1590790457990751,-0.0006596614173166,0.0183342072347097,-0.0183342072347097
TCEHY_2012-08-09,TCEHY,2012-08-09,6.116000175476074,6.185999870300293,6.116000175476074,6.139999866485596,422000.0,0.0696864305430993,0.254597425313213,0.1621419279281561,0.0132013076669041,0.0183657724738528,-0.0183657724738528
TCEHY_2012-08-10,TCEHY,2012-08-10,5.984000205993652,5.989999771118164,5.961999893188477,5.989999771118164,87000.0,0.0406531840602186,0.2568191418411518,0.1487361629506852,-0.0244299834900955,0.0186466706980639,-0.0186466706980639
TCEHY_2012-08-13,TCEHY,2012-08-13,5.849999904632568,5.923999786376953,5.840000152587891,5.840000152587891,110000.0,0.0121317455620055,0.2086093584428108,0.1103705520024082,-0.0250416734994753,0.0189271447054503,-0.0189271447054503
TCEHY_2012-08-14,TCEHY,2012-08-14,5.909999847412109,5.940000057220459,5.900000095367432,5.90399980545044,69000.0,0.0175801032177387,0.226932679449378,0.1222563913335583,0.0109588443819115,0.0189632790811786,-0.0189632790811786
TCEHY_2012-08-15,TCEHY,2012-08-15,5.99399995803833,6.027999877929688,5.929999828338623,6.01200008392334,213000.0,0.0547368921225328,0.2160194916842355,0.1353781919033841,0.0182927306964333,0.0189516016123575,-0.0189516016123575
TCEHY_2012-08-16,TCEHY,2012-08-16,6.296000003814697,6.328000068664551,6.269999980926514,6.323999881744385,307500.0,0.1169197600655207,0.2184970736072105,0.1677084168363656,0.0518961732311618,0.0199768259775017,-0.0199768259775017
TCEHY_2012-08-17,TCEHY,2012-08-17,6.446000099182129,6.446000099182129,6.361999988555908,6.380000114440918,120000.0,0.1228440574695339,0.2529458179264925,0.1878949376980132,0.0088551919265826,0.0199948607772506,-0.0199948607772506
TCEHY_2012-08-20,TCEHY,2012-08-20,6.400000095367432,6.446000099182129,6.400000095367432,6.414000034332275,521000.0,0.1515260029909759,0.2915827488653513,0.2215543759281636,0.005329140953211,0.019803517957574,-0.019803517957574
TCEHY_2012-08-21,TCEHY,2012-08-21,6.381999969482422,6.421999931335449,6.349999904632568,6.349999904632568,408000.0,0.1759258874976919,0.2584224930305325,0.2171741902641122,-0.0099781929150503,0.019417495870451,-0.019417495870451
TCEHY_2012-08-22,TCEHY,2012-08-22,6.288000106811523,6.369999885559082,6.288000106811523,6.343999862670898,267000.0,0.1726432609245951,0.2308886500077112,0.2017659554661531,-0.0009448885120916,0.0194228045601823,-0.0194228045601823
TCEHY_2012-08-23,TCEHY,2012-08-23,6.429999828338623,6.429999828338623,6.323999881744385,6.323999881744385,52000.0,0.1540145729440334,0.2255814086731136,0.1897979908085735,-0.0031525821815029,0.0193919903749044,-0.0193919903749044
TCEHY_2012-08-24,TCEHY,2012-08-24,6.269999980926514,6.329999923706055,6.269999980926514,6.309999942779541,137500.0,0.1447750084735484,0.2416371935251478,0.1932061009993481,-0.0022137791313465,0.0193959059170579,-0.0193959059170579
TCEHY_2012-08-27,TCEHY,2012-08-27,6.311999797821045,6.326000213623047,6.269999980926514,6.269999980926514,51000.0,0.1325867478024878,0.209957504259052,0.1712721260307699,-0.0063391382275366,0.019424705783351,-0.019424705783351
TCEHY_2012-08-28,TCEHY,2012-08-28,6.260000228881836,6.260000228881836,6.210000038146973,6.210000038146973,161500.0,0.1352834143215562,0.2058252277962169,0.1705543210588865,-0.0095693688934708,0.0193994349459547,-0.0193994349459547
TCEHY_2012-08-29,TCEHY,2012-08-29,6.21999979019165,6.25,6.210000038146973,6.210000038146973,129000.0,0.1311475950903662,0.2034884150745604,0.1673180050824633,0.0,0.0194004805842574,-0.0194004805842574
TCEHY_2012-08-30,TCEHY,2012-08-30,6.184000015258789,6.184000015258789,6.059999942779541,6.061999797821045,108500.0,0.1122935798117814,0.18306005309792,0.1476768164548507,-0.0238325667337822,0.0196407076396417,-0.0196407076396417
TCEHY_2012-08-31,TCEHY,2012-08-31,6.090000152587891,6.131999969482422,6.090000152587891,6.093999862670898,70000.0,0.124354202378133,0.2000787278983915,0.1622164651382622,0.0052787967530707,0.0196222894938452,-0.0196222894938452
TCEHY_2012-09-04,TCEHY,2012-09-04,6.165999889373779,6.165999889373779,6.050000190734863,6.099999904632568,134500.0,0.1300481978328378,0.2323232605413288,0.1811857291870833,0.000984581899718,0.0196072390232568,-0.0196072390232568
TCEHY_2012-09-05,TCEHY,2012-09-05,6.056000232696533,6.084000110626221,6.027999877929688,6.038000106811523,52500.0,0.0667844999275477,0.2018311912993926,0.1343078456134702,-0.0101639014410409,0.018742136743486,-0.018742136743486
TCEHY_2012-09-06,TCEHY,2012-09-06,6.162000179290772,6.300000190734863,6.162000179290772,6.300000190734863,385000.0,0.1002445643393747,0.2411347371158154,0.1706896507275951,0.0433918647380902,0.0194411205394761,-0.0194411205394761
TCEHY_2012-09-07,TCEHY,2012-09-07,6.300000190734863,6.322000026702881,6.26800012588501,6.294000148773193,175500.0,0.0995807431762052,0.2350863242715251,0.1673335337238651,-0.0009523875841296,0.0194422962104532,-0.0194422962104532
TCEHY_2012-09-10,TCEHY,2012-09-10,6.283999919891357,6.363999843597412,6.28000020980835,6.28000020980835,112000.0,0.0782967612161738,0.2241715535502988,0.1512341573832363,-0.0022243308919484,0.0193426177260322,-0.0193426177260322
TCEHY_2012-09-11,TCEHY,2012-09-11,6.383999824523926,6.401999950408936,6.375999927520752,6.389999866485596,208000.0,0.0919343144618705,0.2312138335327505,0.1615740739973105,0.0175158683124634,0.0194449191445899,-0.0194449191445899
TCEHY_2012-09-12,TCEHY,2012-09-12,6.435999870300293,6.478000164031982,6.421999931335449,6.438000202178955,72000.0,0.1107660797000895,0.2428572230752002,0.1768116513876448,0.0075117897803274,0.0194059522222416,-0.0194059522222416
TCEHY_2012-09-13,TCEHY,2012-09-13,6.420000076293945,6.590000152587891,6.369999885559082,6.541999816894531,303000.0,0.1213575064866281,0.2232609865803509,0.1723092465334895,0.016154024766942,0.0194809886663276,-0.0194809886663276
TCEHY_2012-09-14,TCEHY,2012-09-14,6.599999904632568,6.711999893188477,6.552000045776367,6.656000137329102,323500.0,0.1205387328638654,0.1949730578453108,0.1577558953545881,0.0174259131191303,0.0194712630343256,-0.0194712630343256
TCEHY_2012-09-17,TCEHY,2012-09-17,6.619999885559082,6.619999885559082,6.541999816894531,6.559999942779541,155000.0,0.0915140920052897,0.1528998026028269,0.1222069473040583,-0.0144231058546947,0.0195385772935453,-0.0195385772935453
TCEHY_2012-09-18,TCEHY,2012-09-18,6.550000190734863,6.605999946594238,6.550000190734863,6.579999923706055,34000.0,0.070963519939849,0.1796342493200069,0.125298884629928,0.0030487776068546,0.0193590626427694,-0.0193590626427694
TCEHY_2012-09-19,TCEHY,2012-09-19,6.544000148773193,6.639999866485596,6.544000148773193,6.556000232696533,207000.0,0.0625608025331567,0.1740687863205123,0.1183147944268345,-0.0036473694966251,0.0193650916582184,-0.0193650916582184
TCEHY_2012-09-20,TCEHY,2012-09-20,6.446000099182129,6.51800012588501,6.446000099182129,6.510000228881836,74500.0,0.1294240627717575,0.1421053415300248,0.1357647021508912,-0.0070164737922495,0.0174040484237727,-0.0174040484237727
TCEHY_2012-09-21,TCEHY,2012-09-21,6.546000003814697,6.585999965667725,6.527999877929688,6.541999816894531,111000.0,0.1433064797851715,0.1473166704591193,0.1453115751221454,0.0049154511348137,0.017365969132628,-0.017365969132628
TCEHY_2012-09-24,TCEHY,2012-09-24,6.434000015258789,6.567999839782715,6.434000015258789,6.559999942779541,208000.0,0.1622962226623363,0.1504734795505689,0.1563848511064526,0.0027514714749035,0.0172461834456646,-0.0172461834456646
TCEHY_2012-09-25,TCEHY,2012-09-25,6.6579999923706055,6.659999847412109,6.53000020980835,6.53000020980835,297500.0,0.1635780868005067,0.151269444439307,0.1574237656199069,-0.004573130065986,0.0172383203280637,-0.0172383203280637
TCEHY_2012-09-26,TCEHY,2012-09-26,6.564000129699707,6.565999984741211,6.519999980926514,6.539999961853027,86000.0,0.1240976524497941,0.1657753665249952,0.1449365094873946,0.001531355547226,0.0166746718237539,-0.0166746718237539
TCEHY_2012-09-27,TCEHY,2012-09-27,6.71999979019165,6.765999794006348,6.714000225067139,6.763999938964844,132500.0,0.201420923885103,0.2280319654045459,0.2147264446448245,0.0342507612260518,0.0165743282346455,-0.0165743282346455
TCEHY_2012-09-28,TCEHY,2012-09-28,6.8480000495910645,6.8480000495910645,6.75,6.776000022888184,78500.0,0.1515975909187641,0.2160804002899019,0.183838995604333,0.0017741105901276,0.0156752800422885,-0.0156752800422885
TCEHY_2012-10-01,TCEHY,2012-10-01,6.75,6.868000030517578,6.75,6.76200008392334,304500.0,0.1511746681115195,0.20106570985298,0.1761201889822498,-0.0020661066879507,0.0156768804436156,-0.0156768804436156
TCEHY_2012-10-02,TCEHY,2012-10-02,6.78000020980835,6.820000171661377,6.74399995803833,6.745999813079834,148500.0,0.1150412562648912,0.1732173587964929,0.144129307530692,-0.0023662038812372,0.0152828449401616,-0.0152828449401616
TCEHY_2012-10-03,TCEHY,2012-10-03,6.765999794006348,6.854000091552734,6.760000228881836,6.765999794006348,171500.0,0.1142950863391729,0.1836948389052066,0.1489949626221898,0.0029647170887456,0.0152818085784699,-0.0152818085784699
TCEHY_2012-10-04,TCEHY,2012-10-04,6.869999885559082,6.874000072479248,6.78000020980835,6.802000045776367,153000.0,0.1284008267287006,0.1817234183789575,0.1550621225538291,0.0053207586263763,0.0152433521870324,-0.0152433521870324
TCEHY_2012-10-05,TCEHY,2012-10-05,6.854000091552734,6.854000091552734,6.769999980926514,6.769999980926514,149000.0,0.1505778692769206,0.1948464724863861,0.1727121708816533,-0.0047045081791382,0.0149050482105229,-0.0149050482105229
TCEHY_2012-10-08,TCEHY,2012-10-08,6.754000186920166,6.754000186920166,6.699999809265137,6.72599983215332,199500.0,0.1477815151720058,0.2220202768410406,0.1849008960065232,-0.0064992834412345,0.0149249593574005,-0.0149249593574005
TCEHY_2012-10-09,TCEHY,2012-10-09,6.690000057220459,6.730000019073486,6.630000114440918,6.636000156402588,300000.0,0.1366907091813536,0.1745132821933226,0.1556019956873381,-0.0133808620274554,0.015036789286927,-0.015036789286927
TCEHY_2012-10-10,TCEHY,2012-10-10,6.6579999923706055,6.7179999351501465,6.651999950408936,6.673999786376953,75000.0,0.1721110044122094,0.1483138366383076,0.1602124205252585,0.0057262852740747,0.0146451536990618,-0.0146451536990618
TCEHY_2012-10-11,TCEHY,2012-10-11,6.676000118255615,6.690000057220459,6.630000114440918,6.631999969482422,189000.0,0.1462150410400555,0.1434482329977551,0.1448316370189053,-0.0062930503804122,0.0145836560780806,-0.0145836560780806
TCEHY_2012-10-12,TCEHY,2012-10-12,6.696000099182129,6.702000141143799,6.636000156402588,6.638000011444092,60500.0,0.1472520341605296,0.1175084086699911,0.1323802214152604,0.0009047107945234,0.0145818281314747,-0.0145818281314747
TCEHY_2012-10-15,TCEHY,2012-10-15,6.644000053405762,6.710000038146973,6.644000053405762,6.679999828338623,130000.0,0.1352821256888976,0.1170568239184708,0.1261694748036842,0.0063271793947157,0.0144707313248205,-0.0144707313248205
TCEHY_2012-10-16,TCEHY,2012-10-16,6.688000202178955,6.7820000648498535,6.688000202178955,6.760000228881836,90000.0,0.1736111042124255,0.1155115994574127,0.1445613518349191,0.0119761081735101,0.0142131861128383,-0.0142131861128383
TCEHY_2012-10-17,TCEHY,2012-10-17,6.763999938964844,6.826000213623047,6.739999771118164,6.826000213623047,104500.0,0.1648464262968036,0.1357737027728913,0.1503100645348475,0.0097633110216814,0.0141182000473982,-0.0141182000473982
TCEHY_2012-10-18,TCEHY,2012-10-18,6.659999847412109,6.75,6.659999847412109,6.659999847412109,196000.0,0.1303461682267193,0.1037454318580803,0.1170458000423998,-0.0243188340193193,0.014511270853625,-0.014511270853625
TCEHY_2012-10-19,TCEHY,2012-10-19,6.699999809265137,6.739999771118164,6.664000034332275,6.696000099182129,214000.0,0.1446154202292584,0.1097116652435572,0.1271635427364078,0.0054054433325563,0.0144692755230248,-0.0144692755230248
TCEHY_2012-10-22,TCEHY,2012-10-22,6.892000198364258,6.892000198364258,6.800000190734863,6.826000213623047,185000.0,0.1668376623763006,0.1149950949331963,0.1409163786547485,0.0194145926695545,0.0146265144507544,-0.0146265144507544
TCEHY_2012-10-23,TCEHY,2012-10-23,6.8420000076293945,6.8420000076293945,6.708000183105469,6.742000102996826,64500.0,0.1680527190912732,0.1481607379671909,0.1581067285292321,-0.0123059050684728,0.014609074101038,-0.014609074101038
TCEHY_2012-10-24,TCEHY,2012-10-24,6.943999767303467,6.998000144958496,6.943999767303467,6.946000099182129,97500.0,0.1942916295401604,0.152289356310957,0.1732904929255587,0.0302580826266414,0.0150081687610066,-0.0150081687610066
TCEHY_2012-10-25,TCEHY,2012-10-25,7.0,7.052000045776367,6.973999977111816,7.0,97500.0,0.1729222647560049,0.1547344495979881,0.1638283571769965,0.0077742441760444,0.0147259491403306,-0.0147259491403306
TCEHY_2012-10-26,TCEHY,2012-10-26,6.927999973297119,6.934000015258789,6.834000110626221,6.860000133514404,198500.0,0.1635007191377335,0.097951340326029,0.1307260297318813,-0.0199999809265136,0.0148868207422379,-0.0148868207422379
TCEHY_2012-10-31,TCEHY,2012-10-31,7.070000171661377,7.099999904632568,6.912000179290772,7.0320000648498535,467000.0,0.1914605428559215,0.1161904526910191,0.1538254977734703,0.0250728757999794,0.015153906477264,-0.015153906477264
TCEHY_2012-11-01,TCEHY,2012-11-01,7.067999839782715,7.230000019073486,7.067999839782715,7.228000164031982,158500.0,0.2259159220264479,0.1650548305087547,0.1954853762676013,0.0278725963274453,0.0154674418812661,-0.0154674418812661
TCEHY_2012-11-02,TCEHY,2012-11-02,7.230000019073486,7.230000019073486,7.131999969482422,7.170000076293945,205500.0,0.227739707012968,0.1330594182194895,0.1803995626162288,-0.0080243617074965,0.0154487952652377,-0.0154487952652377
TCEHY_2012-11-05,TCEHY,2012-11-05,7.159999847412109,7.159999847412109,7.076000213623047,7.138000011444092,101500.0,0.1865027021037428,0.155390100727798,0.1709464014157704,-0.004463049443424,0.0150931019667479,-0.0150931019667479
TCEHY_2012-11-06,TCEHY,2012-11-06,7.162000179290772,7.185999870300293,7.119999885559082,7.185999870300293,45500.0,0.1924991442094512,0.1936876898784183,0.1930934170439348,0.0067245529250832,0.01510026354503,-0.01510026354503
TCEHY_2012-11-07,TCEHY,2012-11-07,7.159999847412109,7.159999847412109,6.940000057220459,6.97599983215332,193500.0,0.150395726079705,0.1771852333689767,0.1637904797243409,-0.0292234959556431,0.0156256949613039,-0.0156256949613039
TCEHY_2012-11-08,TCEHY,2012-11-08,7.019999980926514,7.019999980926514,6.926000118255615,6.926000118255615,129500.0,0.142904320734839,0.1974412541806722,0.1701727874577556,-0.0071673903527419,0.0156673365302842,-0.0156673365302842
TCEHY_2012-11-09,TCEHY,2012-11-09,6.815999984741211,6.909999847412109,6.815999984741211,6.889999866485596,197500.0,0.1221498397897007,0.2003484566591558,0.1612491482244282,-0.005197841633749,0.0156312007526515,-0.0156312007526515
TCEHY_2012-11-12,TCEHY,2012-11-12,6.960000038146973,7.03000020980835,6.960000038146973,6.99399995803833,249000.0,0.167612725422984,0.215079900460658,0.191346312941821,0.0150943532029097,0.0153459033326669,-0.0153459033326669
TCEHY_2012-11-13,TCEHY,2012-11-13,7.0,7.110000133514404,6.960000038146973,7.01200008392334,310500.0,0.2006849145057125,0.2152513183886342,0.2079681164471734,0.0025736525583364,0.0149331167507938,-0.0149331167507938
TCEHY_2012-11-14,TCEHY,2012-11-14,6.960000038146973,6.960000038146973,6.708000183105469,6.708000183105469,170500.0,0.136178930241968,0.1561530731094418,0.1461660016757049,-0.0433542351938731,0.0159970479152519,-0.0159970479152519
TCEHY_2012-11-15,TCEHY,2012-11-15,6.480000019073486,6.484000205993652,6.354000091552734,6.377999782562256,1692500.0,0.0608781925365626,0.1189473677165839,0.0899127801265733,-0.0491950494238715,0.0171191641771064,-0.0171191641771064
TCEHY_2012-11-16,TCEHY,2012-11-16,6.363999843597412,6.3979997634887695,6.3420000076293945,6.380000114440918,1152000.0,0.0088551919265826,0.1268102989074937,0.0678327454170382,0.0003136299697172,0.0158350396349875,-0.0158350396349875
TCEHY_2012-11-19,TCEHY,2012-11-19,6.317999839782715,6.400000095367432,6.317999839782715,6.400000095367432,869000.0,0.0031347931924397,0.1263639413770607,0.0647493672847502,0.0031347931924397,0.0158013454499577,-0.0158013454499577
TCEHY_2012-11-20,TCEHY,2012-11-20,6.480000019073486,6.527999877929688,6.453999996185303,6.527999877929688,222000.0,0.0177735957261,0.1719927606362292,0.0948831781811646,0.0199999657273299,0.0159855906044994,-0.0159855906044994
TCEHY_2012-11-21,TCEHY,2012-11-21,6.610000133514404,6.691999912261963,6.610000133514404,6.673999786376953,107000.0,0.0510236041906102,0.2359258645388662,0.1434747343647382,0.0223651824720265,0.0161650794949729,-0.0161650794949729
TCEHY_2012-11-23,TCEHY,2012-11-23,6.65399980545044,6.65399980545044,6.5980000495910645,6.639999866485596,58500.0,0.0466582613843371,0.2273567567033962,0.1370075090438667,-0.0050943843241887,0.0161812427399615,-0.0161812427399615
TCEHY_2012-11-26,TCEHY,2012-11-26,6.550000190734863,6.550000190734863,6.480000019073486,6.486000061035156,188500.0,0.0256167271220892,0.1835766493540553,0.1045966882380723,-0.0231927422510549,0.0164559104662024,-0.0164559104662024
TCEHY_2012-11-27,TCEHY,2012-11-27,6.449999809265137,6.489999771118164,6.449999809265137,6.47599983215332,77500.0,0.0263074312011255,0.1748910982497342,0.1005992647254299,-0.0015418175744266,0.0164543176284342,-0.0164543176284342
TCEHY_2012-11-28,TCEHY,2012-11-28,6.559999942779541,6.559999942779541,6.461999893188477,6.539999961853027,163000.0,0.0430621980459107,0.1813584226405324,0.1122103103432216,0.009882663891056,0.0164717539886335,-0.0164717539886335
TCEHY_2012-11-29,TCEHY,2012-11-29,6.613999843597412,6.613999843597412,6.570000171661377,6.570000171661377,167500.0,0.0579710356365514,0.2010969695907769,0.1295340026136642,0.0045871880708465,0.0164244607238842,-0.0164244607238842
TCEHY_2012-11-30,TCEHY,2012-11-30,6.527999877929688,6.527999877929688,6.489999771118164,6.5,64500.0,0.0466988663561362,0.1839709054625564,0.1153348859093463,-0.0106545159562264,0.0164899405909891,-0.0164899405909891
TCEHY_2012-12-03,TCEHY,2012-12-03,6.320000171661377,6.380000114440918,6.257999897003174,6.285999774932861,890500.0,0.0369514986114536,0.1533944944817251,0.0951729965465894,-0.0329231115487905,0.0167472530044292,-0.0167472530044292
TCEHY_2012-12-04,TCEHY,2012-12-04,6.276000022888184,6.352000236511231,6.271999835968018,6.309999942779541,192500.0,0.0354447136488731,0.164206615121333,0.0998256643851031,0.0038180351107213,0.0167418423613849,-0.0167418423613849
TCEHY_2012-12-05,TCEHY,2012-12-05,6.415999889373779,6.501999855041504,6.415999889373779,6.449999809265137,549500.0,0.0573770344433555,0.1948870122025443,0.1261320233229499,0.0221869837963779,0.0169595204730701,-0.0169595204730701
TCEHY_2012-12-06,TCEHY,2012-12-06,6.47599983215332,6.538000106811523,6.47599983215332,6.519999980926514,246500.0,0.0798277352746716,0.1519434905828871,0.1158856129287794,0.0108527401133911,0.0169425144128372,-0.0169425144128372
TCEHY_2012-12-07,TCEHY,2012-12-07,6.51200008392334,6.51200008392334,6.440000057220459,6.480000019073486,271000.0,0.028571400458581,0.1316800923894923,0.0801257464240366,-0.0061349634923377,0.0160883389115659,-0.0160883389115659
TCEHY_2012-12-10,TCEHY,2012-12-10,6.578000068664551,6.578000068664551,6.515999794006348,6.521999835968018,162000.0,0.0362249256125717,0.1394129738027796,0.0878189497076756,0.0064814532053869,0.0161042055697603,-0.0161042055697603
TCEHY_2012-12-11,TCEHY,2012-12-11,6.507999897003174,6.556000232696533,6.507999897003174,6.527999877929688,631000.0,0.0394903916936186,0.1208791226785608,0.0801847571860897,0.0009199696584751,0.0160998887066597,-0.0160998887066597
TCEHY_2012-12-12,TCEHY,2012-12-12,6.53000020980835,6.570000171661377,6.5,6.507999897003174,161500.0,0.0184663588392961,0.1120983653416645,0.0652823620904803,-0.0030637226256899,0.0159622809041872,-0.0159622809041872
TCEHY_2012-12-13,TCEHY,2012-12-13,6.558000087738037,6.558000087738037,6.449999809265137,6.47599983215332,139500.0,0.0059023965177111,0.117322261540903,0.0616123290293071,-0.0049170352422084,0.0159499776523287,-0.0159499776523287
TCEHY_2012-12-14,TCEHY,2012-12-14,6.478000164031982,6.486000061035156,6.447999954223633,6.473999977111816,162000.0,-0.0103943506092902,0.1097017234058466,0.0496536863982781,-0.0003088102367722,0.0158190255153603,-0.0158190255153603
TCEHY_2012-12-17,TCEHY,2012-12-17,6.4720001220703125,6.4720001220703125,6.409999847412109,6.464000225067139,105000.0,-0.0288461400691929,0.0882155156227184,0.0296846877767627,-0.0015446018041443,0.0156609231323021,-0.0156609231323021
TCEHY_2012-12-18,TCEHY,2012-12-18,6.464000225067139,6.5,6.423999786376953,6.480000019073486,142000.0,-0.0121951104274183,0.078202957120202,0.0330039233463918,0.0024752155707392,0.0155602676552163,-0.0155602676552163
TCEHY_2012-12-19,TCEHY,2012-12-19,6.420000076293945,6.452000141143799,6.415999889373779,6.420000076293945,323000.0,-0.0243160865147841,0.0449218783348139,0.0103028959100149,-0.0092592504016875,0.0155976391624567,-0.0155976391624567
TCEHY_2012-12-20,TCEHY,2012-12-20,6.400000095367432,6.464000225067139,6.400000095367432,6.441999912261963,130500.0,-0.0173886998761867,0.0440842516377075,0.0133477758807604,0.0034267656863826,0.0155983975460465,-0.0155983975460465
TCEHY_2012-12-21,TCEHY,2012-12-21,6.400000095367432,6.415999889373779,6.369999885559082,6.412000179290772,283000.0,-0.0150537705292671,0.1124219721005588,0.0486841007856458,-0.0046568974510675,0.0155844901331048,-0.0155844901331048
TCEHY_2012-12-24,TCEHY,2012-12-24,6.406000137329102,6.406000137329102,6.320000171661377,6.366000175476074,218500.0,-0.026903033681527,0.1125480670512031,0.042822516684838,-0.0071740490530969,0.0155959089666556,-0.0155959089666556
TCEHY_2012-12-26,TCEHY,2012-12-26,6.349999904632568,6.4079999923706055,6.349999904632568,6.400000095367432,118000.0,-0.0243902208548367,0.1339475610928593,0.0547786701190112,0.0053408606588383,0.0156075211010686,-0.0156075211010686
TCEHY_2012-12-27,TCEHY,2012-12-27,6.355999946594238,6.418000221252441,6.328000068664551,6.374000072479248,204500.0,-0.0238897599260077,0.1357804856516793,0.0559453628628358,-0.0040625035157426,0.0156053834493602,-0.0156053834493602
TCEHY_2012-12-28,TCEHY,2012-12-28,6.400000095367432,6.449999809265137,6.400000095367432,6.412000179290772,149000.0,-0.0195718323102234,0.1020970016957307,0.0412625846927536,0.0059617361749957,0.0156235720547214,-0.0156235720547214
TCEHY_2012-12-31,TCEHY,2012-12-31,6.46999979019165,6.53000020980835,6.441999912261963,6.53000020980835,160500.0,-0.0345948745221759,0.1598579177749812,0.0626315216264026,0.0184029986303944,0.0151813830197226,-0.0151813830197226
TCEHY_2013-01-02,TCEHY,2013-01-02,6.673999786376953,6.730000019073486,6.671999931335449,6.71999979019165,362500.0,-0.0082644971232842,0.1420802159414349,0.0669078594090753,0.0290964126000965,0.0156294258985489,-0.0156294258985489
TCEHY_2013-01-03,TCEHY,2013-01-03,6.734000205993652,6.734000205993652,6.659999847412109,6.659999847412109,355000.0,-0.0150843293767085,0.1338099702476021,0.0593628204354467,-0.0089285631923851,0.0156678489559456,-0.0156678489559456
TCEHY_2013-01-04,TCEHY,2013-01-04,6.6579999923706055,6.742000102996826,6.651999950408936,6.693999767303467,101000.0,-0.0077082785676252,0.1064462076472068,0.0493689645397907,0.0051050931937437,0.0156788411353809,-0.0156788411353809
TCEHY_2013-01-07,TCEHY,2013-01-07,6.590000152587891,6.599999904632568,6.556000232696533,6.599999904632568,83000.0,-0.0245344212869811,0.0869565012529147,0.0312110399829668,-0.0140424060260707,0.0157730844341207,-0.0157730844341207
TCEHY_2013-01-08,TCEHY,2013-01-08,6.5920000076293945,6.5920000076293945,6.539999961853027,6.570000171661377,49000.0,-0.0341075966706363,0.0899137864478256,0.0279030948885946,-0.0045454141522236,0.0157656484656264,-0.0157656484656264
TCEHY_2013-01-09,TCEHY,2013-01-09,6.550000190734863,6.550000190734863,6.50600004196167,6.538000106811523,130500.0,-0.0342688145891604,0.1111489296042786,0.0384400575075591,-0.0048706337920477,0.0157663892372695,-0.0157663892372695
TCEHY_2013-01-10,TCEHY,2013-01-10,6.546000003814697,6.604000091552734,6.535999774932861,6.604000091552734,148500.0,-0.0181385286418491,0.1269624472844734,0.0544119593213121,0.0100948277245285,0.0158019341161435,-0.0158019341161435
TCEHY_2013-01-11,TCEHY,2013-01-11,6.567999839782715,6.607999801635742,6.567999839782715,6.605999946594238,180500.0,-0.0045208271701748,0.1315519269392011,0.0635155498845131,0.0003028248052361,0.0157111554065903,-0.0157111554065903
TCEHY_2013-01-14,TCEHY,2013-01-14,6.590000152587891,6.593999862670898,6.544000148773193,6.578000068664551,181000.0,-0.0143841355686522,0.1552512008232349,0.0704335326272913,-0.0042385525516274,0.0157032508724346,-0.0157032508724346
TCEHY_2013-01-15,TCEHY,2013-01-15,6.684000015258789,6.684000015258789,6.610000133514404,6.644000053405762,146000.0,0.0018094215890469,0.1482890272810038,0.0750492244350253,0.0100334423916492,0.0157342154254997,-0.0157342154254997
TCEHY_2013-01-16,TCEHY,2013-01-16,6.854000091552734,6.920000076293945,6.854000091552734,6.920000076293945,124500.0,0.0424826852009156,0.1959903811738814,0.1192365331873985,0.0415412433277606,0.0165760225587484,-0.0165760225587484
TCEHY_2013-01-17,TCEHY,2013-01-17,6.941999912261963,6.989999771118164,6.912000179290772,6.949999809265137,139000.0,0.0404191598600183,0.1811692754133385,0.1107942176366784,0.0043352214798324,0.0165672001391914,-0.0165672001391914
TCEHY_2013-01-18,TCEHY,2013-01-18,6.926000118255615,7.019999980926514,6.926000118255615,7.007999897003174,134000.0,0.036686340195932,0.2166666004392863,0.1266764703176092,0.0083453365942134,0.0165338526719279,-0.0165338526719279
TCEHY_2013-01-22,TCEHY,2013-01-22,6.9679999351501465,6.9679999351501465,6.938000202178955,6.960000038146973,99000.0,0.019630797001221,0.1877132900290341,0.1036720435151276,-0.0068492950287751,0.0165195586794625,-0.0165195586794625
TCEHY_2013-01-23,TCEHY,2013-01-23,6.9720001220703125,6.978000164031982,6.914000034332275,6.940000057220459,105000.0,0.0420420745080272,0.1778682660511701,0.1099551702795986,-0.0028735604621976,0.0162192984213778,-0.0162192984213778
TCEHY_2013-01-24,TCEHY,2013-01-24,6.98199987411499,7.039999961853027,6.98199987411499,7.033999919891357,201000.0,0.050477869728603,0.2023931683009412,0.1264355190147721,0.0135446486881654,0.0162889711231594,-0.0162889711231594
TCEHY_2013-01-25,TCEHY,2013-01-25,6.941999912261963,6.941999912261963,6.900000095367432,6.906000137329102,135000.0,0.0117198829772073,0.1805128632327488,0.0961163731049781,-0.0181972965624135,0.0162891929636861,-0.0162891929636861
TCEHY_2013-01-28,TCEHY,2013-01-28,6.938000202178955,6.938000202178955,6.872000217437744,6.900000095367432,141000.0,0.0234351809488069,0.1954262459209232,0.1094307134348651,-0.00086881578951,0.0162097923531761,-0.0162097923531761
TCEHY_2013-01-29,TCEHY,2013-01-29,6.9079999923706055,6.940000057220459,6.872000217437744,6.938000202178955,195500.0,-0.0011517271651227,0.1929161314273402,0.0958822021311087,0.0055072617806246,0.0157708618974593,-0.0157708618974593
TCEHY_2013-01-30,TCEHY,2013-01-30,6.992000102996826,7.010000228881836,6.961999893188477,7.0,151000.0,0.0,0.1729222647560049,0.0864611323780024,0.0089362634785703,0.0157806528557467,-0.0157806528557467
TCEHY_2013-01-31,TCEHY,2013-01-31,7.019999980926514,7.041999816894531,7.0,7.021999835968018,172500.0,0.0236151165161304,0.1909769241867727,0.1072960203514515,0.0031428337097167,0.0155726559438329,-0.0155726559438329
TCEHY_2013-02-01,TCEHY,2013-02-01,6.96999979019165,6.98199987411499,6.929999828338623,6.9720001220703125,170500.0,-0.0085324149923514,0.1812945070572624,0.0863810460324555,-0.0071204379187815,0.015278415137912,-0.015278415137912
TCEHY_2013-02-04,TCEHY,2013-02-04,6.901999950408936,6.932000160217285,6.829999923706055,6.8379998207092285,97500.0,-0.0539568808068759,0.1597693227424155,0.0529062209677697,-0.0192197789751749,0.0150419034403774,-0.0150419034403774
TCEHY_2013-02-05,TCEHY,2013-02-05,6.817999839782715,6.889999866485596,6.817999839782715,6.843999862670898,231000.0,-0.0454672538569276,0.1719177540839795,0.0632252501135259,0.0008774557061992,0.0150144248818149,-0.0150144248818149
TCEHY_2013-02-06,TCEHY,2013-02-06,6.835999965667725,6.877999782562256,6.835999965667725,6.875999927520752,196000.0,-0.0367049710707879,0.1429521547476131,0.0531235918384125,0.0046756378568022,0.01502090679327,-0.01502090679327
TCEHY_2013-02-07,TCEHY,2013-02-07,6.980000019073486,7.007999897003174,6.949999809265137,6.98799991607666,79000.0,-0.0275535705256502,0.1596415349376985,0.0660439822060241,0.016288538356092,0.0151427457716816,-0.0151427457716816
TCEHY_2013-02-08,TCEHY,2013-02-08,7.0,7.026000022888184,6.941999912261963,7.004000186920166,81000.0,0.0040138124198036,0.155013198732733,0.0795135055762683,0.002289678167668,0.0146865210503513,-0.0146865210503513
TCEHY_2013-02-11,TCEHY,2013-02-11,7.019999980926514,7.019999980926514,6.955999851226807,6.989999771118164,125000.0,0.0092404926032065,0.1534653196567621,0.0813529061299843,-0.0019989171085613,0.0146592810265597,-0.0146592810265597
TCEHY_2013-02-12,TCEHY,2013-02-12,7.019999980926514,7.027999877929688,6.9720001220703125,6.99399995803833,78000.0,0.0150943532029097,0.139087965818075,0.0770911595104923,0.0005722728256292,0.0146426950483793,-0.0146426950483793
TCEHY_2013-02-13,TCEHY,2013-02-13,6.995999813079834,7.050000190734863,6.995999813079834,7.047999858856201,97500.0,0.0077208894969762,0.1766277342512383,0.0921743118741073,0.0077208894969762,0.0145520820052718,-0.0145520820052718
TCEHY_2013-02-14,TCEHY,2013-02-14,7.010000228881836,7.053999900817871,7.007999897003174,7.047999858856201,170000.0,0.0051340237452932,0.2068492593674005,0.1059916415563468,0.0,0.0145490002684192,-0.0145490002684192
TCEHY_2013-02-15,TCEHY,2013-02-15,7.099999904632568,7.125999927520752,7.084000110626221,7.105999946594238,183500.0,0.0593321038498415,0.2035908165230864,0.1314614601864639,0.0082292975169624,0.0134706613626633,-0.0134706613626633
TCEHY_2013-02-19,TCEHY,2013-02-19,7.130000114440918,7.130000114440918,7.090000152587891,7.090000152587891,115000.0,0.1116338028063714,0.179308059483769,0.1454709311450702,-0.0022515893789185,0.0118498848768807,-0.0118498848768807
TCEHY_2013-02-20,TCEHY,2013-02-20,7.093999862670898,7.116000175476074,7.033999919891357,7.039999961853027,107500.0,0.1034482500898741,0.1132194961254717,0.1083338731076729,-0.0070522129278958,0.0119005162286793,-0.0119005162286793
TCEHY_2013-02-21,TCEHY,2013-02-21,7.03000020980835,7.03000020980835,6.940000057220459,6.986000061035156,213000.0,0.0915624932711944,0.0949843159442234,0.0932734046077089,-0.007670440498647,0.0119562582378187,-0.0119562582378187
TCEHY_2013-02-22,TCEHY,2013-02-22,6.788000106811523,6.929999828338623,6.788000106811523,6.920000076293945,427500.0,0.0600490511174116,0.0788899344018083,0.06946949275961,-0.0094474640945582,0.0117943444804786,-0.0117943444804786
TCEHY_2013-02-25,TCEHY,2013-02-25,6.874000072479248,6.877999782562256,6.739999771118164,6.800000190734863,136500.0,0.0188792940352056,0.0708661878520664,0.044872740943636,-0.0173410237335356,0.0116943924414825,-0.0116943924414825
TCEHY_2013-02-26,TCEHY,2013-02-26,6.861999988555908,6.9079999923706055,6.849999904632568,6.875999927520752,141000.0,0.035542178581408,0.0838587762241651,0.0597004774027866,0.0111764315667872,0.0117514306148062,-0.0117514306148062
TCEHY_2013-02-27,TCEHY,2013-02-27,6.769999980926514,6.909999847412109,6.769999980926514,6.889999866485596,98000.0,0.0622879743522484,0.089500315516307,0.0758941449342777,0.0020360586260057,0.0113497914140813,-0.0113497914140813
TCEHY_2013-02-28,TCEHY,2013-02-28,6.866000175476074,6.947999954223633,6.866000175476074,6.929999828338623,152000.0,0.0701050043162747,0.0982567180953053,0.08418086120579,0.0058055098154059,0.0113607579861527,-0.0113607579861527
TCEHY_2013-03-01,TCEHY,2013-03-01,6.935999870300293,6.949999809265137,6.900000095367432,6.934000015258789,164000.0,0.0602446568354606,0.1059011222252279,0.0830728895303443,0.0005772275641058,0.0113056070977577,-0.0113056070977577
TCEHY_2013-03-04,TCEHY,2013-03-04,7.03000020980835,7.113999843597412,7.026000022888184,7.059999942779541,282500.0,0.074581393959729,0.1368759902433436,0.1057286921015363,0.0181713191871184,0.0115031015156596,-0.0115031015156596
TCEHY_2013-03-05,TCEHY,2013-03-05,7.061999797821045,7.179999828338623,7.061999797821045,7.159999847412109,139000.0,0.1015384380634014,0.1529790343686714,0.1272587362160364,0.0141642925556735,0.0115152980756901,-0.0115152980756901
TCEHY_2013-03-06,TCEHY,2013-03-06,7.239999771118164,7.239999771118164,7.170000076293945,7.184000015258789,143500.0,0.1428571862040066,0.1850874719331137,0.1639723290685601,0.0033519788209708,0.0106343781241202,-0.0106343781241202
TCEHY_2013-03-07,TCEHY,2013-03-07,7.173999786376953,7.25,7.173999786376953,7.230000019073486,130000.0,0.1458003303703181,0.1864128949790784,0.1661066126746982,0.0064031185574879,0.0106457934511274,-0.0106457934511274
TCEHY_2013-03-08,TCEHY,2013-03-08,7.302000045776367,7.366000175476074,7.302000045776367,7.366000175476074,108000.0,0.1420155648524428,0.2075410312518297,0.1747782980521363,0.0188105333393922,0.0105517251229188,-0.0105517251229188
TCEHY_2013-03-11,TCEHY,2013-03-11,7.309999942779541,7.309999942779541,7.21999979019165,7.242000102996826,143500.0,0.1107362153654045,0.199403771925585,0.1550699936454947,-0.0168341120723953,0.0107585691779686,-0.0107585691779686
TCEHY_2013-03-12,TCEHY,2013-03-12,7.127999782562256,7.22599983215332,7.127999782562256,7.196000099182129,300000.0,0.1104938391977068,0.1422222033842115,0.1263580212909592,-0.0063518369456612,0.0107611590774075,-0.0107611590774075
TCEHY_2013-03-13,TCEHY,2013-03-13,7.131999969482422,7.211999893188477,7.131999969482422,7.179999828338623,162500.0,0.1008892991290519,0.1407689320976781,0.120829115613365,-0.002223495083793,0.0107549396476965,-0.0107549396476965
TCEHY_2013-03-14,TCEHY,2013-03-14,7.104000091552734,7.139999866485596,7.104000091552734,7.119999885559082,122000.0,0.09068627737431,0.1337579056826763,0.1122220915284931,-0.0083565381913699,0.0108274265467969,-0.0108274265467969
TCEHY_2013-03-15,TCEHY,2013-03-15,7.085999965667725,7.0960001945495605,7.038000106811523,7.047999858856201,132000.0,0.0829747956974751,0.1029733968887383,0.0929740962931067,-0.010112363463504,0.010910771664596,-0.010910771664596
TCEHY_2013-03-18,TCEHY,2013-03-18,6.831999778747559,6.831999778747559,6.75600004196167,6.809999942779541,125500.0,0.0515750647441204,0.0577818777443781,0.0546784712442492,-0.0337684337177731,0.0117501640481298,-0.0117501640481298
TCEHY_2013-03-19,TCEHY,2013-03-19,6.664000034332275,6.702000141143799,6.618000030517578,6.619999885559082,316000.0,0.0225517313814387,0.011922970169323,0.0172373507753809,-0.0279001554797236,0.0122961806623384,-0.0122961806623384
TCEHY_2013-03-20,TCEHY,2013-03-20,6.760000228881836,6.797999858856201,6.75600004196167,6.75600004196167,1222000.0,0.045173237426906,0.0150240238235175,0.0300986306252117,0.0205438306274385,0.0125512842645719,-0.0125512842645719
TCEHY_2013-03-21,TCEHY,2013-03-21,6.51200008392334,6.631999969482422,6.480000019073486,6.579999923706055,1782000.0,0.0154320840028123,0.0030487776068546,0.0092404308048335,-0.0260509350447712,0.0129957809518902,-0.0129957809518902
TCEHY_2013-03-22,TCEHY,2013-03-22,6.400000095367432,6.420000076293945,6.340000152587891,6.340000152587891,1110500.0,-0.0124610471581545,-0.0364741297721762,-0.0244675884651653,-0.0364741297721762,0.0137499689822189,-0.0137499689822189
TCEHY_2013-03-25,TCEHY,2013-03-25,6.214000225067139,6.214000225067139,6.064000129699707,6.0960001945495605,1136500.0,-0.053709984853277,-0.0701647379224956,-0.0619373613878863,-0.0384857968715872,0.014566021874654,-0.014566021874654
TCEHY_2013-03-26,TCEHY,2013-03-26,6.210000038146973,6.414000034332275,6.210000038146973,6.395999908447266,505500.0,-0.0024953634429368,-0.0175115693435469,-0.0100034663932419,0.0492125499218216,0.0158580837411588,-0.0158580837411588
TCEHY_2013-03-27,TCEHY,2013-03-27,6.449999809265137,6.449999809265137,6.394000053405762,6.432000160217285,125500.0,0.0103675750741358,-0.0168143778288062,-0.0032234013773351,0.0056285572678751,0.0158456008267408,-0.0158456008267408
TCEHY_2013-03-28,TCEHY,2013-03-28,6.4079999923706055,6.4079999923706055,6.3379998207092285,6.389999866485596,114000.0,-0.0015625357395032,-0.0259146460025599,-0.0137385908710316,-0.006529896250853,0.0158551126808807,-0.0158551126808807
TCEHY_2013-04-01,TCEHY,2013-04-01,6.311999797821045,6.394000053405762,6.242000102996826,6.263999938964844,426000.0,-0.0172576297871954,-0.0407351090806952,-0.0289963694339453,-0.0197182989285491,0.0160429628261351,-0.0160429628261351
TCEHY_2013-04-02,TCEHY,2013-04-02,6.309999942779541,6.309999942779541,6.23199987411499,6.25,122000.0,-0.025265155140512,-0.0443425020710335,-0.0348038286057728,-0.0022349838922822,0.01602582766313,-0.01602582766313
TCEHY_2013-04-03,TCEHY,2013-04-03,6.223999977111816,6.300000190734863,6.151999950408936,6.1579999923706055,211000.0,-0.0569678722029722,-0.0895919503344909,-0.0732799112687316,-0.0147200012207031,0.0159461464431925,-0.0159461464431925
TCEHY_2013-04-04,TCEHY,2013-04-04,6.203999996185303,6.203999996185303,6.139999866485596,6.171999931335449,161500.0,-0.0815476005901143,-0.0891381478029108,-0.0853428741965126,0.0022734555021417,0.01548634206134,-0.01548634206134
TCEHY_2013-04-05,TCEHY,2013-04-05,6.059999942779541,6.093999862670898,5.9679999351501465,6.093999862670898,899000.0,-0.0849849846409745,-0.098787372517284,-0.0918861785791293,-0.0126377299955143,0.0155230840010738,-0.0155230840010738
TCEHY_2013-04-08,TCEHY,2013-04-08,6.168000221252441,6.2220001220703125,6.165999889373779,6.197999954223633,598500.0,-0.0740961802094052,-0.0812333047791793,-0.0776647424942922,0.0170659819324565,0.0156749654973087,-0.0156749654973087
TCEHY_2013-04-09,TCEHY,2013-04-09,6.331999778747559,6.435999870300293,6.329999923706055,6.435999870300293,98500.0,-0.0248484904093957,-0.0487732683643272,-0.0368108793868615,0.038399470447636,0.0163543313082751,-0.0163543313082751
TCEHY_2013-04-10,TCEHY,2013-04-10,6.458000183105469,6.5,6.414000034332275,6.498000144958496,140500.0,-0.0109589078876194,-0.0446927225480742,-0.0278258152178468,0.0096333554859613,0.0163920357936189,-0.0163920357936189
TCEHY_2013-04-11,TCEHY,2013-04-11,6.409999847412109,6.489999771118164,6.409999847412109,6.46999979019165,236000.0,-0.0104007824271871,-0.044313174531768,-0.0273569784794776,-0.0043090726596197,0.0163895207550353,-0.0163895207550353
TCEHY_2013-04-12,TCEHY,2013-04-12,6.461999893188477,6.47599983215332,6.369999885559082,6.3979997634887695,148000.0,-0.0311932654767014,-0.0487659941792686,-0.039979629827985,-0.0111282888775408,0.0163960824405375,-0.0163960824405375
TCEHY_2013-04-15,TCEHY,2013-04-15,6.340000152587891,6.3460001945495605,6.23199987411499,6.257999897003174,198000.0,-0.052679390312511,-0.0569620630636528,-0.0548207266880819,-0.0218818180151439,0.0166181043321255,-0.0166181043321255
TCEHY_2013-04-16,TCEHY,2013-04-16,6.300000190734863,6.315999984741211,6.265999794006348,6.300000190734863,169000.0,-0.0422620667418336,-0.0560382990130599,-0.0491501828774467,0.006711456443424,0.0166379941631686,-0.0166379941631686
TCEHY_2013-04-17,TCEHY,2013-04-17,6.374000072479248,6.383999824523926,6.308000087738037,6.329999923706055,489500.0,-0.0472607054749718,-0.0455367984267249,-0.0463987519508484,0.0047618622322125,0.0165971188616847,-0.0165971188616847
TCEHY_2013-04-18,TCEHY,2013-04-18,6.349999904632568,6.389999866485596,6.322000026702881,6.3480000495910645,259000.0,-0.0826589624850436,-0.0436878519664145,-0.0631734072257291,0.0028436218170553,0.0157031149945869,-0.0157031149945869
TCEHY_2013-04-19,TCEHY,2013-04-19,6.4720001220703125,6.539999961853027,6.4679999351501465,6.533999919891357,285500.0,-0.0598561008331546,-0.0218562742813089,-0.0408561875572318,0.0293005464472664,0.0161547718236477,-0.0161547718236477
TCEHY_2013-04-22,TCEHY,2013-04-22,6.51800012588501,6.599999904632568,6.51800012588501,6.559999942779541,212500.0,-0.06392693504679,-0.0295858401376676,-0.0467563875922288,0.0039791893490894,0.0161240197335406,-0.0161240197335406
TCEHY_2013-04-23,TCEHY,2013-04-23,6.478000164031982,6.535999774932861,6.478000164031982,6.507999897003174,354500.0,-0.0649425486589708,-0.0465866256472159,-0.0557645871530934,-0.0079268363155402,0.0161309805550149,-0.0161309805550149
TCEHY_2013-04-24,TCEHY,2013-04-24,6.501999855041504,6.570000171661377,6.501999855041504,6.559999942779541,101000.0,-0.0547550592662547,-0.0150150010395909,-0.0348850301529228,0.0079901731099154,0.0161679725424559,-0.0161679725424559
TCEHY_2013-04-25,TCEHY,2013-04-25,6.561999797821045,6.625999927520752,6.561999797821045,6.5980000495910645,163000.0,-0.061984628272078,-0.0146356105345689,-0.0383101194033235,0.0057926992596013,0.0160866064463519,-0.0160866064463519
TCEHY_2013-04-26,TCEHY,2013-04-26,6.590000152587891,6.734000205993652,6.590000152587891,6.73199987411499,454500.0,-0.0251955198022058,-0.0137709253686302,-0.019483222585418,0.020309157853406,0.0161497321633984,-0.0161497321633984
TCEHY_2013-04-29,TCEHY,2013-04-29,6.710000038146973,6.8460001945495605,6.690000057220459,6.8379998207092285,396500.0,-0.0089855469277209,0.0142390561029108,0.0026267545875949,0.0157456845775971,0.0162750767544002,-0.0162750767544002
TCEHY_2013-04-30,TCEHY,2013-04-30,6.874000072479248,6.909999847412109,6.828000068664551,6.900000095367432,157500.0,-0.0054770979683149,-0.0066225170109216,-0.0060498074896183,0.0090670190529154,0.0163007104017177,-0.0163007104017177
TCEHY_2013-05-01,TCEHY,2013-05-01,6.861999988555908,6.8979997634887695,6.8379998207092285,6.863999843597412,115000.0,-0.0194285937717982,-0.0194285937717982,-0.0194285937717982,-0.0052174277206444,0.0162736837865648,-0.0162736837865648
TCEHY_2013-05-02,TCEHY,2013-05-02,7.038000106811523,7.0960001945495605,7.038000106811523,7.0960001945495605,180500.0,0.0105383594859258,0.0344023405892053,0.0224703500375655,0.0337995856990809,0.0168237332277853,-0.0168237332277853
TCEHY_2013-05-03,TCEHY,2013-05-03,7.070000171661377,7.116000175476074,7.01200008392334,7.0879998207092285,6056000.0,0.016637936977613,0.007963560202352,0.0123007485899825,-0.0011274483682338,0.0167979909853993,-0.0167979909853993
TCEHY_2013-05-06,TCEHY,2013-05-06,7.038000106811523,7.125999927520752,7.038000106811523,7.113999843597412,65500.0,0.0403626835514536,-0.0157720417608537,0.0122953208952999,0.003668174879494,0.01661329525617,-0.01661329525617
TCEHY_2013-05-07,TCEHY,2013-05-07,7.125999927520752,7.139999866485596,7.0920000076293945,7.139999866485596,55000.0,0.0432495630850555,-0.0041841296358613,0.0195327167245971,0.0036547685493111,0.0166172858572742,-0.0166172858572742
TCEHY_2013-05-08,TCEHY,2013-05-08,7.0879998207092285,7.111999988555908,7.03000020980835,7.107999801635742,71500.0,0.0337405288773238,-0.0042028873298194,0.0147688207737521,-0.0044818018835067,0.0166229590747381,-0.0166229590747381
TCEHY_2013-05-09,TCEHY,2013-05-09,7.050000190734863,7.0920000076293945,7.015999794006348,7.044000148773193,330000.0,0.0080137712319798,-0.0197606073044871,-0.0058734180362536,-0.0090038906371129,0.0165447242388462,-0.0165447242388462
TCEHY_2013-05-10,TCEHY,2013-05-10,7.0960001945495605,7.1479997634887695,7.072000026702881,7.084000110626221,65500.0,0.0114220333482362,0.0154816916673525,0.0134518625077943,0.0056785861737942,0.0165569307003343,-0.0165569307003343
TCEHY_2013-05-13,TCEHY,2013-05-13,6.941999912261963,6.941999912261963,6.883999824523926,6.894000053405762,146000.0,-0.0137338656446115,-0.0046202807253074,-0.0091770731849594,-0.0268210127404505,0.0169045744936677,-0.0169045744936677
TCEHY_2013-05-14,TCEHY,2013-05-14,7.013999938964844,7.013999938964844,6.906000137329102,6.995999813079834,158000.0,0.0002859386693598,0.0153846079315391,0.0078352733004495,0.0147954393507268,0.0170080734314507,-0.0170080734314507
TCEHY_2013-05-15,TCEHY,2013-05-15,7.168000221252441,7.400000095367432,7.113999843597412,7.395999908447266,272500.0,0.049375717446104,0.0574778314013155,0.0534267744237098,0.057175544032975,0.0184439520757579,-0.0184439520757579
TCEHY_2013-05-16,TCEHY,2013-05-16,7.51800012588501,7.561999797821045,7.478000164031982,7.519999980926514,238000.0,0.0669693716689308,0.0724472177585797,0.0697082947137552,0.0167658293691461,0.0185509370418332,-0.0185509370418332
TCEHY_2013-05-17,TCEHY,2013-05-17,7.550000190734863,7.599999904632568,7.501999855041504,7.599999904632568,206500.0,0.0695187111949098,0.1329755064368749,0.1012471088158923,0.0106382877538515,0.0185681391322584,-0.0185681391322584
TCEHY_2013-05-20,TCEHY,2013-05-20,7.960000038146973,8.02400016784668,7.940000057220459,8.022000312805176,275000.0,0.1314527701211825,0.2577611455456132,0.1946069578333978,0.0555263701931598,0.0197804006360543,-0.0197804006360543
TCEHY_2013-05-21,TCEHY,2013-05-21,7.883999824523926,7.889999866485596,7.828000068664551,7.880000114440918,464500.0,0.1193182041391363,0.2351097136510702,0.1772139588951032,-0.0177013454035384,0.0199054402817756,-0.0199054402817756
TCEHY_2013-05-22,TCEHY,2013-05-22,7.857999801635742,7.857999801635742,7.71999979019165,7.760000228881836,307500.0,0.1107930376588046,0.2125000176951286,0.1616465276769666,-0.0152284116518183,0.0199871735627002,-0.0199871735627002
TCEHY_2013-05-23,TCEHY,2013-05-23,7.49399995803833,7.593999862670898,7.480000019073486,7.590000152587891,125000.0,0.0968208192062287,0.1626838686453848,0.1297523439258068,-0.0219072256803839,0.0201617902618893,-0.0201617902618893
TCEHY_2013-05-24,TCEHY,2013-05-24,7.677999973297119,7.71999979019165,7.651999950408935,7.699999809265137,129500.0,0.1323528813655829,0.1537309043644963,0.1430418928650396,0.0144927080982653,0.0200764703921853,-0.0200764703921853
TCEHY_2013-05-28,TCEHY,2013-05-28,7.835999965667725,7.918000221252441,7.822000026702881,7.869999885559082,233500.0,0.144560786578823,0.1852409704526842,0.1649008785157536,0.0220779325331139,0.0202019224755509,-0.0202019224755509
TCEHY_2013-05-29,TCEHY,2013-05-29,7.769999980926514,7.84600019454956,7.754000186920166,7.785999774932861,164500.0,0.1300435305965095,0.2004316530472289,0.1652375918218692,-0.0106734576680687,0.020268404548768,-0.020268404548768
TCEHY_2013-05-30,TCEHY,2013-05-30,7.992000102996826,7.992000102996826,7.920000076293945,7.967999935150146,167000.0,0.149783568906721,0.2303891509677083,0.1900863599372146,0.0233753102335343,0.0204397647055176,-0.0204397647055176
TCEHY_2013-05-31,TCEHY,2013-05-31,7.895999908447266,7.952000141143799,7.8520002365112305,7.895999908447266,125500.0,0.1387366442272171,0.2073394425846499,0.1730380434059335,-0.0090361480031215,0.0204895818116316,-0.0204895818116316
TCEHY_2013-06-03,TCEHY,2013-06-03,7.880000114440918,7.880000114440918,7.788000106811523,7.869999885559082,206500.0,0.1147308710119681,0.1978690532619833,0.1562999621369757,-0.0032928094211814,0.020399151401282,-0.020399151401282
TCEHY_2013-06-04,TCEHY,2013-06-04,7.815999984741211,7.875999927520752,7.76200008392334,7.800000190734863,155000.0,0.0893855247153494,0.2000000293438251,0.1446927770295872,-0.0088944975657069,0.020382931100915,-0.020382931100915
TCEHY_2013-06-05,TCEHY,2013-06-05,7.760000228881836,7.760000228881836,7.670000076293945,7.673999786376953,162500.0,0.0682070949439597,0.22080815481081,0.1445076248773849,-0.0161538975995896,0.0205031047525245,-0.0205031047525245
TCEHY_2013-06-06,TCEHY,2013-06-06,7.676000118255615,7.78000020980835,7.676000118255615,7.78000020980835,108500.0,0.0760719487252981,0.2329635943516785,0.1545177715384883,0.0138129302035647,0.0205543143699779,-0.0205543143699779
TCEHY_2013-06-07,TCEHY,2013-06-07,7.809999942779541,7.809999942779541,7.703999996185303,7.723999977111816,116000.0,0.0486016553227415,0.1975194117086074,0.1230605335156744,-0.0071979731601977,0.0204593542610548,-0.0204593542610548
TCEHY_2013-06-10,TCEHY,2013-06-10,7.840000152587891,7.8979997634887695,7.811999797821045,7.861999988555908,149500.0,0.0856116924525476,0.2058282226311742,0.1457199575418609,0.0178663920058286,0.0204397304249264,-0.0204397304249264
TCEHY_2013-06-11,TCEHY,2013-06-11,7.75,7.880000114440918,7.75,7.840000152587891,183000.0,0.0894941696122206,0.2098765631961923,0.1496853664042065,-0.0027982493004377,0.0204225848885751,-0.0204225848885751
TCEHY_2013-06-12,TCEHY,2013-06-12,7.892000198364258,7.892000198364258,7.77400016784668,7.794000148773193,190000.0,0.0855153670075565,0.1950322515787645,0.1402738092931605,-0.0058673473111493,0.0204386408070673,-0.0204386408070673
TCEHY_2013-06-13,TCEHY,2013-06-13,7.670000076293945,7.809999942779541,7.670000076293945,7.788000106811523,174500.0,0.0938202573018704,0.1930147445531871,0.1434175009275288,-0.0007698283098717,0.0204019043832553,-0.0204019043832553
TCEHY_2013-06-14,TCEHY,2013-06-14,7.711999893188477,7.791999816894531,7.688000202178955,7.693999767303467,145000.0,0.0916571965641472,0.1822372294207359,0.1369472129924416,-0.0120698944811059,0.020421553723801,-0.020421553723801
TCEHY_2013-06-17,TCEHY,2013-06-17,7.757999897003174,7.794000148773193,7.728000164031982,7.734000205993652,184500.0,0.1356828591744414,0.1942557761651511,0.1649693176697962,0.0051989134260403,0.0199170335863868,-0.0199170335863868
TCEHY_2013-06-18,TCEHY,2013-06-18,7.697999954223633,7.797999858856201,7.697999954223633,7.75,128000.0,0.1706948842863138,0.1970960808463631,0.1838954825663384,0.0020687604836042,0.0195404926774007,-0.0195404926774007
TCEHY_2013-06-19,TCEHY,2013-06-19,7.75,7.75,7.619999885559082,7.630000114440918,164000.0,0.1293664989714051,0.180383639971434,0.1548750694714196,-0.0154838562011718,0.0195367683217307,-0.0195367683217307
TCEHY_2013-06-20,TCEHY,2013-06-20,7.489999771118164,7.619999885559082,7.28000020980835,7.289999961853027,227500.0,0.1079027426108356,0.1249999908017522,0.1164513667062939,-0.0445609629735639,0.0200983543019955,-0.0200983543019955
TCEHY_2013-06-21,TCEHY,2013-06-21,7.392000198364258,7.392000198364258,7.260000228881836,7.368000030517578,338000.0,0.1621450872536767,0.1476635425167911,0.1549043148852339,0.0106995979523605,0.0195188614049972,-0.0195188614049972
TCEHY_2013-06-24,TCEHY,2013-06-24,7.196000099182129,7.196000099182129,7.02400016784668,7.0920000076293945,498000.0,0.1633857908945537,0.1009003576870894,0.1321430742908216,-0.0374592863389002,0.0194844312145871,-0.0194844312145871
TCEHY_2013-06-25,TCEHY,2013-06-25,7.400000095367432,7.429999828338623,7.335999965667725,7.429999828338623,351500.0,0.1616635295015784,0.1587647567970671,0.1602141431493228,0.0476593091293875,0.0194253792178139,-0.0194253792178139
TCEHY_2013-06-26,TCEHY,2013-06-26,7.458000183105469,7.558000087738037,7.458000183105469,7.538000106811523,157500.0,0.1719527237320335,0.1841030315786636,0.1780278776553485,0.0145357040333942,0.0194803694910644,-0.0194803694910644
TCEHY_2013-06-27,TCEHY,2013-06-27,7.665999889373779,7.75,7.665999889373779,7.73799991607666,192500.0,0.2109546287568928,0.2090624688705433,0.2100085488137181,0.0265322109884837,0.0196719213388903,-0.0196719213388903
TCEHY_2013-06-28,TCEHY,2013-06-28,7.794000148773193,7.829999923706055,7.711999893188477,7.791999816894531,98000.0,0.2439335716504169,0.22246622659101,0.2331998991207134,0.0069785346864219,0.0194559327329235,-0.0194559327329235
TCEHY_2013-07-01,TCEHY,2013-07-01,7.794000148773193,7.855999946594238,7.794000148773193,7.800000190734863,109500.0,0.248000030517578,0.2164691161311878,0.2322345733243829,0.0010267420467575,0.019444341665984,-0.019444341665984
TCEHY_2013-07-02,TCEHY,2013-07-02,7.806000232696533,7.835999965667725,7.685999870300293,7.75,180000.0,0.2585254968499169,0.1868299771811885,0.2226777370155527,-0.0064102807066922,0.0193452572222199,-0.0193452572222199
TCEHY_2013-07-03,TCEHY,2013-07-03,7.671999931335449,7.820000171661377,7.671999931335449,7.789999961853027,137500.0,0.262151660485759,0.1592262209923165,0.2106889407390377,0.0051612854003906,0.0193449090524214,-0.0193449090524214
TCEHY_2013-07-05,TCEHY,2013-07-05,7.955999851226807,7.961999893188477,7.826000213623047,7.909999847412109,175000.0,0.2979980350615381,0.1876876919878181,0.2428428635246781,0.0154043499546483,0.0192811123773286,-0.0192811123773286
TCEHY_2013-07-08,TCEHY,2013-07-08,7.831999778747559,7.861999988555908,7.776000022888184,7.809999942779541,113000.0,0.2600838981060993,0.1667164945130601,0.2134001963095797,-0.0126422132189149,0.0193278348007321,-0.0193278348007321
TCEHY_2013-07-09,TCEHY,2013-07-09,7.820000171661377,7.835999965667725,7.800000190734863,7.803999900817871,247000.0,0.2125543906286233,0.1824242444822172,0.1974893175554203,-0.0007682512171101,0.01882217953528,-0.01882217953528
TCEHY_2013-07-10,TCEHY,2013-07-10,7.842000007629394,7.842000007629394,7.800000190734863,7.820000171661377,117000.0,0.2034472140984116,0.1902587469314949,0.1968529805149532,0.0020502653827338,0.018804852533336,-0.018804852533336
TCEHY_2013-07-11,TCEHY,2013-07-11,7.972000122070312,8.079999923706055,7.972000122070312,8.071999549865723,145500.0,0.247604298550776,0.234628237686326,0.241116268118551,0.0322249837177186,0.0191326361345807,-0.0191326361345807
TCEHY_2013-07-12,TCEHY,2013-07-12,8.003999710083008,8.013999938964844,7.918000221252441,7.958000183105469,153500.0,0.2438262702851439,0.2050272672292439,0.2244267687571939,-0.0141228162930397,0.019173735166979,-0.019173735166979
TCEHY_2013-07-15,TCEHY,2013-07-15,8.236000061035156,8.321999549865723,8.100000381469727,8.321999549865723,127500.0,0.32981778313083,0.2597637930887628,0.2947907881097964,0.0457400550873334,0.0196092791418833,-0.0196092791418833
TCEHY_2013-07-16,TCEHY,2013-07-16,8.5,8.520000457763672,8.489999771118164,8.515999794006348,175500.0,0.3517459581240105,0.2946183802237698,0.3231821691738902,0.0233117345150246,0.0197474865500955,-0.0197474865500955
TCEHY_2013-07-17,TCEHY,2013-07-17,8.557999610900879,8.579999923706055,8.557999610900879,8.562000274658203,248000.0,0.3526066947636499,0.28868154813895,0.3206441214512999,0.0054016535655896,0.0197475341423563,-0.0197475341423563
TCEHY_2013-07-18,TCEHY,2013-07-18,8.501999855041504,8.501999855041504,8.413999557495117,8.484000205993652,106000.0,0.3364839539565203,0.2260115769445654,0.2812477654505428,-0.009110028750573,0.01982581812084,-0.01982581812084
TCEHY_2013-07-19,TCEHY,2013-07-19,8.654000282287598,8.654000282287598,8.569999694824219,8.595999717712402,3773000.0,0.3155800157792672,0.2368345257007003,0.2762072707399837,0.0132012622582948,0.0196075586769824,-0.0196075586769824
TCEHY_2013-07-22,TCEHY,2013-07-22,8.470000267028809,8.479999542236328,8.432000160217285,8.461999893188477,407000.0,0.2899390193596614,0.2074771714547363,0.2487080954071988,-0.0155886259800374,0.0197710579516249,-0.0197710579516249
TCEHY_2013-07-23,TCEHY,2013-07-23,8.600000381469727,8.640000343322754,8.571999549865723,8.62399959564209,1456500.0,0.3251382501731905,0.2390803948814546,0.2821093225273225,0.0191443753838871,0.019796527934242,-0.019796527934242
TCEHY_2013-07-24,TCEHY,2013-07-24,8.57800006866455,8.57800006866455,8.5,8.508000373840332,299000.0,0.2969512878128779,0.2259366431832383,0.2614439654980581,-0.0134507452737329,0.0199224216427946,-0.0199224216427946
TCEHY_2013-07-25,TCEHY,2013-07-25,8.57800006866455,8.684000015258789,8.571999549865723,8.675999641418457,143500.0,0.3149438581705048,0.2334375519231539,0.2741907050468294,0.0197460343437072,0.0200162934072726,-0.0200162934072726
TCEHY_2013-07-26,TCEHY,2013-07-26,8.784000396728516,8.968000411987305,8.784000396728516,8.906000137329102,752000.0,0.3229352798376146,0.2896032377974293,0.306269258817522,0.0265099706565965,0.0201100576818752,-0.0201100576818752
TCEHY_2013-07-29,TCEHY,2013-07-29,8.960000038146973,9.038000106811523,8.928000450134277,8.928000450134277,3649000.0,0.3056450254788507,0.2939130908314651,0.2997790581551579,0.0024702798636799,0.0200614021484886,-0.0200614021484886
TCEHY_2013-07-30,TCEHY,2013-07-30,9.32800006866455,9.399999618530272,9.326000213623049,9.380000114440918,504500.0,0.3594202876516661,0.3519746095560829,0.3556974486038745,0.0506271999907708,0.0208825722105214,-0.0208825722105214
TCEHY_2013-07-31,TCEHY,2013-07-31,9.119999885559082,9.121999740600586,9.0,9.065999984741213,478000.0,0.3208042236769246,0.2951428549630304,0.3079735393199775,-0.0334754931629786,0.021404668994894,-0.021404668994894
TCEHY_2013-08-01,TCEHY,2013-08-01,9.345999717712402,9.399999618530272,9.300000190734863,9.395999908447266,1961500.0,0.3241262191148664,0.3380803372166385,0.3311032781657524,0.0363997269205238,0.0214642060265226,-0.0214642060265226
TCEHY_2013-08-02,TCEHY,2013-08-02,9.329999923706056,9.329999923706056,9.25,9.324000358581545,309000.0,0.3154628378148831,0.3373494256068392,0.3264061317108612,-0.0076627874166953,0.0215085258751867,-0.0215085258751867
TCEHY_2013-08-05,TCEHY,2013-08-05,9.444000244140623,9.5600004196167,9.444000244140623,9.5,234500.0,0.3353950251418665,0.3892951519578531,0.3623450885498598,0.0188759796921791,0.0215832561678208,-0.0215832561678208
TCEHY_2013-08-06,TCEHY,2013-08-06,9.529999732971191,9.65999984741211,9.529999732971191,9.588000297546388,272500.0,0.34285720964106,0.400935197243653,0.3718962034423565,0.0092631892154093,0.0215899021272548,-0.0215899021272548
TCEHY_2013-08-07,TCEHY,2013-08-07,9.28600025177002,9.338000297546388,9.199999809265137,9.315999984741213,277500.0,0.3106359376371044,0.3548574873386074,0.3327467124878559,-0.0283688260705188,0.0219641413029172,-0.0219641413029172
TCEHY_2013-08-08,TCEHY,2013-08-08,9.300000190734863,9.300000190734863,9.18000030517578,9.26200008392334,196000.0,0.3148778944214589,0.32541502506534,0.3201464597433995,-0.0057964685386775,0.0219359441252002,-0.0219359441252002
TCEHY_2013-08-09,TCEHY,2013-08-09,9.156000137329102,9.239999771118164,9.13599967956543,9.187999725341797,465500.0,0.2970072814594555,0.3118217418811906,0.3044145116703231,-0.007989673710972,0.0219925163478947,-0.0219925163478947
TCEHY_2013-08-12,TCEHY,2013-08-12,9.503999710083008,9.503999710083008,9.390000343322754,9.449999809265137,96000.0,0.3707571418710194,0.3519313474531711,0.3613442446620952,0.0285154649276606,0.0218310410224246,-0.0218310410224246
TCEHY_2013-08-13,TCEHY,2013-08-13,9.579999923706056,9.579999923706056,9.486000061035156,9.574000358581545,152500.0,0.3684963714095359,0.3688876774410006,0.3686920244252682,0.0131217515152575,0.0218202542443767,-0.0218202542443767
TCEHY_2013-08-14,TCEHY,2013-08-14,9.505999565124512,9.505999565124512,9.100000381469728,9.199999809265137,234500.0,0.243915619679423,0.3053348458435097,0.2746252327614663,-0.0390641879369867,0.021490861616507,-0.021490861616507
TCEHY_2013-08-15,TCEHY,2013-08-15,9.300000190734863,9.39799976348877,9.300000190734863,9.350000381469728,555000.0,0.2433511177107405,0.3266175608276915,0.284984339269216,0.016304410360262,0.0214864138999397,-0.0214864138999397
TCEHY_2013-08-16,TCEHY,2013-08-16,9.46399974822998,9.489999771118164,9.387999534606934,9.43000030517578,167500.0,0.2407895294087749,0.3270476183574118,0.2839185738830934,0.0085561412237584,0.02147715188166,-0.02147715188166
TCEHY_2013-08-19,TCEHY,2013-08-19,9.470000267028809,9.565999984741213,9.470000267028809,9.505999565124512,125500.0,0.1849911735792992,0.3407615459154494,0.2628763597473743,0.0080593062024632,0.0204354693254224,-0.0204354693254224
TCEHY_2013-08-20,TCEHY,2013-08-20,9.343999862670898,9.437999725341797,9.343999862670898,9.43000030517578,67500.0,0.196700528962471,0.3394886869706275,0.2680946079665492,-0.0079948730723233,0.0203138505542728,-0.0203138505542728
TCEHY_2013-08-21,TCEHY,2013-08-21,9.329999923706056,9.329999923706056,9.16800022125244,9.21399974822998,262000.0,0.1873710665544214,0.3189235138461606,0.253147290200291,-0.0229056786803329,0.0204478966255107,-0.0204478966255107
TCEHY_2013-08-22,TCEHY,2013-08-22,9.263999938964844,9.347999572753906,9.25,9.343999862670898,513500.0,0.2310935012939312,0.3502889826086741,0.2906912419513027,0.0141089774249116,0.0202446174014508,-0.0202446174014508
TCEHY_2013-08-23,TCEHY,2013-08-23,9.206000328063965,9.22599983215332,9.140000343322754,9.220000267028809,299500.0,0.197402661742239,0.3558823541786431,0.2766425079604411,-0.0132705048656374,0.0203037028148375,-0.0203037028148375
TCEHY_2013-08-26,TCEHY,2013-08-26,9.229999542236328,9.229999542236328,9.161999702453612,9.161999702453612,140500.0,0.1641677046609952,0.3324607037564515,0.2483142042087234,-0.0062907335027537,0.0201895117751597,-0.0201895117751597
TCEHY_2013-08-27,TCEHY,2013-08-27,9.199999809265137,9.289999961853027,9.1899995803833,9.215999603271484,230500.0,0.1836629681062318,0.3375906795151098,0.2606268238106708,0.0058938989927506,0.0201214087277478,-0.0201214087277478
TCEHY_2013-08-28,TCEHY,2013-08-28,9.140000343322754,9.197999954223633,9.130000114440918,9.18000030517578,81000.0,0.1521084814118782,0.324675401525452,0.2383919414686651,-0.0039061740066618,0.0199661446658737,-0.0199661446658737
TCEHY_2013-08-29,TCEHY,2013-08-29,9.279999732971191,9.359999656677246,9.272000312805176,9.291999816894531,56500.0,0.1767983693811601,0.3400634260811632,0.2584308977311617,0.012200382134585,0.0199484333387355,-0.0199484333387355
TCEHY_2013-08-30,TCEHY,2013-08-30,9.312000274658203,9.345999717712402,9.30799961090088,9.329999923706056,120500.0,0.1855146199971331,0.3215297449468264,0.2535221824719798,0.0040895509643072,0.0199338469503859,-0.0199338469503859
TCEHY_2013-09-03,TCEHY,2013-09-03,9.800000190734863,9.800000190734863,9.68000030517578,9.732000350952148,187000.0,0.2476923221761184,0.3592179550771437,0.3034551386266311,0.0430868628653118,0.0205053953720117,-0.0205053953720117
TCEHY_2013-09-04,TCEHY,2013-09-04,9.729999542236328,9.84000015258789,9.729999542236328,9.82800006866455,190500.0,0.2806880821278397,0.3680400957391307,0.3243640889334852,0.0098643356196559,0.0203600644223238,-0.0203600644223238
TCEHY_2013-09-05,TCEHY,2013-09-05,9.979999542236328,10.041999816894531,9.979999542236328,10.029999732971191,158500.0,0.2892030157436547,0.3872752014538059,0.3382391085987303,0.0205534862530876,0.0204293203724635,-0.0204293203724635
TCEHY_2013-09-06,TCEHY,2013-09-06,9.949999809265137,10.079999923706056,9.949999809265137,10.020000457763672,346000.0,0.2972553712397061,0.3603041296582736,0.3287797504489899,-0.0009969367371615,0.0203881961145783,-0.0203881961145783
TCEHY_2013-09-09,TCEHY,2013-09-09,10.010000228881836,10.208000183105469,10.010000228881836,10.208000183105469,176500.0,0.2983973795426669,0.4095553766812674,0.3539763781119671,0.0187624467817395,0.0203980923162827,-0.0203980923162827
TCEHY_2013-09-10,TCEHY,2013-09-10,10.260000228881836,10.378000259399414,10.255999565124512,10.368000030517578,191000.0,0.3224489577459033,0.4408004290739193,0.3816246934099113,0.0156739659621982,0.0204263171679392,-0.0204263171679392
TCEHY_2013-09-11,TCEHY,2013-09-11,10.380000114440918,10.447999954223633,10.324000358581545,10.44200038909912,128500.0,0.3397485488555876,0.4543176377088145,0.397033093282201,0.0071373802434149,0.0203839767775497,-0.0203839767775497
TCEHY_2013-09-12,TCEHY,2013-09-12,10.595999717712402,10.68000030517578,10.553999900817873,10.574000358581545,102500.0,0.3577298682024075,0.4851124337835919,0.4214211509929997,0.0126412530706496,0.0203942898757803,-0.0203942898757803
TCEHY_2013-09-13,TCEHY,2013-09-13,10.54599952697754,10.645999908447266,10.54599952697754,10.621999740600586,138000.0,0.3805562856578175,0.5070942045002251,0.4438252450790213,0.0045393777559394,0.0202761591805258,-0.0202761591805258
TCEHY_2013-09-16,TCEHY,2013-09-16,10.82800006866455,10.958000183105469,10.800000190734863,10.949999809265137,244000.0,0.4158261595052928,0.60792950092094,0.5118778302131164,0.0308793143169485,0.0205299531466778,-0.0205299531466778
TCEHY_2013-09-17,TCEHY,2013-09-17,10.81999969482422,10.829999923706056,10.765999794006348,10.776000022888184,329000.0,0.3904516158565398,0.62779459353089,0.5091231046937149,-0.0158903917267401,0.0207057026745368,-0.0207057026745368
TCEHY_2013-09-18,TCEHY,2013-09-18,10.43000030517578,10.640000343322754,10.343999862670898,10.640000343322754,598500.0,0.394495436924694,0.5748964294312418,0.4846959331779679,-0.0126206086930741,0.0206620949333224,-0.0206620949333224
TCEHY_2013-09-19,TCEHY,2013-09-19,10.68000030517578,10.68000030517578,10.54800033569336,10.670000076293944,117500.0,0.4636488521437196,0.6215805775092285,0.542614714826474,0.0028195236845096,0.0196478949260445,-0.0196478949260445
TCEHY_2013-09-20,TCEHY,2013-09-20,10.631999969482422,10.670000076293944,10.43000030517578,10.43000030517578,414000.0,0.4155809258924645,0.6451104186359387,0.5303456722642016,-0.0224929493347786,0.0199691639922169,-0.0199691639922169
TCEHY_2013-09-23,TCEHY,2013-09-23,10.460000038146973,10.543999671936035,10.458000183105469,10.5,196500.0,0.4805414535680155,0.7224408899113979,0.6014911717397067,0.0067113799401792,0.0191885970569106,-0.0191885970569106
TCEHY_2013-09-24,TCEHY,2013-09-24,10.43000030517578,10.434000015258787,10.32800006866455,10.425999641418455,315500.0,0.4032301322071159,0.6300812680826848,0.5166557001449004,-0.0070476531982424,0.0185187821535686,-0.0185187821535686
TCEHY_2013-09-25,TCEHY,2013-09-25,10.527999877929688,10.5600004196167,10.489999771118164,10.51200008392334,137000.0,0.3945343506196606,0.6343283305465939,0.5144313405831272,0.0082486519722519,0.0184865434423817,-0.0184865434423817
TCEHY_2013-09-26,TCEHY,2013-09-26,10.5600004196167,10.588000297546388,10.5,10.555999755859377,249500.0,0.364176773112645,0.6519561778433993,0.5080664754780222,0.0041856612999202,0.0182890301755242,-0.0182890301755242
TCEHY_2013-09-27,TCEHY,2013-09-27,10.72599983215332,10.789999961853027,10.618000030517578,10.723999977111816,203000.0,0.3762833969605792,0.7120051215843417,0.5441442592724605,0.0159151406913578,0.0183383845001489,-0.0183383845001489
TCEHY_2013-09-30,TCEHY,2013-09-30,10.494000434875488,10.529999732971191,10.420000076293944,10.508000373840332,249000.0,0.3471795021649018,0.681280059814453,0.5142297809896774,-0.0201417012059391,0.0186088932007808,-0.0186088932007808
TCEHY_2013-10-01,TCEHY,2013-10-01,10.541999816894531,10.605999946594238,10.51200008392334,10.574000358581545,188000.0,0.3643871430427798,0.7171160070935532,0.5407515750681665,0.0062809271405737,0.0185529691168389,-0.0185529691168389
TCEHY_2013-10-02,TCEHY,2013-10-02,10.64799976348877,10.77400016784668,10.64799976348877,10.77400016784668,303500.0,0.3830552272921759,0.7456254516703285,0.5643403394812522,0.0189142994593167,0.0186342867238843,-0.0186342867238843
TCEHY_2013-10-03,TCEHY,2013-10-03,10.779999732971191,10.83199977874756,10.663999557495115,10.739999771118164,165500.0,0.3577749656508446,0.7623892374705439,0.5600821015606943,-0.0031557820863957,0.0186191660349671,-0.0186191660349671
TCEHY_2013-10-04,TCEHY,2013-10-04,10.83199977874756,10.899999618530272,10.763999938964844,10.868000030517578,210000.0,0.3915493098774223,0.7534688787971948,0.5725090943373086,0.0119180877213451,0.0184997863395149,-0.0184997863395149
TCEHY_2013-10-07,TCEHY,2013-10-07,10.71399974822998,10.81999969482422,10.71399974822998,10.803999900817873,73500.0,0.3844182519384191,0.6786824298543337,0.5315503408963764,-0.0058888599116665,0.0185386478507762,-0.0185386478507762
TCEHY_2013-10-08,TCEHY,2013-10-08,10.91800022125244,10.984000205993652,10.732000350952148,10.732000350952148,275000.0,0.3723785313769514,0.6515851202740617,0.5119818258255066,-0.0066641568425296,0.0185960474160719,-0.0185960474160719
TCEHY_2013-10-09,TCEHY,2013-10-09,10.66800022125244,10.66800022125244,10.534000396728516,10.62399959564209,207000.0,0.3161546318246289,0.642040176221921,0.4790974040232749,-0.0100634319584677,0.0183668621796497,-0.0183668621796497
TCEHY_2013-10-10,TCEHY,2013-10-10,10.649999618530272,10.746000289916992,10.640000343322754,10.736000061035156,1697500.0,0.3490826607201236,0.6780244541898695,0.5135535574549965,0.0105422128817671,0.0182250670271304,-0.0182250670271304
TCEHY_2013-10-11,TCEHY,2013-10-11,10.763999938964844,10.916000366210938,10.763999938964844,10.89799976348877,412000.0,0.3095410181396383,0.7414509336613437,0.525495975900491,0.0150893909773313,0.0175131861958941,-0.0175131861958941
TCEHY_2013-10-14,TCEHY,2013-10-14,10.76200008392334,10.998000144958496,10.76200008392334,10.899999618530272,119000.0,0.2799436216757318,0.7301586172267784,0.5050511194512551,0.0001835066145075,0.0173528909695282,-0.0173528909695282
TCEHY_2013-10-15,TCEHY,2013-10-15,10.90999984741211,10.944000244140623,10.84000015258789,10.878000259399414,173500.0,0.2704975368426587,0.7184834740141071,0.4944905054283829,-0.0020182898991535,0.0173689005815679,-0.0173689005815679
TCEHY_2013-10-16,TCEHY,2013-10-16,10.946000099182127,10.998000144958496,10.824000358581545,10.991999626159668,296500.0,0.2956152002912731,0.7315689256914495,0.5135920629913613,0.0104798091599371,0.0173064678922635,-0.0173064678922635
TCEHY_2013-10-17,TCEHY,2013-10-17,10.880000114440918,10.90999984741211,10.814000129699709,10.895999908447266,273500.0,0.2675663408871014,0.6675849467455206,0.467575643816311,-0.0087335990699939,0.0173444138973457,-0.0173444138973457
TCEHY_2013-10-18,TCEHY,2013-10-18,11.133999824523926,11.140000343322754,11.050000190734863,11.131999969482422,518500.0,0.3155282569127864,0.6969512296620046,0.5062397432873955,0.0216593303063625,0.0173035528404739,-0.0173035528404739
TCEHY_2013-10-21,TCEHY,2013-10-21,11.501999855041504,11.597999572753906,11.501999855041504,11.527999877929688,208000.0,0.3367347423989975,0.7713583374883182,0.5540465399436578,0.035573114402881,0.0176480351975416,-0.0176480351975416
TCEHY_2013-10-22,TCEHY,2013-10-22,11.380000114440918,11.447999954223633,11.366000175476074,11.399999618530272,298500.0,0.339915270053585,0.7378048350561375,0.5388600525548612,-0.0111034230356361,0.0176113863110831,-0.0176113863110831
TCEHY_2013-10-23,TCEHY,2013-10-23,11.14799976348877,11.14799976348877,11.005999565124512,11.055999755859377,241000.0,0.2743199876448829,0.6756592410975526,0.4749896143712178,-0.0301754275598163,0.0180461070934578,-0.0180461070934578
TCEHY_2013-10-24,TCEHY,2013-10-24,10.989999771118164,11.029999732971191,10.970000267028809,10.979999542236328,583500.0,0.2328766419185366,0.6310160052817579,0.4319463236001473,-0.0068741149874547,0.0178641346983502,-0.0178641346983502
TCEHY_2013-10-25,TCEHY,2013-10-25,11.041999816894531,11.041999816894531,10.961999893188477,10.994000434875488,140500.0,0.2314067966596191,0.6077801583994784,0.4195934775295488,0.0012751268873285,0.0178658641266189,-0.0178658641266189
TCEHY_2013-10-28,TCEHY,2013-10-28,11.199999809265137,11.222000122070312,11.119999885559082,11.199999809265137,351500.0,0.1940298158442717,0.6231883557196858,0.4086090857819787,0.0187374355322174,0.0169356561634685,-0.0169356561634685
TCEHY_2013-10-29,TCEHY,2013-10-29,10.842000007629396,10.866000175476074,10.833999633789062,10.85200023651123,189000.0,0.1969998074979038,0.5810024014836972,0.3890011044908005,-0.0310713909535985,0.0168547492386374,-0.0168547492386374
TCEHY_2013-10-30,TCEHY,2013-10-30,11.005999565124512,11.03600025177002,10.946000099182127,10.970000267028809,1629000.0,0.1675181326009245,0.5459413706689114,0.3567297516349179,0.0108735742670342,0.0163377282928393,-0.0163377282928393
TCEHY_2013-10-31,TCEHY,2013-10-31,10.968000411987305,10.968000411987305,10.871999740600586,10.890000343322754,403500.0,0.1679536598580144,0.5363996358331025,0.3521766478455584,-0.0072926090937756,0.0163340465458204,-0.0163340465458204
TCEHY_2013-11-01,TCEHY,2013-11-01,10.85200023651123,10.956000328063965,10.826000213623049,10.899999618530272,252500.0,0.1473683808979233,0.5321900278561649,0.3397792043770441,0.0009182070608151,0.0162015636100504,-0.0162015636100504
TCEHY_2013-11-04,TCEHY,2013-11-04,10.781999588012695,10.803999900817873,10.729999542236328,10.746000289916992,245000.0,0.1207759654186642,0.5050420855548725,0.3129090254867683,-0.0141283792663144,0.0163074191837229,-0.0163074191837229
TCEHY_2013-11-05,TCEHY,2013-11-05,10.685999870300291,10.685999870300291,10.55799961090088,10.583999633789062,365500.0,0.1361098809708802,0.4890264391050487,0.3125681600379645,-0.0150754375355763,0.015991838785346,-0.015991838785346
TCEHY_2013-11-06,TCEHY,2013-11-06,10.649999618530272,10.710000038146973,10.649999618530272,10.6899995803833,217500.0,0.1541783074412441,0.5176035426752663,0.3358909250582552,0.0100151124586056,0.0159891354368397,-0.0159891354368397
TCEHY_2013-11-07,TCEHY,2013-11-07,10.56999969482422,10.609999656677246,10.362000465393066,10.362000465393066,169000.0,0.1277754435291513,0.4627329621084763,0.2952542028188138,-0.0306827996132131,0.0164752991617802,-0.0164752991617802
TCEHY_2013-11-08,TCEHY,2013-11-08,10.355999946594238,10.44200038909912,10.34000015258789,10.420000076293944,248500.0,0.1026455329742739,0.5114592392766626,0.3070523861254682,0.0055973372221496,0.0161307937272966,-0.0161307937272966
TCEHY_2013-11-11,TCEHY,2013-11-11,10.600000381469728,10.637999534606934,10.571999549865724,10.600000381469728,216000.0,0.1071652375663994,0.5151516101603943,0.3111584238633968,0.0172745013299275,0.0161866899397757,-0.0161866899397757
TCEHY_2013-11-12,TCEHY,2013-11-12,10.520000457763672,10.600000381469728,10.470000267028809,10.508000373840332,121000.0,0.1421739773579053,0.4207680508268703,0.2814710140923878,-0.0086792456904271,0.0153838512844233,-0.0153838512844233
TCEHY_2013-11-13,TCEHY,2013-11-13,10.079999923706056,10.392000198364258,10.079999923706056,10.368000030517578,360500.0,0.1088769633705437,0.3787234118104574,0.2438001875905006,-0.0133232145357821,0.0153994619121754,-0.0153994619121754
TCEHY_2013-11-14,TCEHY,2013-11-14,10.630000114440918,10.678000450134276,10.53600025177002,10.675999641418455,210500.0,0.1321314205640897,0.4047368125506048,0.2684341165573473,0.0297067525071661,0.0157760018776224,-0.0157760018776224
TCEHY_2013-11-15,TCEHY,2013-11-15,10.883999824523926,11.22599983215332,10.881999969482422,11.119999885559082,456000.0,0.1697875441059342,0.3861879147285374,0.2779877294172358,0.0415886342313172,0.016528126534123,-0.016528126534123
TCEHY_2013-11-18,TCEHY,2013-11-18,11.161999702453612,11.248000144958496,11.038000106811523,11.140000343322754,344500.0,0.1813361593645355,0.4137056067940339,0.2975208830792847,0.001798602335387,0.0164725829162542,-0.0164725829162542
TCEHY_2013-11-19,TCEHY,2013-11-19,10.904000282287598,10.949999809265137,10.800000190734863,10.868000030517578,517500.0,0.1795094776951056,0.400515426541886,0.2900124521184958,-0.0244165443826229,0.0165116371213145,-0.0165116371213145
TCEHY_2013-11-20,TCEHY,2013-11-20,10.77400016784668,10.87600040435791,10.760000228881836,10.789999961853027,111000.0,0.1547517252176844,0.4216073445234467,0.2881795348705656,-0.0071770397907181,0.0164933868646199,-0.0164933868646199
TCEHY_2013-11-21,TCEHY,2013-11-21,10.904000282287598,10.994000434875488,10.857999801635742,10.994000434875488,130000.0,0.19240782174276,0.4277922996370464,0.3101000606899032,0.0189064387158186,0.016497879549815,-0.016497879549815
TCEHY_2013-11-22,TCEHY,2013-11-22,10.956000328063965,11.105999946594238,10.932000160217283,11.08199977874756,152000.0,0.209561246305189,0.4081321397580044,0.3088466930315967,0.0080043060206653,0.0164672839818508,-0.0164672839818508
TCEHY_2013-11-25,TCEHY,2013-11-25,11.293999671936035,11.342000007629396,11.22599983215332,11.22599983215332,284500.0,0.2180989925572836,0.4418186689775651,0.3299588307674244,0.0129940494748894,0.0165105536993332,-0.0165105536993332
TCEHY_2013-11-26,TCEHY,2013-11-26,11.321999549865724,11.324000358581545,11.22599983215332,11.315999984741213,173500.0,0.2326796959212664,0.4201807325351061,0.3264302142281863,0.008017116865628,0.0164952961578389,-0.0164952961578389
TCEHY_2013-11-27,TCEHY,2013-11-27,11.399999618530272,11.565999984741213,11.399999618530272,11.5600004196167,222000.0,0.244080999506536,0.4640324915973755,0.3540567455519557,0.0215624279961561,0.0166170340164654,-0.0166170340164654
TCEHY_2013-11-29,TCEHY,2013-11-29,11.618000030517578,11.663999557495115,11.600000381469728,11.609999656677246,177000.0,0.2443729637315506,0.4752223412329155,0.359797652482233,0.004325193360348,0.0166171706754993,-0.0166171706754993
TCEHY_2013-12-02,TCEHY,2013-12-02,11.673999786376951,11.722000122070312,11.600000381469728,11.600000381469728,206500.0,0.1919440981457445,0.4871794997195833,0.3395617989326639,-0.0008612640398973,0.0158374545988241,-0.0158374545988241
TCEHY_2013-12-03,TCEHY,2013-12-03,11.510000228881836,11.550000190734863,11.355999946594238,11.428000450134276,265000.0,0.1628002004773221,0.4891843586471691,0.3259922795622456,-0.0148275797999293,0.0159676764475796,-0.0159676764475796
TCEHY_2013-12-04,TCEHY,2013-12-04,11.394000053405762,11.489999771118164,11.314000129699709,11.4399995803833,132000.0,0.1405782537338538,0.4704369244053157,0.3055075890695847,0.0010499763542521,0.01580064215758,-0.01580064215758
TCEHY_2013-12-05,TCEHY,2013-12-05,11.550000190734863,11.600000381469728,11.494000434875488,11.555999755859377,150000.0,0.1532933361201183,0.4961159748967831,0.3247046555084507,0.0101398758506063,0.0158264320409745,-0.0158264320409745
TCEHY_2013-12-06,TCEHY,2013-12-06,11.87600040435791,12.027999877929688,11.87600040435791,12.020000457763672,242500.0,0.1775078607127296,0.5288731207402997,0.3531904907265146,0.0401523634222151,0.0164023063106852,-0.0164023063106852
TCEHY_2013-12-09,TCEHY,2013-12-09,11.968000411987305,12.03600025177002,11.881999969482422,12.010000228881836,490000.0,0.1583719322464438,0.5318877544814178,0.3451298433639308,-0.0008319657654736,0.0163238359206576,-0.0163238359206576
TCEHY_2013-12-10,TCEHY,2013-12-10,11.97599983215332,12.145999908447266,11.97599983215332,12.09000015258789,496000.0,0.157824143083656,0.5511932155262924,0.3545086793049742,0.006661109257406,0.0163217482243265,-0.0163217482243265
TCEHY_2013-12-11,TCEHY,2013-12-11,12.3100004196167,12.3100004196167,12.04800033569336,12.050000190734863,394000.0,0.1395876472574015,0.5472521861158834,0.3434199166866425,-0.0033085162405448,0.0162849262723416,-0.0162849262723416
TCEHY_2013-12-12,TCEHY,2013-12-12,12.055999755859377,12.055999755859377,11.935999870300291,11.98799991607666,1185500.0,0.128601036418293,0.5580972548272016,0.3433491456227473,-0.0051452509275372,0.0163082398991118,-0.0163082398991118
TCEHY_2013-12-13,TCEHY,2013-12-13,12.076000213623049,12.076000213623049,11.904000282287598,11.949999809265137,449000.0,0.0913242025039917,0.5451253544064032,0.3182247784551975,-0.0031698454352308,0.0158965016281917,-0.0158965016281917
TCEHY_2013-12-16,TCEHY,2013-12-16,12.050000190734863,12.390000343322754,12.0,12.324000358581545,392500.0,0.1436525920940436,0.5901935946556831,0.3669230933748634,0.031297117597143,0.0161726007751359,-0.0161726007751359
TCEHY_2013-12-17,TCEHY,2013-12-17,12.065999984741213,12.065999984741213,11.984000205993652,12.029999732971191,236000.0,0.1306390361651395,0.5766709767412213,0.3536550064531804,-0.0238559410139608,0.0163997031879209,-0.0163997031879209
TCEHY_2013-12-18,TCEHY,2013-12-18,12.107999801635742,12.260000228881836,11.958000183105469,12.239999771118164,299000.0,0.1471414886221382,0.6790123230682306,0.4130769058451844,0.0174563626607084,0.0165135928937155,-0.0165135928937155
TCEHY_2013-12-19,TCEHY,2013-12-19,11.989999771118164,12.079999923706056,11.935999870300291,12.039999961853027,297000.0,0.1543623786739778,0.6340933648187372,0.3942278717463575,-0.0163398540036791,0.0163821748359386,-0.0163821748359386
TCEHY_2013-12-20,TCEHY,2013-12-20,11.958000183105469,12.07800006866455,11.958000183105469,12.039999961853027,251500.0,0.1466666630336217,0.6976875280457839,0.4221770955397028,0.0,0.016375590555898,-0.016375590555898
TCEHY_2013-12-23,TCEHY,2013-12-23,12.039999961853027,12.144000053405762,12.026000022888184,12.118000030517578,967500.0,0.1622866341158753,0.6309556272529835,0.3966211306844294,0.0064784110391762,0.0163396053380983,-0.0163396053380983
TCEHY_2013-12-24,TCEHY,2013-12-24,12.149999618530272,12.194000244140623,12.100000381469728,12.194000244140623,559500.0,0.1600076243140133,0.6176704790865979,0.3888390517003056,0.0062716796032058,0.0163303233626689,-0.0163303233626689
TCEHY_2013-12-26,TCEHY,2013-12-26,12.199999809265137,12.25,12.161999702453612,12.211999893188477,188500.0,0.1568776217913319,0.5781855809815304,0.3675316013864311,0.0014761069942164,0.0163293521462309,-0.0163293521462309
TCEHY_2013-12-27,TCEHY,2013-12-27,12.34000015258789,12.538000106811523,12.34000015258789,12.538000106811523,203500.0,0.1691533134624505,0.6090862938198183,0.3891198036411344,0.0266950717715679,0.0165280333182923,-0.0165280333182923
TCEHY_2013-12-30,TCEHY,2013-12-30,12.800000190734863,12.869999885559082,12.791999816894531,12.869999885559082,234000.0,0.2247810646827677,0.6499999449803293,0.4373905048315485,0.0264794844408393,0.0165362794703626,-0.0165362794703626
TCEHY_2013-12-31,TCEHY,2013-12-31,12.80799961090088,12.883999824523926,12.793999671936035,12.883999824523926,211000.0,0.2184603165884757,0.6624515902611516,0.4404559534248137,0.0010877963550375,0.0165344154976007,-0.0165344154976007
TCEHY_2014-01-02,TCEHY,2014-01-02,12.972000122070312,13.02400016784668,12.880000114440918,12.916000366210938,230000.0,0.1988119700198931,0.6580231616764445,0.4284175658481688,0.0024837427912798,0.0164128915350286,-0.0164128915350286
TCEHY_2014-01-03,TCEHY,2014-01-03,12.855999946594238,12.855999946594238,12.729999542236328,12.791999816894531,254000.0,0.191061460847939,0.6171934340908554,0.4041274474693972,-0.0096005377671557,0.0164719470155802,-0.0164719470155802
TCEHY_2014-01-06,TCEHY,2014-01-06,12.83199977874756,12.83199977874756,12.720000267028809,12.739999771118164,249000.0,0.1722487794758898,0.631241980084325,0.4017453797801074,-0.004065044287109,0.0164540755547021,-0.0164540755547021
TCEHY_2014-01-07,TCEHY,2014-01-07,12.699999809265137,12.788000106811523,12.685999870300291,12.781999588012695,239500.0,0.1830803133425691,0.6378779793004767,0.4104791463215229,0.0032966889834444,0.0164177727869763,-0.0164177727869763
TCEHY_2014-01-08,TCEHY,2014-01-08,12.892000198364258,12.947999954223633,12.838000297546388,12.947999954223633,340000.0,0.2064852339549989,0.6557544335031389,0.4311198337290689,0.0129870420561284,0.016421658640985,-0.016421658640985
TCEHY_2014-01-09,TCEHY,2014-01-09,12.765999794006348,12.765999794006348,12.61400032043457,12.67199993133545,262000.0,0.192771123272015,0.569871238601128,0.3813211809365715,-0.0213160352072872,0.0166272286368777,-0.0166272286368777
TCEHY_2014-01-10,TCEHY,2014-01-10,12.75,12.956000328063965,12.748000144958496,12.947999954223633,277500.0,0.2060357563909325,0.6270419271554861,0.4165388417732093,0.0217803049545233,0.0167698022836073,-0.0167698022836073
TCEHY_2014-01-13,TCEHY,2014-01-13,12.85200023651123,12.86400032043457,12.699999809265137,12.72599983215332,291500.0,0.167737209427077,0.5291997741526744,0.3484684917898757,-0.0171455145856636,0.0168899156867371,-0.0168899156867371
TCEHY_2014-01-14,TCEHY,2014-01-14,12.729999542236328,12.904000282287598,12.729999542236328,12.904000282287598,259500.0,0.1838532783386959,0.5152654526095188,0.3495593654741074,0.0139871485527245,0.0169474428647574,-0.0169474428647574
TCEHY_2014-01-15,TCEHY,2014-01-15,13.09000015258789,13.220000267028809,13.076000213623049,13.170000076293944,310000.0,0.2107004745577265,0.5381919707798295,0.374446222668778,0.0206137467597133,0.0170824891931471,-0.0170824891931471
TCEHY_2014-01-16,TCEHY,2014-01-16,13.239999771118164,13.239999771118164,13.175999641418455,13.196000099182127,237500.0,0.2005095112792032,0.5553983709075831,0.3779539410933932,0.0019741854774157,0.0170574791431245,-0.0170574791431245
TCEHY_2014-01-17,TCEHY,2014-01-17,13.60200023651123,13.72599983215332,13.600000381469728,13.685999870300291,374000.0,0.2560572673729597,0.592135914348594,0.4240965908607769,0.037132446759267,0.0175190977385671,-0.0175190977385671
TCEHY_2014-01-21,TCEHY,2014-01-21,13.458000183105469,13.508000373840332,13.33199977874756,13.420000076293944,468000.0,0.2055336069963986,0.5859135246617564,0.3957235658290775,-0.019435905050941,0.0176073215180918,-0.0176073215180918
TCEHY_2014-01-22,TCEHY,2014-01-22,13.616000175476074,13.739999771118164,13.588000297546388,13.736000061035156,450500.0,0.1915336750942091,0.5927644602367885,0.3921490676654988,0.0235469435875352,0.0173125630483363,-0.0173125630483363
TCEHY_2014-01-23,TCEHY,2014-01-23,13.496000289916992,13.505999565124512,13.196000099182127,13.258000373840332,734500.0,0.1629825278493826,0.5582980478709065,0.3606402878601445,-0.0347990452148266,0.0178708105840299,-0.0178708105840299
TCEHY_2014-01-24,TCEHY,2014-01-24,12.878000259399414,12.878000259399414,12.5,12.520000457763672,2652500.0,0.1324168536751653,0.4430614309841938,0.2877391423296795,-0.0556644965505375,0.0188836267044131,-0.0188836267044131
TCEHY_2014-01-27,TCEHY,2014-01-27,12.538000106811523,12.63599967956543,12.387999534606934,12.432000160217283,2263500.0,0.1322404989540848,0.3959128641946805,0.2640766815743827,-0.0070287775023059,0.0188848290391556,-0.0188848290391556
TCEHY_2014-01-28,TCEHY,2014-01-28,12.911999702453612,13.039999961853027,12.911999702453612,12.982000350952148,345000.0,0.1808258902528572,0.4540770269290139,0.3174514585909356,0.0442406840127689,0.019614471952959,-0.019614471952959
TCEHY_2014-01-29,TCEHY,2014-01-29,13.65999984741211,13.65999984741211,13.284000396728516,13.359999656677246,894500.0,0.1928571325175614,0.4243069822684699,0.3085820573930157,0.0291171849873947,0.019793017709881,-0.019793017709881
TCEHY_2014-01-30,TCEHY,2014-01-30,14.0,14.0,13.776000022888184,13.829999923706056,833000.0,0.2744194270449271,0.5254798088443666,0.3999496179446469,0.0351796616097894,0.0197136257326344,-0.0197136257326344
TCEHY_2014-01-31,TCEHY,2014-01-31,13.800000190734863,13.84000015258789,13.649999618530272,13.829999923706056,262000.0,0.2607109924393711,0.4719029436422728,0.3663069680408219,0.0,0.0197004945385059,-0.0197004945385059
TCEHY_2014-02-03,TCEHY,2014-02-03,13.85200023651123,13.85200023651123,13.45199966430664,13.458000183105469,370000.0,0.235812650029648,0.4433719075009588,0.3395922787653034,-0.0268980291144428,0.0200318091757846,-0.0200318091757846
TCEHY_2014-02-04,TCEHY,2014-02-04,13.300000190734863,13.38599967956543,13.163999557495115,13.38599967956543,597000.0,0.2280734080769044,0.4090525978489925,0.3185630029629485,-0.0053500150513019,0.0200607072197166,-0.0200607072197166
TCEHY_2014-02-05,TCEHY,2014-02-05,13.20400047302246,13.270000457763672,13.0600004196167,13.222000122070312,905000.0,0.2304112940027145,0.3790154058979202,0.3047133499503174,-0.0122515733916737,0.0200355381408293,-0.0200355381408293
TCEHY_2014-02-06,TCEHY,2014-02-06,13.156000137329102,13.321999549865724,13.062000274658203,13.265999794006348,1052500.0,0.2534013844497018,0.4240016976958873,0.3387015410727946,0.00332776217893,0.0198940898435505,-0.0198940898435505
TCEHY_2014-02-07,TCEHY,2014-02-07,13.517999649047852,13.69200038909912,13.48799991607666,13.649999618530272,191500.0,0.2768943081699202,0.4737637113849167,0.3753290097774184,0.0289461654218792,0.0201312527397359,-0.0201312527397359
TCEHY_2014-02-10,TCEHY,2014-02-10,13.803999900817873,13.803999900817873,13.607999801635742,13.633999824523926,385500.0,0.3157690805031961,0.4838920583464359,0.399830569424816,-0.0011721461138083,0.0196466735169637,-0.0196466735169637
TCEHY_2014-02-11,TCEHY,2014-02-11,13.711999893188477,13.800000190734863,13.640000343322754,13.789999961853027,248000.0,0.3234164933670216,0.459259284675624,0.3913378890213228,0.0114419934969118,0.019665464753671,-0.019665464753671
TCEHY_2014-02-12,TCEHY,2014-02-12,13.911999702453612,13.998000144958496,13.814000129699709,13.850000381469728,323500.0,0.3066037625509383,0.4466262651698609,0.3766150138603996,0.0043510094113616,0.0195989204979459,-0.0195989204979459
TCEHY_2014-02-13,TCEHY,2014-02-13,13.814000129699709,14.0600004196167,13.814000129699709,14.055999755859377,171000.0,0.3376474358386767,0.5278260920944648,0.4327367639665708,0.014873600629301,0.0195691939283437,-0.0195691939283437
TCEHY_2014-02-14,TCEHY,2014-02-14,14.196000099182127,14.357999801635742,14.196000099182127,14.354000091552734,311000.0,0.384452165249094,0.5351871129331898,0.4598196390911419,0.0212009348939503,0.0195363940047941,-0.0195363940047941
TCEHY_2014-02-18,TCEHY,2014-02-18,15.026000022888184,15.12399959564209,14.984000205993652,15.079999923706056,555500.0,0.4125140905027671,0.5991515838476908,0.505832837175229,0.0505782240157968,0.0201239706415036,-0.0201239706415036
TCEHY_2014-02-19,TCEHY,2014-02-19,15.043999671936035,15.140000343322754,15.022000312805176,15.039999961853027,570000.0,0.3525179961003981,0.5821587050173644,0.4673383505588813,-0.002652517377679,0.0196167877346955,-0.0196167877346955
TCEHY_2014-02-20,TCEHY,2014-02-20,14.5600004196167,14.722000122070312,14.53600025177002,14.720000267028809,381000.0,0.3213644356709453,0.5609755875564015,0.4411700116136734,-0.0212765755077031,0.0198909132609768,-0.0198909132609768
TCEHY_2014-02-21,TCEHY,2014-02-21,15.003999710083008,15.003999710083008,14.93000030517578,14.960000038146973,362500.0,0.3765182182682158,0.6236162846673405,0.5000672514677782,0.0163043319812796,0.01959126066012,-0.01959126066012
TCEHY_2014-02-24,TCEHY,2014-02-24,15.005999565124512,15.119999885559082,14.965999603271484,15.09000015258789,398000.0,0.3985171645910181,0.6149401085580228,0.5067286365745205,0.008689847199828,0.0195305123380162,-0.0195305123380162
TCEHY_2014-02-25,TCEHY,2014-02-25,14.95400047302246,15.149999618530272,14.843999862670898,15.026000022888184,1267000.0,0.3667454455634065,0.6297179596210996,0.498231702592253,-0.0042412279027532,0.0194924200063476,-0.0194924200063476
TCEHY_2014-02-26,TCEHY,2014-02-26,15.100000381469728,15.140000343322754,15.020000457763672,15.020000457763672,495000.0,0.3553510880381165,0.639380151228478,0.4973656196332973,-0.0003992789242228,0.0195013807856779,-0.0195013807856779
TCEHY_2014-02-27,TCEHY,2014-02-27,15.824000358581545,15.887999534606934,15.710000038146973,15.869999885559082,447500.0,0.4136825336576697,0.7220052700442356,0.5678439018509527,0.0565911718968061,0.020534884866915,-0.020534884866915
TCEHY_2014-02-28,TCEHY,2014-02-28,16.091999053955078,16.091999053955078,15.998000144958496,16.020000457763672,493500.0,0.4156946340902665,0.7450980310677582,0.5803963325790124,0.0094518319651082,0.0205382723521183,-0.0205382723521183
TCEHY_2014-03-03,TCEHY,2014-03-03,15.4399995803833,15.567999839782717,15.38599967956543,15.553999900817873,498000.0,0.3455016726836419,0.6739130657899817,0.5097073692368118,-0.0290886731354594,0.0208971365954322,-0.0208971365954322
TCEHY_2014-03-04,TCEHY,2014-03-04,15.899999618530272,15.982000350952148,15.899999618530272,15.965999603271484,506000.0,0.3751938049446002,0.7112539907641799,0.5432238978543901,0.0264883441610377,0.0210725137570444,-0.0210725137570444
TCEHY_2014-03-05,TCEHY,2014-03-05,16.055999755859375,16.13800048828125,15.972000122070312,16.134000778198242,331000.0,0.3908620903126256,0.6578298598827879,0.5243459750977068,0.0105224338657965,0.0210677459139741,-0.0210677459139741
TCEHY_2014-03-06,TCEHY,2014-03-06,16.365999221801758,16.645999908447266,16.34600067138672,16.624000549316406,556500.0,0.4546727244065762,0.6914937355688593,0.5730832299877178,0.0303706301898967,0.0211349322252209,-0.0211349322252209
TCEHY_2014-03-07,TCEHY,2014-03-07,16.368000030517578,16.3700008392334,16.0939998626709,16.246000289916992,599000.0,0.4201049725364294,0.619740849694363,0.5199229111153962,-0.0227382246696904,0.02143847855528,-0.02143847855528
TCEHY_2014-03-10,TCEHY,2014-03-10,16.007999420166016,16.007999420166016,15.805999755859377,15.994000434875488,387500.0,0.3840429882984255,0.596207555308349,0.4901252718033873,-0.015511501326139,0.0215978738591688,-0.0215978738591688
TCEHY_2014-03-11,TCEHY,2014-03-11,16.0,16.030000686645508,15.802000045776367,15.80799961090088,766500.0,0.3151413484922585,0.5485892757979738,0.4318653121451161,-0.0116294122119082,0.0212363109516016,-0.0212363109516016
TCEHY_2014-03-12,TCEHY,2014-03-12,15.513999938964844,15.628000259399414,15.461999893188477,15.628000259399414,456500.0,0.3012489560005964,0.5073302674960787,0.4042896117483375,-0.0113865989329442,0.0213211486688946,-0.0213211486688946
TCEHY_2014-03-13,TCEHY,2014-03-13,15.265999794006348,15.305999755859377,14.803999900817873,14.854000091552734,931500.0,0.2286186852010256,0.4225243763694457,0.3255715307852357,-0.0495265008318105,0.0223746602935667,-0.0223746602935667
TCEHY_2014-03-14,TCEHY,2014-03-14,14.552000045776367,14.600000381469728,14.402000427246094,14.43000030517578,611000.0,0.1975103798148383,0.3646680362995089,0.2810892080571736,-0.0285444852405836,0.0227220726943332,-0.0227220726943332
TCEHY_2014-03-17,TCEHY,2014-03-17,14.100000381469728,14.265999794006348,14.079999923706056,14.185999870300291,703000.0,0.1833500141483963,0.3355300524134819,0.2594400332809391,-0.0169092466885097,0.0228391192608195,-0.0228391192608195
TCEHY_2014-03-18,TCEHY,2014-03-18,14.833999633789062,15.08199977874756,14.833999633789062,15.06999969482422,432500.0,0.2610878606993843,0.3762557038652205,0.3186717822823024,0.0623149466097674,0.0240167254755753,-0.0240167254755753
TCEHY_2014-03-19,TCEHY,2014-03-19,14.79800033569336,14.79800033569336,14.223999977111816,14.406000137329102,618500.0,0.1689386334119831,0.3368596981004836,0.2528991657562334,-0.0440610199695736,0.0245054614016017,-0.0245054614016017
TCEHY_2014-03-20,TCEHY,2014-03-20,14.329999923706056,14.479999542236328,14.210000038146973,14.479999542236328,380000.0,0.2036575115251504,0.3609021687037264,0.2822798401144384,0.0051367072193395,0.0242683582043488,-0.0242683582043488
TCEHY_2014-03-21,TCEHY,2014-03-21,14.9399995803833,15.149999618530272,14.899999618530272,14.928000450134276,351500.0,0.2196079027189845,0.39906282506038,0.3093353638896823,0.0309392901975711,0.0244545259368983,-0.0244545259368983
TCEHY_2014-03-24,TCEHY,2014-03-24,15.08199977874756,15.182000160217283,14.965999603271484,15.02400016784668,374000.0,0.2478405494558155,0.4404601848756586,0.3441503671657371,0.006430849063348,0.0243252532889298,-0.0243252532889298
TCEHY_2014-03-25,TCEHY,2014-03-25,14.449999809265137,14.612000465393066,14.449999809265137,14.505999565124512,783000.0,0.2048172434455681,0.3815237681070964,0.2931705057763323,-0.0344782079962137,0.0247956769087318,-0.0247956769087318
TCEHY_2014-03-26,TCEHY,2014-03-26,14.406000137329102,14.40999984741211,14.109999656677246,14.119999885559082,1480500.0,0.1652087679484843,0.3543065769411497,0.259757672444817,-0.026609657461555,0.0250753370543223,-0.0250753370543223
TCEHY_2014-03-27,TCEHY,2014-03-27,13.678000450134276,13.678000450134276,13.357999801635742,13.420000076293944,849500.0,0.1005412340173135,0.2766362223320364,0.1885887281746749,-0.0495750577151949,0.0259212901557689,-0.0259212901557689
TCEHY_2014-03-28,TCEHY,2014-03-28,13.760000228881836,13.970000267028809,13.760000228881836,13.894000053405762,615000.0,0.13773339133056,0.3162182999950851,0.2269758456628225,0.0353204153813029,0.0262618415767812,-0.0262618415767812
TCEHY_2014-03-31,TCEHY,2014-03-31,13.958000183105469,13.958000183105469,13.815999984741213,13.81999969482422,873000.0,0.1022491288157052,0.2886982212159812,0.1954736750158432,-0.0053260658051748,0.0260931675479507,-0.0260931675479507
TCEHY_2014-04-01,TCEHY,2014-04-01,14.449999809265137,14.621999740600586,14.449999809265137,14.621999740600586,571500.0,0.1361305260777316,0.391511155348077,0.2638208407129043,0.0580318425098609,0.0268643355248351,-0.0268643355248351
TCEHY_2014-04-02,TCEHY,2014-04-02,14.527999877929688,14.553999900817873,14.428000450134276,14.553999900817873,228500.0,0.1296181387021755,0.3763948749071375,0.2530065068046565,-0.0046505157289737,0.0268785181410929,-0.0268785181410929
TCEHY_2014-04-03,TCEHY,2014-04-03,14.121999740600586,14.121999740600586,13.9399995803833,14.074000358581545,483000.0,0.0896562371893396,0.3062929403494163,0.197974588769378,-0.0329805926554496,0.0272433074480823,-0.0272433074480823
TCEHY_2014-04-04,TCEHY,2014-04-04,13.699999809265137,13.899999618530272,13.25,13.25,1453000.0,0.0358036420935985,0.2337057991036171,0.1347547205986078,-0.0585477005533195,0.0282509053201596,-0.0282509053201596
TCEHY_2014-04-07,TCEHY,2014-04-07,12.93000030517578,12.986000061035156,12.630000114440918,12.746000289916992,1103500.0,0.0004709983443196,0.1728009067101534,0.0866359525272365,-0.0380377139685288,0.0286693275394771,-0.0286693275394771
TCEHY_2014-04-08,TCEHY,2014-04-08,13.031999588012695,13.33199977874756,13.015999794006348,13.326000213623049,913500.0,0.0425599001051864,0.2334320932948415,0.1379959967000139,0.0455044649704643,0.029225607183491,-0.029225607183491
TCEHY_2014-04-09,TCEHY,2014-04-09,13.607999801635742,13.817999839782717,13.54599952697754,13.815999984741213,1407500.0,0.0670373828843302,0.2873648465279308,0.1772011147061305,0.0367702058579619,0.0295338503157302,-0.0295338503157302
TCEHY_2014-04-10,TCEHY,2014-04-10,14.5,14.694000244140623,14.100000381469728,14.199999809265137,713000.0,0.1205807991011138,0.3365964184608878,0.2285886087810008,0.027793849518531,0.0295711061425778,-0.0295711061425778
TCEHY_2014-04-11,TCEHY,2014-04-11,13.38599967956543,13.592000007629396,13.359999656677246,13.460000038146973,469000.0,0.0395427931521057,0.2537257788399425,0.1466342859960241,-0.0521126606378777,0.0302413526957964,-0.0302413526957964
TCEHY_2014-04-14,TCEHY,2014-04-14,13.609999656677246,13.706000328063965,13.534000396728516,13.62600040435791,427000.0,0.0707214037462629,0.2503212240845036,0.1605213139153832,0.0123328652110308,0.0301830294429124,-0.0301830294429124
TCEHY_2014-04-15,TCEHY,2014-04-15,13.359999656677246,13.381999969482422,12.93000030517578,13.272000312805176,715000.0,0.0285182906437708,0.2176147502099397,0.1230665204268552,-0.0259797505539128,0.0303366839217372,-0.0303366839217372
TCEHY_2014-04-16,TCEHY,2014-04-16,13.515999794006348,13.59000015258789,13.399999618530272,13.59000015258789,1366000.0,0.0318906662005225,0.2493105192606612,0.1406005927305919,0.0239602043616515,0.0303746659237529,-0.0303746659237529
TCEHY_2014-04-17,TCEHY,2014-04-17,13.54800033569336,13.684000015258787,13.508000373840332,13.640000343322754,598500.0,0.0336465778117223,0.2409025479641715,0.1372745628879469,0.0036791898582386,0.0303763505254439,-0.0303763505254439
TCEHY_2014-04-21,TCEHY,2014-04-21,13.673999786376951,13.678000450134276,13.520000457763672,13.675999641418455,297500.0,-0.000730690411852,0.2551394783709533,0.1272043939795506,0.0026392446619933,0.0300230120345635,-0.0300230120345635
TCEHY_2014-04-22,TCEHY,2014-04-22,13.543999671936035,13.673999786376951,13.498000144958496,13.637999534606934,351000.0,0.0162443708698689,0.225116742004539,0.1206805564372039,-0.0027785981140593,0.0299183860044039,-0.0299183860044039
TCEHY_2014-04-23,TCEHY,2014-04-23,13.54800033569336,13.630000114440918,13.456000328063965,13.456000328063965,479000.0,-0.0203843718496671,0.1672450095896884,0.0734303188700106,-0.0133450075343629,0.0298248155616857,-0.0298248155616857
TCEHY_2014-04-24,TCEHY,2014-04-24,13.652000427246094,13.718000411987305,13.489999771118164,13.567999839782717,279000.0,0.0233820679741456,0.1901754643683006,0.1067787661712231,0.0083233880044699,0.0295038136616842,-0.0295038136616842
TCEHY_2014-04-25,TCEHY,2014-04-25,13.472000122070312,13.550000190734863,13.140000343322754,13.140000343322754,908500.0,0.0495207558219072,0.1884949921746257,0.1190078739982665,-0.0315447745809243,0.0289098684599536,-0.0289098684599536
TCEHY_2014-04-28,TCEHY,2014-04-28,13.130000114440918,13.130000114440918,12.82800006866455,12.92199993133545,759500.0,0.0394143954957608,0.1768670737761786,0.1081407346359697,-0.0165905940861016,0.0289786666032465,-0.0289786666032465
TCEHY_2014-04-29,TCEHY,2014-04-29,13.140000343322754,13.265999794006348,13.039999961853027,13.263999938964844,278000.0,0.0217223525180394,0.2064762065033576,0.1140992795106985,0.0264664919862795,0.0286356478871874,-0.0286356478871874
TCEHY_2014-04-30,TCEHY,2014-04-30,12.5,12.53600025177002,12.359999656677246,12.4399995803833,594000.0,-0.0688622829293363,0.1107142671638603,0.0209259921172619,-0.0621230671270531,0.0294725541140349,-0.0294725541140349
TCEHY_2014-05-01,TCEHY,2014-05-01,12.449999809265137,12.673999786376951,12.399999618530272,12.66800022125244,626500.0,-0.0840202247913124,0.1673424203061968,0.0416610977574422,0.0183280264115663,0.0292169916524391,-0.0292169916524391
TCEHY_2014-05-02,TCEHY,2014-05-02,12.75,12.81999969482422,12.68000030517578,12.746000289916992,230000.0,-0.0783803065631965,0.1618960783643817,0.0417578859005925,0.0061572519183963,0.0292305891558976,-0.0292305891558976
TCEHY_2014-05-05,TCEHY,2014-05-05,12.699999809265137,12.75,12.600000381469728,12.600000381469728,184500.0,-0.0637538854184912,0.1570247919409357,0.0466354532612222,-0.0114545665405924,0.0290731562427727,-0.0290731562427727
TCEHY_2014-05-06,TCEHY,2014-05-06,12.670000076293944,12.727999687194824,12.449999809265137,12.449999809265137,402500.0,-0.0699237929707375,0.1422018573376668,0.0361390321834646,-0.0119048069574022,0.0291020395805906,-0.0291020395805906
TCEHY_2014-05-07,TCEHY,2014-05-07,12.27400016784668,12.27400016784668,12.039999961853027,12.039999961853027,505500.0,-0.0893964717368499,0.1204168655336999,0.0155101968984249,-0.0329317151560911,0.0293496395442021,-0.0293496395442021
TCEHY_2014-05-08,TCEHY,2014-05-08,12.170000076293944,12.270000457763672,12.11400032043457,12.196000099182127,399000.0,-0.0806572977113758,0.1523054158322916,0.0358240590604578,0.0129568220783524,0.0293978957204754,-0.0293978957204754
TCEHY_2014-05-09,TCEHY,2014-05-09,12.229999542236328,12.342000007629396,12.229999542236328,12.342000007629396,733500.0,-0.095824149996695,0.1545369964539196,0.0293564232286122,0.0119711304739216,0.029196959528319,-0.029196959528319
TCEHY_2014-05-12,TCEHY,2014-05-12,13.02400016784668,13.13599967956543,13.020000457763672,13.097999572753906,417000.0,-0.039313499975693,0.2640415927888162,0.1123640464065616,0.0612542184943427,0.0302379119782617,-0.0302379119782617
TCEHY_2014-05-13,TCEHY,2014-05-13,13.137999534606934,13.144000053405762,13.052000045776367,13.100000381469728,276500.0,-0.0500362278674423,0.2571977241413776,0.1035807481369676,0.0001527568163908,0.0302013159815671,-0.0302013159815671
TCEHY_2014-05-14,TCEHY,2014-05-14,13.770000457763672,14.239999771118164,13.770000457763672,14.211999893188477,812500.0,0.0261371481406655,0.3407546586538832,0.1834459033972744,0.0848854564379784,0.0320518729514768,-0.0320518729514768
TCEHY_2014-05-15,TCEHY,2014-05-15,14.152000427246094,14.185999870300291,13.751999855041504,13.935999870300291,239000.0,-0.0085372714601152,0.3262275765609947,0.1588451525504397,-0.0194202100311348,0.0321021139547541,-0.0321021139547541
TCEHY_2014-05-16,TCEHY,2014-05-16,13.880000114440918,13.904000282287598,13.736000061035156,13.899999618530272,175500.0,-0.0316288470201167,0.340663539507761,0.1545173462438221,-0.0025832557480673,0.0319928317053916,-0.0319928317053916
TCEHY_2014-05-19,TCEHY,2014-05-19,13.907999992370604,14.020000457763672,13.907999992370604,13.97599983215332,487500.0,-0.073209555513142,0.3091045617810093,0.1179475031339336,0.0054676414178984,0.0313405197378106,-0.0313405197378106
TCEHY_2014-05-20,TCEHY,2014-05-20,14.25,14.729999542236328,14.25,14.4399995803833,285800.0,-0.0398936424861401,0.2985611267078982,0.129333742110879,0.0331997534203241,0.0316291389129116,-0.0316291389129116
TCEHY_2014-05-21,TCEHY,2014-05-21,14.649999618530272,14.649999618530272,14.399999618530272,14.619999885559082,375700.0,-0.0067935040526946,0.3123877410221283,0.1527971184847168,0.0124653954575117,0.0315513214950229,-0.0315513214950229
TCEHY_2014-05-22,TCEHY,2014-05-22,14.729999542236328,14.729999542236328,14.5,14.670000076293944,338000.0,-0.0193850241386062,0.3498343793798553,0.1652246776206245,0.0034199857131496,0.0314881254830603,-0.0314881254830603
TCEHY_2014-05-23,TCEHY,2014-05-23,14.479999542236328,14.479999542236328,14.34000015258789,14.399999618530272,183600.0,-0.0457256810523812,0.3345690147766487,0.1444216668621337,-0.0184049390838095,0.0315549109726922,-0.0315549109726922
TCEHY_2014-05-27,TCEHY,2014-05-27,14.390000343322754,14.399999618530272,14.300000190734863,14.369999885559082,323100.0,-0.0436576691288338,0.3070765251176588,0.1317094279944125,-0.0020833148448549,0.0315516856159155,-0.0315516856159155
TCEHY_2014-05-28,TCEHY,2014-05-28,14.5,14.640000343322754,14.470000267028809,14.600000381469728,281700.0,-0.0279627206054344,0.3174517842410349,0.1447445318178002,0.0160056017913947,0.0316178167504493,-0.0316178167504493
TCEHY_2014-05-29,TCEHY,2014-05-29,14.260000228881836,14.300000190734863,14.100000381469728,14.25,193300.0,-0.1020793886100277,0.2693746849332199,0.083647648161596,-0.0239726282414312,0.030915071532533,-0.030915071532533
TCEHY_2014-05-30,TCEHY,2014-05-30,14.100000381469728,14.1899995803833,14.029999732971191,14.119999885559082,116700.0,-0.1186017801443822,0.2477907303463109,0.0645944751009643,-0.0091228150484854,0.0309000331435261,-0.0309000331435261
TCEHY_2014-06-02,TCEHY,2014-06-02,14.1899995803833,14.229999542236328,14.18000030517578,14.1899995803833,151100.0,-0.0876945048947087,0.2275085696626475,0.0699070323839693,0.004957485509317,0.030707478230437,-0.030707478230437
TCEHY_2014-06-03,TCEHY,2014-06-03,14.239999771118164,14.420000076293944,14.239999771118164,14.399999618530272,182700.0,-0.0980834287644811,0.2403100813399608,0.0711133262877398,0.0147991574599679,0.0305737681948349,-0.0305737681948349
TCEHY_2014-06-04,TCEHY,2014-06-04,14.149999618530272,14.1899995803833,14.010000228881836,14.109999656677246,209800.0,-0.1254494250586633,0.2163792407470162,0.0454649078441764,-0.0201388867732917,0.0306284788087632,-0.0306284788087632
TCEHY_2014-06-05,TCEHY,2014-06-05,14.029999732971191,14.199999809265137,14.0,14.199999809265137,285100.0,-0.1458133217007711,0.2425620624733429,0.0483743703862858,0.006378465965823,0.030371796367188,-0.030371796367188
TCEHY_2014-06-06,TCEHY,2014-06-06,14.0600004196167,14.100000381469728,13.960000038146973,14.09000015258789,117300.0,-0.1327095961377775,0.2316434151578701,0.0494669095100462,-0.0077464547996313,0.0302656097804695,-0.0302656097804695
TCEHY_2014-06-09,TCEHY,2014-06-09,14.1899995803833,14.40999984741211,14.1899995803833,14.390000343322754,251800.0,-0.1002876108503257,0.245240623687831,0.0724765064187526,0.0212917095447839,0.0303519222965612,-0.0303519222965612
TCEHY_2014-06-10,TCEHY,2014-06-10,14.600000381469728,14.670000076293944,14.520000457763672,14.670000076293944,441200.0,-0.0719888387283483,0.2204658500506668,0.0742385056611592,0.0194579378937342,0.0304326365554931,-0.0304326365554931
TCEHY_2014-06-11,TCEHY,2014-06-11,14.75,14.890000343322754,14.75,14.829999923706056,459200.0,-0.0510622166910575,0.2348042998402815,0.0918710415746119,0.0109066016755285,0.0304363519553149,-0.0304363519553149
TCEHY_2014-06-12,TCEHY,2014-06-12,14.869999885559082,14.920000076293944,14.65999984741211,14.729999542236328,296500.0,-0.0083479566818451,0.2183622296384619,0.1050071364783084,-0.0067431140919883,0.0297925301257914,-0.0297925301257914
TCEHY_2014-06-13,TCEHY,2014-06-13,14.880000114440918,14.949999809265137,14.869999885559082,14.920000076293944,132800.0,0.03395701737736,0.2381742605917796,0.1360656389845698,0.0128988825500513,0.0296022603507709,-0.0296022603507709
TCEHY_2014-06-16,TCEHY,2014-06-16,14.90999984741211,14.949999809265137,14.829999923706056,14.890000343322754,138500.0,0.0496264260157193,0.2420754460762324,0.1458509360459758,-0.0020107059529346,0.0295165964391337,-0.0295165964391337
TCEHY_2014-06-17,TCEHY,2014-06-17,14.9399995803833,14.9399995803833,14.760000228881836,14.899999618530272,178700.0,-0.0112806954038847,0.2468619126652977,0.1177906086307065,0.0006715429803199,0.0284606815034826,-0.0284606815034826
TCEHY_2014-06-18,TCEHY,2014-06-18,15.0,15.119999885559082,14.859999656677246,15.109999656677246,155800.0,0.0488684931720864,0.2260629030374648,0.1374656981047756,0.0140939626525768,0.0279397225008879,-0.0279397225008879
TCEHY_2014-06-19,TCEHY,2014-06-19,15.0,15.010000228881836,14.859999656677246,14.90999984741211,136300.0,0.0296961546111602,0.2394015110862857,0.134548832848723,-0.013236255050261,0.0279931745631656,-0.0279931745631656
TCEHY_2014-06-20,TCEHY,2014-06-20,14.890000343322754,14.979999542236328,14.800000190734863,14.829999923706056,151400.0,-0.0065648796538814,0.2116013236127116,0.1025182219794151,-0.0053655214302325,0.0277362487220708,-0.0277362487220708
TCEHY_2014-06-23,TCEHY,2014-06-23,14.760000228881836,14.760000228881836,14.619999885559082,14.739999771118164,142500.0,-0.01890311458704,0.2242524765630971,0.1026746809880285,-0.0060687898213691,0.0277361932210794,-0.0277361932210794
TCEHY_2014-06-24,TCEHY,2014-06-24,14.699999809265137,14.960000038146973,14.699999809265137,14.800000190734863,242400.0,0.0202675192626635,0.2292359001350907,0.1247517096988771,0.00407058484046,0.0273846240007551,-0.0273846240007551
TCEHY_2014-06-25,TCEHY,2014-06-25,14.75,14.949999809265137,14.75,14.9399995803833,155200.0,0.0580736332485991,0.2328766745963766,0.1454751539224879,0.0094594180975808,0.0271810409407172,-0.0271810409407172
TCEHY_2014-06-26,TCEHY,2014-06-26,15.130000114440918,15.25,15.109999656677246,15.239999771118164,180100.0,0.1356184563694005,0.2497949373456165,0.1927066968575085,0.0200803346158571,0.0264877756581821,-0.0264877756581821
TCEHY_2014-06-27,TCEHY,2014-06-27,15.119999885559082,15.279999732971191,15.119999885559082,15.260000228881836,108400.0,0.0983158320300447,0.2495905963275886,0.1739532141788167,0.0013123660147014,0.0261496867564284,-0.0261496867564284
TCEHY_2014-06-30,TCEHY,2014-06-30,15.25,15.289999961853027,15.199999809265137,15.270000457763672,115500.0,0.1049204627321733,0.2178976174571838,0.1614090400946786,0.0006553229837382,0.0261341602524924,-0.0261341602524924
TCEHY_2014-07-01,TCEHY,2014-07-01,15.31999969482422,15.460000038146973,15.300000190734863,15.4399995803833,156200.0,0.0559430894743755,0.1996891777526674,0.1278161336135215,0.0111328826144989,0.0251598167134355,-0.0251598167134355
TCEHY_2014-07-02,TCEHY,2014-07-02,15.869999885559082,15.899999618530272,15.779999732971191,15.779999732971191,209400.0,0.084237999210404,0.2247749105782275,0.1545064548943158,0.0220207358696993,0.0252842979862074,-0.0252842979862074
TCEHY_2014-07-03,TCEHY,2014-07-03,16.0,16.1200008392334,16.0,16.1200008392334,201500.0,0.1453744797870717,0.2480644458174781,0.1967194628022749,0.0215463315599302,0.0250133402020802,-0.0250133402020802
TCEHY_2014-07-07,TCEHY,2014-07-07,16.219999313354492,16.219999313354492,16.079999923706055,16.09000015258789,187000.0,0.2143396341575767,0.2578174157990258,0.2360785249783012,-0.0018610846826069,0.0237719882658126,-0.0237719882658126
TCEHY_2014-07-08,TCEHY,2014-07-08,16.149999618530273,16.15999984741211,15.760000228881836,15.800000190734863,364300.0,0.2396045685981827,0.2401884202976032,0.2398964944478929,-0.0180236146117366,0.0233395851742619,-0.0233395851742619
TCEHY_2014-07-09,TCEHY,2014-07-09,15.729999542236328,15.789999961853027,15.5600004196167,15.75,246500.0,0.1819000260782615,0.2322015731224695,0.2070507996003655,-0.0031645689956499,0.0227304454463867,-0.0227304454463867
TCEHY_2014-07-10,TCEHY,2014-07-10,15.739999771118164,15.739999771118164,15.399999618530272,15.56999969482422,195800.0,0.1269542350912114,0.2025022976421384,0.1647282663666749,-0.0114285908048114,0.0223808032165079,-0.0223808032165079
TCEHY_2014-07-11,TCEHY,2014-07-11,15.729999542236328,15.75,15.5600004196167,15.739999771118164,185200.0,0.1084507029956589,0.2421085745270668,0.1752796387613628,0.0109184379978153,0.0221688415450041,-0.0221688415450041
TCEHY_2014-07-14,TCEHY,2014-07-14,15.899999618530272,15.979999542236328,15.800000190734863,15.949999809265137,202800.0,0.1849925530506135,0.2318504684626796,0.2084215107566466,0.0133418069377808,0.021106135071389,-0.021106135071389
TCEHY_2014-07-15,TCEHY,2014-07-15,15.979999542236328,15.979999542236328,15.760000228881836,15.890000343322754,139600.0,0.1661529334932916,0.2486249059327596,0.2073889197130256,-0.003761722047641,0.0210876963532428,-0.0210876963532428
TCEHY_2014-07-16,TCEHY,2014-07-16,16.0,16.149999618530273,16.0,16.110000610351562,116600.0,0.213833652099014,0.2484501129827634,0.2311418825408887,0.0138452021570443,0.020810431113466,-0.020810431113466
TCEHY_2014-07-17,TCEHY,2014-07-17,15.800000190734863,15.890000343322754,15.609999656677246,15.670000076293944,247300.0,0.1530537086351664,0.1898253595685251,0.1714395341018457,-0.0273122605454709,0.0209908788197454,-0.0209908788197454
TCEHY_2014-07-18,TCEHY,2014-07-18,15.800000190734863,15.93000030517578,15.800000190734863,15.899999618530272,95300.0,0.1656890922523961,0.2049105409991423,0.1852998166257692,0.0146776988587433,0.0210466960794706,-0.0210466960794706
TCEHY_2014-07-21,TCEHY,2014-07-21,15.609999656677246,15.8100004196167,15.520000457763672,15.779999732971191,106200.0,0.1538461645743734,0.1530030602451668,0.1534246124097701,-0.0075471627948486,0.0210858886646411,-0.0210858886646411
TCEHY_2014-07-22,TCEHY,2014-07-22,16.0,16.1200008392334,16.0,16.049999237060547,123500.0,0.1768587611645735,0.1959760913423855,0.1864174262534795,0.0171102350227048,0.021154502959424,-0.021154502959424
TCEHY_2014-07-23,TCEHY,2014-07-23,16.079999923706055,16.100000381469727,15.949999809265137,15.960000038146973,228600.0,0.1860879644050426,0.1619103062921953,0.173999135348619,-0.0056074269901371,0.0210815555425255,-0.0210815555425255
TCEHY_2014-07-24,TCEHY,2014-07-24,15.989999771118164,16.139999389648438,15.970000267028809,16.079999923706055,216700.0,0.1851415178055873,0.2128525773338998,0.1989970475697435,0.0075187898040265,0.0210784783669425,-0.0210784783669425
TCEHY_2014-07-25,TCEHY,2014-07-25,16.110000610351562,16.1200008392334,16.0,16.100000381469727,144100.0,0.2252663592700081,0.2859424754642155,0.2556044173671118,0.0012438095683189,0.0206135367344746,-0.0206135367344746
TCEHY_2014-07-28,TCEHY,2014-07-28,16.6299991607666,16.790000915527344,16.5,16.780000686645508,227100.0,0.2985606543732078,0.3497426375799075,0.3241516459765576,0.0422360427990067,0.0210200657733219,-0.0210200657733219
TCEHY_2014-07-29,TCEHY,2014-07-29,16.850000381469727,16.950000762939453,16.799999237060547,16.829999923706055,220300.0,0.2688480097369112,0.2964103734962293,0.2826291916165703,0.0029796921939544,0.0208292674365996,-0.0208292674365996
TCEHY_2014-07-30,TCEHY,2014-07-30,16.600000381469727,16.760000228881836,16.5,16.56999969482422,173900.0,0.3319935895298209,0.240269470107556,0.2861315298186885,-0.0154486173535633,0.0192063700176319,-0.0192063700176319
TCEHY_2014-07-31,TCEHY,2014-07-31,16.40999984741211,16.489999771118164,16.190000534057617,16.229999542236328,260500.0,0.2811808698114884,0.1735357651315978,0.2273583174715431,-0.0205190198460952,0.0193857957016259,-0.0193857957016259
TCEHY_2014-08-01,TCEHY,2014-08-01,16.440000534057617,16.65999984741211,16.350000381469727,16.520000457763672,248000.0,0.2960928983213806,0.1945047396165689,0.2452988189689747,0.0178682023232752,0.0194616264292894,-0.0194616264292894
TCEHY_2014-08-04,TCEHY,2014-08-04,16.739999771118164,16.799999237060547,16.579999923706055,16.799999237060547,122800.0,0.333333232415419,0.2483280582913398,0.2908306453533794,0.0169490781802785,0.0194195398914592,-0.0194195398914592
TCEHY_2014-08-05,TCEHY,2014-08-05,17.059999465942383,17.18000030517578,16.959999084472656,17.010000228881836,276500.0,0.366265099556323,0.2707306615918026,0.3184978805740628,0.0125000596046473,0.0193249605716021,-0.0193249605716021
TCEHY_2014-08-06,TCEHY,2014-08-06,16.959999084472656,17.0,16.899999618530273,16.899999618530273,601600.0,0.4036544578135748,0.2781727017473403,0.3409135797804575,-0.0064668200394724,0.0187633743380315,-0.0187633743380315
TCEHY_2014-08-07,TCEHY,2014-08-07,16.68000030517578,16.68000030517578,16.309999465942383,16.420000076293945,241700.0,0.346343058606164,0.2377506657065222,0.2920468621563431,-0.0284023404184,0.0192186320973654,-0.0192186320973654
TCEHY_2014-08-08,TCEHY,2014-08-08,16.75,16.8700008392334,16.65999984741211,16.860000610351562,905500.0,0.36606713660098,0.2351649143977718,0.3006160254993759,0.0267966219252859,0.0193964365780579,-0.0193964365780579
TCEHY_2014-08-11,TCEHY,2014-08-11,16.899999618530273,17.100000381469727,16.899999618530273,17.09000015258789,868000.0,0.3047794098373642,0.2534839645404383,0.2791316871889012,0.0136417279899216,0.0180562328897747,-0.0180562328897747
TCEHY_2014-08-12,TCEHY,2014-08-12,17.219999313354492,17.290000915527344,17.110000610351562,17.270000457763672,219400.0,0.3183206072415472,0.2523568169352641,0.2853387120884056,0.0105324928945962,0.0180643076065976,-0.0180643076065976
TCEHY_2014-08-13,TCEHY,2014-08-13,17.600000381469727,17.639999389648438,17.299999237060547,17.56999969482422,1216000.0,0.2362791884937434,0.2685920007866262,0.2524355946401848,0.0173711192303809,0.0149572317585496,-0.0149572317585496
TCEHY_2014-08-14,TCEHY,2014-08-14,16.850000381469727,16.950000762939453,16.799999237060547,16.90999984741211,813800.0,0.2134041335239862,0.2030449730452659,0.208224553284626,-0.0375640215637871,0.0155675497718517,-0.0155675497718517
TCEHY_2014-08-15,TCEHY,2014-08-15,16.940000534057617,16.940000534057617,16.770000457763672,16.81999969482422,373200.0,0.2100719537000026,0.1717987729930916,0.1909353633465471,-0.0053223035718515,0.0155877571465374,-0.0155877571465374
TCEHY_2014-08-18,TCEHY,2014-08-18,16.790000915527344,16.799999237060547,16.639999389648438,16.719999313354492,266400.0,0.1963365422263601,0.1087532757258389,0.1525449089760995,-0.0059453259978653,0.0156266680781076,-0.0156266680781076
TCEHY_2014-08-19,TCEHY,2014-08-19,16.68000030517578,16.809999465942383,16.68000030517578,16.780000686645508,234900.0,0.1620499428158635,0.1156915378461278,0.1388707403309956,0.0035885990284156,0.0151405012550638,-0.0151405012550638
TCEHY_2014-08-20,TCEHY,2014-08-20,16.969999313354492,17.049999237060547,16.899999618530273,17.049999237060547,208700.0,0.1662106272587389,0.158287970636161,0.16224929894745,0.0160904969825133,0.015185807742118,-0.015185807742118
TCEHY_2014-08-21,TCEHY,2014-08-21,17.0,17.030000686645508,16.770000457763672,16.770000457763672,255900.0,0.1431493095124951,0.1209893325535642,0.1320693210330297,-0.016422216529386,0.0153722444671046,-0.0153722444671046
TCEHY_2014-08-22,TCEHY,2014-08-22,16.729999542236328,16.899999618530273,16.709999084472656,16.739999771118164,177800.0,0.1625000149011617,0.1093439099964026,0.1359219624487821,-0.0017889496616929,0.0151532648708591,-0.0151532648708591
TCEHY_2014-08-25,TCEHY,2014-08-25,16.850000381469727,16.850000381469727,16.709999084472656,16.729999542236328,113600.0,0.1642310142986773,0.1134034018868992,0.1388172080927883,-0.0005973852460314,0.0151471616286514,-0.0151471616286514
TCEHY_2014-08-26,TCEHY,2014-08-26,16.75,16.75,16.709999084472656,16.739999771118164,212200.0,0.1465752968311231,0.1145139321527413,0.1305446144919322,0.0005977423284793,0.0150501433696411,-0.0150501433696411
TCEHY_2014-08-27,TCEHY,2014-08-27,16.65999984741211,16.670000076293945,16.530000686645508,16.540000915527344,255800.0,0.1607018186334978,0.042218086628843,0.1014599526311704,-0.011947363101873,0.0147856867905506,-0.0147856867905506
TCEHY_2014-08-28,TCEHY,2014-08-28,16.40999984741211,16.479999542236328,16.299999237060547,16.31999969482422,173900.0,0.1558073531937587,0.0187265436010122,0.0872669483973854,-0.0133011613376994,0.0148477939028161,-0.0148477939028161
TCEHY_2014-08-29,TCEHY,2014-08-29,16.31999969482422,16.3799991607666,16.149999618530273,16.219999313354492,231000.0,0.1430584773080279,0.0428185300748007,0.0929385036914143,-0.0061274744693433,0.014882751853821,-0.014882751853821
TCEHY_2014-09-02,TCEHY,2014-09-02,16.299999237060547,16.309999465942383,16.15999984741211,16.25,350300.0,0.128472252116528,0.0177878243633629,0.0731300382399454,0.001849610845594,0.0147955760925853,-0.0147955760925853
TCEHY_2014-09-03,TCEHY,2014-09-03,16.309999465942383,16.780000686645508,16.309999465942383,16.610000610351562,332600.0,0.1771793773567702,0.029502901276448,0.1033411393166091,0.0221538837139423,0.0147329174999772,-0.0147329174999772
TCEHY_2014-09-04,TCEHY,2014-09-04,16.770000457763672,16.799999237060547,16.600000381469727,16.670000076293945,242300.0,0.1739436831130938,0.0027670551887362,0.088355369150915,0.0036122494724648,0.0147258961899775,-0.0147258961899775
TCEHY_2014-09-05,TCEHY,2014-09-05,16.600000381469727,16.6299991607666,16.459999084472656,16.6299991607666,217900.0,0.1802696224749289,0.0236365175425938,0.1019530700087614,-0.0023995750056551,0.0146803166721189,-0.0146803166721189
TCEHY_2014-09-08,TCEHY,2014-09-08,16.31999969482422,16.34000015258789,16.100000381469727,16.1200008392334,386000.0,0.1202224082443055,0.0078779793004857,0.0640501937723956,-0.0306673690481228,0.0150755032913531,-0.0150755032913531
TCEHY_2014-09-09,TCEHY,2014-09-09,16.139999389648438,16.170000076293945,15.979999542236328,15.989999771118164,438200.0,0.0899795288315832,0.0115131683133253,0.0507463485724543,-0.0080645819694272,0.0149572690679857,-0.0149572690679857
TCEHY_2014-09-10,TCEHY,2014-09-10,15.75,15.760000228881836,15.5600004196167,15.699999809265137,861400.0,0.0586648610947304,0.004607086554303,0.0316359738245167,-0.0181363330834336,0.0151088034025885,-0.0151088034025885
TCEHY_2014-09-11,TCEHY,2014-09-11,15.579999923706056,15.760000228881836,15.550000190734863,15.619999885559082,521900.0,0.0604209348935005,0.0515685868644879,0.0559947608789942,-0.0050955366036911,0.015096574423101,-0.015096574423101
TCEHY_2014-09-12,TCEHY,2014-09-12,15.68000030517578,15.890000343322754,15.649999618530272,15.6899995803833,435600.0,0.0516085455865911,0.0873180352432552,0.0694632904149231,0.0044814145542302,0.0150270492053936,-0.0150270492053936
TCEHY_2014-09-15,TCEHY,2014-09-15,15.890000343322754,15.920000076293944,15.710000038146973,15.710000038146973,488600.0,0.055070495360461,0.1074298732398353,0.0812501843001481,0.0012747264689974,0.0150224490888937,-0.0150224490888937
TCEHY_2014-09-16,TCEHY,2014-09-16,15.670000076293944,15.84000015258789,15.520000457763672,15.720000267028809,566400.0,0.0550336019793415,0.0431320892745492,0.0490828456269454,0.0006365518050639,0.0150224606620442,-0.0150224606620442
TCEHY_2014-09-17,TCEHY,2014-09-17,15.869999885559082,16.0,15.800000190734863,15.8100004196167,329100.0,0.0463269873490774,0.0974594105861157,0.0718931989675966,0.005725200449052,0.0149412468140022,-0.0149412468140022
TCEHY_2014-09-18,TCEHY,2014-09-18,15.90999984741211,15.960000038146973,15.850000381469728,15.90999984741211,1218200.0,0.0670690818399684,0.098756930275077,0.0829130060575227,0.0063250743289882,0.0148471977158528,-0.0148471977158528
TCEHY_2014-09-19,TCEHY,2014-09-19,16.09000015258789,16.1299991607666,15.970000267028809,16.020000457763672,725900.0,0.0802427876048317,0.0731511237072326,0.0766969556560321,0.0069139290638933,0.0148410237360704,-0.0148410237360704
TCEHY_2014-09-22,TCEHY,2014-09-22,15.65999984741211,15.65999984741211,15.359999656677246,15.399999618530272,645900.0,0.0447761097463057,0.0250265872259691,0.0349013484861374,-0.0387016742520087,0.0156509545795057,-0.0156509545795057
TCEHY_2014-09-23,TCEHY,2014-09-23,15.359999656677246,15.420000076293944,15.18000030517578,15.199999809265137,199400.0,0.0270270009037352,0.0478422904278275,0.0374346456657813,-0.01298700092333,0.0157410361884048,-0.0157410361884048
TCEHY_2014-09-24,TCEHY,2014-09-24,15.239999771118164,15.369999885559082,15.170000076293944,15.329999923706056,211900.0,0.0261044413839768,0.0856940543876685,0.0558992478858226,0.0085526392152768,0.0157331667511788,-0.0157331667511788
TCEHY_2014-09-25,TCEHY,2014-09-25,15.220000267028809,15.220000267028809,14.949999809265137,15.010000228881836,504600.0,-0.0150918337067306,0.1184798914715792,0.0516940288824243,-0.0208740832626735,0.015758467610064,-0.015758467610064
TCEHY_2014-09-26,TCEHY,2014-09-26,14.960000038146973,15.170000076293944,14.960000038146973,15.109999656677246,176500.0,-0.009829657270954,0.0875197638259266,0.0388450532774862,0.0066621869600638,0.0157807027985045,-0.0157807027985045
TCEHY_2014-09-29,TCEHY,2014-09-29,14.949999809265137,14.949999809265137,14.65999984741211,14.760000228881836,1095100.0,-0.0333988352058325,0.0680174062818292,0.0173092855379983,-0.0231634305590962,0.0160470032463319,-0.0160470032463319
TCEHY_2014-09-30,TCEHY,2014-09-30,14.729999542236328,14.880000114440918,14.729999542236328,14.81999969482422,854400.0,-0.0401554340938452,0.0135412363381359,-0.0133070988778546,0.0040650044046055,0.015989592503763,-0.015989592503763
TCEHY_2014-10-01,TCEHY,2014-10-01,14.770000457763672,14.800000190734863,14.43000030517578,14.470000267028809,514100.0,-0.0830164441134452,-0.0057715840567199,-0.0443940140850825,-0.0236166960190725,0.0159855236298928,-0.0159855236298928
TCEHY_2014-10-02,TCEHY,2014-10-02,14.43000030517578,14.479999542236328,14.130000114440918,14.420000076293944,604100.0,-0.1054590989103385,0.0245843192338295,-0.0404373898382545,-0.0034554381349111,0.0157186109363177,-0.0157186109363177
TCEHY_2014-10-03,TCEHY,2014-10-03,15.0,15.0,14.829999923706056,14.920000076293944,463000.0,-0.0727159767059272,0.1260377416070901,0.0266608824505814,0.0346740636168223,0.0163709534830545,-0.0163709534830545
TCEHY_2014-10-06,TCEHY,2014-10-06,15.399999618530272,15.470000267028809,14.989999771118164,15.40999984741211,206100.0,-0.0246835657351099,0.2090067077436468,0.0921615710042684,0.032841807547757,0.0167705395103197,-0.0167705395103197
TCEHY_2014-10-07,TCEHY,2014-10-07,15.380000114440918,15.460000038146973,15.199999809265137,15.229999542236328,283200.0,-0.033015902080233,0.1428785305486366,0.0549313142342017,-0.0116807467201895,0.0168285662630215,-0.0168285662630215
TCEHY_2014-10-08,TCEHY,2014-10-08,15.199999809265137,15.5,15.109999656677246,15.43000030517578,268000.0,-0.0089916115859,0.1168211003341861,0.053914744374143,0.0131320268516621,0.0168532664234887,-0.0168532664234887
TCEHY_2014-10-09,TCEHY,2014-10-09,15.239999771118164,15.239999771118164,14.800000190734863,14.960000038146973,176400.0,-0.0495552569449485,0.0535211435979001,0.0019829433264758,-0.0304601592827675,0.0172230005898629,-0.0172230005898629
TCEHY_2014-10-10,TCEHY,2014-10-10,14.8100004196167,14.869999885559082,14.619999885559082,14.65999984741211,407300.0,-0.0808777415222089,0.0891530316392434,0.0041376450585172,-0.0200534886343505,0.0172988474684376,-0.0172988474684376
TCEHY_2014-10-13,TCEHY,2014-10-13,14.68000030517578,14.899999618530272,14.600000381469728,14.75,530700.0,-0.0717432547949441,0.0824893264558108,0.0053730358304333,0.0061391646333324,0.0173200707609143,-0.0173200707609143
TCEHY_2014-10-14,TCEHY,2014-10-14,14.600000381469728,14.729999542236328,14.520000457763672,14.600000381469728,338100.0,-0.0937306127668037,0.1000602800908061,0.0031648336620012,-0.0101694656630693,0.0172514671448996,-0.0172514671448996
TCEHY_2014-10-15,TCEHY,2014-10-15,14.529999732971191,14.699999809265137,14.25,14.649999618530272,446700.0,-0.0650925623993301,0.0779984881560527,0.0064529628783612,0.003424605188641,0.0169390417584005,-0.0169390417584005
TCEHY_2014-10-16,TCEHY,2014-10-16,14.260000228881836,14.699999809265137,14.25,14.510000228881836,342300.0,-0.0874213473583039,0.0637829812068133,-0.0118191830757453,-0.0095562725797859,0.0168539229621082,-0.0168539229621082
TCEHY_2014-10-17,TCEHY,2014-10-17,14.65999984741211,14.770000457763672,14.600000381469728,14.619999885559082,277100.0,-0.073510764704791,0.0690260506648212,-0.0022423570199848,0.007580954854728,0.016871401969758,-0.016871401969758
TCEHY_2014-10-20,TCEHY,2014-10-20,14.600000381469728,14.739999771118164,14.600000381469728,14.729999542236328,124200.0,-0.0822429755495719,0.080070394844816,-0.0010862903523779,0.0075239163842879,0.0167475551535799,-0.0167475551535799
TCEHY_2014-10-21,TCEHY,2014-10-21,15.020000457763672,15.130000114440918,14.970000267028809,15.109999656677246,311900.0,-0.0532581691377248,0.122919090984539,0.034830460923407,0.0257977003564269,0.0170790604510612,-0.0170790604510612
TCEHY_2014-10-22,TCEHY,2014-10-22,15.270000457763672,15.40999984741211,15.170000076293944,15.170000076293944,227500.0,-0.0565920305802077,0.1180719527880598,0.030739961103926,0.0039709080727994,0.0170572759281213,-0.0170572759281213
TCEHY_2014-10-23,TCEHY,2014-10-23,15.329999923706056,15.529999732971191,15.289999961853027,15.489999771118164,546300.0,-0.0378882357700837,0.1788431785688338,0.070477471399375,0.0210942447735569,0.017277204828399,-0.017277204828399
TCEHY_2014-10-24,TCEHY,2014-10-24,15.399999618530272,15.489999771118164,15.300000190734863,15.399999618530272,425400.0,-0.0822408231016057,0.1917659573101955,0.0547625671042948,-0.0058102100657032,0.0164000278813739,-0.0164000278813739
TCEHY_2014-10-27,TCEHY,2014-10-27,15.15999984741211,15.1899995803833,15.050000190734863,15.18000030517578,421500.0,-0.0980391934646507,0.1444511742330771,0.0232059903842132,-0.0142856700522105,0.0164726679073373,-0.0164726679073373
TCEHY_2014-10-28,TCEHY,2014-10-28,15.329999923706056,15.670000076293944,15.329999923706056,15.65999984741211,516500.0,-0.0549185192620345,0.2588424739263211,0.1019619773321433,0.0316205225682815,0.0168920225355761,-0.0168920225355761
TCEHY_2014-10-29,TCEHY,2014-10-29,15.729999542236328,15.789999961853027,15.579999923706056,15.649999618530272,554400.0,-0.0357362871266069,0.2353962223867891,0.0998299676300911,-0.0006385842260074,0.0167014814708916,-0.0167014814708916
TCEHY_2014-10-30,TCEHY,2014-10-30,15.699999809265137,16.799999237060547,15.600000381469728,15.84000015258789,334500.0,-0.0411622449354237,0.2427428049816127,0.1007902800230944,0.0121406095008878,0.0166155824429825,-0.0166155824429825
TCEHY_2014-10-31,TCEHY,2014-10-31,16.059999465942383,16.09000015258789,15.93000030517578,16.049999237060547,356800.0,-0.0446428591702261,0.2738094246937153,0.1145832827617445,0.0132575178314215,0.0165593581235176,-0.0165593581235176
TCEHY_2014-11-03,TCEHY,2014-11-03,16.040000915527344,16.09000015258789,15.8100004196167,15.81999969482422,409700.0,-0.0699588781919634,0.2706827258785313,0.1003619238432839,-0.0143301902286226,0.0165623037099416,-0.0165623037099416
TCEHY_2014-11-04,TCEHY,2014-11-04,15.760000228881836,15.84000015258789,15.619999885559082,15.829999923706056,365900.0,-0.0633135928388424,0.3147840509851403,0.1257352290731489,0.0006321257316526,0.0165487592243234,-0.0165487592243234
TCEHY_2014-11-05,TCEHY,2014-11-05,15.949999809265137,16.049999237060547,15.93000030517578,16.010000228881836,443200.0,-0.0249695399212597,0.3127254918565865,0.1438779759676633,0.0113708342415228,0.0162384948795546,-0.0162384948795546
TCEHY_2014-11-06,TCEHY,2014-11-06,16.020000457763672,16.049999237060547,15.93000030517578,16.030000686645508,262900.0,-0.0492289379394481,0.2988171023121306,0.1247940821863412,0.0012492478124761,0.0158663680782804,-0.0158663680782804
TCEHY_2014-11-07,TCEHY,2014-11-07,15.859999656677246,15.899999618530272,15.729999542236328,15.8100004196167,298200.0,-0.0748975846426405,0.2070545835490955,0.0660784994532275,-0.0137242830695627,0.0158426289148313,-0.0158426289148313
TCEHY_2014-11-10,TCEHY,2014-11-10,16.170000076293945,16.299999237060547,16.139999389648438,16.200000762939453,261100.0,-0.0619571318160101,0.2366412436029201,0.087342055893455,0.0246679527496311,0.0161080664846671,-0.0161080664846671
TCEHY_2014-11-11,TCEHY,2014-11-11,16.40999984741211,16.459999084472656,16.200000762939453,16.450000762939453,453900.0,-0.0637449602355255,0.157472620783202,0.0468638302738382,0.015432098038657,0.0160744352762287,-0.0160744352762287
TCEHY_2014-11-12,TCEHY,2014-11-12,16.260000228881836,16.280000686645508,15.880000114440918,16.139999389648438,497400.0,-0.0455352137617856,0.1581515169245373,0.0563081515813758,-0.0188450674111471,0.0155505908216284,-0.0155505908216284
TCEHY_2014-11-13,TCEHY,2014-11-13,16.600000381469727,16.690000534057617,16.469999313354492,16.6299991607666,477800.0,-0.011296108056178,0.196402850155257,0.0925533710495394,0.0303593426052066,0.0160193055147667,-0.0160193055147667
TCEHY_2014-11-14,TCEHY,2014-11-14,17.010000228881836,17.360000610351562,17.0,17.31999969482422,1020200.0,0.0358851917529983,0.2392673084452721,0.1375762500991352,0.0414913150257676,0.016832150453696,-0.016832150453696
TCEHY_2014-11-17,TCEHY,2014-11-17,16.829999923706055,16.850000381469727,16.600000381469727,16.719999313354492,373800.0,-0.0035757670343106,0.15789472293812,0.0771594779519047,-0.0346420549677622,0.0174056682934679,-0.0174056682934679
TCEHY_2014-11-18,TCEHY,2014-11-18,16.229999542236328,16.360000610351562,16.1299991607666,16.260000228881836,826800.0,-0.0463342547524305,0.1121751269603406,0.032920436103955,-0.0275119080959082,0.0176247639564001,-0.0176247639564001
TCEHY_2014-11-19,TCEHY,2014-11-19,16.100000381469727,16.200000762939453,15.93000030517578,15.979999542236328,290000.0,-0.0471079841361371,0.0892978499747443,0.0210949329193035,-0.0172202141884448,0.0176366012722133,-0.0176366012722133
TCEHY_2014-11-20,TCEHY,2014-11-20,16.079999923706055,16.190000534057617,16.030000686645508,16.1299991607666,333700.0,-0.0364397024308212,0.1201388602823381,0.0418495789257584,0.0093867098139655,0.0176807277214037,-0.0176807277214037
TCEHY_2014-11-21,TCEHY,2014-11-21,16.25,16.540000915527344,16.25,16.350000381469727,372300.0,-0.0227136384437585,0.1377870919748869,0.0575367267655642,0.0136392580377957,0.0177693804728622,-0.0177693804728622
TCEHY_2014-11-24,TCEHY,2014-11-24,16.06999969482422,16.25,16.06999969482422,16.149999618530273,336600.0,-0.0352449319387584,0.1061643285316484,0.035459698296445,-0.0122324622797026,0.0178333891627591,-0.0178333891627591
TCEHY_2014-11-25,TCEHY,2014-11-25,16.209999084472656,16.209999084472656,16.049999237060547,16.059999465942383,300400.0,-0.0290206422621384,0.1270175063819216,0.0489984320598916,-0.0055727649977542,0.0177849076713095,-0.0177849076713095
TCEHY_2014-11-26,TCEHY,2014-11-26,16.15999984741211,16.280000686645508,16.09000015258789,16.25,282000.0,-0.0042891970669839,0.1508498676844416,0.0732803353087288,0.0118306687656211,0.0177707051948588,-0.0177707051948588
TCEHY_2014-11-28,TCEHY,2014-11-28,16.110000610351562,16.1200008392334,15.899999618530272,15.989999771118164,155700.0,-0.0141799970390233,0.1268499114843695,0.056334957222673,-0.016000014085036,0.0178696448919795,-0.0178696448919795
TCEHY_2014-12-01,TCEHY,2014-12-01,15.640000343322754,15.649999618530272,15.329999923706056,15.380000114440918,252300.0,-0.0535384544959435,0.0680555917966523,0.0072585686503544,-0.0381488221018648,0.0184998035567777,-0.0184998035567777
TCEHY_2014-12-02,TCEHY,2014-12-02,15.380000114440918,15.579999923706056,15.380000114440918,15.56999969482422,336100.0,-0.0626129366232052,0.1034727196081866,0.0204298914924906,0.0123536787366409,0.018345050811493,-0.018345050811493
TCEHY_2014-12-03,TCEHY,2014-12-03,15.5,15.550000190734863,15.25,15.3100004196167,230900.0,-0.0815836622947154,0.0781690581169807,-0.0017073020888673,-0.0166987334812825,0.0184433959360732,-0.0184433959360732
TCEHY_2014-12-04,TCEHY,2014-12-04,15.350000381469728,15.350000381469728,15.18000030517578,15.220000267028809,322800.0,-0.0847864681234773,0.0801987297518498,-0.0022938691858137,-0.0058785205827018,0.0184523048858053,-0.0184523048858053
TCEHY_2014-12-05,TCEHY,2014-12-05,15.3100004196167,15.40999984741211,15.229999542236328,15.40999984741211,255200.0,-0.0440447242467423,0.0708825211781636,0.0134188984657106,0.012483546455311,0.0181405081540205,-0.0181405081540205
TCEHY_2014-12-08,TCEHY,2014-12-08,15.1899995803833,15.34000015258789,15.0,15.050000190734863,306000.0,-0.0587867163126023,0.025903211483617,-0.0164417524144926,-0.0233614315536611,0.018343906686808,-0.018343906686808
TCEHY_2014-12-09,TCEHY,2014-12-09,14.970000267028809,14.970000267028809,14.649999618530272,14.81999969482422,345500.0,-0.0560509633841903,-0.0006743242706191,-0.0283626438274047,-0.0152824247837708,0.018303873238605,-0.018303873238605
TCEHY_2014-12-10,TCEHY,2014-12-10,14.880000114440918,14.899999618530272,14.600000381469728,14.619999885559082,340100.0,-0.0640204870247479,-0.0074677298096199,-0.0357441084171839,-0.0134952640609693,0.0183665210895734,-0.0183665210895734
TCEHY_2014-12-11,TCEHY,2014-12-11,14.600000381469728,14.729999542236328,14.59000015258789,14.619999885559082,271200.0,-0.068196285751467,-0.0201072512869169,-0.044151768519192,0.0,0.01835408136889,-0.01835408136889
TCEHY_2014-12-12,TCEHY,2014-12-12,14.600000381469728,14.619999885559082,14.43000030517578,14.4399995803833,722400.0,-0.0808402580954716,-0.0302216757933958,-0.0555309669444337,-0.0123119224750184,0.0184072077678578,-0.0184072077678578
TCEHY_2014-12-15,TCEHY,2014-12-15,14.479999542236328,14.479999542236328,14.09000015258789,14.130000114440918,265500.0,-0.1011450461564408,-0.0516778203894549,-0.0764114332729478,-0.0214681076835705,0.0185820524082782,-0.0185820524082782
TCEHY_2014-12-16,TCEHY,2014-12-16,13.720000267028809,14.140000343322754,13.640000343322754,13.890000343322754,1468600.0,-0.1214421268396458,-0.0807411873643136,-0.1010916571019797,-0.0169851216683915,0.0186593311609443,-0.0186593311609443
TCEHY_2014-12-17,TCEHY,2014-12-17,13.649999618530272,13.979999542236328,13.550000190734863,13.890000343322754,387100.0,-0.1269641435237301,-0.0684104302164961,-0.0976872868701131,0.0,0.0186314570839363,-0.0186314570839363
TCEHY_2014-12-18,TCEHY,2014-12-18,14.630000114440918,14.649999618530272,14.43000030517578,14.520000457763672,659600.0,-0.0936329561259822,-0.0209035379323802,-0.0572682470291812,0.0453563786082822,0.019535109149819,-0.019535109149819
TCEHY_2014-12-19,TCEHY,2014-12-19,14.899999618530272,15.109999656677246,14.81999969482422,15.050000190734863,393000.0,-0.0227272361341013,0.0210312363928335,-0.0008479998706338,0.0365013578692972,0.0195149139676571,-0.0195149139676571
TCEHY_2014-12-22,TCEHY,2014-12-22,14.6899995803833,14.729999542236328,14.5,14.699999809265137,383300.0,-0.0328947372548797,-0.0067567824446602,-0.01982575984977,-0.0232558390055832,0.0196659249679113,-0.0196659249679113
TCEHY_2014-12-23,TCEHY,2014-12-23,14.600000381469728,14.6899995803833,14.489999771118164,14.600000381469728,353200.0,-0.0476190179953927,-0.022757644475439,-0.0351883312354158,-0.0068026822512188,0.0196490665292388,-0.0196490665292388
TCEHY_2014-12-24,TCEHY,2014-12-24,14.59000015258789,14.600000381469728,14.399999618530272,14.510000228881836,151600.0,-0.0333111254081072,-0.0479002331495945,-0.0406056792788508,-0.0061643938518056,0.0194908446346386,-0.0194908446346386
TCEHY_2014-12-26,TCEHY,2014-12-26,14.550000190734863,15.029999732971191,14.550000190734863,14.890000343322754,178600.0,-0.0145598489975657,-0.024246387942957,-0.0194031184702614,0.0261888427599426,0.0197576086326725,-0.0197576086326725
TCEHY_2014-12-29,TCEHY,2014-12-29,14.68000030517578,14.68000030517578,14.510000228881836,14.550000190734863,233400.0,-0.0142276446402793,-0.047151293087404,-0.0306894688638417,-0.0228341265781339,0.0197514354637262,-0.0197514354637262
TCEHY_2014-12-30,TCEHY,2014-12-30,14.539999961853027,14.539999961853027,14.390000343322754,14.479999542236328,495800.0,-0.0229419810788953,-0.0621761699635448,-0.04255907552122,-0.0048110410708523,0.0197533653944266,-0.0197533653944266
TCEHY_2014-12-31,TCEHY,2014-12-31,14.43000030517578,14.640000343322754,14.43000030517578,14.510000228881836,440000.0,0.0027643373265286,-0.080481592242095,-0.0388586274577831,0.0020718706901887,0.0195255376781961,-0.0195255376781961
TCEHY_2015-01-02,TCEHY,2015-01-02,14.40999984741211,14.43000030517578,14.270000457763672,14.380000114440918,305100.0,-0.0027739224439246,-0.1079404859928796,-0.0553572042184021,-0.0089593461330313,0.0195545876105523,-0.0195545876105523
TCEHY_2015-01-05,TCEHY,2015-01-05,14.479999542236328,14.600000381469728,14.34000015258789,14.600000381469728,418700.0,-0.02144770061581,-0.0926040868233623,-0.0570258937195861,0.0152990448732943,0.0191509446815051,-0.0191509446815051
TCEHY_2015-01-06,TCEHY,2015-01-06,15.399999618530272,15.489999771118164,15.050000190734863,15.289999961853027,625000.0,-0.0077871438512203,-0.03227849510919,-0.0200328194802051,0.047260243996914,0.019631863365624,-0.019631863365624
TCEHY_2015-01-07,TCEHY,2015-01-07,16.0,16.25,15.949999809265137,16.229999542236328,1378100.0,0.0656598837857327,0.0304761614118302,0.0480680225987815,0.0614780629645848,0.0210391871406061,-0.0210391871406061
TCEHY_2015-01-08,TCEHY,2015-01-08,16.489999771118164,16.610000610351562,16.450000762939453,16.600000381469727,1044900.0,0.0758263158233047,0.0661529034575318,0.0709896096404183,0.022797341322809,0.0211622873747093,-0.0211622873747093
TCEHY_2015-01-09,TCEHY,2015-01-09,16.540000915527344,16.600000381469727,16.43000030517578,16.510000228881836,1013900.0,0.1036096381539084,0.0489199789682697,0.076264808561089,-0.0054216958144384,0.0207864664120959,-0.0207864664120959
TCEHY_2015-01-12,TCEHY,2015-01-12,16.469999313354492,16.530000686645508,16.15999984741211,16.200000762939453,513700.0,0.1050478125208982,0.0156740411701505,0.0603609268455244,-0.0187764664836336,0.0207654471556771,-0.0207654471556771
TCEHY_2015-01-13,TCEHY,2015-01-13,16.479999542236328,16.65999984741211,16.350000381469727,16.440000534057617,1128700.0,0.1145763073937367,0.0346129753839798,0.0745946413888583,0.014814799988603,0.020823393715797,-0.020823393715797
TCEHY_2015-01-14,TCEHY,2015-01-14,16.1299991607666,16.200000762939453,16.0,16.170000076293945,244400.0,0.1075342228632305,0.003724361494054,0.0556292921786423,-0.0164233849752213,0.0208968038728165,-0.0208968038728165
TCEHY_2015-01-15,TCEHY,2015-01-15,16.170000076293945,16.299999237060547,16.040000915527344,16.100000381469727,306500.0,0.0989761638700248,0.0274409893479388,0.0632085766089818,-0.0043289854356179,0.0209101212187352,-0.0209101212187352
TCEHY_2015-01-16,TCEHY,2015-01-16,15.68000030517578,15.800000190734863,15.609999656677246,15.800000190734863,548900.0,0.088904199965849,-0.0062892723392814,0.0413074638132838,-0.0186335517780575,0.0210200062335468,-0.0210200062335468
TCEHY_2015-01-20,TCEHY,2015-01-20,16.18000030517578,16.239999771118164,15.970000267028809,16.059999465942383,604600.0,0.0984951841077415,0.0177439630994511,0.0581195736035963,0.01645565013094,0.021090570457758,-0.021090570457758
TCEHY_2015-01-21,TCEHY,2015-01-21,16.489999771118164,16.6200008392334,16.40999984741211,16.600000381469727,966200.0,0.12695185996927,0.0342679857042726,0.0806099228367713,0.033623968461051,0.0214597485979981,-0.0214597485979981
TCEHY_2015-01-22,TCEHY,2015-01-22,16.989999771118164,17.1200008392334,16.889999389648438,17.100000381469727,1105000.0,0.1317009113175644,0.0714285927692963,0.1015647520434304,0.0301204812355391,0.0215434138439825,-0.0215434138439825
TCEHY_2015-01-23,TCEHY,2015-01-23,17.09000015258789,17.200000762939453,16.969999313354492,17.09000015258789,1129800.0,0.1265655943729571,0.0628109598055928,0.0946882770892749,-0.000584808693494,0.0215449921183459,-0.0215449921183459
TCEHY_2015-01-26,TCEHY,2015-01-26,17.549999237060547,17.729999542236328,17.530000686645508,17.68000030517578,616800.0,0.1413815730417877,0.0981366388987514,0.1197591059702696,0.0345231215517893,0.0218006591714957,-0.0218006591714957
TCEHY_2015-01-27,TCEHY,2015-01-27,17.399999618530273,17.479999542236328,17.25,17.420000076293945,372700.0,0.1311688641428976,0.0381406056888773,0.0846547349158874,-0.0147058950449068,0.0218829047875181,-0.0218829047875181
TCEHY_2015-01-28,TCEHY,2015-01-28,17.469999313354492,17.68000030517578,17.420000076293945,17.43000030517578,497700.0,0.1482213408937047,0.0356506467135862,0.0919359938036454,0.0005740659493707,0.0217822898591709,-0.0217822898591709
TCEHY_2015-01-29,TCEHY,2015-01-29,17.299999237060547,17.3700008392334,17.149999618530273,17.360000610351562,1215900.0,0.1085568824715146,0.0476765799684417,0.0781167312199782,-0.0040160466780618,0.0214724698979306,-0.0214724698979306
TCEHY_2015-01-30,TCEHY,2015-01-30,17.0,17.040000915527344,16.809999465942383,16.81999969482422,562100.0,0.0747603900838833,0.0363524441915414,0.0555564171377124,-0.0311060424275185,0.0218691285690942,-0.0218691285690942
TCEHY_2015-02-02,TCEHY,2015-02-02,16.899999618530273,17.440000534057617,16.899999618530273,17.350000381469727,844200.0,0.0953282963595891,0.0502421247401352,0.0727852105498622,0.0315101484103235,0.0221571346963494,-0.0221571346963494
TCEHY_2015-02-03,TCEHY,2015-02-03,17.489999771118164,17.489999771118164,17.270000457763672,17.399999618530273,490300.0,0.0841121772985811,0.0357143100427133,0.0599132436706472,0.0028818003435866,0.0221082411223072,-0.0221082411223072
TCEHY_2015-02-04,TCEHY,2015-02-04,17.43000030517578,17.5,17.290000915527344,17.350000381469727,380200.0,0.0967130667610614,0.0199882509119895,0.0583506588365254,-0.0028735194342935,0.0220227072331911,-0.0220227072331911
TCEHY_2015-02-05,TCEHY,2015-02-05,17.43000030517578,17.489999771118164,17.3700008392334,17.43000030517578,243500.0,0.1010739348819365,0.0313609880833594,0.0662174614826479,0.0046109465099204,0.0220252922465012,-0.0220252922465012
TCEHY_2015-02-06,TCEHY,2015-02-06,17.440000534057617,17.440000534057617,17.139999389648438,17.15999984741211,169400.0,0.0718300813297734,0.0450669773252025,0.058448529327488,-0.0154905595545798,0.0220962404268291,-0.0220962404268291
TCEHY_2015-02-09,TCEHY,2015-02-09,17.0,17.079999923706055,16.979999542236328,17.010000228881836,254200.0,0.0611353400036196,0.0088967742052261,0.0350160571044229,-0.0087412365888158,0.0221327187551893,-0.0221327187551893
TCEHY_2015-02-10,TCEHY,2015-02-10,17.1200008392334,17.18000030517578,17.049999237060547,17.139999389648438,391500.0,0.0841239047901292,0.0029256428680004,0.0435247738290648,0.0076425137576348,0.0220642336583866,-0.0220642336583866
TCEHY_2015-02-11,TCEHY,2015-02-11,17.110000610351562,17.110000610351562,16.860000610351562,16.969999313354492,399000.0,0.0475307724785145,-0.0173712296732635,0.0150797714026255,-0.0099183245243646,0.02190872455423,-0.02190872455423
TCEHY_2015-02-12,TCEHY,2015-02-12,16.719999313354492,16.799999237060547,16.65999984741211,16.729999542236328,329000.0,0.0170212015994364,-0.047808774455206,-0.0153937864278848,-0.0141425916811497,0.0219107212166141,-0.0219107212166141
TCEHY_2015-02-13,TCEHY,2015-02-13,16.760000228881836,16.809999465942383,16.719999313354492,16.790000915527344,255300.0,0.0402727106852178,-0.0070963295663855,0.0165881905594161,0.0035864539708765,0.021773086068891,-0.021773086068891
TCEHY_2015-02-17,TCEHY,2015-02-17,16.790000915527344,16.950000762939453,16.760000228881836,16.889999389648438,505800.0,0.0156344102226551,0.0041616941792073,0.0098980522009312,0.0059558349415345,0.0214545157170604,-0.0214545157170604
TCEHY_2015-02-18,TCEHY,2015-02-18,16.8799991607666,16.8799991607666,16.639999389648438,16.649999618530273,494800.0,-0.0386836078579241,-0.0041865847906051,-0.0214350963242646,-0.0142095784364122,0.0208767159274614,-0.0208767159274614
TCEHY_2015-02-19,TCEHY,2015-02-19,16.700000762939453,16.770000457763672,16.639999389648438,16.719999313354492,214600.0,0.0,-0.0035757670343106,-0.0017878835171553,0.004204185971651,0.0204180906209477,-0.0204180906209477
TCEHY_2015-02-20,TCEHY,2015-02-20,16.639999389648438,16.8799991607666,16.59000015258789,16.860000610351562,498600.0,0.0369003919448891,-0.0111436149683805,0.0128783884882542,0.0083732836570902,0.0201309847717205,-0.0201309847717205
TCEHY_2015-02-23,TCEHY,2015-02-23,17.049999237060547,17.34000015258789,17.049999237060547,17.209999084472656,542100.0,0.0769711875764043,0.0262372459569784,0.0516042167666913,0.0207591021026538,0.0201521373901503,-0.0201521373901503
TCEHY_2015-02-24,TCEHY,2015-02-24,17.260000228881836,17.450000762939453,17.260000228881836,17.399999618530273,430300.0,0.0787353083596387,0.0394265147213932,0.0590809115405159,0.0110401245883295,0.0201638123327151,-0.0201638123327151
TCEHY_2015-02-25,TCEHY,2015-02-25,17.5,17.510000228881836,17.3799991607666,17.450000762939453,1093500.0,0.0672783092235527,0.043036535588983,0.0551574224062678,0.0028736290520334,0.0201039577822508,-0.0201039577822508
TCEHY_2015-02-26,TCEHY,2015-02-26,17.350000381469727,17.450000762939453,17.350000381469727,17.350000381469727,277700.0,0.0743034545686669,0.0364397024308214,0.0553715784997441,-0.0057306806359636,0.020050347173385,-0.020050347173385
TCEHY_2015-02-27,TCEHY,2015-02-27,17.540000915527344,17.540000915527344,17.40999984741211,17.40999984741211,337200.0,0.0840598023886989,0.0525996906728118,0.0683297465307554,0.0034581823990311,0.0200324469444066,-0.0200324469444066
TCEHY_2015-03-02,TCEHY,2015-03-02,17.450000762939453,17.559999465942383,17.450000762939453,17.549999237060547,290600.0,0.0799999530498798,0.0753676204189155,0.0776837867343976,0.0080413205557408,0.0200065310650103,-0.0200065310650103
TCEHY_2015-03-03,TCEHY,2015-03-03,17.479999542236328,17.479999542236328,17.260000228881836,17.350000381469727,249000.0,0.085053197612176,0.0696671464828524,0.0773601720475142,-0.0113959466829195,0.0199502127478033,-0.0199502127478033
TCEHY_2015-03-04,TCEHY,2015-03-04,17.1200008392334,17.200000762939453,17.030000686645508,17.1200008392334,364000.0,0.1131339864658858,0.0535385131835937,0.0833362498247397,-0.0132564574743164,0.0193911592380621,-0.0193911592380621
TCEHY_2015-03-05,TCEHY,2015-03-05,17.1299991607666,17.1299991607666,16.969999313354492,16.989999771118164,483100.0,0.0912010343048355,0.022877733100731,0.0570393837027832,-0.0075935199615945,0.0193803207949293,-0.0193803207949293
TCEHY_2015-03-06,TCEHY,2015-03-06,16.889999389648438,16.979999542236328,16.709999084472656,16.75,303200.0,0.0940561424504096,0.0047990355932763,0.0494275890218429,-0.0141259431637043,0.0193438834832737,-0.0193438834832737
TCEHY_2015-03-09,TCEHY,2015-03-09,17.020000457763672,17.139999389648438,16.889999389648438,17.059999465942383,249000.0,0.1208935063489833,0.0258569048031123,0.0733752055760478,0.0185074308025303,0.0194353974815829,-0.0194353974815829
TCEHY_2015-03-10,TCEHY,2015-03-10,16.709999084472656,16.920000076293945,16.709999084472656,16.729999542236328,221200.0,0.0856586442501421,0.0378411086380525,0.0617498764440973,-0.019343489685615,0.0195715789340643,-0.0195715789340643
TCEHY_2015-03-11,TCEHY,2015-03-11,16.850000381469727,17.0,16.809999465942383,16.84000015258789,980900.0,0.1189368730343933,0.05315824850761,0.0860475607710017,0.0065750516055818,0.0193202421968961,-0.0193202421968961
TCEHY_2015-03-12,TCEHY,2015-03-12,17.1200008392334,17.1200008392334,16.950000762939453,17.049999237060547,362500.0,0.1504723068931734,0.0859872257449791,0.1182297663190763,0.0124702543093733,0.0192368182608712,-0.0192368182608712
TCEHY_2015-03-13,TCEHY,2015-03-13,17.100000381469727,17.139999389648438,16.959999084472656,17.100000381469727,1444600.0,0.1696306782026904,0.0947503525450679,0.1321905153738791,0.0029326185716476,0.0191288194021862,-0.0191288194021862
TCEHY_2015-03-16,TCEHY,2015-03-16,17.399999618530273,17.6299991607666,17.3799991607666,17.549999237060547,2469700.0,0.2004103539286326,0.1185468264130957,0.1594785901708642,0.026315721962115,0.0193556016605544,-0.0193556016605544
TCEHY_2015-03-17,TCEHY,2015-03-17,17.420000076293945,17.719999313354492,17.149999618530273,17.649999618530273,3932700.0,0.2222991780766912,0.1234881970510883,0.1728936875638898,0.0056980276818789,0.019257269369289,-0.019257269369289
TCEHY_2015-03-18,TCEHY,2015-03-18,17.670000076293945,17.799999237060547,17.270000457763672,17.280000686645508,2157900.0,0.222929974995915,0.0992366662288581,0.1610833206123866,-0.0209631127411648,0.0192468654811511,-0.0192468654811511
TCEHY_2015-03-19,TCEHY,2015-03-19,18.459999084472656,18.65999984741211,18.450000762939453,18.65999984741211,1898000.0,0.343412482806914,0.1802656136719131,0.2618390482394136,0.0798610593709701,0.0213470674350225,-0.0213470674350225
TCEHY_2015-03-20,TCEHY,2015-03-20,18.450000762939453,18.670000076293945,18.3700008392334,18.57999992370605,732400.0,0.3376529492051372,0.1678189881773153,0.2527359686912263,-0.0042872413912239,0.0213698155068682,-0.0213698155068682
TCEHY_2015-03-23,TCEHY,2015-03-23,18.780000686645508,19.06999969482422,18.76000022888184,19.0,715700.0,0.3085399036499978,0.1860174442624407,0.2472786739562192,0.0226049557598799,0.0208603938608275,-0.0208603938608275
TCEHY_2015-03-24,TCEHY,2015-03-24,18.51000022888184,18.540000915527344,18.440000534057617,18.450000762939453,654600.0,0.2259136564196,0.198052027270132,0.211982841844866,-0.0289473282663446,0.0208700616167021,-0.0208700616167021
TCEHY_2015-03-25,TCEHY,2015-03-25,18.3700008392334,18.420000076293945,18.14999961853028,18.170000076293945,336700.0,0.2360544429967768,0.1953947568616711,0.215724599929224,-0.0151761883505145,0.0207276523956243,-0.0207276523956243
TCEHY_2015-03-26,TCEHY,2015-03-26,17.969999313354492,18.36000061035156,17.969999313354492,18.14999961853028,358800.0,0.2431506263223253,0.1839530142764986,0.213551820299412,-0.0011007406538076,0.0206940204388722,-0.0206940204388722
TCEHY_2015-03-27,TCEHY,2015-03-27,18.479999542236328,18.71999931335449,18.299999237060547,18.670000076293945,1024000.0,0.2866988133557517,0.2438374278215958,0.2652681205886738,0.0286501635643434,0.0208911415733631,-0.0208911415733631
TCEHY_2015-03-30,TCEHY,2015-03-30,18.700000762939453,18.799999237060547,18.6200008392334,18.76000022888184,419900.0,0.2599059634874046,0.2415619229078953,0.2507339431976499,0.0048205759089507,0.0207013136587913,-0.0207013136587913
TCEHY_2015-03-31,TCEHY,2015-03-31,18.989999771118164,19.0,18.8700008392334,18.96999931335449,444000.0,0.3037800044452363,0.2852302858528877,0.294505145149062,0.0111939809120762,0.020435249302605,-0.020435249302605
TCEHY_2015-04-01,TCEHY,2015-04-01,18.950000762939453,19.06999969482422,18.89999961853028,19.06999969482422,838400.0,0.3169889708352158,0.2867746347852005,0.3018818028102081,0.0052715015861561,0.0204012345667303,-0.0204012345667303
TCEHY_2015-04-02,TCEHY,2015-04-02,19.31999969482422,19.459999084472656,19.200000762939453,19.38999938964844,515600.0,0.3363197163190303,0.3400137547910273,0.3381667355550288,0.0167802674328869,0.0204561429661732,-0.0204561429661732
TCEHY_2015-04-06,TCEHY,2015-04-06,19.31999969482422,19.6299991607666,19.309999465942383,19.57999992370605,363200.0,0.3616133357358673,0.3578363259439225,0.3597248308398949,0.0097988932459196,0.0203888311092404,-0.0203888311092404
TCEHY_2015-04-07,TCEHY,2015-04-07,19.600000381469727,19.64999961853028,19.559999465942383,19.56999969482422,597500.0,0.3404109029793174,0.3116621712300496,0.3260365371046835,-0.0005107369213891,0.0203587004914726,-0.0203587004914726
TCEHY_2015-04-08,TCEHY,2015-04-08,20.270000457763672,20.559999465942383,20.18000030517578,20.290000915527344,567200.0,0.327011181566305,0.3166775546032703,0.3218443680847876,0.0367910695927884,0.0200473851719327,-0.0200473851719327
TCEHY_2015-04-09,TCEHY,2015-04-09,20.770000457763672,21.40999984741211,20.76000022888184,21.170000076293945,1642900.0,0.3043746564010645,0.3900197447534135,0.347197200577239,0.043371075458807,0.0193374019829296,-0.0193374019829296
TCEHY_2015-04-10,TCEHY,2015-04-10,21.020000457763672,21.06999969482422,20.75,21.049999237060547,756200.0,0.268072214055987,0.3642254582457536,0.3161488361508703,-0.0056684382995243,0.0192330634695713,-0.0192330634695713
TCEHY_2015-04-13,TCEHY,2015-04-13,22.030000686645508,22.14999961853028,21.6200008392334,21.6200008392334,784200.0,0.3095094209273457,0.4451872181887621,0.3773483195580539,0.0270784618922601,0.0194125062898682,-0.0194125062898682
TCEHY_2015-04-14,TCEHY,2015-04-14,20.670000076293945,20.850000381469727,20.549999237060547,20.770000457763672,628200.0,0.2820987333086397,0.4167804006785269,0.3494395669935833,-0.0393154647768212,0.0199735951397563,-0.0199735951397563
TCEHY_2015-04-15,TCEHY,2015-04-15,20.31999969482422,20.350000381469727,20.14999961853028,20.25,513100.0,0.2317517848037456,0.3728813559322033,0.3023165703679744,-0.0250361312615811,0.0202592484493151,-0.0202592484493151
TCEHY_2015-04-16,TCEHY,2015-04-16,20.65999984741211,20.770000457763672,20.5,20.64999961853028,1359100.0,0.2770562474396179,0.4143834985606707,0.3457198730001443,0.0197530675817423,0.0201976512999721,-0.0201976512999721
TCEHY_2015-04-17,TCEHY,2015-04-17,19.920000076293945,19.96999931335449,19.64999961853028,19.850000381469727,1836400.0,0.2329192491396494,0.3549488667810037,0.2939340579603265,-0.0387408838662967,0.0208826318622864,-0.0208826318622864
TCEHY_2015-04-20,TCEHY,2015-04-20,19.61000061035156,19.8700008392334,19.61000061035156,19.850000381469727,463700.0,0.2563291229015165,0.3680220584668729,0.3121755906841947,0.0,0.0206946063144583,-0.0206946063144583
TCEHY_2015-04-21,TCEHY,2015-04-21,20.5,20.68000030517578,20.5,20.61000061035156,345800.0,0.283312658512731,0.4097127750807374,0.3465127167967342,0.0382871644471758,0.0210883538775628,-0.0210883538775628
TCEHY_2015-04-22,TCEHY,2015-04-22,20.850000381469727,21.06999969482422,20.84000015258789,21.030000686645508,1060000.0,0.2668674821309587,0.42769866532207,0.3472830737265143,0.0203784601579779,0.0208548392501023,-0.0208548392501023
TCEHY_2015-04-23,TCEHY,2015-04-23,20.809999465942383,21.030000686645508,20.770000457763672,20.96999931335449,341900.0,0.226315721962115,0.3878226201075825,0.3070691710348487,-0.0028531322554412,0.0206002548015051,-0.0206002548015051
TCEHY_2015-04-24,TCEHY,2015-04-24,20.88999938964844,21.07999992370605,20.809999465942383,21.07999992370605,328400.0,0.2334698499411052,0.3895846946400234,0.3115272722905643,0.0052456182142794,0.0205949326722426,-0.0205949326722426
TCEHY_2015-04-27,TCEHY,2015-04-27,21.07999992370605,21.18000030517578,20.950000762939453,20.959999084472656,287900.0,0.1855202897443764,0.3531310131813923,0.2693256514628843,-0.0056926394529274,0.0202393685872172,-0.0202393685872172
TCEHY_2015-04-28,TCEHY,2015-04-28,21.0,21.14999961853028,20.959999084472656,21.14999961853028,681300.0,0.2141216719804908,0.3733766326254475,0.2937491523029691,0.0090649113719847,0.0201270414782078,-0.0201270414782078
TCEHY_2015-04-29,TCEHY,2015-04-29,21.13999938964844,21.290000915527344,21.049999237060547,21.13999938964844,333800.0,0.2128513493697983,0.3926218026781289,0.3027365760239636,-0.000472824069135,0.0201297447168421,-0.0201297447168421
TCEHY_2015-04-30,TCEHY,2015-04-30,20.700000762939453,20.739999771118164,20.600000381469727,20.6200008392334,420500.0,0.1877880250152719,0.3167305900479273,0.2522593075315996,-0.0245978507771229,0.0204148115918715,-0.0204148115918715
TCEHY_2015-05-01,TCEHY,2015-05-01,20.700000762939453,20.700000762939453,20.43000030517578,20.450000762939453,1092300.0,0.2158145739581816,0.3067093457769656,0.2612619598675736,-0.0082444262548471,0.0199988517362272,-0.0199988517362272
TCEHY_2015-05-04,TCEHY,2015-05-04,20.520000457763672,20.59000015258789,20.3700008392334,20.559999465942383,382800.0,0.1850143523858951,0.2979797517605045,0.2414970520731998,0.005378909481621,0.0196726729817869,-0.0196726729817869
TCEHY_2015-05-05,TCEHY,2015-05-05,20.39999961853028,20.39999961853028,20.049999237060547,20.100000381469727,245700.0,0.1551724610421292,0.2523365318957431,0.2037544964689361,-0.0223734969076553,0.019928419268536,-0.019928419268536
TCEHY_2015-05-06,TCEHY,2015-05-06,20.040000915527344,20.1200008392334,19.799999237060547,19.86000061035156,362700.0,0.144668597907501,0.2553730084362196,0.2000208031718603,-0.0119402868936969,0.0200003519166727,-0.0200003519166727
TCEHY_2015-05-07,TCEHY,2015-05-07,19.850000381469727,19.93000030517578,19.790000915527344,19.93000030517578,421800.0,0.1434308638111516,0.2590019204819964,0.201216392146574,0.003524657234287,0.0199988318997591,-0.0199988318997591
TCEHY_2015-05-08,TCEHY,2015-05-08,20.059999465942383,20.190000534057617,19.920000076293945,20.190000534057617,270900.0,0.1765734681578368,0.2610868360660678,0.2188301521119523,0.0130456710938591,0.0199118082343244,-0.0199118082343244
TCEHY_2015-05-11,TCEHY,2015-05-11,20.530000686645508,20.59000015258789,20.34000015258789,20.350000381469727,341000.0,0.1963550915723559,0.2694946668606934,0.2329248792165247,0.0079247074383288,0.0198669707204917,-0.0198669707204917
TCEHY_2015-05-12,TCEHY,2015-05-12,20.1299991607666,20.200000762939453,20.06999969482422,20.06999969482422,456400.0,0.1709451814184621,0.2694496623745694,0.2201974218965158,-0.0137592472430846,0.0199697410974096,-0.0199697410974096
TCEHY_2015-05-13,TCEHY,2015-05-13,20.920000076293945,21.100000381469727,20.809999465942383,20.89999961853028,849000.0,0.2315851776188986,0.2901233724842136,0.2608542750515561,0.0413552534293315,0.0204852805256408,-0.0204852805256408
TCEHY_2015-05-14,TCEHY,2015-05-14,20.959999084472656,20.979999542236328,20.88999938964844,20.93000030517578,466300.0,0.251046077576762,0.2723403850733801,0.261693231325071,0.0014354395786162,0.0203623445560108,-0.0203623445560108
TCEHY_2015-05-15,TCEHY,2015-05-15,20.989999771118164,21.059999465942383,20.940000534057617,21.030000686645508,261600.0,0.2525312412101792,0.3029740695116336,0.2777526553609064,0.004777849021101,0.0203627311500821,-0.0203627311500821
TCEHY_2015-05-18,TCEHY,2015-05-18,20.920000076293945,20.93000030517578,20.799999237060547,20.88999938964844,442500.0,0.2368265331289194,0.2561635865221212,0.2464950598255203,-0.006657217899473,0.0204029789089349,-0.0204029789089349
TCEHY_2015-05-19,TCEHY,2015-05-19,20.88999938964844,20.89999961853028,20.75,20.76000022888184,768200.0,0.2468468891601309,0.1986143530409878,0.2227306211005594,-0.0062230332486759,0.0203152755574361,-0.0203152755574361
TCEHY_2015-05-20,TCEHY,2015-05-20,20.36000061035156,20.530000686645508,20.350000381469727,20.5,442700.0,0.2260766053755976,0.2260766053755976,0.2260766053755976,-0.0125240956654769,0.0204177563818072,-0.0204177563818072
TCEHY_2015-05-21,TCEHY,2015-05-21,20.270000457763672,20.39999961853028,20.14999961853028,20.38999938964844,311500.0,0.209371213019385,0.2539974847866664,0.2316843489030257,-0.0053658834317833,0.0204376108379732,-0.0204376108379732
TCEHY_2015-05-22,TCEHY,2015-05-22,20.540000915527344,20.739999771118164,20.46999931335449,20.690000534057617,504000.0,0.2022081135800126,0.294743499796255,0.2484758066881338,0.0147131512206655,0.0203680250459971,-0.0203680250459971
TCEHY_2015-05-26,TCEHY,2015-05-26,20.459999084472656,20.6200008392334,20.299999237060547,20.31999969482422,351500.0,0.1678161000178566,0.2597644607601133,0.2137902803889849,-0.0178830753834126,0.0205122852654585,-0.0205122852654585
TCEHY_2015-05-27,TCEHY,2015-05-27,20.56999969482422,20.56999969482422,20.21999931335449,20.43000030517578,308900.0,0.1707736052691351,0.2495412739152056,0.2101574395921703,0.0054134159450593,0.020515187851019,-0.020515187851019
TCEHY_2015-05-28,TCEHY,2015-05-28,20.09000015258789,20.15999984741211,19.959999084472656,20.06999969482422,668200.0,0.1567722912709284,0.2427244686616707,0.1997483799662995,-0.0176211749864907,0.020648358817991,-0.020648358817991
TCEHY_2015-05-29,TCEHY,2015-05-29,20.0,20.14999961853028,19.93000030517578,19.959999084472656,248100.0,0.1464675048483465,0.2428393367509633,0.1946534207996549,-0.0054808476344885,0.0206725168193994,-0.0206725168193994
TCEHY_2015-06-01,TCEHY,2015-06-01,20.14999961853028,20.239999771118164,19.920000076293945,19.96999931335449,583300.0,0.1378917482334472,0.2289230346679684,0.1834073914507078,0.0005010134940142,0.0206610328822663,-0.0206610328822663
TCEHY_2015-06-02,TCEHY,2015-06-02,20.200000762939453,20.229999542236328,20.049999237060547,20.200000762939453,752400.0,0.1642651480580716,0.2632896217688243,0.213777384913448,0.011517348898012,0.0206183996059479,-0.0206183996059479
TCEHY_2015-06-03,TCEHY,2015-06-03,20.459999084472656,20.5,20.25,20.479999542236328,500400.0,0.1962615968629464,0.3315994401720978,0.2639305185175221,0.0138613251842338,0.020564525511376,-0.020564525511376
TCEHY_2015-06-04,TCEHY,2015-06-04,20.459999084472656,20.459999084472656,20.170000076293945,20.239999771118164,217900.0,0.1912889961025647,0.2999357847030881,0.2456123904028264,-0.0117187390860633,0.020605501860734,-0.020605501860734
TCEHY_2015-06-05,TCEHY,2015-06-05,20.040000915527344,20.06999969482422,19.850000381469727,20.06999969482422,550800.0,0.1982089370044308,0.3109078474686737,0.2545583922365523,-0.0083992133506113,0.0205413160113269,-0.0205413160113269
TCEHY_2015-06-08,TCEHY,2015-06-08,20.07999992370605,20.11000061035156,19.850000381469727,19.86000061035156,296000.0,0.164126684177156,0.3048620408617479,0.234494362519452,-0.010463332718775,0.0205146250918785,-0.0205146250918785
TCEHY_2015-06-09,TCEHY,2015-06-09,19.950000762939453,20.09000015258789,19.799999237060547,19.989999771118164,220000.0,0.1948595527843073,0.2972096021451422,0.2460345774647248,0.0065457782865749,0.0203260089526894,-0.0203260089526894
TCEHY_2015-06-10,TCEHY,2015-06-10,19.88999938964844,20.030000686645508,19.700000762939453,20.020000457763672,567300.0,0.18883612092409,0.330232571697139,0.2595343463106145,0.0015007847418213,0.0203217899178852,-0.0203217899178852
TCEHY_2015-06-11,TCEHY,2015-06-11,20.030000686645508,20.13999938964844,19.979999542236328,20.11000061035156,244400.0,0.1794722293382673,0.3569501366032304,0.2682111829707488,0.0044955120144858,0.020286338163339,-0.020286338163339
TCEHY_2015-06-12,TCEHY,2015-06-12,20.290000915527344,20.290000915527344,20.11000061035156,20.21999931335449,170100.0,0.1824560738177365,0.3830368995643298,0.2827464866910332,0.0054698508037989,0.020289076909411,-0.020289076909411
TCEHY_2015-06-15,TCEHY,2015-06-15,19.81999969482422,20.06999969482422,19.809999465942383,19.84000015258789,286500.0,0.1304843883235915,0.3570451646983164,0.2437647765109539,-0.0187932331192327,0.020244000483085,-0.020244000483085
TCEHY_2015-06-16,TCEHY,2015-06-16,19.959999084472656,19.959999084472656,19.76000022888184,19.8700008392334,120600.0,0.1257791087073114,0.3760388792688567,0.2509089939880841,0.0015121313717123,0.0202390283907554,-0.0202390283907554
TCEHY_2015-06-17,TCEHY,2015-06-17,19.89999961853028,20.13999938964844,19.780000686645508,19.88999938964844,867100.0,0.1510415856071127,0.4076432575057647,0.2793424215564387,0.001006469530467,0.0200236905044427,-0.0200236905044427
TCEHY_2015-06-18,TCEHY,2015-06-18,19.90999984741211,20.07999992370605,19.84000015258789,20.049999237060547,1079700.0,0.0744908575034748,0.4434844306320733,0.2589876440677741,0.0080442359136208,0.0174193328675786,-0.0174193328675786
TCEHY_2015-06-19,TCEHY,2015-06-19,19.89999961853028,20.040000915527344,19.84000015258789,19.90999984741211,730800.0,0.0715823427969515,0.4334052811584925,0.252493811977722,-0.0069825134651207,0.017436552744406,-0.017436552744406
TCEHY_2015-06-22,TCEHY,2015-06-22,20.13999938964844,20.299999237060547,20.13999938964844,20.229999542236328,620100.0,0.0647368180124383,0.3932506132546014,0.2289937156335199,0.0160723102600028,0.0173265698344814,-0.0173265698344814
TCEHY_2015-06-23,TCEHY,2015-06-23,20.39999961853028,20.520000457763672,20.36000061035156,20.5,646400.0,0.1111110651647442,0.362126228584388,0.2366186468745661,0.0133465380065858,0.0169572929366757,-0.0169572929366757
TCEHY_2015-06-24,TCEHY,2015-06-24,20.959999084472656,21.14999961853028,20.950000762939453,21.06999969482422,486200.0,0.1596037207679403,0.4333333311708065,0.2964685259693734,0.027804863162157,0.0171264521458431,-0.0171264521458431
TCEHY_2015-06-25,TCEHY,2015-06-25,20.950000762939453,20.989999771118164,20.809999465942383,20.850000381469727,418100.0,0.1487603757403319,0.4280821805958634,0.2884212781680977,-0.0104413534191238,0.0171983803207812,-0.0171983803207812
TCEHY_2015-06-26,TCEHY,2015-06-26,20.61000061035156,20.790000915527344,20.420000076293945,20.43000030517578,2724300.0,0.0942688924311563,0.4079944853832817,0.251131688907219,-0.0201438881827176,0.0170931941079523,-0.0170931941079523
TCEHY_2015-06-29,TCEHY,2015-06-29,19.76000022888184,19.81999969482422,19.459999084472656,19.479999542236328,401800.0,0.0383794938470212,0.3082605166608949,0.173320005253958,-0.0465002813876012,0.0181275983533966,-0.0181275983533966
TCEHY_2015-06-30,TCEHY,2015-06-30,20.14999961853028,20.14999961853028,19.89999961853028,20.049999237060547,642300.0,0.0569319959303193,0.3780068023523442,0.2174693991413318,0.0292607653089698,0.0184356185841048,-0.0184356185841048
TCEHY_2015-07-01,TCEHY,2015-07-01,20.190000534057617,20.190000534057617,19.920000076293945,19.96999931335449,419400.0,0.0471945271595646,0.3791436425881453,0.213169084873855,-0.0039900212842993,0.0184383100011312,-0.0184383100011312
TCEHY_2015-07-02,TCEHY,2015-07-02,20.25,20.350000381469727,19.979999542236328,20.190000534057617,238300.0,0.0412584409278664,0.3914541843955224,0.2163563126616944,0.0110165862928202,0.0183724230313549,-0.0183724230313549
TCEHY_2015-07-06,TCEHY,2015-07-06,19.0,19.14999961853028,18.549999237060547,19.01000022888184,475600.0,-0.0291113226274376,0.3219749706254389,0.1464318239990006,-0.0584447882101483,0.0197908301654916,-0.0197908301654916
TCEHY_2015-07-07,TCEHY,2015-07-07,18.63999938964844,18.68000030517578,17.90999984741211,18.420000076293945,1333000.0,-0.0587633948116217,0.2616438078777414,0.1014402065330598,-0.0310363043389925,0.0201667903300793,-0.0201667903300793
TCEHY_2015-07-08,TCEHY,2015-07-08,17.270000457763672,17.399999618530273,17.170000076293945,17.200000762939453,1538200.0,-0.1522917699931302,0.1249182999248974,-0.0136867350341163,-0.0662323185831361,0.0212221231781363,-0.0212221231781363
TCEHY_2015-07-09,TCEHY,2015-07-09,18.81999969482422,18.89999961853028,18.540000915527344,18.63999938964844,5167600.0,-0.1195087707854373,0.1484904445708961,0.0144908368927293,0.0837208466764565,0.02314715903466,-0.02314715903466
TCEHY_2015-07-10,TCEHY,2015-07-10,19.299999237060547,19.350000381469727,19.0,19.190000534057617,2007300.0,-0.0883609867181478,0.1560241019921338,0.0338315576369929,0.0295065001297485,0.023473163395628,-0.023473163395628
TCEHY_2015-07-13,TCEHY,2015-07-13,19.239999771118164,19.5,19.239999771118164,19.450000762939453,214000.0,-0.1003700273848319,0.1780739244881726,0.0388519485516703,0.0135487348434617,0.0232713275584996,-0.0232713275584996
TCEHY_2015-07-14,TCEHY,2015-07-14,19.450000762939453,19.799999237060547,19.43000030517578,19.71999931335449,271000.0,-0.0505537371818738,0.2172838509037415,0.0833650568609338,0.0138816729986714,0.0228348193707761,-0.0228348193707761
TCEHY_2015-07-15,TCEHY,2015-07-15,19.5,19.5,19.11000061035156,19.11000061035156,479800.0,-0.0562962661554785,0.1624087584889482,0.0530562461667348,-0.0309329981867613,0.0229485412437343,-0.0229485412437343
TCEHY_2015-07-16,TCEHY,2015-07-16,19.239999771118164,19.450000762939453,19.239999771118164,19.450000762939453,368400.0,-0.058111325799445,0.2028448157804376,0.0723667449904963,0.0177917394939131,0.022921716358911,-0.022921716358911
TCEHY_2015-07-17,TCEHY,2015-07-17,19.739999771118164,19.920000076293945,19.729999542236328,19.90999984741211,141400.0,0.0030226430624351,0.2366459239546041,0.1198342835085196,0.0236503376055978,0.0225967757515759,-0.0225967757515759
TCEHY_2015-07-20,TCEHY,2015-07-20,19.96999931335449,20.209999084472656,19.93000030517578,20.170000076293945,405000.0,0.0161208911171075,0.2765822678990632,0.1463515795080854,0.0130587760358837,0.0226538121040348,-0.0226538121040348
TCEHY_2015-07-21,TCEHY,2015-07-21,20.15999984741211,20.200000762939453,20.09000015258789,20.14999961853028,292300.0,-0.0223193099562665,0.2546700055165849,0.1161753477801592,-0.0009915943325736,0.0221317375773479,-0.0221317375773479
TCEHY_2015-07-22,TCEHY,2015-07-22,20.14999961853028,20.14999961853028,19.75,19.86000061035156,275800.0,-0.0556348092293179,0.1963855514437764,0.0703753711072292,-0.0143920106039125,0.0220457586900165,-0.0220457586900165
TCEHY_2015-07-23,TCEHY,2015-07-23,19.75,20.0,19.64999961853028,19.65999984741211,238800.0,-0.0624701720952428,0.1497075677680397,0.0436186978363984,-0.0100705315605682,0.0220760227912512,-0.0220760227912512
TCEHY_2015-07-24,TCEHY,2015-07-24,19.549999237060547,19.549999237060547,19.190000534057617,19.26000022888184,1014300.0,-0.0863377467462647,0.126974842417737,0.0203185478357361,-0.020345860713876,0.0221984002532925,-0.0221984002532925
TCEHY_2015-07-27,TCEHY,2015-07-27,18.6299991607666,18.64999961853028,18.32999992370605,18.34000015258789,720300.0,-0.1249999545002691,0.0373303074671833,-0.0438348235165428,-0.0477673969553924,0.0229560452255869,-0.0229560452255869
TCEHY_2015-07-28,TCEHY,2015-07-28,19.0,19.0,18.670000076293945,18.809999465942383,519100.0,-0.1106383070824142,0.0797933056004989,-0.0154225007409576,0.0256270070580217,0.0231769198089802,-0.0231769198089802
TCEHY_2015-07-29,TCEHY,2015-07-29,18.64999961853028,18.84000015258789,18.549999237060547,18.809999465942383,474500.0,-0.1102175965457682,0.0791737886749672,-0.0155219039354004,0.0,0.0231773655753912,-0.0231773655753912
TCEHY_2015-07-30,TCEHY,2015-07-30,18.3700008392334,18.57999992370605,18.34000015258789,18.520000457763672,215600.0,-0.1018428853540143,0.0668202653587706,-0.0175113099976218,-0.015417278916131,0.0230589161670635,-0.0230589161670635
TCEHY_2015-07-31,TCEHY,2015-07-31,18.600000381469727,18.799999237060547,18.59000015258789,18.61000061035156,220800.0,-0.0899755542269923,0.1064209838290397,0.0082227148010237,0.0048596193500718,0.0230556646383535,-0.0230556646383535
TCEHY_2015-08-03,TCEHY,2015-08-03,18.350000381469727,18.5,18.270000457763672,18.299999237060547,203100.0,-0.1099221929760029,0.0547549760635996,-0.0275836084562016,-0.0166577841549654,0.023120796342211,-0.023120796342211
TCEHY_2015-08-04,TCEHY,2015-08-04,18.420000076293945,18.540000915527344,18.290000915527344,18.420000076293945,196000.0,-0.0835821031488427,0.0586207172486035,-0.0124806929501196,0.0065574231823122,0.0229881383754831,-0.0229881383754831
TCEHY_2015-08-05,TCEHY,2015-08-05,18.350000381469727,18.530000686645508,18.31999969482422,18.450000762939453,109400.0,-0.0709969689868578,0.0634005969616322,-0.0037981860126127,0.00162870176554,0.0229486977152987,-0.0229486977152987
TCEHY_2015-08-06,TCEHY,2015-08-06,18.18000030517578,18.32999992370605,17.950000762939453,18.030000686645508,175900.0,-0.0953336472371677,0.0344234292004894,-0.0304551090183391,-0.0227642308361092,0.0231052569102195,-0.0231052569102195
TCEHY_2015-08-07,TCEHY,2015-08-07,18.09000015258789,18.25,18.07999992370605,18.190000534057617,184700.0,-0.0990589374490747,0.0600233505713487,-0.019517793438863,0.0088740899233918,0.0230693551017299,-0.0230693551017299
TCEHY_2015-08-10,TCEHY,2015-08-10,18.26000022888184,18.59000015258789,18.26000022888184,18.559999465942383,183400.0,-0.0879607313008838,0.0911228228221157,0.0015810457606159,0.0203407873019028,0.023202882978089,-0.023202882978089
TCEHY_2015-08-11,TCEHY,2015-08-11,18.0,18.100000381469727,17.899999618530273,18.06999969482422,178800.0,-0.0996512222427075,0.0542590629109034,-0.022696079665902,-0.0264008504966454,0.0233673693110112,-0.0233673693110112
TCEHY_2015-08-12,TCEHY,2015-08-12,17.559999465942383,17.610000610351562,17.15999984741211,17.15999984741211,1207700.0,-0.1789473607359412,0.0111962605624913,-0.0838755500867249,-0.0503597046364511,0.0235174507175409,-0.0235174507175409
TCEHY_2015-08-13,TCEHY,2015-08-13,18.520000457763672,18.59000015258789,18.39999961853028,18.489999771118164,308800.0,-0.1165790969173674,0.1052002556508482,-0.0056894206332596,0.0775058237489805,0.0256016244383628,-0.0256016244383628
TCEHY_2015-08-14,TCEHY,2015-08-14,18.40999984741211,18.59000015258789,18.38999938964844,18.549999237060547,930600.0,-0.1179268363581088,0.1048241944945673,-0.0065513209317707,0.003244968452412,0.02559615032054,-0.02559615032054
TCEHY_2015-08-17,TCEHY,2015-08-17,18.229999542236328,18.350000381469727,18.010000228881836,18.34000015258789,1827100.0,-0.1220679421524609,0.0858496634303096,-0.0181091393610756,-0.0113207058280144,0.0256175444010233,-0.0256175444010233
TCEHY_2015-08-18,TCEHY,2015-08-18,17.969999313354492,18.010000228881836,17.81999969482422,18.0,294800.0,-0.1329479864379797,0.0810811058498326,-0.0259334402940735,-0.0185387213609109,0.02569914616629,-0.02569914616629
TCEHY_2015-08-19,TCEHY,2015-08-19,17.989999771118164,18.0,17.6200008392334,17.760000228881836,1224000.0,-0.1336585254203982,0.0622010142486477,-0.0357287555858752,-0.0133333206176757,0.0257047241698733,-0.0257047241698733
TCEHY_2015-08-20,TCEHY,2015-08-20,17.260000228881836,17.3799991607666,17.139999389648438,17.149999618530273,688200.0,-0.1589014157971503,0.0172004150462876,-0.0708505003754313,-0.0343468807708438,0.026024163180108,-0.026024163180108
TCEHY_2015-08-21,TCEHY,2015-08-21,16.850000381469727,16.920000076293945,16.5,16.600000381469727,1117900.0,-0.1976800409383934,-0.0354444355289529,-0.1165622382336731,-0.0320699270725511,0.0261945619903522,-0.0261945619903522
TCEHY_2015-08-24,TCEHY,2015-08-24,14.90999984741211,16.200000762939453,14.899999618530272,15.59000015258789,1545900.0,-0.2327755715193796,-0.1040229600933329,-0.1683992658063562,-0.0608433858838509,0.0271267860371997,-0.0271267860371997
TCEHY_2015-08-25,TCEHY,2015-08-25,17.299999237060547,17.690000534057617,17.020000457763672,17.149999618530273,1148200.0,-0.1605482446231068,-0.0171920419078907,-0.0888701432654987,0.1000641084460431,0.0301048855304562,-0.0301048855304562
TCEHY_2015-08-26,TCEHY,2015-08-26,16.799999237060547,16.8700008392334,16.440000534057617,16.860000610351562,1382100.0,-0.1599401660828361,-0.0282420611149667,-0.0940911135989014,-0.0169095635352302,0.0300991898484512,-0.0300991898484512
TCEHY_2015-08-27,TCEHY,2015-08-27,16.940000534057617,17.469999313354492,16.93000030517578,17.469999313354492,857600.0,-0.1247494932529927,0.0034462645874921,-0.0606516143327502,0.0361802301850693,0.0304838594071661,-0.0304838594071661
TCEHY_2015-08-28,TCEHY,2015-08-28,16.90999984741211,17.049999237060547,16.829999923706055,16.950000762939453,487000.0,-0.151226772872019,-0.034187948729597,-0.092707360800808,-0.0297652301575959,0.0306870613174249,-0.0306870613174249
TCEHY_2015-08-31,TCEHY,2015-08-31,16.8799991607666,16.950000762939453,16.75,16.850000381469727,493700.0,-0.165841596779338,-0.0288184431704112,-0.0973300199748746,-0.0058997272547841,0.0306404488349798,-0.0306404488349798
TCEHY_2015-09-01,TCEHY,2015-09-01,16.34000015258789,16.3799991607666,16.020000457763672,16.079999923706055,483100.0,-0.2148437361756802,-0.0607477140505743,-0.1377957251131272,-0.0456973555092886,0.0310462076939523,-0.0310462076939523
TCEHY_2015-09-02,TCEHY,2015-09-02,16.399999618530273,16.450000762939453,16.200000762939453,16.450000762939453,399700.0,-0.1872529175413786,-0.0317833440525804,-0.1095181307969795,0.0230100025490622,0.0312033679762035,-0.0312033679762035
TCEHY_2015-09-03,TCEHY,2015-09-03,16.6299991607666,16.780000686645508,16.5,16.690000534057617,299300.0,-0.1684105237748587,-0.0035820576682019,-0.0859962907215303,0.0145896510630483,0.0312713153105137,-0.0312713153105137
TCEHY_2015-09-04,TCEHY,2015-09-04,16.3799991607666,16.3799991607666,15.93000030517578,16.100000381469727,263100.0,-0.1893252826448566,-0.0562719293391036,-0.1227986059919801,-0.035350517298303,0.0315303407675848,-0.0315303407675848
TCEHY_2015-09-08,TCEHY,2015-09-08,16.719999313354492,16.979999542236328,16.5,16.850000381469727,465600.0,-0.1570785105353104,0.0071727939340611,-0.0749528583006246,0.0465838498279298,0.0321205839151321,-0.0321205839151321
TCEHY_2015-09-09,TCEHY,2015-09-09,17.110000610351562,17.280000686645508,16.770000457763672,16.770000457763672,1212100.0,-0.1623376586257601,-0.0041567514364577,-0.0832472050311089,-0.004747769845396,0.0321186001816135,-0.0321186001816135
TCEHY_2015-09-10,TCEHY,2015-09-10,16.389999389648438,16.760000228881836,16.170000076293945,16.600000381469727,921200.0,-0.1745400359199925,-0.0263928959370675,-0.10046646592853,-0.010137153944754,0.0321215347945356,-0.0321215347945356
TCEHY_2015-09-11,TCEHY,2015-09-11,16.31999969482422,16.56999969482422,16.31999969482422,16.559999465942383,617800.0,-0.1810089006775991,-0.031579000203562,-0.1062939504405806,-0.0024096936510914,0.0321051895070921,-0.0321051895070921
TCEHY_2015-09-14,TCEHY,2015-09-14,16.559999465942383,16.56999969482422,16.329999923706055,16.540000915527344,364000.0,-0.166330605427445,-0.0575497644125463,-0.1119401849199956,-0.0012076419722215,0.0320390613616713,-0.0320390613616713
TCEHY_2015-09-15,TCEHY,2015-09-15,16.860000610351562,17.1299991607666,16.59000015258789,16.950000762939453,2234900.0,-0.1469552064903989,-0.0396599926753488,-0.0933075995828738,0.0247883811800282,0.0322184142767989,-0.0322184142767989
TCEHY_2015-09-16,TCEHY,2015-09-16,17.40999984741211,17.760000228881836,17.40999984741211,17.729999542236328,2503900.0,-0.1085972807287396,0.0260415994044833,-0.0412778406621281,0.0460176250258532,0.0327806452984269,-0.0327806452984269
TCEHY_2015-09-17,TCEHY,2015-09-17,16.989999771118164,17.700000762939453,16.989999771118164,17.420000076293945,281000.0,-0.1311720329597466,-0.0664522926719174,-0.098812162815832,-0.017484459895439,0.0328210403812814,-0.0328210403812814
TCEHY_2015-09-18,TCEHY,2015-09-18,17.510000228881836,17.510000228881836,17.100000381469727,17.149999618530273,330800.0,-0.138623819690314,-0.0769644946742574,-0.1077941571822857,-0.0154994521573569,0.0328606465806957,-0.0328606465806957
TCEHY_2015-09-21,TCEHY,2015-09-21,17.200000762939453,17.31999969482422,17.149999618530273,17.190000534057617,244900.0,-0.1502718278283585,-0.0952631297864412,-0.1227674788073999,0.0023324149514338,0.0327853556887441,-0.0327853556887441
TCEHY_2015-09-22,TCEHY,2015-09-22,16.6299991607666,16.780000686645508,16.59000015258789,16.729999542236328,578800.0,-0.1839024613543254,-0.0932249945570785,-0.138563727955702,-0.0267598009034329,0.032870683369215,-0.032870683369215
TCEHY_2015-09-23,TCEHY,2015-09-23,16.93000030517578,16.93000030517578,16.6299991607666,16.6299991607666,1189400.0,-0.2107261793244491,-0.0847551408399031,-0.1477406600821761,-0.0059773092771022,0.0326398508822984,-0.0326398508822984
TCEHY_2015-09-24,TCEHY,2015-09-24,16.600000381469727,16.8700008392334,16.5,16.860000610351562,706400.0,-0.1913668919960426,-0.0710743270133015,-0.131220609504672,0.0138305148040884,0.0326965673692381,-0.0326965673692381
TCEHY_2015-09-25,TCEHY,2015-09-25,16.8700008392334,17.149999618530273,16.719999313354492,16.760000228881836,516100.0,-0.1796377886183476,-0.102303151559025,-0.1409704700886863,-0.0059312205130247,0.0326242407303069,-0.0326242407303069
TCEHY_2015-09-28,TCEHY,2015-09-28,16.75,16.75,16.360000610351562,16.469999313354492,296000.0,-0.1545174691793799,-0.1220682775899858,-0.1382928733846828,-0.0173031570147353,0.0321954049778365,-0.0321954049778365
TCEHY_2015-09-29,TCEHY,2015-09-29,16.510000228881836,16.59000015258789,16.3799991607666,16.520000457763672,555500.0,-0.1760597961905157,-0.1291512358604076,-0.1526055160254616,0.0030358923189897,0.0319512554926834,-0.0319512554926834
TCEHY_2015-09-30,TCEHY,2015-09-30,16.549999237060547,16.920000076293945,16.549999237060547,16.8799991607666,446500.0,-0.1547321111083623,-0.1148400927689581,-0.1347861019386602,0.0217916884399205,0.0320975834208514,-0.0320975834208514
TCEHY_2015-10-01,TCEHY,2015-10-01,16.93000030517578,17.200000762939453,16.920000076293945,17.149999618530273,1176500.0,-0.1505696302681766,-0.1155234575362604,-0.1330465439022185,0.0159952885774556,0.0321366628579854,-0.0321366628579854
TCEHY_2015-10-02,TCEHY,2015-10-02,17.170000076293945,17.899999618530273,17.170000076293945,17.780000686645508,597000.0,-0.0647027631471354,-0.0919305027617101,-0.0783166329544227,0.0367347569754188,0.0316783513109847,-0.0316783513109847
TCEHY_2015-10-05,TCEHY,2015-10-05,18.0,18.299999237060547,18.0,18.25,377400.0,-0.0092291029093279,-0.0674501643029318,-0.0383396336061299,0.0264341560856915,0.0316143989071994,-0.0316143989071994
TCEHY_2015-10-06,TCEHY,2015-10-06,18.25,18.25,17.93000030517578,18.100000381469727,445100.0,0.0523255568958744,-0.1079349647728046,-0.027804703938465,-0.0082191571797409,0.0304682018657302,-0.0304682018657302
TCEHY_2015-10-07,TCEHY,2015-10-07,18.270000457763672,18.46999931335449,18.239999771118164,18.450000762939453,616000.0,-0.0101930597065631,-0.1284836704559265,-0.0693383650812448,0.0193370372427199,0.0286852767977753,-0.0286852767977753
TCEHY_2015-10-08,TCEHY,2015-10-08,18.5,18.75,18.36000061035156,18.68000030517578,753800.0,-0.026576353032232,-0.112589026973082,-0.069582690002657,0.0124660993347127,0.0284844735737287,-0.0284844735737287
TCEHY_2015-10-09,TCEHY,2015-10-09,18.5,18.700000762939453,18.40999984741211,18.57999992370605,963100.0,-0.0447301185145002,-0.1406105826791049,-0.0926703505968026,-0.0053533393916499,0.028438617710559,-0.028438617710559
TCEHY_2015-10-12,TCEHY,2015-10-12,18.549999237060547,18.61000061035156,18.489999771118164,18.57999992370605,507200.0,-0.0578093016908182,-0.1054405626283467,-0.0816249321595825,0.0,0.0283804219205674,-0.0283804219205674
TCEHY_2015-10-13,TCEHY,2015-10-13,18.489999771118164,18.51000022888184,18.26000022888184,18.38999938964844,557000.0,-0.0376766717795449,-0.0918518819926695,-0.0647642768861072,-0.0102260783012808,0.0281418180642853,-0.0281418180642853
TCEHY_2015-10-14,TCEHY,2015-10-14,18.38999938964844,18.520000457763672,18.36000061035156,18.3799991607666,169900.0,-0.0550129336864428,-0.1099273849732517,-0.0824701593298473,-0.0005437862541457,0.0280471394096753,-0.0280471394096753
TCEHY_2015-10-15,TCEHY,2015-10-15,18.61000061035156,18.93000030517578,18.600000381469727,18.88999938964844,280000.0,-0.0512305608026535,-0.0483627694394132,-0.0497966651210333,0.0277475654063397,0.02810876226347,-0.02810876226347
TCEHY_2015-10-16,TCEHY,2015-10-16,18.89999961853028,19.100000381469727,18.89999961853028,19.059999465942383,457200.0,-0.0550322561305371,-0.0397985340224387,-0.0474153950764879,0.0089994749490092,0.0280819344835437,-0.0280819344835437
TCEHY_2015-10-19,TCEHY,2015-10-19,19.0,19.1299991607666,18.780000686645508,19.01000022888184,855000.0,-0.056575653162796,-0.0776322335801438,-0.0671039433714699,-0.002623254903542,0.0280831332193426,-0.0280831332193426
TCEHY_2015-10-20,TCEHY,2015-10-20,18.920000076293945,19.299999237060547,18.90999984741211,19.190000534057617,2126500.0,-0.0337361558762853,-0.0874940605092956,-0.0606151081927904,0.0094687166232803,0.0280542057651073,-0.0280542057651073
TCEHY_2015-10-21,TCEHY,2015-10-21,19.15999984741211,19.31999969482422,19.07999992370605,19.07999992370605,2733000.0,-0.0295015222892998,-0.0901287292100584,-0.0598151257496791,-0.0057321838087676,0.0280348107261449,-0.0280348107261449
TCEHY_2015-10-22,TCEHY,2015-10-22,19.100000381469727,19.270000457763672,18.93000030517578,19.21999931335449,1117800.0,-0.0020768907088259,-0.0882353233910523,-0.0451561070499391,0.0073374942457151,0.027929011847898,-0.027929011847898
TCEHY_2015-10-23,TCEHY,2015-10-23,19.64999961853028,19.729999542236328,19.559999465942383,19.729999542236328,1624700.0,0.0757905876817728,-0.0586831868302667,0.008553700425753,0.0265348723778298,0.0274288514672187,-0.0274288514672187
TCEHY_2015-10-26,TCEHY,2015-10-26,19.39999961853028,19.39999961853028,19.200000762939453,19.229999542236328,440400.0,0.0223285533343264,-0.0907801470885971,-0.0342257968771353,-0.0253421191890877,0.0274581550682759,-0.0274581550682759
TCEHY_2015-10-27,TCEHY,2015-10-27,19.229999542236328,19.32999992370605,19.170000076293945,19.26000022888184,795800.0,0.0239234862156287,-0.0889308994818218,-0.0325037066330965,0.0015600981466286,0.0274582022642771,-0.0274582022642771
TCEHY_2015-10-28,TCEHY,2015-10-28,19.290000915527344,19.420000076293945,19.229999542236328,19.3799991607666,1063900.0,0.046436213917177,-0.0601358694470789,-0.0068498277649509,0.0062304740632772,0.027388096936376,-0.027388096936376
TCEHY_2015-10-29,TCEHY,2015-10-29,19.1299991607666,19.1299991607666,18.90999984741211,18.989999771118164,285900.0,0.0204190837347546,-0.0713936888680796,-0.0254873025666624,-0.0201238083868425,0.0275131412900712,-0.0275131412900712
TCEHY_2015-10-30,TCEHY,2015-10-30,18.86000061035156,18.89999961853028,18.799999237060547,18.8700008392334,562000.0,0.0311476298326014,-0.0821983789206057,-0.0255253745440021,-0.0063190591538222,0.0274387437595296,-0.0274387437595296
TCEHY_2015-11-02,TCEHY,2015-11-02,18.950000762939453,19.270000457763672,18.93000030517578,19.18000030517578,573200.0,0.0412595127977191,-0.0457711472056536,-0.0022558172039672,0.0164281638662067,0.02749996058594,-0.02749996058594
TCEHY_2015-11-03,TCEHY,2015-11-03,19.39999961853028,19.61000061035156,19.34000015258789,19.530000686645508,223800.0,0.0585365788100915,-0.016616309847143,0.0209601344814742,0.0182481947810646,0.0275855837997193,-0.0275855837997193
TCEHY_2015-11-04,TCEHY,2015-11-04,19.6299991607666,19.799999237060547,19.46999931335449,19.56999969482422,462000.0,0.0854131419595207,-0.018063251622634,0.0336749451684433,0.0020480802238815,0.0274134580537129,-0.0274134580537129
TCEHY_2015-11-05,TCEHY,2015-11-05,19.770000457763672,19.770000457763672,19.450000762939453,19.59000015258789,568000.0,0.0769653423543894,-0.0297177001287153,0.023623821112837,0.001021995813774,0.0273980050954651,-0.0273980050954651
TCEHY_2015-11-06,TCEHY,2015-11-06,19.799999237060547,19.8799991607666,19.6299991607666,19.790000915527344,967100.0,0.0662716317337193,-0.0275184007589653,0.0193766154873769,0.0102093293201446,0.0273154915174114,-0.0273154915174114
TCEHY_2015-11-09,TCEHY,2015-11-09,19.64999961853028,19.64999961853028,19.299999237060547,19.450000762939453,563300.0,0.0763697338916118,-0.030891825675745,0.0227389541079334,-0.0171804010540052,0.0271886427853323,-0.0271886427853323
TCEHY_2015-11-10,TCEHY,2015-11-10,19.56999969482422,19.65999984741211,19.39999961853028,19.57999992370605,1262500.0,0.1410256467256845,-0.063157881287897,0.0389338827188937,0.0066837612168273,0.0263703334076147,-0.0263703334076147
TCEHY_2015-11-11,TCEHY,2015-11-11,19.64999961853028,19.700000762939453,19.520000457763672,19.549999237060547,783500.0,0.0573282573858182,-0.0659341160054343,-0.004302929309808,-0.0015322107641676,0.0245590325100474,-0.0245590325100474
TCEHY_2015-11-12,TCEHY,2015-11-12,19.729999542236328,19.809999465942383,19.61000061035156,19.6200008392334,608800.0,0.0576820294437061,-0.0670470661614143,-0.004682518358854,0.0035806447521569,0.0245595245458631,-0.0245595245458631
TCEHY_2015-11-13,TCEHY,2015-11-13,19.520000457763672,19.520000457763672,19.200000762939453,19.270000457763672,384200.0,0.0507088493695868,-0.0775490176743386,-0.0134200841523758,-0.0178389585371394,0.0246266901995005,-0.0246266901995005
TCEHY_2015-11-16,TCEHY,2015-11-16,19.280000686645508,19.63999938964844,19.14999961853028,19.6299991607666,225200.0,0.0905555089314777,-0.0544316500798083,0.0180619294258347,0.0186818211962154,0.0245948838187205,-0.0245948838187205
TCEHY_2015-11-17,TCEHY,2015-11-17,19.670000076293945,19.729999542236328,19.600000381469727,19.700000762939453,631800.0,0.1092342628972904,-0.0390243530273437,0.0351049549349733,0.003566052224432,0.0245206457564269,-0.0245206457564269
TCEHY_2015-11-18,TCEHY,2015-11-18,19.57999992370605,19.780000686645508,19.46999931335449,19.780000686645508,364800.0,0.1533528353711195,-0.029916563083009,0.0617181361440552,0.0040609096755241,0.0240773826575432,-0.0240773826575432
TCEHY_2015-11-19,TCEHY,2015-11-19,19.75,19.82999992370605,19.709999084472656,19.799999237060547,356900.0,0.1927710109671394,-0.0430160113109735,0.0748774998280829,0.0010110490253187,0.0236674551043783,-0.0236674551043783
TCEHY_2015-11-20,TCEHY,2015-11-20,19.8799991607666,20.25,19.76000022888184,20.25,1894100.0,0.2989095446954544,-0.0034448669230072,0.1477323388862235,0.0227273121353037,0.0223315161388081,-0.0223315161388081
TCEHY_2015-11-23,TCEHY,2015-11-23,20.229999542236328,20.26000022888184,20.11000061035156,20.14999961853028,1022600.0,0.1749271175935514,-0.0137053686961798,0.0806108744486857,-0.0049382904429491,0.0186995953449036,-0.0186995953449036
TCEHY_2015-11-24,TCEHY,2015-11-24,19.96999931335449,20.26000022888184,19.82999992370605,20.209999084472656,803400.0,0.1986950387216646,0.0069755551458499,0.1028352969337572,0.0029776410460673,0.0185297350392293,-0.0185297350392293
TCEHY_2015-11-25,TCEHY,2015-11-25,20.3799991607666,20.3799991607666,20.170000076293945,20.25,404500.0,0.1591299825936689,0.0145291046507582,0.0868295436222136,0.0019792635991793,0.0180379032245188,-0.0180379032245188
TCEHY_2015-11-27,TCEHY,2015-11-27,19.799999237060547,19.86000061035156,19.71999931335449,19.729999542236328,245500.0,0.1640117200097854,-0.0120180159925026,0.0759968520086414,-0.0256790349512924,0.0179269953934315,-0.0179269953934315
TCEHY_2015-11-30,TCEHY,2015-11-30,19.76000022888184,20.020000457763672,19.76000022888184,19.950000762939453,809800.0,0.1839762796016821,-0.0123762371563208,0.0858000212226806,0.0111505943136067,0.0179257495779324,-0.0179257495779324
TCEHY_2015-12-01,TCEHY,2015-12-01,20.020000457763672,20.07999992370605,19.850000381469727,20.06999969482422,937000.0,0.248134315301574,-0.0200195242468906,0.1140573955273416,0.0060149838243457,0.0168169319617889,-0.0168169319617889
TCEHY_2015-12-02,TCEHY,2015-12-02,19.959999084472656,19.959999084472656,19.600000381469727,19.64999961853028,611800.0,0.1945287967888835,-0.0291502054970275,0.082689295645928,-0.0209267604723606,0.0169124215734829,-0.0169124215734829
TCEHY_2015-12-03,TCEHY,2015-12-03,19.670000076293945,19.90999984741211,19.450000762939453,19.6299991607666,435700.0,0.1761532973417001,-0.0219232955031427,0.0771150009192787,-0.0010178350204556,0.0168536088400266,-0.0168536088400266
TCEHY_2015-12-04,TCEHY,2015-12-04,19.520000457763672,19.540000915527344,19.280000686645508,19.530000686645508,987000.0,0.213043492168083,-0.016616309847143,0.09821359116047,-0.0050941659906412,0.0161684901256478,-0.0161684901256478
TCEHY_2015-12-07,TCEHY,2015-12-07,19.5,19.520000457763672,19.299999237060547,19.51000022888184,668500.0,0.1578634888541228,-0.0240119833783006,0.066925752737911,-0.001024088943189,0.0151910166711715,-0.0151910166711715
TCEHY_2015-12-08,TCEHY,2015-12-08,19.14999961853028,19.290000915527344,19.059999465942383,19.200000762939453,1165400.0,0.1449016242602911,-0.0409590247789543,0.0519712997406684,-0.0158892599849115,0.01534019081998,-0.01534019081998
TCEHY_2015-12-09,TCEHY,2015-12-09,19.25,19.5,19.25,19.299999237060547,841900.0,0.1626505297316003,-0.0402785354901514,0.0611859971207244,0.0052082536535162,0.0152617116112845,-0.0152617116112845
TCEHY_2015-12-10,TCEHY,2015-12-10,19.43000030517578,19.43000030517578,19.239999771118164,19.239999771118164,389900.0,0.1618357724399401,-0.0484668434973226,0.0566844644713087,-0.003108780741668,0.0152655992410852,-0.0152655992410852
TCEHY_2015-12-11,TCEHY,2015-12-11,19.0,19.0,18.61000061035156,18.61000061035156,411000.0,0.1251511233521729,-0.0619959441923639,0.0315775895799044,-0.0327442395146136,0.0158932305899345,-0.0158932305899345
TCEHY_2015-12-14,TCEHY,2015-12-14,18.75,18.920000076293945,18.700000762939453,18.90999984741211,672500.0,0.1156341590708434,-0.048314089143155,0.0336600349638441,0.0161203238700422,0.0157294205826859,-0.0157294205826859
TCEHY_2015-12-15,TCEHY,2015-12-15,19.06999969482422,19.34000015258789,19.06999969482422,19.270000457763672,775500.0,0.0868584859158489,-0.0311713901915674,0.0278435478621407,0.0190375787020871,0.0148504978953033,-0.0148504978953033
TCEHY_2015-12-16,TCEHY,2015-12-16,19.57999992370605,19.809999465942383,19.520000457763672,19.76000022888184,758500.0,0.1343283663799914,-0.0144637914819802,0.0599322874490055,0.0254281141400156,0.0149526734846404,-0.0149526734846404
TCEHY_2015-12-17,TCEHY,2015-12-17,19.6200008392334,19.6200008392334,19.479999542236328,19.520000457763672,944400.0,0.1381924718337983,-0.0195881161545629,0.0593021778396177,-0.0121457372640804,0.0148948188216671,-0.0148948188216671
TCEHY_2015-12-18,TCEHY,2015-12-18,19.670000076293945,19.670000076293945,19.43000030517578,19.56999969482422,371900.0,0.1384525355919121,-0.0326248078273139,0.0529138638822991,0.0025614362647548,0.0148948880848337,-0.0148948880848337
TCEHY_2015-12-21,TCEHY,2015-12-21,19.549999237060547,19.56999969482422,19.32999992370605,19.51000022888184,742200.0,0.1661686050634465,-0.0482926717618614,0.0589379666507925,-0.0030658899784371,0.0144449861568812,-0.0144449861568812
TCEHY_2015-12-22,TCEHY,2015-12-22,19.39999961853028,19.690000534057617,19.39999961853028,19.57999992370605,732800.0,0.1773903133981553,-0.0707166489178536,0.0533368322401508,0.0035878879550492,0.014404170468274,-0.014404170468274
TCEHY_2015-12-23,TCEHY,2015-12-23,19.64999961853028,19.850000381469727,19.61000061035156,19.82999992370605,377900.0,0.1761565365265167,-0.0489208843693927,0.0636178260785619,0.0127681307954101,0.0143915428090362,-0.0143915428090362
TCEHY_2015-12-24,TCEHY,2015-12-24,19.700000762939453,19.729999542236328,19.61000061035156,19.68000030517578,63000.0,0.174224345848279,-0.0367107189817316,0.0687568134332737,-0.0075642773125254,0.0144087645356058,-0.0144087645356058
TCEHY_2015-12-28,TCEHY,2015-12-28,19.51000022888184,19.549999237060547,19.25,19.520000457763672,130500.0,0.1851852623901522,0.0020534351369265,0.0936193487635393,-0.008130073421291,0.0142492989909103,-0.0142492989909103
TCEHY_2015-12-29,TCEHY,2015-12-29,19.5,19.64999961853028,19.5,19.6299991607666,618300.0,0.1882565748683964,-0.0209476355249736,0.0836544696717113,0.0056351793249667,0.0142537548434507,-0.0142537548434507
TCEHY_2015-12-30,TCEHY,2015-12-30,19.40999984741211,19.530000686645508,19.39999961853028,19.43000030517578,254700.0,0.1510664260183156,-0.0270405121054558,0.0620129569564298,-0.0101884291462704,0.0141369701818316,-0.0141369701818316
TCEHY_2015-12-31,TCEHY,2015-12-31,19.59000015258789,19.65999984741211,19.51000022888184,19.6200008392334,382600.0,0.1440233979967167,-0.0282317820577919,0.0578958079694623,0.0097787200758305,0.014061570236092,-0.014061570236092
TCEHY_2016-01-04,TCEHY,2016-01-04,19.1299991607666,19.26000022888184,18.93000030517578,19.1299991607666,469100.0,0.0759279202466551,0.0063124108595458,0.0411201655531004,-0.0249746002806972,0.0137657970328878,-0.0137657970328878
TCEHY_2016-01-05,TCEHY,2016-01-05,19.09000015258789,19.229999542236328,18.940000534057617,19.07999992370605,170300.0,0.0454794478743041,0.0358306104602847,0.0406550291672944,-0.0026136559986418,0.0133902017504804,-0.0133902017504804
TCEHY_2016-01-06,TCEHY,2016-01-06,18.63999938964844,18.709999084472656,18.530000686645508,18.65999984741211,333400.0,0.0309391963613268,0.0848836639367185,0.0579114301490226,-0.0220125827030067,0.0136502062386799,-0.0136502062386799
TCEHY_2016-01-07,TCEHY,2016-01-07,18.049999237060547,18.200000762939453,17.90999984741211,17.90999984741211,548200.0,-0.0292683410947084,-0.0391630668529812,-0.0342157039738448,-0.0401929263736845,0.0143718907854364,-0.0143718907854364
TCEHY_2016-01-08,TCEHY,2016-01-08,18.32999992370605,18.32999992370605,17.959999084472656,17.969999313354492,1168100.0,-0.0380086177849025,-0.0635748403726158,-0.0507917290787591,0.0033500539616728,0.0142862127828097,-0.0142862127828097
TCEHY_2016-01-11,TCEHY,2016-01-11,17.760000228881836,17.979999542236328,17.610000610351562,17.709999084472656,496200.0,-0.0468245878797538,-0.089460237029,-0.0681424124543769,-0.0144685719986986,0.0143818525975262,-0.0143818525975262
TCEHY_2016-01-12,TCEHY,2016-01-12,17.649999618530273,17.81999969482422,17.59000015258789,17.75,403400.0,-0.0446716860664279,-0.0998985487803945,-0.0722851174234112,0.0022586627665279,0.0143863356272769,-0.0143863356272769
TCEHY_2016-01-13,TCEHY,2016-01-13,17.75,17.940000534057617,17.229999542236328,17.239999771118164,1863300.0,-0.0625339671940174,-0.0978545672165205,-0.080194267205269,-0.0287324072609485,0.0147694225367059,-0.0147694225367059
TCEHY_2016-01-14,TCEHY,2016-01-14,17.360000610351562,17.65999984741211,17.25,17.59000015258789,784700.0,-0.0429814496327627,-0.0956298476808112,-0.069305648656787,0.0203016465264735,0.0150094588702456,-0.0150094588702456
TCEHY_2016-01-15,TCEHY,2016-01-15,17.18000030517578,17.25,16.940000534057617,17.09000015258789,433800.0,-0.0952884751307581,-0.1416373539144331,-0.1184629145225956,-0.0284252413679734,0.0149675884650354,-0.0149675884650354
TCEHY_2016-01-19,TCEHY,2016-01-19,17.989999771118164,18.059999465942383,17.549999237060547,17.709999084472656,906100.0,-0.0708289831740023,-0.1219633605610422,-0.0963961718675223,0.0362784626301411,0.0156543843369687,-0.0156543843369687
TCEHY_2016-01-20,TCEHY,2016-01-20,17.18000030517578,17.309999465942383,16.760000228881836,17.200000762939453,647800.0,-0.0952130165255052,-0.1464019310887707,-0.120807473807138,-0.028797196380453,0.0160395472387596,-0.0160395472387596
TCEHY_2016-01-21,TCEHY,2016-01-21,17.190000534057617,17.510000228881836,17.149999618530273,17.31999969482422,364000.0,-0.0974466277848506,-0.1278953090365678,-0.1126709684107092,0.0069766817768592,0.016015215498925,-0.016015215498925
TCEHY_2016-01-22,TCEHY,2016-01-22,17.950000762939453,18.1200008392334,17.950000762939453,18.1200008392334,938800.0,-0.0503144176263804,-0.0783315880026024,-0.0643230028144914,0.046189443331702,0.0170935351194872,-0.0170935351194872
TCEHY_2016-01-25,TCEHY,2016-01-25,18.43000030517578,18.5,18.270000457763672,18.299999237060547,1064400.0,-0.0478668110906073,-0.0498442876642181,-0.0488555493774127,0.00993368595422,0.0171162781593714,-0.0171162781593714
TCEHY_2016-01-26,TCEHY,2016-01-26,18.13999938964844,18.6299991607666,18.13999938964844,18.540000915527344,360800.0,-0.0603141740658196,0.0109051669179638,-0.0247045035739278,0.0131148463646246,0.0168542028296858,-0.0168542028296858
TCEHY_2016-01-27,TCEHY,2016-01-27,18.059999465942383,18.21999931335449,17.899999618530273,18.020000457763672,391900.0,-0.0629224707891979,-0.0419988851998157,-0.0524606779945068,-0.0280474882462475,0.0169209342562817,-0.0169209342562817
TCEHY_2016-01-28,TCEHY,2016-01-28,18.15999984741211,18.36000061035156,18.14999961853028,18.280000686645508,664800.0,-0.0508826339870311,-0.028176437764206,-0.0395295358756186,0.0144284252096018,0.0170283152533217,-0.0170283152533217
TCEHY_2016-01-29,TCEHY,2016-01-29,18.600000381469727,18.75,18.5,18.739999771118164,455600.0,-0.0330237057462865,0.011879012306518,-0.0105723467198842,0.0251640627567759,0.0173169804331169,-0.0173169804331169
TCEHY_2016-02-01,TCEHY,2016-02-01,18.64999961853028,18.799999237060547,18.600000381469727,18.780000686645508,597400.0,-0.011058403739006,0.0091348775238291,-0.0009617631075884,0.0021345205985003,0.0171338631307674,-0.0171338631307674
TCEHY_2016-02-02,TCEHY,2016-02-02,18.61000061035156,18.61000061035156,18.39999961853028,18.39999961853028,917100.0,-0.0249073237837869,0.0054645019474763,-0.0097214109181552,-0.020234347935112,0.0173050584435632,-0.0173050584435632
TCEHY_2016-02-03,TCEHY,2016-02-03,18.100000381469727,18.26000022888184,17.850000381469727,18.26000022888184,1978200.0,-0.0479666351228199,-0.0086862023208144,-0.0283264187218171,-0.0076086626386366,0.017195985977614,-0.017195985977614
TCEHY_2016-02-04,TCEHY,2016-02-04,18.200000762939453,18.420000076293945,18.07999992370605,18.209999084472656,1341000.0,-0.0675884053130351,-0.0130082205171985,-0.0402983129151168,-0.0027382882684796,0.0170267383399714,-0.0170267383399714
TCEHY_2016-02-05,TCEHY,2016-02-05,18.43000030517578,18.43000030517578,18.0,18.040000915527344,1177200.0,-0.078180827958905,0.000554643843649,-0.038813092057628,-0.0093354298458074,0.0170546007151562,-0.0170546007151562
TCEHY_2016-02-08,TCEHY,2016-02-08,17.8799991607666,18.0,17.450000762939453,17.579999923706055,650700.0,-0.1026033799502706,-0.0335349418604712,-0.0680691609053709,-0.0254989450374892,0.0173253379002807,-0.0173253379002807
TCEHY_2016-02-09,TCEHY,2016-02-09,17.31999969482422,17.649999618530273,17.170000076293945,17.260000228881836,1118800.0,-0.1278423734008246,-0.0700430643570894,-0.098942718878957,-0.018202485563877,0.0173834845615601,-0.0173834845615601
TCEHY_2016-02-10,TCEHY,2016-02-10,17.5,17.639999389648438,17.40999984741211,17.489999771118164,974800.0,-0.1007712552667826,-0.0320973953238186,-0.0664343252953006,0.0133255816446318,0.0173792524289312,-0.0173792524289312
TCEHY_2016-02-11,TCEHY,2016-02-11,17.100000381469727,17.239999771118164,16.959999084472656,17.239999771118164,1006100.0,-0.1195097120380875,0.0046620002574253,-0.0574238558903311,-0.0142938824054665,0.017420142348205,-0.017420142348205
TCEHY_2016-02-12,TCEHY,2016-02-12,17.3799991607666,17.3799991607666,17.1200008392334,17.350000381469727,984600.0,-0.112531915163471,-0.0616549163742632,-0.0870934157688671,0.0063805459287675,0.0174511061002754,-0.0174511061002754
TCEHY_2016-02-16,TCEHY,2016-02-16,17.889999389648438,18.0,17.65999984741211,17.8799991607666,421400.0,-0.0886850970458359,-0.0361186039811457,-0.0624018505134908,0.0305474794031086,0.0179085259637643,-0.0179085259637643
TCEHY_2016-02-17,TCEHY,2016-02-17,17.989999771118164,18.190000534057617,17.93000030517578,18.1299991607666,910800.0,-0.0591593808986017,-0.0114504356637999,-0.0353049082812008,0.0139821035645553,0.0178836943557715,-0.0178836943557715
TCEHY_2016-02-18,TCEHY,2016-02-18,18.200000762939453,18.3700008392334,18.1299991607666,18.1299991607666,1982200.0,-0.0764136558394749,0.0072221755981445,-0.0345957401206651,0.0,0.0177093142871716,-0.0177093142871716
TCEHY_2016-02-19,TCEHY,2016-02-19,18.040000915527344,18.200000762939453,18.030000686645508,18.100000381469727,248600.0,-0.0812182903302075,0.0191441524890845,-0.0310370689205615,-0.0016546486864595,0.0176993086853902,-0.0176993086853902
TCEHY_2016-02-22,TCEHY,2016-02-22,18.459999084472656,18.46999931335449,18.100000381469727,18.459999084472656,591800.0,-0.066734153506074,0.0763848102087974,0.0048253283513616,0.0198894306859509,0.017886397089878,-0.017886397089878
TCEHY_2016-02-23,TCEHY,2016-02-23,18.239999771118164,18.25,18.0,18.010000228881836,712100.0,-0.0904039937955295,0.0849397478921787,-0.0027321229516754,-0.0243769706342689,0.0181261637038294,-0.0181261637038294
TCEHY_2016-02-24,TCEHY,2016-02-24,18.0,18.09000015258789,17.649999618530273,18.09000015258789,308100.0,-0.1066666591314622,0.1603592030488214,0.0268462719586796,0.0044419723869721,0.0178792679138233,-0.0178792679138233
TCEHY_2016-02-25,TCEHY,2016-02-25,17.850000381469727,18.07999992370605,17.809999465942383,18.030000686645508,866100.0,-0.1052108670977435,0.0513120167748812,-0.0269494251614311,-0.0033167200351736,0.0178755973586542,-0.0178755973586542
TCEHY_2016-02-26,TCEHY,2016-02-26,18.31999969482422,18.39999961853028,18.200000762939453,18.32999992370605,379600.0,-0.0930232185023208,0.0871885682170112,-0.0029173251426548,0.0166388921594855,0.0180144153981511,-0.0180144153981511
TCEHY_2016-02-29,TCEHY,2016-02-29,18.299999237060547,18.440000534057617,18.200000762939453,18.350000381469727,256500.0,-0.0938271416558159,0.0503721295193491,-0.0217275060682334,0.0010911324520961,0.0180120845102475,-0.0180120845102475
TCEHY_2016-03-01,TCEHY,2016-03-01,18.56999969482422,19.1299991607666,18.549999237060547,19.06999969482422,1201300.0,-0.0334515895957948,0.1250736776673229,0.045811044035764,0.0392370189856543,0.0184523658314183,-0.0184523658314183
TCEHY_2016-03-02,TCEHY,2016-03-02,19.0,19.1200008392334,18.920000076293945,19.1200008392334,328000.0,-0.0416040046097603,0.134718125007287,0.0465570601987633,0.0026219792978157,0.0183976673683166,-0.0183976673683166
TCEHY_2016-03-03,TCEHY,2016-03-03,18.90999984741211,19.1299991607666,18.89999961853028,19.07999992370605,319700.0,-0.049327343605963,0.1865671650642999,0.0686199107291684,-0.002092098000606,0.0183796507012776,-0.0183796507012776
TCEHY_2016-03-04,TCEHY,2016-03-04,19.11000061035156,19.26000022888184,18.950000762939453,19.21999931335449,546600.0,-0.0218829676093375,0.1683889618203315,0.073252997105497,0.0073374942457151,0.0182206594059046,-0.0182206594059046
TCEHY_2016-03-07,TCEHY,2016-03-07,18.71999931335449,18.989999771118164,18.520000457763672,18.88999938964844,404700.0,-0.0376973918876755,0.1318153855718282,0.0470589968420763,-0.017169611628277,0.0183457291000685,-0.0183457291000685
TCEHY_2016-03-08,TCEHY,2016-03-08,18.850000381469727,18.850000381469727,18.600000381469727,18.63999938964844,205800.0,-0.0455709813469512,0.1577639098134509,0.0560964642332498,-0.0132345160443466,0.0184075696188258,-0.0184075696188258
TCEHY_2016-03-09,TCEHY,2016-03-09,18.709999084472656,18.71999931335449,18.600000381469727,18.64999961853028,520700.0,-0.0440799897622987,0.1068248781192935,0.0313724441784973,0.0005364929833309,0.0184080035542814,-0.0184080035542814
TCEHY_2016-03-10,TCEHY,2016-03-10,18.700000762939453,18.979999542236328,18.39999961853028,18.65999984741211,508800.0,-0.0281250465661269,0.112701212764336,0.0422880830991045,0.0005362053129422,0.0183032469069871,-0.0183032469069871
TCEHY_2016-03-11,TCEHY,2016-03-11,19.0,19.290000915527344,18.850000381469727,19.290000915527344,524500.0,-0.0005180477683131,0.162048221219345,0.0807650867255159,0.0337621153947975,0.018788642117161,-0.018788642117161
TCEHY_2016-03-14,TCEHY,2016-03-14,19.309999465942383,19.729999542236328,19.309999465942383,19.690000534057617,360700.0,0.0233888133208277,0.1890097324309976,0.1061992728759126,0.0207361119515705,0.0189610079127362,-0.0189610079127362
TCEHY_2016-03-15,TCEHY,2016-03-15,19.530000686645508,19.530000686645508,19.309999465942383,19.440000534057617,306400.0,0.0445996720303374,0.1753324944382455,0.1099660832342914,-0.0126968000619186,0.0185572670111835,-0.0185572670111835
TCEHY_2016-03-16,TCEHY,2016-03-16,19.440000534057617,19.64999961853028,19.270000457763672,19.56999969482422,656300.0,0.0349021603774593,0.1545722014133059,0.0947371808953826,0.0066871994442001,0.0184700175945295,-0.0184700175945295
TCEHY_2016-03-17,TCEHY,2016-03-17,19.670000076293945,20.39999961853028,19.670000076293945,20.36000061035156,822200.0,0.0565646147739835,0.1483362174855138,0.1024504161297487,0.0403679574781126,0.0189992847572269,-0.0189992847572269
TCEHY_2016-03-18,TCEHY,2016-03-18,20.420000076293945,20.65999984741211,20.3700008392334,20.520000457763672,999900.0,0.0384615495991236,0.1779563931052084,0.108208971352166,0.0078585384388822,0.0187631696311909,-0.0187631696311909
TCEHY_2016-03-21,TCEHY,2016-03-21,20.520000457763672,20.549999237060547,20.3700008392334,20.3700008392334,1293300.0,0.0435451004885432,0.1877551773951045,0.1156501389418238,-0.0073099227672541,0.0187193124273719,-0.0187193124273719
TCEHY_2016-03-22,TCEHY,2016-03-22,20.600000381469727,20.61000061035156,20.3700008392334,20.57999992370605,929500.0,0.0516096190409727,0.1972076372500404,0.1244086281455065,0.0103092329808933,0.0187561608448727,-0.0187561608448727
TCEHY_2016-03-23,TCEHY,2016-03-23,20.450000762939453,20.61000061035156,20.43000030517578,20.530000686645508,1062800.0,0.0522809044488732,0.2271369544760446,0.1397089294624589,-0.0024295061829883,0.0187541225913561,-0.0187541225913561
TCEHY_2016-03-24,TCEHY,2016-03-24,20.5,20.5,20.200000762939453,20.290000915527344,389400.0,0.0362615421137808,0.2200843018318004,0.1281729219727906,-0.0116901979099436,0.0188185482575616,-0.0188185482575616
TCEHY_2016-03-28,TCEHY,2016-03-28,20.200000762939453,20.57999992370605,20.200000762939453,20.56999969482422,424300.0,0.0373171847687969,0.2200473873171049,0.1286822860429509,0.013799840643802,0.0188296306017999,-0.0188296306017999
TCEHY_2016-03-29,TCEHY,2016-03-29,20.299999237060547,20.56999969482422,20.1299991607666,20.559999465942383,260300.0,0.0447154038171007,0.2267302616447559,0.1357228327309283,-0.0004861560053572,0.0188002814023085,-0.0188002814023085
TCEHY_2016-03-30,TCEHY,2016-03-30,20.63999938964844,20.63999938964844,20.31999969482422,20.450000762939453,871900.0,0.0476434571396688,0.2416515856414047,0.1446475213905368,-0.0053501316079868,0.0187820751831599,-0.0187820751831599
TCEHY_2016-03-31,TCEHY,2016-03-31,20.31999969482422,20.46999931335449,20.31999969482422,20.440000534057617,1428700.0,0.0412634441121078,0.237288133636323,0.1392757888742154,-0.0004890087290343,0.0187730818368709,-0.0187730818368709
TCEHY_2016-04-01,TCEHY,2016-04-01,20.34000015258789,20.600000381469727,20.170000076293945,20.559999465942383,215100.0,0.058157444313863,0.2180095075910333,0.1380834759524482,0.0058707890777605,0.0187302456235072,-0.0187302456235072
TCEHY_2016-04-04,TCEHY,2016-04-04,20.549999237060547,20.65999984741211,20.46999931335449,20.479999542236328,611200.0,0.0438327556685533,0.1941690960802149,0.1190009258743841,-0.0038910469739347,0.018706893492671,-0.018706893492671
TCEHY_2016-04-05,TCEHY,2016-04-05,20.06999969482422,20.21999931335449,19.979999542236328,19.989999771118164,556000.0,0.0449556010496499,0.1242969065874433,0.0846262538185466,-0.0239257706089117,0.0186839905307593,-0.0186839905307593
TCEHY_2016-04-06,TCEHY,2016-04-06,20.36000061035156,20.670000076293945,20.299999237060547,20.670000076293945,771400.0,0.083333341663822,0.1326027439065176,0.1079680427851698,0.0340170241601631,0.0191382940472324,-0.0191382940472324
TCEHY_2016-04-07,TCEHY,2016-04-07,20.790000915527344,20.790000915527344,20.51000022888184,20.6200008392334,450600.0,0.105037567408829,0.1392265416935336,0.1221320545511813,-0.0024189277637154,0.0189086747856007,-0.0189086747856007
TCEHY_2016-04-08,TCEHY,2016-04-08,20.5,20.780000686645508,20.5,20.520000457763672,347100.0,0.1457286785364597,0.112195100771065,0.1289618896537624,-0.0048496788263683,0.0181530389033934,-0.0181530389033934
TCEHY_2016-04-11,TCEHY,2016-04-11,20.700000762939453,20.71999931335449,20.479999542236328,20.520000457763672,312800.0,0.1419032410598999,0.0985010772231127,0.1202021591415063,0.0,0.0181548880040081,-0.0181548880040081
TCEHY_2016-04-12,TCEHY,2016-04-12,20.6200008392334,20.84000015258789,20.479999542236328,20.770000457763672,421600.0,0.1727838244765291,0.117868705223374,0.1453262648499516,0.0121832355956605,0.0180688785708246,-0.0180688785708246
TCEHY_2016-04-13,TCEHY,2016-04-13,21.14999961853028,21.40999984741211,21.14999961853028,21.3700008392334,593200.0,0.2039437092525857,0.1501615138312035,0.1770526115418946,0.0288878366993705,0.0183675599083494,-0.0183675599083494
TCEHY_2016-04-14,TCEHY,2016-04-14,21.32999992370605,21.3799991607666,21.14999961853028,21.299999237060547,373500.0,0.2354988120559038,0.1582381698745525,0.1968684909652281,-0.0032756948724276,0.017930441501318,-0.017930441501318
TCEHY_2016-04-15,TCEHY,2016-04-15,21.170000076293945,21.229999542236328,21.100000381469727,21.170000076293945,220800.0,0.2035247238573421,0.1517954865570829,0.1776601052072125,-0.0061032472029581,0.0178402116320053,-0.0178402116320053
TCEHY_2016-04-18,TCEHY,2016-04-18,21.3700008392334,21.549999237060547,21.309999465942383,21.520000457763672,481500.0,0.2592159312827717,0.139227165330479,0.1992215483066254,0.0165328474354449,0.0174538188128221,-0.0174538188128221
TCEHY_2016-04-19,TCEHY,2016-04-19,21.309999465942383,21.40999984741211,21.26000022888184,21.38999938964844,319900.0,0.207792235765966,0.1222455398212076,0.1650188877935868,-0.0060409416984157,0.016992488777584,-0.016992488777584
TCEHY_2016-04-20,TCEHY,2016-04-20,21.030000686645508,21.18000030517578,20.799999237060547,21.07999992370605,920600.0,0.2255813365500987,0.1088900404998032,0.1672356885249509,-0.0144927290691,0.0166509642728808,-0.0166509642728808
TCEHY_2016-04-21,TCEHY,2016-04-21,20.81999969482422,21.06999969482422,20.75,20.799999237060547,290700.0,0.2009237646393415,0.0838977935485498,0.1424107790939457,-0.0132827650692077,0.0167753417269854,-0.0167753417269854
TCEHY_2016-04-22,TCEHY,2016-04-22,20.700000762939453,20.989999771118164,20.700000762939453,20.81999969482422,175100.0,0.1490065524580321,0.0911949569222112,0.1201007546901217,0.0009615605046771,0.0158410581522789,-0.0158410581522789
TCEHY_2016-04-25,TCEHY,2016-04-25,20.46999931335449,20.68000030517578,20.440000534057617,20.46999931335449,524800.0,0.1185792440853947,0.0650364227188848,0.0918078334021398,-0.0168107774543694,0.0159916392753583,-0.0159916392753583
TCEHY_2016-04-26,TCEHY,2016-04-26,20.790000915527344,20.799999237060547,20.690000534057617,20.770000457763672,367500.0,0.1202804440192175,0.0527116543161085,0.086496049167663,0.0146556499498007,0.0160102267765637,-0.0160102267765637
TCEHY_2016-04-27,TCEHY,2016-04-27,20.530000686645508,20.61000061035156,20.440000534057617,20.61000061035156,238200.0,0.1437291946056538,0.0717629277673266,0.1077460611864902,-0.0077034108755787,0.0155956408223194,-0.0155956408223194
TCEHY_2016-04-28,TCEHY,2016-04-28,20.530000686645508,20.81999969482422,20.530000686645508,20.600000381469727,251900.0,0.1269146393697402,0.0695742542400625,0.0982444468049014,-0.0004852124495721,0.015520852869448,-0.015520852869448
TCEHY_2016-04-29,TCEHY,2016-04-29,20.57999992370605,20.57999992370605,20.15999984741211,20.299999237060547,367200.0,0.0832443695301765,0.04747162621949,0.0653579978748333,-0.0145631620802803,0.0153715217603741,-0.0153715217603741
TCEHY_2016-05-02,TCEHY,2016-05-02,20.3799991607666,20.420000076293945,20.209999084472656,20.36000061035156,433700.0,0.0841320482394651,0.0721432783436377,0.0781376632915514,0.00295573278552,0.0153725154424988,-0.0153725154424988
TCEHY_2016-05-03,TCEHY,2016-05-03,19.76000022888184,19.959999084472656,19.709999084472656,19.739999771118164,561500.0,0.0728260967591758,0.0461048698034987,0.0594654832813372,-0.0304519067115435,0.0156557171964821,-0.0156557171964821
TCEHY_2016-05-04,TCEHY,2016-05-04,19.64999961853028,19.71999931335449,19.549999237060547,19.59000015258789,518800.0,0.0728367966612832,0.0213764254894963,0.0471066110753898,-0.0075987649579276,0.0156556270552278,-0.0156556270552278
TCEHY_2016-05-05,TCEHY,2016-05-05,19.770000457763672,19.81999969482422,19.540000915527344,19.61000061035156,373300.0,0.0768809223649362,0.0040962581102597,0.0404885902375979,0.0010209524046902,0.0156473953556578,-0.0156473953556578
TCEHY_2016-05-06,TCEHY,2016-05-06,19.65999984741211,19.8799991607666,19.6299991607666,19.8700008392334,153600.0,0.1014412323078621,0.0153296448179569,0.0583854385629095,0.0132585528194524,0.0156587141794651,-0.0156587141794651
TCEHY_2016-05-09,TCEHY,2016-05-09,20.07999992370605,20.07999992370605,19.75,19.75,513700.0,0.1234357272873347,0.0081674245107636,0.0658015758990492,-0.0060392971396586,0.0153023174401518,-0.0153023174401518
TCEHY_2016-05-10,TCEHY,2016-05-10,19.959999084472656,20.13999938964844,19.93000030517578,20.1200008392334,443100.0,0.1657010760385628,0.0166750838018978,0.0911880799202303,0.0187342197080202,0.0152246114879141,-0.0152246114879141
TCEHY_2016-05-11,TCEHY,2016-05-11,20.0,20.15999984741211,19.959999084472656,20.07999992370605,354700.0,0.1480846304449268,0.0323907010824913,0.090237665763709,-0.0019881169909966,0.0151719501804896,-0.0151719501804896
TCEHY_2016-05-12,TCEHY,2016-05-12,19.850000381469727,20.040000915527344,19.76000022888184,19.809999465942383,307500.0,0.1490719100315587,0.0117466569526318,0.0804092834920953,-0.0134462379875266,0.0151573598766744,-0.0151573598766744
TCEHY_2016-05-13,TCEHY,2016-05-13,19.93000030517578,20.0,19.709999084472656,19.809999465942383,445100.0,0.1417866876302782,0.013299244963087,0.0775429662966826,0.0,0.0151511077271125,-0.0151511077271125
TCEHY_2016-05-16,TCEHY,2016-05-16,20.39999961853028,20.700000762939453,20.32999992370605,20.670000076293945,654100.0,0.1560403269844295,0.0535167783969152,0.1047785526906723,0.0434124499513535,0.0156185616856694,-0.0156185616856694
TCEHY_2016-05-17,TCEHY,2016-05-17,20.71999931335449,20.850000381469727,20.709999084472656,20.799999237060547,842300.0,0.1472697297235312,0.079397962789381,0.1133338462564561,0.0062892675513677,0.0155566839207951,-0.0155566839207951
TCEHY_2016-05-18,TCEHY,2016-05-18,20.670000076293945,20.700000762939453,19.979999542236328,20.25,2430400.0,0.1169333114929807,0.031584353832911,0.0742588326629458,-0.0264422719824229,0.015970957749204,-0.015970957749204
TCEHY_2016-05-19,TCEHY,2016-05-19,20.1200008392334,20.170000076293945,19.959999084472656,20.0,770700.0,0.1049723524025689,0.0152283870782847,0.0601003697404268,-0.0123456790123457,0.0160656533193013,-0.0160656533193013
TCEHY_2016-05-20,TCEHY,2016-05-20,20.200000762939453,20.5,20.200000762939453,20.420000076293945,586400.0,0.1061755736201479,0.0323558830855115,0.0692657283528297,0.0210000038146973,0.0160865164510262,-0.0160865164510262
TCEHY_2016-05-23,TCEHY,2016-05-23,20.309999465942383,20.57999992370605,20.309999465942383,20.5,309200.0,0.1382565096876047,0.0353535752480853,0.086805042467845,0.0039177239670498,0.0157370825461866,-0.0157370825461866
TCEHY_2016-05-24,TCEHY,2016-05-24,20.6200008392334,21.040000915527344,20.6200008392334,20.979999542236328,546300.0,0.1597567366098118,0.0360493601104359,0.0979030483601238,0.0234146118164062,0.0159610395149569,-0.0159610395149569
TCEHY_2016-05-25,TCEHY,2016-05-25,20.989999771118164,21.299999237060547,20.989999771118164,21.25,884600.0,0.1785911919426319,0.0545905906845844,0.1165908913136082,0.0128694215278752,0.0159964664631832,-0.0159964664631832
TCEHY_2016-05-26,TCEHY,2016-05-26,21.200000762939453,21.21999931335449,21.07999992370605,21.1299991607666,1430900.0,0.1527550053854245,0.0455220246398122,0.0991385150126183,-0.0056470983168658,0.0159303494925912,-0.0159303494925912
TCEHY_2016-05-27,TCEHY,2016-05-27,21.809999465942383,22.11000061035156,21.799999237060547,22.0,928200.0,0.1989100568202784,0.0864197530864196,0.142664904953349,0.0411737280543191,0.0166615672264549,-0.0166615672264549
TCEHY_2016-05-31,TCEHY,2016-05-31,22.0,22.3799991607666,21.989999771118164,22.299999237060547,1648600.0,0.1693759619258401,0.1302584771643089,0.1498172195450745,0.0136363289572976,0.0160655226555663,-0.0160655226555663
TCEHY_2016-06-01,TCEHY,2016-06-01,21.950000762939453,21.979999542236328,21.81999969482422,21.89999961853028,1395800.0,0.1453974193135205,0.0977442998003932,0.1215708595569569,-0.0179372032383527,0.0162727997127923,-0.0162727997127923
TCEHY_2016-06-02,TCEHY,2016-06-02,21.8700008392334,21.96999931335449,21.770000457763672,21.920000076293945,566400.0,0.1488469687601685,0.0921773995814667,0.1205121841708176,0.0009132629274908,0.0162641602338398,-0.0162641602338398
TCEHY_2016-06-03,TCEHY,2016-06-03,21.86000061035156,22.1299991607666,21.86000061035156,22.07999992370605,1211200.0,0.1488033669368744,0.1236641400686968,0.1362337535027856,0.0072992630864605,0.0162639712450418,-0.0162639712450418
TCEHY_2016-06-06,TCEHY,2016-06-06,22.31999969482422,22.600000381469727,22.31999969482422,22.540000915527344,1174300.0,0.1932240150245359,0.1482425817203703,0.1707332983724531,0.0208333783247622,0.0162336761026343,-0.0162336761026343
TCEHY_2016-06-07,TCEHY,2016-06-07,22.6299991607666,22.8700008392334,22.6299991607666,22.799999237060547,427900.0,0.2231759647869047,0.1674346357115617,0.1953053002492332,0.011534973867463,0.0161353587497466,-0.0161353587497466
TCEHY_2016-06-08,TCEHY,2016-06-08,22.799999237060547,22.799999237060547,22.64999961853028,22.65999984741211,210200.0,0.2150134214961361,0.1614556423155306,0.1882345319058334,-0.0061403243128567,0.0161758782254082,-0.0161758782254082
TCEHY_2016-06-09,TCEHY,2016-06-09,22.479999542236328,22.559999465942383,22.450000762939453,22.540000915527344,395500.0,0.2079314630140973,0.1739583343681361,0.1909448986911167,-0.0052956280976529,0.0162081608500012,-0.0162081608500012
TCEHY_2016-06-10,TCEHY,2016-06-10,22.270000457763672,22.39999961853028,22.26000022888184,22.34000015258789,932000.0,0.1581129648680044,0.1575130070311001,0.1578129859495523,-0.0088731479510134,0.0157933614153908,-0.0157933614153908
TCEHY_2016-06-13,TCEHY,2016-06-13,21.709999084472656,21.809999465942383,21.6200008392334,21.64999961853028,964500.0,0.0995428659883717,0.1252598688192217,0.1124013674037966,-0.0308863262911697,0.0161643604128333,-0.0161643604128333
TCEHY_2016-06-14,TCEHY,2016-06-14,21.6200008392334,21.6299991607666,21.38999938964844,21.5,681700.0,0.1059670478060634,0.1552928154145743,0.1306299316103188,-0.0069283889687413,0.0160980705509615,-0.0160980705509615
TCEHY_2016-06-15,TCEHY,2016-06-15,22.15999984741211,22.32999992370605,22.11000061035156,22.1299991607666,1162000.0,0.1308124428136521,0.1702802400495608,0.1505463414316065,0.0293022865472838,0.016458579632575,-0.016458579632575
TCEHY_2016-06-16,TCEHY,2016-06-16,21.799999237060547,21.989999771118164,21.530000686645508,21.979999542236328,520000.0,0.0795677251139725,0.1406330576074701,0.1101003913607213,-0.0067781122557022,0.0157462764734688,-0.0157462764734688
TCEHY_2016-06-17,TCEHY,2016-06-17,21.809999465942383,21.850000381469727,21.6299991607666,21.739999771118164,1034900.0,0.0594541562445682,0.1002024048229663,0.0798282805337673,-0.010919007102661,0.0157984764415379,-0.0157984764415379
TCEHY_2016-06-20,TCEHY,2016-06-20,22.06999969482422,22.25,22.0,22.020000457763672,920000.0,0.0810014506897962,0.1280737674883443,0.1045376090890702,0.0128795165406345,0.0158311204149597,-0.0158311204149597
TCEHY_2016-06-21,TCEHY,2016-06-21,22.190000534057617,22.280000686645508,22.020000457763672,22.21999931335449,1162700.0,0.0796889891024403,0.1354113265127505,0.1075501578075954,0.0090825999742567,0.0158206868429295,-0.0158206868429295
TCEHY_2016-06-22,TCEHY,2016-06-22,22.8700008392334,22.93000030517578,22.670000076293945,22.690000534057617,685100.0,0.1052118740949268,0.1629933504802438,0.1341026122875853,0.021152170802303,0.0160079183262505,-0.0160079183262505
TCEHY_2016-06-23,TCEHY,2016-06-23,22.8700008392334,23.14999961853028,22.790000915527344,23.09000015258789,1138900.0,0.1379989704642048,0.1792645680571318,0.1586317692606683,0.0176288941875464,0.0160380856540784,-0.0160380856540784
TCEHY_2016-06-24,TCEHY,2016-06-24,22.07999992370605,22.549999237060547,22.07999992370605,22.15999984741211,1690100.0,0.077297043081044,0.1174987358885779,0.0973978894848109,-0.0402771892174088,0.0168335362335893,-0.0168335362335893
TCEHY_2016-06-27,TCEHY,2016-06-27,21.739999771118164,21.75,21.299999237060547,21.520000457763672,995500.0,0.0466926564570941,0.0934959412629672,0.0700942988600307,-0.028880839081918,0.0172575036091956,-0.0172575036091956
TCEHY_2016-06-28,TCEHY,2016-06-28,22.059999465942383,22.190000534057617,21.93000030517578,22.14999961853028,1181800.0,0.0831295252893904,0.1347335604042254,0.1089315428468079,0.0292750533162431,0.0176040685785049,-0.0176040685785049
TCEHY_2016-06-29,TCEHY,2016-06-29,22.350000381469727,22.46999931335449,22.350000381469727,22.450000762939453,733000.0,0.0983366035403339,0.1436577545968027,0.1209971790685683,0.0135440699582765,0.0176681834937679,-0.0176681834937679
TCEHY_2016-06-30,TCEHY,2016-06-30,22.64999961853028,23.0,22.6299991607666,22.96999931335449,937600.0,0.1172178944558957,0.1821924319391656,0.1497051631975307,0.0231625181622912,0.0178680991849966,-0.0178680991849966
TCEHY_2016-07-01,TCEHY,2016-07-01,22.950000762939453,23.1299991607666,22.89999961853028,22.979999542236328,643900.0,0.1220703152284841,0.171253749198831,0.1466620322136576,0.0004353604345135,0.0178537225702014,-0.0178537225702014
TCEHY_2016-07-05,TCEHY,2016-07-05,22.6299991607666,22.729999542236328,22.5,22.600000381469727,372600.0,0.1305653146691141,0.1813905579159509,0.1559779362925325,-0.0165360821730295,0.0177043879698269,-0.0177043879698269
TCEHY_2016-07-06,TCEHY,2016-07-06,22.309999465942383,22.6200008392334,22.26000022888184,22.6200008392334,605900.0,0.094339659203769,0.1855346399204673,0.1399371495621182,0.0008849759923044,0.0172267634462783,-0.0172267634462783
TCEHY_2016-07-07,TCEHY,2016-07-07,22.75,22.780000686645508,22.559999465942383,22.59000015258789,1378900.0,0.0955382751297566,0.2106109505526507,0.1530746128412037,-0.0013262902534235,0.0172232245173291,-0.0172232245173291
TCEHY_2016-07-08,TCEHY,2016-07-08,22.780000686645508,23.25,22.780000686645508,23.239999771118164,389400.0,0.1325535698185322,0.2975991049199371,0.2150763373692347,0.028773776633012,0.0175383688288803,-0.0175383688288803
TCEHY_2016-07-11,TCEHY,2016-07-11,23.190000534057617,23.38999938964844,23.13999938964844,23.36000061035156,498200.0,0.138401563802762,0.2999444353340326,0.2191729995683973,0.0051635473500533,0.0175403254216175,-0.0175403254216175
TCEHY_2016-07-12,TCEHY,2016-07-12,23.549999237060547,23.57999992370605,23.350000381469727,23.520000457763672,573300.0,0.1324025006928717,0.3280633356093716,0.2302329181511216,0.0068493083575182,0.0175042485978627,-0.0175042485978627
TCEHY_2016-07-13,TCEHY,2016-07-13,23.530000686645508,23.530000686645508,23.239999771118164,23.34000015258789,305600.0,0.0921852707529029,0.3149295860612895,0.2035574284070962,-0.0076530740507008,0.017206039363609,-0.017206039363609
TCEHY_2016-07-14,TCEHY,2016-07-14,23.850000381469727,23.86000061035156,23.61000061035156,23.81999969482422,480200.0,0.1183098848838943,0.3816705342844262,0.2499902095841603,0.0205655329519398,0.0173597763672508,-0.0173597763672508
TCEHY_2016-07-15,TCEHY,2016-07-15,23.90999984741211,23.940000534057617,23.75,23.780000686645508,241500.0,0.1232876996195304,0.3519045184969442,0.2375961090582373,-0.0016792195084452,0.0173357106968615,-0.0173357106968615
TCEHY_2016-07-18,TCEHY,2016-07-18,23.799999237060547,23.8799991607666,23.63999938964844,23.76000022888184,714900.0,0.1040892064809437,0.390286718358158,0.2471879624195508,-0.0008410621188459,0.0172386274726002,-0.0172386274726002
TCEHY_2016-07-19,TCEHY,2016-07-19,23.809999465942383,23.809999465942383,23.540000915527344,23.61000061035156,311300.0,0.1037868762996541,0.333145219135091,0.2184660477173725,-0.0063131151971936,0.0172406375384319,-0.0172406375384319
TCEHY_2016-07-20,TCEHY,2016-07-20,23.90999984741211,24.100000381469727,23.739999771118164,23.920000076293945,1110500.0,0.1347248654111283,0.3906976171672014,0.2627112412891649,0.0131300066890498,0.017172924170164,-0.017172924170164
TCEHY_2016-07-21,TCEHY,2016-07-21,23.850000381469727,23.850000381469727,23.65999984741211,23.68000030517578,227800.0,0.1384615948919734,0.3672055844349777,0.2528335896634756,-0.0100334352154127,0.0171306444371436,-0.0171306444371436
TCEHY_2016-07-22,TCEHY,2016-07-22,23.8799991607666,24.059999465942383,23.790000915527344,24.01000022888184,791800.0,0.1532180874551427,0.325055138899079,0.2391366131771108,0.0139358074093407,0.0171933317118762,-0.0171933317118762
TCEHY_2016-07-25,TCEHY,2016-07-25,24.190000534057617,24.299999237060547,23.940000534057617,23.979999542236328,385900.0,0.1714704614861388,0.3103825432775338,0.2409265023818363,-0.0012495079699925,0.0170236806455184,-0.0170236806455184
TCEHY_2016-07-26,TCEHY,2016-07-26,23.989999771118164,24.1200008392334,23.8700008392334,24.11000061035156,351800.0,0.1608088627335306,0.3004314681645625,0.2306201654490466,0.0054212289656743,0.0169583377428519,-0.0169583377428519
TCEHY_2016-07-27,TCEHY,2016-07-27,24.25,24.39999961853028,24.09000015258789,24.25,383300.0,0.1766132596725989,0.3457269358476746,0.2611700977601368,0.0058066937413652,0.016912447447173,-0.016912447447173
TCEHY_2016-07-28,TCEHY,2016-07-28,24.15999984741211,24.31999969482422,24.14999961853028,24.200000762939453,381900.0,0.1747572968351993,0.3238511955100096,0.2493042461726045,-0.0020618242086823,0.0169184402975067,-0.0169184402975067
TCEHY_2016-07-29,TCEHY,2016-07-29,24.07999992370605,24.200000762939453,23.979999542236328,24.200000762939453,344000.0,0.1921183089878593,0.2913554460249337,0.2417368775063965,0.0,0.0167776636510943,-0.0167776636510943
TCEHY_2016-08-01,TCEHY,2016-08-01,23.850000381469727,23.950000762939453,23.700000762939453,23.90999984741211,1014100.0,0.1743614504243009,0.2731628846219667,0.2237621675231338,-0.0119835085282914,0.0168825620480602,-0.0168825620480602
TCEHY_2016-08-02,TCEHY,2016-08-02,23.75,23.89999961853028,23.61000061035156,23.709999084472656,558300.0,0.2011144558959441,0.2885869334798669,0.2448506946879055,-0.0083647329241242,0.0164057316736451,-0.0164057316736451
TCEHY_2016-08-03,TCEHY,2016-08-03,23.479999542236328,23.64999961853028,23.299999237060547,23.540000915527344,414900.0,0.2016335238475048,0.2891566604853666,0.2453950921664357,-0.007169893526341,0.0164013322395818,-0.0164013322395818
TCEHY_2016-08-04,TCEHY,2016-08-04,23.56999969482422,23.700000762939453,23.530000686645508,23.690000534057617,175600.0,0.2080571033512535,0.300933647726411,0.2544953755388323,0.0063721160873588,0.016404501121152,-0.016404501121152
TCEHY_2016-08-05,TCEHY,2016-08-05,23.979999542236328,23.979999542236328,23.799999237060547,23.93000030517578,444600.0,0.2043280973559849,0.3264966236547588,0.2654123605053718,0.0101308470117225,0.0163780862821442,-0.0163780862821442
TCEHY_2016-08-08,TCEHY,2016-08-08,24.26000022888184,24.40999984741211,24.100000381469727,24.239999771118164,638700.0,0.227341760562945,0.3788395834081499,0.3030906719855475,0.012954427997869,0.0163821953299161,-0.0163821953299161
TCEHY_2016-08-09,TCEHY,2016-08-09,24.32999992370605,24.38999938964844,24.13999938964844,24.31999969482422,180500.0,0.2087474493242043,0.4090382023360932,0.3088928258301487,0.0033003269167259,0.0162639869919729,-0.0162639869919729
TCEHY_2016-08-10,TCEHY,2016-08-10,24.15999984741211,24.280000686645508,24.14999961853028,24.15999984741211,277200.0,0.2031872479685266,0.3813607869399944,0.2922740174542605,-0.0065789411768027,0.0162976001945181,-0.0162976001945181
TCEHY_2016-08-11,TCEHY,2016-08-11,24.290000915527344,24.489999771118164,24.25,24.450000762939453,441100.0,0.2342252106050897,0.4182135201590933,0.3262193653820915,0.0120033492284317,0.0161966890166774,-0.0161966890166774
TCEHY_2016-08-12,TCEHY,2016-08-12,24.11000061035156,24.290000915527344,24.11000061035156,24.170000076293945,372300.0,0.2200908999441082,0.3930835472550285,0.3065872235995683,-0.011451970466599,0.0163002474350838,-0.0163002474350838
TCEHY_2016-08-15,TCEHY,2016-08-15,24.64999961853028,24.8700008392334,24.5,24.68000030517578,629200.0,0.1940009779429481,0.3803132809608942,0.2871571294519212,0.0211005472599086,0.0156436701666205,-0.0156436701666205
TCEHY_2016-08-16,TCEHY,2016-08-16,25.25,25.3700008392334,24.950000762939453,25.100000381469727,1047400.0,0.206730831833283,0.3844457552864226,0.2955882935598528,0.0170178310818684,0.0157388366656671,-0.0157388366656671
TCEHY_2016-08-17,TCEHY,2016-08-17,26.11000061035156,26.25,25.64999961853028,26.209999084472656,973500.0,0.2943209424430941,0.4456701763776807,0.3699955594103874,0.0442230552244291,0.0161124550749472,-0.0161124550749472
TCEHY_2016-08-18,TCEHY,2016-08-18,26.31999969482422,26.46999931335449,26.25,26.440000534057617,729800.0,0.3220000267028808,0.4607734793821412,0.391386753042511,0.0087753322250674,0.0159811832180302,-0.0159811832180302
TCEHY_2016-08-19,TCEHY,2016-08-19,26.020000457763672,26.190000534057617,25.89999961853028,26.170000076293945,557400.0,0.2815866786736847,0.4176598794258033,0.349623279049744,-0.0102118174096056,0.0159472586779748,-0.0159472586779748
TCEHY_2016-08-22,TCEHY,2016-08-22,26.26000022888184,26.3700008392334,26.14999961853028,26.21999931335449,537000.0,0.2790243567489994,0.4558578001185498,0.3674410784337746,0.0019105554801215,0.0159495737865433,-0.0159495737865433
TCEHY_2016-08-23,TCEHY,2016-08-23,26.39999961853028,26.450000762939453,26.1299991607666,26.170000076293945,398800.0,0.2473784865251906,0.4466556028497412,0.3470170446874659,-0.0019069122185322,0.0157714828574127,-0.0157714828574127
TCEHY_2016-08-24,TCEHY,2016-08-24,25.96999931335449,25.989999771118164,25.780000686645508,25.82999992370605,456200.0,0.2155294081744023,0.4326122540215908,0.3240708310979966,-0.0129919813372825,0.0158635908201134,-0.0158635908201134
TCEHY_2016-08-25,TCEHY,2016-08-25,25.549999237060547,25.76000022888184,25.549999237060547,25.71999931335449,279200.0,0.2172267077563556,0.4031641800549603,0.310195443905658,-0.0042586376568514,0.0158520245890909,-0.0158520245890909
TCEHY_2016-08-26,TCEHY,2016-08-26,25.940000534057617,26.170000076293945,25.700000762939453,25.81999969482422,695500.0,0.1736363497647373,0.4070844227827852,0.2903603862737612,0.0038880398187961,0.0150910037417838,-0.0150910037417838
TCEHY_2016-08-29,TCEHY,2016-08-29,25.96999931335449,26.06999969482422,25.8700008392334,26.01000022888184,414700.0,0.1663677631726379,0.3639224250192936,0.2651450940959657,0.0073586574865727,0.0150379672107341,-0.0150379672107341
TCEHY_2016-08-30,TCEHY,2016-08-30,26.3700008392334,26.520000457763672,26.25,26.440000534057617,412400.0,0.207305981488963,0.3828451555192351,0.2950755685040991,0.0165321146248318,0.0149067809694398,-0.0149067809694398
TCEHY_2016-08-31,TCEHY,2016-08-31,26.07999992370605,26.170000076293945,25.799999237060547,25.88999938964844,374800.0,0.1811131067306872,0.3569182124304555,0.2690156595805714,-0.0208018582942429,0.0152062997203891,-0.0152062997203891
TCEHY_2016-09-01,TCEHY,2016-09-01,26.200000762939453,26.200000762939453,25.93000030517578,25.959999084472656,834100.0,0.1757246002795891,0.3506763793917029,0.263200489835646,0.0027037348966567,0.0151951884859441,-0.0151951884859441
TCEHY_2016-09-02,TCEHY,2016-09-02,26.18000030517578,26.290000915527344,26.11000061035156,26.25,450600.0,0.1645962259884787,0.3896241846563941,0.2771102053224364,0.0111710680182881,0.0150572062447869,-0.0150572062447869
TCEHY_2016-09-06,TCEHY,2016-09-06,27.64999961853028,27.799999237060547,27.549999237060547,27.6299991607666,1026900.0,0.2118421090056472,0.48229614085238,0.3470691249290136,0.0525713966006324,0.0162900544086605,-0.0162900544086605
TCEHY_2016-09-07,TCEHY,2016-09-07,27.670000076293945,27.670000076293945,27.31999969482422,27.420000076293945,571000.0,0.2100617943925296,0.4702413210266214,0.3401515577095755,-0.0076004014061226,0.0163045667315663,-0.0163045667315663
TCEHY_2016-09-08,TCEHY,2016-09-08,27.600000381469727,27.75,27.479999542236328,27.600000381469727,904600.0,0.2244897631062938,0.4790997109947712,0.3517947370505325,0.0065645625337324,0.0162737887431311,-0.0162737887431311
TCEHY_2016-09-09,TCEHY,2016-09-09,27.5,27.5,26.959999084472656,27.020000457763672,691100.0,0.2094897167954426,0.4007257218953328,0.3051077193453877,-0.0210144896989008,0.0164913044914057,-0.0164913044914057
TCEHY_2016-09-12,TCEHY,2016-09-12,26.420000076293945,27.15999984741211,26.40999984741211,27.1200008392334,880100.0,0.2526559499807719,0.3773489133392442,0.3150024316600081,0.0037009763055348,0.0159050068346514,-0.0159050068346514
TCEHY_2016-09-13,TCEHY,2016-09-13,26.84000015258789,26.96999931335449,26.40999984741211,26.6299991607666,570700.0,0.2386046121286791,0.3698558862749295,0.3042302492018043,-0.0180679079389235,0.0160860237050094,-0.0160860237050094
TCEHY_2016-09-14,TCEHY,2016-09-14,26.93000030517578,27.07999992370605,26.799999237060547,26.809999465942383,345700.0,0.2114776539835017,0.3699540053152359,0.2907158296493688,0.0067593057021559,0.015750694453631,-0.015750694453631
TCEHY_2016-09-15,TCEHY,2016-09-15,27.56999969482422,27.700000762939453,27.450000762939453,27.600000381469727,1933600.0,0.2556870316777813,0.3555991922434993,0.3056431119606403,0.0294666516696842,0.0160406994850288,-0.0160406994850288
TCEHY_2016-09-16,TCEHY,2016-09-16,27.59000015258789,27.63999938964844,27.350000381469727,27.3700008392334,1029700.0,0.258969693072157,0.333820673911245,0.296395183491701,-0.0083333166325152,0.0160058405771475,-0.0160058405771475
TCEHY_2016-09-19,TCEHY,2016-09-19,27.18000030517578,27.21999931335449,27.040000915527344,27.040000915527344,898800.0,0.2279745846233056,0.3274423073879933,0.2777084460056495,-0.0120569935545277,0.0160855069604171,-0.0160855069604171
TCEHY_2016-09-20,TCEHY,2016-09-20,27.0,27.059999465942383,26.89999961853028,26.89999961853028,1794900.0,0.2106210823491365,0.3070942525876414,0.258857667468389,-0.0051775625834639,0.0161044547341345,-0.0161044547341345
TCEHY_2016-09-21,TCEHY,2016-09-21,27.239999771118164,27.440000534057617,27.07999992370605,27.43000030517578,2434100.0,0.2089025852601211,0.3360934918535405,0.2724980385568308,0.0197026280357419,0.016079358078892,-0.016079358078892
TCEHY_2016-09-22,TCEHY,2016-09-22,27.65999984741211,27.8700008392334,27.61000061035156,27.850000381469727,1725100.0,0.2061498569695048,0.3725972954568444,0.2893735762131746,0.015311705126547,0.0160483063297306,-0.0160483063297306
TCEHY_2016-09-23,TCEHY,2016-09-23,28.170000076293945,28.239999771118164,28.01000022888184,28.059999465942383,1470300.0,0.2662454719835789,0.3641225027826706,0.3151839873831248,0.0075403619962741,0.0150640052402903,-0.0150640052402903
TCEHY_2016-09-26,TCEHY,2016-09-26,27.549999237060547,27.600000381469727,27.40999984741211,27.440000534057617,948200.0,0.2750929344965795,0.3346304108378966,0.304861672667238,-0.0220954719773706,0.0148488275542366,-0.0148488275542366
TCEHY_2016-09-27,TCEHY,2016-09-27,27.71999931335449,27.8799991607666,27.549999237060547,27.75,998500.0,0.2528216920051258,0.3569681645337628,0.3048949282694443,0.0112973564106757,0.0145239118213914,-0.0145239118213914
TCEHY_2016-09-28,TCEHY,2016-09-28,28.049999237060547,28.190000534057617,27.75,28.1299991607666,1030200.0,0.2530066015500414,0.3762230149600889,0.3146148082550651,0.0136936634510487,0.0145255615006251,-0.0145255615006251
TCEHY_2016-09-29,TCEHY,2016-09-29,28.100000381469727,28.14999961853028,27.86000061035156,27.86000061035156,1245000.0,0.2128864363593638,0.3550584306435231,0.2839724335014435,-0.0095982423914044,0.014403074186097,-0.014403074186097
TCEHY_2016-09-30,TCEHY,2016-09-30,27.86000061035156,27.89999961853028,27.75,27.8799991607666,1355400.0,0.2132288823384991,0.3613281144498612,0.2872784983941802,0.0007178230429618,0.0144022533885364,-0.0144022533885364
TCEHY_2016-10-03,TCEHY,2016-10-03,28.1200008392334,28.1200008392334,27.86000061035156,27.950000762939453,620700.0,0.2367256766002676,0.3981991537249545,0.3174624151626111,0.0025108179440465,0.0141800351553662,-0.0141800351553662
TCEHY_2016-10-04,TCEHY,2016-10-04,28.13999938964844,28.13999938964844,27.76000022888184,27.86000061035156,1033600.0,0.2316533853539744,0.3478471459854371,0.2897502656697057,-0.0032200411495956,0.0142015484687061,-0.0142015484687061
TCEHY_2016-10-05,TCEHY,2016-10-05,28.229999542236328,28.229999542236328,27.86000061035156,28.020000457763672,498100.0,0.2403718578352345,0.3588748456523043,0.2996233517437694,0.0057429951151064,0.0141914399349507,-0.0141914399349507
TCEHY_2016-10-06,TCEHY,2016-10-06,28.07999992370605,28.09000015258789,27.86000061035156,27.93000030517578,848600.0,0.2018072538832889,0.361111095619326,0.2814591747513074,-0.0032119968278927,0.0138413442168104,-0.0138413442168104
TCEHY_2016-10-07,TCEHY,2016-10-07,27.90999984741211,27.979999542236328,27.68000030517578,27.76000022888184,441900.0,0.188356143132141,0.3528264916962484,0.2705913174141947,-0.0060866478494967,0.0138856833941485,-0.0138856833941485
TCEHY_2016-10-10,TCEHY,2016-10-10,27.940000534057617,28.100000381469727,27.700000762939453,28.01000022888184,440100.0,0.1909013470973837,0.348579663531587,0.2697405053144853,0.009005763614508,0.0138983863224813,-0.0138983863224813
TCEHY_2016-10-11,TCEHY,2016-10-11,27.850000381469727,27.86000061035156,27.450000762939453,27.51000022888184,796300.0,0.1786632411753257,0.2873186311895672,0.2329909361824464,-0.0178507674371397,0.0140811149923649,-0.0140811149923649
TCEHY_2016-10-12,TCEHY,2016-10-12,27.51000022888184,27.600000381469727,27.34000015258789,27.350000381469727,603800.0,0.1481948250155742,0.2840376225874501,0.2161162238015122,-0.0058160612897463,0.0139330216649979,-0.0139330216649979
TCEHY_2016-10-13,TCEHY,2016-10-13,27.01000022888184,27.030000686645508,26.76000022888184,26.850000381469727,1031000.0,0.1291000675432396,0.2683042175109018,0.1987021425270707,-0.018281535394009,0.0141644001007114,-0.0141644001007114
TCEHY_2016-10-14,TCEHY,2016-10-14,27.07999992370605,27.1200008392334,26.96999931335449,27.030000686645508,982600.0,0.1376262805666461,0.2560408973826957,0.1968335889746709,0.0067039218852305,0.0141716555248656,-0.0141716555248656
TCEHY_2016-10-17,TCEHY,2016-10-17,26.989999771118164,27.13999938964844,26.86000061035156,26.959999084472656,701300.0,0.1418889617754744,0.2604020501992059,0.2011455059873401,-0.0025897743394226,0.0141435424870918,-0.0141435424870918
TCEHY_2016-10-18,TCEHY,2016-10-18,27.31999969482422,27.51000022888184,27.13999938964844,27.31999969482422,533200.0,0.14214045182633,0.2960151704792377,0.2190778111527839,0.0133531388196115,0.014146349897468,-0.014146349897468
TCEHY_2016-10-19,TCEHY,2016-10-19,27.32999992370605,27.479999542236328,27.270000457763672,27.32999992370605,561300.0,0.1541384954176914,0.3139423522194475,0.2340404238185695,0.0003660405927357,0.0140616091647628,-0.0140616091647628
TCEHY_2016-10-20,TCEHY,2016-10-20,27.670000076293945,27.700000762939453,27.40999984741211,27.65999984741211,525600.0,0.1520199743330137,0.3285302715104405,0.2402751229217271,0.0120746404913019,0.0140388643043887,-0.0140388643043887
TCEHY_2016-10-21,TCEHY,2016-10-21,27.64999961853028,27.670000076293945,27.520000457763672,27.6200008392334,527600.0,0.1517932179517302,0.3492917325705182,0.2505424752611243,-0.0014460957483501,0.0140396979204226,-0.0140396979204226
TCEHY_2016-10-24,TCEHY,2016-10-24,27.84000015258789,27.8799991607666,27.700000762939453,27.76000022888184,604000.0,0.1513894452977808,0.3365430725595077,0.2439662589286443,0.0050687684791659,0.0140385211389896,-0.0140385211389896
TCEHY_2016-10-25,TCEHY,2016-10-25,27.68000030517578,27.84000015258789,27.520000457763672,27.600000381469727,616400.0,0.1381443456276176,0.339155728486848,0.2386500370572328,-0.0057636832166033,0.0140680376006772,-0.0140680376006772
TCEHY_2016-10-26,TCEHY,2016-10-26,27.420000076293945,27.5,27.239999771118164,27.239999771118164,617900.0,0.1256197897660502,0.3223300614897708,0.2239749256279105,-0.0130435001947776,0.0141886152817971,-0.0141886152817971
TCEHY_2016-10-27,TCEHY,2016-10-27,27.309999465942383,27.3799991607666,27.0,27.01000022888184,357000.0,0.1161156767501303,0.3305419332022057,0.223328804976168,-0.0084434487580351,0.0142473573479479,-0.0142473573479479
TCEHY_2016-10-28,TCEHY,2016-10-28,26.75,27.020000457763672,26.600000381469727,26.64999961853028,561100.0,0.1145963943372727,0.3089390382916157,0.2117677163144442,-0.01332841937434,0.0142694008613189,-0.0142694008613189
TCEHY_2016-10-31,TCEHY,2016-10-31,26.600000381469727,26.68000030517578,26.520000457763672,26.530000686645508,631500.0,0.1189372294838944,0.3439716815732632,0.2314544555285788,-0.0045027742439941,0.014233179427337,-0.014233179427337
TCEHY_2016-11-01,TCEHY,2016-11-01,26.739999771118164,26.780000686645508,26.34000015258789,26.440000534057617,739900.0,0.1231945414503952,0.3496682148093206,0.2364313781298579,-0.003392391641859,0.014202346038126,-0.014202346038126
TCEHY_2016-11-02,TCEHY,2016-11-02,26.3799991607666,26.450000762939453,26.07999992370605,26.170000076293945,1730500.0,0.1046854996339485,0.33452316480192,0.2196043322179343,-0.0102118174096056,0.0142724643724134,-0.0142724643724134
TCEHY_2016-11-03,TCEHY,2016-11-03,26.1299991607666,26.15999984741211,25.8700008392334,25.940000534057617,1062900.0,0.0839949938674717,0.3054856285078247,0.1947403111876482,-0.008788671821391,0.0142908292202495,-0.0142908292202495
TCEHY_2016-11-04,TCEHY,2016-11-04,25.59000015258789,26.64999961853028,25.420000076293945,25.489999771118164,804700.0,0.0515676572525949,0.2906328998034513,0.1711002785280231,-0.0173477545749711,0.0144044887844451,-0.0144044887844451
TCEHY_2016-11-07,TCEHY,2016-11-07,26.299999237060547,26.56999969482422,26.020000457763672,26.459999084472656,1520600.0,0.0879933970601105,0.315109243577985,0.2015513203190477,0.0380541122818511,0.0151443960806045,-0.0151443960806045
TCEHY_2016-11-08,TCEHY,2016-11-08,26.51000022888184,26.81999969482422,26.46999931335449,26.64999961853028,1249200.0,0.1030629050846159,0.3271912211049272,0.2151270630947716,0.0071806704698309,0.0151259288009315,-0.0151259288009315
TCEHY_2016-11-09,TCEHY,2016-11-09,26.31999969482422,26.450000762939453,26.040000915527344,26.25,1182600.0,0.0736195984005418,0.3250883749456608,0.1993539866731013,-0.0150093667638235,0.0152108963048995,-0.0152108963048995
TCEHY_2016-11-10,TCEHY,2016-11-10,26.75,26.75,26.100000381469727,26.299999237060547,1409900.0,0.0881257407547844,0.3276123142898544,0.2078690275223194,0.0019047328404018,0.0151239658290295,-0.0151239658290295
TCEHY_2016-11-11,TCEHY,2016-11-11,25.39999961853028,25.43000030517578,25.1299991607666,25.350000381469727,2093400.0,0.0271474906000481,0.2264151082681025,0.1267812994340753,-0.0361216305380014,0.0156346141967189,-0.0156346141967189
TCEHY_2016-11-14,TCEHY,2016-11-14,24.770000457763672,25.07999992370605,24.39999961853028,24.57999992370605,1306100.0,-0.0207171493968409,0.1817308089084186,0.0805068297557888,-0.0303747710523321,0.0159658538654848,-0.0159658538654848
TCEHY_2016-11-15,TCEHY,2016-11-15,24.729999542236328,25.34000015258789,24.65999984741211,25.25,1668800.0,-0.0366272078598194,0.2469135802469135,0.105143186193547,0.0272579364675982,0.0153349817471091,-0.0153349817471091
TCEHY_2016-11-16,TCEHY,2016-11-16,25.13999938964844,25.530000686645508,24.5,24.979999542236328,1073000.0,-0.0552194009958754,0.2489999771118163,0.0968902880579704,-0.010693087436185,0.0153416815626946,-0.0153416815626946
TCEHY_2016-11-17,TCEHY,2016-11-17,25.020000457763672,25.350000381469727,24.979999542236328,25.100000381469727,656700.0,-0.0408864994919688,0.2291870855871789,0.094150293047605,0.0048038767587044,0.0153094907443433,-0.0153094907443433
TCEHY_2016-11-18,TCEHY,2016-11-18,25.14999961853028,25.26000022888184,25.059999465942383,25.229999542236328,575000.0,-0.0377574293304396,0.2307316849871379,0.0964871278283491,0.0051792493542182,0.0153234888581313,-0.0153234888581313
TCEHY_2016-11-21,TCEHY,2016-11-21,24.950000762939453,25.1200008392334,24.93000030517578,25.11000061035156,768900.0,-0.0405043738193408,0.1968542020127708,0.078174914096715,-0.0047562003195396,0.0153319230764932,-0.0153319230764932
TCEHY_2016-11-22,TCEHY,2016-11-22,25.309999465942383,25.34000015258789,25.229999542236328,25.280000686645508,607900.0,-0.0212930405994995,0.1896470911362591,0.0841770252683797,0.0067702139451111,0.0152751327547388,-0.0152751327547388
TCEHY_2016-11-23,TCEHY,2016-11-23,24.89999961853028,24.89999961853028,24.799999237060547,24.84000015258789,807000.0,-0.034214587257383,0.1755797983518088,0.0706826055472129,-0.017405083944086,0.0154201993189595,-0.0154201993189595
TCEHY_2016-11-25,TCEHY,2016-11-25,24.81999969482422,25.11000061035156,24.520000457763672,24.799999237060547,545900.0,-0.0395042784593113,0.1272726925936611,0.0438842070671748,-0.0016103428052184,0.0154108877549037,-0.0154108877549037
TCEHY_2016-11-28,TCEHY,2016-11-28,24.959999084472656,25.440000534057617,24.950000762939453,25.0,576900.0,-0.0388312272200721,0.1210762715387137,0.0411225221593207,0.0080645471408151,0.0154169662935738,-0.0154169662935738
TCEHY_2016-11-29,TCEHY,2016-11-29,24.88999938964844,25.38999938964844,24.82999992370605,25.0,1039100.0,-0.0544629540458116,0.1415525312998959,0.0435447886270421,0.0,0.0152620934420949,-0.0152620934420949
TCEHY_2016-11-30,TCEHY,2016-11-30,25.049999237060547,25.13999938964844,24.920000076293945,24.940000534057617,751400.0,-0.0366936607951663,0.1377737430315861,0.0505400411182099,-0.0023999786376953,0.01504719900844,-0.01504719900844
TCEHY_2016-12-01,TCEHY,2016-12-01,25.01000022888184,25.06999969482422,24.65999984741211,24.729999542236328,1230800.0,-0.0473805695537186,0.1200180990800241,0.0363187647631527,-0.0084202480883878,0.0150744495587504,-0.0150744495587504
TCEHY_2016-12-02,TCEHY,2016-12-02,24.520000457763672,24.57999992370605,24.270000457763672,24.290000915527344,1386400.0,-0.0746666317894345,0.0776397483992319,0.0014865583048986,-0.0177921000749519,0.0151493068793418,-0.0151493068793418
TCEHY_2016-12-05,TCEHY,2016-12-05,24.459999084472656,24.700000762939453,24.280000686645508,24.6200008392334,581500.0,-0.1089395010119026,0.0798246343453603,-0.0145574333332711,0.0135858341402985,0.0136420581918493,-0.0136420581918493
TCEHY_2016-12-06,TCEHY,2016-12-06,24.5,24.65999984741211,24.299999237060547,24.350000381469727,960200.0,-0.1119620600394671,0.0745807831172877,-0.0186906384610897,-0.0109667119642583,0.0136719518871846,-0.0136719518871846
TCEHY_2016-12-07,TCEHY,2016-12-07,24.6200008392334,24.700000762939453,24.3799991607666,24.65999984741211,665100.0,-0.1065217570080722,0.0940549621018134,-0.0062333974531293,0.0127309840281681,0.0137545595794044,-0.0137545595794044
TCEHY_2016-12-08,TCEHY,2016-12-08,24.850000381469727,24.850000381469727,24.39999961853028,24.450000762939453,739200.0,-0.095114716923914,0.0944494447600592,-0.0003326360819274,-0.0085157780118435,0.0135601440975347,-0.0135601440975347
TCEHY_2016-12-09,TCEHY,2016-12-09,24.489999771118164,24.540000915527344,24.25,24.450000762939453,1208800.0,-0.0984513272002324,0.1293303091798969,0.0154394909898322,0.0,0.0135452804079417,-0.0135452804079417
TCEHY_2016-12-12,TCEHY,2016-12-12,23.93000030517578,23.989999771118164,23.770000457763672,23.81999969482422,1164500.0,-0.1055200733946057,0.1079069625499635,0.0011934445776788,-0.0257669140473063,0.013730146330127,-0.013730146330127
TCEHY_2016-12-13,TCEHY,2016-12-13,23.93000030517578,24.350000381469727,23.89999961853028,24.270000457763672,1326600.0,-0.0947407332628019,0.0967013727136056,0.0009803197254018,0.0188917199288307,0.0139339356218536,-0.0139339356218536
TCEHY_2016-12-14,TCEHY,2016-12-14,24.21999931335449,24.280000686645508,23.850000381469727,23.8799991607666,1359800.0,-0.1347826510611458,0.0864422046451489,-0.0241702232079984,-0.0160692743980692,0.0134761041679286,-0.0134761041679286
TCEHY_2016-12-15,TCEHY,2016-12-15,23.68000030517578,23.84000015258789,23.51000022888184,23.670000076293945,971900.0,-0.1351845323159692,0.0887764639142181,-0.0232040342008755,-0.0087939318196321,0.0134796066356082,-0.0134796066356082
TCEHY_2016-12-16,TCEHY,2016-12-16,23.65999984741211,23.71999931335449,23.31999969482422,23.40999984741211,852500.0,-0.1342455970861582,0.0631244033039226,-0.0355605968911177,-0.0109843780331133,0.013467644894866,-0.013467644894866
TCEHY_2016-12-19,TCEHY,2016-12-19,23.440000534057617,23.5,23.25,23.26000022888184,699100.0,-0.1353159643593823,0.0468047231172639,-0.0442556206210592,-0.0064075019012378,0.0134729267935969,-0.0134729267935969
TCEHY_2016-12-20,TCEHY,2016-12-20,23.549999237060547,23.600000381469727,23.350000381469727,23.51000022888184,1070000.0,-0.142909224669395,0.0361392540997698,-0.0533849852848126,0.0107480652424747,0.013283871592428,-0.013283871592428
TCEHY_2016-12-21,TCEHY,2016-12-21,23.520000457763672,23.59000015258789,23.450000762939453,23.549999237060547,787700.0,-0.1543986027113388,0.019922004392932,-0.0672382991592034,0.0017013614542449,0.0131012924634232,-0.0131012924634232
TCEHY_2016-12-22,TCEHY,2016-12-22,23.309999465942383,23.3799991607666,23.09000015258789,23.13999938964844,1169300.0,-0.1753385662842066,0.0442238063621096,-0.0655573799610484,-0.017409760539053,0.0131675562256371,-0.0131675562256371
TCEHY_2016-12-23,TCEHY,2016-12-23,23.170000076293945,23.200000762939453,23.0,23.11000061035156,679800.0,-0.1577988279676527,0.0738847638831843,-0.0419570320422342,-0.0012964036338869,0.012939057202065,-0.012939057202065
TCEHY_2016-12-27,TCEHY,2016-12-27,23.1299991607666,23.18000030517578,23.049999237060547,23.170000076293945,487600.0,-0.1650450422957137,0.0460496828591523,-0.0594976797182806,0.0025962554893015,0.0128339018614278,-0.0128339018614278
TCEHY_2016-12-28,TCEHY,2016-12-28,23.64999961853028,23.780000686645508,23.489999771118164,23.540000915527344,639500.0,-0.1631709343113315,0.0485523436768549,-0.0573092953172383,0.0159689615025921,0.0128841054213558,-0.0128841054213558
TCEHY_2016-12-29,TCEHY,2016-12-29,24.15999984741211,24.43000030517578,24.14999961853028,24.36000061035156,863600.0,-0.1256281379512803,0.0605137718131727,-0.0325571830690538,0.0348343102350234,0.0136934340264829,-0.0136934340264829
TCEHY_2016-12-30,TCEHY,2016-12-30,24.5,24.5,24.15999984741211,24.21999931335449,632900.0,-0.1312768994829294,0.0539599563019612,-0.038658471590484,-0.0057471795356843,0.013696683891819,-0.013696683891819
TCEHY_2017-01-03,TCEHY,2017-01-03,24.350000381469727,24.540000915527344,24.25,24.450000762939453,802200.0,-0.1252236101775301,0.0818584225771335,-0.0216825938001983,0.0094963441827244,0.0137630497494149,-0.0137630497494149
TCEHY_2017-01-04,TCEHY,2017-01-04,24.479999542236328,24.57999992370605,24.350000381469727,24.549999237060547,977800.0,-0.1188083740407801,0.0853226492582464,-0.0167428623912668,0.0040899170143449,0.0137836387495105,-0.0137836387495105
TCEHY_2017-01-05,TCEHY,2017-01-05,25.07999992370605,25.18000030517578,24.950000762939453,25.07999992370605,805500.0,-0.1049250708788984,0.1102257527356815,0.0026503409283915,0.0215886233448601,0.0140672359962566,-0.0140672359962566
TCEHY_2017-01-06,TCEHY,2017-01-06,25.32999992370605,25.350000381469727,25.059999465942383,25.200000762939453,745600.0,-0.09774434344458,0.0843373929055328,-0.0067034752695235,0.0047847224720274,0.0140890739876468,-0.0140890739876468
TCEHY_2017-01-09,TCEHY,2017-01-09,25.299999237060547,25.299999237060547,25.1200008392334,25.280000686645508,455300.0,-0.0893371585658745,0.0821917819404138,-0.0035726883127303,0.0031746000509533,0.0140891192816318,-0.0140891192816318
TCEHY_2017-01-10,TCEHY,2017-01-10,25.350000381469727,26.1200008392334,25.21999931335449,25.90999984741211,2412300.0,-0.0749732368550416,0.1016156183304632,0.0133211907377108,0.0249208522015351,0.0144173226970681,-0.0144173226970681
TCEHY_2017-01-11,TCEHY,2017-01-11,26.01000022888184,26.030000686645508,25.8799991607666,25.959999084472656,1066300.0,-0.056343189077181,0.1122535953194612,0.02795520312114,0.0019297274162486,0.0142619516323675,-0.0142619516323675
TCEHY_2017-01-12,TCEHY,2017-01-12,25.780000686645508,25.780000686645508,25.559999465942383,25.670000076293945,894700.0,-0.0614259700820341,0.0776658440458211,0.0081199369818935,-0.011170994545688,0.0143080890561775,-0.0143080890561775
TCEHY_2017-01-13,TCEHY,2017-01-13,25.64999961853028,25.979999542236328,25.64999961853028,25.799999237060547,248300.0,-0.0391061873181136,0.0849452688009988,0.0229195407414425,0.005064244658365,0.0141522672558985,-0.0141522672558985
TCEHY_2017-01-17,TCEHY,2017-01-17,25.64999961853028,25.64999961853028,25.5,25.549999237060547,423700.0,-0.054754029300346,0.0753366578676564,0.0102913142836552,-0.0096899227671637,0.0141677338118603,-0.0141677338118603
TCEHY_2017-01-18,TCEHY,2017-01-18,25.850000381469727,25.89999961853028,25.6299991607666,25.729999542236328,490000.0,-0.0456231299705323,0.0897924132604757,0.0220846416449717,0.0070450219393622,0.0142000105457511,-0.0142000105457511
TCEHY_2017-01-19,TCEHY,2017-01-19,25.75,25.88999938964844,25.5,25.6200008392334,823800.0,-0.0622254346478958,0.0710702657824926,0.0044224155672983,-0.004275114844925,0.0140930688492031,-0.0140930688492031
TCEHY_2017-01-20,TCEHY,2017-01-20,25.5,25.600000381469727,25.350000381469727,25.450000762939453,694600.0,-0.0687888461769034,0.0747466399895611,0.0029788969063288,-0.0066354438222193,0.0141103454609313,-0.0141103454609313
TCEHY_2017-01-23,TCEHY,2017-01-23,25.479999542236328,25.64999961853028,25.39999961853028,25.600000381469727,559600.0,-0.0744757583986436,0.0662224130541766,-0.0041266726722334,0.0058938944610447,0.0140390478396494,-0.0140390478396494
TCEHY_2017-01-24,TCEHY,2017-01-24,25.770000457763672,25.979999542236328,25.700000762939453,25.76000022888184,829000.0,-0.067342525482819,0.0742285538208777,0.0034430141690293,0.0062499939464035,0.0140697116672713,-0.0140697116672713
TCEHY_2017-01-25,TCEHY,2017-01-25,25.8799991607666,26.170000076293945,25.8799991607666,26.1200008392334,778400.0,-0.0590777873244455,0.0833679045208672,0.0121450585982108,0.0139751788491029,0.0141761070044378,-0.0141761070044378
TCEHY_2017-01-26,TCEHY,2017-01-26,26.43000030517578,26.559999465942383,26.290000915527344,26.51000022888184,882200.0,-0.0394927586058911,0.0931958857270862,0.0268515635605975,0.0149310634424881,0.0143000485474186,-0.0143000485474186
TCEHY_2017-01-27,TCEHY,2017-01-27,26.36000061035156,26.5,26.280000686645508,26.290000915527344,1245800.0,-0.0348751418345487,0.0863636399461844,0.0257442490558178,-0.0082987292136954,0.014245519465563,-0.014245519465563
TCEHY_2017-01-30,TCEHY,2017-01-30,26.25,26.299999237060547,26.09000015258789,26.190000534057617,360100.0,-0.0303591146936531,0.0822313929082889,0.0259361391073179,-0.0038037420307073,0.0142155618651785,-0.0142155618651785
TCEHY_2017-01-31,TCEHY,2017-01-31,26.18000030517578,26.25,26.09000015258789,26.190000534057617,391000.0,-0.0172607538858206,0.095357620292594,0.0390484332033867,0.0,0.0141187508066598,-0.0141187508066598
TCEHY_2017-02-01,TCEHY,2017-02-01,26.799999237060547,26.799999237060547,26.36000061035156,26.739999771118164,1132800.0,0.0079155325683184,0.1277942135657783,0.0678548730670484,0.0210003522659469,0.0143563757499004,-0.0143563757499004
TCEHY_2017-02-02,TCEHY,2017-02-02,26.5,26.790000915527344,26.5,26.65999984741211,765900.0,0.0083207000344462,0.1325403063101313,0.0704305031722888,-0.0029917697977118,0.0143548356241999,-0.0143548356241999
TCEHY_2017-02-03,TCEHY,2017-02-03,26.549999237060547,26.6299991607666,26.450000762939453,26.56999969482422,451500.0,0.0152846624900322,0.121570244653486,0.0684274535717591,-0.0033758497037885,0.0143003453123881,-0.0143003453123881
TCEHY_2017-02-06,TCEHY,2017-02-06,26.56999969482422,26.940000534057617,26.5,26.670000076293945,294100.0,0.0281418476178474,0.1145006158033994,0.0713212317106234,0.0037636576070119,0.0142584715941473,-0.0142584715941473
TCEHY_2017-02-07,TCEHY,2017-02-07,26.64999961853028,26.64999961853028,26.309999465942383,26.36000061035156,358200.0,0.0341310650076647,0.0874587813222409,0.0607949231649528,-0.0116235269987094,0.0141605441335559,-0.0141605441335559
TCEHY_2017-02-08,TCEHY,2017-02-08,26.25,26.350000381469727,26.15999984741211,26.309999465942383,562000.0,-0.0056689200196645,0.0818256495102536,0.0380783647452945,-0.0018968567242574,0.0133276918977706,-0.0133276918977706
TCEHY_2017-02-09,TCEHY,2017-02-09,26.420000076293945,26.5,26.34000015258789,26.479999542236328,352900.0,-0.0063789898209134,0.096026478041254,0.0448237441101703,0.0064614245436989,0.0133217459731821,-0.0133217459731821
TCEHY_2017-02-10,TCEHY,2017-02-10,26.18000030517578,26.31999969482422,26.14999961853028,26.280000686645508,463200.0,0.0011428833007811,0.0748466203109454,0.0379947518058633,-0.0075528270033319,0.0132191004200684,-0.0132191004200684
TCEHY_2017-02-13,TCEHY,2017-02-13,26.299999237060547,26.38999938964844,26.25,26.32999992370605,491800.0,0.0011407105519314,0.0893669772690917,0.0452538439105115,0.001902558438134,0.0132190956458671,-0.0132190956458671
TCEHY_2017-02-14,TCEHY,2017-02-14,26.239999771118164,26.25,26.030000686645508,26.25,437800.0,0.0355029429975137,0.0636142494088609,0.0495585962031873,-0.0030383563971841,0.012387790282282,-0.012387790282282
TCEHY_2017-02-15,TCEHY,2017-02-15,26.549999237060547,26.780000686645508,26.3700008392334,26.729999542236328,988200.0,0.0874694721401003,0.0649402046212701,0.0762048383806852,0.0182856968470981,0.0119321141981741,-0.0119321141981741
TCEHY_2017-02-16,TCEHY,2017-02-16,27.14999961853028,27.40999984741211,26.89999961853028,27.229999542236328,609700.0,0.0784158234549041,0.038916462929903,0.0586661431924036,0.0187055745814714,0.0116791713564294,-0.0116791713564294
TCEHY_2017-02-17,TCEHY,2017-02-17,27.21999931335449,27.34000015258789,27.14999961853028,27.32999992370605,329500.0,0.0940752772031212,0.0336610957515683,0.0638681864773448,0.0036724341957705,0.0115817483247484,-0.0115817483247484
TCEHY_2017-02-21,TCEHY,2017-02-21,27.1200008392334,27.3700008392334,27.059999465942383,27.3700008392334,756000.0,0.0904382638750682,0.0458540603531167,0.0681461621140925,0.0014636266241863,0.011573994335643,-0.011573994335643
TCEHY_2017-02-22,TCEHY,2017-02-22,27.670000076293945,27.700000762939453,27.46999931335449,27.479999542236328,1240000.0,0.0891795497749963,0.0480549298962067,0.0686172398356015,0.0040189513931345,0.0115688716679918,-0.0115688716679918
TCEHY_2017-02-23,TCEHY,2017-02-23,27.68000030517578,27.809999465942383,27.450000762939453,27.5,915500.0,0.0951811760873939,0.0508215483312448,0.0730013622093194,0.0007278187080363,0.0115422325878399,-0.0115422325878399
TCEHY_2017-02-24,TCEHY,2017-02-24,27.13999938964844,27.31999969482422,26.959999084472656,27.11000061035156,502600.0,0.072389235522164,0.0495548079917242,0.0609720217569441,-0.014181795987216,0.011689124212004,-0.011689124212004
TCEHY_2017-02-27,TCEHY,2017-02-27,27.049999237060547,27.100000381469727,27.0,27.07999992370605,272900.0,0.0901771238872071,0.0528771635559652,0.0715271437215862,-0.001106628032832,0.0114491266085642,-0.0114491266085642
TCEHY_2017-02-28,TCEHY,2017-02-28,26.700000762939453,26.8799991607666,26.51000022888184,26.559999465942383,729900.0,0.0709677533478199,0.0286599449986244,0.0498138491732221,-0.0192023803260226,0.0117355628695369,-0.0117355628695369
TCEHY_2017-03-01,TCEHY,2017-03-01,26.93000030517578,27.0,26.75,26.93000030517578,727100.0,0.0772000122070313,0.0353710137715554,0.0562855129892934,0.0139307547693232,0.0118142671050159,-0.0118142671050159
TCEHY_2017-03-02,TCEHY,2017-03-02,26.64999961853028,26.64999961853028,26.46999931335449,26.46999931335449,748700.0,0.0587999725341794,0.0011345982863437,0.0299672854102616,-0.0170813585818223,0.0120373056577013,-0.0120373056577013
TCEHY_2017-03-03,TCEHY,2017-03-03,26.780000686645508,26.920000076293945,26.729999542236328,26.76000022888184,605400.0,0.0729751265377425,0.0336037412029159,0.0532894338703292,0.0109558338893134,0.012094321189958,-0.012094321189958
TCEHY_2017-03-06,TCEHY,2017-03-06,26.82999992370605,27.09000015258789,26.799999237060547,26.989999771118164,535500.0,0.0913869903241197,0.0396764531190441,0.0655317217215819,0.0085949006079637,0.0120661939618791,-0.0120661939618791
TCEHY_2017-03-07,TCEHY,2017-03-07,27.049999237060547,27.36000061035156,27.049999237060547,27.280000686645508,839000.0,0.1230959101861051,0.0392381213960193,0.0811670157910622,0.010744754278867,0.0118657668034529,-0.0118657668034529
TCEHY_2017-03-08,TCEHY,2017-03-08,27.39999961853028,27.39999961853028,27.14999961853028,27.200000762939453,855700.0,0.1047928446693906,-0.0155627365504131,0.0446150540594887,-0.0029325484491361,0.0117859169623713,-0.0117859169623713
TCEHY_2017-03-09,TCEHY,2017-03-09,26.93000030517578,27.020000457763672,26.670000076293945,26.82999992370605,1178700.0,0.1018480288864223,-0.0215171462781278,0.0401654413041472,-0.0136029716490867,0.0118360125517722,-0.0118360125517722
TCEHY_2017-03-10,TCEHY,2017-03-10,27.280000686645508,27.420000076293945,27.25,27.3799991607666,563000.0,0.1103000539409952,-0.0079710586109568,0.0511644976650192,0.0204994125465722,0.0119931694227607,-0.0119931694227607
TCEHY_2017-03-13,TCEHY,2017-03-13,27.729999542236328,27.76000022888184,27.6200008392334,27.739999771118164,881600.0,0.134560282434248,0.0266469023373985,0.0806035923858232,0.0131483061134427,0.0120051559085199,-0.0120051559085199
TCEHY_2017-03-14,TCEHY,2017-03-14,27.71999931335449,27.71999931335449,27.40999984741211,27.51000022888184,851600.0,0.125153348484988,0.0143805080228553,0.0697669282539217,-0.0082912597020202,0.012073539731251,-0.012073539731251
TCEHY_2017-03-15,TCEHY,2017-03-15,27.530000686645508,28.020000457763672,27.479999542236328,27.850000381469727,1791400.0,0.1691855893483145,0.0458130401483649,0.1074993147483397,0.0123591475739404,0.0116086699883528,-0.0116086699883528
TCEHY_2017-03-16,TCEHY,2017-03-16,28.5,28.600000381469727,28.450000762939453,28.520000457763672,1250400.0,0.1751133053085904,0.0637822090967796,0.119447757202685,0.0240574530383035,0.0117434189959343,-0.0117434189959343
TCEHY_2017-03-17,TCEHY,2017-03-17,28.600000381469727,28.690000534057617,28.559999465942383,28.56999969482422,732100.0,0.1963986892329128,0.0351449021720209,0.1157717957024668,0.0017531289010528,0.0114977394571412,-0.0114977394571412
TCEHY_2017-03-20,TCEHY,2017-03-20,29.350000381469727,29.61000061035156,29.350000381469727,29.559999465942383,1319800.0,0.2488381652160367,0.0800145619129737,0.1644263635645052,0.0346517249455033,0.0120726516977292,-0.0120726516977292
TCEHY_2017-03-21,TCEHY,2017-03-21,29.540000915527344,29.6200008392334,29.0,29.1200008392334,1718400.0,0.2439129017103565,0.0769230714970738,0.1604179866037152,-0.0148849335134775,0.0121583745800503,-0.0121583745800503
TCEHY_2017-03-22,TCEHY,2017-03-22,28.670000076293945,29.040000915527344,28.450000762939453,28.88999938964844,1602700.0,0.2420463931799905,0.0739776877077476,0.158012040443869,-0.0078984012004242,0.0121794867301849,-0.0121794867301849
TCEHY_2017-03-23,TCEHY,2017-03-23,28.75,28.93000030517578,28.559999465942383,28.8700008392334,953600.0,0.2279881139161728,0.0524972846531797,0.1402426992846762,-0.0006922309047264,0.0121552278727181,-0.0121552278727181
TCEHY_2017-03-24,TCEHY,2017-03-24,28.989999771118164,29.100000381469727,28.940000534057617,29.020000457763672,629800.0,0.2322718215674082,0.042010774156844,0.1371412978621261,0.0051956915195661,0.0121556141409776,-0.0121556141409776
TCEHY_2017-03-27,TCEHY,2017-03-27,28.93000030517578,29.14999961853028,28.799999237060547,29.06999969482422,934000.0,0.2562662256520427,0.0359943067749419,0.1461302662134923,0.0017229233725657,0.0118629818128995,-0.0118629818128995
TCEHY_2017-03-28,TCEHY,2017-03-28,29.100000381469727,29.6299991607666,29.100000381469727,29.489999771118164,1174500.0,0.2760709213442789,0.0747084255525489,0.1753896734484139,0.0144478871930888,0.0119217914895614,-0.0119217914895614
TCEHY_2017-03-29,TCEHY,2017-03-29,29.520000457763672,29.530000686645508,29.32999992370605,29.420000076293945,981300.0,0.2697453594915866,0.0601801829295114,0.164962771210549,-0.0023736756652258,0.0119472867038037,-0.0119472867038037
TCEHY_2017-03-30,TCEHY,2017-03-30,29.15999984741211,29.200000762939453,29.040000915527344,29.07999992370605,663200.0,0.2353440438706371,0.0337718020363269,0.134557922953482,-0.0115567692626167,0.012000793196105,-0.012000793196105
TCEHY_2017-03-31,TCEHY,2017-03-31,29.0,29.0,28.770000457763672,28.86000061035156,666000.0,0.1847290594109332,0.0358937537003658,0.1103114065556495,-0.0075653134089298,0.0113843233694766,-0.0113843233694766
TCEHY_2017-04-03,TCEHY,2017-04-03,29.030000686645508,29.15999984741211,28.93000030517578,29.059999465942383,856500.0,0.1998348591991579,0.0423242589919552,0.1210795590955565,0.0069299671296294,0.0113435341982646,-0.0113435341982646
TCEHY_2017-04-04,TCEHY,2017-04-04,29.0,29.270000457763672,29.0,29.209999084472656,650700.0,0.1946829518610182,0.0450804396114332,0.1198816957362257,0.0051617213106307,0.0113163556981881,-0.0113163556981881
TCEHY_2017-04-05,TCEHY,2017-04-05,29.559999465942383,29.61000061035156,29.309999465942383,29.38999938964844,1300900.0,0.1971486885132549,0.0549173993459426,0.1260330439295988,0.0061622838349033,0.0113229095438601,-0.0113229095438601
TCEHY_2017-04-06,TCEHY,2017-04-06,29.350000381469727,29.520000457763672,29.350000381469727,29.520000457763672,907800.0,0.17703351465567,0.0535331897035848,0.1152833521796274,0.0044233096568562,0.0110702185390826,-0.0110702185390826
TCEHY_2017-04-07,TCEHY,2017-04-07,29.3700008392334,29.39999961853028,29.190000534057617,29.31999969482422,983200.0,0.1634920161567561,0.0497672529345032,0.1066296345456296,-0.0067750934904492,0.0111299158645524,-0.0111299158645524
TCEHY_2017-04-10,TCEHY,2017-04-10,29.309999465942383,29.309999465942383,29.1200008392334,29.200000762939453,616600.0,0.1550632899454285,0.051873217657953,0.1034682538016907,-0.0040927330536756,0.0111600845726433,-0.0111600845726433
TCEHY_2017-04-11,TCEHY,2017-04-11,29.11000061035156,29.170000076293945,28.86000061035156,28.96999931335449,711200.0,0.1181010993424613,0.0342734407935765,0.0761872700680189,-0.0078767617662832,0.0108509905602123,-0.0108509905602123
TCEHY_2017-04-12,TCEHY,2017-04-12,29.61000061035156,29.850000381469727,29.540000915527344,29.56999969482422,1208400.0,0.1390601208653661,0.0748818411051721,0.1069709809852691,0.0207110940866728,0.0111086796195982,-0.0111086796195982
TCEHY_2017-04-13,TCEHY,2017-04-13,29.64999961853028,29.780000686645508,29.600000381469727,29.6299991607666,379700.0,0.154265643658088,0.0833637567640266,0.1188147002110573,0.0020290654907542,0.0109774832978684,-0.0109774832978684
TCEHY_2017-04-17,TCEHY,2017-04-17,29.75,29.84000015258789,29.549999237060547,29.770000457763672,649800.0,0.1538760208566361,0.1087523290431369,0.1313141749498865,0.0047249848451715,0.0109762078835395,-0.0109762078835395
TCEHY_2017-04-18,TCEHY,2017-04-18,29.450000762939453,29.450000762939453,29.239999771118164,29.3799991607666,727500.0,0.1499021541319891,0.0869403778921151,0.1184212660120521,-0.0131004800470321,0.0110446618414643,-0.0110446618414643
TCEHY_2017-04-19,TCEHY,2017-04-19,29.540000915527344,29.700000762939453,29.3700008392334,29.40999984741211,496500.0,0.1430237221394033,0.0908754023048357,0.1169495622221195,0.0010211261913706,0.0110288017167156,-0.0110288017167156
TCEHY_2017-04-20,TCEHY,2017-04-20,30.350000381469727,30.700000762939453,30.26000022888184,30.68000030517578,1315700.0,0.1975019242854088,0.1229868465550574,0.1602443854202331,0.0431826067444003,0.0121448155152849,-0.0121448155152849
TCEHY_2017-04-21,TCEHY,2017-04-21,30.549999237060547,30.600000381469727,30.39999961853028,30.479999542236328,818200.0,0.1976423822596347,0.1152579446514365,0.1564501634555356,-0.0065189296267937,0.0121433430869511,-0.0121433430869511
TCEHY_2017-04-24,TCEHY,2017-04-24,30.799999237060547,30.8799991607666,30.68000030517578,30.790000915527344,747800.0,0.2027343928406477,0.1131598367817083,0.157947114811178,0.0101706488827679,0.0121720496672859,-0.0121720496672859
TCEHY_2017-04-25,TCEHY,2017-04-25,31.32999992370605,31.40999984741211,31.209999084472656,31.3700008392334,1097800.0,0.2177795248643548,0.1357711761787217,0.1767753505215382,0.0188372817947388,0.0123284479599609,-0.0123284479599609
TCEHY_2017-04-26,TCEHY,2017-04-26,31.15999984741211,31.200000762939453,31.100000381469727,31.1299991607666,918600.0,0.19180697398784,0.1213976550467954,0.1566023145173177,-0.0076506749138059,0.012324842873513,-0.012324842873513
TCEHY_2017-04-27,TCEHY,2017-04-27,31.479999542236328,31.64999961853028,31.350000381469727,31.459999084472656,804600.0,0.1867219469201642,0.139855023538133,0.1632884852291486,0.0106007045487477,0.0122684007594837,-0.0122684007594837
TCEHY_2017-04-28,TCEHY,2017-04-28,31.57999992370605,31.57999992370605,31.32999992370605,31.350000381469727,966000.0,0.1924685922302063,0.1508810809429333,0.1716748365865698,-0.0034964623713934,0.0122131587919496,-0.0122131587919496
TCEHY_2017-05-01,TCEHY,2017-05-01,31.40999984741211,31.690000534057617,31.40999984741211,31.64999961853028,813500.0,0.2084764785465525,0.1717882025297756,0.190132340538164,0.0095693535378034,0.0122114979221838,-0.0122114979221838
TCEHY_2017-05-02,TCEHY,2017-05-02,32.08000183105469,32.08000183105469,31.489999771118164,31.920000076293945,1740400.0,0.2187857741654111,0.1977486128780028,0.2082671935217069,0.0085308202533305,0.0122240517403996,-0.0122240517403996
TCEHY_2017-05-03,TCEHY,2017-05-03,31.96999931335449,31.989999771118164,31.81999969482422,31.86000061035156,936900.0,0.1914734810418172,0.2009046281852917,0.1961890546135545,-0.0018796825124992,0.0120254997294645,-0.0120254997294645
TCEHY_2017-05-04,TCEHY,2017-05-04,31.38999938964844,31.39999961853028,31.100000381469727,31.26000022888184,1486800.0,0.1725431510801847,0.1822995309177673,0.177421340998976,-0.0188324033262816,0.0123119181891648,-0.0123119181891648
TCEHY_2017-05-05,TCEHY,2017-05-05,31.31999969482422,31.729999542236328,31.26000022888184,31.690000534057617,1222200.0,0.1926985659781834,0.2109285610115054,0.2018135634948444,0.0137556078703573,0.0123667839630468,-0.0123667839630468
TCEHY_2017-05-08,TCEHY,2017-05-08,31.479999542236328,31.56999969482422,31.450000762939453,31.520000457763672,1105400.0,0.18185228224955,0.215111789083422,0.198482035666486,-0.0053644706036292,0.0124096117862323,-0.0124096117862323
TCEHY_2017-05-09,TCEHY,2017-05-09,32.310001373291016,32.4900016784668,32.2400016784668,32.38999938964844,1441700.0,0.2287556388344278,0.2706943774220203,0.249725008128224,0.0276014885548796,0.0126592986283697,-0.0126592986283697
TCEHY_2017-05-10,TCEHY,2017-05-10,32.290000915527344,32.459999084472656,32.290000915527344,32.40999984741211,617500.0,0.2318510264268922,0.2248677614819363,0.2283593939544143,0.0006174886736818,0.0126464362613364,-0.0126464362613364
TCEHY_2017-05-11,TCEHY,2017-05-11,32.529998779296875,32.7400016784668,32.43000030517578,32.7400016784668,936000.0,0.2364049185969807,0.2285179042067233,0.232461411401852,0.0101820991239849,0.012669661552063,-0.012669661552063
TCEHY_2017-05-12,TCEHY,2017-05-12,33.279998779296875,33.61000061035156,33.25,33.459999084472656,1581500.0,0.2732114996281469,0.2746666317894346,0.2739390657087908,0.0219913674127696,0.0128018292298542,-0.0128018292298542
TCEHY_2017-05-15,TCEHY,2017-05-15,33.45000076293945,33.72999954223633,33.40999984741211,33.720001220703125,1955600.0,0.280668489115472,0.2821293611745323,0.2813989251450022,0.0077705362625406,0.0128082494048987,-0.0128082494048987
TCEHY_2017-05-16,TCEHY,2017-05-16,33.459999084472656,33.599998474121094,33.36000061035156,33.59000015258789,3047400.0,0.2796190534319196,0.3250492957444457,0.3023341745881827,-0.0038553103027593,0.0128159163930061,-0.0128159163930061
TCEHY_2017-05-17,TCEHY,2017-05-17,33.95000076293945,34.25,33.29999923706055,33.369998931884766,3194400.0,0.2484100076079878,0.3576077719878772,0.3030088897979325,-0.0065496046354193,0.0127512534542414,-0.0127512534542414
TCEHY_2017-05-18,TCEHY,2017-05-18,34.0,34.22999954223633,33.689998626708984,34.06999969482422,2525300.0,0.2511935463670647,0.3493069186068998,0.3002502324869822,0.0209769489165494,0.0127977578969716,-0.0127977578969716
TCEHY_2017-05-19,TCEHY,2017-05-19,34.84000015258789,34.84000015258789,34.630001068115234,34.83000183105469,2130000.0,0.2744237807641971,0.3943155512138387,0.3343696659890179,0.0223070778702099,0.0130119937516256,-0.0130119937516256
TCEHY_2017-05-22,TCEHY,2017-05-22,35.720001220703125,36.09000015258789,35.25,35.97999954223633,3275200.0,0.3145779480817905,0.4334660954347573,0.3740220217582739,0.0330174461879095,0.0135128120195396,-0.0135128120195396
TCEHY_2017-05-23,TCEHY,2017-05-23,35.619998931884766,35.70000076293945,35.36000061035156,35.58000183105469,2498800.0,0.2947599135279746,0.4102260196831124,0.3524929666055435,-0.0111172239096914,0.0136542391321977,-0.0136542391321977
TCEHY_2017-05-24,TCEHY,2017-05-24,35.290000915527344,35.29999923706055,34.970001220703125,35.060001373291016,1684200.0,0.2749091408469459,0.3962564922773273,0.3355828165621366,-0.0146149643339762,0.0138525496188733,-0.0138525496188733
TCEHY_2017-05-25,TCEHY,2017-05-25,35.43000030517578,35.77000045776367,35.36000061035156,35.70000076293945,1517200.0,0.3168572467426624,0.4121835361261856,0.364520391434424,0.0182544028687914,0.0137700729668089,-0.0137700729668089
TCEHY_2017-05-26,TCEHY,2017-05-26,35.599998474121094,35.66999816894531,35.459999084472656,35.56999969482422,1088400.0,0.3135155020324041,0.4319645521869473,0.3727400271096757,-0.0036414864240056,0.0137903222892955,-0.0137903222892955
TCEHY_2017-05-30,TCEHY,2017-05-30,35.22999954223633,35.400001525878906,35.099998474121094,35.369998931884766,1218700.0,0.3317017937910487,0.4262096782256612,0.3789557360083549,-0.0056227372689169,0.0135184124129529,-0.0135184124129529
TCEHY_2017-05-31,TCEHY,2017-05-31,34.66999816894531,34.66999816894531,34.20000076293945,34.45000076293945,1809500.0,0.2792424943388647,0.3780000305175781,0.3286212624282214,-0.0260106925848948,0.0140038465538115,-0.0140038465538115
TCEHY_2017-06-01,TCEHY,2017-06-01,34.720001220703125,35.040000915527344,34.63999938964844,35.0,1626100.0,0.3222516398911279,0.3999999999999999,0.3611258199455639,0.0159651444087114,0.0138186790853047,-0.0138186790853047
TCEHY_2017-06-02,TCEHY,2017-06-02,34.72999954223633,35.0,34.72999954223633,34.90999984741211,1731000.0,0.3045590264881255,0.3997593865220508,0.3521592065050881,-0.0025714329310826,0.0138224267267977,-0.0138224267267977
TCEHY_2017-06-05,TCEHY,2017-06-05,34.95000076293945,35.029998779296875,34.880001068115234,34.95000076293945,1678700.0,0.2949240851917027,0.4132633000355863,0.3540936926136445,0.0011458297250697,0.0138171474055396,-0.0138171474055396
TCEHY_2017-06-06,TCEHY,2017-06-06,35.31999969482422,35.349998474121094,35.11000061035156,35.20000076293945,1183600.0,0.2903225761343568,0.4491560080772954,0.3697392921058261,0.0071530756664559,0.0137971196385213,-0.0137971196385213
TCEHY_2017-06-07,TCEHY,2017-06-07,35.06999969482422,35.06999969482422,34.849998474121094,35.0099983215332,1578000.0,0.2871322551297508,0.4220145056105255,0.3545733803701382,-0.0053977965138652,0.0138209974788653,-0.0138209974788653
TCEHY_2017-06-08,TCEHY,2017-06-08,35.689998626708984,35.790000915527344,35.349998474121094,35.619998931884766,3009600.0,0.3276183016464409,0.4628336087826705,0.3952259552145557,0.0174236115280352,0.0137322285581261,-0.0137322285581261
TCEHY_2017-06-09,TCEHY,2017-06-09,35.849998474121094,35.9900016784668,34.849998474121094,34.900001525878906,6065900.0,0.2746531262092908,0.4152474347862338,0.3449502804977623,-0.0202132910610888,0.0139285156074819,-0.0139285156074819
TCEHY_2017-06-12,TCEHY,2017-06-12,34.70000076293945,34.70000076293945,33.650001525878906,34.529998779296875,2468200.0,0.2447728573973602,0.4122698446552348,0.3285213510262975,-0.0106017974328072,0.013996893301695,-0.013996893301695
TCEHY_2017-06-13,TCEHY,2017-06-13,35.099998474121094,35.099998474121094,34.72999954223633,34.869998931884766,1877500.0,0.2675390273270848,0.4261757809324742,0.3468574041297795,0.0098465150480036,0.0139352375533999,-0.0139352375533999
TCEHY_2017-06-14,TCEHY,2017-06-14,35.599998474121094,35.81999969482422,35.380001068115234,35.459999084472656,1893300.0,0.2732495008533757,0.4886649680427015,0.3809572344480386,0.016919993423011,0.0139918088864444,-0.0139918088864444
TCEHY_2017-06-15,TCEHY,2017-06-15,35.09000015258789,35.099998474121094,34.40999984741211,34.810001373291016,2674600.0,0.2205470131335529,0.4342810348878971,0.327414024010725,-0.0183304491811525,0.0140277987389201,-0.0140277987389201
TCEHY_2017-06-16,TCEHY,2017-06-16,35.04999923706055,35.099998474121094,34.81999969482422,34.97999954223633,847700.0,0.2243612151166159,0.4648241529131356,0.3445926840148757,0.0048836013283166,0.014027902869999,-0.014027902869999
TCEHY_2017-06-19,TCEHY,2017-06-19,35.7599983215332,36.04999923706055,35.599998474121094,36.04999923706055,1811900.0,0.2195534468326236,0.5230248889253473,0.3712891678789854,0.0305888996234049,0.0138901770021005,-0.0138901770021005
TCEHY_2017-06-20,TCEHY,2017-06-20,35.97999954223633,36.08000183105469,35.79999923706055,35.900001525878906,1619900.0,0.2328296871994182,0.5335327535188994,0.3831812203591588,-0.0041608242539833,0.0137291299436351,-0.0137291299436351
TCEHY_2017-06-21,TCEHY,2017-06-21,35.90999984741211,35.959999084472656,35.810001373291016,35.95000076293945,1232600.0,0.2443752690358545,0.5455718146683635,0.394973541852109,0.0013927363491754,0.0136552906206423,-0.0136552906206423
TCEHY_2017-06-22,TCEHY,2017-06-22,36.220001220703125,36.45000076293945,35.970001220703125,36.33000183105469,1956000.0,0.2583997497389536,0.5452999352345214,0.4018498424867375,0.0105702659263076,0.0136723359910561,-0.0136723359910561
TCEHY_2017-06-23,TCEHY,2017-06-23,36.09999847412109,36.20000076293945,35.93000030517578,36.02000045776367,1943300.0,0.2412129527767565,0.5295117462712751,0.3853623495240158,-0.0085329302963598,0.0137579993725334,-0.0137579993725334
TCEHY_2017-06-26,TCEHY,2017-06-26,36.54999923706055,36.72999954223633,36.41999816894531,36.540000915527344,1689400.0,0.2569659889619167,0.5790839187261745,0.4180249538440456,0.0144364367339031,0.0138241718699814,-0.0138241718699814
TCEHY_2017-06-27,TCEHY,2017-06-27,36.97999954223633,37.06999969482422,36.68999862670898,36.720001220703125,2289600.0,0.2451679045676311,0.5889225552099422,0.4170452298887867,0.0049261166027856,0.013756992625561,-0.013756992625561
TCEHY_2017-06-28,TCEHY,2017-06-28,36.33000183105469,36.959999084472656,36.31999969482422,36.959999084472656,1999400.0,0.2562882049158896,0.5951661183759662,0.4257271616459279,0.0065358893189311,0.0137405974366539,-0.0137405974366539
TCEHY_2017-06-29,TCEHY,2017-06-29,36.33000183105469,36.41999816894531,35.59000015258789,35.83000183105469,3481000.0,0.2321183605590737,0.5220900780603059,0.3771042193096898,-0.030573519518638,0.0142799154502024,-0.0142799154502024
TCEHY_2017-06-30,TCEHY,2017-06-30,35.77000045776367,36.06999969482422,35.75,35.959999084472656,4438600.0,0.2460151879405872,0.4761904016205889,0.361102794780588,0.0036281676465139,0.0142105142387676,-0.0142105142387676
TCEHY_2017-07-03,TCEHY,2017-07-03,36.04999923706055,36.04999923706055,35.689998626708984,35.709999084472656,880700.0,0.2288368802733087,0.4744013252214578,0.3516191027473833,-0.0069521692537514,0.0142655104895014,-0.0142655104895014
TCEHY_2017-07-05,TCEHY,2017-07-05,34.81999969482422,34.9900016784668,34.540000915527344,34.97999954223633,2664000.0,0.1975351125851581,0.4306747832604536,0.3141049479228058,-0.0204424407995502,0.0145751751672874,-0.0145751751672874
TCEHY_2017-07-06,TCEHY,2017-07-06,34.779998779296875,34.779998779296875,34.2599983215332,34.279998779296875,2265200.0,0.1663831061994087,0.3963340058906386,0.2813585560450237,-0.0200114571783868,0.0148530821818229,-0.0148530821818229
TCEHY_2017-07-07,TCEHY,2017-07-07,34.459999084472656,34.7400016784668,34.40999984741211,34.65999984741211,1403300.0,0.1741192178164967,0.3819776695713175,0.2780484436939071,0.0110852124167732,0.0148902725981929,-0.0148902725981929
TCEHY_2017-07-10,TCEHY,2017-07-10,34.810001373291016,35.08000183105469,34.7599983215332,35.04999923706055,1054200.0,0.195429727212713,0.3908729434884406,0.2931513353505768,0.0112521463175239,0.0148792490191499,-0.0148792490191499
TCEHY_2017-07-11,TCEHY,2017-07-11,35.7400016784668,35.880001068115234,35.599998474121094,35.83000183105469,1196700.0,0.2270548251673338,0.4173259833011933,0.3221904042342636,0.0222539974599884,0.0150475311754736,-0.0150475311754736
TCEHY_2017-07-12,TCEHY,2017-07-12,36.2400016784668,36.70000076293945,36.20000076293945,36.630001068115234,1625000.0,0.2644115269698908,0.4137399183263153,0.339075722648103,0.0223276359524817,0.0151643279969646,-0.0151643279969646
TCEHY_2017-07-13,TCEHY,2017-07-13,36.58000183105469,36.59000015258789,36.2400016784668,36.27000045776367,2026700.0,0.22658102239048,0.3971495276152645,0.3118652750028723,-0.0098280262040431,0.0151044316331656,-0.0151044316331656
TCEHY_2017-07-14,TCEHY,2017-07-14,36.77999877929688,37.20000076293945,36.54999923706055,37.060001373291016,1895300.0,0.2507594472821504,0.4437086584785659,0.3472340528803581,0.021781111264316,0.0152803580394226,-0.0152803580394226
TCEHY_2017-07-17,TCEHY,2017-07-17,36.68000030517578,36.84999847412109,36.63999938964844,36.77000045776367,1975500.0,0.235136039380694,0.4251938583372208,0.3301649488589574,-0.0078251728219401,0.0153480710725697,-0.0153480710725697
TCEHY_2017-07-18,TCEHY,2017-07-18,36.84000015258789,37.15999984741211,36.56999969482422,37.08000183105469,1840100.0,0.2620831480679719,0.4512721306570431,0.3566776393625075,0.0084308232099996,0.0152121870472183,-0.0152121870472183
TCEHY_2017-07-19,TCEHY,2017-07-19,38.29999923706055,38.59999847412109,38.25,38.45000076293945,2293100.0,0.3073784754311315,0.4943646112322302,0.4008715433316808,0.036947110685884,0.0157689523130801,-0.0157689523130801
TCEHY_2017-07-20,TCEHY,2017-07-20,38.2599983215332,38.34000015258789,37.959999084472656,38.15999984741211,1391400.0,0.2438070230714579,0.4894613035677766,0.3666341633196173,-0.0075422863400009,0.0150338813042564,-0.0150338813042564
TCEHY_2017-07-21,TCEHY,2017-07-21,38.040000915527344,38.2599983215332,37.97999954223633,38.18999862670898,1624700.0,0.252952729667494,0.5005892920176898,0.3767710108425919,0.0007861315360802,0.0149828185591798,-0.0149828185591798
TCEHY_2017-07-24,TCEHY,2017-07-24,38.81999969482422,39.02000045776367,38.70000076293945,38.97999954223633,1282000.0,0.2659954005580682,0.522656209429261,0.3943258049936646,0.0206860681836957,0.0151141080288878,-0.0151141080288878
TCEHY_2017-07-25,TCEHY,2017-07-25,38.84999847412109,38.93999862670898,38.720001220703125,38.81999969482422,1548600.0,0.2374880030692685,0.5069875524030332,0.3722377777361508,-0.0041046651947428,0.0150236059535727,-0.0150236059535727
TCEHY_2017-07-26,TCEHY,2017-07-26,38.75,38.93000030517578,38.54999923706055,38.84999847412109,1617500.0,0.247992275023382,0.4873658968558174,0.3676790859395997,0.0007727660879108,0.0149601285000428,-0.0149601285000428
TCEHY_2017-07-27,TCEHY,2017-07-27,39.77000045776367,39.77000045776367,38.70000076293945,38.9900016784668,1680300.0,0.2393516469525467,0.4707657993902383,0.3550587231713925,0.0036036862250836,0.0149335107272712,-0.0149335107272712
TCEHY_2017-07-28,TCEHY,2017-07-28,39.209999084472656,39.5,39.0,39.369998931884766,1019100.0,0.2558213222592329,0.4975274842471435,0.3766744032531882,0.0097460178779071,0.0149263339540916,-0.0149263339540916
TCEHY_2017-07-31,TCEHY,2017-07-31,40.04999923706055,40.220001220703125,39.790000915527344,39.959999084472656,1566900.0,0.2625592279968647,0.5257731298061052,0.394166178901485,0.0149860342543739,0.0149760214262408,-0.0149760214262408
TCEHY_2017-08-01,TCEHY,2017-08-01,40.20000076293945,40.4900016784668,40.20000076293945,40.40999984741211,1764300.0,0.2659774358028099,0.54295528917087,0.40446636248684,0.0112612806118483,0.0149938221464803,-0.0149938221464803
TCEHY_2017-08-02,TCEHY,2017-08-02,40.29999923706055,40.29999923706055,39.56999969482422,39.77999877929688,2153200.0,0.2485875083873054,0.487658905003552,0.3681232066954287,-0.015590226936256,0.0151768704604509,-0.0151768704604509
TCEHY_2017-08-03,TCEHY,2017-08-03,39.54999923706055,39.63999938964844,39.22999954223633,39.41999816894531,1439700.0,0.2610364005219763,0.4786195946948521,0.3698279976084142,-0.0090497893765378,0.0149921260251115,-0.0149921260251115
TCEHY_2017-08-04,TCEHY,2017-08-04,39.90999984741211,39.93000030517578,39.59999847412109,39.84000015258789,893400.0,0.2571789044235379,0.4994354764839774,0.3783071904537577,0.0106545409221618,0.0149639712231417,-0.0149639712231417
TCEHY_2017-08-07,TCEHY,2017-08-07,40.9900016784668,41.18999862670898,40.86000061035156,41.08000183105469,1790900.0,0.3032995315498574,0.5403075258169685,0.421803528683413,0.0311245400029509,0.0153077446813817,-0.0153077446813817
TCEHY_2017-08-08,TCEHY,2017-08-08,42.06999969482422,42.34000015258789,41.86000061035156,42.119998931884766,2813400.0,0.300401349971805,0.5978754915257576,0.4491384207487813,0.0253163839940213,0.0152543241937805,-0.0152543241937805
TCEHY_2017-08-09,TCEHY,2017-08-09,42.0099983215332,42.34999847412109,41.810001373291016,42.310001373291016,1576300.0,0.3054613259021477,0.6081338742731721,0.4567976000876599,0.0045109792550925,0.0152470816443183,-0.0152470816443183
TCEHY_2017-08-10,TCEHY,2017-08-10,41.790000915527344,41.79999923706055,40.5099983215332,40.61000061035156,2748500.0,0.2403786966529353,0.5336103214646017,0.3869945090587685,-0.0401796432938101,0.0162254167823222,-0.0162254167823222
TCEHY_2017-08-11,TCEHY,2017-08-11,39.130001068115234,40.02000045776367,38.63999938964844,40.0099983215332,2915700.0,0.1957561092731805,0.5224504290772243,0.3591032691752024,-0.0147747421768178,0.016212784830632,-0.016212784830632
TCEHY_2017-08-14,TCEHY,2017-08-14,41.220001220703125,41.77999877929688,41.220001220703125,41.63999938964844,2033600.0,0.2348753820353559,0.5814659897571106,0.4081706858962333,0.0407398434515298,0.0168882318082099,-0.0168882318082099
TCEHY_2017-08-15,TCEHY,2017-08-15,41.0,41.0,40.56999969482422,40.86000061035156,1979600.0,0.2164334749847736,0.5565714518229166,0.3865024634038451,-0.0187319594315551,0.0170953896034749,-0.0170953896034749
TCEHY_2017-08-16,TCEHY,2017-08-16,42.97999954223633,43.900001525878906,42.959999084472656,43.36000061035156,3834000.0,0.2993707521195463,0.6221474505391595,0.4607591013293529,0.0611845316362194,0.0185377066119372,-0.0185377066119372
TCEHY_2017-08-17,TCEHY,2017-08-17,42.11000061035156,42.380001068115234,41.97999954223633,41.9900016784668,3189100.0,0.2324626373520559,0.5420492979934244,0.3872559676727402,-0.0315959158809997,0.0189550056082654,-0.0189550056082654
TCEHY_2017-08-18,TCEHY,2017-08-18,41.79999923706055,42.09999847412109,41.5,41.88999938964844,2202000.0,0.2026987421028214,0.5327478780310217,0.3677233100669216,-0.0023815738228379,0.0188145766600211,-0.0188145766600211
TCEHY_2017-08-21,TCEHY,2017-08-21,41.86000061035156,42.04999923706055,41.720001220703125,41.97999954223633,1551600.0,0.1667593128498152,0.5337960633914303,0.3502776881206227,0.0021484877989788,0.0184208996588403,-0.0184208996588403
TCEHY_2017-08-22,TCEHY,2017-08-22,41.68999862670898,42.31999969482422,41.66999816894531,42.29999923706055,2721900.0,0.1888700691448688,0.5393013079220075,0.3640856885334381,0.007622670279028,0.0183466993368511,-0.0183466993368511
TCEHY_2017-08-23,TCEHY,2017-08-23,42.18000030517578,43.18999862670898,42.11000061035156,42.869998931884766,2894800.0,0.2227609028145523,0.5589090520685369,0.3908349774415446,0.0134751703334505,0.0182549192630966,-0.0182549192630966
TCEHY_2017-08-24,TCEHY,2017-08-24,42.22999954223633,42.400001525878906,42.04999923706055,42.209999084472656,2697300.0,0.1823528902635571,0.5569899717506972,0.3696714310071272,-0.0153953782098471,0.01830431769966,-0.01830431769966
TCEHY_2017-08-25,TCEHY,2017-08-25,42.27999877929688,42.34999847412109,41.9900016784668,42.060001373291016,2343200.0,0.1824571755453559,0.5531758305682768,0.3678165030568163,-0.0035536061226028,0.018303820205237,-0.018303820205237
TCEHY_2017-08-28,TCEHY,2017-08-28,41.650001525878906,41.68000030517578,41.29999923706055,41.41999816894531,1974900.0,0.1710488951020774,0.559487914224462,0.3652684046632697,-0.0152164332726845,0.0184148291199579,-0.0184148291199579
TCEHY_2017-08-29,TCEHY,2017-08-29,40.79999923706055,41.27999877929688,40.65999984741211,41.130001068115234,1914200.0,0.1939042135628041,0.5272930041597623,0.3605986088612832,-0.0070013788906322,0.0180900895678551,-0.0180900895678551
TCEHY_2017-08-30,TCEHY,2017-08-30,41.95000076293945,42.040000915527344,41.45000076293945,41.93000030517578,1992200.0,0.1980000087193081,0.5840574761186905,0.3910287424189993,0.0194505036782195,0.0181357223369109,-0.0181357223369109
TCEHY_2017-08-31,TCEHY,2017-08-31,42.11000061035156,42.36000061035156,42.09999847412109,42.33000183105469,1671200.0,0.2125466060176057,0.5818386199178085,0.3971926129677071,0.0095397453605439,0.0181395527400631,-0.0181395527400631
TCEHY_2017-09-01,TCEHY,2017-09-01,41.869998931884766,42.02999877929688,41.77999877929688,42.0,2130100.0,0.2017167119646039,0.5561319139003456,0.3789243129324747,-0.0077959323595536,0.0181909899920619,-0.0181909899920619
TCEHY_2017-09-05,TCEHY,2017-09-05,41.27000045776367,41.38999938964844,40.7599983215332,40.93000030517578,2465700.0,0.1627840743761912,0.5003665423370907,0.3315753083566409,-0.0254761832101004,0.0185344895563654,-0.0185344895563654
TCEHY_2017-09-06,TCEHY,2017-09-06,41.63999938964844,41.77000045776367,41.400001525878906,41.7599983215332,1277300.0,0.1928020657986822,0.5352940128748833,0.3640480393367827,0.0202784756943299,0.0186385835691871,-0.0186385835691871
TCEHY_2017-09-07,TCEHY,2017-09-07,41.25,41.54999923706055,41.15999984741211,41.400001525878906,1343500.0,0.1622684662356979,0.543048887201051,0.3526586767183745,-0.0086206132692459,0.0186016783712678,-0.0186016783712678
TCEHY_2017-09-08,TCEHY,2017-09-08,41.33000183105469,41.400001525878906,40.81999969482422,40.81999969482422,1271100.0,0.169627447281214,0.4908692821771918,0.3302483647292029,-0.0140097055477674,0.0184953028176991,-0.0184953028176991
TCEHY_2017-09-11,TCEHY,2017-09-11,42.369998931884766,42.75,42.2599983215332,42.720001220703125,1554600.0,0.2371851355615084,0.5400144763224393,0.3885998059419738,0.0465458486056729,0.0192216601640045,-0.0192216601640045
TCEHY_2017-09-12,TCEHY,2017-09-12,42.81999969482422,43.02000045776367,42.720001220703125,42.959999084472656,1881500.0,0.2320045999539872,0.5616139122881714,0.3968092561210793,0.0056179273621654,0.0192067472232135,-0.0192067472232135
TCEHY_2017-09-13,TCEHY,2017-09-13,42.79999923706055,42.79999923706055,42.61000061035156,42.68000030517578,1383400.0,0.2036097407533392,0.5324955016364503,0.3680526211948948,-0.0065176625992544,0.0191695161130993,-0.0191695161130993
TCEHY_2017-09-14,TCEHY,2017-09-14,42.97999954223633,43.11000061035156,42.83000183105469,42.9900016784668,1399500.0,0.2349899449142833,0.5073632885150996,0.3711766167146915,0.007263387326017,0.0189777187012294,-0.0189777187012294
TCEHY_2017-09-15,TCEHY,2017-09-15,43.369998931884766,43.72999954223633,43.20000076293945,43.65999984741211,1165900.0,0.2481418072831929,0.5281764198030992,0.388159113543146,0.0155849765709803,0.0190378122069635,-0.0190378122069635
TCEHY_2017-09-18,TCEHY,2017-09-18,44.43999862670898,44.709999084472656,44.25,44.68999862670898,2679600.0,0.2396671171289854,0.511840305619716,0.3757537113743507,0.0235913601213153,0.0188983148098865,-0.0188983148098865
TCEHY_2017-09-19,TCEHY,2017-09-19,44.29999923706055,44.41999816894531,44.060001373291016,44.16999816894531,2051900.0,0.230362013692531,0.5168268164826095,0.3735944150875703,-0.0116357232880487,0.0189710888378043,-0.0189710888378043
TCEHY_2017-09-20,TCEHY,2017-09-20,44.36000061035156,44.619998931884766,43.95000076293945,44.29999923706055,1686400.0,0.2322669901784546,0.5334025674273173,0.3828347788028859,0.0029431984039933,0.0189693539157761,-0.0189693539157761
TCEHY_2017-09-21,TCEHY,2017-09-21,44.63999938964844,44.65999984741211,44.130001068115234,44.150001525878906,1664100.0,0.2152490861737233,0.5292691459115055,0.3722591160426144,-0.0033859529066573,0.0189669025410707,-0.0189669025410707
TCEHY_2017-09-22,TCEHY,2017-09-22,44.220001220703125,44.43000030517578,44.150001525878906,44.40999984741211,1007000.0,0.2329261322327405,0.5303238851442256,0.381625008688483,0.0058889765016385,0.0189090350021916,-0.0189090350021916
TCEHY_2017-09-25,TCEHY,2017-09-25,43.720001220703125,43.75,42.59999847412109,42.720001220703125,3033000.0,0.1691297249680594,0.4695563009692507,0.3193430129686551,-0.0380544614392172,0.0195646263985715,-0.0195646263985715
TCEHY_2017-09-26,TCEHY,2017-09-26,43.0,43.38999938964844,42.970001220703125,43.2400016784668,2066900.0,0.1775599194176396,0.4662598173640908,0.3219098683908652,0.012172295011819,0.0195993694770781,-0.0195993694770781
TCEHY_2017-09-27,TCEHY,2017-09-27,43.58000183105469,43.59999847412109,42.91999816894531,43.290000915527344,1838500.0,0.1712662875501531,0.47144802186488,0.3213571547075166,0.0011563190360708,0.0195944848522965,-0.0195944848522965
TCEHY_2017-09-28,TCEHY,2017-09-28,42.630001068115234,42.97999954223633,42.56999969482422,42.75,1282400.0,0.1931341840721758,0.4700825348059974,0.3316083594390866,-0.0124740333589056,0.0192280186411979,-0.0192280186411979
TCEHY_2017-09-29,TCEHY,2017-09-29,43.02000045776367,43.9900016784668,43.0,43.91999816894531,1609600.0,0.2213570435798411,0.5218294261986953,0.3715932348892682,0.027368378220943,0.0194718602563061,-0.0194718602563061
TCEHY_2017-10-02,TCEHY,2017-10-02,44.08000183105469,44.43999862670898,44.0099983215332,44.02999877929688,1895400.0,0.2329879559823877,0.5151410732439612,0.3740645146131744,0.0025045677353727,0.0194274486211012,-0.0194274486211012
TCEHY_2017-10-03,TCEHY,2017-10-03,44.709999084472656,45.04999923706055,44.5099983215332,44.9900016784668,1677300.0,0.2861635868274947,0.5402260557543945,0.4131948212909446,0.0218033823707783,0.019315973563692,-0.019315973563692
TCEHY_2017-10-04,TCEHY,2017-10-04,44.810001373291016,45.0,44.5,44.900001525878906,1569400.0,0.3098017247595672,0.5277306042304071,0.4187661644949871,-0.0020004478601957,0.019083968278435,-0.019083968278435
TCEHY_2017-10-05,TCEHY,2017-10-05,45.09000015258789,45.540000915527344,44.959999084472656,45.43000030517578,1380900.0,0.3107328478123987,0.538956626039883,0.4248447369261409,0.011803981320388,0.0190882007114891,-0.0190882007114891
TCEHY_2017-10-06,TCEHY,2017-10-06,45.18999862670898,45.27000045776367,44.79999923706055,45.18000030517578,1441600.0,0.2890157286338584,0.54092772085367,0.4149717247437642,-0.0055029715677002,0.0191090678223661,-0.0191090678223661
TCEHY_2017-10-09,TCEHY,2017-10-09,45.02999877929688,45.13999938964844,44.95000076293945,44.9900016784668,1345800.0,0.2556516712056913,0.5407534418823701,0.3982025565440307,-0.0042053701953432,0.018996670390744,-0.018996670390744
TCEHY_2017-10-10,TCEHY,2017-10-10,45.2599983215332,45.29999923706055,45.11000061035156,45.25,1473300.0,0.2353261993046482,0.5619606859687019,0.398643442636675,0.0057790244906268,0.0188501438490121,-0.0188501438490121
TCEHY_2017-10-11,TCEHY,2017-10-11,45.27999877929688,45.45000076293945,45.060001373291016,45.369998931884766,1766400.0,0.2508960121111114,0.5343253094394214,0.3926106607752664,0.0026519100969009,0.0187728792967968,-0.0187728792967968
TCEHY_2017-10-12,TCEHY,2017-10-12,45.09999847412109,45.09999847412109,44.70000076293945,44.709999084472656,1599600.0,0.2064219489396717,0.5089436500448385,0.3576827994922551,-0.0145470545062825,0.0187674603855326,-0.0187674603855326
TCEHY_2017-10-13,TCEHY,2017-10-13,45.20000076293945,45.41999816894531,44.95000076293945,45.09000015258789,3213700.0,0.2262714057994395,0.5146120073649156,0.3704417065821775,0.0084992412412552,0.0187260609402786,-0.0187260609402786
TCEHY_2017-10-16,TCEHY,2017-10-16,45.5099983215332,45.79999923706055,45.45000076293945,45.58000183105469,1489000.0,0.2292340771375369,0.5513956137861709,0.3903148454618539,0.0108671917677665,0.0187390993690033,-0.0187390993690033
TCEHY_2017-10-17,TCEHY,2017-10-17,45.5,45.54999923706055,45.13999938964844,45.18999862670898,1304800.0,0.1752925287394522,0.5365521544089844,0.3559223415742183,-0.0085564543369542,0.0182990548569752,-0.0182990548569752
TCEHY_2017-10-18,TCEHY,2017-10-18,45.59000015258789,45.72999954223633,45.34000015258789,45.68999862670898,1186000.0,0.1973270128251201,0.4892437474650539,0.343285380145087,0.0110643951138444,0.0182807226211001,-0.0182807226211001
TCEHY_2017-10-19,TCEHY,2017-10-19,44.68000030517578,44.84000015258789,44.47999954223633,44.790000915527344,1620100.0,0.1728201761233507,0.4694882410828633,0.321154208603107,-0.0196979150412038,0.0185020298710777,-0.0185020298710777
TCEHY_2017-10-20,TCEHY,2017-10-20,45.0099983215332,45.0099983215332,44.7400016784668,44.91999816894531,1316200.0,0.1523858054506328,0.4589151293689062,0.3056504674097695,0.0029023721982757,0.0183583103316916,-0.0183583103316916
TCEHY_2017-10-23,TCEHY,2017-10-23,44.84999847412109,44.88999938964844,44.5,44.560001373291016,894200.0,0.1478619712413882,0.4204654185906598,0.284163694916024,-0.0080141765433814,0.0183873007732482,-0.0183873007732482
TCEHY_2017-10-24,TCEHY,2017-10-24,44.79999923706055,44.84999847412109,44.59999847412109,44.70000076293945,760600.0,0.150579215407568,0.4359139726311087,0.2932465940193384,0.0031418174446544,0.0183864321026181,-0.0183864321026181
TCEHY_2017-10-25,TCEHY,2017-10-25,45.119998931884766,45.22999954223633,44.45000076293945,44.7599983215332,2540400.0,0.1479865707790679,0.4227590471744442,0.2853728089767561,0.001342227238696,0.0183862400543362,-0.0183862400543362
TCEHY_2017-10-26,TCEHY,2017-10-26,44.75,44.79999923706055,44.5,44.5099983215332,1061600.0,0.1305562491515761,0.4197766436979711,0.2751664464247736,-0.0055853442666401,0.0183883405223557,-0.0183883405223557
TCEHY_2017-10-27,TCEHY,2017-10-27,44.66999816894531,45.47999954223633,44.459999084472656,45.31999969482422,2560900.0,0.1341341524813575,0.4319115400017412,0.2830228462415494,0.0181981892571572,0.0184290132535263,-0.0184290132535263
TCEHY_2017-10-30,TCEHY,2017-10-30,44.84000015258789,45.060001373291016,44.77000045776367,45.040000915527344,1416300.0,0.1145756269635756,0.4110275942316568,0.2628016105976162,-0.006178260838092,0.0184211650615827,-0.0184211650615827
TCEHY_2017-10-31,TCEHY,2017-10-31,45.06999969482422,45.15999984741211,44.880001068115234,45.04999923706055,1385600.0,0.1324786480513011,0.4139986934721984,0.2732386707617498,0.000221987596136,0.0182863973765866,-0.0182863973765866
TCEHY_2017-11-01,TCEHY,2017-11-01,46.25,46.29999923706055,46.02000045776367,46.04999923706055,1890400.0,0.168188771590007,0.4731285636560516,0.3206586676230293,0.0221975586445148,0.0184014025444878,-0.0184014025444878
TCEHY_2017-11-02,TCEHY,2017-11-02,46.59000015258789,46.61000061035156,46.11000061035156,46.540000915527344,1832500.0,0.1681727092690343,0.468602086816321,0.3183873980426777,0.0106406446598255,0.0184013049597672,-0.0184013049597672
TCEHY_2017-11-03,TCEHY,2017-11-03,47.310001373291016,47.43000030517578,46.900001525878906,47.25,1522500.0,0.150194690699382,0.499048201579638,0.32462144613951,0.0152556740546985,0.0181113724519244,-0.0181113724519244
TCEHY_2017-11-06,TCEHY,2017-11-06,48.459999084472656,49.0,48.459999084472656,48.880001068115234,2039900.0,0.1604938819481582,0.5091078107194056,0.3348008463337819,0.0344973771029679,0.0183344340568525,-0.0183344340568525
TCEHY_2017-11-07,TCEHY,2017-11-07,50.59999847412109,50.59999847412109,49.7400016784668,49.7599983215332,2827600.0,0.176081226812371,0.5353285577231024,0.3557048922677367,0.0180032167387165,0.0184364681997381,-0.0184364681997381
TCEHY_2017-11-08,TCEHY,2017-11-08,49.63999938964844,49.84999847412109,49.470001220703125,49.77000045776367,1527500.0,0.2255601996981306,0.5201587631712785,0.3728594814347046,0.0002010075676819,0.0176032307626263,-0.0176032307626263
TCEHY_2017-11-09,TCEHY,2017-11-09,49.63999938964844,49.63999938964844,48.869998931884766,49.369998931884766,2467100.0,0.233941539690444,0.4754931345708033,0.3547173371306237,-0.0080370006469732,0.0175113512687771,-0.0175113512687771
TCEHY_2017-11-10,TCEHY,2017-11-10,49.47999954223633,49.880001068115234,49.310001373291016,49.84000015258789,1599300.0,0.1969260538696824,0.478054518040395,0.3374902859550387,0.0095199763190512,0.0168702755935427,-0.0168702755935427
TCEHY_2017-11-13,TCEHY,2017-11-13,49.70000076293945,50.290000915527344,49.59999847412109,50.15999984741211,2118200.0,0.227606439014699,0.4933015665243339,0.3604540027695164,0.0064205396036221,0.0166438784412346,-0.0166438784412346
TCEHY_2017-11-14,TCEHY,2017-11-14,49.91999816894531,49.91999816894531,48.95000076293945,49.09999847412109,3554000.0,0.1323800226699993,0.4713814817418658,0.3018807522059326,-0.0211324038380297,0.0152027311909194,-0.0152027311909194
TCEHY_2017-11-15,TCEHY,2017-11-15,50.36000061035156,50.47999954223633,49.720001220703125,50.16999816894531,3109200.0,0.1948081963205388,0.4725564607670642,0.3336823285438015,0.0217922551543088,0.0147768102161901,-0.0147768102161901
TCEHY_2017-11-16,TCEHY,2017-11-16,50.709999084472656,51.47999954223633,50.619998931884766,51.20000076293945,4109700.0,0.2222487827391002,0.4699970735370204,0.3461229281380603,0.0205302497824626,0.0149250250066547,-0.0149250250066547
TCEHY_2017-11-17,TCEHY,2017-11-17,52.02000045776367,52.630001068115234,52.0099983215332,52.29999923706055,4322500.0,0.2458313436721504,0.4535853224696804,0.3497083330709154,0.0214843448775359,0.015098766133278,-0.015098766133278
TCEHY_2017-11-20,TCEHY,2017-11-20,54.29999923706055,54.77000045776367,52.63999938964844,54.36000061035156,4545800.0,0.2851064205865237,0.5278245591012154,0.4064654898438695,0.0393881721480269,0.0157513302375775,-0.0157513302375775
TCEHY_2017-11-21,TCEHY,2017-11-21,55.90999984741211,56.04999923706055,55.75,55.900001525878906,5301600.0,0.3039422187692897,0.5944095646403473,0.4491758917048185,0.0283296706813149,0.0160029365845001,-0.0160029365845001
TCEHY_2017-11-22,TCEHY,2017-11-22,55.2400016784668,55.2400016784668,54.5099983215332,54.88999938964844,4043000.0,0.3004027619095646,0.5375349640504861,0.4189688629800253,-0.0180680162551138,0.0160595583449493,-0.0160595583449493
TCEHY_2017-11-24,TCEHY,2017-11-24,54.13999938964844,54.13999938964844,53.61000061035156,53.72999954223633,2679100.0,0.2774607177344508,0.5105425921624218,0.3940016549484363,-0.0211331728968987,0.0163484235414087,-0.0163484235414087
TCEHY_2017-11-27,TCEHY,2017-11-27,53.20000076293945,53.25,52.91999816894531,53.0,3804400.0,0.2795751410664429,0.4984450551459427,0.3890100981061928,-0.0135864423684293,0.0163187434022956,-0.0163187434022956
TCEHY_2017-11-28,TCEHY,2017-11-28,54.040000915527344,54.27000045776367,53.869998931884766,54.150001525878906,3584500.0,0.3165572603852185,0.5718432605706145,0.4442002604779165,0.0216981419977151,0.0164055787712987,-0.0164055787712987
TCEHY_2017-11-29,TCEHY,2017-11-29,52.93000030517578,52.93999862670898,51.34999847412109,52.0,5081900.0,0.2401621660274873,0.4857142857142857,0.3629382258708865,-0.0397045515289855,0.0172096397789314,-0.0172096397789314
TCEHY_2017-11-30,TCEHY,2017-11-30,51.400001525878906,51.47999954223633,51.0,51.18000030517578,2931600.0,0.2090715353484451,0.4660555866192526,0.3375635609838489,-0.0157692249004657,0.0173627026648277,-0.0173627026648277
TCEHY_2017-12-01,TCEHY,2017-12-01,49.290000915527344,49.380001068115234,48.380001068115234,49.02999877929688,5799100.0,0.1673809233165923,0.402861164778219,0.2851210440474057,-0.042008626671725,0.0182247352344374,-0.0182247352344374
TCEHY_2017-12-04,TCEHY,2017-12-04,50.04999923706055,50.18000030517578,48.79999923706055,48.84000015258789,4872500.0,0.193256774699116,0.3874999742616312,0.2903783744803736,-0.0038751505494473,0.0178876404443603,-0.0178876404443603
TCEHY_2017-12-05,TCEHY,2017-12-05,48.0,48.7599983215332,47.79999923706055,48.02000045776367,4876000.0,0.1499042717394592,0.371608190801556,0.2607562312705076,-0.0167895104885819,0.0179186038288437,-0.0179186038288437
TCEHY_2017-12-06,TCEHY,2017-12-06,46.93000030517578,47.959999084472656,46.790000915527344,47.630001068115234,7116900.0,0.1504830751839947,0.3371701992242306,0.2438266372041126,-0.0081216032055531,0.017913773423297,-0.017913773423297
TCEHY_2017-12-07,TCEHY,2017-12-07,48.5,48.70000076293945,48.209999084472656,48.59999847412109,4462500.0,0.190592818164164,0.3925500386606979,0.291571428412431,0.0203652610592779,0.0179298465475975,-0.0179298465475975
TCEHY_2017-12-08,TCEHY,2017-12-08,50.77999877929688,50.77999877929688,50.43999862670898,50.47999954223633,4752000.0,0.1816478955944533,0.461917211896995,0.3217825537457242,0.0386831507642191,0.0176464851743468,-0.0176464851743468
TCEHY_2017-12-11,TCEHY,2017-12-11,51.83000183105469,52.290000915527344,51.81999969482422,52.130001068115234,2827600.0,0.2134544268870097,0.4949814357593256,0.3542179313231677,0.0326862428851324,0.0180411636882277,-0.0180411636882277
TCEHY_2017-12-12,TCEHY,2017-12-12,50.5099983215332,50.59999847412109,50.0,50.4900016784668,3240300.0,0.1829897215896669,0.4238579521164041,0.3034238368530355,-0.0314597996555868,0.0185258175491355,-0.0185258175491355
TCEHY_2017-12-13,TCEHY,2017-12-13,50.95000076293945,51.41999816894531,50.900001525878906,51.25,3284300.0,0.1921376598985,0.4722780229282912,0.3322078414133956,0.0150524518967749,0.0185817208350375,-0.0185817208350375
TCEHY_2017-12-14,TCEHY,2017-12-14,50.90999984741211,50.90999984741211,50.5,50.540000915527344,2887900.0,0.1575813351388053,0.4448256597174398,0.3012034974281226,-0.0138536406726371,0.0186292984634441,-0.0186292984634441
TCEHY_2017-12-15,TCEHY,2017-12-15,50.13999938964844,50.5,49.84999847412109,50.310001373291016,3209500.0,0.1257552678290583,0.3955617874624177,0.260658527645738,-0.0045508416713475,0.0184518724220229,-0.0184518724220229
TCEHY_2017-12-18,TCEHY,2017-12-18,50.84999847412109,51.20000076293945,50.75,51.09999847412109,2974500.0,0.1568938327474973,0.4233982256876814,0.2901460292175893,0.0157025855548766,0.0184462993683833,-0.0184462993683833
TCEHY_2017-12-19,TCEHY,2017-12-19,51.31999969482422,51.369998931884766,50.52999877929688,50.869998931884766,2062300.0,0.148306993407979,0.4150208025677209,0.2816638979878499,-0.0045009696497897,0.0184671384764226,-0.0184671384764226
TCEHY_2017-12-20,TCEHY,2017-12-20,51.040000915527344,51.08000183105469,50.400001525878906,50.650001525878906,1622500.0,0.1472253629751285,0.394164573990843,0.2706949684829858,-0.0043246984593107,0.0184722320034701,-0.0184722320034701
TCEHY_2017-12-21,TCEHY,2017-12-21,51.540000915527344,52.040000915527344,51.41999816894531,51.84999847412109,2723500.0,0.1675298052752081,0.4394780070844073,0.3035039061798077,0.0236919429830433,0.0186624311550817,-0.0186624311550817
TCEHY_2017-12-22,TCEHY,2017-12-22,51.9900016784668,52.27000045776367,51.59999847412109,52.220001220703125,1723300.0,0.2223782707992077,0.4291187715464097,0.3257485211728087,0.0071360223234473,0.0179273334014838,-0.0179273334014838
TCEHY_2017-12-26,TCEHY,2017-12-26,52.29999923706055,52.380001068115234,52.0,52.04999923706055,1291000.0,0.2037464666191506,0.4174835922313151,0.3106150294252329,-0.0032554955892107,0.0179102466411039,-0.0179102466411039
TCEHY_2017-12-27,TCEHY,2017-12-27,51.43000030517578,51.83000183105469,51.40999984741211,51.52999877929688,1704000.0,0.1903441369716858,0.3942099582179172,0.2922770475948015,-0.0099904027931938,0.0179847165132684,-0.0179847165132684
TCEHY_2017-12-28,TCEHY,2017-12-28,52.380001068115234,52.400001525878906,51.790000915527344,51.900001525878906,1742700.0,0.214035123412372,0.4485068064075839,0.331270964909978,0.007180336800836,0.0178834066079928,-0.0178834066079928
TCEHY_2017-12-29,TCEHY,2017-12-29,52.20000076293945,52.20000076293945,51.77999877929688,51.91999816894531,1646500.0,0.1821493700711625,0.4438264596998864,0.3129879148855244,0.0003852917625914,0.0176173718128445,-0.0176173718128445
TCEHY_2018-01-02,TCEHY,2018-01-02,53.77000045776367,54.5,52.9900016784668,54.5,2411200.0,0.2377924485799931,0.5261831811050808,0.3819878148425369,0.0496918706094611,0.0185808216861237,-0.0185808216861237
TCEHY_2018-01-03,TCEHY,2018-01-03,54.5099983215332,54.810001373291016,54.5,54.790000915527344,2988400.0,0.2178261585118153,0.5663236601639055,0.3920749093378604,0.0053211177160981,0.0184352923612568,-0.0184352923612568
TCEHY_2018-01-04,TCEHY,2018-01-04,55.43000030517578,55.68000030517578,55.27000045776367,55.540000915527344,3059100.0,0.2369710251238161,0.6201867821847844,0.4285789036543003,0.0136886290831845,0.0184684792739535,-0.0184684792739535
TCEHY_2018-01-05,TCEHY,2018-01-05,55.52000045776367,55.880001068115234,55.5,55.869998931884766,2837100.0,0.2298040624384405,0.6119445810111941,0.4208743217248173,0.0059416278523172,0.0184409623673007,-0.0184409623673007
TCEHY_2018-01-08,TCEHY,2018-01-08,56.27000045776367,56.59999847412109,55.95000076293945,56.470001220703125,2915400.0,0.2498893501387156,0.6111270313807562,0.4305081907597359,0.0107392572093989,0.0184272287259672,-0.0184272287259672
TCEHY_2018-01-09,TCEHY,2018-01-09,57.02000045776367,57.209999084472656,56.650001525878906,57.060001373291016,3178700.0,0.26828182361685,0.5925201913842997,0.4304010075005748,0.0104480279765175,0.0184181405153131,-0.0184181405153131
TCEHY_2018-01-10,TCEHY,2018-01-10,56.290000915527344,56.29999923706055,55.77000045776367,56.02000045776367,2633200.0,0.238011059840081,0.529347497249367,0.383679278544724,-0.0182264439273945,0.0186267418671369,-0.0186267418671369
TCEHY_2018-01-11,TCEHY,2018-01-11,55.09999847412109,55.369998931884766,54.900001525878906,55.34999847412109,2286100.0,0.2199691376942629,0.5260545292403849,0.3730118334673239,-0.011960049592426,0.0187289865348909,-0.0187289865348909
TCEHY_2018-01-12,TCEHY,2018-01-12,56.65999984741211,57.0,56.40999984741211,56.91999816894531,2107500.0,0.2730932528404606,0.5358876432737347,0.4044904480570976,0.0283649455845653,0.0188481682259418,-0.0188481682259418
TCEHY_2018-01-16,TCEHY,2018-01-16,57.130001068115234,57.5,56.34000015258789,56.400001525878906,3833000.0,0.2508316996011783,0.5338591466884393,0.3923454231448088,-0.009135570270452,0.0189113288751595,-0.0189113288751595
TCEHY_2018-01-17,TCEHY,2018-01-17,57.61000061035156,57.970001220703125,57.119998931884766,57.91999816894531,2636700.0,0.270732686313389,0.5620279209489418,0.4163803036311654,0.0269502943607007,0.0191166104105747,-0.0191166104105747
TCEHY_2018-01-18,TCEHY,2018-01-18,57.5099983215332,57.560001373291016,57.119998931884766,57.41999816894531,2572400.0,0.2706350943548812,0.4933679331494407,0.3820015137521609,-0.0086325969579895,0.0191174187938578,-0.0191174187938578
TCEHY_2018-01-19,TCEHY,2018-01-19,58.02999877929688,58.20000076293945,57.7599983215332,58.20000076293945,2107400.0,0.2738017621413871,0.5251572587961211,0.3994795104687541,0.0135841626413704,0.0191350892991827,-0.0191350892991827
TCEHY_2018-01-22,TCEHY,2018-01-22,59.02999877929688,59.560001373291016,58.900001525878906,59.47999954223633,3198900.0,0.3279749570537831,0.5574758230192169,0.4427253900365,0.0219931058851798,0.019021892391021,-0.019021892391021
TCEHY_2018-01-23,TCEHY,2018-01-23,60.70000076293945,60.84999847412109,60.5099983215332,60.84999847412109,3928200.0,0.3546304753901061,0.5610569314704013,0.4578437034302537,0.0230329344725688,0.0191599542441413,-0.0191599542441413
TCEHY_2018-01-24,TCEHY,2018-01-24,60.470001220703125,60.77000045776367,59.619998931884766,60.09999847412109,4159200.0,0.3487431916944385,0.5481710187167796,0.4484571052056091,-0.0123253906130986,0.0192148409930158,-0.0192148409930158
TCEHY_2018-01-25,TCEHY,2018-01-25,59.27999877929688,59.540000915527344,58.65999984741211,59.040000915527344,4178600.0,0.3208053670656112,0.5196912029444558,0.4202482850050335,-0.0176372310400336,0.0194234321323161,-0.0194234321323161
TCEHY_2018-01-26,TCEHY,2018-01-26,60.5099983215332,61.0,60.2400016784668,60.959999084472656,2570900.0,0.3619303255234023,0.5634777240376303,0.4627040247805163,0.0325202936851642,0.019733511561172,-0.019733511561172
TCEHY_2018-01-29,TCEHY,2018-01-29,60.310001373291016,60.310001373291016,59.5,59.81999969482422,4327300.0,0.3439676915441332,0.5194310723330378,0.4316993819385855,-0.0187007776701034,0.0199164572264447,-0.0199164572264447
TCEHY_2018-01-30,TCEHY,2018-01-30,58.47999954223633,58.720001220703125,57.810001373291016,58.43000030517578,5398100.0,0.2892762731383864,0.4622122533501271,0.3757442632442568,-0.0232363657094553,0.0201529041334294,-0.0201529041334294
TCEHY_2018-01-31,TCEHY,2018-01-31,59.47999954223633,59.790000915527344,58.720001220703125,59.16999816894531,2631900.0,0.3137210694093639,0.4642414845922007,0.3889812770007823,0.0126646903971345,0.0201356030317635,-0.0201356030317635
TCEHY_2018-02-01,TCEHY,2018-02-01,58.2400016784668,58.470001220703125,57.86000061035156,57.90999984741211,3531100.0,0.2854606177167753,0.4557567024750844,0.3706086600959298,-0.0212945472456428,0.0203908757569086,-0.0203908757569086
TCEHY_2018-02-02,TCEHY,2018-02-02,57.150001525878906,57.20000076293945,55.75,55.79999923706055,5099500.0,0.2117263878726256,0.4155251605521188,0.3136257742123722,-0.0364358593664519,0.0208881038461008,-0.0208881038461008
TCEHY_2018-02-05,TCEHY,2018-02-05,55.66999816894531,56.540000915527344,53.790000915527344,54.0,6110700.0,0.1602921989196555,0.3554216815556994,0.2578569402376774,-0.0322580512844352,0.0213382403000052,-0.0213382403000052
TCEHY_2018-02-06,TCEHY,2018-02-06,52.150001525878906,55.56999969482422,52.0,55.209999084472656,9918400.0,0.1684655890893684,0.3439629168355174,0.2562142529624429,0.0224073904531973,0.0214255729293706,-0.0214255729293706
TCEHY_2018-02-07,TCEHY,2018-02-07,53.70000076293945,54.47999954223633,53.25,53.400001525878906,6263600.0,0.0924713657731914,0.2678063361833374,0.1801388509782644,-0.032783872280534,0.0214917773737609,-0.0214917773737609
TCEHY_2018-02-08,TCEHY,2018-02-08,54.04999923706055,54.04999923706055,51.27999877929688,51.29999923706055,7279100.0,0.0309485724974576,0.2124792619232727,0.1217139172103651,-0.0393258844346783,0.0219952107272688,-0.0219952107272688
TCEHY_2018-02-09,TCEHY,2018-02-09,51.61000061035156,52.70000076293945,49.83000183105469,52.20000076293945,7757100.0,0.0488245988110438,0.2853976847671748,0.1671111417891093,0.0175438896542656,0.0220968794037347,-0.0220968794037347
TCEHY_2018-02-12,TCEHY,2018-02-12,53.09999847412109,54.02999877929688,52.70000076293945,53.54999923706055,4801400.0,0.0846668097145977,0.3384154332303526,0.2115411214724751,0.0258620393561288,0.0222852731702285,-0.0222852731702285
TCEHY_2018-02-13,TCEHY,2018-02-13,53.93999862670898,54.869998931884766,53.75,54.79999923706055,3335300.0,0.0995184403950109,0.3160422680189481,0.2077803542069795,0.0233426707340624,0.0224327110127869,-0.0224327110127869
TCEHY_2018-02-14,TCEHY,2018-02-14,54.79999923706055,56.97999954223633,54.720001220703125,56.58000183105469,5175700.0,0.1279904705576628,0.3847283648038073,0.2563594176807351,0.0324817996126969,0.0227580712365569,-0.0227580712365569
TCEHY_2018-02-15,TCEHY,2018-02-15,58.54999923706055,59.18000030517578,57.29999923706055,58.619998931884766,4495400.0,0.1938900357152015,0.3519372257086661,0.2729136307119338,0.0360550907531147,0.0229533607953247,-0.0229533607953247
TCEHY_2018-02-16,TCEHY,2018-02-16,58.2400016784668,58.93000030517578,57.900001525878906,58.220001220703125,2692700.0,0.1604545215379473,0.3865205737907686,0.273487547664358,-0.0068235707688502,0.0228599635210651,-0.0228599635210651
TCEHY_2018-02-20,TCEHY,2018-02-20,57.06999969482422,57.869998931884766,56.880001068115234,57.470001220703125,3237400.0,0.1224609446158864,0.3719265232289477,0.247193733922417,-0.0128821708051304,0.0228253460436328,-0.0228253460436328
TCEHY_2018-02-21,TCEHY,2018-02-21,58.93999862670898,59.43999862670898,58.09999847412109,58.09999847412109,2950500.0,0.1108986485978871,0.3839923560662817,0.2474455023320844,0.0109621931448822,0.0227194063513209,-0.0227194063513209
TCEHY_2018-02-22,TCEHY,2018-02-22,57.869998931884766,58.43000030517578,57.5099983215332,57.630001068115234,2729600.0,0.0601545331318664,0.36241139734167,0.2112829652367682,-0.008089456425979,0.0222390252356367,-0.0222390252356367
TCEHY_2018-02-23,TCEHY,2018-02-23,58.15999984741211,58.59999847412109,57.970001220703125,58.54999923706055,1612600.0,0.0474060400509082,0.3657569558163367,0.2065814979336224,0.0159638756184983,0.0220492152523412,-0.0220492152523412
TCEHY_2018-02-26,TCEHY,2018-02-26,58.02999877929688,58.709999084472656,57.810001373291016,58.560001373291016,2344600.0,0.0668610315986757,0.3873490320646053,0.2271050318316405,0.0001708306807992,0.0219144793233539,-0.0219144793233539
TCEHY_2018-02-27,TCEHY,2018-02-27,57.0099983215332,57.22999954223633,56.09999847412109,56.150001525878906,2818100.0,0.0450400521917044,0.3349976151340625,0.1900188336628835,-0.0411543680139204,0.0223846434178973,-0.0223846434178973
TCEHY_2018-02-28,TCEHY,2018-02-28,55.380001068115234,55.720001220703125,54.75,54.88999938964844,2999600.0,0.0356603658424232,0.3252052587197427,0.180432812281083,-0.022439930578626,0.0225048209009481,-0.0225048209009481
TCEHY_2018-03-01,TCEHY,2018-03-01,56.77999877929688,56.79999923706055,55.0,55.75,3404800.0,0.0295475240819049,0.3554582677416575,0.1925028959117812,0.0156677103281903,0.0224272159551161,-0.0224272159551161
TCEHY_2018-03-02,TCEHY,2018-03-02,54.2599983215332,55.95000076293945,54.02000045776367,55.88999938964844,2872900.0,0.0748076805701623,0.332935821198872,0.2038717508845171,0.0025111998143216,0.0218227367704715,-0.0218227367704715
TCEHY_2018-03-05,TCEHY,2018-03-05,54.41999816894531,55.79999923706055,54.36000061035156,55.59999847412109,3379600.0,0.0863618238098822,0.3134891582577512,0.1999254910338167,-0.0051887800804139,0.0217291414592399,-0.0217291414592399
TCEHY_2018-03-06,TCEHY,2018-03-06,56.75,56.77000045776367,56.0,56.290000915527344,2648500.0,0.1480726558634144,0.3402381170363653,0.2441553864498898,0.0124101161932119,0.0210404500661945,-0.0210404500661945
TCEHY_2018-03-07,TCEHY,2018-03-07,55.95000076293945,56.470001220703125,55.54999923706055,56.29999923706055,2806400.0,0.1527436335210037,0.3755191501902128,0.2641313918556083,0.0001776216267648,0.0210271090989361,-0.0210271090989361
TCEHY_2018-03-08,TCEHY,2018-03-08,56.68999862670898,56.91999816894531,56.25,56.61000061035156,1491500.0,0.1788837998896582,0.3556035173775635,0.2672436586336109,0.0055062411632671,0.020884768014035,-0.020884768014035
TCEHY_2018-03-09,TCEHY,2018-03-09,57.5099983215332,58.16999816894531,57.290000915527344,58.16999816894531,2947500.0,0.2212890376751604,0.4050723677530199,0.3131807027140901,0.0275569253095626,0.0210659590266955,-0.0210659590266955
TCEHY_2018-03-12,TCEHY,2018-03-12,58.66999816894531,58.83000183105469,58.13999938964844,58.65999984741211,2627400.0,0.2069959195296653,0.4370406733454708,0.3220182964375681,0.0084236151605792,0.0209642920757574,-0.0209642920757574
TCEHY_2018-03-13,TCEHY,2018-03-13,59.31999969482422,59.31999969482422,57.56999969482422,57.83000183105469,3037700.0,0.1456022653619213,0.3536985060531528,0.249650385707537,-0.0141493013725951,0.0205753784717165,-0.0205753784717165
TCEHY_2018-03-14,TCEHY,2018-03-14,59.11000061035156,59.16999816894531,58.15999984741211,58.650001525878906,2658600.0,0.1250719417642898,0.3652235283002416,0.2451477350322657,0.0141794858872696,0.020265318515015,-0.020265318515015
TCEHY_2018-03-15,TCEHY,2018-03-15,59.54999923706055,60.0,59.310001373291016,59.72999954223633,3607300.0,0.1830064875539556,0.3994845153502238,0.2912455014520897,0.0184142879498627,0.0199051405761114,-0.0199051405761114
TCEHY_2018-03-16,TCEHY,2018-03-16,59.27999877929688,59.38999938964844,58.959999084472656,59.27000045776367,3773000.0,0.1564878138100229,0.3786926760566129,0.2675902449333179,-0.0077013073497076,0.0198868800137168,-0.0198868800137168
TCEHY_2018-03-19,TCEHY,2018-03-19,58.54999923706055,58.59999847412109,57.61000061035156,58.25,4057000.0,0.1525524128374902,0.3341731608698732,0.2433627868536817,-0.0172093883901778,0.0199358362677486,-0.0199358362677486
TCEHY_2018-03-20,TCEHY,2018-03-20,59.59000015258789,59.84000015258789,59.40999984741211,59.68000030517578,4025500.0,0.1862452529540017,0.3354218424501813,0.2608335477020915,0.0245493614622451,0.0201073551046185,-0.0201073551046185
TCEHY_2018-03-21,TCEHY,2018-03-21,58.18999862670898,58.290000915527344,57.34999847412109,57.88999938964844,6467300.0,0.1328767342129384,0.3106181070740743,0.2217474206435064,-0.0299933127743651,0.0204596863184794,-0.0204596863184794
TCEHY_2018-03-22,TCEHY,2018-03-22,53.560001373291016,53.58000183105469,51.59000015258789,51.68999862670898,27203300.0,0.0161195146853099,0.166817144851463,0.0914683297683864,-0.1070996860996358,0.024654110724329,-0.024654110724329
TCEHY_2018-03-23,TCEHY,2018-03-23,53.630001068115234,53.79999923706055,52.27999877929688,52.38999938964844,9625400.0,0.034353362514323,0.1866364117550389,0.110494887134681,0.0135422863520402,0.0246997391131535,-0.0246997391131535
TCEHY_2018-03-26,TCEHY,2018-03-26,54.43000030517578,55.47999954223633,53.7599983215332,55.2599983215332,7169400.0,0.0657666335152176,0.2443143100968363,0.1550404718060269,0.0547814270914428,0.0254623993715872,-0.0254623993715872
TCEHY_2018-03-27,TCEHY,2018-03-27,55.36000061035156,55.5,53.310001373291016,53.650001525878906,5481300.0,0.0273841492100319,0.2558520597578739,0.1416181044839529,-0.0291349410886052,0.0257377322352491,-0.0257377322352491
TCEHY_2018-03-28,TCEHY,2018-03-28,52.540000915527344,52.7599983215332,51.900001525878906,52.68000030517578,7811000.0,0.0121037670960553,0.2183163334938083,0.1152100502949318,-0.0180801713534943,0.0258426025526859,-0.0258426025526859
TCEHY_2018-03-29,TCEHY,2018-03-29,52.43000030517578,53.560001373291016,52.11000061035156,53.290000915527344,4925900.0,0.0341549035110315,0.2310002261148758,0.1325775648129536,0.0115793585197006,0.0258439145556297,-0.0258439145556297
TCEHY_2018-04-02,TCEHY,2018-04-02,52.91999816894531,52.91999816894531,51.02000045776367,51.40999984741211,5505700.0,-0.0094412652034792,0.2025730958458973,0.096565915321209,-0.0352786833517851,0.0262274266244384,-0.0262274266244384
TCEHY_2018-04-03,TCEHY,2018-04-03,52.18999862670898,52.45000076293945,51.68999862670898,52.2400016784668,3736800.0,0.0061633960093798,0.18943542478115,0.0977994103952649,0.0161447545909001,0.0263043201463188,-0.0263043201463188
TCEHY_2018-04-04,TCEHY,2018-04-04,50.400001525878906,52.619998931884766,50.34999847412109,52.619998931884766,6980200.0,-0.0344954324424813,0.1950942627921885,0.0802994151748536,0.0072740666387574,0.0255556449975397,-0.0255556449975397
TCEHY_2018-04-05,TCEHY,2018-04-05,52.91999816894531,53.150001525878906,52.47999954223633,52.61000061035156,5849700.0,-0.039788287438374,0.1693709412669763,0.0647913269143011,-0.0001900099151682,0.0255457711368013,-0.0255457711368013
TCEHY_2018-04-06,TCEHY,2018-04-06,51.790000915527344,52.45000076293945,50.959999084472656,51.2599983215332,3260700.0,-0.0770616226763074,0.1416480307241994,0.0322932040239459,-0.0256605640212201,0.0256785240434051,-0.0256785240434051
TCEHY_2018-04-09,TCEHY,2018-04-09,52.25,52.7599983215332,51.68000030517578,52.02000045776367,3744600.0,-0.0689099435783936,0.1450583338833282,0.0380741951524672,0.0148264175012897,0.0257412547787709,-0.0257412547787709
TCEHY_2018-04-10,TCEHY,2018-04-10,53.13999938964844,53.70000076293945,52.95000076293945,53.54999923706055,7083000.0,-0.0517089059770029,0.1852589392507353,0.0667750166368661,0.0294117409810312,0.0259826289219225,-0.0259826289219225
TCEHY_2018-04-11,TCEHY,2018-04-11,53.2599983215332,53.68999862670898,53.040000915527344,53.150001525878906,4010200.0,-0.0685243559990926,0.1813736284281506,0.0564246362145289,-0.0074696118931932,0.0259588717924692,-0.0259588717924692
TCEHY_2018-04-12,TCEHY,2018-04-12,52.81999969482422,53.4900016784668,52.77999877929688,53.31999969482422,5352100.0,-0.048197085699332,0.178342534692248,0.065072724496458,0.0031984602834402,0.0258669087225472,-0.0258669087225472
TCEHY_2018-04-13,TCEHY,2018-04-13,52.34999847412109,52.470001220703125,51.400001525878906,51.63999938964844,3743400.0,-0.0670279889204922,0.1381970598495494,0.0355845354645286,-0.0315078828730537,0.026123200812541,-0.026123200812541
TCEHY_2018-04-16,TCEHY,2018-04-16,51.560001373291016,51.560001373291016,51.02999877929688,51.400001525878906,2888400.0,-0.0969781591819873,0.1496310127129845,0.0263264267654985,-0.0046475187181671,0.0258593633208726,-0.0258593633208726
TCEHY_2018-04-17,TCEHY,2018-04-17,50.970001220703125,51.900001525878906,50.900001525878906,51.790000915527344,5305900.0,-0.0817375972629412,0.1485917218954568,0.0334270623162578,0.0075875365383419,0.0258632789279577,-0.0258632789279577
TCEHY_2018-04-18,TCEHY,2018-04-18,51.290000915527344,51.7400016784668,51.060001373291016,51.470001220703125,3168300.0,-0.1113604480688753,0.1292233249897645,0.0089314384604445,-0.0061787929941564,0.0256211360903726,-0.0256211360903726
TCEHY_2018-04-19,TCEHY,2018-04-19,51.72999954223633,51.7400016784668,51.11000061035156,51.38999938964844,1996700.0,-0.1050156560708165,0.1371985162945994,0.0160914301118914,-0.0015543390160734,0.025605058287322,-0.025605058287322
TCEHY_2018-04-20,TCEHY,2018-04-20,51.040000915527344,51.060001373291016,50.36000061035156,50.5099983215332,2961000.0,-0.1321306244089103,0.1054935399364753,-0.0133185422362174,-0.0171239750645433,0.025606914535546,-0.025606914535546
TCEHY_2018-04-23,TCEHY,2018-04-23,50.52000045776367,50.84000015258789,50.20000076293945,50.43000030517578,2734300.0,-0.1521519722042735,0.1259209483001644,-0.0131155119520545,-0.0015838055635672,0.0254234575594641,-0.0254234575594641
TCEHY_2018-04-24,TCEHY,2018-04-24,50.7599983215332,50.88999938964844,49.380001068115234,49.77000045776367,4181100.0,-0.1820870713919513,0.1079697793080349,-0.0370586460419581,-0.0130874448427154,0.0252498239819776,-0.0252498239819776
TCEHY_2018-04-25,TCEHY,2018-04-25,49.150001525878906,50.0,48.5099983215332,49.09999847412109,4419800.0,-0.1830282908365892,0.1018850305411191,-0.040571630147735,-0.0134619645867025,0.0252570972220684,-0.0252570972220684
TCEHY_2018-04-26,TCEHY,2018-04-26,48.97999954223633,49.4900016784668,48.880001068115234,49.43999862670898,3994600.0,-0.1626016622620613,0.1060402188560907,-0.0282807217029852,0.0069246469074146,0.0252152154420998,-0.0252152154420998
TCEHY_2018-04-27,TCEHY,2018-04-27,49.68000030517578,49.70000076293945,48.900001525878906,49.47999954223633,2941800.0,-0.1883202052927923,0.1054513270263555,-0.0414344391332184,0.0008090800290949,0.0248183806631281,-0.0248183806631281
TCEHY_2018-04-30,TCEHY,2018-04-30,49.880001068115234,49.880001068115234,49.09999847412109,49.130001068115234,2155400.0,-0.178702752946251,0.1037969651943786,-0.0374528938759362,-0.0070735343039429,0.0247428331204959,-0.0247428331204959
TCEHY_2018-05-01,TCEHY,2018-05-01,49.08000183105469,49.290000915527344,48.470001220703125,49.25,3687000.0,-0.1571110774812474,0.0867166886946075,-0.0351971943933199,0.002442477697454,0.0246121138382923,-0.0246121138382923
TCEHY_2018-05-02,TCEHY,2018-05-02,50.040000915527344,50.040000915527344,49.31999969482422,49.5099983215332,3260200.0,-0.1632584104503496,0.0992450558424578,-0.0320066773039459,0.0052791537367147,0.0245567059305131,-0.0245567059305131
TCEHY_2018-05-03,TCEHY,2018-05-03,48.95000076293945,49.09000015258789,47.880001068115234,48.91999816894531,5208400.0,-0.1552409204309217,0.0859045282447219,-0.0346681960930999,-0.0119167879739411,0.0244693443167076,-0.0244693443167076
TCEHY_2018-05-04,TCEHY,2018-05-04,48.68999862670898,49.86000061035156,48.40999984741211,49.61000061035156,3416500.0,-0.1109318765473708,0.0773073058039481,-0.0168122853717113,0.0141047111045125,0.0241611240612245,-0.0241611240612245
TCEHY_2018-05-07,TCEHY,2018-05-07,48.43000030517578,48.93000030517578,48.34000015258789,48.90999984741211,7049400.0,-0.0942592620849609,0.0509239124465519,-0.0216676748192045,-0.0141100736611035,0.023896082433668,-0.023896082433668
TCEHY_2018-05-08,TCEHY,2018-05-08,49.86000061035156,50.02999877929688,49.29999923706055,49.970001220703125,3056000.0,-0.0949103052103335,0.0575661634011244,-0.0186720709046045,0.0216724877652416,0.0238845079268548,-0.0238845079268548
TCEHY_2018-05-09,TCEHY,2018-05-09,50.5099983215332,50.65999984741211,50.04999923706055,50.59000015258789,2706000.0,-0.0526217470598614,0.0349836138933332,-0.008819066583264,0.0124074227884527,0.0236004557540999,-0.0236004557540999
TCEHY_2018-05-10,TCEHY,2018-05-10,52.0,52.959999084472656,51.869998931884766,52.709999084472656,6335600.0,0.0274853775513019,0.059284583248526,0.043384980399914,0.0419054936843348,0.0236682053525921,-0.0236682053525921
TCEHY_2018-05-11,TCEHY,2018-05-11,52.56999969482422,52.68000030517578,52.0099983215332,52.40999984741211,2451900.0,0.0040229709081105,0.0530439896597714,0.0285334802839409,-0.0056915052603163,0.0235825743474934,-0.0235825743474934
TCEHY_2018-05-14,TCEHY,2018-05-14,52.59999847412109,52.83000183105469,52.220001220703125,52.34999847412109,4901900.0,-0.0224089781519356,0.0603605348735736,0.0189757783608189,-0.0011448458970751,0.0233555923879065,-0.0233555923879065
TCEHY_2018-05-15,TCEHY,2018-05-15,50.29999923706055,50.43999862670898,49.90999984741211,50.36000061035156,4293600.0,-0.0810218738781709,0.0104333959906031,-0.0352942389437839,-0.0380133318390308,0.023640424954381,-0.023640424954381
TCEHY_2018-05-16,TCEHY,2018-05-16,52.709999084472656,54.36000061035156,52.709999084472656,53.79999923706055,9869300.0,-0.0491340138569649,0.0725677711467582,0.0117168786448966,0.068308152998749,0.0248597247173569,-0.0248597247173569
TCEHY_2018-05-17,TCEHY,2018-05-17,52.61000061035156,53.25,52.52000045776367,52.650001525878906,5623300.0,-0.1018423322208326,0.0723014900627523,-0.0147704210790401,-0.0213754224440482,0.0245490387461561,-0.0245490387461561
TCEHY_2018-05-18,TCEHY,2018-05-18,52.060001373291016,52.22999954223633,51.70000076293945,52.220001220703125,3836800.0,-0.1030573664410434,0.0408611346736453,-0.031098115883699,-0.0081671470600893,0.0245544076764045,-0.0245544076764045
TCEHY_2018-05-21,TCEHY,2018-05-21,52.31999969482422,52.68000030517578,52.0,52.650001525878906,4268600.0,-0.0838698380449634,0.0283203269791554,-0.0277747555329039,0.0082343986044433,0.0245395864804002,-0.0245395864804002
TCEHY_2018-05-22,TCEHY,2018-05-22,52.84999847412109,53.08000183105469,52.09999847412109,52.13999938964844,4469400.0,-0.1025817425301198,-0.0030592705496395,-0.0528205065398796,-0.0096866499800534,0.0245139257659946,-0.0245139257659946
TCEHY_2018-05-23,TCEHY,2018-05-23,52.0,52.650001525878906,51.650001525878906,52.540000915527344,3148100.0,-0.0883220554962651,-0.0334804943780232,-0.0609012749371442,0.0076716825961129,0.0245251424563141,-0.0245251424563141
TCEHY_2018-05-24,TCEHY,2018-05-24,52.08000183105469,52.20000076293945,51.290000915527344,51.83000183105469,2602200.0,-0.1147736548859301,-0.0728085793153334,-0.0937911171006318,-0.0135134958526966,0.0244742051009935,-0.0244742051009935
TCEHY_2018-05-25,TCEHY,2018-05-25,51.65999984741211,51.900001525878906,51.310001373291016,51.88999938964844,3030900.0,-0.1139003044266446,-0.0546547646813375,-0.0842775345539911,0.0011575835707919,0.0244756941933933,-0.0244756941933933
TCEHY_2018-05-29,TCEHY,2018-05-29,51.380001068115234,51.630001068115234,50.5,50.95000076293945,3976400.0,-0.0926090938847584,-0.0517401601150501,-0.0721746269999042,-0.0181152175325811,0.0240437437518028,-0.0240437437518028
TCEHY_2018-05-30,TCEHY,2018-05-30,50.40999984741211,51.0,50.29999923706055,50.869998931884766,4333300.0,-0.0732373930126476,-0.0401886993984006,-0.0567130462055241,-0.0015702027449797,0.0238903977300922,-0.0238903977300922
TCEHY_2018-05-31,TCEHY,2018-05-31,50.880001068115234,51.400001525878906,50.52999877929688,51.06999969482422,3982600.0,-0.0839461938148121,-0.0568790719162347,-0.0704126328655234,0.0039316054086664,0.0238045623865616,-0.0238045623865616
TCEHY_2018-06-01,TCEHY,2018-06-01,51.7400016784668,52.5099983215332,51.650001525878906,52.31999969482422,5390600.0,-0.0638754649098355,0.0061538402850811,-0.0288608123123771,0.0244762092709918,0.0240183086409209,-0.0240183086409209
TCEHY_2018-06-04,TCEHY,2018-06-04,52.93000030517578,53.470001220703125,52.91999816894531,53.27999877929688,3788800.0,-0.0417266143614022,0.0410316229308176,-0.0003474957152923,0.0183486064616249,0.0241310841140004,-0.0241310841140004
TCEHY_2018-06-05,TCEHY,2018-06-05,53.709999084472656,53.9900016784668,53.5,53.84000015258789,3717200.0,-0.0435246175713532,0.0981032325728314,0.0272893075007391,0.0105105365262998,0.0241160207103991,-0.0241160207103991
TCEHY_2018-06-06,TCEHY,2018-06-06,54.34999847412109,54.72999954223633,54.11000061035156,54.66999816894531,4025400.0,-0.0289520619929645,0.1193693283813084,0.0452086331941719,0.0154160106613137,0.0241983403728458,-0.0241983403728458
TCEHY_2018-06-07,TCEHY,2018-06-07,54.77000045776367,54.84000015258789,53.54999923706055,53.95000076293945,4322400.0,-0.0469881614331887,0.1234902175894721,0.0382510280781416,-0.0131698816557642,0.0242419987937813,-0.0242419987937813
TCEHY_2018-06-08,TCEHY,2018-06-08,52.9900016784668,53.66999816894531,52.79999923706055,53.59999847412109,5313500.0,-0.0785628303021671,0.1253411142583895,0.0233891419781112,-0.0064875307482626,0.0239852592468146,-0.0239852592468146
TCEHY_2018-06-11,TCEHY,2018-06-11,53.150001525878906,53.65999984741211,53.150001525878906,53.61000061035156,2475700.0,-0.086089315550575,0.1030864669450193,0.0084985756972221,0.0001866070245375,0.0239554376037314,-0.0239554376037314
TCEHY_2018-06-12,TCEHY,2018-06-12,53.43999862670898,53.43999862670898,53.0099983215332,53.29999923706055,3066300.0,-0.0783330875075561,0.0558637028604713,-0.0112346923235424,-0.005782528814804,0.0239052967909107,-0.0239052967909107
TCEHY_2018-06-13,TCEHY,2018-06-13,53.22999954223633,53.2400016784668,52.58000183105469,52.7400016784668,4876600.0,-0.1007672582038102,0.0117015269106652,-0.0445328656465724,-0.0105065209495232,0.023854602350035,-0.023854602350035
TCEHY_2018-06-14,TCEHY,2018-06-14,52.810001373291016,52.90999984741211,52.52000045776367,52.900001525878906,4170900.0,-0.1143478665444788,0.0477322195938831,-0.0333078234752978,0.0030337474842636,0.0237269102091917,-0.0237269102091917
TCEHY_2018-06-15,TCEHY,2018-06-15,52.22999954223633,52.470001220703125,51.59999847412109,52.400001525878906,3471300.0,-0.1159102223523751,0.0224390541634909,-0.0467355840944421,-0.0094517955685766,0.0237351415928482,-0.0237351415928482
TCEHY_2018-06-18,TCEHY,2018-06-18,51.68999862670898,51.70000076293945,51.11000061035156,51.61000061035156,3749500.0,-0.1139914058308744,0.0211713430043782,-0.046410031413248,-0.0150763529107377,0.0237141320961908,-0.0237141320961908
TCEHY_2018-06-19,TCEHY,2018-06-19,50.369998931884766,50.93000030517578,50.150001525878906,50.81999969482422,6168600.0,-0.1484584545081373,0.0101371160328362,-0.0691606692376505,-0.0153071285833097,0.0235352110034207,-0.0235352110034207
TCEHY_2018-06-20,TCEHY,2018-06-20,51.150001525878906,51.25,50.70000076293945,50.810001373291016,3262600.0,-0.1223008825531863,-0.0056750902052753,-0.0639879863792308,-0.000196739897545,0.023266977667489,-0.023266977667489
TCEHY_2018-06-21,TCEHY,2018-06-21,50.75,50.75,49.86000061035156,49.93000030517578,5418200.0,-0.0340491075312928,-0.0184784479348554,-0.0262637777330741,-0.0173194458636212,0.0190873608374376,-0.0190873608374376
TCEHY_2018-06-22,TCEHY,2018-06-22,51.0,51.0,50.310001373291016,50.45000076293945,3083000.0,-0.0370299417696176,-0.0039486822687905,-0.020489312019204,0.0104145895170317,0.019054624317331,-0.019054624317331
TCEHY_2018-06-25,TCEHY,2018-06-25,49.650001525878906,49.650001525878906,48.34000015258789,48.790000915527344,8402200.0,-0.1170828375411783,-0.0590163480934531,-0.0880495928173157,-0.0329038616909505,0.0181376722408884,-0.0181376722408884
TCEHY_2018-06-26,TCEHY,2018-06-26,49.16999816894531,49.18000030517578,48.560001373291016,48.959999084472656,5701100.0,-0.0874184959555677,-0.0624282278824996,-0.0749233619190337,0.003484282962807,0.0178077586452997,-0.0178077586452997
TCEHY_2018-06-27,TCEHY,2018-06-27,48.81999969482422,48.93999862670898,47.61000061035156,47.83000183105469,6211400.0,-0.0920652704256834,-0.0810758399204959,-0.0865705551730897,-0.0230800096925725,0.0178946938038591,-0.0178946938038591
TCEHY_2018-06-28,TCEHY,2018-06-28,48.13999938964844,49.0,48.0,48.95000076293945,6826400.0,-0.0814411724155802,-0.050067884290228,-0.0657545283529041,0.0234162427139523,0.0180939415201512,-0.0180939415201512
TCEHY_2018-06-29,TCEHY,2018-06-29,50.18000030517578,50.54999923706055,50.150001525878906,50.25,6186600.0,-0.0225637006585305,-0.0317919359801206,-0.0271778183193255,0.0265576959509423,0.0178908625935775,-0.0178908625935775
TCEHY_2018-07-02,TCEHY,2018-07-02,49.34999847412109,49.59999847412109,49.119998931884766,49.59999847412109,2408300.0,-0.0505360474640625,-0.0446841251279527,-0.0476100862960076,-0.0129353537488341,0.0178372568446919,-0.0178372568446919
TCEHY_2018-07-03,TCEHY,2018-07-03,50.0,50.09000015258789,49.40999984741211,49.470001220703125,1287400.0,-0.0598631276154002,-0.0922935555834288,-0.0760783415994145,-0.0026209124479265,0.0178097414404818,-0.0178097414404818
TCEHY_2018-07-05,TCEHY,2018-07-05,49.5,49.59000015258789,48.84999847412109,49.5,3099700.0,-0.0591142477527293,-0.0965504805098145,-0.0778323641312719,0.000606403447678,0.0178104819462352,-0.0178104819462352
TCEHY_2018-07-06,TCEHY,2018-07-06,49.33000183105469,50.20000076293945,49.119998931884766,49.77999877929688,2576500.0,-0.0288724071536812,-0.1037090752841549,-0.066290741218918,0.0056565409958966,0.0175407626356766,-0.0175407626356766
TCEHY_2018-07-09,TCEHY,2018-07-09,50.7599983215332,50.9900016784668,50.59000015258789,50.95000076293945,3175000.0,-0.0205690058709818,-0.0880615404153425,-0.0543152731431622,0.023503455450649,0.0176949604708733,-0.0176949604708733
TCEHY_2018-07-10,TCEHY,2018-07-10,49.34000015258789,49.540000915527344,48.9900016784668,49.22999954223633,6785600.0,-0.0806722643580256,-0.1282096958023875,-0.1044409800802065,-0.0337586103031865,0.0177808180383131,-0.0177808180383131
TCEHY_2018-07-11,TCEHY,2018-07-11,48.040000915527344,48.68999862670898,48.0,48.209999084472656,3976200.0,-0.092944539973361,-0.1550999312271471,-0.1240222356002541,-0.0207190832266527,0.0179341054650061,-0.0179341054650061
TCEHY_2018-07-12,TCEHY,2018-07-12,48.77000045776367,49.0,48.5,48.93999862670898,5567800.0,-0.082145556886423,-0.1263834661406807,-0.1042645115135518,0.0151420774963557,0.0180461741955035,-0.0180461741955035
TCEHY_2018-07-13,TCEHY,2018-07-13,48.52000045776367,48.83000183105469,48.29999923706055,48.720001220703125,3136200.0,-0.0565452789205618,-0.1197831515120604,-0.0881642152163111,-0.0044952474903787,0.0176305932410755,-0.0176305932410755
TCEHY_2018-07-16,TCEHY,2018-07-16,48.59999847412109,48.59999847412109,48.20000076293945,48.43999862670898,2550700.0,-0.0575876033326502,-0.1489810227517346,-0.1032843130421924,-0.0057471795356844,0.0176350357989306,-0.0176350357989306
TCEHY_2018-07-17,TCEHY,2018-07-17,48.02999877929688,48.63999938964844,47.95000076293945,48.45000076293945,3251600.0,-0.064491216326403,-0.1409574565222596,-0.1027243364243313,0.0002064850642864,0.0176029739987562,-0.0176029739987562
TCEHY_2018-07-18,TCEHY,2018-07-18,48.18000030517578,48.59999847412109,48.11000061035156,48.5099983215332,4554500.0,-0.0575092836403372,-0.1624654721149045,-0.1099873778776209,0.0012383396831572,0.0175919442299038,-0.0175919442299038
TCEHY_2018-07-19,TCEHY,2018-07-19,47.93999862670898,48.0099983215332,45.880001068115234,47.619998931884766,3247800.0,-0.0733605857664803,-0.1706722317932903,-0.1220164087798853,-0.0183467206852772,0.0177303994811922,-0.0177303994811922
TCEHY_2018-07-20,TCEHY,2018-07-20,47.95000076293945,48.43000030517578,47.869998931884766,48.20000076293945,4347900.0,-0.0457334712998587,-0.1718213035895317,-0.1087773874446952,0.0121797951294437,0.0176863817555524,-0.0176863817555524
TCEHY_2018-07-23,TCEHY,2018-07-23,47.400001525878906,47.52999877929688,47.150001525878906,47.40999984741211,3536400.0,-0.0598849978086103,-0.2029253494908552,-0.1314051736497328,-0.0163900602286871,0.0177978194354048,-0.0177978194354048
TCEHY_2018-07-24,TCEHY,2018-07-24,48.18999862670898,48.68000030517578,48.0099983215332,48.31999969482422,5455700.0,-0.0291340315371297,-0.2059161724486444,-0.1175251019928871,0.0191942596570537,0.0179034826042995,-0.0179034826042995
TCEHY_2018-07-25,TCEHY,2018-07-25,48.540000915527344,49.25,48.33000183105469,49.11000061035156,3011600.0,0.0002037095018596,-0.1828618659366819,-0.0913290782174111,0.0163493567987742,0.0179442589565174,-0.0179442589565174
TCEHY_2018-07-26,TCEHY,2018-07-26,47.77999877929688,48.0,47.5,47.59999847412109,4147600.0,-0.037216832599058,-0.1937669760163837,-0.1154919043077208,-0.0307473450919117,0.0183385614322426,-0.0183385614322426
TCEHY_2018-07-27,TCEHY,2018-07-27,47.52999877929688,47.650001525878906,46.900001525878906,47.02000045776367,3693000.0,-0.0497170393539068,-0.2286745215890216,-0.1391957804714642,-0.0121848326670166,0.0183972896236405,-0.0183972896236405
TCEHY_2018-07-30,TCEHY,2018-07-30,47.0,47.41999816894531,45.91999816894531,46.0,5735000.0,-0.063708548749586,-0.2310264086480756,-0.1473674786988308,-0.021692906164046,0.0185710766019488,-0.0185710766019488
TCEHY_2018-07-31,TCEHY,2018-07-31,45.45000076293945,46.040000915527344,45.2599983215332,45.70000076293945,6370200.0,-0.0720812027829552,-0.2178675248288283,-0.1449743638058918,-0.0065217225447945,0.0185795800303333,-0.0185795800303333
TCEHY_2018-08-01,TCEHY,2018-08-01,45.22999954223633,45.59000015258789,45.04999923706055,45.45000076293945,4591200.0,-0.0820035890978398,-0.2318742239408525,-0.1569389065193462,-0.0054704594272728,0.0185701716131573,-0.0185701716131573
TCEHY_2018-08-02,TCEHY,2018-08-02,43.93999862670898,44.4900016784668,43.81999969482422,44.369998931884766,8409800.0,-0.0930089821620008,-0.2338111025937503,-0.1634100423778756,-0.0237624161259714,0.0187397400747013,-0.0187397400747013
TCEHY_2018-08-03,TCEHY,2018-08-03,44.77000045776367,45.369998931884766,44.7599983215332,45.2400016784668,5918600.0,-0.0880870566039244,-0.1892472706626874,-0.1386671636333059,0.0196079055110556,0.0188256982895974,-0.0188256982895974
TCEHY_2018-08-06,TCEHY,2018-08-06,45.15999984741211,45.34000015258789,44.95000076293945,45.13999938964844,3596500.0,-0.077080361266105,-0.1640740853768808,-0.1205772233214929,-0.0022104837557058,0.0187545540995363,-0.0187545540995363
TCEHY_2018-08-07,TCEHY,2018-08-07,45.97999954223633,46.06999969482422,45.650001525878906,45.83000183105469,4553900.0,-0.0828496955876236,-0.1698967109031526,-0.1263732032453881,0.0152858318727511,0.0186464202591018,-0.0186464202591018
TCEHY_2018-08-08,TCEHY,2018-08-08,46.33000183105469,46.5,45.95000076293945,46.40999984741211,5095400.0,-0.0826250304915635,-0.1308989040960846,-0.106761967293824,0.0126554220638153,0.0186493656864327,-0.0186493656864327
TCEHY_2018-08-09,TCEHY,2018-08-09,47.72999954223633,47.880001068115234,47.5,47.54999923706055,6609100.0,-0.0978941365402554,-0.0730994162918212,-0.0854967764160383,0.0245636585519619,0.0181234570220083,-0.0181234570220083
TCEHY_2018-08-10,TCEHY,2018-08-10,47.0,47.150001525878906,46.75,47.04999923706055,5724700.0,-0.1022705709970771,-0.0986590316208436,-0.1004648013089604,-0.0105152472770241,0.018151732393104,-0.018151732393104
TCEHY_2018-08-13,TCEHY,2018-08-13,46.5,46.540000915527344,45.66999816894531,45.75,5048200.0,-0.1260744730944692,-0.1456582511333142,-0.1358663621138917,-0.0276301648914067,0.0184465099197305,-0.0184465099197305
TCEHY_2018-08-14,TCEHY,2018-08-14,44.43000030517578,44.470001220703125,44.09999847412109,44.20000076293945,8239100.0,-0.1223192965201417,-0.1934306317827911,-0.1578749641514664,-0.0338797647444928,0.018323180485131,-0.018323180485131
TCEHY_2018-08-15,TCEHY,2018-08-15,40.0,41.70000076293945,39.79999923706055,41.25,26774300.0,-0.2332713645916816,-0.2709438199883658,-0.2521075922900237,-0.0667420975569971,0.017870653508091,-0.017870653508091
TCEHY_2018-08-16,TCEHY,2018-08-16,41.59999847412109,42.68999862670898,41.59999847412109,42.68999862670898,11702300.0,-0.1891738387561929,-0.271750266042927,-0.23046205239956,0.0349090576171873,0.0183898255990662,-0.0183898255990662
TCEHY_2018-08-17,TCEHY,2018-08-17,42.77000045776367,44.5,42.47999954223633,44.130001068115234,10522600.0,-0.1549214853212323,-0.2420130514799348,-0.1984672684005835,0.0337316113312151,0.0189545934975252,-0.0189545934975252
TCEHY_2018-08-20,TCEHY,2018-08-20,44.900001525878906,44.900001525878906,44.369998931884766,44.68000030517578,5668600.0,-0.1513770368417872,-0.2225509073231034,-0.1869639720824453,0.0124631593870032,0.0190006155412322,-0.0190006155412322
TCEHY_2018-08-21,TCEHY,2018-08-21,44.84999847412109,45.40999984741211,44.84000015258789,45.18999862670898,8162400.0,-0.1332949912599974,-0.2222031013161297,-0.1777490462880636,0.0114144654890282,0.0190564064869709,-0.0190564064869709
TCEHY_2018-08-22,TCEHY,2018-08-22,46.0,46.310001373291016,45.77000045776367,46.11000061035156,6116500.0,-0.1223829500024903,-0.1998958917968388,-0.1611394208996646,0.0203585309050846,0.0192274707108418,-0.0192274707108418
TCEHY_2018-08-23,TCEHY,2018-08-23,46.2400016784668,46.36000061035156,44.79999923706055,44.84999847412109,7584600.0,-0.1346710999487449,-0.2339880604860492,-0.1843295802173971,-0.0273260056289743,0.0194397669258927,-0.0194397669258927
TCEHY_2018-08-24,TCEHY,2018-08-24,45.5099983215332,45.959999084472656,45.38999938964844,45.81999969482422,5538500.0,-0.1169782186591261,-0.2175546683692097,-0.1672664435141679,0.0216276756678783,0.0196649587262551,-0.0196649587262551
TCEHY_2018-08-27,TCEHY,2018-08-27,46.310001373291016,46.84999847412109,46.2599983215332,46.470001220703125,6589200.0,-0.0879293321913948,-0.1723953702960163,-0.1301623512437056,0.0141859783982567,0.0196532949236532,-0.0196532949236532
TCEHY_2018-08-28,TCEHY,2018-08-28,46.68999862670898,46.720001220703125,46.20000076293945,46.380001068115234,2897700.0,-0.0882641627294246,-0.155037318567325,-0.1216507406483748,-0.0019367366090748,0.0196534400400156,-0.0196534400400156
TCEHY_2018-08-29,TCEHY,2018-08-29,45.84000015258789,46.25,45.650001525878906,46.20000076293945,3312700.0,-0.095359290405054,-0.1713004347454806,-0.1333298625752673,-0.0038809896729288,0.0196447102420582,-0.0196447102420582
TCEHY_2018-08-30,TCEHY,2018-08-30,45.43999862670898,45.45000076293945,42.5,42.97999954223633,16532000.0,-0.1785168235295662,-0.2309894433422236,-0.2047531334358949,-0.0696969949681501,0.0211679998882899,-0.0211679998882899
TCEHY_2018-08-31,TCEHY,2018-08-31,43.09000015258789,43.150001525878906,42.27999877929688,43.13999938964844,8848800.0,-0.1903153082201001,-0.2241007091083309,-0.2072080086642155,0.0037226581925595,0.0210109010669966,-0.0210109010669966
TCEHY_2018-09-04,TCEHY,2018-09-04,42.630001068115234,42.70000076293945,41.81999969482422,42.06999969482422,7326400.0,-0.2186107062482601,-0.2526203764331544,-0.2356155413407072,-0.0248029603607498,0.0211120704986164,-0.0211120704986164
TCEHY_2018-09-05,TCEHY,2018-09-05,41.0099983215332,41.9900016784668,40.34000015258789,40.41999816894531,14577100.0,-0.2606548468497033,-0.2820604135579085,-0.2713576302038059,-0.0392203835951513,0.0214344805623532,-0.0214344805623532
TCEHY_2018-09-06,TCEHY,2018-09-06,40.15999984741211,40.560001373291016,39.86000061035156,40.5099983215332,6836700.0,-0.2491195968738291,-0.2844020864729394,-0.2667608416733842,0.0022266243608353,0.0214224152577852,-0.0214224152577852
TCEHY_2018-09-07,TCEHY,2018-09-07,40.02999877929688,40.95000076293945,39.93999862670898,40.45000076293945,5383200.0,-0.2453357851778793,-0.3046243418220679,-0.2749800634999736,-0.0014810555684929,0.0214234868424785,-0.0214234868424785
TCEHY_2018-09-10,TCEHY,2018-09-10,40.18999862670898,40.20000076293945,38.97999954223633,39.27999877929688,7539700.0,-0.2673009078139741,-0.3303784711647968,-0.2988396894893854,-0.0289246467632834,0.0216395743634785,-0.0216395743634785
TCEHY_2018-09-11,TCEHY,2018-09-11,38.84000015258789,40.09000015258789,38.54999923706055,39.9900016784668,7561800.0,-0.249718531878309,-0.3084903957759831,-0.2791044638271461,0.0180754307849961,0.0218281018781611,-0.0218281018781611
TCEHY_2018-09-12,TCEHY,2018-09-12,39.34000015258789,40.25,38.970001220703125,39.83000183105469,7035600.0,-0.2447857306891806,-0.3208866019640259,-0.2828361663266033,-0.0040009962664808,0.0218137090314103,-0.0218137090314103
TCEHY_2018-09-13,TCEHY,2018-09-13,42.15999984741211,42.5,41.650001525878906,41.95000076293945,7741000.0,-0.2069943373741239,-0.2976728430530837,-0.2523335902136038,0.0532261821346902,0.0229685274076523,-0.0229685274076523
TCEHY_2018-09-14,TCEHY,2018-09-14,42.0,42.040000915527344,40.869998931884766,41.34999847412109,5039300.0,-0.2108779146943445,-0.3023452310652931,-0.2566115728798188,-0.0143027956592657,0.0229972143244827,-0.0229972143244827
TCEHY_2018-09-17,TCEHY,2018-09-17,40.75,40.93999862670898,40.34999847412109,40.43000030517578,2885200.0,-0.2166246884897997,-0.3059227415420467,-0.2612737150159232,-0.0222490496467874,0.0230731333609997,-0.0230731333609997
TCEHY_2018-09-18,TCEHY,2018-09-18,40.630001068115234,41.04999923706055,40.54999923706055,41.040000915527344,3043500.0,-0.1924438968521465,-0.3123324278540909,-0.2523881623531187,0.0150878210672056,0.0231421313899741,-0.0231421313899741
TCEHY_2018-09-19,TCEHY,2018-09-19,41.16999816894531,41.95000076293945,41.15999984741211,41.83000183105469,4734500.0,-0.1767368490361188,-0.2774226589725186,-0.2270797540043187,0.0192495345493144,0.0233108326959018,-0.0233108326959018
TCEHY_2018-09-20,TCEHY,2018-09-20,41.84000015258789,42.119998931884766,41.709999084472656,41.9900016784668,5233400.0,-0.159022603208074,-0.1876571330228291,-0.1733398681154516,0.0038250021613273,0.0232507273299968,-0.0232507273299968
TCEHY_2018-09-21,TCEHY,2018-09-21,43.06999969482422,43.22999954223633,42.65999984741211,42.77000045776367,5876700.0,-0.1522299343713292,-0.1836228105355838,-0.1679263724534565,0.0185758215793754,0.0233462480750841,-0.0233462480750841
TCEHY_2018-09-24,TCEHY,2018-09-24,42.150001525878906,42.16999816894531,41.619998931884766,41.790000915527344,2364200.0,-0.1434720202633211,-0.2437567465643044,-0.1936143834138128,-0.0229132460076566,0.023168594339577,-0.023168594339577
TCEHY_2018-09-25,TCEHY,2018-09-25,42.150001525878906,42.34000015258789,41.880001068115234,42.18000030517578,2591900.0,-0.138480369813714,-0.2137931201207961,-0.176136744967255,0.0093323613568894,0.0232033775484201,-0.0232033775484201
TCEHY_2018-09-26,TCEHY,2018-09-26,42.20000076293945,42.63999938964844,41.9900016784668,42.02999877929688,4269100.0,-0.1212628649324455,-0.2021640369055302,-0.1617134509189878,-0.0035562239163969,0.0230484508984823,-0.0230484508984823
TCEHY_2018-09-27,TCEHY,2018-09-27,41.790000915527344,41.790000915527344,41.38999938964844,41.540000915527344,4430100.0,-0.1513789526439046,-0.2204916456771227,-0.1859352991605137,-0.0116582887937389,0.0228526639180417,-0.0228526639180417
TCEHY_2018-09-28,TCEHY,2018-09-28,41.0,41.150001525878906,40.630001068115234,40.84000015258789,4068600.0,-0.1872636785554648,-0.2056020176268546,-0.1964328480911597,-0.0168512457272912,0.0226204793186223,-0.0226204793186223
TCEHY_2018-10-01,TCEHY,2018-10-01,41.040000915527344,41.36000061035156,40.900001525878906,41.15999984741211,2820400.0,-0.1701612678700497,-0.2120980374244865,-0.1911296526472681,0.0078354479340996,0.0226251659777355,-0.0226251659777355
TCEHY_2018-10-02,TCEHY,2018-10-02,40.5,40.5,40.0,40.22999954223633,4038000.0,-0.1867798959058823,-0.2354617947766775,-0.2111208453412799,-0.0225947596847295,0.0227635403174087,-0.0227635403174087
TCEHY_2018-10-03,TCEHY,2018-10-03,40.5,40.59999847412109,39.810001373291016,39.93000030517578,3943300.0,-0.1933333271681659,-0.2410188207198169,-0.2171760739439914,-0.0074571026714923,0.0227654983275451,-0.0227654983275451
TCEHY_2018-10-04,TCEHY,2018-10-04,39.58000183105469,39.58000183105469,38.41999816894531,38.619998931884766,6321800.0,-0.2241864226813416,-0.2465860281610398,-0.2353862254211907,-0.0328074471144246,0.0230397257137567,-0.0230397257137567
TCEHY_2018-10-05,TCEHY,2018-10-05,38.75,38.97999954223633,38.13999938964844,38.93000030517578,5033900.0,-0.2359175716932845,-0.2516339876470395,-0.243775779670162,0.0080269648333697,0.0228258900729008,-0.0228258900729008
TCEHY_2018-10-08,TCEHY,2018-10-08,37.9900016784668,38.59999847412109,37.7599983215332,38.5,4614400.0,-0.2179565232989824,-0.2810457413908763,-0.2495011323449293,-0.0110454739739267,0.0225257277008306,-0.0225257277008306
TCEHY_2018-10-09,TCEHY,2018-10-09,37.63999938964844,37.66999816894531,37.0,37.04999923706055,8261600.0,-0.2314872445414854,-0.3029163090612371,-0.2672017768013612,-0.0376623574789468,0.0228319641858015,-0.0228319641858015
TCEHY_2018-10-10,TCEHY,2018-10-10,36.29999923706055,36.29999923706055,35.18000030517578,35.400001525878906,11682900.0,-0.2766652529785856,-0.3360839885879596,-0.3063746207832726,-0.04453435209605,0.0232625938665793,-0.0232625938665793
TCEHY_2018-10-11,TCEHY,2018-10-11,34.27000045776367,35.650001525878906,34.2599983215332,35.04999923706055,14372100.0,-0.2805829565093203,-0.3212625938937067,-0.3009227752015135,-0.0098870698794318,0.0232711527949633,-0.0232711527949633
TCEHY_2018-10-12,TCEHY,2018-10-12,37.5,37.90999984741211,36.79999923706055,37.869998931884766,6899400.0,-0.218208092371747,-0.2632296146369187,-0.2407188535043328,0.0804564837719727,0.0256372151874234,-0.0256372151874234
TCEHY_2018-10-15,TCEHY,2018-10-15,36.27000045776367,36.630001068115234,35.869998931884766,36.150001525878906,4890500.0,-0.2538699492956273,-0.3019887838032332,-0.2779293665494303,-0.0454184698842888,0.026167576403194,-0.026167576403194
TCEHY_2018-10-16,TCEHY,2018-10-16,36.27000045776367,37.27000045776367,36.08000183105469,37.150001525878906,4229800.0,-0.2341784619401169,-0.278220309990282,-0.2561993859651995,0.0276625161214481,0.0264678293456777,-0.0264678293456777
TCEHY_2018-10-17,TCEHY,2018-10-17,36.97999954223633,36.97999954223633,36.119998931884766,36.459999084472656,2745300.0,-0.2343553149460434,-0.290523457530594,-0.2624393862383187,-0.0185734162332561,0.0264698431008501,-0.0264698431008501
TCEHY_2018-10-18,TCEHY,2018-10-18,35.70000076293945,35.779998779296875,34.779998779296875,35.0099983215332,6378000.0,-0.2736514986022142,-0.3068699369445852,-0.2902607177733997,-0.0397696324561064,0.0267688262103387,-0.0267688262103387
TCEHY_2018-10-19,TCEHY,2018-10-19,36.18999862670898,36.34999847412109,35.5099983215332,35.720001220703125,3590300.0,-0.2465724248962866,-0.2916914335803191,-0.2691319292383028,0.0202800038048909,0.0269090408932256,-0.0269090408932256
TCEHY_2018-10-22,TCEHY,2018-10-22,37.2400016784668,37.47999954223633,36.79999923706055,37.29999923706055,3585400.0,-0.2280629248212531,-0.2505525639141905,-0.2393077443677218,0.0442328656876322,0.0274387319963043,-0.0274387319963043
TCEHY_2018-10-23,TCEHY,2018-10-23,35.099998474121094,36.56999969482422,35.0,36.09999847412109,7775600.0,-0.2649155360321495,-0.2647657923421698,-0.2648406641871597,-0.0321716028816204,0.0275468103941204,-0.0275468103941204
TCEHY_2018-10-24,TCEHY,2018-10-24,35.29999923706055,35.33000183105469,34.04999923706055,34.04999923706055,6904600.0,-0.2846638586433428,-0.3112864040682697,-0.2979751313558063,-0.056786684867317,0.0281360469550221,-0.0281360469550221
TCEHY_2018-10-25,TCEHY,2018-10-25,34.310001373291016,34.97999954223633,34.150001525878906,34.939998626708984,5014500.0,-0.2569119888015676,-0.2938561246977365,-0.275384056749652,0.0261380149659371,0.0283894161843913,-0.0283894161843913
TCEHY_2018-10-26,TCEHY,2018-10-26,33.06999969482422,33.630001068115234,32.68000030517578,33.119998931884766,9837200.0,-0.2800000232198963,-0.3258701768402924,-0.3029351000300944,-0.0520892892489401,0.0289426083306807,-0.0289426083306807
TCEHY_2018-10-29,TCEHY,2018-10-29,33.2400016784668,33.290000915527344,31.729999542236328,32.150001525878906,10730900.0,-0.2964988842636729,-0.3472080908450984,-0.3218534875543856,-0.0292873622369607,0.0291062736575082,-0.0291062736575082
TCEHY_2018-10-30,TCEHY,2018-10-30,31.790000915527344,32.400001525878906,31.540000915527344,32.349998474121094,5641800.0,-0.2882288684030183,-0.3465966558102017,-0.31741276210661,0.0062207445956481,0.0291414351709736,-0.0291414351709736
TCEHY_2018-10-31,TCEHY,2018-10-31,34.099998474121094,34.560001373291016,32.5099983215332,34.33000183105469,7051500.0,-0.2262789574604931,-0.2982419641044148,-0.2622604607824539,0.0612056707983319,0.0302041616933592,-0.0302041616933592
TCEHY_2018-11-01,TCEHY,2018-11-01,35.689998626708984,37.22999954223633,35.25,37.18000030517578,11069400.0,-0.1781609432858927,-0.2505543267939841,-0.2143576350399384,0.0830177198401138,0.0319939609642107,-0.0319939609642107
TCEHY_2018-11-02,TCEHY,2018-11-02,38.68999862670898,38.7400016784668,37.18000030517578,37.84999847412109,8930700.0,-0.1614975856025178,-0.2261296546267771,-0.1938136201146474,0.0180203917010737,0.0320993654209897,-0.0320993654209897
TCEHY_2018-11-05,TCEHY,2018-11-05,37.5,38.08000183105469,37.45000076293945,37.81999969482422,6735700.0,-0.1747763869998985,-0.2431459121286758,-0.2089611495642871,-0.0007925701586851,0.0320212229087853,-0.0320212229087853
TCEHY_2018-11-06,TCEHY,2018-11-06,37.09999847412109,37.869998931884766,37.0099983215332,37.400001525878906,4414600.0,-0.1941391586114305,-0.2607234352031181,-0.2274312969072743,-0.0111051869998505,0.0319792438246892,-0.0319792438246892
TCEHY_2018-11-07,TCEHY,2018-11-07,38.220001220703125,38.68000030517578,37.97999954223633,38.650001525878906,5928700.0,-0.1871713533960473,-0.2667425119105258,-0.2269569326532865,0.0334224585294484,0.0321211970564595,-0.0321211970564595
TCEHY_2018-11-08,TCEHY,2018-11-08,37.34999847412109,37.369998931884766,36.29999923706055,36.5,7969100.0,-0.2242295304598108,-0.3035680193423566,-0.2638987749010837,-0.0556274628977524,0.0327922858546695,-0.0327922858546695
TCEHY_2018-11-09,TCEHY,2018-11-09,35.279998779296875,35.290000915527344,34.2599983215332,34.81999969482422,8848100.0,-0.2389071104956455,-0.3348614955158541,-0.2868843030057498,-0.0460274056212542,0.0330912390354656,-0.0330912390354656
TCEHY_2018-11-12,TCEHY,2018-11-12,34.290000915527344,34.31999969482422,33.400001525878906,33.72999954223633,4188900.0,-0.2368778515832503,-0.3302224159365263,-0.2835501337598883,-0.0313038530195597,0.0330550273047483,-0.0330550273047483
TCEHY_2018-11-13,TCEHY,2018-11-13,34.75,35.93000030517578,34.45000076293945,35.099998474121094,6534200.0,-0.1490909460819128,-0.3475836622328019,-0.2483373041573573,0.0406166306100677,0.0325179338901805,-0.0325179338901805
TCEHY_2018-11-14,TCEHY,2018-11-14,36.709999084472656,37.220001220703125,36.459999084472656,36.59999847412109,9505300.0,-0.1426563679666572,-0.3048433539715817,-0.2237498609691194,0.0427350445928347,0.0326759287508285,-0.0326759287508285
TCEHY_2018-11-15,TCEHY,2018-11-15,36.650001525878906,37.65999984741211,36.5099983215332,37.630001068115234,5070900.0,-0.1472920879826665,-0.2793948642575585,-0.2133434761201125,0.0281421485501545,0.0325850364282082,-0.0325850364282082
TCEHY_2018-11-16,TCEHY,2018-11-16,37.06999969482422,37.72999954223633,36.95000076293945,37.470001220703125,3011200.0,-0.1613697187830467,-0.2883190857594638,-0.2248444022712553,-0.0042519224786224,0.032533334794188,-0.032533334794188
TCEHY_2018-11-19,TCEHY,2018-11-19,37.09999847412109,37.31999969482422,36.2599983215332,36.47999954223633,4382200.0,-0.192741742623659,-0.3003452249851992,-0.2465434838044291,-0.0264211808437251,0.0326257180294759,-0.0326257180294759
TCEHY_2018-11-20,TCEHY,2018-11-20,34.869998931884766,36.04999923706055,34.29999923706055,35.529998779296875,4423400.0,-0.2294513487531706,-0.3237533658131978,-0.2766023572831842,-0.0260416879073572,0.03261658127557,-0.03261658127557
TCEHY_2018-11-21,TCEHY,2018-11-21,37.70000076293945,37.75,36.810001373291016,37.150001525878906,3188600.0,-0.1716833268720211,-0.2832336443480511,-0.2274584856100361,0.0455953504711628,0.033052304390263,-0.033052304390263
TCEHY_2018-11-23,TCEHY,2018-11-23,37.02999877929688,37.27999877929688,36.880001068115234,37.02999877929688,794500.0,-0.1918376467497062,-0.286375039220293,-0.2391063429849996,-0.0032302218479972,0.0329082877631514,-0.0329082877631514
TCEHY_2018-11-26,TCEHY,2018-11-26,38.560001373291016,38.68000030517578,38.2400016784668,38.29999923706055,3587900.0,-0.175812390123259,-0.2482826562601428,-0.2120475231917009,0.0342965298306656,0.0331726329159376,-0.0331726329159376
TCEHY_2018-11-27,TCEHY,2018-11-27,38.58000183105469,39.02000045776367,38.27999877929688,38.84000015258789,3010600.0,-0.1625700893032289,-0.2364851392154561,-0.1995276142593425,0.014099240895149,0.0332386847278256,-0.0332386847278256
TCEHY_2018-11-28,TCEHY,2018-11-28,40.27999877929688,41.09999847412109,38.84000015258789,41.02000045776367,6287100.0,-0.1121212168751966,-0.1967887075996807,-0.1544549622374386,0.0561277110353082,0.0340419425683411,-0.0340419425683411
TCEHY_2018-11-29,TCEHY,2018-11-29,39.79999923706055,40.119998931884766,39.209999084472656,39.720001220703125,5179200.0,-0.0758491939565892,-0.2408256603137472,-0.1583374271351682,-0.0316918386775517,0.0331353441563122,-0.0331353441563122
TCEHY_2018-11-30,TCEHY,2018-11-30,40.13999938964844,40.13999938964844,39.34999847412109,40.08000183105469,3858500.0,-0.0709317942022967,-0.247747696146182,-0.1593397451742394,0.0090634591965701,0.0331537093786731,-0.0331537093786731
TCEHY_2018-12-03,TCEHY,2018-12-03,42.38999938964844,42.63999938964844,41.34999847412109,41.459999084472656,6944400.0,-0.014499658064571,-0.2299405838229771,-0.1222201209437741,0.0344310676240717,0.0332967596145662,-0.0332967596145662
TCEHY_2018-12-04,TCEHY,2018-12-04,41.95000076293945,42.11000061035156,40.2599983215332,40.59999847412109,5935900.0,0.0044532487216704,-0.2573623589915635,-0.1264545551349465,-0.020742899887657,0.0330232026366053,-0.0330232026366053
TCEHY_2018-12-06,TCEHY,2018-12-06,38.70000076293945,39.45000076293945,38.06999969482422,39.40999984741211,5508700.0,-0.027153752646205,-0.2695088176071999,-0.1483312851267024,-0.0293103121042601,0.0332365274941384,-0.0332365274941384
TCEHY_2018-12-07,TCEHY,2018-12-07,40.119998931884766,40.630001068115234,39.52000045776367,39.68000030517578,8242100.0,-0.0190358576820881,-0.2597014657689981,-0.1393686617255431,0.0068510646741706,0.0332467024853466,-0.0332467024853466
TCEHY_2018-12-10,TCEHY,2018-12-10,39.04999923706055,39.869998931884766,38.2599983215332,39.150001525878906,6641100.0,-0.0033095024811072,-0.2697257772774688,-0.136517639879288,-0.0133568239722957,0.0330839370433464,-0.0330839370433464
TCEHY_2018-12-11,TCEHY,2018-12-11,40.29999923706055,40.380001068115234,39.52000045776367,40.02999877929688,3944000.0,0.0010001775231638,-0.2489681172178474,-0.1239839698473417,0.0224775790324371,0.0331263177203824,-0.0331263177203824
TCEHY_2018-12-12,TCEHY,2018-12-12,41.060001373291016,41.36000061035156,40.5,40.5,4802100.0,0.0168214445931289,-0.2320819357020282,-0.1076302455544496,0.0117412249571737,0.0331507891582046,-0.0331507891582046
TCEHY_2018-12-13,TCEHY,2018-12-13,40.40999984741211,40.540000915527344,39.84999847412109,40.18999862670898,4015800.0,-0.0419547581459245,-0.2402646981579412,-0.1411097281519329,-0.0076543548960746,0.0324784595592812,-0.0324784595592812
TCEHY_2018-12-14,TCEHY,2018-12-14,39.68000030517578,39.91999816894531,39.09999847412109,39.45000076293945,4190200.0,-0.0459491603698788,-0.2471374119434674,-0.1465432861566731,-0.0184124879088138,0.0325114234819742,-0.0325114234819742
TCEHY_2018-12-17,TCEHY,2018-12-17,39.290000915527344,39.29999923706055,38.22999954223633,38.2599983215332,5361000.0,-0.0536730637462987,-0.2586708415217633,-0.156171952634031,-0.0301648268287024,0.0326130289620258,-0.0326130289620258
TCEHY_2018-12-18,TCEHY,2018-12-18,38.7400016784668,38.88999938964844,38.18000030517578,38.40999984741211,3104800.0,-0.0640838452593742,-0.2441951972045369,-0.1541395212319556,0.0039205837025477,0.0325580363689393,-0.0325580363689393
TCEHY_2018-12-19,TCEHY,2018-12-19,38.59999847412109,39.09999847412109,37.369998931884766,37.900001525878906,4614200.0,-0.0939517124825497,-0.2540838318929554,-0.1740177721877526,-0.0132777485956581,0.0324971115877944,-0.0324971115877944
TCEHY_2018-12-20,TCEHY,2018-12-20,38.400001525878906,39.16999816894531,37.900001525878906,38.2400016784668,5663000.0,-0.0893069742820007,-0.2341277499551144,-0.1617173621185575,0.0089709799181862,0.0325160234615305,-0.0325160234615305
TCEHY_2018-12-21,TCEHY,2018-12-21,40.27999877929688,40.59999847412109,39.33000183105469,39.540000915527344,9151500.0,-0.0755202129451932,-0.2162537102561669,-0.1458869616006801,0.03399579445606,0.0327228884611558,-0.0327228884611558
TCEHY_2018-12-24,TCEHY,2018-12-24,38.869998931884766,39.380001068115234,38.79999923706055,38.900001525878906,2329700.0,-0.0691552841908323,-0.2027054561194107,-0.1359303701551215,-0.016186124806009,0.0326602268759576,-0.0326602268759576
TCEHY_2018-12-26,TCEHY,2018-12-26,39.20000076293945,39.97999954223633,38.29999923706055,39.97999954223633,4585300.0,-0.0521574382888161,-0.1834150267597589,-0.1177862325242875,0.0277634440615364,0.032832873923734,-0.032832873923734
TCEHY_2018-12-27,TCEHY,2018-12-27,38.790000915527344,39.84999847412109,38.54999923706055,39.84000015258789,3796000.0,-0.0521056076686764,-0.1670499973361722,-0.1095778025024243,-0.0035017356491097,0.0328327881198033,-0.0328327881198033
TCEHY_2018-12-28,TCEHY,2018-12-28,39.91999816894531,40.09999847412109,39.209999084472656,39.41999816894531,3809900.0,-0.051035211840585,-0.194688507568102,-0.1228618597043435,-0.0105422184245472,0.032826873909858,-0.032826873909858
TCEHY_2018-12-31,TCEHY,2018-12-31,39.95000076293945,40.0,39.27000045776367,39.470001220703125,3526300.0,-0.0335455173057327,-0.2145273388914801,-0.1240364280986064,0.001268469154755,0.0327588752275252,-0.0327588752275252
TCEHY_2019-01-02,TCEHY,2019-01-02,38.869998931884766,39.77999877929688,38.83000183105469,39.5099983215332,3838100.0,-0.0400875007773511,-0.2034274286893852,-0.1217574647333681,0.0010133544361052,0.0327437694612774,-0.0327437694612774
TCEHY_2019-01-03,TCEHY,2019-01-03,38.75,39.0099983215332,38.16999816894531,38.38999938964844,4245600.0,-0.0457370164932795,-0.2239741572195014,-0.1348555868563904,-0.0283472280299834,0.0328153787582715,-0.0328153787582715
TCEHY_2019-01-04,TCEHY,2019-01-04,39.56999969482422,41.08000183105469,39.41999816894531,40.619998931884766,6018000.0,0.0172802058962053,-0.1793939609720249,-0.0810568775379098,0.058088032760887,0.0336115237480345,-0.0336115237480345
TCEHY_2019-01-07,TCEHY,2019-01-07,40.4900016784668,41.04999923706055,40.20000076293945,40.900001525878906,2376200.0,0.0590368373136271,-0.1783848427314767,-0.0596740027089247,0.0068932201220308,0.0333419118981353,-0.0333419118981353
TCEHY_2019-01-08,TCEHY,2019-01-08,40.900001525878906,41.0,40.400001525878906,40.7599983215332,3312500.0,0.0470073979453353,-0.2000000449228326,-0.0764963234887486,-0.0034230611032401,0.0333367076407671,-0.0333367076407671
TCEHY_2019-01-09,TCEHY,2019-01-09,41.77000045776367,42.75,41.77000045776367,42.33000183105469,6503500.0,0.0994805670403815,-0.1401583947865339,-0.0203389138730761,0.0385182427422245,0.0336249352323527,-0.0336249352323527
TCEHY_2019-01-10,TCEHY,2019-01-10,42.150001525878906,42.56999969482422,41.79999923706055,42.45000076293945,3390500.0,0.145749032039854,-0.1194772543231258,0.013135888858364,0.0028348435316327,0.0332382138443895,-0.0332382138443895
TCEHY_2019-01-11,TCEHY,2019-01-11,41.84000015258789,42.16999816894531,41.720001220703125,42.11000061035156,2886800.0,0.1895479885662536,-0.1395586066205966,0.0249946909728285,-0.0080094263009937,0.0327154497320082,-0.0327154497320082
TCEHY_2019-01-14,TCEHY,2019-01-14,41.150001525878906,41.83000183105469,40.93000030517578,41.34000015258789,3006300.0,0.1794579472879569,-0.1514778506405121,0.0139900483237224,-0.018285453493306,0.0327870038335431,-0.0327870038335431
TCEHY_2019-01-15,TCEHY,2019-01-15,41.900001525878906,42.220001220703125,41.77999877929688,42.09999847412109,3156300.0,0.1116979049786786,-0.1308835741603866,-0.009592834590854,0.0183840909223029,0.0313264693881012,-0.0313264693881012
TCEHY_2019-01-16,TCEHY,2019-01-16,42.0099983215332,42.95000076293945,41.9900016784668,42.630001068115234,5530100.0,0.1792530918040888,-0.1201238308189269,0.0295646304925809,0.0125891357055496,0.0307526386199623,-0.0307526386199623
TCEHY_2019-01-17,TCEHY,2019-01-17,42.15999984741211,43.310001373291016,42.15999984741211,42.900001525878906,3583300.0,0.1547779209644046,-0.1156461964494454,0.0195658622574796,0.0063335784892957,0.0305946787736926,-0.0305946787736926
TCEHY_2019-01-18,TCEHY,2019-01-18,43.5099983215332,44.02000045776367,43.11000061035156,43.47999954223633,5836100.0,0.1925397870005241,-0.0869382503676713,0.0528007683164263,0.013519766800184,0.0305010406466905,-0.0305010406466905
TCEHY_2019-01-22,TCEHY,2019-01-22,43.0,43.0,41.93999862670898,42.209999084472656,4023800.0,0.2056555586439725,-0.1242738917770402,0.0406908334334661,-0.0292088424823923,0.0302890565577342,-0.0302890565577342
TCEHY_2019-01-23,TCEHY,2019-01-23,42.59999847412109,42.900001525878906,41.95000076293945,42.18999862670898,2764100.0,0.1811309402267287,-0.1101033798250068,0.0355137802008609,-0.0004738322245317,0.0302155161343471,-0.0302155161343471
TCEHY_2019-01-24,TCEHY,2019-01-24,42.40999984741211,43.0,42.36000061035156,42.84000015258789,2730000.0,0.1485254967518312,-0.113410587269174,0.0175574547413285,0.0154065310982831,0.0297978384744829,-0.0297978384744829
TCEHY_2019-01-25,TCEHY,2019-01-25,43.810001373291016,44.09999847412109,43.70000076293945,44.06999969482422,6127600.0,0.2207756664149602,-0.1026267736283634,0.0590744463932983,0.0287114738061462,0.0296376487227826,-0.0296376487227826
TCEHY_2019-01-28,TCEHY,2019-01-28,43.040000915527344,43.47999954223633,42.7599983215332,43.47999954223633,4462500.0,0.2769456833030417,-0.0865546021839621,0.0951955405595397,-0.01338779570396,0.0287009747373364,-0.0287009747373364
TCEHY_2019-01-29,TCEHY,2019-01-29,43.84999847412109,44.060001373291016,43.58000183105469,43.68999862670898,4655700.0,0.2504293172270271,-0.0708209655175549,0.0898041758547361,0.0048297858022896,0.0285645815400167,-0.0285645815400167
TCEHY_2019-01-30,TCEHY,2019-01-30,44.0099983215332,44.880001068115234,43.91999816894531,44.650001525878906,3364100.0,0.348128108871832,-0.0293477929156759,0.159390157978078,0.0219730585796598,0.027732918507485,-0.027732918507485
TCEHY_2019-01-31,TCEHY,2019-01-31,44.290000915527344,44.77999877929688,44.25,44.61000061035156,4195900.0,0.3875582735025089,-0.0238512064418132,0.1818535335303478,-0.0008958771368497,0.0273932641573419,-0.0273932641573419
TCEHY_2019-02-01,TCEHY,2019-02-01,44.29999923706055,44.400001525878906,43.83000183105469,44.2599983215332,4137400.0,0.3681607545341836,-0.0261826715386239,0.1709890414977798,-0.0078458256899719,0.0274452175383068,-0.0274452175383068
TCEHY_2019-02-04,TCEHY,2019-02-04,44.20000076293945,44.70000076293945,44.09999847412109,44.5099983215332,2207700.0,0.2965335259979438,0.003155271422552,0.1498443987102479,0.0056484412444808,0.0264979074832727,-0.0264979074832727
TCEHY_2019-02-05,TCEHY,2019-02-05,44.84000015258789,45.540000915527344,44.77999877929688,45.5,2912700.0,0.2237762137313914,0.0057470891221684,0.1147616514267799,0.0222422313143033,0.0246329281049003,-0.0246329281049003
TCEHY_2019-02-06,TCEHY,2019-02-06,45.83000183105469,45.84999847412109,44.63999938964844,44.81999969482422,3830700.0,0.1841479921186439,-0.0070890496045864,0.0885294712570287,-0.0149450616522149,0.0246697831152222,-0.0246697831152222
TCEHY_2019-02-07,TCEHY,2019-02-07,44.09999847412109,44.54999923706055,43.5,43.900001525878906,2144500.0,0.1607615515630676,-0.0421121585875216,0.059324696487773,-0.0205265099332776,0.024843191499431,-0.024843191499431
TCEHY_2019-02-08,TCEHY,2019-02-08,43.79999923706055,44.34999847412109,43.65999984741211,44.22999954223633,1806300.0,0.1826202603663373,-0.0469726419380142,0.0678238092141615,0.0075170388357022,0.0247873521444861,-0.0247873521444861
TCEHY_2019-02-11,TCEHY,2019-02-11,44.93000030517578,45.209999084472656,44.65999984741211,44.68999862670898,2945700.0,0.1562741749644141,-0.0601472272605733,0.0480634738519203,0.0104001602811092,0.024499145426247,-0.024499145426247
TCEHY_2019-02-12,TCEHY,2019-02-12,44.79999923706055,44.95000076293945,44.459999084472656,44.619998931884766,2992200.0,0.2224657241612264,-0.051647191170658,0.0854092664952841,-0.0015663391580946,0.0233463589547771,-0.0233463589547771
TCEHY_2019-02-13,TCEHY,2019-02-13,44.220001220703125,44.380001068115234,43.61000061035156,43.86000061035156,3377500.0,0.2596209360929742,-0.0413114620688183,0.1091547370120779,-0.0170326835438384,0.0226298648172391,-0.0226298648172391
TCEHY_2019-02-14,TCEHY,2019-02-14,43.0099983215332,43.25,42.70000076293945,42.900001525878906,5024300.0,0.2718648712746054,-0.0294117469371304,0.1212265621687375,-0.0218878037189558,0.0224236279837029,-0.0224236279837029
TCEHY_2019-02-15,TCEHY,2019-02-15,42.91999816894531,43.310001373291016,42.81999969482422,42.869998931884766,2446200.0,0.221367544032585,0.0392727013790246,0.1303201227058048,-0.0006993611404895,0.021936394799104,-0.021936394799104
TCEHY_2019-02-19,TCEHY,2019-02-19,42.900001525878906,43.52999877929688,42.7400016784668,43.2400016784668,3154400.0,0.1814208601413107,0.012883651193507,0.0971522556674089,0.0086308083928325,0.021363717345576,-0.021363717345576
TCEHY_2019-02-20,TCEHY,2019-02-20,43.43999862670898,43.93000030517578,43.34999847412109,43.41999816894531,2882100.0,0.15386651438966,-0.0160888937680745,0.0688888103107927,0.0041627308855576,0.0211184433674299,-0.0211184433674299
TCEHY_2019-02-21,TCEHY,2019-02-21,43.619998931884766,43.7400016784668,42.83000183105469,43.06999969482422,3531200.0,0.1494528500582741,-0.036034033110001,0.0567094084741365,-0.0080607666715982,0.0211434975147074,-0.0211434975147074
TCEHY_2019-02-22,TCEHY,2019-02-22,44.0,44.25,43.59999847412109,44.18000030517578,2688400.0,0.2110745849660562,-0.0223500409875261,0.094362271989265,0.0257720134250418,0.0210169028042982,-0.0210169028042982
TCEHY_2019-02-25,TCEHY,2019-02-25,44.25,44.540000915527344,44.040000915527344,44.15999984741211,3973500.0,0.2428933679880645,-0.0422901916531678,0.1003015881674483,-0.0004527038846879,0.0206861528391922,-0.0206861528391922
TCEHY_2019-02-26,TCEHY,2019-02-26,43.75,44.150001525878906,43.650001525878906,44.02000045776367,2560300.0,0.1849259394269227,-0.0185060879508465,0.083209925738038,-0.0031702760446599,0.0199926417105327,-0.0199926417105327
TCEHY_2019-02-27,TCEHY,2019-02-27,43.45000076293945,43.68000030517578,40.59999847412109,43.59999847412109,4333900.0,0.1774237081125,-0.0484504852791149,0.0644866114166925,-0.0095411626368693,0.0200395666633183,-0.0200395666633183
TCEHY_2019-02-28,TCEHY,2019-02-28,42.90999984741211,43.22999954223633,42.77000045776367,42.810001373291016,3352500.0,0.1177546273125358,-0.0787604852866137,0.019497071012961,-0.0181192001944444,0.0197970833297663,-0.0197970833297663
TCEHY_2019-03-01,TCEHY,2019-03-01,42.95000076293945,43.02999877929688,42.43000030517578,42.63999938964844,2850300.0,0.0978372611259466,-0.0806382404557107,0.0085995103351179,-0.0039710810135278,0.0197492101357378,-0.0197492101357378
TCEHY_2019-03-04,TCEHY,2019-03-04,44.18000030517578,44.2400016784668,43.2599983215332,43.79999923706055,2941500.0,0.0677717881100294,-0.0519480841178715,0.0079118519960789,0.0272044996251505,0.0187750667311908,-0.0187750667311908
TCEHY_2019-03-05,TCEHY,2019-03-05,45.709999084472656,46.790000915527344,45.31999969482422,46.56999969482422,7615900.0,0.1724571566868606,0.0835272264035276,0.1279921915451941,0.0632420206852397,0.0198692791643385,-0.0198692791643385
TCEHY_2019-03-06,TCEHY,2019-03-06,46.5099983215332,46.5099983215332,45.84999847412109,45.93000030517578,2347400.0,0.1459580390934116,0.0646731792999704,0.105315609196691,-0.0137427398291257,0.0199594049124784,-0.0199594049124784
TCEHY_2019-03-07,TCEHY,2019-03-07,45.13999938964844,45.13999938964844,44.2599983215332,44.45000076293945,4581000.0,0.0721177458874231,0.0565724051670968,0.0643450755272599,-0.0322229377836418,0.0199984466729742,-0.0199984466729742
TCEHY_2019-03-08,TCEHY,2019-03-08,43.47999954223633,43.79999923706055,43.25,43.630001068115234,5227100.0,0.0746306085682615,0.0794162059521359,0.0770234072601987,-0.0184476868560123,0.0199596945321224,-0.0199596945321224
TCEHY_2019-03-11,TCEHY,2019-03-11,45.18000030517578,45.61000061035156,45.04999923706055,45.52999877929688,4059700.0,0.1552905088957175,0.1239200361826546,0.1396052725391861,0.0435479638933624,0.020263738860942,-0.020263738860942
TCEHY_2019-03-12,TCEHY,2019-03-12,45.540000915527344,45.75,45.15999984741211,45.72999954223633,3464900.0,0.1524697376645785,0.1305314877554821,0.1415006127100303,0.004392724979171,0.0202575783797813,-0.0202575783797813
TCEHY_2019-03-13,TCEHY,2019-03-13,45.650001525878906,45.95000076293945,45.59000015258789,45.619998931884766,1884000.0,0.1652617408387344,0.1614053042162893,0.1633335225275118,-0.0024054365067283,0.0201664945186015,-0.0201664945186015
TCEHY_2019-03-14,TCEHY,2019-03-14,45.66999816894531,45.68999862670898,45.150001525878906,45.5,1686700.0,0.1366475490259606,0.1377843983562556,0.1372159736911081,-0.0026304019003581,0.0200154297259535,-0.0200154297259535
TCEHY_2019-03-15,TCEHY,2019-03-15,45.72999954223633,46.04999923706055,45.709999084472656,45.959999084472656,3000400.0,0.1348147922092013,0.1539040163598115,0.1443594042845064,0.0101098699884101,0.0200039780433435,-0.0200039780433435
TCEHY_2019-03-18,TCEHY,2019-03-18,46.95000076293945,46.9900016784668,46.68999862670898,46.84000015258789,2734500.0,0.165464089403067,0.116567325404401,0.141015707403734,0.0191471080427532,0.0200758045634069,-0.0200758045634069
TCEHY_2019-03-19,TCEHY,2019-03-19,47.11000061035156,47.18999862670898,46.84999847412109,47.060001373291016,2876000.0,0.1929024198524385,0.1380895552570222,0.1654959875547303,0.0046968663532545,0.0198954491672591,-0.0198954491672591
TCEHY_2019-03-20,TCEHY,2019-03-20,46.959999084472656,47.4900016784668,46.400001525878906,47.0,3969400.0,0.228437063823597,0.1625030829886771,0.1954700734061371,-0.0012749972702947,0.0194466750892552,-0.0194466750892552
TCEHY_2019-03-21,TCEHY,2019-03-21,45.33000183105469,47.0,45.2599983215332,46.900001525878906,4916600.0,0.2210362330693633,0.1427875360532571,0.1819118845613102,-0.0021276271089594,0.0194592632518532,-0.0194592632518532
TCEHY_2019-03-22,TCEHY,2019-03-22,46.119998931884766,46.27999877929688,45.18000030517578,45.2599983215332,4217500.0,0.1941951582938259,0.0819984781337512,0.1380968182137886,-0.0349680842428281,0.0199441982719955,-0.0199441982719955
TCEHY_2019-03-25,TCEHY,2019-03-25,44.900001525878906,45.41999816894531,44.7599983215332,44.97999954223633,2739000.0,0.1762551665253944,0.0712073766194407,0.1237312715724175,-0.0061864513849011,0.0199625993801995,-0.0199625993801995
TCEHY_2019-03-26,TCEHY,2019-03-26,45.02999877929688,45.150001525878906,44.560001373291016,44.81999969482422,2416600.0,0.1335356261264886,0.0479307742604531,0.0907332001934708,-0.0035571331489647,0.0195721238049468,-0.0195721238049468
TCEHY_2019-03-27,TCEHY,2019-03-27,45.220001220703125,45.369998931884766,44.68000030517578,44.97999954223633,2237000.0,0.1562981433898556,0.0763340166743982,0.1163160800321269,0.003569831514983,0.0194309069763997,-0.0194309069763997
TCEHY_2019-03-28,TCEHY,2019-03-28,44.900001525878906,45.09000015258789,44.54999923706055,45.06999969482422,2966300.0,0.1273136621027379,0.0685158693394749,0.0979147657211064,0.0020008926968391,0.0191596663903194,-0.0191596663903194
TCEHY_2019-03-29,TCEHY,2019-03-29,45.88999938964844,46.209999084472656,45.66999816894531,45.97999954223633,3690100.0,0.1541164499531158,0.093980511007893,0.1240484804805044,0.0201908110400235,0.0192804332507348,-0.0192804332507348
TCEHY_2019-04-01,TCEHY,2019-04-01,46.40999984741211,47.209999084472656,46.40999984741211,47.16999816894531,3604900.0,0.1966007194314223,0.1355319482266432,0.1660663338290328,0.0258807881373699,0.0194298182870579,-0.0194298182870579
TCEHY_2019-04-02,TCEHY,2019-04-02,46.95000076293945,47.11000061035156,46.83000183105469,46.869998931884766,2229200.0,0.1874841014015509,0.1476493329277026,0.1675667171646268,-0.0063599586327321,0.0194647537214243,-0.0194647537214243
TCEHY_2019-04-03,TCEHY,2019-04-03,48.0,48.31999969482422,47.79999923706055,48.0,3994200.0,0.2148823598871097,0.1661807623407449,0.1905315611139273,0.0241092616570663,0.0196450111344529,-0.0196450111344529
TCEHY_2019-04-04,TCEHY,2019-04-04,47.83000183105469,48.20000076293945,47.709999084472656,48.04999923706055,4026700.0,0.2516280281582097,0.1943822963908867,0.2230051622745482,0.0010416507720947,0.0192262986114564,-0.0192262986114564
TCEHY_2019-04-05,TCEHY,2019-04-05,48.34000015258789,48.7400016784668,48.20000076293945,48.66999816894531,2445200.0,0.1981782237503133,0.2188829901570683,0.2085306069536908,0.0129032037820837,0.0179681445938747,-0.0179681445938747
TCEHY_2019-04-08,TCEHY,2019-04-08,48.34999847412109,48.75,48.11000061035156,48.61000061035156,2294300.0,0.1885085280398892,0.2586743126556388,0.223591420347764,-0.0012327421584337,0.0179691414556914,-0.0179691414556914
TCEHY_2019-04-09,TCEHY,2019-04-09,48.84000015258789,48.91999816894531,48.59999847412109,48.63999938964844,2124900.0,0.1933268251375832,0.2494220140856691,0.2213744196116261,0.0006171318436578,0.0179534049872745,-0.0179534049872745
TCEHY_2019-04-10,TCEHY,2019-04-10,49.560001373291016,51.2400016784668,49.560001373291016,50.400001525878906,9060400.0,0.190644917215756,0.3090909487241273,0.2498679329699417,0.0361842548995803,0.0178811222818102,-0.0178811222818102
TCEHY_2019-04-11,TCEHY,2019-04-11,49.77999877929688,49.90999984741211,49.459999084472656,49.59999847412109,2357400.0,0.1684333941737845,0.3387314303776547,0.2535824122757196,-0.0158730759432029,0.018037377678933,-0.018037377678933
TCEHY_2019-04-12,TCEHY,2019-04-12,50.59999847412109,50.70000076293945,50.060001373291016,50.18999862670898,4097900.0,0.1918783637911221,0.4177965102633669,0.3048374370272445,0.0118951647326304,0.0180222842899414,-0.0180222842899414
TCEHY_2019-04-15,TCEHY,2019-04-15,49.5099983215332,49.720001220703125,49.040000915527344,49.29999923706055,1730400.0,0.1925495659190113,0.4065620630579811,0.2995558144884962,-0.0177326043833524,0.018011909938782,-0.018011909938782
TCEHY_2019-04-16,TCEHY,2019-04-16,50.11000061035156,50.400001525878906,49.93000030517578,50.29999923706055,2406900.0,0.1947743719748591,0.3282281662466673,0.2615012691107632,0.0202839759731328,0.0180397242784042,-0.0180397242784042
TCEHY_2019-04-17,TCEHY,2019-04-17,50.45000076293945,50.59999847412109,50.11000061035156,50.27000045776367,2318800.0,0.1792164953841091,0.3905946980880928,0.2849055967361009,-0.0005963972117671,0.0180029808036453,-0.0180029808036453
TCEHY_2019-04-18,TCEHY,2019-04-18,50.290000915527344,50.52000045776367,49.970001220703125,50.369998931884766,2289400.0,0.174125807466456,0.355854558896767,0.2649901831816115,0.0019892276349811,0.0179974618673311,-0.0179974618673311
TCEHY_2019-04-22,TCEHY,2019-04-22,49.709999084472656,49.880001068115234,49.4900016784668,49.790000915527344,3040300.0,0.1451242281445173,0.3656062031206024,0.2553652156325598,-0.0115147514126762,0.0180312624213626,-0.0180312624213626
TCEHY_2019-04-23,TCEHY,2019-04-23,49.97999954223633,50.31999969482422,49.81999969482422,50.20000076293945,1719200.0,0.1892916809232054,0.4338761259540966,0.311583903438651,0.008234582042039,0.0175871620462819,-0.0175871620462819
TCEHY_2019-04-24,TCEHY,2019-04-24,50.04999923706055,50.04999923706055,49.4900016784668,49.58000183105469,2041300.0,0.1751600721709283,0.3880179209601588,0.2815889965655436,-0.0123505761446618,0.0176873459571117,-0.0176873459571117
TCEHY_2019-04-25,TCEHY,2019-04-25,48.81999969482422,48.869998931884766,48.29999923706055,48.650001525878906,2815800.0,0.1356209466059033,0.3042896118223299,0.2199552792141166,-0.0187575689961606,0.0178153003051415,-0.0178153003051415
TCEHY_2019-04-26,TCEHY,2019-04-26,49.150001525878906,49.5099983215332,48.810001373291016,49.34999847412109,2535200.0,0.1198093672761466,0.3670360265942529,0.2434226969351998,0.0143884260285136,0.0175607709178688,-0.0175607709178688
TCEHY_2019-04-29,TCEHY,2019-04-29,49.810001373291016,49.900001525878906,49.40999984741211,49.70000076293945,1383700.0,0.1430543074100319,0.4596182636281882,0.30133628551911,0.0070922451801473,0.0174615806623493,-0.0174615806623493
TCEHY_2019-04-30,TCEHY,2019-04-30,49.40999984741211,49.65999984741211,49.09999847412109,49.2400016784668,1320500.0,0.127031431133187,0.4092731429252703,0.2681522870292286,-0.0092555146360414,0.0175183975530063,-0.0175183975530063
TCEHY_2019-05-01,TCEHY,2019-05-01,49.310001373291016,50.04999923706055,49.09999847412109,49.09999847412109,1983700.0,0.0996639819970215,0.4824879244441129,0.2910759532205672,-0.002843281875982,0.0173412889361566,-0.0173412889361566
TCEHY_2019-05-02,TCEHY,2019-05-02,49.310001373291016,49.540000915527344,48.90999984741211,49.220001220703125,2868000.0,0.1033400705509479,0.5309486433798098,0.3171443569653789,0.0024440478678484,0.0173384680601755,-0.0173384680601755
TCEHY_2019-05-03,TCEHY,2019-05-03,49.470001220703125,50.06999969482422,49.45000076293945,49.7599983215332,2016000.0,0.124265707378578,0.5381762185039829,0.3312209629412804,0.0109710907646816,0.0173332982710534,-0.0173332982710534
TCEHY_2019-05-06,TCEHY,2019-05-06,47.470001220703125,48.34000015258789,47.25,48.29999923706055,5470600.0,0.0851494284081741,0.4069326146487033,0.2460410215284387,-0.0293408186037027,0.0177698060176617,-0.0177698060176617
TCEHY_2019-05-07,TCEHY,2019-05-07,47.95000076293945,48.0,47.06999969482422,47.459999084472656,6144300.0,0.0430769029554429,0.2764927029294781,0.1597848029424605,-0.0173913077817061,0.0177234064015891,-0.0177234064015891
TCEHY_2019-05-08,TCEHY,2019-05-08,49.09000015258789,49.45000076293945,48.709999084472656,49.060001373291016,6302500.0,0.0946006628142932,0.2961691770432821,0.1953849199287877,0.0337126489608767,0.0180817695325652,-0.0180817695325652
TCEHY_2019-05-09,TCEHY,2019-05-09,47.36000061035156,48.119998931884766,46.720001220703125,47.7400016784668,5542800.0,0.0874715266313652,0.2622951365332813,0.1748833315823232,-0.0269058226228026,0.0182249454633334,-0.0182249454633334
TCEHY_2019-05-10,TCEHY,2019-05-10,48.20000076293945,48.77000045776367,47.5,48.459999084472656,3782900.0,0.0956364364914132,0.2957218477903214,0.1956791421408673,0.0150816376349356,0.0182900713769825,-0.0182900713769825
TCEHY_2019-05-13,TCEHY,2019-05-13,46.65999984741211,47.040000915527344,46.130001068115234,46.68000030517578,6897100.0,0.044529016326205,0.2077619265789736,0.1261454714525893,-0.0367313003079938,0.0188793094381552,-0.0188793094381552
TCEHY_2019-05-14,TCEHY,2019-05-14,47.0099983215332,47.29999923706055,46.75,47.06999969482422,4197100.0,0.0549081313668236,0.2895890327349102,0.1722485820508669,0.0083547426542154,0.0189000607133146,-0.0189000607133146
TCEHY_2019-05-15,TCEHY,2019-05-15,46.5099983215332,46.77000045776367,45.45000076293945,46.52999877929688,8520900.0,0.0608754704010461,0.3363009531046401,0.1985882117528431,-0.0114722948593244,0.0188272249958267,-0.0188272249958267
TCEHY_2019-05-16,TCEHY,2019-05-16,46.66999816894531,47.220001220703125,46.58000183105469,46.79999923706055,3543800.0,0.0909090343232041,0.3874888785117862,0.2391989564174952,0.0058027179206332,0.0186035281760115,-0.0186035281760115
TCEHY_2019-05-17,TCEHY,2019-05-17,45.25,45.25,44.63999938964844,44.77999877929688,5606000.0,0.0445532982272025,0.2757834964668948,0.1601683973470486,-0.0431624036473069,0.0194369408959012,-0.0194369408959012
TCEHY_2019-05-20,TCEHY,2019-05-20,43.04999923706055,43.29999923706055,42.56999969482422,42.70000076293945,4912400.0,-0.0124884573211351,0.1666667361511373,0.0770891394150011,-0.0464492646953593,0.0203020641251003,-0.0203020641251003
TCEHY_2019-05-21,TCEHY,2019-05-21,43.56999969482422,43.58000183105469,42.7599983215332,43.34000015258789,4226100.0,-0.0018424233010363,0.151740603837263,0.0749490902681133,0.0149882758363768,0.0203834909334296,-0.0203834909334296
TCEHY_2019-05-22,TCEHY,2019-05-22,42.9900016784668,43.130001068115234,42.68000030517578,42.959999084472656,3363200.0,-0.0025539960791961,0.1465171519860044,0.0719815779534041,-0.0087679064784808,0.0203882931374859,-0.0203882931374859
TCEHY_2019-05-23,TCEHY,2019-05-23,41.540000915527344,41.68000030517578,41.02999877929688,41.52000045776367,5497400.0,-0.0602082351525127,0.1381579215671879,0.0389748432073376,-0.0335195218202286,0.020554903475785,-0.020554903475785
TCEHY_2019-05-24,TCEHY,2019-05-24,41.58000183105469,41.630001068115234,40.84999847412109,40.86000061035156,6120000.0,-0.0747282438510682,0.1500141293041768,0.0376429427265542,-0.0158959499069248,0.020642862023582,-0.020642862023582
TCEHY_2019-05-28,TCEHY,2019-05-28,41.790000915527344,41.790000915527344,40.900001525878906,41.119998931884766,3005600.0,-0.0658791798210316,0.1068639903888115,0.0204924052838899,0.0063631502116849,0.020661800463726,-0.020661800463726
TCEHY_2019-05-29,TCEHY,2019-05-29,41.08000183105469,41.45000076293945,40.93000030517578,41.45000076293945,2844300.0,-0.0493118758354491,0.1193627364123424,0.0350254302884466,0.0080253365667963,0.0206614468491027,-0.0206614468491027
TCEHY_2019-05-30,TCEHY,2019-05-30,41.36000061035156,41.79999923706055,41.36000061035156,41.59000015258789,3161000.0,-0.0284980420828548,0.0859008089050772,0.0287013834111111,0.0033775485421367,0.0205445086885452,-0.0205445086885452
TCEHY_2019-05-31,TCEHY,2019-05-31,41.2599983215332,41.900001525878906,41.130001068115234,41.7599983215332,2840100.0,-0.0206379240316985,0.0751801791316613,0.0272711275499814,0.0040874769973939,0.020546063277973,-0.020546063277973
TCEHY_2019-06-03,TCEHY,2019-06-03,42.7599983215332,43.0,42.61000061035156,42.77999877929688,3087500.0,-0.0232876820897433,0.0429058581641264,0.0098090880371915,0.0244252992998259,0.0204893463096106,-0.0204893463096106
TCEHY_2019-06-04,TCEHY,2019-06-04,42.150001525878906,42.75,41.790000915527344,42.38999938964844,5930200.0,-0.0897573616613174,0.0672204956417181,-0.0112684330097996,-0.0091163955300808,0.0188391348114547,-0.0188391348114547
TCEHY_2019-06-05,TCEHY,2019-06-05,42.459999084472656,42.5,41.5099983215332,41.810001373291016,3168800.0,-0.089701696157413,0.0431636592615096,-0.0232690184479517,-0.0136824256831449,0.01883849465765,-0.01883849465765
TCEHY_2019-06-06,TCEHY,2019-06-06,41.97999954223633,42.41999816894531,41.619998931884766,42.11000061035156,2292100.0,-0.0526434221017806,0.015677798847862,-0.0184828116269593,0.0071752984263757,0.0184457700631546,-0.0184457700631546
TCEHY_2019-06-07,TCEHY,2019-06-07,42.810001373291016,43.09999847412109,42.5,42.810001373291016,3266900.0,-0.0187944000630215,0.0544335709908612,0.0178195854639198,0.0166231477747207,0.0184304092569915,-0.0184304092569915
TCEHY_2019-06-10,TCEHY,2019-06-10,43.93999862670898,44.09000015258789,43.40999984741211,43.43999862670898,4475500.0,-0.0459038042746062,0.1022582794950581,0.0281772376102259,0.0147161231770249,0.0176705608687425,-0.0176705608687425
TCEHY_2019-06-11,TCEHY,2019-06-11,44.16999816894531,44.33000183105469,43.619998931884766,43.900001525878906,3455400.0,-0.0400174510097519,0.1063508363973646,0.0331666926938063,0.0105893856747751,0.0177159365339534,-0.0177159365339534
TCEHY_2019-06-12,TCEHY,2019-06-12,43.09000015258789,43.09000015258789,42.59999847412109,42.77999877929688,2363400.0,-0.062253402434934,0.0927202327442688,0.0152334151546674,-0.0255125901515467,0.0179932077865629,-0.0179932077865629
TCEHY_2019-06-13,TCEHY,2019-06-13,42.88999938964844,42.91999816894531,42.220001220703125,42.38999938964844,1984400.0,-0.0683516617659684,0.0589558002078212,-0.0046979307790736,-0.0091163955300808,0.0180220374536833,-0.0180220374536833
TCEHY_2019-06-14,TCEHY,2019-06-14,42.0,42.13999938964844,41.630001068115234,41.77000045776367,2616400.0,-0.0911662034415609,0.0313580359941647,-0.029904083723698,-0.0146260660724654,0.0180463620754937,-0.0180463620754937
TCEHY_2019-06-17,TCEHY,2019-06-17,42.18000030517578,42.34999847412109,41.86000061035156,41.91999816894531,2567500.0,-0.105038470700576,0.0430455237957294,-0.0309964734524232,0.0035910392515632,0.017866847418528,-0.017866847418528
TCEHY_2019-06-18,TCEHY,2019-06-18,42.84999847412109,44.04999923706055,42.7400016784668,43.83000183105469,5141800.0,-0.0686357723752536,0.1110266408975571,0.0211954342611517,0.0455630664488988,0.0188158504477838,-0.0188158504477838
TCEHY_2019-06-19,TCEHY,2019-06-19,44.25,44.68999862670898,43.84999847412109,44.650001525878906,3332200.0,-0.0499999675344913,0.1670152505142512,0.0585076414898799,0.0187086393011106,0.0189780812644878,-0.0189780812644878
TCEHY_2019-06-20,TCEHY,2019-06-20,45.54999923706055,45.720001220703125,45.09999847412109,45.4900016784668,2275900.0,-0.0300639616532653,0.1843270465811184,0.0771315424639265,0.0188129926961151,0.0191342728125179,-0.0191342728125179
TCEHY_2019-06-21,TCEHY,2019-06-21,45.040000915527344,45.5,45.0,45.43000030517578,2958200.0,0.0037561199723177,0.1986806985787383,0.101218409275528,-0.0013190013426492,0.0186135976999391,-0.0186135976999391
TCEHY_2019-06-24,TCEHY,2019-06-24,45.59999847412109,45.59999847412109,45.09999847412109,45.150001525878906,2746800.0,0.0037795016756936,0.1807008248983204,0.092240163287007,-0.0061633012858459,0.0186134692026834,-0.0186134692026834
TCEHY_2019-06-25,TCEHY,2019-06-25,44.470001220703125,44.66999816894531,43.79999923706055,43.93999862670898,3252900.0,-0.0196341158881547,0.1112796562797688,0.045822770195807,-0.02679962033836,0.0189176155944531,-0.0189176155944531
TCEHY_2019-06-26,TCEHY,2019-06-26,44.97999954223633,45.27999877929688,44.95000076293945,44.95000076293945,2638700.0,-0.0006669359626984,0.1555269665744274,0.0774300153058645,0.0229859391851812,0.0191358924894685,-0.0191358924894685
TCEHY_2019-06-27,TCEHY,2019-06-27,44.83000183105469,45.41999816894531,44.79999923706055,45.36000061035156,1847900.0,0.0064344556798532,0.1345673118988308,0.070500883789342,0.0091212422792692,0.0191678799997223,-0.0191678799997223
TCEHY_2019-06-28,TCEHY,2019-06-28,45.130001068115234,45.380001068115234,44.959999084472656,45.2599983215332,1633200.0,-0.0156590088706231,0.1360441302255679,0.0601925606774724,-0.0022046359672124,0.0189996556009488,-0.0189996556009488
TCEHY_2019-07-01,TCEHY,2019-07-01,46.630001068115234,47.38999938964844,46.209999084472656,46.47999954223633,3366800.0,-0.0146279129424102,0.179096948280754,0.0822345176691718,0.026955396949776,0.0190237982613666,-0.0190237982613666
TCEHY_2019-07-02,TCEHY,2019-07-02,46.540000915527344,46.560001373291016,46.09999847412109,46.209999084472656,1979800.0,-0.014081499092229,0.1707625451056285,0.0783405230066997,-0.0058089599918846,0.0190209794109882,-0.0190209794109882
TCEHY_2019-07-03,TCEHY,2019-07-03,45.84000015258789,46.16999816894531,45.83000183105469,46.15999984741211,609400.0,-0.0383333365122476,0.1683118655627635,0.0649892645252579,-0.0010820003906328,0.0187680902442834,-0.0187680902442834
TCEHY_2019-07-05,TCEHY,2019-07-05,45.84999847412109,45.88999938964844,45.41999816894531,45.650001525878906,1678200.0,-0.0499479240226614,0.1891118065031298,0.0695819412402342,-0.0110484905376747,0.0188143848538082,-0.0188143848538082
TCEHY_2019-07-08,TCEHY,2019-07-08,45.0099983215332,45.04999923706055,44.61000061035156,44.84000015258789,2360800.0,-0.0786932023926233,0.1038897422862958,0.0125982699468362,-0.0177437315710017,0.0188547700948607,-0.0188547700948607
TCEHY_2019-07-09,TCEHY,2019-07-09,44.52000045776367,45.09000015258789,44.5099983215332,45.02000045776367,2150400.0,-0.0738531188543822,0.1007334664591124,0.013440173802365,0.0040142797627844,0.0188658705162431,-0.0188658705162431
TCEHY_2019-07-10,TCEHY,2019-07-10,45.70000076293945,46.16999816894531,45.400001525878906,45.560001373291016,3305000.0,-0.0633223284335178,0.1177625919876941,0.0272201317770881,0.0119946892500357,0.0189363282031394,-0.0189363282031394
TCEHY_2019-07-11,TCEHY,2019-07-11,45.720001220703125,45.72999954223633,45.2400016784668,45.34999847412109,1415800.0,-0.1001984702156167,0.0713441179407374,-0.0144271761374396,-0.0046093699043002,0.0183371388765187,-0.0183371388765187
TCEHY_2019-07-12,TCEHY,2019-07-12,45.43000030517578,45.52000045776367,45.2599983215332,45.41999816894531,1547200.0,-0.0842742022937097,0.069964601946457,-0.0071548001736263,0.0015435434879709,0.0182481523622037,-0.0182481523622037
TCEHY_2019-07-15,TCEHY,2019-07-15,45.97999954223633,46.25,45.84000015258789,46.09999847412109,2001200.0,-0.0814903419903934,0.094751788314833,0.0066307231622197,0.0149713855699955,0.0182879169773446,-0.0182879169773446
TCEHY_2019-07-16,TCEHY,2019-07-16,46.119998931884766,46.34999847412109,46.0,46.09999847412109,1414400.0,-0.0649087385894705,0.1151426778897874,0.0251169696501584,0.0,0.0181651432647405,-0.0181651432647405
TCEHY_2019-07-17,TCEHY,2019-07-17,46.45000076293945,46.459999084472656,45.91999816894531,45.970001220703125,2530100.0,-0.0860834608754252,0.0919240590700005,0.0029202990972876,-0.0028198971306027,0.0179626271137336,-0.0179626271137336
TCEHY_2019-07-18,TCEHY,2019-07-18,45.56999969482422,45.7400016784668,45.33000183105469,45.54999923706055,2525500.0,-0.0938930013471717,0.0684963193944019,-0.0126983409763848,-0.0091364362081727,0.0179896783864213,-0.0179896783864213
TCEHY_2019-07-19,TCEHY,2019-07-19,46.18000030517578,46.369998931884766,45.630001068115234,45.72999954223633,2366200.0,-0.0921183142354856,0.0659673173822676,-0.0130754984266089,0.00395170819299,0.0179973459897671,-0.0179973459897671
TCEHY_2019-07-22,TCEHY,2019-07-22,45.84999847412109,45.91999816894531,45.47999954223633,45.5099983215332,2854900.0,-0.0859610868707454,0.0466881048911911,-0.0196364909897771,-0.0048108730134565,0.0179561846800764,-0.0179561846800764
TCEHY_2019-07-23,TCEHY,2019-07-23,45.959999084472656,46.33000183105469,45.75,46.15999984741211,2614400.0,-0.0804781046638929,0.0935797405499707,0.0065508179430389,0.0142826093133769,0.0180238392255289,-0.0180238392255289
TCEHY_2019-07-24,TCEHY,2019-07-24,46.650001525878906,46.9900016784668,46.619998931884766,46.900001525878906,1948800.0,-0.0540540582129859,0.1116379012202242,0.0287919215036191,0.0160312322554803,0.0180944440334276,-0.0180944440334276
TCEHY_2019-07-25,TCEHY,2019-07-25,47.470001220703125,47.47999954223633,46.810001373291016,47.16999816894531,2527300.0,-0.0304214452315344,0.1010737161749486,0.0353261354717071,0.0057568578738196,0.0179634030325087,-0.0179634030325087
TCEHY_2019-07-26,TCEHY,2019-07-26,47.380001068115234,47.61000061035156,47.209999084472656,47.36000061035156,2321500.0,-0.0403241727517594,0.0746539809010649,0.0171649040746527,0.004028035802031,0.0178736792044856,-0.0178736792044856
TCEHY_2019-07-29,TCEHY,2019-07-29,47.619998931884766,47.75,47.25,47.52999877929688,2498600.0,-0.0436620110730603,0.0931462575827857,0.0247421232548626,0.0035894883182954,0.0178551350063939,-0.0178551350063939
TCEHY_2019-07-30,TCEHY,2019-07-30,47.25,47.38999938964844,47.0099983215332,47.16999816894531,1997900.0,-0.042039062529657,0.0796520863268901,0.0188065118986165,-0.0075741767220153,0.0178431667090991,-0.0178431667090991
TCEHY_2019-07-31,TCEHY,2019-07-31,47.02000045776367,47.040000915527344,45.83000183105469,46.5,1910300.0,-0.0529531273914694,0.0414333350705227,-0.0057598961604733,-0.0142039049173932,0.017924206198712,-0.017924206198712
TCEHY_2019-08-01,TCEHY,2019-08-01,47.15999984741211,47.52999877929688,45.43000030517578,45.68000030517578,5596000.0,-0.0719219997507504,0.0239856462717897,-0.0239681767394803,-0.0176344020392305,0.0180454171983443,-0.0180454171983443
TCEHY_2019-08-02,TCEHY,2019-08-02,44.93000030517578,45.31999969482422,44.75,44.88999938964844,4900600.0,-0.0978697567555446,0.0142340960688363,-0.0418178303433541,-0.0172942405921532,0.0180937116670394,-0.0180937116670394
TCEHY_2019-08-05,TCEHY,2019-08-05,42.59999847412109,42.70000076293945,41.93000030517578,42.33000183105469,7300400.0,-0.123602432718572,-0.048977680806244,-0.086290056762408,-0.0570282377678998,0.0190903541748727,-0.0190903541748727
TCEHY_2019-08-06,TCEHY,2019-08-06,43.2599983215332,43.27000045776367,42.5,42.790000915527344,4398800.0,-0.0983986148131464,-0.0595604194389595,-0.078979517126053,0.0108669753029679,0.0190527086738886,-0.0190527086738886
TCEHY_2019-08-07,TCEHY,2019-08-07,42.77000045776367,43.56999969482422,42.380001068115234,43.400001525878906,3722200.0,-0.1153689296570932,-0.0316822440565365,-0.0735255868568148,0.0142556811708365,0.0186262512419851,-0.0186262512419851
TCEHY_2019-08-08,TCEHY,2019-08-08,43.65999984741211,43.91999816894531,43.52000045776367,43.84000015258789,4670200.0,-0.0816925301374258,-0.00136677383156,-0.0415296519844929,0.0101382168488315,0.0184033806756805,-0.0184033806756805
TCEHY_2019-08-09,TCEHY,2019-08-09,43.130001068115234,43.43999862670898,42.66999816894531,42.9900016784668,3389400.0,-0.1128765478610694,-0.0280352221705412,-0.0704558850158053,-0.0193886512582714,0.018424408079415,-0.018424408079415
TCEHY_2019-08-12,TCEHY,2019-08-12,42.790000915527344,42.95000076293945,42.369998931884766,42.77000045776367,4262300.0,-0.0837617785314919,-0.0429625918090277,-0.0633621851702598,-0.0051174973741235,0.0178781753726528,-0.0178781753726528
TCEHY_2019-08-13,TCEHY,2019-08-13,42.43000030517578,44.150001525878906,42.380001068115234,43.36000061035156,5033500.0,-0.0788187616003024,-0.0282384211495986,-0.0535285913749505,0.0137947193423701,0.0179382453948321,-0.0179382453948321
TCEHY_2019-08-14,TCEHY,2019-08-14,41.7599983215332,41.7599983215332,41.220001220703125,41.47999954223633,10273500.0,-0.1085321162593175,-0.0542635894891784,-0.081397852874248,-0.0433579576026669,0.0186693222150964,-0.0186693222150964
TCEHY_2019-08-15,TCEHY,2019-08-15,41.79999923706055,41.95000076293945,41.43999862670898,41.77999877929688,3962200.0,-0.1072649687948791,-0.0261072892015259,-0.0666861289982025,0.0072323828440519,0.0186793917934279,-0.0186793917934279
TCEHY_2019-08-16,TCEHY,2019-08-16,41.56999969482422,42.0099983215332,41.34999847412109,41.88999938964844,4240200.0,-0.0645377281918233,-0.0228597986156572,-0.0436987634037402,0.0026328533644204,0.0179122363048583,-0.0179122363048583
TCEHY_2019-08-19,TCEHY,2019-08-19,43.33000183105469,43.34999847412109,42.52000045776367,42.7400016784668,4409700.0,0.0009367895740661,-0.0115633668036834,-0.0053132886148086,0.0202912938936066,0.0171314131349253,-0.0171314131349253
TCEHY_2019-08-20,TCEHY,2019-08-20,42.36000061035156,42.52000045776367,42.150001525878906,42.220001220703125,2580000.0,-0.0258421533904376,-0.0276369645059184,-0.026739558948178,-0.0121665989083397,0.0170938924462003,-0.0170938924462003
TCEHY_2019-08-21,TCEHY,2019-08-21,42.650001525878906,42.70000076293945,42.34000015258789,42.5,2143100.0,-0.0107076139263447,-0.0132342628015554,-0.0119709383639501,0.0066318988915512,0.0170805255695245,-0.0170805255695245
TCEHY_2019-08-22,TCEHY,2019-08-22,42.29999923706055,42.43000030517578,41.880001068115234,42.09999847412109,2856900.0,0.0139691235540186,-0.0470801678743089,-0.0165555221601451,-0.0094118006089155,0.0165807958693155,-0.0165807958693155
TCEHY_2019-08-23,TCEHY,2019-08-23,42.02000045776367,42.540000915527344,41.11000061035156,41.36000061035156,5718000.0,0.0122369063272438,-0.0634057800438292,-0.0255844368582927,-0.0175771470448959,0.016608704268964,-0.016608704268964
TCEHY_2019-08-26,TCEHY,2019-08-26,41.619998931884766,41.75,41.20000076293945,41.2599983215332,2729000.0,0.0034046545059582,-0.0626988211614999,-0.0296470833277708,-0.0024178502742413,0.0165940938850611,-0.0165940938850611
TCEHY_2019-08-27,TCEHY,2019-08-27,41.61000061035156,41.84999847412109,41.220001220703125,41.2400016784668,3395200.0,-0.0050663228132052,-0.0541283687671474,-0.0295973457901763,-0.0004846496335403,0.0165638960253294,-0.0165638960253294
TCEHY_2019-08-28,TCEHY,2019-08-28,40.52999877929688,40.77999877929688,40.34999847412109,40.58000183105469,4941400.0,-0.0242846433716676,-0.0520906206657497,-0.0381876320187087,-0.0160038753770643,0.0166807698699766,-0.0166807698699766
TCEHY_2019-08-29,TCEHY,2019-08-29,41.220001220703125,41.38999938964844,40.880001068115234,40.900001525878906,3974500.0,-0.0205937938271143,-0.0408067047062844,-0.0307002492666993,0.0078856500834194,0.0167035562966092,-0.0167035562966092
TCEHY_2019-08-30,TCEHY,2019-08-30,41.29999923706055,41.38999938964844,41.060001373291016,41.27000045776367,2222300.0,-0.0352968294675118,-0.0577625302138399,-0.0465296798406759,0.0090464283149391,0.0164484170080143,-0.0164484170080143
TCEHY_2019-09-03,TCEHY,2019-09-03,41.77999877929688,42.47999954223633,41.7400016784668,42.33000183105469,4442700.0,-0.0014153705934801,-0.0910456923245538,-0.046230531459017,0.0256845495888917,0.0167340912615038,-0.0167340912615038
TCEHY_2019-09-04,TCEHY,2019-09-04,43.5,43.75,43.220001220703125,43.619998931884766,4464600.0,0.0432910188744937,-0.0502939551043439,-0.0035014681149251,0.0304747707306662,0.0170682392021912,-0.0170682392021912
TCEHY_2019-09-05,TCEHY,2019-09-05,43.84000015258789,44.0,43.61000061035156,43.709999084472656,3185000.0,0.037995688694618,-0.0166479564851611,0.0106738661047284,0.0020632772762885,0.0170496659288636,-0.0170496659288636
TCEHY_2019-09-06,TCEHY,2019-09-06,43.83000183105469,43.959999084472656,43.720001220703125,43.77999877929688,3890900.0,0.0226581960964626,0.0034379488312978,0.0130480724638802,0.0016014572475497,0.0169285091139426,-0.0169285091139426
TCEHY_2019-09-09,TCEHY,2019-09-09,43.540000915527344,43.97999954223633,43.52999877929688,43.7599983215332,3543500.0,0.0073664757122591,-0.0388754778216362,-0.0157545010546885,-0.000456840071296,0.0168306090036793,-0.0168306090036793
TCEHY_2019-09-10,TCEHY,2019-09-10,43.47999954223633,43.66999816894531,43.2400016784668,43.34999847412109,4004700.0,-0.0125285428847558,-0.0520446335433935,-0.0322865882140746,-0.0093692838925536,0.0168208181261345,-0.0168208181261345
TCEHY_2019-09-11,TCEHY,2019-09-11,44.18000030517578,44.470001220703125,44.0,44.130001068115234,3606400.0,0.0315568566465616,-0.0326610674847723,-0.0005521054191053,0.0179931400565052,0.0166512237380638,-0.0166512237380638
TCEHY_2019-09-12,TCEHY,2019-09-12,44.630001068115234,44.93000030517578,44.34999847412109,44.45000076293945,2741700.0,0.0485964001639986,-0.023076906309023,0.0127597469274878,0.0072512958776116,0.0166243618362208,-0.0166243618362208
TCEHY_2019-09-13,TCEHY,2019-09-13,44.54999923706055,44.68000030517578,44.43000030517578,44.59000015258789,2823900.0,0.0675125607833235,-0.0298085065094706,0.0188520271369264,0.0031495925139592,0.0165072005127453,-0.0165072005127453
TCEHY_2019-09-16,TCEHY,2019-09-16,44.150001525878906,44.33000183105469,43.77999877929688,43.970001220703125,3232300.0,0.0489027466913505,-0.0612723937347425,-0.006184823521696,-0.0139044388823305,0.0166126841658302,-0.0166126841658302
TCEHY_2019-09-17,TCEHY,2019-09-17,43.79999923706055,44.20000076293945,43.77000045776367,44.13999938964844,2331600.0,0.0070727252029021,-0.0620484891294506,-0.0274878819632742,0.0038662307078869,0.0156043886517955,-0.0156043886517955
TCEHY_2019-09-18,TCEHY,2019-09-18,43.83000183105469,43.86000061035156,43.15999984741211,43.470001220703125,4042200.0,-0.0264277774882462,-0.0751063570063165,-0.0507670672472813,-0.015178934712501,0.0155411794159452,-0.0155411794159452
TCEHY_2019-09-19,TCEHY,2019-09-19,43.220001220703125,43.59000015258789,43.119998931884766,43.15999984741211,2629200.0,-0.0512200867241915,-0.0797441696543038,-0.0654821281892477,-0.0071313863488776,0.0153692025217815,-0.0153692025217815
TCEHY_2019-09-20,TCEHY,2019-09-20,43.0099983215332,43.16999816894531,42.560001373291016,42.77000045776367,2857700.0,-0.0585516141215842,-0.05501542103648,-0.0567835175790321,-0.0090361304686571,0.0154047911086515,-0.0154047911086515
TCEHY_2019-09-23,TCEHY,2019-09-23,42.58000183105469,42.9900016784668,42.560001373291016,42.869998931884766,2350400.0,-0.0504983946166047,-0.0469097517079845,-0.0487040731622946,0.0023380517430633,0.0153946338626624,-0.0153946338626624
TCEHY_2019-09-24,TCEHY,2019-09-24,42.75,42.79999923706055,42.18000030517578,42.27000045776367,1718000.0,-0.0380063318420359,-0.0568942270063205,-0.0474502794241782,-0.0139957660151663,0.0151267613061347,-0.0151267613061347
TCEHY_2019-09-25,TCEHY,2019-09-25,41.93000030517578,42.31999969482422,41.75,42.25,2780000.0,-0.0600667567766886,-0.06069363205913,-0.0603801944179093,-0.0004731596296918,0.0148249972445262,-0.0148249972445262
TCEHY_2019-09-26,TCEHY,2019-09-26,42.150001525878906,42.29999923706055,41.880001068115234,41.9900016784668,2944300.0,-0.0742945080806657,-0.068338097120314,-0.0713163026004898,-0.0061538064268213,0.0147837508477042,-0.0147837508477042
TCEHY_2019-09-27,TCEHY,2019-09-27,41.970001220703125,42.33000183105469,40.56999969482422,40.88999938964844,5930500.0,-0.0965532278821509,-0.1107003089008802,-0.1036267683915155,-0.0261967669647048,0.0151174963972844,-0.0151174963972844
TCEHY_2019-09-30,TCEHY,2019-09-30,41.900001525878906,42.02999877929688,41.619998931884766,41.630001068115234,3637600.0,-0.1043459234485126,-0.1174474733068227,-0.1108966983776676,0.0180973756300455,0.0148880541220055,-0.0148880541220055
TCEHY_2019-10-01,TCEHY,2019-10-01,41.720001220703125,41.93000030517578,41.33000183105469,41.47999954223633,2266000.0,-0.1023587889190348,-0.1149989228180187,-0.1086788558685267,-0.0036032073511954,0.0148806775551127,-0.0148806775551127
TCEHY_2019-10-02,TCEHY,2019-10-02,40.93000030517578,41.18000030517578,40.66999816894531,41.09000015258789,3348800.0,-0.1098353490377764,-0.1439583301544189,-0.1268968395960977,-0.0094021068937411,0.01491286987256,-0.01491286987256
TCEHY_2019-10-03,TCEHY,2019-10-03,41.38999938964844,41.7599983215332,41.040000915527344,41.68000030517578,2675000.0,-0.0869660698357817,-0.132570219209736,-0.1097681445227588,0.0143587284107307,0.0150002164047341,-0.0150002164047341
TCEHY_2019-10-04,TCEHY,2019-10-04,41.09999847412109,41.4900016784668,40.900001525878906,41.41999816894531,2473900.0,-0.0762712304193691,-0.1489624054398667,-0.1126168179296179,-0.0062380550462275,0.0148666149861524,-0.0148666149861524
TCEHY_2019-10-07,TCEHY,2019-10-07,41.209999084472656,41.29999923706055,40.91999816894531,41.0,1749300.0,-0.0892936565279494,-0.1565521603538306,-0.12292290844089,-0.0101399852127518,0.0148942605402709,-0.0148942605402709
TCEHY_2019-10-08,TCEHY,2019-10-08,40.810001373291016,41.04999923706055,40.59999847412109,40.65999984741211,3577800.0,-0.1075505131295161,-0.1640624926474533,-0.1358065028884847,-0.0082926866484851,0.0148197027563668,-0.0148197027563668
TCEHY_2019-10-09,TCEHY,2019-10-09,40.650001525878906,40.869998931884766,40.400001525878906,40.560001373291016,3148800.0,-0.1056228723704032,-0.1952380923547262,-0.1504304823625647,-0.0024593820584447,0.0148153587447025,-0.0148153587447025
TCEHY_2019-10-10,TCEHY,2019-10-10,40.86000061035156,41.2400016784668,40.63999938964844,40.93000030517578,4892000.0,-0.098855086851136,-0.1747983555577908,-0.1368267212044635,0.0091222613253758,0.014872458186022,-0.014872458186022
TCEHY_2019-10-11,TCEHY,2019-10-11,41.54999923706055,41.83000183105469,41.5099983215332,41.65999984741211,1631900.0,-0.096312337823643,-0.1699541544668934,-0.1331332461452682,0.0178353172927785,0.0149280167295734,-0.0149280167295734
TCEHY_2019-10-14,TCEHY,2019-10-14,41.58000183105469,41.84000015258789,41.43999862670898,41.4900016784668,3517700.0,-0.0999999338013466,-0.1584178028287411,-0.1292088683150439,-0.0040806089670658,0.0149302763573352,-0.0149302763573352
TCEHY_2019-10-15,TCEHY,2019-10-15,41.810001373291016,42.119998931884766,41.709999084472656,42.09000015258789,4626200.0,-0.0844028924316806,-0.1632206602186906,-0.1238117763251856,0.0144612786176987,0.0150648993381125,-0.0150648993381125
TCEHY_2019-10-16,TCEHY,2019-10-16,42.15999984741211,42.15999984741211,41.720001220703125,41.880001068115234,3409400.0,-0.0805707624679676,-0.1668987331061917,-0.1237347477870797,-0.0049892868546294,0.015039080548023,-0.015039080548023
TCEHY_2019-10-17,TCEHY,2019-10-17,42.119998931884766,42.20000076293945,41.90999984741211,42.04999923706055,2424800.0,-0.0804723451129039,-0.1651776825740126,-0.1228250138434582,0.0040591729849486,0.0150396826873609,-0.0150396826873609
TCEHY_2019-10-18,TCEHY,2019-10-18,42.08000183105469,42.22999954223633,41.61000061035156,41.650001525878906,3268800.0,-0.0848164565593474,-0.163486628639726,-0.1241515425995367,-0.0095124308784554,0.0150694320984988,-0.0150694320984988
TCEHY_2019-10-21,TCEHY,2019-10-21,41.40999984741211,41.54999923706055,41.16999816894531,41.54999923706055,2249000.0,-0.0998700308836767,-0.1723107847493269,-0.1360904078165018,-0.0024010152498127,0.0149373179344292,-0.0149373179344292
TCEHY_2019-10-22,TCEHY,2019-10-22,41.68000030517578,41.75,41.22999954223633,41.290000915527344,2324200.0,-0.1196162138130427,-0.1672045302413615,-0.1434103720272021,-0.0062574807775519,0.0147770990900064,-0.0147770990900064
TCEHY_2019-10-23,TCEHY,2019-10-23,40.52999877929688,40.650001525878906,40.209999084472656,40.59000015258789,3758200.0,-0.1394954053801386,-0.1656731987768505,-0.1525843020784945,-0.0169532755490013,0.0148637619082197,-0.0148637619082197
TCEHY_2019-10-24,TCEHY,2019-10-24,40.54999923706055,40.650001525878906,40.310001373291016,40.38999938964844,5436500.0,-0.1471706319864294,-0.1815602707499825,-0.1643654513682059,-0.0049273407782114,0.0148453506630069,-0.0148453506630069
TCEHY_2019-10-25,TCEHY,2019-10-25,40.209999084472656,40.65999984741211,40.15999984741211,40.619998931884766,5175600.0,-0.1453818646093038,-0.1826962110999705,-0.1640390378546372,0.0056944675838563,0.0148614411123842,-0.0148614411123842
TCEHY_2019-10-28,TCEHY,2019-10-28,41.18999862670898,41.27000045776367,41.040000915527344,41.09999847412109,5281400.0,-0.1286834837916201,-0.1653128132996272,-0.1469981485456236,0.0118168280368797,0.0149526682919874,-0.0149526682919874
TCEHY_2019-10-29,TCEHY,2019-10-29,40.41999816894531,40.41999816894531,40.13999938964844,40.150001525878906,4333500.0,-0.1365591069703461,-0.1822810025739494,-0.1594200547721477,-0.0231142818372694,0.0151105705037257,-0.0151105705037257
TCEHY_2019-10-30,TCEHY,2019-10-30,40.290000915527344,40.43999862670898,40.040000915527344,40.369998931884766,2229400.0,-0.116243461861128,-0.179804999376876,-0.148024230619002,0.0054793872389782,0.0150104031312834,-0.0150104031312834
TCEHY_2019-10-31,TCEHY,2019-10-31,40.70000076293945,40.77999877929688,40.36000061035156,40.5,2433200.0,-0.0977945967774007,-0.1860932201343347,-0.1419439084558677,0.003220239572822,0.0148919532882835,-0.0148919532882835
TCEHY_2019-11-01,TCEHY,2019-11-01,41.040000915527344,41.209999084472656,40.95000076293945,41.09000015258789,3218000.0,-0.0292936835537079,-0.1492753457217537,-0.0892845146377308,0.01456790500217,0.0132265111636077,-0.0132265111636077
TCEHY_2019-11-04,TCEHY,2019-11-04,41.9900016784668,41.9900016784668,41.72999954223633,41.970001220703125,3684300.0,-0.0191633483823241,-0.1156763162594681,-0.0674198323208961,0.0214164289327658,0.0134363823673498,-0.0134363823673498
TCEHY_2019-11-05,TCEHY,2019-11-05,42.380001068115234,42.59999847412109,42.34999847412109,42.380001068115234,2907300.0,-0.0235023138687093,-0.1361598067303046,-0.0798310602995069,0.0097688786153731,0.0133701556989548,-0.0133701556989548
TCEHY_2019-11-06,TCEHY,2019-11-06,42.560001373291016,42.66999816894531,42.34999847412109,42.5,2183800.0,-0.0305656968048343,-0.1097612378348596,-0.070163467319847,0.0028314990292683,0.0133097988641087,-0.0133097988641087
TCEHY_2019-11-07,TCEHY,2019-11-07,42.63999938964844,42.810001373291016,42.54999923706055,42.720001220703125,3161400.0,-0.0062805407588274,-0.1184481628603397,-0.0623643518095836,0.0051764993106617,0.0131029119350816,-0.0131029119350816
TCEHY_2019-11-08,TCEHY,2019-11-08,41.959999084472656,41.959999084472656,41.59999847412109,41.790000915527344,2835300.0,-0.0229132460076566,-0.1047557703016176,-0.0638345081546371,-0.0217696694429184,0.0133726796482889,-0.0133726796482889
TCEHY_2019-11-11,TCEHY,2019-11-11,41.400001525878906,41.83000183105469,41.33000183105469,41.68999862670898,3286400.0,-0.0385148053536672,-0.1142978776927169,-0.076406341523192,-0.0023929716828795,0.0132528706665583,-0.0132528706665583
TCEHY_2019-11-12,TCEHY,2019-11-12,42.08000183105469,42.290000915527344,41.93000030517578,42.20000076293945,3586100.0,0.0173577923975143,-0.0930582018042954,-0.0378502047033905,0.0122332010801204,0.0121615000412645,-0.0121615000412645
TCEHY_2019-11-13,TCEHY,2019-11-13,40.29999923706055,41.5,40.27999877929688,40.7400016784668,5947000.0,-0.0248922242990928,-0.1294871294312947,-0.0771896768651937,-0.0345971340776573,0.0128989533830074,-0.0128989533830074
TCEHY_2019-11-14,TCEHY,2019-11-14,40.91999816894531,41.04999923706055,40.77000045776367,40.880001068115234,3649400.0,-0.0241107265755364,-0.0870924032491204,-0.0556015649123284,0.0034364109936311,0.0129023152798884,-0.0129023152798884
TCEHY_2019-11-15,TCEHY,2019-11-15,40.880001068115234,41.060001373291016,40.84999847412109,40.959999084472656,2863800.0,-0.0416472279852749,-0.040749453100174,-0.0411983405427245,0.0019568985877502,0.01263423719783,-0.01263423719783
TCEHY_2019-11-18,TCEHY,2019-11-18,42.45000076293945,42.47999954223633,41.83000183105469,41.90999984741211,4090700.0,-0.0073425240248217,-0.0329949307831369,-0.0201687274039793,0.0231933785198639,0.0128946845301252,-0.0128946845301252
TCEHY_2019-11-19,TCEHY,2019-11-19,42.84999847412109,42.95000076293945,42.77000045776367,42.81999969482422,4271600.0,0.0075294045840992,-0.0032588312996272,0.002135286642236,0.021713191379749,0.013157757239637,-0.013157757239637
TCEHY_2019-11-20,TCEHY,2019-11-20,42.77999877929688,42.77999877929688,42.31999969482422,42.45000076293945,2880900.0,0.0083135938599501,0.0223988510337764,0.0153562224468632,-0.0086407971630483,0.0131490246171382,-0.0131490246171382
TCEHY_2019-11-21,TCEHY,2019-11-21,42.25,42.380001068115234,42.09999847412109,42.33000183105469,1679700.0,0.0234526403865755,0.0359765344773566,0.029714587431966,-0.002826829911144,0.012956999522327,-0.012956999522327
TCEHY_2019-11-22,TCEHY,2019-11-22,42.52000045776367,42.650001525878906,42.45000076293945,42.59999847412109,1880500.0,0.0324769802980953,0.0359922077013654,0.0342345939997303,0.0063783754166606,0.0129729737433367,-0.0129729737433367
TCEHY_2019-11-25,TCEHY,2019-11-25,43.209999084472656,43.68999862670898,43.150001525878906,43.619998931884766,3442800.0,0.0577108912839998,0.0523521864657119,0.0550315388748559,0.0239436735750897,0.0133012439607641,-0.0133012439607641
TCEHY_2019-11-26,TCEHY,2019-11-26,42.88999938964844,43.0,42.68999862670898,42.9900016784668,3366700.0,0.0593888550682077,0.0336619745309569,0.0465254147995823,-0.0144428534810775,0.0132705175553495,-0.0132705175553495
TCEHY_2019-11-27,TCEHY,2019-11-27,42.810001373291016,42.97999954223633,42.709999084472656,42.900001525878906,2121500.0,0.0488997536768922,0.0272989284043594,0.0380993410406258,-0.0020935135862758,0.0132465727560468,-0.0132465727560468
TCEHY_2019-11-29,TCEHY,2019-11-29,42.380001068115234,42.380001068115234,42.08000183105469,42.150001525878906,1557400.0,0.0213230205561989,-0.0147264439316173,0.0032982883122907,-0.0174825168606945,0.0134023815334599,-0.0134023815334599
TCEHY_2019-12-02,TCEHY,2019-12-02,42.310001373291016,42.31999969482422,41.900001525878906,41.900001525878906,3318800.0,-0.0101582869495724,-0.0115592798024241,-0.0108587833759982,-0.0059311978873003,0.0130279243428366,-0.0130279243428366
TCEHY_2019-12-03,TCEHY,2019-12-03,41.650001525878906,41.70000076293945,41.209999084472656,41.68999862670898,2734900.0,-0.0442457669059002,-0.0028701923616462,-0.0235579796337732,-0.0050120021843012,0.0124394727684557,-0.0124394727684557
TCEHY_2019-12-04,TCEHY,2019-12-04,42.040000915527344,42.459999084472656,42.02999877929688,42.290000915527344,3100800.0,-0.0324868039050073,0.0042745263017529,-0.0141061388016272,0.0143919958882889,0.0125789087285009,-0.0125789087285009
TCEHY_2019-12-05,TCEHY,2019-12-05,42.27999877929688,42.369998931884766,42.04999923706055,42.209999084472656,2574500.0,-0.0358611178300595,-0.0140154699736285,-0.024938293901844,-0.0018917434221504,0.0125774364774321,-0.0125774364774321
TCEHY_2019-12-06,TCEHY,2019-12-06,42.95000076293945,42.970001220703125,42.720001220703125,42.7400016784668,3043100.0,-0.0233088821341314,-0.0161141107359932,-0.0197114964350623,0.0125563280144469,0.0126845831793458,-0.0126845831793458
TCEHY_2019-12-09,TCEHY,2019-12-09,42.72999954223633,42.970001220703125,42.52000045776367,42.54999923706055,2507800.0,-0.0184544236498213,-0.0307517594964669,-0.0246030915731441,-0.004445541271515,0.0126428710782565,-0.0126428710782565
TCEHY_2019-12-10,TCEHY,2019-12-10,42.970001220703125,43.2400016784668,42.79999923706055,43.08000183105469,2703600.0,-0.0237933200010546,0.007012694257088,-0.0083903128719832,0.0124559953818403,0.012533005814867,-0.012533005814867
TCEHY_2019-12-11,TCEHY,2019-12-11,43.540000915527344,44.040000915527344,43.459999084472656,43.959999084472656,3482200.0,-0.0110236596188169,0.037037030371074,0.0130066853761285,0.020427047725509,0.012768840496898,-0.012768840496898
TCEHY_2019-12-12,TCEHY,2019-12-12,44.68999862670898,45.88999938964844,44.65999984741211,45.77999877929688,7248600.0,0.0266875672266604,0.0960018740145329,0.0613447206205967,0.0414012678054644,0.0137939420844489,-0.0137939420844489
TCEHY_2019-12-13,TCEHY,2019-12-13,45.97999954223633,47.0,45.709999084472656,45.84000015258789,5258300.0,0.0425289715708327,0.0935115017859553,0.068020236678394,0.0013106460220821,0.0136701098852702,-0.0136701098852702
TCEHY_2019-12-16,TCEHY,2019-12-16,46.150001525878906,46.68999862670898,46.150001525878906,46.36000061035156,3050000.0,0.0502945457952079,0.0577229904997245,0.0540087681474662,0.0113438144858801,0.013729907452394,-0.013729907452394
TCEHY_2019-12-17,TCEHY,2019-12-17,47.41999816894531,47.959999084472656,47.380001068115234,47.68000030517578,6892000.0,0.0968483774154482,0.0678611125587689,0.0823547449871086,0.0284728144401593,0.0140055216710666,-0.0140055216710666
TCEHY_2019-12-18,TCEHY,2019-12-18,48.25,48.56999969482422,48.209999084472656,48.43000030517578,3425200.0,0.1221038108525309,0.0646295563471184,0.0933666835998247,0.0157298656711331,0.0140725785189881,-0.0140725785189881
TCEHY_2019-12-19,TCEHY,2019-12-19,47.970001220703125,48.310001373291016,47.95000076293945,48.290000915527344,3783100.0,0.1290624362563379,0.062954008169481,0.0960082222129095,-0.0028907575627967,0.0140165439352949,-0.0140165439352949
TCEHY_2019-12-20,TCEHY,2019-12-20,48.16999816894531,48.33000183105469,48.09999847412109,48.150001525878906,4489100.0,0.1231631146616873,0.0664451804786865,0.0948041475701869,-0.0028991382686724,0.0140301817615109,-0.0140301817615109
TCEHY_2019-12-23,TCEHY,2019-12-23,48.38999938964844,48.4900016784668,48.20000076293945,48.459999084472656,1739200.0,0.1464395211657037,0.1028675602874551,0.1246535407265794,0.0064381630066436,0.0138912996635725,-0.0138912996635725
TCEHY_2019-12-24,TCEHY,2019-12-24,48.34000015258789,48.45000076293945,48.310001373291016,48.34000015258789,572600.0,0.1441420154458672,0.07541711528609,0.1097795653659786,-0.0024762470935171,0.0138999607075355,-0.0138999607075355
TCEHY_2019-12-26,TCEHY,2019-12-26,48.4900016784668,48.869998931884766,48.41999816894531,48.810001373291016,1584300.0,0.1624196099597117,0.0760582168544357,0.1192389134070737,0.009722822077359,0.0138893448849902,-0.0138893448849902
TCEHY_2019-12-27,TCEHY,2019-12-27,49.09999847412109,49.36000061035156,49.08000183105469,49.2400016784668,2065900.0,0.2042064664577181,0.0879364450846662,0.1460714557711921,0.0088096761540161,0.0134154827470176,-0.0134154827470176
TCEHY_2019-12-30,TCEHY,2019-12-30,49.02000045776367,49.150001525878906,48.52000045776367,48.619998931884766,2571800.0,0.1679077032050144,0.0460412954114559,0.1069744993082352,-0.0125914444648194,0.0134171672970021,-0.0134171672970021
TCEHY_2019-12-31,TCEHY,2019-12-31,48.43000030517578,48.43000030517578,47.68999862670898,48.0099983215332,1931300.0,0.1574252374966351,0.0389525919221533,0.0981889147093942,-0.0125462900812926,0.0135302054658968,-0.0135302054658968
TCEHY_2020-01-02,TCEHY,2020-01-02,49.20000076293945,49.88999938964844,49.20000076293945,49.880001068115234,4293200.0,0.2139206834481781,0.0805892814774713,0.1472549824628247,0.038950277274709,0.0142038020129566,-0.0142038020129566
TCEHY_2020-01-03,TCEHY,2020-01-03,48.79999923706055,49.27999877929688,48.79999923706055,49.02999877929688,2728500.0,0.1763435321570374,0.0740415583885985,0.1251925452728179,-0.0170409436771583,0.0143553330420581,-0.0143553330420581
TCEHY_2020-01-06,TCEHY,2020-01-06,48.33000183105469,48.79999923706055,48.29999923706055,48.77000045776367,4712100.0,0.1774505701047817,0.0876449663649023,0.132547768234842,-0.0053028416888926,0.0143464407391087,-0.0143464407391087
TCEHY_2020-01-07,TCEHY,2020-01-07,49.540000915527344,49.97999954223633,49.18999862670898,49.77999877929688,4667000.0,0.2141463116901678,0.1057307479594293,0.1599385298247986,0.0207094179219435,0.0144274674102726,-0.0144274674102726
TCEHY_2020-01-08,TCEHY,2020-01-08,49.209999084472656,49.9900016784668,49.18000030517578,49.650001525878906,2925200.0,0.2211018620807738,0.0897717302305789,0.1554367961556764,-0.0026114354480868,0.0143722077878189,-0.0143722077878189
TCEHY_2020-01-09,TCEHY,2020-01-09,49.9900016784668,50.4900016784668,49.900001525878906,50.47999954223633,2874000.0,0.2445758834583691,0.113120203764564,0.1788480436114665,0.0167169786676604,0.0144516078018789,-0.0144516078018789
TCEHY_2020-01-10,TCEHY,2020-01-10,51.18000030517578,51.66999816894531,51.09999847412109,51.43000030517578,5373200.0,0.256535546584695,0.1323206159955252,0.1944280812901101,0.0188193496742128,0.01456278933758,-0.01456278933758
TCEHY_2020-01-13,TCEHY,2020-01-13,51.9900016784668,52.5099983215332,51.959999084472656,52.310001373291016,4920700.0,0.255640940107696,0.1347072256988468,0.1951740829032714,0.0171106564824707,0.0145517546131732,-0.0145517546131732
TCEHY_2020-01-14,TCEHY,2020-01-14,51.54999923706055,51.59999847412109,51.22999954223633,51.38999938964844,3395200.0,0.238611648847431,0.114750565957111,0.176681107402271,-0.0175874968359744,0.0147665079775269,-0.0147665079775269
TCEHY_2020-01-15,TCEHY,2020-01-15,51.380001068115234,51.43000030517578,51.06999969482422,51.16999816894531,3149400.0,0.2157281535623643,0.1131171809910744,0.1644226672767194,-0.0042810123237214,0.014731058158697,-0.014731058158697
TCEHY_2020-01-16,TCEHY,2020-01-16,51.369998931884766,51.720001220703125,51.36000061035156,51.54999923706055,2269800.0,0.230897753637056,0.1317233831064097,0.1813105683717328,0.0074262474440707,0.0147025943202589,-0.0147025943202589
TCEHY_2020-01-17,TCEHY,2020-01-17,51.45000076293945,51.619998931884766,51.34999847412109,51.59999847412109,1846200.0,0.2271105686166981,0.1283621034472832,0.1777363360319906,0.0009699173191179,0.0147055418199117,-0.0147055418199117
TCEHY_2020-01-21,TCEHY,2020-01-21,49.709999084472656,49.81999969482422,49.150001525878906,49.209999084472656,6423300.0,0.1815125397749721,0.081300832770824,0.1314066862728981,-0.0463178189985235,0.0159071683491296,-0.0159071683491296
TCEHY_2020-01-22,TCEHY,2020-01-22,49.9900016784668,50.209999084472656,49.61000061035156,49.880001068115234,4748200.0,0.2004813955237028,0.0805892814774713,0.140535338500587,0.0136151594413256,0.0159510249443057,-0.0159510249443057
TCEHY_2020-01-23,TCEHY,2020-01-23,49.02000045776367,49.90999984741211,49.0,49.84999847412109,4581700.0,0.2073140559164945,0.0628997196644951,0.1351068877904948,-0.0006014954561283,0.0159137830667246,-0.0159137830667246
TCEHY_2020-01-24,TCEHY,2020-01-24,49.630001068115234,49.68999862670898,48.70000076293945,48.93000030517578,4248300.0,0.2054693304073851,0.0373118974888826,0.1213906139481338,-0.0184553299319137,0.0159454352045817,-0.0159454352045817
TCEHY_2020-01-27,TCEHY,2020-01-27,46.380001068115234,47.70000076293945,46.2599983215332,47.41999816894531,9271000.0,0.1740529558190238,0.0012668403256024,0.0876598980723131,-0.0308604563010955,0.0164816169779108,-0.0164816169779108
TCEHY_2020-01-28,TCEHY,2020-01-28,47.54999923706055,48.47999954223633,47.400001525878906,48.220001220703125,7210600.0,0.1871000120301018,0.0145171988034384,0.1008086054167701,0.0168705837758071,0.0165744261697611,-0.0165744261697611
TCEHY_2020-01-29,TCEHY,2020-01-29,49.52000045776367,49.560001373291016,49.02999877929688,49.52999877929688,6089200.0,0.2051095040911936,0.0500318147543472,0.1275706594227704,0.0271670992416175,0.0168192198647185,-0.0168192198647185
TCEHY_2020-01-30,TCEHY,2020-01-30,48.11000061035156,49.209999084472656,48.08000183105469,49.08000183105469,5431100.0,0.2224159393722538,0.055483910345262,0.1389499248587579,-0.0090853413957742,0.0165573127226095,-0.0165573127226095
TCEHY_2020-01-31,TCEHY,2020-01-31,47.93000030517578,47.97999954223633,47.52999877929688,47.90999984741211,5588800.0,0.1867723833297441,0.0488178530503131,0.1177951181900286,-0.023838670333999,0.0169042441247689,-0.0169042441247689
TCEHY_2020-02-03,TCEHY,2020-02-03,48.7599983215332,49.540000915527344,48.650001525878906,49.43999862670898,5344100.0,0.2207407068323204,0.1013588616378944,0.1610497842351074,0.0319348525186753,0.0172966058037808,-0.0172966058037808
TCEHY_2020-02-04,TCEHY,2020-02-04,51.34000015258789,51.59999847412109,51.09999847412109,51.09999847412109,4850900.0,0.2436115425738871,0.2071815795819891,0.2253965610779381,0.0335760496262498,0.0176580154755094,-0.0176580154755094
TCEHY_2020-02-05,TCEHY,2020-02-05,51.45000076293945,51.54999923706055,50.25,50.84000015258789,5240500.0,0.2113414027614881,0.1881280454504363,0.1997347241059622,-0.0050880299275325,0.0175425333978232,-0.0175425333978232
TCEHY_2020-02-06,TCEHY,2020-02-06,51.290000915527344,51.61000061035156,50.95000076293945,51.41999816894531,3259800.0,0.2133080904434274,0.1847925428823815,0.1990503166629045,0.0114083008382503,0.0175536482847796,-0.0175536482847796
TCEHY_2020-02-07,TCEHY,2020-02-07,51.09999847412109,51.27999877929688,50.84000015258789,51.04999923706055,4114900.0,0.2011764526367188,0.1644616573763184,0.1828190550065186,-0.0071956232022626,0.0176026669652916,-0.0176026669652916
TCEHY_2020-02-10,TCEHY,2020-02-10,51.060001373291016,52.06999969482422,51.0,51.959999084472656,3547500.0,0.2162920786456252,0.2086531066710524,0.2124725926583388,0.0178256583939668,0.0176990020173641,-0.0176990020173641
TCEHY_2020-02-11,TCEHY,2020-02-11,52.72999954223633,53.25,52.54999923706055,52.70000076293945,5289400.0,0.2610672315960258,0.2321720878862716,0.2466196597411487,0.0142417569573809,0.0174572371503592,-0.0174572371503592
TCEHY_2020-02-12,TCEHY,2020-02-12,53.130001068115234,53.75,52.810001373291016,53.4900016784668,4969300.0,0.2830415792865501,0.2336254825996668,0.2583335309431085,0.0149905294893828,0.017494494621631,-0.017494494621631
TCEHY_2020-02-13,TCEHY,2020-02-13,53.400001525878906,53.75,53.150001525878906,53.52000045776367,3460700.0,0.2682464334163135,0.2902603917164419,0.2792534125663777,0.0005608296570487,0.0174689161795287,-0.0174689161795287
TCEHY_2020-02-14,TCEHY,2020-02-14,53.310001373291016,53.43999862670898,53.060001373291016,53.29999923706055,2513300.0,0.3082964418539129,0.2757300333735801,0.2920132376137465,-0.004110635628203,0.0167936786713728,-0.0167936786713728
TCEHY_2020-02-18,TCEHY,2020-02-18,52.47999954223633,52.880001068115234,52.400001525878906,52.84999847412109,2692100.0,0.2928081480737037,0.261637604300873,0.2772228761872883,-0.0084427911703715,0.0168713323384367,-0.0168713323384367
TCEHY_2020-02-19,TCEHY,2020-02-19,52.900001525878906,53.34000015258789,52.880001068115234,53.20000076293945,3497100.0,0.2988281726575235,0.2447355796371575,0.2717818761473405,0.0066225600553186,0.0168714577450522,-0.0168714577450522
TCEHY_2020-02-20,TCEHY,2020-02-20,52.79999923706055,52.79999923706055,52.02999877929688,52.2599983215332,3589000.0,0.2469577311334729,0.2378019140346883,0.2423798225840806,-0.0176692185700321,0.0169187475906207,-0.0169187475906207
TCEHY_2020-02-21,TCEHY,2020-02-21,51.7400016784668,51.880001068115234,51.209999084472656,51.470001220703125,4103500.0,0.2020084443607424,0.2110588522518381,0.2065336483062902,-0.015116669081571,0.0169208354399384,-0.0169208354399384
TCEHY_2020-02-24,TCEHY,2020-02-24,48.720001220703125,49.7400016784668,48.68999862670898,49.40999984741211,4669900.0,0.1639575726591979,0.1736342431885,0.168795907923849,-0.0400233402843287,0.017714347751726,-0.017714347751726
TCEHY_2020-02-25,TCEHY,2020-02-25,51.150001525878906,51.34999847412109,50.310001373291016,50.40999984741211,7824400.0,0.1908811166275374,0.2188104231989667,0.2048457699132521,0.0202388181155273,0.0178389862113125,-0.0178389862113125
TCEHY_2020-02-26,TCEHY,2020-02-26,51.18000030517578,51.560001373291016,51.0099983215332,51.04999923706055,6239400.0,0.1983568325260085,0.2372758437660438,0.2178163381460262,0.0126958816025724,0.0178763806592035,-0.0178763806592035
TCEHY_2020-02-27,TCEHY,2020-02-27,50.2599983215332,50.77999877929688,49.65999984741211,49.84000015258789,8508600.0,0.1425951713207518,0.208535357034467,0.1755652641776094,-0.0237022351137321,0.0179850196541195,-0.0179850196541195
TCEHY_2020-02-28,TCEHY,2020-02-28,48.209999084472656,49.70000076293945,48.15999984741211,49.650001525878906,7163400.0,0.1549197391808436,0.223509100186467,0.1892144196836553,-0.0038121714712539,0.0178751493452842,-0.0178751493452842
TCEHY_2020-03-02,TCEHY,2020-03-02,49.650001525878906,50.2400016784668,49.34000015258789,50.220001220703125,6001300.0,0.1706293574467245,0.2278728446728082,0.1992511010597664,0.0114803560384004,0.0179013351109731,-0.0179013351109731
TCEHY_2020-03-03,TCEHY,2020-03-03,50.9900016784668,51.18000030517578,49.880001068115234,50.18999862670898,5335900.0,0.1907472552733773,0.2161375834748091,0.2034424193740932,-0.0005974232032033,0.017720360785474,-0.017720360785474
TCEHY_2020-03-04,TCEHY,2020-03-04,50.77999877929688,51.369998931884766,50.72999954223633,51.22999954223633,4213600.0,0.2226729755748311,0.2102527126434543,0.2164628441091427,0.0207212780231857,0.0178232571975596,-0.0178232571975596
TCEHY_2020-03-05,TCEHY,2020-03-05,51.65999984741211,51.95000076293945,51.09999847412109,51.68000030517578,6867200.0,0.2396258577007157,0.1847776609503633,0.2122017593255395,0.0087839306453332,0.0178035681079737,-0.0178035681079737
TCEHY_2020-03-06,TCEHY,2020-03-06,50.25,50.59999847412109,49.52000045776367,50.09000015258789,4817400.0,0.1844407441049893,0.1459620499141496,0.1652013970095694,-0.0307662566408432,0.0182640136784264,-0.0182640136784264
TCEHY_2020-03-09,TCEHY,2020-03-09,47.9900016784668,48.630001068115234,47.5,47.7599983215332,6861700.0,0.1314854147699369,0.0909090829878784,0.1111972488789077,-0.0465163071263099,0.0192877086759052,-0.0192877086759052
TCEHY_2020-03-10,TCEHY,2020-03-10,49.59999847412109,49.900001525878906,48.58000183105469,49.560001373291016,5071600.0,0.1595694765323385,0.1325412082775099,0.1460553424049242,0.0376885074333483,0.0197605895489014,-0.0197605895489014
TCEHY_2020-03-11,TCEHY,2020-03-11,48.310001373291016,48.52999877929688,47.5099983215332,47.630001068115234,6092900.0,0.1193889993452705,0.0987313205224034,0.109060159933837,-0.0389427008009709,0.0204242580242572,-0.0204242580242572
TCEHY_2020-03-12,TCEHY,2020-03-12,43.619998931884766,44.84000015258789,43.5,43.68000030517578,11802900.0,0.0139275405900418,-0.0101971618410992,0.0018651893744713,-0.0829309400453423,0.0230085644095382,-0.0230085644095382
TCEHY_2020-03-13,TCEHY,2020-03-13,47.58000183105469,47.59999847412109,44.63999938964844,46.2400016784668,8499900.0,0.0518653922083331,0.040269986159815,0.0460676891840741,0.0586080896383984,0.0240228351764314,-0.0240228351764314
TCEHY_2020-03-16,TCEHY,2020-03-16,41.25,43.47999954223633,40.79999923706055,42.060001373291016,9104500.0,-0.0812581368544763,-0.0567391516178328,-0.0689986442361546,-0.0903979271938983,0.0261044009577113,-0.0261044009577113
TCEHY_2020-03-17,TCEHY,2020-03-17,43.41999816894531,45.20000076293945,43.150001525878906,44.540000915527344,8603800.0,-0.0283594946058732,0.0129633768251031,-0.007698058890385,0.0589633728307763,0.0271753638725755,-0.0271753638725755
TCEHY_2020-03-18,TCEHY,2020-03-18,41.59000015258789,43.84999847412109,41.20000076293945,42.27999877929688,8460300.0,-0.0880069408399375,-0.0421386641611,-0.0650728025005187,-0.0507409539689207,0.0278709563761496,-0.0278709563761496
TCEHY_2020-03-19,TCEHY,2020-03-19,44.09000015258789,45.77000045776367,43.75,45.29999923706055,7809200.0,-0.0499161294648079,0.0420979518051143,-0.0039090888298468,0.0714285843178041,0.0291035939871306,-0.0291035939871306
TCEHY_2020-03-20,TCEHY,2020-03-20,46.68999862670898,46.7400016784668,45.08000183105469,45.25,8911100.0,-0.065661785776118,0.0484244708057663,-0.0086186574851758,-0.0011037359360404,0.0290303864836101,-0.0290303864836101
TCEHY_2020-03-23,TCEHY,2020-03-23,46.06999969482422,46.79999923706055,45.09999847412109,46.41999816894531,8613400.0,-0.0387244297189637,0.0853401372952076,0.0233078537881219,0.0258563131258633,0.0292200295232783,-0.0292200295232783
TCEHY_2020-03-24,TCEHY,2020-03-24,47.81999969482422,48.4900016784668,45.90999984741211,48.41999816894531,11939500.0,0.0056074067395677,0.1294611470804751,0.0675342769100214,0.0430848789075994,0.0297215861873907,-0.0297215861873907
TCEHY_2020-03-25,TCEHY,2020-03-25,48.93999862670898,50.09999847412109,48.59000015258789,49.25,5177200.0,0.0163021240291454,0.1651289204316608,0.0907155222304031,0.0171417154572925,0.0297864352684472,-0.0297864352684472
TCEHY_2020-03-26,TCEHY,2020-03-26,50.09999847412109,51.20000076293945,49.95000076293945,51.09999847412109,7463400.0,0.057095538122075,0.2094674195058246,0.1332814788139498,0.0375634207943367,0.0301426412931969,-0.0301426412931969
TCEHY_2020-03-27,TCEHY,2020-03-27,48.45000076293945,49.36000061035156,48.20000076293945,48.54999923706055,3762200.0,-0.0053268209161072,0.1562276088680851,0.0754503939759889,-0.0499021392016665,0.0308038006494814,-0.0308038006494814
TCEHY_2020-03-30,TCEHY,2020-03-30,49.0,49.650001525878906,48.650001525878906,49.63999938964844,3769000.0,0.0081234300882764,0.2139887534998379,0.1110560917940571,0.0224510848551331,0.0309117151041695,-0.0309117151041695
TCEHY_2020-03-31,TCEHY,2020-03-31,48.5,49.52999877929688,48.5,49.09000015258789,2589900.0,0.0096668291038339,0.1791976673809487,0.0944322482423913,-0.0110797591422863,0.030901892296384,-0.030901892296384
TCEHY_2020-04-01,TCEHY,2020-04-01,48.0099983215332,48.470001220703125,46.97999954223633,47.060001373291016,4189200.0,-0.0197874813883528,0.1345227071512607,0.0573676128814539,-0.0413525926458946,0.0313103865042881,-0.0313103865042881
TCEHY_2020-04-02,TCEHY,2020-04-02,48.18999862670898,49.02999877929688,48.0,48.81999969482422,3199500.0,-0.0212510294826075,0.1881236192146738,0.0834362948660331,0.0373990282654792,0.0312799928615797,-0.0312799928615797
TCEHY_2020-04-03,TCEHY,2020-04-03,48.619998931884766,48.900001525878906,47.54999923706055,47.810001373291016,2865200.0,-0.0248826725755705,0.1470729612099839,0.0610951443172066,-0.0206882082721577,0.0313156703626806,-0.0313156703626806
TCEHY_2020-04-06,TCEHY,2020-04-06,49.47999954223633,49.959999084472656,49.02999877929688,49.93999862670898,2822300.0,0.0239901201140761,0.205697750709983,0.1148439354120296,0.0445512903626035,0.0318033467930208,-0.0318033467930208
TCEHY_2020-04-07,TCEHY,2020-04-07,50.619998931884766,50.650001525878906,49.18000030517578,49.470001220703125,3282500.0,-0.0062273516712636,0.2065853956269054,0.1001790219778209,-0.0094112418688471,0.0317267431005179,-0.0317267431005179
TCEHY_2020-04-08,TCEHY,2020-04-08,49.59000015258789,50.2400016784668,49.400001525878906,50.150001525878906,3214300.0,0.0100704931446857,0.2333989600118211,0.1217347265782534,0.0137457102970759,0.031768592542952,-0.031768592542952
TCEHY_2020-04-09,TCEHY,2020-04-09,50.400001525878906,50.61000061035156,49.369998931884766,49.470001220703125,4217800.0,-0.0200078908615707,0.2196745450131911,0.0998333270758102,-0.0135593277065979,0.031750785065817,-0.031750785065817
TCEHY_2020-04-13,TCEHY,2020-04-13,49.86000061035156,49.869998931884766,49.0,49.79999923706055,3764500.0,-0.0316935846479315,0.2167114308758779,0.0925089231139731,0.0066706692584297,0.0316725524322514,-0.0316725524322514
TCEHY_2020-04-14,TCEHY,2020-04-14,50.880001068115234,51.5,50.81999969482422,51.45000076293945,3212600.0,-0.0164404623929271,0.2349976224528356,0.1092785800299542,0.0331325612682138,0.0318759319579068,-0.0318759319579068
TCEHY_2020-04-15,TCEHY,2020-04-15,50.5,51.20000076293945,50.27000045776367,50.959999084472656,2991100.0,-0.008367392688905,0.2282476987924722,0.1099401530517835,-0.0095238420058441,0.0318193244268244,-0.0318193244268244
TCEHY_2020-04-16,TCEHY,2020-04-16,52.5,53.33000183105469,52.5,53.11000061035156,5469800.0,0.0379128886227637,0.2618199196439326,0.1498664041333481,0.042189983604886,0.0322455591419424,-0.0322455591419424
TCEHY_2020-04-17,TCEHY,2020-04-17,53.0,53.02000045776367,52.22999954223633,52.34999847412109,3703900.0,0.0155188991057326,0.2499999316852224,0.1327594153954775,-0.0143099628600332,0.0322931104595522,-0.0322931104595522
TCEHY_2020-04-20,TCEHY,2020-04-20,52.54999923706055,53.08000183105469,52.20000076293945,52.459999084472656,2532200.0,0.0166666789880407,0.2475624265466647,0.1321145527673527,0.0021012533630913,0.0322935422349947,-0.0322935422349947
TCEHY_2020-04-21,TCEHY,2020-04-21,51.25,51.68999862670898,51.0099983215332,51.06999969482422,2480400.0,0.0377972087981293,0.2261704159384547,0.131983812368292,-0.0264963670207126,0.0319216935726088,-0.0319216935726088
TCEHY_2020-04-22,TCEHY,2020-04-22,52.900001525878906,53.02000045776367,52.68999862670898,52.86000061035156,2719900.0,0.059743373665267,0.2722022041146767,0.1659727888899719,0.0350499496029712,0.0321705508740392,-0.0321705508740392
TCEHY_2020-04-23,TCEHY,2020-04-23,53.09000015258789,53.400001525878906,52.45000076293945,52.459999084472656,2240600.0,0.052357085060023,0.2705255006362757,0.1614412928481493,-0.0075671873110151,0.0321896284677607,-0.0321896284677607
TCEHY_2020-04-24,TCEHY,2020-04-24,52.65999984741211,52.95000076293945,52.45000076293945,52.84999847412109,1635600.0,0.0801144112915661,0.302044796143011,0.1910796037172886,0.007434224103215,0.0320981638415801,-0.0320981638415801
TCEHY_2020-04-27,TCEHY,2020-04-27,53.31999969482422,53.459999084472656,53.060001373291016,53.29999923706055,1963700.0,0.1239983402607123,0.3196335737187661,0.2218159569897392,0.0085146788255785,0.0318355020200051,-0.0318355020200051
TCEHY_2020-04-28,TCEHY,2020-04-28,54.0099983215332,54.20000076293945,53.29999923706055,53.43999862670898,2918100.0,0.108253780046871,0.3156080756260464,0.2119309278364587,0.0026266302373807,0.0317813250001998,-0.0317813250001998
TCEHY_2020-04-29,TCEHY,2020-04-29,54.08000183105469,54.16999816894531,53.75,54.04999923706055,1942400.0,0.0912578350325536,0.3150851884117105,0.2031715117221321,0.0114146823732643,0.0316428702640321,-0.0316428702640321
TCEHY_2020-04-30,TCEHY,2020-04-30,53.7400016784668,53.970001220703125,52.34999847412109,52.619998931884766,3097800.0,0.0721270776031266,0.3105852286946553,0.1913561531488909,-0.0264569902934479,0.0318152252711027,-0.0318152252711027
TCEHY_2020-05-01,TCEHY,2020-05-01,51.4900016784668,51.540000915527344,50.90999984741211,51.04999923706055,5653000.0,0.0655395407983505,0.2645529003653397,0.1650462205818451,-0.0298365588501159,0.0319014602861673,-0.0319014602861673
TCEHY_2020-05-04,TCEHY,2020-05-04,51.09999847412109,51.68999862670898,50.900001525878906,51.56999969482422,2443600.0,0.043082547072818,0.2733333257981289,0.1582079364354734,0.0101861011857993,0.0316838840932758,-0.0316838840932758
TCEHY_2020-05-05,TCEHY,2020-05-05,52.20000076293945,52.47999954223633,52.11000061035156,52.16999816894531,2653000.0,0.0209393292910979,0.2696519341740522,0.1452956317325751,0.0116346418008863,0.0314415718572377,-0.0314415718572377
TCEHY_2020-05-06,TCEHY,2020-05-06,52.75,52.880001068115234,52.45000076293945,52.560001373291016,2884800.0,0.03383165254801,0.2523230842167336,0.1430773683823718,0.0074756223506609,0.0314433376438072,-0.0314433376438072
TCEHY_2020-05-07,TCEHY,2020-05-07,52.5,52.869998931884766,52.380001068115234,52.75,2647100.0,0.0258654585456195,0.2446908605598567,0.1352781595527381,0.0036148900636356,0.0314171262615738,-0.0314171262615738
TCEHY_2020-05-08,TCEHY,2020-05-08,54.0099983215332,54.650001525878906,53.7599983215332,54.56999969482422,5009800.0,0.0689520178329066,0.2839999928193935,0.17647600532615,0.0345023638829236,0.0316820267932087,-0.0316820267932087
TCEHY_2020-05-11,TCEHY,2020-05-11,55.5,56.0,55.400001525878906,55.959999084472656,4730200.0,0.0769822954287797,0.3099250347716076,0.1934536651001936,0.0254718599490897,0.0317599016044065,-0.0317599016044065
TCEHY_2020-05-12,TCEHY,2020-05-12,56.29999923706055,56.5,55.27000045776367,55.34999847412109,4110200.0,0.0502845858219647,0.3244794750304836,0.1873820304262241,-0.0109006544019195,0.0317574622680101,-0.0317574622680101
TCEHY_2020-05-13,TCEHY,2020-05-13,57.84000015258789,58.65999984741211,57.15999984741211,57.83000183105469,9222800.0,0.0811366613647914,0.3871432894220703,0.2341399753934309,0.0448058432755535,0.0321843653685318,-0.0321843653685318
TCEHY_2020-05-14,TCEHY,2020-05-14,55.20000076293945,56.08000183105469,54.65999984741211,56.0,6025700.0,0.0463378086887997,0.3270141940182112,0.1866760013535054,-0.0316445058466516,0.0324582095795747,-0.0324582095795747
TCEHY_2020-05-15,TCEHY,2020-05-15,53.84999847412109,54.18000030517578,53.59999847412109,54.0099983215332,4853900.0,0.0133208085297491,0.3257240082560009,0.169522408392875,-0.0355357442583356,0.0327816509402904,-0.0327816509402904
TCEHY_2020-05-18,TCEHY,2020-05-18,55.11000061035156,55.95000076293945,54.810001373291016,55.70000076293945,3471400.0,0.0539262511088609,0.3625244449023077,0.2082253480055843,0.0312905479342047,0.0329836637175062,-0.0329836637175062
TCEHY_2020-05-19,TCEHY,2020-05-19,55.68000030517578,56.0,55.369998931884766,55.400001525878906,3537400.0,0.041353397206566,0.3525391299845084,0.1969462635955372,-0.0053859826382651,0.0329875409867805,-0.0329875409867805
TCEHY_2020-05-20,TCEHY,2020-05-20,57.0,57.400001525878906,56.02999877929688,56.619998931884766,5423800.0,0.0834290231608192,0.3509901965647699,0.2172096098627945,0.0220216132202806,0.033000693916485,-0.033000693916485
TCEHY_2020-05-21,TCEHY,2020-05-21,55.02000045776367,55.459999084472656,54.709999084472656,55.150001525878906,5413200.0,0.0714979642101805,0.2879496010959816,0.1797237826530811,-0.0259625120758886,0.0331185175029591,-0.0331185175029591
TCEHY_2020-05-22,TCEHY,2020-05-22,53.40999984741211,53.459999084472656,52.400001525878906,52.68000030517578,8033300.0,0.0661809445023695,0.2409893841784691,0.1535851643404193,-0.0447869655913624,0.0332204572921359,-0.0332204572921359
TCEHY_2020-05-26,TCEHY,2020-05-26,55.0099983215332,55.04999923706055,53.84999847412109,53.90999984741211,5106100.0,0.0694306687283135,0.2735647889309078,0.1714977288296106,0.0233485105374131,0.0332509465075068,-0.0332509465075068
TCEHY_2020-05-27,TCEHY,2020-05-27,53.91999816894531,54.0,53.0,53.58000183105469,4612200.0,0.0495593071852085,0.2577465669066585,0.1536529370459335,-0.0061212765218225,0.0332343141465772,-0.0332343141465772
TCEHY_2020-05-28,TCEHY,2020-05-28,52.93999862670898,53.13999938964844,52.25,52.25,4071300.0,0.0483547319428925,0.1978450545492103,0.1230998932460514,-0.0248227283613832,0.0332482158319861,-0.0332482158319861
TCEHY_2020-05-29,TCEHY,2020-05-29,52.63999938964844,54.43000030517578,52.5,54.31999969482422,6098200.0,0.0940583690921175,0.2635496062804876,0.1788039876863025,0.0396172190396979,0.0335890227719678,-0.0335890227719678
TCEHY_2020-06-01,TCEHY,2020-06-01,54.81999969482422,55.380001068115234,54.68000030517578,55.18000030517578,2425100.0,0.0987654114677301,0.2862470476111549,0.1925062295394425,0.0158321173634599,0.033613324921014,-0.033613324921014
TCEHY_2020-06-02,TCEHY,2020-06-02,55.97999954223633,56.459999084472656,55.619998931884766,56.36000061035156,4676700.0,0.1229328980367649,0.3371292661934573,0.2300310821151111,0.0213845650353339,0.0336993090815534,-0.0336993090815534
TCEHY_2020-06-03,TCEHY,2020-06-03,56.18000030517578,56.5,56.040000915527344,56.290000915527344,3266900.0,0.098770279494524,0.3434367271027585,0.2211035032986412,-0.0012420101857018,0.0336202907628164,-0.0336202907628164
TCEHY_2020-06-04,TCEHY,2020-06-04,55.81999969482422,56.150001525878906,55.150001525878906,55.52000045776367,2938900.0,0.0743034080865381,0.3317342836800769,0.2030188458833075,-0.0136791693949195,0.0336668828851898,-0.0336668828851898
TCEHY_2020-06-05,TCEHY,2020-06-05,56.09000015258789,56.540000915527344,56.0,56.0,4014800.0,0.117987618874199,0.3241900871995216,0.2210888530368603,0.0086455248249048,0.0334191218696519,-0.0334191218696519
TCEHY_2020-06-08,TCEHY,2020-06-08,55.68999862670898,55.91999816894531,55.150001525878906,55.77999877929688,4141200.0,0.1679229635598156,0.321487798842812,0.2447053812013138,-0.0039285932268413,0.0328409367324201,-0.0328409367324201
TCEHY_2020-06-09,TCEHY,2020-06-09,55.66999816894531,56.11000061035156,55.45000076293945,55.97999954223633,2140700.0,0.1295399110381219,0.3097800033648592,0.2196599572014905,0.0035855282774526,0.0325396582795664,-0.0325396582795664
TCEHY_2020-06-10,TCEHY,2020-06-10,57.400001525878906,58.220001220703125,57.060001373291016,57.9900016784668,3594600.0,0.2175099806429947,0.3628672789248417,0.2901886297839182,0.0359057190544265,0.0323695391988022,-0.0323695391988022
TCEHY_2020-06-11,TCEHY,2020-06-11,56.630001068115234,56.84999847412109,55.75,55.880001068115234,2407500.0,0.2793040448191992,0.2971216038304234,0.2882128243248113,-0.0363855931933014,0.0308573979430095,-0.0308573979430095
TCEHY_2020-06-12,TCEHY,2020-06-12,57.47999954223633,57.4900016784668,56.0,56.75,1975100.0,0.2272923429937403,0.2909463417173947,0.2591193423555675,0.0155690571806588,0.0301048898567973,-0.0301048898567973
TCEHY_2020-06-15,TCEHY,2020-06-15,55.79999923706055,56.97999954223633,55.79999923706055,56.83000183105469,2104300.0,0.3511650017953382,0.2413718511664739,0.2962684264809061,0.0014097238952368,0.0275935554870384,-0.0275935554870384
TCEHY_2020-06-16,TCEHY,2020-06-16,58.63999938964844,58.790000915527344,57.900001525878906,58.08000183105469,3410400.0,0.3039964220298676,0.2670157425332335,0.2855060822815506,0.0219954242429205,0.0268130144417789,-0.0268130144417789
TCEHY_2020-06-17,TCEHY,2020-06-17,58.09999847412109,58.59999847412109,58.0,58.40999984741211,2587600.0,0.3815042936097139,0.2599223269718842,0.3207133102907991,0.0056817838490661,0.0258609716887828,-0.0258609716887828
TCEHY_2020-06-18,TCEHY,2020-06-18,59.09000015258789,59.400001525878906,58.959999084472656,59.209999084472656,2364300.0,0.3070640194632088,0.2418204426488912,0.27444223105605,0.0136962718567099,0.0244716027352304,-0.0244716027352304
TCEHY_2020-06-19,TCEHY,2020-06-19,59.52999877929688,59.619998931884766,58.59999847412109,58.95000076293945,2540600.0,0.302762447799767,0.2172207390351674,0.2599915934174672,-0.0043911218637627,0.0244873616543121,-0.0244873616543121
TCEHY_2020-06-22,TCEHY,2020-06-22,61.459999084472656,62.400001525878906,61.08000183105469,62.150001525878906,7277000.0,0.3388626449248089,0.2870159525280722,0.3129392987264405,0.054283303164115,0.0251403973179742,-0.0251403973179742
TCEHY_2020-06-23,TCEHY,2020-06-23,64.31999969482422,64.5,63.58000183105469,64.0,4458900.0,0.3217679145028775,0.3291796048148054,0.3254737596588415,0.0297666682011386,0.0248691169733473,-0.0248691169733473
TCEHY_2020-06-24,TCEHY,2020-06-24,63.0,63.43000030517578,62.34000015258789,62.970001220703125,2786700.0,0.2785787049888959,0.299422253618649,0.2890004793037725,-0.0160937309265136,0.0249542034232707,-0.0249542034232707
TCEHY_2020-06-25,TCEHY,2020-06-25,62.45000076293945,62.900001525878906,62.18999862670898,62.720001220703125,3143200.0,0.2273973208133624,0.2974762313347945,0.2624367760740784,-0.0039701444362971,0.0246051417989968,-0.0246051417989968
TCEHY_2020-06-26,TCEHY,2020-06-26,62.5099983215332,62.54999923706055,61.91999816894531,62.20000076293945,2026100.0,0.2811534858987021,0.2743290107132734,0.2777412483059878,-0.0082908234636963,0.0236884247401448,-0.0236884247401448
TCEHY_2020-06-29,TCEHY,2020-06-29,62.560001373291016,63.06999969482422,62.43999862670898,62.869998931884766,2531000.0,0.2665189303969897,0.2768074083835483,0.271663169390269,0.0107716746097616,0.0235889035617321,-0.0235889035617321
TCEHY_2020-06-30,TCEHY,2020-06-30,64.08000183105469,64.44000244140625,63.810001373291016,64.0,4062800.0,0.3037278427595624,0.3163307570134293,0.3100292998864958,0.0179736136044714,0.02357273013921,-0.02357273013921
TCEHY_2020-07-01,TCEHY,2020-07-01,64.1500015258789,65.05999755859375,64.1500015258789,65.0199966430664,2695800.0,0.3816403473368492,0.3543011646785241,0.3679707560076867,0.0159374475479125,0.0228702541296921,-0.0228702541296921
TCEHY_2020-07-02,TCEHY,2020-07-02,67.11000061035156,67.13999938964844,66.08000183105469,66.69000244140625,3891200.0,0.366038567355349,0.3370088414861014,0.3515237044207252,0.0256844953023838,0.0226524835446275,-0.0226524835446275
TCEHY_2020-07-06,TCEHY,2020-07-06,67.19000244140625,68.0,67.01000213623047,67.98999786376953,3609900.0,0.4220873438784722,0.3867020101268814,0.4043946770026768,0.0194931080337783,0.0224763844393542,-0.0224763844393542
TCEHY_2020-07-07,TCEHY,2020-07-07,66.6500015258789,67.12000274658203,66.12999725341797,66.5,2524800.0,0.3315979541183724,0.3635431489813303,0.3475705515498514,-0.0219149567669499,0.0221886968501161,-0.0221886968501161
TCEHY_2020-07-08,TCEHY,2020-07-08,69.87000274658203,70.91999816894531,69.58999633789062,70.88999938964844,4969700.0,0.4329896430239237,0.424065912575535,0.4285277777997294,0.0660150284157659,0.0234108998365026,-0.0234108998365026
TCEHY_2020-07-09,TCEHY,2020-07-09,72.87999725341797,72.9000015258789,70.51000213623047,71.27999877929688,5876300.0,0.4213359244368966,0.435649478120234,0.4284927012785653,0.0055014726055335,0.0233899077447444,-0.0233899077447444
TCEHY_2020-07-10,TCEHY,2020-07-10,70.95999908447266,71.16999816894531,69.97000122070312,70.4000015258789,3181900.0,0.4230846935256716,0.3946117702908382,0.4088482319082549,-0.0123456406914749,0.0233741464194743,-0.0233741464194743
TCEHY_2020-07-13,TCEHY,2020-07-13,70.30999755859375,70.37000274658203,68.0,68.13999938964844,4878100.0,0.3682731010754612,0.3249076217250382,0.3465903614002497,-0.0321023023756568,0.023858508487079,-0.023858508487079
TCEHY_2020-07-14,TCEHY,2020-07-14,67.5999984741211,67.7699966430664,66.52999877929688,67.54000091552734,2870800.0,0.3127308049367001,0.2911489035061012,0.3019398542214007,-0.0088053783313101,0.023652679446387,-0.023652679446387
TCEHY_2020-07-15,TCEHY,2020-07-15,70.08000183105469,70.58000183105469,69.41999816894531,69.80999755859375,2901600.0,0.3698979358864358,0.3584354619131535,0.3641666988997947,0.0336096626043209,0.0238605551710426,-0.0238605551710426
TCEHY_2020-07-16,TCEHY,2020-07-16,66.61000061035156,67.26000213623047,66.5999984741211,67.08000183105469,3036400.0,0.2630389956723189,0.3109244524414511,0.286981724056885,-0.0391060854177468,0.0240302863593044,-0.0240302863593044
TCEHY_2020-07-17,TCEHY,2020-07-17,67.52999877929688,67.7699966430664,67.30999755859375,67.55999755859375,1377600.0,0.2905444035875499,0.3105722319782931,0.3005583177829215,0.0071555711752655,0.023918455222369,-0.023918455222369
TCEHY_2020-07-20,TCEHY,2020-07-20,67.5,69.12000274658203,67.5,69.0,2399800.0,0.31528786130732,0.3372093418685957,0.3262486015879579,0.0213144241184639,0.02401179389533,-0.02401179389533
TCEHY_2020-07-21,TCEHY,2020-07-21,72.72000122070312,72.7300033569336,69.9800033569336,71.48999786376953,3606200.0,0.3998433187970982,0.4527534890023383,0.4262984038997183,0.0360869255618772,0.0239973514370858,-0.0239973514370858
TCEHY_2020-07-22,TCEHY,2020-07-22,70.25,70.25,69.31999969482422,69.83999633789062,3103800.0,0.3212257951471509,0.4001602815228167,0.3606930383349838,-0.0230801731036994,0.0239656518488275,-0.0239656518488275
TCEHY_2020-07-23,TCEHY,2020-07-23,71.22000122070312,71.70999908447266,69.83999633789062,70.44000244140625,4844500.0,0.3427373936469511,0.4130392095793977,0.3778883016131744,0.0085911531354148,0.0239185292841058,-0.0239185292841058
TCEHY_2020-07-24,TCEHY,2020-07-24,67.87999725341797,68.87999725341797,67.27999877929688,68.81999969482422,3280200.0,0.302176001547533,0.406499065309519,0.354337533428526,-0.0229983346171742,0.0241738865747137,-0.0241738865747137
TCEHY_2020-07-27,TCEHY,2020-07-27,67.7300033569336,68.4800033569336,67.56999969482422,68.33000183105469,3742600.0,0.2819887956685651,0.4409532785642964,0.3614710371164308,-0.0071199922397904,0.0242120852851445,-0.0242120852851445
TCEHY_2020-07-28,TCEHY,2020-07-28,69.75,70.13999938964844,68.93000030517578,69.12000274658203,3521600.0,0.2934132582862059,0.4334301326584278,0.3634216954723168,0.0115615526760941,0.024228657264782,-0.024228657264782
TCEHY_2020-07-29,TCEHY,2020-07-29,69.94999694824219,70.5,69.77999877929688,70.41999816894531,2203200.0,0.3028676995921273,0.4217645851907485,0.3623161423914379,0.0188078033956322,0.0242811275703339,-0.0242811275703339
TCEHY_2020-07-30,TCEHY,2020-07-30,68.77999877929688,69.2300033569336,68.5999984741211,69.05999755859375,2107300.0,0.3124287145651625,0.4070903623091757,0.3597595384371691,-0.0193127044265006,0.0241505612631835,-0.0241505612631835
TCEHY_2020-07-31,TCEHY,2020-07-31,69.12000274658203,69.23999786376953,67.72000122070312,68.48999786376953,2433300.0,0.3416258352076162,0.429555376370327,0.3855906057889716,-0.0082536883141446,0.0238046372488579,-0.0238046372488579
TCEHY_2020-08-03,TCEHY,2020-08-03,69.51000213623047,70.0,69.31999969482422,69.5999984741211,3002200.0,0.3496218515802403,0.4077669985314498,0.378694425055845,0.0162067549273314,0.0238380460813579,-0.0238380460813579
TCEHY_2020-08-04,TCEHY,2020-08-04,70.36000061035156,71.25,70.3499984741211,71.19000244140625,2025400.0,0.3645774379916076,0.3931507743089166,0.3788641061502621,0.0228448850882714,0.023929663719695,-0.023929663719695
TCEHY_2020-08-05,TCEHY,2020-08-05,72.41000366210938,72.63999938964844,72.19000244140625,72.44999694824219,2474000.0,0.3784245634563188,0.4250589443508152,0.401741753903567,0.017699037275255,0.0239797728993256,-0.0239797728993256
TCEHY_2020-08-06,TCEHY,2020-08-06,71.63999938964844,72.94999694824219,71.47000122070312,72.56999969482422,1856000.0,0.3757345913710752,0.4113185974139586,0.3935265943925169,0.0016563526795971,0.0239833791666992,-0.0239833791666992
TCEHY_2020-08-07,TCEHY,2020-08-07,67.93000030517578,68.44999694824219,66.8499984741211,67.22000122070312,9096500.0,0.2318123803669127,0.3167483295847673,0.27428035497584,-0.07372190294363,0.0256781704073807,-0.0256781704073807
TCEHY_2020-08-10,TCEHY,2020-08-10,64.7300033569336,64.94999694824219,64.11000061035156,64.88999938964844,9031000.0,0.1595782782572206,0.2488452758468136,0.2042117770520171,-0.0346623294963146,0.0259695484490953,-0.0259695484490953
TCEHY_2020-08-11,TCEHY,2020-08-11,66.62999725341797,66.69999694824219,65.75,65.94999694824219,2973300.0,0.1915085594641368,0.2514230738801166,0.2214658166721267,0.0163352992535679,0.0259664304273038,-0.0259664304273038
TCEHY_2020-08-12,TCEHY,2020-08-12,68.0,68.08000183105469,67.52999877929688,68.0,3888700.0,0.1758602429004943,0.2712656172410332,0.2235629300707637,0.0310842023748183,0.0256669360560355,-0.0256669360560355
TCEHY_2020-08-13,TCEHY,2020-08-13,66.12999725341797,66.13999938964844,65.0199966430664,65.31999969482422,4239400.0,0.1664285659790039,0.2204783097184899,0.1934534378487469,-0.0394117691937614,0.0258535218853584,-0.0258535218853584
TCEHY_2020-08-14,TCEHY,2020-08-14,65.44999694824219,65.44999694824219,64.73999786376953,64.87000274658203,3080100.0,0.2010739633872393,0.2170732396835877,0.2090736015354135,-0.0068891143653486,0.0254170514511535,-0.0254170514511535
TCEHY_2020-08-17,TCEHY,2020-08-17,65.55000305175781,66.16000366210938,65.25,66.08999633789062,2043800.0,0.1865349269773126,0.250520307398925,0.2185276171881188,0.0188067448690354,0.0252428352820563,-0.0252428352820563
TCEHY_2020-08-18,TCEHY,2020-08-18,66.0999984741211,66.25,65.61000061035156,66.06999969482422,1630600.0,0.1925992396220612,0.2419172696864011,0.2172582546542312,-0.0003025668660076,0.0252236062613348,-0.0252236062613348
TCEHY_2020-08-19,TCEHY,2020-08-19,65.68000030517578,65.68000030517578,64.75,64.9000015258789,2362700.0,0.1462381269903445,0.2418676542348359,0.1940528906125902,-0.0177084633623354,0.0252399124104935,-0.0252399124104935
TCEHY_2020-08-20,TCEHY,2020-08-20,64.91999816894531,66.27999877929688,64.91999816894531,66.26000213623047,1669900.0,0.2014505947953282,0.2873518664223047,0.2444012306088164,0.020955324782377,0.0250787168989679,-0.0250787168989679
TCEHY_2020-08-21,TCEHY,2020-08-21,66.94999694824219,69.94999694824219,66.55000305175781,69.55000305175781,3435700.0,0.3202354337291939,0.4076098616988874,0.3639226477140407,0.0496528948001406,0.0249847255565086,-0.0249847255565086
TCEHY_2020-08-24,TCEHY,2020-08-24,70.95999908447266,71.0,69.91999816894531,69.95999908447266,2968500.0,0.2977184062787752,0.3878198630477516,0.3427691346632634,0.0058949822390335,0.0248714225179043,-0.0248714225179043
TCEHY_2020-08-25,TCEHY,2020-08-25,70.43000030517578,71.33000183105469,69.94999694824219,71.16999816894531,3723500.0,0.3282940600366975,0.3941233933903438,0.3612087267135206,0.0172955846241742,0.0248858639671477,-0.0248858639671477
TCEHY_2020-08-26,TCEHY,2020-08-26,71.48999786376953,71.48999786376953,71.0,71.20999908447266,3335300.0,0.3628707958750747,0.4287720478824106,0.3958214218787427,0.0005620474435363,0.0246020285410814,-0.0246020285410814
TCEHY_2020-08-27,TCEHY,2020-08-27,72.41000366210938,72.41000366210938,70.88999938964844,71.11000061035156,3050900.0,0.3090942748500631,0.4322255473302883,0.3706599110901757,-0.0014042757394572,0.0242169273243073,-0.0242169273243073
TCEHY_2020-08-28,TCEHY,2020-08-28,69.83000183105469,70.37999725341797,69.58000183105469,70.31999969482422,2338000.0,0.2743747608901035,0.4002389085135047,0.3373068347018041,-0.0111095613661454,0.0242527603213746,-0.0242527603213746
TCEHY_2020-08-31,TCEHY,2020-08-31,68.63999938964844,68.6500015258789,67.54000091552734,68.33999633789062,3600500.0,0.2125620226721345,0.3616257861685414,0.287093904420338,-0.0281570444471905,0.0244868382447233,-0.0244868382447233
TCEHY_2020-09-01,TCEHY,2020-09-01,69.7300033569336,70.52999877929688,69.3499984741211,70.51000213623047,2989300.0,0.2526203764331545,0.3763420411139928,0.3144812087735736,0.0317530862543622,0.0247383943029212,-0.0247383943029212
TCEHY_2020-09-02,TCEHY,2020-09-02,70.66000366210938,70.69999694824219,69.20999908447266,70.12999725341797,3754600.0,0.2631483551007663,0.3570045828036579,0.3100764689522121,-0.0053893755679982,0.0246654118843074,-0.0246654118843074
TCEHY_2020-09-03,TCEHY,2020-09-03,68.37000274658203,68.44999694824219,66.8499984741211,67.22000122070312,4544800.0,0.2003571646554129,0.3419844483116898,0.2711708064835514,-0.0414943126576696,0.0253139805471592,-0.0253139805471592
TCEHY_2020-09-04,TCEHY,2020-09-04,66.80000305175781,67.2699966430664,65.29000091552734,67.05000305175781,3439900.0,0.20204382429359,0.403894585597744,0.302969204945667,-0.0025289819377889,0.0253082200434833,-0.0253082200434833
TCEHY_2020-09-08,TCEHY,2020-09-08,64.5999984741211,65.66000366210938,64.4000015258789,64.73999786376953,3321900.0,0.1564844300315486,0.3062953202148084,0.2313898751231785,-0.034451977372844,0.0257497452618161,-0.0257497452618161
TCEHY_2020-09-09,TCEHY,2020-09-09,65.47000122070312,66.52999877929688,65.19999694824219,66.33000183105469,2705000.0,0.1438178981064721,0.3926097069827219,0.268213802544597,0.0245598396625059,0.0255522332868887,-0.0255522332868887
TCEHY_2020-09-10,TCEHY,2020-09-10,65.9000015258789,66.19999694824219,64.9800033569336,64.9800033569336,3028900.0,0.1628489999083189,0.4876374290966729,0.3252432145024959,-0.0203527579806133,0.0252370306929654,-0.0252370306929654
TCEHY_2020-09-11,TCEHY,2020-09-11,66.37999725341797,66.63999938964844,65.62000274658203,66.19000244140625,2406300.0,0.1663436553551762,0.4314446375167378,0.298894146435957,0.0186210991376247,0.0252650234387559,-0.0252650234387559
TCEHY_2020-09-14,TCEHY,2020-09-14,68.1500015258789,68.66000366210938,67.86000061035156,68.45999908447266,1971700.0,0.2046453788263433,0.6276746754446421,0.4161600271354927,0.0342951587753133,0.0255744920949373,-0.0255744920949373
TCEHY_2020-09-15,TCEHY,2020-09-15,69.05000305175781,69.19000244140625,68.7300033569336,68.9800033569336,1466500.0,0.1876721966639265,0.5487202949941135,0.36819624582902,0.0075957388170471,0.0254686777242626,-0.0254686777242626
TCEHY_2020-09-16,TCEHY,2020-09-16,68.75,69.18000030517578,68.20999908447266,68.31999969482422,2134600.0,0.1696627268156239,0.6158940791710303,0.3927784029933271,-0.0095680433457536,0.0255157222891629,-0.0255157222891629
TCEHY_2020-09-17,TCEHY,2020-09-17,67.69999694824219,68.58999633789062,66.58000183105469,66.66000366210938,2331800.0,0.1258234199093311,0.4715232844325066,0.2986733521709188,-0.0242973659269586,0.0257026223174391,-0.0257026223174391
TCEHY_2020-09-18,TCEHY,2020-09-18,66.80999755859375,67.44999694824219,66.69000244140625,67.0199966430664,4876800.0,0.1368956026409482,0.4811048981893129,0.3090002504151306,0.0054004344611469,0.025691673077774,-0.025691673077774
TCEHY_2020-09-21,TCEHY,2020-09-21,65.33999633789062,66.62999725341797,65.33999633789062,66.56999969482422,3414600.0,0.0711182310607805,0.4340801878652189,0.2525992094629997,-0.0067143684091596,0.0248387013043134,-0.0248387013043134
TCEHY_2020-09-22,TCEHY,2020-09-22,66.5,66.5,65.8499984741211,66.37999725341797,1825900.0,0.0371874570846557,0.3709211020993284,0.204054279591992,-0.0028541751881819,0.0245763618511797,-0.0245763618511797
TCEHY_2020-09-23,TCEHY,2020-09-23,66.5,66.8499984741211,65.5,65.5,2045100.0,0.0401778423098564,0.3299492385786802,0.1850635404442683,-0.0132569642939034,0.0245473469198603,-0.0245473469198603
TCEHY_2020-09-24,TCEHY,2020-09-24,65.0999984741211,66.26000213623047,64.69999694824219,65.62000274658203,2265300.0,0.0462372683264815,0.2841488200790145,0.165193044202748,0.0018321030012524,0.0245395757941791,-0.0245395757941791
TCEHY_2020-09-25,TCEHY,2020-09-25,64.75,65.51000213623047,64.31999969482422,65.30999755859375,4351300.0,0.0499999478698933,0.3452110934069694,0.1976055206384314,-0.004724248323876,0.024521868615443,-0.024521868615443
TCEHY_2020-09-28,TCEHY,2020-09-28,65.86000061035156,65.86000061035156,65.0199966430664,65.63999938964844,1191700.0,0.0440591777449332,0.3223207130686734,0.1831899454068033,0.0050528532137614,0.0244959533755357,-0.0244959533755357
TCEHY_2020-09-29,TCEHY,2020-09-29,65.5999984741211,65.98999786376953,65.25,65.55000305175781,1647900.0,0.0242187976837158,0.3353025636179836,0.1797606806508497,-0.0013710593956041,0.024400570960082,-0.024400570960082
TCEHY_2020-09-30,TCEHY,2020-09-30,66.2300033569336,67.75,65.62000274658203,67.6500015258789,3734900.0,0.0404491697723419,0.4375265523105951,0.2389878610414685,0.0320365885027182,0.0246460679188471,-0.0246460679188471
TCEHY_2020-10-01,TCEHY,2020-10-01,68.5,68.69000244140625,67.75,68.5199966430664,2571200.0,0.0274403079122389,0.4035230862635734,0.2154816970879062,0.0128602379536486,0.0244907806378398,-0.0244907806378398
TCEHY_2020-10-02,TCEHY,2020-10-02,67.45999908447266,68.58000183105469,67.05000305175781,67.2300033569336,2560300.0,-0.0111780339860978,0.4061912032173991,0.1975065846156506,-0.018826522903272,0.0244930120689192,-0.0244930120689192
TCEHY_2020-10-05,TCEHY,2020-10-05,67.5199966430664,68.56999969482422,67.5199966430664,68.38999938964844,1506200.0,0.02842104345336,0.3694433574347759,0.198932200444068,0.017254142120985,0.024421747655123,-0.024421747655123
TCEHY_2020-10-06,TCEHY,2020-10-06,68.37000274658203,69.27999877929688,68.19999694824219,68.80999755859375,3583300.0,-0.0293412589781798,0.3909439227949092,0.1808013319083646,0.0061412220016612,0.0229619283008466,-0.0229619283008466
TCEHY_2020-10-07,TCEHY,2020-10-07,69.19999694824219,69.70999908447266,68.55000305175781,69.31999969482422,3890000.0,-0.0274971817906642,0.3822531921370533,0.1773780051731945,0.0074117447220687,0.0229708530433211,-0.0229708530433211
TCEHY_2020-10-08,TCEHY,2020-10-08,68.97000122070312,69.62999725341797,68.70999908447266,69.55999755859375,2187000.0,-0.011931874276684,0.4061046258774496,0.1970863758003828,0.003462173468351,0.0229221138487552,-0.0229221138487552
TCEHY_2020-10-09,TCEHY,2020-10-09,70.05000305175781,70.9800033569336,69.66999816894531,70.94000244140625,2119400.0,0.0410919148347275,0.4244980628155024,0.2327949888251149,0.0198390588160968,0.0226790937296523,-0.0226790937296523
TCEHY_2020-10-12,TCEHY,2020-10-12,71.7300033569336,73.12000274658203,71.66000366210938,73.08000183105469,3195100.0,0.0820254788337395,0.4204081777914334,0.2512168283125865,0.0301663281082629,0.022940242368588,-0.022940242368588
TCEHY_2020-10-13,TCEHY,2020-10-13,73.12000274658203,74.23999786376953,72.44999694824219,74.04000091552734,3768600.0,0.0605930884524557,0.4529042826864391,0.2567486855694474,0.0131362761414808,0.0226210202027603,-0.0226210202027603
TCEHY_2020-10-14,TCEHY,2020-10-14,73.97000122070312,74.2300033569336,72.95999908447266,73.0,2627200.0,0.0882528027332976,0.3745057270018506,0.2313792648675741,-0.0140464735638494,0.0221157323868376,-0.0221157323868376
TCEHY_2020-10-15,TCEHY,2020-10-15,70.69000244140625,72.18000030517578,70.62000274658203,71.94999694824219,1904000.0,0.0649792709930319,0.3744030381168062,0.219691154554919,-0.0143836034487371,0.0221945919489114,-0.0221945919489114
TCEHY_2020-10-16,TCEHY,2020-10-16,72.31999969482422,72.91000366210938,71.95999908447266,72.72000122070312,3445100.0,0.0539130611696105,0.3861990562296276,0.220056058699619,0.0107019361378826,0.0220797823160495,-0.0220797823160495
TCEHY_2020-10-19,TCEHY,2020-10-19,72.87999725341797,73.29000091552734,71.97000122070312,72.12999725341797,1837200.0,0.0089522927510503,0.4123751259925721,0.2106637093718112,-0.0081133657505657,0.0216473509111263,-0.0216473509111263
TCEHY_2020-10-20,TCEHY,2020-10-20,72.63999938964844,73.37999725341797,72.58000183105469,72.75,2161300.0,0.0416667212871917,0.3762769421109955,0.2089718316990936,0.0085956296990243,0.0214608597941949,-0.0214608597941949
TCEHY_2020-10-21,TCEHY,2020-10-21,72.68000030517578,73.37000274658203,72.58000183105469,72.88999938964844,2154500.0,0.0347813296894781,0.389439585621776,0.212110457655627,0.0019243902357173,0.0214386330838567,-0.0214386330838567
TCEHY_2020-10-22,TCEHY,2020-10-22,72.81999969482422,73.0999984741211,72.01000213623047,72.19999694824219,1583400.0,0.0491135900669317,0.3661305398825349,0.2076220649747333,-0.0094663526846487,0.0212637214184121,-0.0212637214184121
TCEHY_2020-10-23,TCEHY,2020-10-23,72.30999755859375,73.02999877929688,71.5199966430664,73.02999877929688,1593600.0,0.0687837966090341,0.370168852244892,0.219476324426963,0.0114958707221233,0.0212786037944355,-0.0212786037944355
TCEHY_2020-10-26,TCEHY,2020-10-26,72.44000244140625,72.94999694824219,71.7699966430664,72.58999633789062,2334000.0,0.0502024515830938,0.3583457747622507,0.2042741131726723,-0.0060249547961239,0.0212569106386969,-0.0212569106386969
TCEHY_2020-10-27,TCEHY,2020-10-27,75.19999694824219,77.13999938964844,75.19999694824219,76.75,3302900.0,0.0898892643517019,0.4199815186560578,0.2549353915038799,0.0573082225096894,0.0223046670801277,-0.0223046670801277
TCEHY_2020-10-28,TCEHY,2020-10-28,76.73999786376953,76.80000305175781,75.72000122070312,75.94999694824219,4517200.0,0.0997683120941705,0.4433675121612508,0.2715679121277107,-0.0104234925310464,0.0221980159851566,-0.0221980159851566
TCEHY_2020-10-29,TCEHY,2020-10-29,77.8499984741211,78.8499984741211,77.63999938964844,78.52999877929688,3842000.0,0.1465907611137245,0.5382957875205372,0.3424432743171308,0.0339697423926546,0.0225259648789732,-0.0225259648789732
TCEHY_2020-10-30,TCEHY,2020-10-30,77.0,77.19999694824219,75.83000183105469,76.33999633789062,3582300.0,0.0968390518898592,0.480317952097107,0.2885785019934831,-0.0278874630771496,0.022774490237978,-0.022774490237978
TCEHY_2020-11-02,TCEHY,2020-11-02,78.37999725341797,78.41999816894531,76.68000030517578,77.4800033569336,4204400.0,0.0883551158844868,0.485144835658712,0.2867499757715994,0.0149332862684083,0.022677760421018,-0.022677760421018
TCEHY_2020-11-03,TCEHY,2020-11-03,75.5,75.9000015258789,74.19000244140625,74.97000122070312,5947700.0,0.0347826691319423,0.426369848970362,0.2305762590511522,-0.0323954830598991,0.0229803587813498,-0.0229803587813498
TCEHY_2020-11-04,TCEHY,2020-11-04,77.4800033569336,79.47000122070312,77.18000030517578,78.70999908447266,5321500.0,0.0846079566689919,0.4921326840658324,0.2883703203674121,0.0498865920084408,0.0237980271744606,-0.0237980271744606
TCEHY_2020-11-05,TCEHY,2020-11-05,81.22000122070312,81.3499984741211,80.19999694824219,80.83000183105469,5021100.0,0.2024695085271706,0.4812168276174855,0.341843168072328,0.0269343510512154,0.0219703632261299,-0.0219703632261299
TCEHY_2020-11-06,TCEHY,2020-11-06,80.05000305175781,80.27999877929688,79.62999725341797,79.76000213623047,5905800.0,0.2291570794644539,0.425303849913065,0.3272304646887595,-0.0132376552095181,0.0215369007600159,-0.0215369007600159
TCEHY_2020-11-09,TCEHY,2020-11-09,80.83000183105469,80.83000183105469,77.30000305175781,78.55999755859375,5604900.0,0.191205476783387,0.4193315216679636,0.3052684992256753,-0.0150451923958967,0.021598227234954,-0.021598227234954
TCEHY_2020-11-10,TCEHY,2020-11-10,76.3499984741211,76.44999694824219,73.44999694824219,73.80000305175781,6034200.0,0.08529416252585,0.2761542575661349,0.1807242100459924,-0.060590563324365,0.022734549795522,-0.022734549795522
TCEHY_2020-11-11,TCEHY,2020-11-11,71.8499984741211,73.95999908447266,71.26000213623047,73.44000244140625,6282600.0,0.1243111265235574,0.3114286150251115,0.2178698707743345,-0.0048780568491181,0.0221394208906374,-0.0221394208906374
TCEHY_2020-11-12,TCEHY,2020-11-12,76.0,77.19999694824219,72.86000061035156,73.30000305175781,5667700.0,0.1299522113188125,0.3571561808868617,0.2435541961028371,-0.0019063097085288,0.0221156692220406,-0.0221156692220406
TCEHY_2020-11-13,TCEHY,2020-11-13,77.19999694824219,77.69999694824219,76.16000366210938,76.45999908447266,7311100.0,0.1569072979451311,0.3727109162868462,0.2648091071159887,0.0431104488561009,0.0226166464273588,-0.0226166464273588
TCEHY_2020-11-16,TCEHY,2020-11-16,76.69999694824219,76.83000183105469,75.37000274658203,75.83000183105469,3108100.0,0.1477221459257105,0.3687725585284027,0.2582473522270566,-0.0082395665833313,0.0226549633220559,-0.0226549633220559
TCEHY_2020-11-17,TCEHY,2020-11-17,75.33000183105469,75.80999755859375,75.0,75.0199966430664,1772700.0,0.1559321244877343,0.3249734733007905,0.2404527988942624,-0.0106818563685773,0.022571306161248,-0.022571306161248
TCEHY_2020-11-18,TCEHY,2020-11-18,76.58000183105469,76.58000183105469,75.0,75.47000122070312,3060700.0,0.1389978688128761,0.3684496669558412,0.2537237678843587,0.0059984617138517,0.022452970267427,-0.022452970267427
TCEHY_2020-11-19,TCEHY,2020-11-19,74.37000274658203,75.47000122070312,74.05000305175781,75.18000030517578,3049200.0,0.0809489145417898,0.4271070590291812,0.2540279867854855,-0.0038425985270527,0.0216303499338245,-0.0216303499338245
TCEHY_2020-11-20,TCEHY,2020-11-20,75.95999908447266,76.86000061035156,75.95999908447266,76.4000015258789,2661300.0,0.0920526375883785,0.4171768084237233,0.2546147230060509,0.0162277363095346,0.0217035236310587,-0.0217035236310587
TCEHY_2020-11-23,TCEHY,2020-11-23,76.05999755859375,76.05999755859375,74.44999694824219,74.66999816894531,2595800.0,0.0491780257137508,0.3936169394766047,0.2213974825951777,-0.0226440225442612,0.0218215527499643,-0.0218215527499643
TCEHY_2020-11-24,TCEHY,2020-11-24,75.44999694824219,75.8499984741211,74.91000366210938,75.79000091552734,1635200.0,0.0643168359772294,0.4505263333115281,0.2574215846443788,0.0149993675377888,0.0218926128139273,-0.0218926128139273
TCEHY_2020-11-25,TCEHY,2020-11-25,74.47000122070312,74.8499984741211,74.08000183105469,74.75,1783000.0,0.0511882907946221,0.3761045732686632,0.2136464320316426,-0.0137221388437043,0.0219713399984049,-0.0219713399984049
TCEHY_2020-11-27,TCEHY,2020-11-27,76.29000091552734,76.29000091552734,75.52999877929688,75.94999694824219,1095200.0,0.0800625323926496,0.3764044314642423,0.2282334819284459,0.0160534708794941,0.0219957843254608,-0.0219957843254608
TCEHY_2020-11-30,TCEHY,2020-11-30,73.0199966430664,73.61000061035156,72.6500015258789,73.0,3566800.0,0.0681885266582267,0.2952448404798666,0.1817166835690467,-0.0388413043683534,0.022267340241209,-0.022267340241209
TCEHY_2020-12-01,TCEHY,2020-12-01,74.75,75.05000305175781,74.26000213623047,74.5999984741211,1883200.0,0.0580059029070578,0.3252797523679382,0.191642827637498,0.0219177873167273,0.0220840524370266,-0.0220840524370266
TCEHY_2020-12-02,TCEHY,2020-12-02,74.12000274658203,75.05000305175781,73.66000366210938,74.5,2092100.0,0.062312889173385,0.3418587785617037,0.2020858338675444,-0.0013404621470036,0.0220706457878964,-0.0220706457878964
TCEHY_2020-12-03,TCEHY,2020-12-03,75.94000244140625,76.93000030517578,75.51000213623047,76.44999694824219,1487600.0,0.1373102582553407,0.3651785169328962,0.2512443875941185,0.0261744556811032,0.0216009743942504,-0.0216009743942504
TCEHY_2020-12-04,TCEHY,2020-12-04,76.08000183105469,76.0999984741211,75.27999877929688,75.7300033569336,1436000.0,0.1294556287861081,0.357655163395975,0.2435553960910416,-0.0094178367566978,0.0216430731163901,-0.0216430731163901
TCEHY_2020-12-07,TCEHY,2020-12-07,75.2300033569336,75.94999694824219,75.18000030517578,75.83000183105469,2157100.0,0.1713006538959349,0.3545909691164206,0.2629458115061778,0.0013204604474896,0.021130107941419,-0.021130107941419
TCEHY_2020-12-08,TCEHY,2020-12-08,75.75,75.97000122070312,75.01000213623047,75.83000183105469,1515200.0,0.1432232735979248,0.3076392418731788,0.2254312577355518,0.0,0.0209466645671615,-0.0209466645671615
TCEHY_2020-12-09,TCEHY,2020-12-09,75.83999633789062,75.83999633789062,74.0999984741211,74.58999633789062,1659100.0,0.1478915433132492,0.3348245331450288,0.241358038229139,-0.0163524391826698,0.0208827235034695,-0.0208827235034695
TCEHY_2020-12-10,TCEHY,2020-12-10,74.5,75.97000122070312,74.30000305175781,75.83999633789062,2123000.0,0.1457923181832012,0.3363876006676762,0.2410899594254387,0.0167582794123963,0.0208607005414283,-0.0208607005414283
TCEHY_2020-12-11,TCEHY,2020-12-11,75.69999694824219,75.69999694824219,75.0199966430664,75.13999938964844,1197900.0,0.0975752321721965,0.3221889313504873,0.2098820817613419,-0.0092299180121724,0.0205042399172866,-0.0205042399172866
TCEHY_2020-12-14,TCEHY,2020-12-14,74.27999877929688,74.3499984741211,73.0999984741211,73.16000366210938,2448100.0,0.060597276047474,0.2596418966190801,0.160119586333277,-0.0263507551719761,0.020790458554211,-0.020790458554211
TCEHY_2020-12-15,TCEHY,2020-12-15,72.75,73.27999877929688,72.4000015258789,73.12000274658203,1873100.0,0.070257656223635,0.2518404885738354,0.1610490723987352,-0.0005467593428792,0.0207464922666502,-0.0207464922666502
TCEHY_2020-12-16,TCEHY,2020-12-16,73.94000244140625,74.18000030517578,73.41000366210938,74.05999755859375,1218200.0,0.1110110034495941,0.2508022074605196,0.1809066054550568,0.0128555084341221,0.0205343972503452,-0.0205343972503452
TCEHY_2020-12-17,TCEHY,2020-12-17,75.1500015258789,75.52999877929688,74.5999984741211,75.27999877929688,889300.0,0.1232468300501625,0.2770143817644142,0.2001306059072883,0.0164731469203451,0.0206122592990052,-0.0206122592990052
TCEHY_2020-12-18,TCEHY,2020-12-18,75.23999786376953,75.44000244140625,74.5,75.30999755859375,1231500.0,0.1312903395498899,0.2117457073148276,0.1715180234323587,0.0003984960119993,0.0205829091058497,-0.0205829091058497
TCEHY_2020-12-21,TCEHY,2020-12-21,73.30000305175781,74.37999725341797,73.05999755859375,73.88999938964844,1617600.0,0.1131365237566919,0.1545312404632568,0.1338338821099743,-0.0188553739872385,0.0207439767645392,-0.0207439767645392
TCEHY_2020-12-22,TCEHY,2020-12-22,74.0,74.16999816894531,73.0999984741211,73.29000091552734,3708800.0,0.1189313116874404,0.1638875574839791,0.1414094345857097,-0.0081201580603227,0.0206934171736065,-0.0206934171736065
TCEHY_2020-12-23,TCEHY,2020-12-23,73.30999755859375,73.80000305175781,73.30999755859375,73.6500015258789,1090600.0,0.1223712045594989,0.174266583106633,0.1483188938330659,0.0049120017172124,0.0206966624366695,-0.0206966624366695
TCEHY_2020-12-24,TCEHY,2020-12-24,71.7699966430664,71.88999938964844,68.87999725341797,69.75,5695300.0,0.067983503405016,0.1213826229011729,0.0946830631530945,-0.0529531764437035,0.0218129224739433,-0.0218129224739433
TCEHY_2020-12-28,TCEHY,2020-12-28,68.1500015258789,68.4000015258789,67.12999725341797,67.27999877929688,6858000.0,0.0249847563208092,0.0701447418853948,0.047564749103102,-0.0354122038810483,0.0222905418736775,-0.0222905418736775
TCEHY_2020-12-29,TCEHY,2020-12-29,68.95999908447266,69.9000015258789,68.54000091552734,69.86000061035156,4625500.0,0.0657512945528104,0.0915625095367431,0.0786569020447768,0.0383472336186871,0.0227889500307258,-0.0227889500307258
TCEHY_2020-12-30,TCEHY,2020-12-30,72.01000213623047,72.47000122070312,71.5999984741211,71.72000122070312,3000800.0,0.0601625957579214,0.1030452925800202,0.0816039441689708,0.0266246864314507,0.0226810380464728,-0.0226810380464728
TCEHY_2020-12-31,TCEHY,2020-12-31,72.37000274658203,72.72000122070312,71.0,71.88999938964844,2562000.0,0.0491827628675614,0.0779726609368607,0.063577711902211,0.0023703034865012,0.0226323690335916,-0.0226323690335916
TCEHY_2021-01-04,TCEHY,2021-01-04,73.87999725341797,74.20999908447266,72.75,72.8499984741211,3019600.0,0.0835935569919601,0.0714811113847873,0.0775373341883737,0.0133537222509823,0.0225402990464682,-0.0225402990464682
TCEHY_2021-01-05,TCEHY,2021-01-05,75.0999984741211,76.69999694824219,74.94999694824219,76.66000366210938,2203000.0,0.1209241752634477,0.152782009956532,0.1368530926099899,0.0522993173341208,0.0233525332424031,-0.0233525332424031
TCEHY_2021-01-06,TCEHY,2021-01-06,76.29000091552734,76.66000366210938,72.80000305175781,73.62000274658203,4378100.0,0.0699027083076471,0.0385104158617362,0.0542065620846916,-0.0396556322763381,0.0239297936207118,-0.0239297936207118
TCEHY_2021-01-07,TCEHY,2021-01-07,73.0,73.19999694824219,71.79000091552734,72.8499984741211,6867700.0,0.0509232370865178,0.0220258097883163,0.036474523437417,-0.0104591720148595,0.023962735539158,-0.023962735539158
TCEHY_2021-01-08,TCEHY,2021-01-08,73.18000030517578,77.94999694824219,73.01000213623047,76.94000244140625,10876700.0,0.1060955310787059,0.0928977382638727,0.0994966346712893,0.0561428147282401,0.024946492245934,-0.024946492245934
TCEHY_2021-01-11,TCEHY,2021-01-11,75.61000061035156,76.22000122070312,75.5,75.75,3591200.0,0.0678037410918701,0.1116818414810207,0.0897427912864454,-0.0154666285891074,0.0249337279916717,-0.0249337279916717
TCEHY_2021-01-12,TCEHY,2021-01-12,76.0,76.76000213623047,76.0,76.22000122070312,2343600.0,0.0429666025037525,0.1285164374817213,0.0857415199927369,0.006204636576939,0.0246683671978579,-0.0246683671978579
TCEHY_2021-01-13,TCEHY,2021-01-13,76.5999984741211,79.41000366210938,76.5,78.43000030517578,3355200.0,0.05929226546954,0.1234780554081382,0.0913851604388391,0.0289950019558955,0.0248746063036073,-0.0248746063036073
TCEHY_2021-01-14,TCEHY,2021-01-14,81.12000274658203,81.8499984741211,80.76000213623047,80.80000305175781,3177600.0,0.1068493568733945,0.2045319148210196,0.1556906358472071,0.0302180637174578,0.0250609327446108,-0.0250609327446108
TCEHY_2021-01-15,TCEHY,2021-01-15,82.5999984741211,83.04000091552734,81.77999877929688,82.25,2698500.0,0.1431550172151807,0.2174363968658499,0.1802957070405153,0.0179455061073867,0.0250526795010628,-0.0250526795010628
TCEHY_2021-01-19,TCEHY,2021-01-19,84.55000305175781,86.0199966430664,84.5,85.9000015258789,4152400.0,0.181243125466608,0.244927558346071,0.2130853419063395,0.0443769182477677,0.0255855048029969,-0.0255855048029969
TCEHY_2021-01-20,TCEHY,2021-01-20,87.3499984741211,88.61000061035156,87.18000030517578,88.06999969482422,4412100.0,0.2209899216466546,0.2319205808713176,0.2264552512589861,0.0252619107147693,0.0256976265707929,-0.0256976265707929
TCEHY_2021-01-21,TCEHY,2021-01-21,88.01000213623047,89.08000183105469,87.3499984741211,88.44000244140625,4149800.0,0.2156701366516322,0.2663231254126581,0.2409966310321452,0.004201234788965,0.0256895304910505,-0.0256895304910505
TCEHY_2021-01-22,TCEHY,2021-01-22,88.9000015258789,90.8499984741211,88.79000091552734,90.3499984741211,3690300.0,0.2395390208626104,0.2826518362102057,0.2610954285364081,0.0215965171866685,0.0257903107065175,-0.0257903107065175
TCEHY_2021-01-25,TCEHY,2021-01-25,97.91000366210938,98.19000244140624,94.51000213623048,96.0,6672400.0,0.3296399453980483,0.3949433366129458,0.362291641005497,0.062534605659094,0.0267722368224469,-0.0267722368224469
TCEHY_2021-01-26,TCEHY,2021-01-26,92.83000183105467,95.7699966430664,91.77999877929688,92.36000061035156,3567900.0,0.2646857750808906,0.3516756642083931,0.3081807196446419,-0.0379166603088378,0.0272941175697703,-0.0272941175697703
TCEHY_2021-01-27,TCEHY,2021-01-27,89.12999725341797,89.87999725341797,87.75,88.20999908447266,2607400.0,0.2151812031216302,0.2761862786360294,0.2456837408788298,-0.0449328875969472,0.0279589872042185,-0.0279589872042185
TCEHY_2021-01-28,TCEHY,2021-01-28,87.75,90.36000061035156,87.75,89.80999755859375,2099200.0,0.1701628346396579,0.2753479110171191,0.2227553728283885,0.0181385159361455,0.027167015211992,-0.027167015211992
TCEHY_2021-01-29,TCEHY,2021-01-29,88.97000122070312,89.8499984741211,88.0,89.30999755859375,1535700.0,0.1759052158942946,0.2932232944667996,0.2345642551805471,-0.0055673089142863,0.027135588178714,-0.027135588178714
TCEHY_2021-02-01,TCEHY,2021-02-01,91.66000366210938,93.91000366210938,91.66000366210938,93.91000366210938,2423200.0,0.1958487854563315,0.3711491690932984,0.283498977274815,0.0515060601193912,0.027545892041638,-0.027545892041638
TCEHY_2021-02-02,TCEHY,2021-02-02,93.66000366210938,94.87999725341795,92.6999969482422,94.5999984741211,2597900.0,0.2391931230309385,0.3591954101736883,0.2991942666023134,0.0073474048035855,0.0272604194618984,-0.0272604194618984
TCEHY_2021-02-03,TCEHY,2021-02-03,94.9499969482422,95.16000366210938,93.5,94.0,2317700.0,0.2132162613230972,0.3204101246852433,0.2668131930041703,-0.0063424786870924,0.0272517398409571,-0.0272517398409571
TCEHY_2021-02-04,TCEHY,2021-02-04,95.3499984741211,95.48999786376952,94.41000366210938,95.38999938964844,1979100.0,0.2723755880546297,0.3166322071454943,0.294503897600062,0.0147872275494513,0.0268971350517724,-0.0268971350517724
TCEHY_2021-02-05,TCEHY,2021-02-05,95.01000213623048,95.8000030517578,94.3000030517578,95.4000015258789,1532200.0,0.2120442464177176,0.3145928334995287,0.2633185399586232,0.0001048551870685,0.0262565036737963,-0.0262565036737963
TCEHY_2021-02-08,TCEHY,2021-02-08,95.58999633789062,95.8499984741211,94.45999908447266,95.0999984741211,2598300.0,0.1765433170828396,0.4147574642535292,0.2956503906681844,-0.0031446860268281,0.0260945570544968,-0.0260945570544968
TCEHY_2021-02-09,TCEHY,2021-02-09,96.69000244140624,98.25,96.3499984741211,97.79000091552734,2401100.0,0.2260531381192987,0.5070118945189461,0.3665325163191224,0.0282860408471852,0.0262040789368039,-0.0262040789368039
TCEHY_2021-02-10,TCEHY,2021-02-10,98.18000030517578,99.0,96.95999908447266,97.75,2089600.0,0.2442719327618798,0.4821835409138013,0.3632277368378406,-0.0004090491374665,0.0261009883227373,-0.0261009883227373
TCEHY_2021-02-11,TCEHY,2021-02-11,98.0999984741211,99.3499984741211,97.8000030517578,98.69000244140624,2041300.0,0.3372628504119768,0.4513235653147975,0.3942932078633872,0.0096163932624679,0.0247719532319571,-0.0247719532319571
TCEHY_2021-02-12,TCEHY,2021-02-12,99.01000213623048,99.4000015258789,98.43000030517578,99.0999984741211,960300.0,0.3494008058236046,0.5171463401273333,0.433273572975469,0.0041543826382848,0.0247404238314664,-0.0247404238314664
TCEHY_2021-02-16,TCEHY,2021-02-16,96.61000061035156,97.0,95.8499984741211,96.0999984741211,1839100.0,0.3110504020888511,0.4814243009907157,0.3962373515397834,-0.0302724525347335,0.0251245304245821,-0.0251245304245821
TCEHY_2021-02-17,TCEHY,2021-02-17,97.3499984741211,97.8000030517578,96.33000183105467,97.30999755859376,1878300.0,0.2726915867614139,0.4723861847576489,0.3725388857595314,0.0125910416616552,0.0246602999988182,-0.0246602999988182
TCEHY_2021-02-18,TCEHY,2021-02-18,95.5999984741211,95.9000015258789,71.88999938964844,95.73999786376952,3150500.0,0.2625609330337781,0.4490691434234952,0.3558150382286367,-0.0161340019958267,0.0247440985269647,-0.0247440985269647
TCEHY_2021-02-19,TCEHY,2021-02-19,95.3499984741211,96.54000091552734,95.26000213623048,95.5,1660500.0,0.2729939252646771,0.4714945724911783,0.3722442488779277,-0.0025067669639079,0.0246871916745857,-0.0246871916745857
TCEHY_2021-02-22,TCEHY,2021-02-22,92.5,92.5,90.01000213623047,90.29000091552734,3129900.0,0.1963694110920295,0.3626622095467373,0.2795158103193834,-0.0545549642353158,0.0257686637620208,-0.0257686637620208
TCEHY_2021-02-23,TCEHY,2021-02-23,89.27999877929688,91.38999938964844,87.33000183105469,90.7300033569336,3564400.0,0.2068369644670946,0.3045291067696147,0.2556830356183547,0.0048732133895745,0.0257537657041468,-0.0257537657041468
TCEHY_2021-02-24,TCEHY,2021-02-24,88.51000213623047,89.66999816894531,87.2300033569336,89.19999694824219,3019000.0,0.1675392037528631,0.2750142669461495,0.2212767353495063,-0.016863290555301,0.0258235064170668,-0.0258235064170668
TCEHY_2021-02-25,TCEHY,2021-02-25,88.62000274658203,89.0,86.6500015258789,86.7699966430664,2521600.0,0.1620463207558158,0.2191934645985149,0.1906198926771654,-0.027242156819644,0.0259029252316679,-0.0259029252316679
TCEHY_2021-02-26,TCEHY,2021-02-26,86.0,87.72000122070312,85.5999984741211,87.19999694824219,4191300.0,0.1505475114775627,0.2245470870572747,0.1875472992674187,0.0049556335347644,0.0258569750426764,-0.0258569750426764
TCEHY_2021-03-01,TCEHY,2021-03-01,89.87000274658203,91.66999816894533,89.5,91.3000030517578,3492300.0,0.2214047231004388,0.283926343244429,0.2526655331724339,0.0470184202638124,0.0263675663674228,-0.0263675663674228
TCEHY_2021-03-02,TCEHY,2021-03-02,90.76000213623048,90.7699966430664,89.75,89.91000366210938,1160600.0,0.1838052307412276,0.2785836753740351,0.2311944530576314,-0.0152245273076325,0.0264221978360859,-0.0264221978360859
TCEHY_2021-03-03,TCEHY,2021-03-03,92.75,92.75,89.69000244140625,90.33999633789062,3812900.0,0.2375341964094606,0.3219198299517944,0.2797270131806275,0.0047824786816514,0.0258732481526411,-0.0258732481526411
TCEHY_2021-03-04,TCEHY,2021-03-04,89.22000122070312,89.97000122070312,86.12999725341797,86.9000015258789,4579900.0,0.1648794008491128,0.232449282273198,0.1986643415611554,-0.0380783147161686,0.0262932578418284,-0.0262932578418284
TCEHY_2021-03-05,TCEHY,2021-03-05,86.91999816894531,87.33999633789062,84.5,87.25,5211100.0,0.1711409395973153,0.2441181151728571,0.2076295273850862,0.004027600321927,0.0262884374187138,-0.0262884374187138
TCEHY_2021-03-08,TCEHY,2021-03-08,83.4800033569336,87.0,81.97000122070312,82.19999694824219,3068100.0,0.075212560229307,0.2228502745537792,0.1490314173915431,-0.0578796911376253,0.0272026405297925,-0.0272026405297925
TCEHY_2021-03-09,TCEHY,2021-03-09,84.19000244140625,86.83999633789062,83.9800033569336,85.87000274658203,2716000.0,0.1338967244178797,0.2806860378559046,0.2072913811368921,0.0446472741434611,0.0277004068151882,-0.0277004068151882
TCEHY_2021-03-10,TCEHY,2021-03-10,86.29000091552734,86.29000091552734,84.19000244140625,84.58999633789062,2199500.0,0.1155214861573226,0.3066110461710372,0.2110662661641799,-0.014906327794922,0.0277856699686767,-0.0277856699686767
TCEHY_2021-03-11,TCEHY,2021-03-11,87.75,89.5,87.5,89.27999877929688,1911800.0,0.1773703893375617,0.3459972307357506,0.2616838100366562,0.0554439371609885,0.028584130260163,-0.028584130260163
TCEHY_2021-03-12,TCEHY,2021-03-12,83.5,83.5,81.51000213623047,82.56999969482422,5212000.0,0.1069849007738839,0.2706986061737977,0.1888417534738408,-0.0751568008088798,0.0301437178850639,-0.0301437178850639
TCEHY_2021-03-15,TCEHY,2021-03-15,80.93000030517578,82.95999908447266,80.5999984741211,82.62000274658203,2639700.0,0.0893988229968312,0.2482248028275901,0.1688118129122107,0.0006055837706506,0.0300853469172608,-0.0300853469172608
TCEHY_2021-03-16,TCEHY,2021-03-16,81.18000030517578,82.25,81.0999984741211,81.6500015258789,2062600.0,0.0866383043533443,0.1926672891878238,0.139652796770584,-0.0117405130532176,0.0301018597697774,-0.0301018597697774
TCEHY_2021-03-17,TCEHY,2021-03-17,80.08999633789062,81.6500015258789,79.55000305175781,81.0999984741211,2070800.0,0.108529174611345,0.1757030230119471,0.1421160988116461,-0.0067361058356317,0.0299071572427951,-0.0299071572427951
TCEHY_2021-03-18,TCEHY,2021-03-18,81.55000305175781,81.80999755859375,80.77999877929688,81.0,1986900.0,0.1077680109056931,0.1855971949914454,0.1466826029485692,-0.0012330268311041,0.0299082536760278,-0.0299082536760278
TCEHY_2021-03-19,TCEHY,2021-03-19,80.69999694824219,82.63999938964844,80.0999984741211,82.63999938964844,2503300.0,0.1158520404252847,0.2397238951341724,0.1777879677797286,0.0202469060450425,0.0299656988157428,-0.0299656988157428
TCEHY_2021-03-22,TCEHY,2021-03-22,81.9000015258789,82.8499984741211,81.62999725341797,82.7699966430664,1853100.0,0.0994951910895804,0.235004488046769,0.1672498395681747,0.0015730548690475,0.0299098531468373,-0.0299098531468373
TCEHY_2021-03-23,TCEHY,2021-03-23,81.6500015258789,81.94000244140625,80.91000366210938,80.93000030517578,1861000.0,0.0746249227031174,0.2157127936935838,0.1451688581983506,-0.0222302333274863,0.0300642366260664,-0.0300642366260664
TCEHY_2021-03-24,TCEHY,2021-03-24,80.93000030517578,81.16000366210938,76.5999984741211,76.80999755859375,5983900.0,0.0395181782794058,0.1571256513518268,0.0983219148156163,-0.0509082260107015,0.0306806872646827,-0.0306806872646827
TCEHY_2021-03-25,TCEHY,2021-03-25,77.30999755859375,78.19000244140625,76.80000305175781,77.41999816894531,4747400.0,0.0563514422407789,0.1819847048693941,0.1191680735550865,0.0079416824598417,0.0306697357023962,-0.0306697357023962
TCEHY_2021-03-26,TCEHY,2021-03-26,79.44000244140625,80.9800033569336,77.81999969482422,80.9800033569336,5923100.0,0.0995248021614649,0.2340749766450081,0.1667998894032365,0.04598301824058,0.0311792689424754,-0.0311792689424754
TCEHY_2021-03-29,TCEHY,2021-03-29,79.19000244140625,79.80000305175781,78.06999969482422,78.69000244140625,3468900.0,0.1281720780129929,0.2048691683200332,0.166520623166513,-0.0282785974388487,0.0306281089719629,-0.0306281089719629
TCEHY_2021-03-30,TCEHY,2021-03-30,78.56999969482422,79.41000366210938,78.02999877929688,78.83000183105469,1715900.0,0.1716706786759325,0.2009445850708879,0.1863076318734102,0.001779125496313,0.0302439773395102,-0.0302439773395102
TCEHY_2021-03-31,TCEHY,2021-03-31,79.30000305175781,80.45999908447266,78.70999908447266,79.80000305175781,3769500.0,0.1422846028422935,0.2173912942269171,0.1798379485346053,0.0123049752400361,0.0299289637258125,-0.0299289637258125
TCEHY_2021-04-01,TCEHY,2021-04-01,83.8499984741211,84.44999694824219,83.0999984741211,83.83999633789062,2013100.0,0.168990447725883,0.2393199474772869,0.2041551976015849,0.0506264803462788,0.0303895155888345,-0.0303895155888345
TCEHY_2021-04-05,TCEHY,2021-04-05,84.5999984741211,84.6500015258789,83.1500015258789,83.36000061035156,2212200.0,0.1595493297827834,0.2165791695027297,0.1880642496427566,-0.0057251401300709,0.0304090575509075,-0.0304090575509075
TCEHY_2021-04-06,TCEHY,2021-04-06,84.19000244140625,84.9800033569336,83.0,84.6500015258789,2199800.0,0.1619767096625211,0.2591104759650253,0.2105435928137732,0.0154750588541521,0.030422094844727,-0.030422094844727
TCEHY_2021-04-07,TCEHY,2021-04-07,76.4800033569336,78.9000015258789,76.44000244140625,78.2699966430664,20574000.0,0.0210017336817947,0.1444655262698162,0.0827336299758054,-0.075369223482672,0.0313135583049747,-0.0313135583049747
TCEHY_2021-04-08,TCEHY,2021-04-08,80.43000030517578,80.80000305175781,79.8499984741211,80.43000030517578,3793400.0,0.0925020008765202,0.1688708495693123,0.1306864252229163,0.0275968283473884,0.0310569162503667,-0.0310569162503667
TCEHY_2021-04-09,TCEHY,2021-04-09,79.9000015258789,80.11000061035156,79.08000183105469,79.41999816894531,2922200.0,0.0901853099853957,0.145701074994021,0.1179431924897084,-0.0125575299315953,0.0310714876896278,-0.0310714876896278
TCEHY_2021-04-12,TCEHY,2021-04-12,79.0,79.30000305175781,78.75,79.25,2808600.0,0.0300233621691516,0.1393042378019622,0.0846637999855569,-0.0021404957550325,0.0302866257339801,-0.0302866257339801
TCEHY_2021-04-13,TCEHY,2021-04-13,79.06999969482422,80.5199966430664,78.51000213623047,79.94000244140625,2735300.0,0.0553135635829207,0.1268677712188359,0.0910906674008783,0.0087066554120662,0.0302286900483592,-0.0302286900483592
TCEHY_2021-04-14,TCEHY,2021-04-14,80.44999694824219,80.68000030517578,79.2699966430664,79.3499984741211,1916400.0,0.041065300489234,0.0857963394358047,0.0634308199625194,-0.0073805848044301,0.0302416487974423,-0.0302416487974423
TCEHY_2021-04-15,TCEHY,2021-04-15,79.9000015258789,80.6500015258789,79.70999908447266,79.9800033569336,2162900.0,0.0197628846834969,0.0802269363581347,0.0499949105208158,0.0079395701944211,0.0300440115534498,-0.0300440115534498
TCEHY_2021-04-16,TCEHY,2021-04-16,81.1500015258789,81.55999755859375,80.54000091552734,81.0,2130800.0,0.0024752096619857,0.1095890410958904,0.056032125378938,0.0127531457896341,0.0298477302619142,-0.0298477302619142
TCEHY_2021-04-19,TCEHY,2021-04-19,80.29000091552734,80.44999694824219,79.30000305175781,79.61000061035156,2154400.0,-0.0320972570170022,0.1064628768173494,0.0371828099001735,-0.0171604862919559,0.0298441214659658,-0.0298441214659658
TCEHY_2021-04-20,TCEHY,2021-04-20,79.30999755859375,79.69000244140625,78.08000183105469,78.5999984741211,2979000.0,-0.0849825718519755,0.0808580466819897,-0.0020622625849929,-0.0126868751223089,0.0293347987780022,-0.0293347987780022
TCEHY_2021-04-21,TCEHY,2021-04-21,78.5999984741211,79.97000122070312,78.19999694824219,79.79000091552734,1760800.0,-0.0940161100032737,0.1061971988602341,0.0060905444284802,0.0151399804644787,0.0292162220314383,-0.0292162220314383
TCEHY_2021-04-22,TCEHY,2021-04-22,80.12000274658203,81.44999694824219,79.94000244140625,80.88999938964844,1693100.0,-0.085368643637927,0.111890025974549,0.0132606911683109,0.0137861694635854,0.0292694075733662,-0.0292694075733662
TCEHY_2021-04-23,TCEHY,2021-04-23,81.22000122070312,82.27999877929688,81.1500015258789,81.80000305175781,1640000.0,-0.0946319376509148,0.1222390415244638,0.0138035519367745,0.0112498908267495,0.0291694829333219,-0.0291694829333219
TCEHY_2021-04-26,TCEHY,2021-04-26,80.56999969482422,80.56999969482422,79.2699966430664,80.30000305175781,1903000.0,-0.1635416348775228,0.1121884549291913,-0.0256765899741657,-0.0183374076288346,0.0280806210905033,-0.0280806210905033
TCEHY_2021-04-27,TCEHY,2021-04-27,80.30999755859375,80.9800033569336,80.30999755859375,80.47000122070312,1812400.0,-0.1287353758236747,0.1018759765269967,-0.013429699648339,0.0021170381380402,0.0277154132859843,-0.0277154132859843
TCEHY_2021-04-28,TCEHY,2021-04-28,80.9000015258789,81.55000305175781,80.47000122070312,81.26000213623047,1132900.0,-0.0787892191404134,0.1194380250135687,0.0203244029365776,0.0098173344543717,0.0271947012397134,-0.0271947012397134
TCEHY_2021-04-29,TCEHY,2021-04-29,81.55999755859375,81.56999969482422,79.48999786376953,81.0999984741211,2571500.0,-0.0969825110928221,0.056677504548809,-0.0201525032720065,-0.001969033446998,0.0270850218630838,-0.0270850218630838
TCEHY_2021-04-30,TCEHY,2021-04-30,79.76000213623047,80.25,79.33999633789062,79.66000366210938,2002500.0,-0.1080505448469337,0.0488480166285649,-0.0296012641091844,-0.0177557933305168,0.0271597624747212,-0.0271597624747212
TCEHY_2021-05-03,TCEHY,2021-05-03,80.1500015258789,81.05000305175781,80.01000213623047,80.12999725341797,2080100.0,-0.1467362993432758,0.0203743601043184,-0.0631809696194786,0.00589999459832,0.026320430693267,-0.026320430693267
TCEHY_2021-05-04,TCEHY,2021-05-04,79.58000183105469,79.69999694824219,78.02999877929688,78.69999694824219,1784200.0,-0.1680761287774073,0.030914340104313,-0.0685808943365471,-0.0178460046698027,0.0263648369064135,-0.0263648369064135
TCEHY_2021-05-05,TCEHY,2021-05-05,78.69999694824219,79.18000030517578,78.41000366210938,78.69999694824219,1176900.0,-0.1627659899123171,0.0157459155711228,-0.0735100371705971,0.0,0.0263623104424262,-0.0263623104424262
TCEHY_2021-05-06,TCEHY,2021-05-06,78.3499984741211,78.8499984741211,77.75,78.36000061035156,1513700.0,-0.1785302326057561,0.0452180783573508,-0.0666560771242026,-0.0043201569386873,0.0262703227918217,-0.0262703227918217
TCEHY_2021-05-07,TCEHY,2021-05-07,77.80000305175781,79.37999725341797,77.80000305175781,78.18000030517578,1472500.0,-0.1805031545626537,-0.0067335635301948,-0.0936183590464243,-0.0022970942288634,0.0262678215136101,-0.0262678215136101
TCEHY_2021-05-10,TCEHY,2021-05-10,76.44999694824219,76.75,74.80000305175781,74.9000015258789,3196300.0,-0.2124079629058992,-0.0733638521692757,-0.1428859075375875,-0.0419544482795266,0.0267268371827868,-0.0267268371827868
TCEHY_2021-05-11,TCEHY,2021-05-11,73.86000061035156,76.79000091552734,73.2300033569336,76.5,1961900.0,-0.2177114297597564,-0.0408726435420897,-0.1292920366509231,0.0213617949469369,0.0266082936900901,-0.0266082936900901
TCEHY_2021-05-12,TCEHY,2021-05-12,76.55000305175781,76.7699966430664,75.4000015258789,75.83000183105469,2945600.0,-0.2242455055646579,-0.034750455860222,-0.12949798071244,-0.0087581459992851,0.0266132538634222,-0.0266132538634222
TCEHY_2021-05-13,TCEHY,2021-05-13,75.27999877929688,76.11000061035156,73.66000366210938,73.87999725341797,2630100.0,-0.2513932979454362,0.0010839322269953,-0.1251546828592204,-0.0257154758083908,0.0267008909976934,-0.0267008909976934
TCEHY_2021-05-14,TCEHY,2021-05-14,75.25,76.81999969482422,74.88999938964844,76.56999969482422,2847200.0,-0.2273461062179566,0.0426197868922351,-0.0923631596628607,0.0364104296346843,0.0271694188486051,-0.0271694188486051
TCEHY_2021-05-17,TCEHY,2021-05-17,77.58999633789062,78.37000274658203,77.05999755859375,78.08000183105469,1981000.0,-0.1875129753297451,0.065211440385912,-0.0611507674719165,0.0197205451514783,0.0271113590684772,-0.0271113590684772
TCEHY_2021-05-18,TCEHY,2021-05-18,78.44999694824219,79.55000305175781,78.0,79.05000305175781,1869400.0,-0.1876476720271312,0.0338739732971187,-0.0768868493650062,0.0124231710803741,0.0271098177031666,-0.0271098177031666
TCEHY_2021-05-19,TCEHY,2021-05-19,78.05000305175781,78.94999694824219,78.0,78.73999786376953,2873000.0,-0.177564240435744,0.0383752599557911,-0.0695944902399764,-0.0039216341052549,0.0270574745928038,-0.0270574745928038
TCEHY_2021-05-20,TCEHY,2021-05-20,79.11000061035156,79.2300033569336,76.80999755859375,77.19999694824219,4594100.0,-0.1916230686047938,0.029058922990198,-0.0812820728072978,-0.0195580512739121,0.0271403221399021,-0.0271403221399021
TCEHY_2021-05-21,TCEHY,2021-05-21,75.75,75.9000015258789,74.41000366210938,74.5999984741211,3301500.0,-0.1737734221100003,-0.0115277955811582,-0.0926506088455793,-0.0336787380427519,0.0266232851553157,-0.0266232851553157
TCEHY_2021-05-24,TCEHY,2021-05-24,75.4000015258789,76.37000274658203,75.08000183105469,75.73999786376953,1787700.0,-0.165215528915976,0.0074487570673127,-0.0788833859243316,0.015281493471396,0.0267030437069881,-0.0267030437069881
TCEHY_2021-05-25,TCEHY,2021-05-25,78.5,78.87999725341797,78.02999877929688,78.25,2316400.0,-0.1227578175209564,0.0242146392300064,-0.049271589145475,0.033139717547195,0.0270108225784756,-0.0270108225784756
TCEHY_2021-05-26,TCEHY,2021-05-26,79.69000244140625,79.77999877929688,78.01000213623047,78.7300033569336,2521300.0,-0.0926586792345492,0.0543726434652145,-0.0191430178846673,0.0061342282036243,0.0268287512235009,-0.0268287512235009
TCEHY_2021-05-27,TCEHY,2021-05-27,78.55000305175781,78.5999984741211,77.80999755859375,78.41999816894531,1168800.0,-0.1006880629194089,0.0347011112501405,-0.0329934758346341,-0.0039375736665833,0.0268193184997258,-0.0268193184997258
TCEHY_2021-05-28,TCEHY,2021-05-28,77.69999694824219,78.55000305175781,77.52999877929688,78.37999725341797,1333600.0,-0.1415115593261864,0.0485618361661266,-0.0464748615800298,-0.0005100856473009,0.0260962155461103,-0.0260962155461103
TCEHY_2021-06-01,TCEHY,2021-06-01,80.80999755859375,81.3499984741211,80.5999984741211,81.20999908447266,2345000.0,-0.0967634770690499,0.0692561204421773,-0.0137536783134363,0.0361061741544177,0.0264777297511469,-0.0264777297511469
TCEHY_2021-06-02,TCEHY,2021-06-02,80.5999984741211,81.31999969482422,80.5199966430664,81.19000244140625,1219900.0,-0.1012839746225079,0.1121918142658391,0.0054539198216655,-0.0002462337555946,0.0264667817882022,-0.0264667817882022
TCEHY_2021-06-03,TCEHY,2021-06-03,78.91999816894531,79.43000030517578,78.05000305175781,78.3499984741211,2090500.0,-0.0983889862097598,0.0502680975429361,-0.0240604443334118,-0.0349797251125192,0.0264002136205579,-0.0264002136205579
TCEHY_2021-06-04,TCEHY,2021-06-04,79.05000305175781,79.83000183105469,78.8499984741211,79.55000305175781,1123300.0,-0.0882521140199678,0.067785275862521,-0.0102334190787233,0.015315948959885,0.0264751279219827,-0.0264751279219827
TCEHY_2021-06-07,TCEHY,2021-06-07,77.4000015258789,78.0,77.12000274658203,78.0,1610300.0,-0.0510948552818893,0.0202747300671206,-0.0154100626073843,-0.0194846384952283,0.0255739750320077,-0.0255739750320077
TCEHY_2021-06-08,TCEHY,2021-06-08,77.94000244140625,78.0,76.91000366210938,77.58999633789062,1394700.0,-0.0964248997770177,0.0245608464083968,-0.0359320266843104,-0.0052564572065304,0.0249172333154324,-0.0249172333154324
TCEHY_2021-06-09,TCEHY,2021-06-09,78.0,78.37999725341797,77.0999984741211,77.33000183105469,1444600.0,-0.0858256865012293,0.0197810888009988,-0.0330222988501152,-0.0033508766478568,0.0248579145046353,-0.0248579145046353
TCEHY_2021-06-10,TCEHY,2021-06-10,77.16000366210938,78.68000030517578,77.16000366210938,78.4000015258789,4021400.0,-0.1218637701856794,0.0338915947879052,-0.043986087698887,0.0138367990364449,0.0238638193965593,-0.0238638193965593
TCEHY_2021-06-11,TCEHY,2021-06-11,77.0,77.33999633789062,76.63999938964844,77.19999694824219,2809300.0,-0.0650357607657668,0.0349912955958373,-0.0150222325849647,-0.0153061805393027,0.0220151636443667,-0.0220151636443667
TCEHY_2021-06-14,TCEHY,2021-06-14,77.18000030517578,77.47000122070312,76.87999725341797,77.16000366210938,1477200.0,-0.0660856802585683,0.0174051607062017,-0.0243402597761832,-0.0005180477683131,0.022014440028844,-0.022014440028844
TCEHY_2021-06-15,TCEHY,2021-06-15,77.25,77.37000274658203,76.55000305175781,76.66999816894531,1821500.0,-0.0609920791655489,0.0203619748699073,-0.0203150521478208,-0.0063505115332788,0.0219818596406087,-0.0219818596406087
TCEHY_2021-06-16,TCEHY,2021-06-16,77.12000274658203,77.72000122070312,76.05999755859375,76.58000183105469,1849000.0,-0.0557336218015926,0.0467468288375247,-0.0044933964820339,-0.0011738142694658,0.0219686302015824,-0.0219686302015824
TCEHY_2021-06-17,TCEHY,2021-06-17,76.93000030517578,78.48999786376953,76.79000091552734,78.30000305175781,1884400.0,-0.0333332956573109,0.0708424522784625,0.0187545783105758,0.0224601877719676,0.022160804079968,-0.022160804079968
TCEHY_2021-06-18,TCEHY,2021-06-18,77.30000305175781,77.41999816894531,76.9000015258789,77.37999725341797,1264400.0,-0.063649590695536,0.0448285147754365,-0.0094105379600497,-0.0117497543101205,0.0220488158152238,-0.0220488158152238
TCEHY_2021-06-21,TCEHY,2021-06-21,76.1500015258789,76.1500015258789,75.11000061035156,75.98999786376953,1838800.0,-0.081913725435252,0.0094314438892886,-0.0362411407729816,-0.0179632907597064,0.0221520128928812,-0.0221520128928812
TCEHY_2021-06-22,TCEHY,2021-06-22,74.20999908447266,74.44000244140625,73.81999969482422,74.16000366210938,2877500.0,-0.0836524974365215,-0.0152701358885271,-0.0494613166625243,-0.0240820404409125,0.0221816953155531,-0.0221816953155531
TCEHY_2021-06-23,TCEHY,2021-06-23,74.97000122070312,75.81999969482422,74.81999969482422,74.91999816894531,1937000.0,-0.0246061639073308,0.0139396236000128,-0.0053332701536589,0.0102480376120077,0.0212888552529432,-0.0212888552529432
TCEHY_2021-06-24,TCEHY,2021-06-24,74.95999908447266,75.80000305175781,74.80999755859375,75.5,2212600.0,-0.0247997702706671,0.0301541691481197,0.0026771994387262,0.0077416156597704,0.0212876404707157,-0.0212876404707157
TCEHY_2021-06-25,TCEHY,2021-06-25,76.86000061035156,77.87000274658203,76.69999694824219,77.77999877929688,2398300.0,-0.0395159847491255,0.0560759968479671,0.0082800060494208,0.0301986593284353,0.0208234582026184,-0.0208234582026184
TCEHY_2021-06-28,TCEHY,2021-06-28,76.66999816894531,77.22000122070312,76.44000244140625,77.0999984741211,1242900.0,-0.0202059209296516,0.1053763222096213,0.0425852006399848,-0.0087426114148613,0.0205455839405791,-0.0205455839405791
TCEHY_2021-06-29,TCEHY,2021-06-29,76.12000274658203,76.75,75.68000030517578,76.5999984741211,1567300.0,-0.0282887644949297,0.1385255627812545,0.0551183991431623,-0.0064850844344417,0.0205596762224837,-0.0205596762224837
TCEHY_2021-06-30,TCEHY,2021-06-30,75.33999633789062,75.5999984741211,75.02999877929688,75.30000305175781,1997100.0,-0.0563909752870727,0.0778700600326101,0.0107395423727686,-0.0169712199511659,0.0206022384805779,-0.0206022384805779
TCEHY_2021-07-01,TCEHY,2021-07-01,75.30000305175781,75.4000015258789,74.23999786376953,74.76000213623047,2028000.0,-0.108301462288549,0.0423870728358242,-0.0329571947263624,-0.007171326608794,0.0195387474762625,-0.0195387474762625
TCEHY_2021-07-02,TCEHY,2021-07-02,74.13999938964844,74.69999694824219,73.9000015258789,74.19000244140625,1847200.0,-0.1100047756934228,0.0319933658545696,-0.0390057049194265,-0.0076243937738998,0.0195466349596252,-0.0195466349596252
TCEHY_2021-07-06,TCEHY,2021-07-06,72.27999877929688,72.27999877929688,71.3499984741211,71.62999725341797,4442200.0,-0.1538098527792761,-0.016746756983619,-0.0852783048814476,-0.0345060669058492,0.0198519539994543,-0.0198519539994543
TCEHY_2021-07-07,TCEHY,2021-07-07,70.3499984741211,70.55999755859375,69.55999755859375,69.91999816894531,5021400.0,-0.1066819832917519,-0.0879207562116962,-0.0973013697517241,-0.0238726671791273,0.0177500396718951,-0.0177500396718951
TCEHY_2021-07-08,TCEHY,2021-07-08,67.47000122070312,68.2699966430664,67.30000305175781,67.70999908447266,4282700.0,-0.15814995862787,-0.0802771453629667,-0.1192135519954183,-0.0316075392212212,0.0177447445709345,-0.0177447445709345
TCEHY_2021-07-09,TCEHY,2021-07-09,69.58000183105469,71.1500015258789,69.02999877929688,70.7699966430664,2889200.0,-0.1089146527991387,-0.0285518445383849,-0.0687332486687618,0.0451926982715833,0.0186872895232259,-0.0186872895232259
TCEHY_2021-07-12,TCEHY,2021-07-12,68.93000030517578,69.18000030517578,68.12000274658203,68.38999938964844,3149000.0,-0.1370347080170544,-0.1111255885164427,-0.1240801482667485,-0.0336300320236223,0.0191166285274092,-0.0191166285274092
TCEHY_2021-07-13,TCEHY,2021-07-13,70.97000122070312,71.87999725341797,70.72000122070312,70.95999908447266,5503300.0,-0.1123342892504373,-0.0632343355185127,-0.087784312384475,0.0375785892346889,0.0197178793369013,-0.0197178793369013
TCEHY_2021-07-14,TCEHY,2021-07-14,72.5,72.80999755859375,71.72000122070312,71.83000183105469,4100000.0,-0.0947699658181965,-0.057596422452641,-0.0761831941354188,0.0122604672746169,0.019781760766978,-0.019781760766978
TCEHY_2021-07-15,TCEHY,2021-07-15,72.55000305175781,73.29000091552734,72.1500015258789,72.62999725341797,3174400.0,-0.0918980469494872,-0.0739513327704916,-0.0829246898599894,0.0111373437556758,0.0198101595320529,-0.0198101595320529
TCEHY_2021-07-16,TCEHY,2021-07-16,72.8499984741211,72.8499984741211,71.31999969482422,71.47000122070312,2487700.0,-0.1176543059172453,-0.1154703153300402,-0.1165623106236428,-0.0159713076770116,0.0198112144414156,-0.0198112144414156
TCEHY_2021-07-19,TCEHY,2021-07-19,70.25,70.37000274658203,69.5,69.97000122070312,3485100.0,-0.1210903066918827,-0.1493008970127279,-0.1351956018523053,-0.0209878267018343,0.0198648980384073,-0.0198648980384073
TCEHY_2021-07-20,TCEHY,2021-07-20,69.5999984741211,70.19000244140625,69.08999633789062,69.8499984741211,2671900.0,-0.1113231573774257,-0.1868452010087853,-0.1490841791931055,-0.0017150599469551,0.0198164185335059,-0.0198164185335059
TCEHY_2021-07-21,TCEHY,2021-07-21,69.05999755859375,69.93000030517578,69.01000213623047,69.88999938964844,2493300.0,-0.1240757164091264,-0.2064267102097446,-0.1652512133094355,0.0005726688103244,0.0197016637742564,-0.0197016637742564
TCEHY_2021-07-22,TCEHY,2021-07-22,70.0999984741211,70.16999816894531,69.11000061035156,69.63999938964844,1759400.0,-0.1390777609702846,-0.2125735247939787,-0.1758256428821317,-0.0035770496806876,0.0195997351913674,-0.0195997351913674
TCEHY_2021-07-23,TCEHY,2021-07-23,67.80000305175781,67.94000244140625,66.20999908447266,66.88999938964844,5678300.0,-0.1822738765996778,-0.2596568841248214,-0.2209653803622496,-0.0394887998865889,0.0200754431574818,-0.0200754431574818
TCEHY_2021-07-26,TCEHY,2021-07-26,62.310001373291016,63.400001525878906,59.380001068115234,60.18000030517578,18457100.0,-0.2505604231872017,-0.3731249968210856,-0.3118427100041436,-0.100313935501561,0.0234579463641583,-0.0234579463641583
TCEHY_2021-07-27,TCEHY,2021-07-27,57.45000076293945,59.5,55.77000045776367,58.900001525878906,19200300.0,-0.2680501971867094,-0.3622780301359429,-0.3151641136613262,-0.0212695043669979,0.0235397897336247,-0.0235397897336247
TCEHY_2021-07-28,TCEHY,2021-07-28,59.36000061035156,62.5,59.34999847412109,61.72999954223633,26054200.0,-0.2403396761084568,-0.3001927198398251,-0.270266197974141,0.0480475032774661,0.024396283801985,-0.024396283801985
TCEHY_2021-07-29,TCEHY,2021-07-29,63.869998931884766,63.900001525878906,61.04999923706055,61.970001220703125,8651400.0,-0.2358815981916735,-0.3099877195712791,-0.2729346588814763,0.0038879261339146,0.024415518357752,-0.024415518357752
TCEHY_2021-07-30,TCEHY,2021-07-30,60.70000076293945,61.79999923706055,60.5,61.20000076293945,5876700.0,-0.231734898952189,-0.3147463617072895,-0.2732406303297393,-0.0124253742552199,0.0243761553883943,-0.0243761553883943
TCEHY_2021-08-02,TCEHY,2021-08-02,61.150001525878906,61.84999847412109,60.47999954223633,61.31999969482422,4191500.0,-0.2347435193228014,-0.3470344233458325,-0.290888971334317,0.0019607668364185,0.0243557109297532,-0.0243557109297532
TCEHY_2021-08-03,TCEHY,2021-08-03,57.40999984741211,57.630001068115234,56.5,56.83000183105469,9570600.0,-0.2778906730018111,-0.3992600132377255,-0.3385753431197683,-0.0732224051877892,0.025820814247158,-0.025820814247158
TCEHY_2021-08-04,TCEHY,2021-08-04,58.650001525878906,59.45000076293945,58.41999816894531,59.13999938964844,6281400.0,-0.2485387333808612,-0.370851070322889,-0.3096949018518751,0.0406475010411042,0.0264435354340549,-0.0264435354340549
TCEHY_2021-08-05,TCEHY,2021-08-05,57.11000061035156,58.52000045776367,56.75,57.400001525878906,7475700.0,-0.2674833961359589,-0.3982597558113848,-0.3328715759736719,-0.0294216753758386,0.0266341772233243,-0.0266341772233243
TCEHY_2021-08-06,TCEHY,2021-08-06,58.88999938964844,59.08000183105469,57.060001373291016,57.709999084472656,8702000.0,-0.2618316850959125,-0.3950733945342987,-0.3284525398151056,0.0054006541873345,0.0266624310455621,-0.0266624310455621
TCEHY_2021-08-09,TCEHY,2021-08-09,59.04999923706055,61.150001525878906,59.04999923706055,60.54999923706055,7100100.0,-0.191588811701963,-0.3633017853986864,-0.2774452985503247,0.0492115785417162,0.027065090643102,-0.027065090643102
TCEHY_2021-08-10,TCEHY,2021-08-10,62.2599983215332,62.900001525878906,61.52999877929688,61.88999938964844,5027300.0,-0.1909804001353146,-0.3671132139255212,-0.2790468070304179,0.0221304734842626,0.0270764231972577,-0.0270764231972577
TCEHY_2021-08-11,TCEHY,2021-08-11,62.5,62.59999847412109,61.54999923706055,62.31999969482422,3202300.0,-0.1781617013056395,-0.3624552460887548,-0.2703084736971972,0.006947815631223,0.0270947753987023,-0.0270947753987023
TCEHY_2021-08-12,TCEHY,2021-08-12,61.68999862670898,61.68999862670898,60.54999923706055,61.02999877929688,4516800.0,-0.173930684242501,-0.3815989738623087,-0.2777648290524048,-0.0206996296829968,0.0270334825595057,-0.0270334825595057
TCEHY_2021-08-13,TCEHY,2021-08-13,60.400001525878906,60.52999877929688,59.52999877929688,60.22999954223633,4990400.0,-0.2133995065653944,-0.3922300658968753,-0.3028147862311349,-0.0131082951509403,0.0265954166867551,-0.0265954166867551
TCEHY_2021-08-16,TCEHY,2021-08-16,57.75,58.20000076293945,57.04999923706055,57.52000045776367,7833000.0,-0.2633196835442914,-0.4014568015497595,-0.3323882425470255,-0.0449941740838345,0.0269336942512318,-0.0269336942512318
TCEHY_2021-08-17,TCEHY,2021-08-17,55.400001525878906,56.65999984741211,55.04999923706055,55.150001525878906,11977800.0,-0.3023402985858259,-0.4332545174233392,-0.3677974080045825,-0.0412030409079191,0.0272366827866078,-0.0272366827866078
TCEHY_2021-08-18,TCEHY,2021-08-18,56.31999969482422,58.2400016784668,56.31999969482422,57.20000076293945,9629400.0,-0.2735585177192547,-0.4025485477414512,-0.338053532730353,0.0371713359989409,0.0277579587527256,-0.0277579587527256
TCEHY_2021-08-19,TCEHY,2021-08-19,53.709999084472656,54.65999984741211,53.470001220703125,53.7400016784668,11676200.0,-0.3038859611031315,-0.4372774693354262,-0.3705817152192788,-0.0604894936769726,0.0285788096277716,-0.0285788096277716
TCEHY_2021-08-20,TCEHY,2021-08-20,54.66999816894531,56.38999938964844,54.65999984741211,56.060001373291016,10451800.0,-0.2485254353894075,-0.3791117421104126,-0.3138185887499101,0.0431708154514967,0.0289862501921697,-0.0289862501921697
TCEHY_2021-08-23,TCEHY,2021-08-23,56.209999084472656,57.27999877929688,56.150001525878906,57.13999938964844,7368200.0,-0.245576960638105,-0.3702193621126787,-0.3078981613753919,0.0192650372797167,0.0290335288733968,-0.0290335288733968
TCEHY_2021-08-24,TCEHY,2021-08-24,60.650001525878906,62.650001525878906,60.650001525878906,62.560001373291016,13260200.0,-0.2005111645585813,-0.2986546691297409,-0.2495829168441611,0.0948547784658266,0.0312637764175196,-0.0312637764175196
TCEHY_2021-08-25,TCEHY,2021-08-25,61.18999862670898,61.41999816894531,60.38999938964844,60.88999938964844,8768300.0,-0.2265972717720458,-0.2982597470860451,-0.2624285094290454,-0.0266944045233917,0.0313813846065934,-0.0313813846065934
TCEHY_2021-08-26,TCEHY,2021-08-26,60.54999923706055,60.93999862670898,59.84999847412109,59.959999084472656,6935400.0,-0.2353991266960129,-0.3123853075354798,-0.2738922171157463,-0.0152734490802751,0.0314159276833539,-0.0314159276833539
TCEHY_2021-08-27,TCEHY,2021-08-27,60.18999862670898,60.18999862670898,58.75,58.959999084472656,8778000.0,-0.247767272894341,-0.3542168990832526,-0.3009920859887968,-0.0166777854447793,0.0314549346688713,-0.0314549346688713
TCEHY_2021-08-30,TCEHY,2021-08-30,57.5,58.540000915527344,57.0,58.310001373291016,7845800.0,-0.2819849522145865,-0.3514625848262032,-0.3167237685203948,-0.011024384689192,0.0310429705303806,-0.0310429705303806
TCEHY_2021-08-31,TCEHY,2021-08-31,61.0,62.18000030517578,60.83000183105469,61.65999984741211,7179900.0,-0.2405468900938718,-0.3174673196045889,-0.2790071048492304,0.0574515245279272,0.0320144339788541,-0.0320144339788541
TCEHY_2021-09-01,TCEHY,2021-09-01,62.970001220703125,64.9800033569336,62.84000015258789,64.55999755859375,8588600.0,-0.1760051204095704,-0.257077141254506,-0.2165411308320382,0.0470320745760324,0.0323934542590366,-0.0323934542590366
TCEHY_2021-09-02,TCEHY,2021-09-02,64.16999816894531,64.36000061035156,63.369998931884766,63.369998931884766,6234100.0,-0.203394135753154,-0.2736962873136417,-0.2385452115333978,-0.018432445348669,0.0323722731329149,-0.0323722731329149
TCEHY_2021-09-03,TCEHY,2021-09-03,62.790000915527344,63.369998931884766,62.34999847412109,63.11000061035156,4724700.0,-0.1908974280724158,-0.2322384068932603,-0.2115679174828381,-0.0041028613841807,0.0323045340518155,-0.0323045340518155
TCEHY_2021-09-07,TCEHY,2021-09-07,65.75,67.66999816894531,65.75,67.08999633789062,6740800.0,-0.1353267237476642,-0.2187027577501612,-0.1770147407489127,0.0630644222634699,0.0333519552702519,-0.0333519552702519
TCEHY_2021-09-08,TCEHY,2021-09-08,66.94999694824219,67.05000305175781,65.0199966430664,65.11000061035156,7551000.0,-0.1580240648047642,-0.2302872274604099,-0.1941556461325871,-0.029512532950025,0.0335344830358109,-0.0335344830358109
TCEHY_2021-09-09,TCEHY,2021-09-09,62.18999862670898,63.84999847412109,61.70000076293945,63.2599983215332,9448200.0,-0.1931122820112212,-0.291442661441853,-0.2422774717265371,-0.0284134890412554,0.0336314812438036,-0.0336314812438036
TCEHY_2021-09-10,TCEHY,2021-09-10,62.869998931884766,62.91999816894531,61.900001525878906,62.369998931884766,5982600.0,-0.1920984274947578,-0.2446409208864955,-0.2183696741906267,-0.0140689126345658,0.0336244467579832,-0.0336244467579832
TCEHY_2021-09-13,TCEHY,2021-09-13,61.5,61.77000045776367,60.86000061035156,61.43000030517578,4239400.0,-0.2038621385480579,-0.2564754507017113,-0.2301687946248846,-0.0150713266443305,0.0336583245894981,-0.0336583245894981
TCEHY_2021-09-14,TCEHY,2021-09-14,60.68000030517578,60.79999923706055,59.75,59.93999862670898,5311400.0,-0.2182079032449059,-0.2658910287011931,-0.2420494659730495,-0.0242552770806556,0.0337620331977123,-0.0337620331977123
TCEHY_2021-09-15,TCEHY,2021-09-15,58.25,58.33000183105469,57.0,58.220001220703125,7854400.0,-0.2397492840344413,-0.2821208099124558,-0.2609350469734485,-0.0286953194096242,0.0339112866862469,-0.0339112866862469
TCEHY_2021-09-16,TCEHY,2021-09-16,58.0,58.459999084472656,57.40999984741211,58.27999877929688,4761700.0,-0.2556833140763395,-0.2804938422309027,-0.2680885781536211,0.0010305317302607,0.0337509744168215,-0.0337509744168215
TCEHY_2021-09-17,TCEHY,2021-09-17,59.34999847412109,59.43999862670898,58.29999923706055,58.900001525878906,7374300.0,-0.238821354141658,-0.2872700633967239,-0.263045708769191,0.0106383452225169,0.0337871457750307,-0.0337871457750307
TCEHY_2021-09-20,TCEHY,2021-09-20,57.5,58.20000076293945,56.060001373291016,56.68000030517578,6056800.0,-0.2541123582239283,-0.315210793717921,-0.2846615759709247,-0.0376910214463699,0.0340115710868842,-0.0340115710868842
TCEHY_2021-09-21,TCEHY,2021-09-21,57.4900016784668,58.45000076293945,57.2400016784668,58.09999847412109,4352300.0,-0.2165588510642676,-0.2820956597672794,-0.2493272554157735,0.0250528962826352,0.0341085807298336,-0.0341085807298336
TCEHY_2021-09-22,TCEHY,2021-09-22,58.54999923706055,60.04999923706055,58.40999984741211,58.880001068115234,5906700.0,-0.2140950012393183,-0.2334331084544143,-0.2237640548468663,0.013425174087424,0.0341312671092503,-0.0341312671092503
TCEHY_2021-09-23,TCEHY,2021-09-23,59.52000045776367,59.900001525878906,59.09999847412109,59.79999923706055,3951000.0,-0.2079470299727079,-0.2275897616715844,-0.2177683958221462,0.015624968618479,0.0341865965626935,-0.0341865965626935
TCEHY_2021-09-24,TCEHY,2021-09-24,58.459999084472656,58.790000915527344,58.150001525878906,58.27000045776367,4061600.0,-0.2508356727658665,-0.2804396388954393,-0.2656376558306529,-0.0255852641942622,0.0340318153171923,-0.0340318153171923
TCEHY_2021-09-27,TCEHY,2021-09-27,59.36000061035156,60.47999954223633,58.68000030517578,60.34000015258789,4828000.0,-0.2173800084724872,-0.2331935661392569,-0.2252867873058721,0.0355242779914619,0.0343875221735959,-0.0343875221735959
TCEHY_2021-09-28,TCEHY,2021-09-28,59.75,60.13999938964844,58.88999938964844,59.0,5645800.0,-0.2297649977116795,-0.2515539942971656,-0.2406594960044226,-0.0222074933576283,0.0344679591800263,-0.0344679591800263
TCEHY_2021-09-29,TCEHY,2021-09-29,59.5,59.56999969482422,58.119998931884766,58.29999923706055,5530200.0,-0.225763653728038,-0.2694235963970137,-0.2475936250625259,-0.0118644197108381,0.034441883431389,-0.034441883431389
TCEHY_2021-09-30,TCEHY,2021-09-30,59.0,59.95000076293945,58.97999954223633,59.77000045776367,3972200.0,-0.2005083099268971,-0.2870944290493578,-0.2438013694881274,0.0252144295015472,0.0346269316187187,-0.0346269316187187
TCEHY_2021-10-01,TCEHY,2021-10-01,59.54999923706055,59.720001220703125,58.150001525878906,58.81999969482422,4776600.0,-0.2071708079362977,-0.2943858053724629,-0.2507783066543803,-0.0158942739779761,0.0346605750421226,-0.0346605750421226
TCEHY_2021-10-04,TCEHY,2021-10-04,58.47999954223633,58.79999923706055,57.27999877929688,57.83000183105469,6627000.0,-0.1926566515637383,-0.3168340131290476,-0.2547453323463929,-0.0168309736298186,0.0344731811960006,-0.0344731811960006
TCEHY_2021-10-05,TCEHY,2021-10-05,57.41999816894531,58.9900016784668,57.41999816894531,58.5,3800200.0,-0.1633294975401967,-0.2525871661043152,-0.2079583318222559,0.011585650142337,0.0344130960331552,-0.0344130960331552
TCEHY_2021-10-06,TCEHY,2021-10-06,57.650001525878906,58.25,56.88999938964844,58.11000061035156,5788200.0,-0.1417811047692448,-0.2775083875436451,-0.209644746156445,-0.0066666562333066,0.0342127205289645,-0.0342127205289645
TCEHY_2021-10-07,TCEHY,2021-10-07,60.470001220703125,63.43000030517578,58.20000076293945,62.63999938964844,10784800.0,-0.1148791527350523,-0.2112817825001935,-0.1630804676176229,0.0779555796199718,0.0351747603955487,-0.0351747603955487
TCEHY_2021-10-08,TCEHY,2021-10-08,62.79999923706055,63.2599983215332,61.59999847412109,63.18999862670898,6036500.0,-0.0760345198032935,-0.2026498595998866,-0.1393421897015901,0.0087803199619991,0.0349516997050009,-0.0349516997050009
TCEHY_2021-10-11,TCEHY,2021-10-11,63.459999084472656,63.900001525878906,62.20000076293945,62.27999877929688,4637700.0,-0.1223224410536262,-0.2209157258289258,-0.171619083441276,-0.0144010107167095,0.0346468000744747,-0.0346468000744747
TCEHY_2021-10-12,TCEHY,2021-10-12,61.75,62.18999862670898,61.02000045776367,61.27999877929688,4467700.0,-0.1468746036867935,-0.2277252683340314,-0.1872999360104124,-0.016056519261404,0.0346493554967749,-0.0346493554967749
TCEHY_2021-10-13,TCEHY,2021-10-13,61.709999084472656,63.84999847412109,61.709999084472656,63.5,5323500.0,-0.1257055982194507,-0.2060515462019534,-0.165878572210702,0.0362271746887359,0.0349448859482525,-0.0349448859482525
TCEHY_2021-10-14,TCEHY,2021-10-14,63.45000076293945,63.45000076293945,62.2599983215332,62.86000061035156,5398800.0,-0.1204701338084971,-0.2239506097487461,-0.1722103717786216,-0.0100787305456446,0.0349134827735636,-0.0349134827735636
TCEHY_2021-10-15,TCEHY,2021-10-15,63.63999938964844,64.27999877929688,63.34999847412109,63.9900016784668,5533800.0,-0.0854651913378405,-0.1962064917991436,-0.1408358415684921,0.0179764724330777,0.0349066816144582,-0.0349066816144582
TCEHY_2021-10-18,TCEHY,2021-10-18,63.630001068115234,64.4800033569336,63.060001373291016,64.06999969482422,5918400.0,-0.0827487316472643,-0.1848600389487392,-0.1338043852980018,0.0012501643109714,0.0349074525128839,-0.0349074525128839
TCEHY_2021-10-19,TCEHY,2021-10-19,64.26000213623047,65.62999725341797,64.0999984741211,65.56999969482422,5777100.0,-0.0618114141157664,-0.1782178350362179,-0.1200146245759921,0.0234118933532814,0.0350399836432184,-0.0350399836432184
TCEHY_2021-10-20,TCEHY,2021-10-20,65.80999755859375,66.0,65.01000213623047,65.30000305175781,5140200.0,-0.0623204534165423,-0.1927308252630014,-0.1275256393397719,-0.0041176855928477,0.0350408382145428,-0.0350408382145428
TCEHY_2021-10-21,TCEHY,2021-10-21,64.7300033569336,65.6500015258789,64.69999694824219,65.02999877929688,4823900.0,-0.0278068564407761,-0.2050122695209431,-0.1164095629808596,-0.0041348278689501,0.0346863277247899,-0.0346863277247899
TCEHY_2021-10-22,TCEHY,2021-10-22,65.23999786376953,66.04000091552734,64.22000122070312,64.58999633789062,3703800.0,0.0732800932261803,-0.1956414211309707,-0.0611806639523951,-0.0067661456199554,0.0322319949062928,-0.0322319949062928
TCEHY_2021-10-25,TCEHY,2021-10-25,64.8499984741211,65.16000366210938,63.84999847412109,65.04000091552734,4175200.0,0.104244469110085,-0.1917484785772065,-0.0437520047335607,0.0069670940261801,0.0321045225559067,-0.0321045225559067
TCEHY_2021-10-26,TCEHY,2021-10-26,64.9000015258789,64.9000015258789,61.27999877929688,62.77999877929688,5703800.0,0.0170095455183363,-0.2274181992507494,-0.1052043268662065,-0.0347478798342224,0.0318862231258997,-0.0318862231258997
TCEHY_2021-10-27,TCEHY,2021-10-27,62.459999084472656,63.540000915527344,62.20000076293945,62.83000183105469,4820500.0,0.0138776923254966,-0.2252773981111274,-0.1056998528928154,0.0007964806105458,0.031883714277704,-0.031883714277704
TCEHY_2021-10-28,TCEHY,2021-10-28,62.720001220703125,62.880001068115234,61.900001525878906,62.720001220703125,4767500.0,0.0248366084773667,-0.2126537994306399,-0.0939085954766365,-0.001750765671587,0.0318411008847362,-0.0318411008847362
TCEHY_2021-10-29,TCEHY,2021-10-29,61.58000183105469,61.650001525878906,60.33000183105469,60.790000915527344,6116900.0,-0.0086431634366366,-0.2413577561562399,-0.1250004597964382,-0.0307716879402533,0.0320893136180123,-0.0320893136180123
TCEHY_2021-11-01,TCEHY,2021-11-01,60.20000076293945,62.29999923706055,60.0099983215332,61.93000030517578,10868400.0,0.0897413040612327,-0.2130876403222145,-0.0616731681304908,0.0187530740661208,0.0307518567216405,-0.0307518567216405
TCEHY_2021-11-02,TCEHY,2021-11-02,59.72999954223633,59.75,58.060001373291016,58.310001373291016,15451100.0,-0.0140344610233915,-0.2590850872378158,-0.1365597741306037,-0.0584530746656919,0.0312642125037821,-0.0312642125037821
TCEHY_2021-11-03,TCEHY,2021-11-03,60.0099983215332,60.68999862670898,59.65999984741211,60.61000061035156,5596600.0,0.0559233275111572,-0.2265186301907095,-0.0852976513397761,0.0394443351550677,0.0314135918349043,-0.0314135918349043
TCEHY_2021-11-04,TCEHY,2021-11-04,61.81999969482422,61.93999862670898,59.83000183105469,60.20000076293945,10560500.0,0.0431467980933784,-0.2299820858538164,-0.093417643880219,-0.0067645577179236,0.0314256360601726,-0.0314256360601726
TCEHY_2021-11-05,TCEHY,2021-11-05,59.7599983215332,60.0,58.20000076293945,58.59000015258789,16666600.0,-0.0323699274842106,-0.217757023244595,-0.1250634753644028,-0.0267441958463017,0.0310062412431151,-0.0310062412431151
TCEHY_2021-11-08,TCEHY,2021-11-08,59.310001373291016,60.150001525878906,59.310001373291016,59.79999923706055,8536000.0,-0.0337695940087124,-0.2183006635678359,-0.1260351287882742,0.0206519727141392,0.030989733223242,-0.030989733223242
TCEHY_2021-11-09,TCEHY,2021-11-09,59.81999969482422,60.22999954223633,59.11000061035156,59.84999847412109,9963000.0,-0.0396341661232111,-0.210734576962509,-0.1251843715428601,0.0008361076538201,0.0309769450538706,-0.0309769450538706
TCEHY_2021-11-10,TCEHY,2021-11-10,60.0,61.93000030517578,59.900001525878906,61.84000015258789,8969500.0,0.0132721839995477,-0.1629669402873869,-0.0748473781439195,0.0332498200367921,0.0311456710423355,-0.0311456710423355
TCEHY_2021-11-11,TCEHY,2021-11-11,61.79999923706055,62.93999862670898,61.43000030517578,62.459999084472656,8530100.0,0.0370247311835447,-0.1842758347471345,-0.0736255517817948,0.0100258559242389,0.0311168431660931,-0.0311168431660931
TCEHY_2021-11-12,TCEHY,2021-11-12,62.630001068115234,62.95000076293945,62.02000045776367,62.70000076293945,5979200.0,0.0900556374122318,-0.1969774680768278,-0.0534609153322979,0.0038424861028609,0.030554579424825,-0.030554579424825
TCEHY_2021-11-15,TCEHY,2021-11-15,63.0,63.380001068115234,62.41999816894531,62.4900016784668,7274100.0,0.133091567534112,-0.2094876753192329,-0.0381980538925604,-0.0033492676541845,0.0300630763410978,-0.0300630763410978
TCEHY_2021-11-16,TCEHY,2021-11-16,64.54000091552734,65.05000305175781,63.560001373291016,64.62000274658203,7662800.0,0.1297203126691228,-0.1793243015019753,-0.0248019944164262,0.0340854698496384,0.0300080119335514,-0.0300080119335514
TCEHY_2021-11-17,TCEHY,2021-11-17,64.80999755859375,65.0,63.81999969482422,64.2300033569336,4492900.0,0.1951991319469954,-0.1680051049743456,0.0135970134863249,-0.0060352734922943,0.028933062397991,-0.028933062397991
TCEHY_2021-11-18,TCEHY,2021-11-18,62.40999984741211,62.97999954223633,61.75,62.400001525878906,5005800.0,0.1130931144716043,-0.1635388364314027,-0.0252228609798992,-0.0284913861966525,0.0287459165274071,-0.0287459165274071
TCEHY_2021-11-19,TCEHY,2021-11-19,63.11000061035156,63.95000076293945,62.7599983215332,63.20000076293945,3183300.0,0.1060553279317824,-0.1655663777992873,-0.0297555249337524,0.0128205002804169,0.0286952757958761,-0.0286952757958761
TCEHY_2021-11-22,TCEHY,2021-11-22,62.59999847412109,63.0,61.2599983215332,61.59000015258789,4672700.0,-0.0155051342616697,-0.2129073462928065,-0.1142062402772381,-0.0254746928942392,0.0263214597312357,-0.0263214597312357
TCEHY_2021-11-23,TCEHY,2021-11-23,61.290000915527344,61.79999923706055,60.0099983215332,60.2599983215332,8318300.0,-0.010346544168669,-0.2345993172598255,-0.1224729307142473,-0.0215944443539476,0.026245490924143,-0.026245490924143
TCEHY_2021-11-24,TCEHY,2021-11-24,59.0099983215332,60.16999816894531,58.380001068115234,59.9900016784668,6254900.0,0.000500376825421,-0.2350165381383148,-0.1172580806564468,-0.0044805285527186,0.0261781965443101,-0.0261781965443101
TCEHY_2021-11-26,TCEHY,2021-11-26,58.900001525878906,59.38999938964844,58.33000183105469,59.310001373291016,4134200.0,0.0059362668631812,-0.2433018186830231,-0.1186827759099209,-0.0113352273070508,0.0261307850996498,-0.0261307850996498
TCEHY_2021-11-29,TCEHY,2021-11-29,58.869998931884766,59.20000076293945,58.040000915527344,58.66999816894531,6306800.0,0.0061738430316551,-0.277552040015193,-0.1356890984917689,-0.0107908141886152,0.0261291507823712,-0.0261291507823712
TCEHY_2021-11-30,TCEHY,2021-11-30,58.88999938964844,59.400001525878906,57.869998931884766,58.45000076293945,5091300.0,-0.0520596674086333,-0.2800837664080372,-0.1660717169083352,-0.0037497428476537,0.0250920803309776,-0.0250920803309776
TCEHY_2021-12-01,TCEHY,2021-12-01,60.34000015258789,60.869998931884766,59.040000915527344,59.22999954223633,4350700.0,-0.0825588323717018,-0.2440331755488173,-0.1632960039602595,0.0133447180344852,0.0244116395101577,-0.0244116395101577
TCEHY_2021-12-02,TCEHY,2021-12-02,59.95000076293945,60.4900016784668,58.720001220703125,59.709999084472656,5062100.0,-0.0577560345447721,-0.2494029315671629,-0.1535794830559675,0.0081039936847213,0.0243361552443183,-0.0243361552443183
TCEHY_2021-12-03,TCEHY,2021-12-03,58.11000061035156,58.18999862670898,56.22999954223633,56.7599983215332,9461600.0,-0.1006180039202345,-0.2723077138264974,-0.186462858873366,-0.0494054732569337,0.0250970855667012,-0.0250970855667012
TCEHY_2021-12-06,TCEHY,2021-12-06,56.790000915527344,58.52000045776367,56.209999084472656,58.45000076293945,4911100.0,-0.1287821738942551,-0.2466812279717077,-0.1877317009329814,0.0297745329700813,0.0240469550063942,-0.0240469550063942
TCEHY_2021-12-07,TCEHY,2021-12-07,59.650001525878906,59.9900016784668,59.25,59.72999954223633,3396300.0,-0.0826294120362808,-0.2275960412786443,-0.1551127266574625,0.0218990378543924,0.0239670869114835,-0.0239670869114835
TCEHY_2021-12-08,TCEHY,2021-12-08,59.150001525878906,61.09000015258789,59.150001525878906,60.34000015258789,3354300.0,-0.0461586823651775,-0.2303571558902282,-0.1382579191277028,0.0102126337690697,0.023749817048505,-0.023749817048505
TCEHY_2021-12-09,TCEHY,2021-12-09,59.54999923706055,60.77000045776367,59.130001068115234,59.5099983215332,4268100.0,-0.0458553897599872,-0.2291450689896922,-0.1375002293748397,-0.0137554164560121,0.0237469551848967,-0.0237469551848967
TCEHY_2021-12-10,TCEHY,2021-12-10,59.43000030517578,59.88999938964844,58.650001525878906,59.43999862670898,3684800.0,-0.0323946226368345,-0.22965272413669,-0.1310236733867623,-0.0011762678003454,0.0236735519622726,-0.0236735519622726
TCEHY_2021-12-13,TCEHY,2021-12-13,59.61000061035156,59.61000061035156,58.36000061035156,58.97999954223633,3892200.0,-0.0160160011088968,-0.2307290863334623,-0.1233725437211796,-0.0077388811423348,0.023494173825317,-0.023494173825317
TCEHY_2021-12-14,TCEHY,2021-12-14,57.97999954223633,58.88999938964844,57.91999816894531,58.77000045776367,3086200.0,0.0094469121526739,-0.2325672623067072,-0.1115601750770166,-0.0035605134978388,0.0232104779029249,-0.0232104779029249
TCEHY_2021-12-15,TCEHY,2021-12-15,58.18999862670898,58.27999877929688,56.720001220703125,57.63999938964844,4541500.0,-0.0109814585287155,-0.2638569968950411,-0.1374192277118783,-0.0192275150470235,0.0233417451356961,-0.0233417451356961
TCEHY_2021-12-16,TCEHY,2021-12-16,58.209999084472656,58.470001220703125,56.61000061035156,56.790000915527344,5902600.0,-0.0358234389760497,-0.2660893909114366,-0.1509564149437431,-0.0147466773615848,0.0233758283843449,-0.0233758283843449
TCEHY_2021-12-17,TCEHY,2021-12-17,56.34999847412109,56.77999877929688,55.209999084472656,56.2400016784668,6797900.0,-0.0077628550518692,-0.2599025758720165,-0.1338327154619428,-0.0096847900720876,0.022915264665269,-0.022915264665269
TCEHY_2021-12-20,TCEHY,2021-12-20,55.0,55.41999816894531,54.380001068115234,54.81999969482422,4770400.0,-0.0564543694567882,-0.2607875271339361,-0.1586209482953622,-0.025248967661149,0.0229093233208858,-0.0229093233208858
TCEHY_2021-12-21,TCEHY,2021-12-21,56.36000061035156,57.97999954223633,56.13999938964844,57.93999862670898,5353100.0,-0.0159647150875357,-0.2266417506304028,-0.1213032328589692,0.0569135160389162,0.023971298926296,-0.023971298926296
TCEHY_2021-12-22,TCEHY,2021-12-22,56.5,57.290000915527344,56.09000015258789,56.959999084472656,4464300.0,-0.0474916419535307,-0.2455629260334747,-0.1465272839935027,-0.0169140415164691,0.0239803073331709,-0.0239803073331709
TCEHY_2021-12-23,TCEHY,2021-12-23,58.83000183105469,60.790000915527344,58.790000915527344,60.2599983215332,5446600.0,0.0341513274092379,-0.225250716543172,-0.095549694566967,0.0579353807953295,0.0248630618154279,-0.0248630618154279
TCEHY_2021-12-27,TCEHY,2021-12-27,59.65999984741211,60.22999954223633,59.20000076293945,59.380001068115234,2640600.0,-0.0159098290030661,-0.229831358712071,-0.1228705938575686,-0.0146033401581345,0.0245349365638423,-0.0245349365638423
TCEHY_2021-12-28,TCEHY,2021-12-28,57.75,58.0,57.09000015258789,57.130001068115234,3437200.0,-0.0316948971505892,-0.2541775168909918,-0.1429362070207905,-0.0378915452934904,0.0248419591565139,-0.0248419591565139
TCEHY_2021-12-29,TCEHY,2021-12-29,56.93000030517578,57.29999923706055,56.400001525878906,56.81999969482422,3476400.0,-0.0253859273002444,-0.2454183613277051,-0.1354021443139748,-0.0054262448362534,0.0248064604203064,-0.0248064604203064
TCEHY_2021-12-30,TCEHY,2021-12-30,56.9900016784668,60.0,56.77000045776367,59.20000076293945,4636900.0,-0.0095365516221972,-0.208132703700797,-0.1088346276614971,0.0418866786500886,0.0251672674448761,-0.0251672674448761
TCEHY_2021-12-31,TCEHY,2021-12-31,59.20000076293945,59.56999969482422,58.29999923706055,58.29999923706055,2469200.0,-0.0088405382601426,-0.2141798447424948,-0.1115101915013187,-0.0152027282817591,0.0251603036183773,-0.0251603036183773
TCEHY_2022-01-03,TCEHY,2022-01-03,58.11000061035156,58.47999954223633,57.45000076293945,58.2400016784668,3388700.0,0.0070897429436347,-0.1869327947560718,-0.0899215259062185,-0.0010291176565849,0.0250667012677327,-0.0250667012677327
TCEHY_2022-01-04,TCEHY,2022-01-04,58.2400016784668,58.2400016784668,56.84000015258789,57.369998931884766,4111100.0,-0.0193162575746194,-0.1794908404707965,-0.0994035490227079,-0.0149382335423884,0.025098838767442,-0.025098838767442
TCEHY_2022-01-05,TCEHY,2022-01-05,55.34999847412109,56.38999938964844,54.720001220703125,54.79999923706055,6705100.0,-0.056960959189895,-0.1906660762364808,-0.1238135177131879,-0.044796927709125,0.0257143285865463,-0.0257143285865463
TCEHY_2022-01-06,TCEHY,2022-01-06,55.91999816894531,57.25,55.290000915527344,56.31999969482422,3958200.0,-0.1008939935569129,-0.2041825297960913,-0.1525382616765021,0.0277372350168887,0.0239580493785184,-0.0239580493785184
TCEHY_2022-01-07,TCEHY,2022-01-07,56.70000076293945,57.45000076293945,56.43000030517578,57.150001525878906,6232700.0,-0.0955847006187005,-0.1643514836099096,-0.129968092114305,0.0147372485005705,0.0240105927443647,-0.0240105927443647
TCEHY_2022-01-10,TCEHY,2022-01-10,57.75,58.22999954223633,57.0099983215332,58.13999938964844,5479500.0,-0.0664739799420911,-0.180665161502651,-0.123569570722371,0.0173227968037976,0.0240642233211734,-0.0240642233211734
TCEHY_2022-01-11,TCEHY,2022-01-11,59.0,60.77999877929688,58.79999923706055,60.70000076293945,4789900.0,-0.0094647197766162,-0.1549491964972126,-0.0822069581369144,0.0440316718294773,0.0246340985108103,-0.0246340985108103
TCEHY_2022-01-12,TCEHY,2022-01-12,62.27999877929688,62.93999862670898,61.84000015258789,62.560001373291016,6737300.0,-0.014803127979669,-0.1386478901409163,-0.0767255090602927,0.0306425137886849,0.0245119156144039,-0.0245119156144039
TCEHY_2022-01-13,TCEHY,2022-01-13,61.20000076293945,61.400001525878906,59.43999862670898,59.540000915527344,5104600.0,-0.0528157757331853,-0.166923185971906,-0.1098694808525456,-0.0482736635465135,0.0252285601103159,-0.0252285601103159
TCEHY_2022-01-14,TCEHY,2022-01-14,60.720001220703125,60.93000030517578,59.900001525878906,60.66999816894531,5770900.0,-0.0518831602193674,-0.1329141473418479,-0.0923986537806076,0.0189787913342689,0.0252407436228866,-0.0252407436228866
TCEHY_2022-01-18,TCEHY,2022-01-18,57.18000030517578,58.130001068115234,56.619998931884766,57.54999923706055,6745000.0,-0.1017637035870062,-0.1760916178347177,-0.138927660710862,-0.0514257297848704,0.0260405544966062,-0.0260405544966062
TCEHY_2022-01-19,TCEHY,2022-01-19,57.4900016784668,58.29999923706055,57.2599983215332,57.59999847412109,5555800.0,-0.1215495082781317,-0.1758477754021508,-0.1486986418401412,0.0008687964852021,0.0258487340574948,-0.0258487340574948
TCEHY_2022-01-20,TCEHY,2022-01-20,61.06999969482422,62.0,60.33000183105469,60.5,5855700.0,-0.0735069345701753,-0.1312464024950442,-0.1023766685326098,0.0503472500469222,0.0266653544735857,-0.0266653544735857
TCEHY_2022-01-21,TCEHY,2022-01-21,60.470001220703125,60.70000076293945,59.33000183105469,59.65999984741211,5418200.0,-0.0825772571534227,-0.1080878996592606,-0.0953325784063417,-0.013884300042775,0.0267129064793097,-0.0267129064793097
TCEHY_2022-01-24,TCEHY,2022-01-24,58.650001525878906,59.34999847412109,57.5099983215332,59.20000076293945,7616400.0,-0.0834493866008972,-0.0162844722044982,-0.0498669294026977,-0.0077103433732679,0.0267164491572248,-0.0267164491572248
TCEHY_2022-01-25,TCEHY,2022-01-25,58.619998931884766,60.380001068115234,58.59999847412109,60.09999847412109,6320300.0,-0.0759532960004448,0.0203734620909123,-0.0277899169547662,0.0152026638443061,0.0267762970961568,-0.0267762970961568
TCEHY_2022-01-26,TCEHY,2022-01-26,61.18000030517578,61.25,59.0,59.43000030517578,5377600.0,-0.0533609197078518,-0.0372590191821865,-0.0453099694450191,-0.0111480563387003,0.0264583269497079,-0.0264583269497079
TCEHY_2022-01-27,TCEHY,2022-01-27,59.459999084472656,60.0,58.81999969482422,59.38999938964844,5798700.0,-0.0547509524296396,-0.0416330769764895,-0.0481920147030646,-0.0006730761454136,0.0264577901362973,-0.0264577901362973
TCEHY_2022-01-28,TCEHY,2022-01-28,59.04999923706055,59.18000030517578,57.84000015258789,59.09999847412109,6262200.0,-0.0577168794025328,-0.0343137624614222,-0.0460153209319775,-0.0048829923978396,0.0264630269270678,-0.0264630269270678
TCEHY_2022-01-31,TCEHY,2022-01-31,60.369998931884766,62.650001525878906,60.29999923706055,62.540000915527344,6697900.0,0.0287876291107771,0.0198956494907827,0.0243416393007799,0.0582064725925937,0.0271911090079925,-0.0271911090079925
TCEHY_2022-02-01,TCEHY,2022-02-01,62.709999084472656,62.77999877929688,61.95000076293945,62.75,5281300.0,0.0132407506989093,0.1041702969946121,0.0587055238467607,0.0033578362871515,0.027096297542708,-0.027096297542708
TCEHY_2022-02-02,TCEHY,2022-02-02,62.619998931884766,62.75,61.54999923706055,62.119998931884766,6016300.0,0.0653403784747452,0.0503889004563962,0.0578646394655707,-0.0100398576592068,0.0260621805393645,-0.0260621805393645
TCEHY_2022-02-03,TCEHY,2022-02-03,61.369998931884766,62.34999847412109,61.209999084472656,61.68000030517578,7105200.0,0.0176538472867375,0.074564436681543,0.0461091419841402,-0.0070830430501366,0.025620407374089,-0.025620407374089
TCEHY_2022-02-04,TCEHY,2022-02-04,61.060001373291016,62.2400016784668,60.810001373291016,61.84999847412109,4810800.0,0.027408599506155,0.0717379909084479,0.0495732952073014,0.002756131130094,0.025604346626021,-0.025604346626021
TCEHY_2022-02-07,TCEHY,2022-02-07,60.83000183105469,61.25,60.54999923706055,60.95000076293945,6642400.0,0.0402799215600842,0.0066061359359039,0.023443028747994,-0.0145512972253055,0.025438716618475,-0.025438716618475
TCEHY_2022-02-08,TCEHY,2022-02-08,60.54999923706055,61.75,60.5099983215332,61.560001373291016,5175900.0,0.0294314742254999,-0.0053320087188855,0.0120497327533072,0.010008213334141,0.0253408714440358,-0.0253408714440358
TCEHY_2022-02-09,TCEHY,2022-02-09,62.040000915527344,63.0,61.95000076293945,62.970001220703125,6214400.0,0.052130373034698,0.0104300630465645,0.0312802180406313,0.0229044804411564,0.0254937997597396,-0.0254937997597396
TCEHY_2022-02-10,TCEHY,2022-02-10,61.11000061035156,62.68999862670898,61.09999847412109,61.33000183105469,5068000.0,-0.0082470621001746,0.0049156653737238,-0.0016656983632253,-0.0260441378093739,0.0253829545750581,-0.0253829545750581
TCEHY_2022-02-11,TCEHY,2022-02-11,61.22999954223633,61.540000915527344,59.900001525878906,60.20000076293945,4203300.0,-0.0361831308783197,-0.0004980703889236,-0.0183406006336216,-0.0184249312632998,0.0254580061720703,-0.0254580061720703
TCEHY_2022-02-14,TCEHY,2022-02-14,60.150001525878906,60.45000076293945,59.52999877929688,60.13999938964844,4309500.0,-0.0408293674982565,0.0455493551987817,0.0023599938502626,-0.0009967005403752,0.0254527045401105,-0.0254527045401105
TCEHY_2022-02-15,TCEHY,2022-02-15,60.5,61.11000061035156,60.36000061035156,61.06999969482422,4995000.0,-0.0227236669147329,0.1073435721695743,0.0423099526274207,0.0154639227571369,0.0255271368800387,-0.0255271368800387
TCEHY_2022-02-16,TCEHY,2022-02-16,60.63999938964844,61.720001220703125,60.56999969482422,61.0099983215332,6189000.0,-0.0558651233613538,0.0666083480380352,0.0053716123383407,-0.0009825016143908,0.0251504364745628,-0.0251504364745628
TCEHY_2022-02-17,TCEHY,2022-02-17,61.0,61.72999954223633,60.209999084472656,60.630001068115234,3098800.0,-0.0560486081374265,0.128209884154306,0.0360806380084397,-0.0062284422860547,0.0251511212402532,-0.0251511212402532
TCEHY_2022-02-18,TCEHY,2022-02-18,59.88999938964844,59.97999954223633,58.83000183105469,59.09999847412109,2350500.0,-0.0528846629977921,0.0542275602276105,0.0006714486149091,-0.0252350745017347,0.0250961755525083,-0.0250961755525083
TCEHY_2022-02-22,TCEHY,2022-02-22,57.04999923706055,57.630001068115234,56.290000915527344,56.34000015258789,2746100.0,-0.1085443121446017,-0.0140006868324447,-0.0612724994885232,-0.0467004804195003,0.0256977183574775,-0.0256977183574775
TCEHY_2022-02-23,TCEHY,2022-02-23,56.77999877929688,57.0,55.52999877929688,55.81999969482422,3625900.0,-0.0936840468171557,-0.1077365973547489,-0.1007103220859523,-0.00922968506133,0.0255342405444292,-0.0255342405444292
TCEHY_2022-02-24,TCEHY,2022-02-24,53.52000045776367,55.63999938964844,53.38999938964844,55.58000183105469,3429300.0,-0.0776634022707261,-0.0872063986175121,-0.0824349004441191,-0.0042994959706491,0.0254045274310818,-0.0254045274310818
TCEHY_2022-02-25,TCEHY,2022-02-25,54.209999084472656,54.95000076293945,53.630001068115234,54.4900016784668,3425000.0,-0.0916819444259859,-0.0912274431208651,-0.0914546937734255,-0.0196113730960488,0.0255095915490442,-0.0255095915490442
TCEHY_2022-02-28,TCEHY,2022-02-28,53.810001373291016,54.34000015258789,53.310001373291016,53.790000915527344,2954300.0,-0.0930703141114659,-0.0876865374698903,-0.0903784257906781,-0.0128464074394785,0.0255199776845835,-0.0255199776845835
TCEHY_2022-03-01,TCEHY,2022-03-01,54.29999923706055,55.0,54.060001373291016,54.56999969482422,3282200.0,-0.0698823692190137,-0.0641399689655969,-0.0670111690923053,0.0145008136460491,0.0255660485615953,-0.0255660485615953
TCEHY_2022-03-02,TCEHY,2022-03-02,53.95000076293945,54.2599983215332,53.34000015258789,53.95000076293945,3849700.0,-0.0769888783791642,-0.1250405303852145,-0.1010147043821894,-0.0113615344576146,0.0255980401851455,-0.0255980401851455
TCEHY_2022-03-03,TCEHY,2022-03-03,53.150001525878906,53.43999862670898,52.02000045776367,52.20000076293945,3080600.0,-0.1186898334227379,-0.1914497717326667,-0.1550698025777023,-0.0324374416172789,0.0258344481248835,-0.0258344481248835
TCEHY_2022-03-04,TCEHY,2022-03-04,50.720001220703125,51.459999084472656,50.08000183105469,50.38999938964844,4110700.0,-0.1560877547768686,-0.204828779564732,-0.1804582671708003,-0.0346743553033828,0.0261336842407877,-0.0261336842407877
TCEHY_2022-03-07,TCEHY,2022-03-07,50.400001525878906,50.70000076293945,48.709999084472656,48.84999847412109,3524700.0,-0.1393587047449097,-0.2259547139648021,-0.1826567093548559,-0.0305616379079319,0.0256905780971188,-0.0256905780971188
TCEHY_2022-03-08,TCEHY,2022-03-08,49.119998931884766,49.66999816894531,48.38999938964844,48.70000076293945,4997000.0,-0.1668092364881891,-0.2741093542818543,-0.2204592953850217,-0.0030705776021896,0.0253654101577718,-0.0253654101577718
TCEHY_2022-03-09,TCEHY,2022-03-09,49.81999969482422,50.75,49.52000045776367,50.75,2188200.0,-0.1503432046050223,-0.2205498460411399,-0.1854465253230811,0.042094439526592,0.0258035604453086,-0.0258035604453086
TCEHY_2022-03-10,TCEHY,2022-03-10,48.15999984741211,48.45000076293945,47.20000076293945,47.209999084472656,5173000.0,-0.2176002823154137,-0.2537148223666211,-0.2356575523410174,-0.0697537126212284,0.02711380990429,-0.02711380990429
TCEHY_2022-03-11,TCEHY,2022-03-11,47.22999954223633,47.2599983215332,44.59999847412109,44.7599983215332,6244100.0,-0.2478575099314501,-0.2823472969685908,-0.2651024034500205,-0.0518958019583029,0.0277638951141071,-0.0277638951141071
TCEHY_2022-03-14,TCEHY,2022-03-14,41.400001525878906,42.150001525878906,40.130001068115234,40.7599983215332,9795600.0,-0.3142664996089357,-0.3364805775835399,-0.3253735385962378,-0.089365508266243,0.0297636566405331,-0.0297636566405331
TCEHY_2022-03-15,TCEHY,2022-03-15,38.11000061035156,40.43000030517578,37.91999816894531,39.41999816894531,11952700.0,-0.3316378691946894,-0.3423423578228119,-0.3369901135087507,-0.0328753731052039,0.0299615439797327,-0.0299615439797327
TCEHY_2022-03-16,TCEHY,2022-03-16,47.20000076293945,52.95000076293945,47.11000061035156,52.59999847412109,10796100.0,-0.1049855697734218,-0.096530447075696,-0.1007580084245589,0.3343480699488934,0.0523062816523842,-0.0523062816523842
TCEHY_2022-03-17,TCEHY,2022-03-17,48.84000015258789,49.040000915527344,47.27000045776367,48.58000183105469,7013800.0,-0.1571824714526425,-0.16643783718966,-0.1618101543211512,-0.0764257939103214,0.0531254009247653,-0.0531254009247653
TCEHY_2022-03-18,TCEHY,2022-03-18,48.06999969482422,52.20000076293945,47.79999923706055,51.70000076293945,7336100.0,-0.0896284569559885,-0.1222410963737579,-0.1059347766648732,0.0642239360701364,0.0537353652863935,-0.0537353652863935
TCEHY_2022-03-21,TCEHY,2022-03-21,48.31999969482422,48.95000076293945,47.02999877929688,48.0099983215332,3723900.0,-0.1463371819223238,-0.152964042642231,-0.1496506122822774,-0.0713733537128182,0.0544676530747411,-0.0544676530747411
TCEHY_2022-03-22,TCEHY,2022-03-22,49.84999847412109,50.9900016784668,49.68000030517578,50.61000061035156,4281100.0,-0.0767967732197951,-0.1289156292681439,-0.1028562012439695,0.0541554338620382,0.0548197749079166,-0.0548197749079166
TCEHY_2022-03-23,TCEHY,2022-03-23,47.0099983215332,48.86000061035156,46.20000076293945,47.86000061035156,11072000.0,-0.1739730454827931,-0.1871603304662852,-0.1805666879745391,-0.0543370868768083,0.0547506160238051,-0.0547506160238051
TCEHY_2022-03-24,TCEHY,2022-03-24,46.86000061035156,46.9900016784668,45.81999969482422,46.209999084472656,5545900.0,-0.1887289356177405,-0.2272575305346426,-0.2079932330761915,-0.0344755851407579,0.0548738602583591,-0.0548738602583591
TCEHY_2022-03-25,TCEHY,2022-03-25,45.84000015258789,46.16999816894531,45.0099983215332,45.68000030517578,4759400.0,-0.2419515171335049,-0.2160631552030552,-0.22900733616828,-0.0114693527331179,0.0543456307423872,-0.0543456307423872
TCEHY_2022-03-28,TCEHY,2022-03-28,46.54999923706055,47.58000183105469,46.45000076293945,47.41999816894531,5205200.0,-0.2014146629174107,-0.2141200190747506,-0.2077673409960806,0.0380910212816347,0.0545705589580276,-0.0545705589580276
TCEHY_2022-03-29,TCEHY,2022-03-29,49.119998931884766,50.09000015258789,48.880001068115234,49.380001068115234,5332200.0,-0.1356555199563149,-0.163050829353979,-0.149353174655147,0.041332833716841,0.0546487620057868,-0.0546487620057868
TCEHY_2022-03-30,TCEHY,2022-03-30,48.650001525878906,49.220001220703125,48.09999847412109,48.33000183105469,2268900.0,-0.1494191817910708,-0.1710119646051052,-0.160215573198088,-0.0212636535915049,0.0547058819605842,-0.0547058819605842
TCEHY_2022-03-31,TCEHY,2022-03-31,47.59999847412109,47.68999862670898,46.29999923706055,46.41999816894531,2832900.0,-0.2158784194137158,-0.2233562353450559,-0.2196173273793858,-0.0395200411699983,0.0546320634156538,-0.0546320634156538
TCEHY_2022-04-01,TCEHY,2022-04-01,49.5,50.400001525878906,48.630001068115234,49.13999938964844,2831900.0,-0.1571183527836003,-0.1645698802345889,-0.1608441165090946,0.0585954616112585,0.0551448638295326,-0.0551448638295326
TCEHY_2022-04-04,TCEHY,2022-04-04,49.66999816894531,50.5,49.38999938964844,50.36000061035156,3843700.0,-0.135302212242702,-0.129171727203573,-0.1322369697231375,0.0248270499767266,0.0552435321130535,-0.0552435321130535
TCEHY_2022-04-05,TCEHY,2022-04-05,50.08000183105469,50.15999984741211,48.54999923706055,48.619998931884766,3534900.0,-0.1525187408559802,-0.168888907147269,-0.1607038240016246,-0.0345512640464332,0.0553787047984379,-0.0553787047984379
TCEHY_2022-04-06,TCEHY,2022-04-06,48.290000915527344,48.43000030517578,47.130001068115234,47.560001373291016,4618500.0,-0.1321167511782228,-0.1815522134959537,-0.1568344823370883,-0.0218016779490015,0.055162520662787,-0.055162520662787
TCEHY_2022-04-07,TCEHY,2022-04-07,47.45000076293945,47.70000076293945,46.68000030517578,46.970001220703125,2717800.0,-0.1660155988065524,-0.25015961560713,-0.2080876072068412,-0.0124053855246359,0.0550581318728256,-0.0550581318728256
TCEHY_2022-04-08,TCEHY,2022-04-08,46.59000015258789,47.20000076293945,46.5,46.72999954223633,3005400.0,-0.182327238940215,-0.2604842450101807,-0.2214057419751979,-0.0051096800559803,0.0550202734470359,-0.0550202734470359
TCEHY_2022-04-11,TCEHY,2022-04-11,47.54999923706055,47.970001220703125,46.84000015258789,46.970001220703125,5743800.0,-0.1921224335433013,-0.2458252706916094,-0.2189738521174554,0.005135922979196,0.0549731703596356,-0.0549731703596356
TCEHY_2022-04-12,TCEHY,2022-04-12,47.29999923706055,47.40999984741211,46.119998931884766,46.31999969482422,2895000.0,-0.2369028152779692,-0.2441253162936879,-0.2405140657858285,-0.0138386525225893,0.0546734839132672,-0.0546734839132672
TCEHY_2022-04-13,TCEHY,2022-04-13,47.27999877929688,48.22999954223633,47.02000045776367,48.02000045776367,2485900.0,-0.2324168893278663,-0.2437795203501783,-0.2380982048390223,0.0367012256938639,0.0547388422090714,-0.0547388422090714
TCEHY_2022-04-14,TCEHY,2022-04-14,47.31999969482422,47.5,46.77000045776367,46.84999847412109,1954500.0,-0.2131340652716861,-0.2546930000123799,-0.233913532642033,-0.0243648890564186,0.0545013379767677,-0.0545013379767677
TCEHY_2022-04-18,TCEHY,2022-04-18,46.27999877929688,46.68999862670898,45.81999969482422,46.380001068115234,2273500.0,-0.2355364683057562,-0.2751992522025122,-0.2553678602541342,-0.0100319620344377,0.0544395480833611,-0.0544395480833611
TCEHY_2022-04-19,TCEHY,2022-04-19,46.130001068115234,46.59000015258789,45.45000076293945,46.56999969482422,3828400.0,-0.1907906114300263,-0.2731387557882836,-0.2319646836091549,0.0040965636553123,0.0540904262163802,-0.0540904262163802
TCEHY_2022-04-20,TCEHY,2022-04-20,46.34999847412109,46.5,44.75,44.84999847412109,3767500.0,-0.2213541725305496,-0.3159981899822804,-0.268676181256415,-0.0369336747256687,0.0542667051239747,-0.0542667051239747
TCEHY_2022-04-21,TCEHY,2022-04-21,44.38999938964844,44.5,42.369998931884766,42.59000015258789,4728700.0,-0.2960330553291258,-0.347779507470614,-0.3219062813998699,-0.0503901538109803,0.0541634114354752,-0.0541634114354752
TCEHY_2022-04-22,TCEHY,2022-04-22,43.150001525878906,43.84999847412109,42.36000061035156,42.65999984741211,3437700.0,-0.2849480396158166,-0.3439950692265203,-0.3144715544211685,0.0016435711334452,0.0541542736399996,-0.0541542736399996
TCEHY_2022-04-25,TCEHY,2022-04-25,41.33000183105469,42.45000076293945,41.18999862670898,42.43999862670898,4554300.0,-0.2831081405445288,-0.3429323264752645,-0.3130202335098966,-0.0051570844231139,0.0541524235356286,-0.0541524235356286
TCEHY_2022-04-26,TCEHY,2022-04-26,42.36000061035156,42.470001220703125,41.560001373291016,41.59999847412109,3664700.0,-0.3078203073160818,-0.3603936364000004,-0.3341069718580411,-0.0197926526807012,0.0541319555301043,-0.0541319555301043
TCEHY_2022-04-27,TCEHY,2022-04-27,42.25,43.060001373291016,42.18999862670898,42.630001068115234,3816300.0,-0.2826854980782732,-0.3209620596205963,-0.3018237788494348,0.0247596786484234,0.0542501240931511,-0.0542501240931511
TCEHY_2022-04-28,TCEHY,2022-04-28,43.040000915527344,43.27000045776367,42.09999847412109,43.2599983215332,3084500.0,-0.2715945653120627,-0.3114754566161529,-0.2915350109641078,0.0147782603244916,0.0543001555323312,-0.0543001555323312
TCEHY_2022-04-29,TCEHY,2022-04-29,47.70000076293945,48.2400016784668,46.810001373291016,47.06999969482422,6244300.0,-0.2035532840929701,-0.2495217031455194,-0.2265374936192448,0.0880721572149145,0.0555173436695606,-0.0555173436695606
TCEHY_2022-05-02,TCEHY,2022-05-02,46.54999923706055,47.470001220703125,45.81999969482422,47.2400016784668,4237100.0,-0.2446434124253728,-0.2228984871358922,-0.2337709497806325,0.0036116844007814,0.054982027486059,-0.054982027486059
TCEHY_2022-05-03,TCEHY,2022-05-03,48.119998931884766,48.66999816894531,47.7599983215332,48.13999938964844,4263700.0,-0.2328286949856822,-0.2226707709926306,-0.2277497329891564,0.0190516020153292,0.0550473260946932,-0.0550473260946932
TCEHY_2022-05-04,TCEHY,2022-05-04,46.59999847412109,47.970001220703125,46.09000015258789,47.900001525878906,6898400.0,-0.228911745822762,-0.1785285474573907,-0.2037201466400764,-0.0049854147655252,0.0550403800515006,-0.0550403800515006
TCEHY_2022-05-05,TCEHY,2022-05-05,46.11000061035156,46.29999923706055,44.5099983215332,45.0,3567700.0,-0.2704280191739251,-0.2575482668397388,-0.263988143006832,-0.0605428274216677,0.0555177794579386,-0.0555177794579386
TCEHY_2022-05-06,TCEHY,2022-05-06,44.400001525878906,44.54999923706055,43.29999923706055,43.43000030517578,3633400.0,-0.2978172776617366,-0.2785714326450255,-0.288194355153381,-0.0348888821072048,0.0556503528401541,-0.0556503528401541
TCEHY_2022-05-09,TCEHY,2022-05-09,42.5,42.83000183105469,41.5,41.81999969482422,4917000.0,-0.313863836401249,-0.2862263255519542,-0.3000450809766016,-0.0370711627685549,0.0557898780375945,-0.0557898780375945
TCEHY_2022-05-10,TCEHY,2022-05-10,43.02000045776367,43.400001525878906,42.02999877929688,42.95000076293945,4673900.0,-0.3023066958284031,-0.2817725533293728,-0.2920396245788879,0.027020590061245,0.0559027161803215,-0.0559027161803215
TCEHY_2022-05-11,TCEHY,2022-05-11,43.61000061035156,44.54999923706055,43.0099983215332,43.15999984741211,4737200.0,-0.3145942669408418,-0.2788638103963473,-0.2967290386685945,0.0048893848834075,0.0558072252280514,-0.0558072252280514
TCEHY_2022-05-12,TCEHY,2022-05-12,43.790000915527344,44.54999923706055,42.900001525878906,44.060001373291016,4041900.0,-0.281591389893273,-0.2875161503141233,-0.2845537701036982,0.0208526767622978,0.0558293699781636,-0.0558293699781636
TCEHY_2022-05-13,TCEHY,2022-05-13,44.56999969482422,46.0,44.34999847412109,45.93999862670898,2269100.0,-0.2368771088954748,-0.2644892843405515,-0.2506831966180132,0.0426690239405578,0.0561021873258987,-0.0561021873258987
TCEHY_2022-05-16,TCEHY,2022-05-16,44.5099983215332,45.5,44.5099983215332,45.13999938964844,2126200.0,-0.24941802714055,-0.2800638143479949,-0.2647409207442724,-0.0174140021979762,0.056131382067742,-0.056131382067742
TCEHY_2022-05-17,TCEHY,2022-05-17,47.22999954223633,47.70000076293945,45.83000183105469,46.77000045776367,5949400.0,-0.2341575128298633,-0.251560262417468,-0.2428588876236656,0.0361099045227064,0.0563018110043103,-0.0563018110043103
TCEHY_2022-05-18,TCEHY,2022-05-18,44.900001525878906,45.150001525878906,43.29999923706055,43.5099983215332,6142200.0,-0.2868382311333953,-0.3266791013277295,-0.3067586662305624,-0.0697028459337831,0.0569278388175902,-0.0569278388175902
TCEHY_2022-05-19,TCEHY,2022-05-19,43.45000076293945,44.9900016784668,43.2599983215332,44.869998931884766,5243100.0,-0.2599373554113049,-0.3014168365750043,-0.2806770959931546,0.0312571974905937,0.0570988760503127,-0.0570988760503127
TCEHY_2022-05-20,TCEHY,2022-05-20,45.040000915527344,45.209999084472656,43.380001068115234,44.25,2918900.0,-0.2512690162018135,-0.290865401955986,-0.2710672090788997,-0.0138176720892273,0.0570462809201963,-0.0570462809201963
TCEHY_2022-05-23,TCEHY,2022-05-23,44.369998931884766,44.400001525878906,43.400001525878906,43.63999938964844,3095300.0,-0.225417123332331,-0.3094936888792099,-0.2674554061057704,-0.0137853245277189,0.0567910081289392,-0.0567910081289392
TCEHY_2022-05-24,TCEHY,2022-05-24,43.13999938964844,43.459999084472656,41.43999862670898,42.040000915527344,3898000.0,-0.2468649024477618,-0.3174216461864888,-0.2821432743171253,-0.0366635769133538,0.0569475242811685,-0.0569475242811685
TCEHY_2022-05-25,TCEHY,2022-05-25,42.2400016784668,42.650001525878906,41.91999816894531,42.56999969482422,3782000.0,-0.234077036840997,-0.2935612200372012,-0.2638191284390991,0.0126070116021601,0.0569813582404981,-0.0569813582404981
TCEHY_2022-05-26,TCEHY,2022-05-26,42.68999862670898,44.25,42.59000015258789,44.02999877929688,3740400.0,-0.1919618751508218,-0.2660443816073221,-0.229003128379072,0.0342964316405709,0.0571290987994485,-0.0571290987994485
TCEHY_2022-05-27,TCEHY,2022-05-27,43.810001373291016,44.0,43.18999862670898,43.86000061035156,2118100.0,-0.1846068067700911,-0.26049570738835,-0.2225512570792205,-0.0038609623815218,0.0571126054117637,-0.0571126054117637
TCEHY_2022-05-31,TCEHY,2022-05-31,45.959999084472656,46.290000915527344,45.40999984741211,45.540000915527344,2612600.0,-0.1654755145647057,-0.2237940627782024,-0.1946347886714541,0.0383036999953729,0.0573004824757532,-0.0573004824757532
TCEHY_2022-06-01,TCEHY,2022-06-01,46.0,46.209999084472656,44.91999816894531,45.310001373291016,2018500.0,-0.160148271871455,-0.2248075144248745,-0.1924778931481648,-0.0050504948970676,0.0572883086460645,-0.0572883086460645
TCEHY_2022-06-02,TCEHY,2022-06-02,45.84999847412109,46.95000076293945,45.70000076293945,46.810001373291016,2389800.0,-0.1032566917791155,-0.2096910056548073,-0.1564738487169614,0.0331052737704,0.0573089254319279,-0.0573089254319279
TCEHY_2022-06-03,TCEHY,2022-06-03,46.0,46.4900016784668,45.77000045776367,45.9900016784668,1852700.0,-0.0873188681182148,-0.2297772168208538,-0.1585480424695343,-0.0175176174058413,0.0571833952038737,-0.0571833952038737
TCEHY_2022-06-06,TCEHY,2022-06-06,47.04999923706055,47.5,46.31999969482422,46.70000076293945,3576000.0,-0.0440122370181981,-0.1772374534193257,-0.1106248452187619,0.0154381182552791,0.0570803385022182,-0.0570803385022182
TCEHY_2022-06-07,TCEHY,2022-06-07,46.72999954223633,47.970001220703125,46.59000015258789,47.83000183105469,2281000.0,-0.0178644541736194,-0.1816937347008288,-0.0997790944372241,0.0241970246178666,0.057154317180162,-0.057154317180162
TCEHY_2022-06-08,TCEHY,2022-06-08,49.58000183105469,51.58000183105469,49.130001068115234,51.45000076293945,6693500.0,0.0137931184815656,-0.138623787757472,-0.0624153346379532,0.075684691476102,0.0576963379988888,-0.0576963379988888
TCEHY_2022-06-09,TCEHY,2022-06-09,50.310001373291016,50.65999984741211,49.150001525878906,49.18999862670898,4504800.0,0.0419402580096117,-0.1847862362890747,-0.0714229891397315,-0.0439261827544695,0.0572705862201277,-0.0572705862201277
TCEHY_2022-06-10,TCEHY,2022-06-10,49.59999847412109,49.900001525878906,48.7599983215332,49.45000076293945,2480300.0,0.1047811129865474,-0.1690471826975942,-0.0321330348555233,0.0052856707357031,0.0568523866830272,-0.0568523866830272
TCEHY_2022-06-13,TCEHY,2022-06-13,47.77999877929688,47.93999862670898,46.2400016784668,46.720001220703125,2970400.0,0.1462218632138976,-0.2139972695135663,-0.0338877031498343,-0.0552072699720227,0.0561151820384956,-0.0561151820384956
TCEHY_2022-06-14,TCEHY,2022-06-14,47.59999847412109,48.290000915527344,47.18000030517578,47.84999847412109,3266800.0,0.2138508548135054,-0.1887080561969978,0.0125713993082537,0.0241865844155249,0.0559778645363892,-0.0559778645363892
TCEHY_2022-06-15,TCEHY,2022-06-15,48.08000183105469,48.93000030517578,47.79999923706055,48.68999862670898,2875400.0,-0.0743346000159259,-0.1715161094527965,-0.1229253547343612,0.0175548626828523,0.0368163334493743,-0.0368163334493743
TCEHY_2022-06-16,TCEHY,2022-06-16,46.4900016784668,47.02000045776367,45.7599983215332,46.18999862670898,2716600.0,-0.0491972645998934,-0.1986467884140152,-0.1239220265069543,-0.0513452468784548,0.0361115782336689,-0.0361115782336689
TCEHY_2022-06-17,TCEHY,2022-06-17,47.90999984741211,48.18000030517578,46.47999954223633,46.72999954223633,3264400.0,-0.0961315502390826,-0.1771438846823551,-0.1366377174607188,0.0116908623421152,0.0351958197751322,-0.0351958197751322
TCEHY_2022-06-21,TCEHY,2022-06-21,48.36000061035156,48.68999862670898,47.86000061035156,48.18000030517578,3623500.0,0.0035409704142048,-0.1433143871398039,-0.0698867083627995,0.0310293339855243,0.0342448338093775,-0.0342448338093775
TCEHY_2022-06-22,TCEHY,2022-06-22,46.88999938964844,48.290000915527344,46.88999938964844,47.38999938964844,3540600.0,-0.0636238131173726,-0.1355344827898144,-0.0995791479535935,-0.0163968640623374,0.0336140651733231,-0.0336140651733231
TCEHY_2022-06-23,TCEHY,2022-06-23,47.7400016784668,48.619998931884766,47.5099983215332,48.0,2349200.0,0.0029251857054544,-0.1715567632431194,-0.0843157887688325,0.0128719269510015,0.0329371829219081,-0.0329371829219081
TCEHY_2022-06-24,TCEHY,2022-06-24,48.97999954223633,49.380001068115234,48.61000061035156,49.18000030517578,3029300.0,0.064271830329923,-0.1365870594161878,-0.0361576145431324,0.0245833396911621,0.0327633841645363,-0.0327633841645363
TCEHY_2022-06-27,TCEHY,2022-06-27,48.33000183105469,48.54999923706055,47.09000015258789,47.220001220703125,6179300.0,0.0337128044054073,-0.216395576900811,-0.0913413862477018,-0.039853580160844,0.0331378567804118,-0.0331378567804118
TCEHY_2022-06-28,TCEHY,2022-06-28,46.68999862670898,47.34999847412109,45.41999816894531,45.650001525878906,6372500.0,-0.037325953424974,-0.2312226220152227,-0.1342742877200983,-0.0332486161422602,0.033071063458933,-0.033071063458933
TCEHY_2022-06-29,TCEHY,2022-06-29,46.09999847412109,46.59000015258789,45.93000030517578,46.400001525878906,3858000.0,-0.0603483085819639,-0.1878172473591084,-0.1240827779705361,0.0164293532295902,0.0327151589795131,-0.0327151589795131
TCEHY_2022-06-30,TCEHY,2022-06-30,45.15999984741211,45.5099983215332,44.43000030517578,45.38999938964844,3544100.0,-0.0608318297128045,-0.2011615692813344,-0.1309966994970695,-0.0217672867029359,0.0327203851192432,-0.0327203851192432
TCEHY_2022-07-01,TCEHY,2022-07-01,45.290000915527344,45.65999984741211,44.52999877929688,45.27999877929688,3450400.0,-0.0245583678288699,-0.2351351656123087,-0.1298467667205893,-0.0024234547660435,0.0323378650767037,-0.0323378650767037
TCEHY_2022-07-05,TCEHY,2022-07-05,43.150001525878906,44.400001525878906,43.0,43.970001220703125,4468500.0,-0.105209569254378,-0.2457975678196583,-0.1755035685370182,-0.0289310422683297,0.0316580808153898,-0.0316580808153898
TCEHY_2022-07-06,TCEHY,2022-07-06,43.97999954223633,44.15999984741211,43.36000061035156,43.88999938964844,3394300.0,-0.1284750028254211,-0.2463942629679562,-0.1874346328966886,-0.0018194639261692,0.0314812965156003,-0.0314812965156003
TCEHY_2022-07-07,TCEHY,2022-07-07,44.650001525878906,45.59999847412109,44.630001068115234,45.31999969482422,3151400.0,-0.0678732889666194,-0.2100400812516569,-0.1389566851091382,0.032581461040372,0.0314873385070097,-0.0314873385070097
TCEHY_2022-07-08,TCEHY,2022-07-08,44.709999084472656,45.119998931884766,44.33000183105469,44.63999938964844,2484000.0,-0.0613961711380943,-0.18540145965077,-0.1233988153944322,-0.0150044198975014,0.0314251991223117,-0.0314251991223117
TCEHY_2022-07-11,TCEHY,2022-07-11,43.33000183105469,43.630001068115234,42.75,42.90999984741211,3010800.0,-0.0864381790031011,-0.2381036917627057,-0.1622709353829034,-0.038754470562056,0.0317594975475441,-0.0317594975475441
TCEHY_2022-07-12,TCEHY,2022-07-12,43.0,43.34000015258789,42.790000915527344,43.040000915527344,1793400.0,-0.0789642341719654,-0.2468941423205773,-0.1629291882462714,0.0030296217333376,0.0317588093292961,-0.0317588093292961
TCEHY_2022-07-13,TCEHY,2022-07-13,42.130001068115234,42.93000030517578,42.11000061035156,42.47999954223633,3934700.0,-0.0955929649090092,-0.2693498454043723,-0.1824714051566908,-0.013011184046908,0.0317863047064842,-0.0317863047064842
TCEHY_2022-07-14,TCEHY,2022-07-14,42.33000183105469,42.400001525878906,41.34999847412109,41.61000061035156,3082900.0,-0.1016839187285001,-0.3144975273911914,-0.2080907230598457,-0.0204802010654392,0.0318402127415875,-0.0318402127415875
TCEHY_2022-07-15,TCEHY,2022-07-15,41.18000030517578,41.54999923706055,40.68000030517578,41.40999984741211,1968000.0,-0.1376509901570166,-0.3380754645396884,-0.2378632273483525,-0.0048065551551493,0.031470545376243,-0.031470545376243
TCEHY_2022-07-18,TCEHY,2022-07-18,42.369998931884766,42.7400016784668,42.16999816894531,42.25,3611900.0,-0.0981856696678875,-0.2903930240118338,-0.1942893468398607,0.0202849590843547,0.0314583445201993,-0.0314583445201993
TCEHY_2022-07-19,TCEHY,2022-07-19,42.59999847412109,43.25,42.34999847412109,43.150001525878906,2865600.0,-0.0696420756328281,-0.2887752953985456,-0.1792086855156868,0.021301811263406,0.0315632162465691,-0.0315632162465691
TCEHY_2022-07-20,TCEHY,2022-07-20,42.959999084472656,43.09999847412109,42.45000076293945,42.75,2557800.0,-0.0820270500291365,-0.2571676704303025,-0.1695973602297195,-0.0092700234469055,0.0315756825412777,-0.0315756825412777
TCEHY_2022-07-21,TCEHY,2022-07-21,42.65999984741211,43.2400016784668,42.58000183105469,43.15999984741211,2060900.0,-0.0376811300826269,-0.2506944272437208,-0.1441877786631739,0.0095906397055465,0.0312610503486822,-0.0312610503486822
TCEHY_2022-07-22,TCEHY,2022-07-22,42.18000030517578,42.4900016784668,41.70000076293945,41.810001373291016,2872900.0,-0.0183141295257657,-0.3089255971356857,-0.1636198633307257,-0.0312789267584309,0.0308555516515137,-0.0308555516515137
TCEHY_2022-07-25,TCEHY,2022-07-25,41.5,41.75,41.33000183105469,41.58000183105469,1896200.0,-0.0253164092878668,-0.3030505877069941,-0.1641834984974304,-0.0055010651681838,0.0308631938970676,-0.0308631938970676
TCEHY_2022-07-26,TCEHY,2022-07-26,41.75,41.81999969482422,41.0,41.09999847412109,3424400.0,-0.0315739914219643,-0.305743277965452,-0.1686586346937081,-0.0115440917699792,0.0308910888766266,-0.0308910888766266
TCEHY_2022-07-27,TCEHY,2022-07-27,40.900001525878906,41.25,40.38999938964844,41.09000015258789,2885400.0,-0.0122595754865342,-0.3163061365087863,-0.1642828559976603,-0.0002432681728562,0.0307874870572949,-0.0307874870572949
TCEHY_2022-07-28,TCEHY,2022-07-28,40.86000061035156,41.18999862670898,40.150001525878906,40.65999984741211,2348500.0,-0.0462116155604924,-0.3158337600770462,-0.1810226878187693,-0.0104648406809192,0.0306551313789357,-0.0306551313789357
TCEHY_2022-07-29,TCEHY,2022-07-29,39.22999954223633,39.400001525878906,38.209999084472656,38.65999984741211,14785800.0,-0.1063337645076002,-0.3490486572702259,-0.2276912108889131,-0.0491883917241896,0.0312024775256305,-0.0312024775256305
TCEHY_2022-08-01,TCEHY,2022-08-01,37.59999847412109,38.369998931884766,36.56999969482422,37.31999969482422,14887700.0,-0.2071383059956149,-0.368527907641723,-0.2878331068186689,-0.0346611525575986,0.0293060201273638,-0.0293060201273638
TCEHY_2022-08-02,TCEHY,2022-08-02,37.540000915527344,38.66999816894531,37.11000061035156,37.81999969482422,17385400.0,-0.1994073168701104,-0.3952670428337917,-0.2973371798519511,0.0133976421245616,0.0293688573831689,-0.0293688573831689
TCEHY_2022-08-03,TCEHY,2022-08-03,38.43000030517578,39.29999923706055,38.15999984741211,39.220001220703125,14432900.0,-0.1852928600340485,-0.3749800602278387,-0.2801364601309436,0.0370174917286025,0.0296730421300147,-0.0296730421300147
TCEHY_2022-08-04,TCEHY,2022-08-04,40.0,40.75,39.58000183105469,39.70000076293945,5435300.0,-0.1711899895975837,-0.3609143360341824,-0.266052162815883,0.0122386416954762,0.0297319847450625,-0.0297319847450625
TCEHY_2022-08-05,TCEHY,2022-08-05,38.650001525878906,38.79999923706055,37.900001525878906,38.5,3840200.0,-0.1444444444444445,-0.3758106386265804,-0.2601275415355124,-0.030226718888622,0.0290147336688016,-0.0290147336688016
TCEHY_2022-08-08,TCEHY,2022-08-08,38.119998931884766,38.38999938964844,37.54999923706055,37.810001373291016,2976600.0,-0.1294036125349739,-0.3886822585919504,-0.2590429355634621,-0.0179220422521814,0.0287828941943779,-0.0287828941943779
TCEHY_2022-08-09,TCEHY,2022-08-09,37.84000015258789,38.09999847412109,37.59000015258789,37.75,3395000.0,-0.0973218489843255,-0.3806398764976911,-0.2389808627410083,-0.0015869180405108,0.0284262982179649,-0.0284262982179649
TCEHY_2022-08-10,TCEHY,2022-08-10,38.04999923706055,38.369998931884766,37.66999816894531,38.25,2628200.0,-0.109429585086177,-0.3786549846213048,-0.2440422848537409,0.0132450331125828,0.0282580085635824,-0.0282580085635824
TCEHY_2022-08-11,TCEHY,2022-08-11,38.68000030517578,39.880001068115234,38.65999984741211,39.02999877929688,3367000.0,-0.0956904792102973,-0.3801810699907578,-0.2379357746005276,0.020392124948938,0.0283812778975614,-0.0283812778975614
TCEHY_2022-08-12,TCEHY,2022-08-12,38.119998931884766,38.650001525878906,37.95000076293945,38.43999862670898,5965400.0,-0.1275533947211554,-0.3732268469092931,-0.2503901208152242,-0.015116581374347,0.028292197492609,-0.028292197492609
TCEHY_2022-08-15,TCEHY,2022-08-15,38.0,38.52999877929688,37.900001525878906,38.310001373291016,3508100.0,-0.166086144569059,-0.3636212477114193,-0.2648536961402392,-0.0033818225302337,0.0277145749212925,-0.0277145749212925
TCEHY_2022-08-16,TCEHY,2022-08-16,38.4900016784668,39.040000915527344,38.16999816894531,38.79999923706055,3868300.0,-0.1404519326165916,-0.3548387158158339,-0.2476453242162127,0.0127903379327767,0.0277136585817329,-0.0277136585817329
TCEHY_2022-08-17,TCEHY,2022-08-17,38.59999847412109,40.75,38.56999969482422,40.0099983215332,15760800.0,-0.1445371406898998,-0.3448501961442761,-0.244693668417088,0.0311855440274571,0.0276111360847737,-0.0276111360847737
TCEHY_2022-08-18,TCEHY,2022-08-18,39.380001068115234,39.77999877929688,39.20000076293945,39.59000015258789,3028600.0,-0.0900941926032043,-0.351089964894905,-0.2205920787490547,-0.0104973303315354,0.0262468897191465,-0.0262468897191465
TCEHY_2022-08-19,TCEHY,2022-08-19,39.65999984741211,39.90999984741211,39.45000076293945,39.58000183105469,2536700.0,-0.1178960826110246,-0.3471878420950671,-0.2325419623530459,-0.000252546640431,0.0259173757666324,-0.0259173757666324
TCEHY_2022-08-22,TCEHY,2022-08-22,39.36000061035156,39.45000076293945,38.93000030517578,39.06999969482422,4049300.0,-0.1170621537892832,-0.3389170777739981,-0.2279896157816406,-0.0128853489802094,0.0259105862259147,-0.0259105862259147
TCEHY_2022-08-23,TCEHY,2022-08-23,39.650001525878906,39.97999954223633,39.400001525878906,39.790000915527344,2896200.0,-0.088221781117493,-0.2937522043350642,-0.1909869927262786,0.0184284931232929,0.0259848684251145,-0.0259848684251145
TCEHY_2022-08-24,TCEHY,2022-08-24,39.34999847412109,40.63999938964844,39.02000045776367,40.11000061035156,4805300.0,-0.045908664679951,-0.2814403290999897,-0.1636744968899703,0.0080422138090312,0.0256065816893445,-0.0256065816893445
TCEHY_2022-08-25,TCEHY,2022-08-25,41.22999954223633,42.29999923706055,41.11000061035156,42.29999923706055,5450100.0,-0.0063425055132546,-0.2389349074575613,-0.1226387064854079,0.0545998153424058,0.0264827809483443,-0.0264827809483443
TCEHY_2022-08-26,TCEHY,2022-08-26,42.95000076293945,43.0,41.04999923706055,41.2599983215332,2968100.0,-0.0629116632877615,-0.2427968975850075,-0.1528542804363845,-0.0245863105031964,0.0263000215378546,-0.0263000215378546
TCEHY_2022-08-29,TCEHY,2022-08-29,41.02000045776367,41.70000076293945,40.709999084472656,40.75,2004000.0,-0.0709074456697012,-0.242424255318485,-0.1566658504940931,-0.0123605996674759,0.026338318819583,-0.026338318819583
TCEHY_2022-08-30,TCEHY,2022-08-30,40.75,41.04999923706055,39.560001373291016,40.0,4607800.0,-0.121651313222491,-0.2669965141342328,-0.1943239136783619,-0.0184049079754601,0.0259455690230408,-0.0259455690230408
TCEHY_2022-08-31,TCEHY,2022-08-31,41.459999084472656,41.93999862670898,41.15999984741211,41.29999923706055,3986700.0,-0.0885014790265323,-0.2344763919738205,-0.1614889355001764,0.0324999809265136,0.0262969019868974,-0.0262969019868974
TCEHY_2022-09-01,TCEHY,2022-09-01,41.29999923706055,41.459999084472656,40.709999084472656,41.18000030517578,3356000.0,-0.1202734651344747,-0.2111111167949937,-0.1656922909647342,-0.002905543198584,0.0259295570506918,-0.0259295570506918
TCEHY_2022-09-02,TCEHY,2022-09-02,41.84000015258789,42.18999862670898,41.400001525878906,41.41999816894531,3404600.0,-0.0993695008204625,-0.1780115366015626,-0.1386905187110126,0.0058280199609266,0.0258666220515512,-0.0258666220515512
TCEHY_2022-09-06,TCEHY,2022-09-06,39.79999923706055,39.900001525878906,39.09999847412109,39.27000045776367,3289700.0,-0.1591006463338676,-0.1961105079958711,-0.1776055771648694,-0.0519072381995806,0.0265451118845372,-0.0265451118845372
TCEHY_2022-09-07,TCEHY,2022-09-07,39.400001525878906,39.97999954223633,39.25,39.86000061035156,3022300.0,-0.1666318401754362,-0.1815195074763756,-0.1740756738259059,0.0150241952052549,0.0264217441181633,-0.0264217441181633
TCEHY_2022-09-08,TCEHY,2022-09-08,38.400001525878906,38.77999877929688,38.27000045776367,38.560001373291016,3248000.0,-0.2505344839359726,-0.2401970172750538,-0.2453657506055132,-0.0326141298834535,0.0247179967343554,-0.0247179967343554
TCEHY_2022-09-09,TCEHY,2022-09-09,38.91999816894531,39.34000015258789,38.63999938964844,38.83000183105469,2545800.0,-0.2106118537281085,-0.1775047112037362,-0.1940582824659223,0.0070020863108861,0.0242278968857186,-0.0242278968857186
TCEHY_2022-09-12,TCEHY,2022-09-12,38.81999969482422,39.58000183105469,38.77000045776367,39.4900016784668,2034200.0,-0.2014155496623819,-0.1177389821422559,-0.1595772659023189,0.0169971624076583,0.0243407207730205,-0.0243407207730205
TCEHY_2022-09-13,TCEHY,2022-09-13,38.369998931884766,38.77999877929688,38.119998931884766,38.29999923706055,2523700.0,-0.1802226404889605,-0.0603532675606872,-0.1202879540248239,-0.0301342717352969,0.0236736636499589,-0.0236736636499589
TCEHY_2022-09-14,TCEHY,2022-09-14,38.29999923706055,38.47999954223633,38.220001220703125,38.27000045776367,1521500.0,-0.20020895134487,-0.0291729519177805,-0.1146909516313253,-0.0007832579606906,0.0234210105101571,-0.0234210105101571
TCEHY_2022-09-15,TCEHY,2022-09-15,38.0099983215332,38.29999923706055,37.70000076293945,37.790000915527344,2759000.0,-0.2238652293820855,-0.2815588971144206,-0.252712063248253,-0.0125424493466121,0.0232960330589372,-0.0232960330589372
TCEHY_2022-09-16,TCEHY,2022-09-16,37.20000076293945,37.43999862670898,36.93000030517578,37.0099983215332,1571700.0,-0.1987443294676245,-0.238163916702971,-0.2184541230852977,-0.0206404491954814,0.0225947861811263,-0.0225947861811263
TCEHY_2022-09-19,TCEHY,2022-09-19,36.7400016784668,37.09999847412109,36.68000030517578,37.040000915527344,3181500.0,-0.2073614106918789,-0.2835589870613882,-0.2454601988766336,0.0008106618577359,0.0225201328604156,-0.0225201328604156
TCEHY_2022-09-20,TCEHY,2022-09-20,37.34999847412109,37.56999969482422,36.900001525878906,37.22999954223633,4046800.0,-0.2272727416683544,-0.2245365373083523,-0.2259046394883533,0.0051295524301495,0.0221136294745287,-0.0221136294745287
TCEHY_2022-09-21,TCEHY,2022-09-21,36.36000061035156,36.5,35.81999969482422,35.91999816894531,2705500.0,-0.2420342133029982,-0.2902588868651706,-0.2661465500840844,-0.0351867147300084,0.0224104003702326,-0.0224104003702326
TCEHY_2022-09-22,TCEHY,2022-09-22,35.91999816894531,36.18999862670898,35.619998931884766,35.70000076293945,2600300.0,-0.2562499841054281,-0.2540743771905018,-0.255162180647965,-0.0061246496999005,0.0223053518071376,-0.0223053518071376
TCEHY_2022-09-23,TCEHY,2022-09-23,34.75,34.939998626708984,34.52000045776367,34.869998931884766,2081600.0,-0.290971965931139,-0.2454014364263063,-0.2681867011787227,-0.0232493505130767,0.0221146774980279,-0.0221146774980279
TCEHY_2022-09-26,TCEHY,2022-09-26,35.66999816894531,36.650001525878906,35.65999984741211,36.0,2703700.0,-0.2376112014114864,-0.2119089369637983,-0.2247600691876423,0.0324061113486864,0.0221622996390254,-0.0221622996390254
TCEHY_2022-09-27,TCEHY,2022-09-27,35.709999084472656,36.11000061035156,35.040000915527344,35.279998779296875,2252000.0,-0.2271632508205567,-0.2560101193255371,-0.2415866850730469,-0.02000003390842,0.0219425838016151,-0.0219425838016151
TCEHY_2022-09-28,TCEHY,2022-09-28,35.11000061035156,35.91999816894531,34.9900016784668,35.790000915527344,2424800.0,-0.2286637987378943,-0.2752126338320997,-0.251938216284997,0.0144558433638537,0.0219145644821863,-0.0219145644821863
TCEHY_2022-09-29,TCEHY,2022-09-29,34.599998474121094,34.70000076293945,33.79999923706055,34.27000045776367,3375200.0,-0.2449878625559262,-0.2909166323320247,-0.2679522474439754,-0.0424699753808675,0.0223383019736597,-0.0223383019736597
TCEHY_2022-09-30,TCEHY,2022-09-30,33.66999816894531,34.31999969482422,33.65999984741211,33.81999969482422,2244300.0,-0.2530918593953773,-0.271434704246723,-0.2622632818210502,-0.0131310404706314,0.0223652506624275,-0.0223652506624275
TCEHY_2022-10-03,TCEHY,2022-10-03,33.540000915527344,33.939998626708984,33.47999954223633,33.79999923706055,2339100.0,-0.2312941028269535,-0.3121693191518299,-0.2717317109893917,-0.0005913795962195,0.0221473117448966,-0.0221473117448966
TCEHY_2022-10-04,TCEHY,2022-10-04,34.5,35.470001220703125,34.349998474121094,35.310001373291016,3995900.0,-0.1954886793272782,-0.2988482735237894,-0.2471684764255338,0.0446746204235057,0.0229776723462623,-0.0229776723462623
TCEHY_2022-10-05,TCEHY,2022-10-05,35.20000076293945,35.470001220703125,34.810001373291016,35.209999084472656,1896300.0,-0.2230803327102886,-0.2758124257920931,-0.2494463792511908,-0.0028321236173614,0.022517096309787,-0.022517096309787
TCEHY_2022-10-06,TCEHY,2022-10-06,35.29999923706055,35.709999084472656,35.150001525878906,35.150001525878906,2516900.0,-0.2125895607868257,-0.2609335468686798,-0.2367615538277528,-0.0017039920520818,0.022472168863422,-0.022472168863422
TCEHY_2022-10-07,TCEHY,2022-10-07,34.11000061035156,34.4900016784668,33.560001373291016,33.7599983215332,2221500.0,-0.2132370440087694,-0.2812434012317484,-0.2472402226202589,-0.0395448974112369,0.0224923595334373,-0.0224923595334373
TCEHY_2022-10-10,TCEHY,2022-10-10,33.439998626708984,33.54999923706055,32.869998931884766,33.15999984741211,2386600.0,-0.2295539232795618,-0.2903916076985865,-0.2599727654890741,-0.0177724675341111,0.0225468325425751,-0.0225468325425751
TCEHY_2022-10-11,TCEHY,2022-10-11,32.220001220703125,32.560001373291016,31.82999992370605,32.04999923706055,2705800.0,-0.2455273167977699,-0.3176495975279267,-0.2815884571628483,-0.0334740836990139,0.0228261555426774,-0.0228261555426774
TCEHY_2022-10-12,TCEHY,2022-10-12,32.25,32.4900016784668,31.93000030517578,32.16999816894531,1738200.0,-0.2268685965618035,-0.3054836273554644,-0.266176111958634,0.0037441165285896,0.0227514864993263,-0.0227514864993263
TCEHY_2022-10-13,TCEHY,2022-10-13,30.950000762939453,31.75,30.71999931335449,31.46999931335449,4376000.0,-0.2400386517914661,-0.3446480838534321,-0.2923433678224491,-0.0217593688353564,0.022863314961944,-0.022863314961944
TCEHY_2022-10-14,TCEHY,2022-10-14,31.809999465942383,31.989999771118164,30.96999931335449,31.01000022888184,2863100.0,-0.2660354975412582,-0.3381002937276276,-0.3020678956344429,-0.014617066873511,0.0226853284912607,-0.0226853284912607
TCEHY_2022-10-17,TCEHY,2022-10-17,31.700000762939453,32.189998626708984,31.63999938964844,31.93000030517578,3684500.0,-0.2600231940657987,-0.3115567147512069,-0.2857899544085028,0.0296678513222672,0.0228634440531234,-0.0228634440531234
TCEHY_2022-10-18,TCEHY,2022-10-18,32.40999984741211,32.52000045776367,31.59000015258789,31.90999984741211,2581600.0,-0.2535672550312957,-0.3147949311462292,-0.2841810930887625,-0.0006263845152681,0.0228603592533228,-0.0228603592533228
TCEHY_2022-10-19,TCEHY,2022-10-19,30.84000015258789,30.8799991607666,29.940000534057617,30.15999984741211,5691600.0,-0.3012048203419881,-0.3275362124077944,-0.3143705163748913,-0.0548417426627447,0.023653094921249,-0.023653094921249
TCEHY_2022-10-20,TCEHY,2022-10-20,29.709999084472656,30.68000030517578,29.63999938964844,29.729999542236328,4584400.0,-0.2889261285404216,-0.3019488275247201,-0.2954374780325708,-0.0142573046204003,0.0234490132469399,-0.0234490132469399
TCEHY_2022-10-21,TCEHY,2022-10-21,29.64999961853028,29.979999542236328,29.15999984741211,29.920000076293945,3293200.0,-0.2804233102763426,-0.2986404082673951,-0.2895318592718688,0.0063908690542591,0.023493769098648,-0.023493769098648
TCEHY_2022-10-24,TCEHY,2022-10-24,26.030000686645508,26.07999992370605,24.75,25.68000030517578,11228100.0,-0.3751824511296422,-0.3949104350579677,-0.385046443093805,-0.1417112219353762,0.0291314588848535,-0.0291314588848535
TCEHY_2022-10-25,TCEHY,2022-10-25,26.170000076293945,26.600000381469727,25.690000534057617,25.81999969482422,7933200.0,-0.3716232757619484,-0.3793269076467259,-0.3754750917043372,0.0054516895632676,0.0291615953255861,-0.0291615953255861
TCEHY_2022-10-26,TCEHY,2022-10-26,26.709999084472656,28.38999938964844,26.709999084472656,27.86000061035156,7229500.0,-0.3148056882709318,-0.3464696243887917,-0.3306376563298617,0.0790085569186227,0.0311001485246232,-0.0311001485246232
TCEHY_2022-10-27,TCEHY,2022-10-27,27.200000762939453,27.700000762939453,26.89999961853028,26.959999084472656,4591300.0,-0.3026384068576929,-0.3767914902795319,-0.3397149485686124,-0.0323044330998507,0.0307887274604106,-0.0307887274604106
TCEHY_2022-10-28,TCEHY,2022-10-28,25.71999931335449,25.8799991607666,25.25,25.82999992370605,5048700.0,-0.30787780988947,-0.45124282789094,-0.379560318890205,-0.0419139168820453,0.0309138734415965,-0.0309138734415965
TCEHY_2022-10-31,TCEHY,2022-10-31,26.350000381469727,26.690000534057617,26.059999465942383,26.280000686645508,4446900.0,-0.3051295373161516,-0.44369179185223,-0.3744106645841908,0.017421632375866,0.0309573396873489,-0.0309573396873489
TCEHY_2022-11-01,TCEHY,2022-11-01,28.950000762939453,29.18000030517578,28.350000381469727,28.420000076293945,4368800.0,-0.275369729940451,-0.4096385451470299,-0.3425041375437405,0.081430720461735,0.0324077252340366,-0.0324077252340366
TCEHY_2022-11-02,TCEHY,2022-11-02,28.82999992370605,28.959999084472656,28.21999931335449,28.350000381469727,4006800.0,-0.2858942106637218,-0.4081419733117735,-0.3470180919877476,-0.0024630434425159,0.0323375840196726,-0.0323375840196726
TCEHY_2022-11-03,TCEHY,2022-11-03,27.770000457763672,28.979999542236328,27.65999984741211,28.729999542236328,3816000.0,-0.2537662456561993,-0.3615555657280815,-0.3076609056921404,0.0134038502875992,0.0322514454563455,-0.0322514454563455
TCEHY_2022-11-04,TCEHY,2022-11-04,30.540000915527344,30.96999931335449,30.049999237060547,30.88999938964844,5699800.0,-0.183020410798791,-0.2887405210087664,-0.2358804659037787,0.0751827317030293,0.0337086728165604,-0.0337086728165604
TCEHY_2022-11-07,TCEHY,2022-11-07,31.530000686645508,31.700000762939453,30.8799991607666,31.0,4148000.0,-0.1788079470198675,-0.2587278759871282,-0.2187679115034979,0.0035610428140189,0.0337174912165117,-0.0337174912165117
TCEHY_2022-11-08,TCEHY,2022-11-08,31.14999961853028,31.559999465942383,30.65999984741211,31.299999237060547,2784100.0,-0.1816993663513583,-0.2712456651672849,-0.2264725157593216,0.0096773947438886,0.033693518297866,-0.033693518297866
TCEHY_2022-11-09,TCEHY,2022-11-09,29.84000015258789,30.040000915527344,29.280000686645508,29.32999992370605,3223600.0,-0.2485267527278558,-0.3204355878730456,-0.2844811703004507,-0.0629392767211933,0.0344041742686628,-0.0344041742686628
TCEHY_2022-11-10,TCEHY,2022-11-10,30.799999237060547,31.739999771118164,30.780000686645508,31.520000457763672,4266700.0,-0.1800207704517745,-0.2846119047814882,-0.2323163376166314,0.0746675942636994,0.0357660322117868,-0.0357660322117868
TCEHY_2022-11-11,TCEHY,2022-11-11,33.0,33.720001220703125,32.900001525878906,33.400001525878906,4283700.0,-0.1281649614044457,-0.2729646816649982,-0.200564821534722,0.0596447030714484,0.0366126083318477,-0.0366126083318477
TCEHY_2022-11-14,TCEHY,2022-11-14,33.540000915527344,34.04999923706055,33.279998779296875,33.400001525878906,7116200.0,-0.1391752014784508,-0.2600797080750905,-0.1996274547767706,0.0,0.0365674868875979,-0.0365674868875979
TCEHY_2022-11-15,TCEHY,2022-11-15,36.810001373291016,37.59000015258789,36.38999938964844,37.0,8100900.0,-0.0752311534068032,-0.2088945982924804,-0.1420628758496418,0.1077843805285982,0.0388792391407355,-0.0388792391407355
TCEHY_2022-11-16,TCEHY,2022-11-16,39.630001068115234,39.70000076293945,38.40999984741211,38.91999816894531,5236500.0,-0.0169235155610066,-0.1054929976937344,-0.0612082566273705,0.0518918424039274,0.0394112462922884,-0.0394112462922884
TCEHY_2022-11-17,TCEHY,2022-11-17,36.83000183105469,39.130001068115234,36.7599983215332,39.119998931884766,6033300.0,-0.0116221040396465,-0.1281479861126992,-0.0698850450761729,0.0051387659904629,0.0394154460595905,-0.0394154460595905
TCEHY_2022-11-18,TCEHY,2022-11-18,36.970001220703125,37.09000015258789,36.02000045776367,36.20000076293945,4215300.0,-0.0734578693192302,-0.1819208867132327,-0.1276893780162314,-0.0746420820212591,0.0405085803903157,-0.0405085803903157
TCEHY_2022-11-21,TCEHY,2022-11-21,36.02999877929688,36.47999954223633,35.560001373291016,36.0,4363800.0,-0.0952500836472302,-0.1750687327337743,-0.1351594081905022,-0.0055248828376879,0.040441383236982,-0.040441383236982
TCEHY_2022-11-22,TCEHY,2022-11-22,35.380001068115234,35.849998474121094,35.150001525878906,35.7599983215332,1810200.0,-0.1084518130796465,-0.1493815998389914,-0.128916706459319,-0.0066667132907443,0.0404320980442073,-0.0404320980442073
TCEHY_2022-11-23,TCEHY,2022-11-23,36.130001068115234,36.56999969482422,35.939998626708984,36.290000915527344,2958300.0,-0.1420803411331418,-0.1475217012994344,-0.1448010212162881,0.014821102317418,0.0398561343647799,-0.0398561343647799
TCEHY_2022-11-25,TCEHY,2022-11-25,34.83000183105469,35.04999923706055,34.58000183105469,34.58000183105469,2807000.0,-0.1619000669467378,-0.2146263277364801,-0.188263197341609,-0.0471203924313212,0.040165272766072,-0.040165272766072
TCEHY_2022-11-28,TCEHY,2022-11-28,34.61000061035156,35.689998626708984,34.59000015258789,35.310001373291016,4029300.0,-0.1334968988149444,-0.1949384203848513,-0.1642176595998978,0.0211104541232485,0.0402473124484326,-0.0402473124484326
TCEHY_2022-11-29,TCEHY,2022-11-29,36.34000015258789,36.650001525878906,36.130001068115234,36.34999847412109,3301700.0,-0.0912500381469728,-0.2018006643972821,-0.1465253512721275,0.0294533293792715,0.0403739598911723,-0.0403739598911723
TCEHY_2022-11-30,TCEHY,2022-11-30,37.2599983215332,38.15999984741211,37.220001220703125,37.790000915527344,5791300.0,-0.0849878543916171,-0.1659677826051998,-0.1254778184984085,0.0396149243976295,0.0404781703996259,-0.0404781703996259
TCEHY_2022-12-01,TCEHY,2022-12-01,37.900001525878906,38.33000183105469,37.38999938964844,37.88999938964844,2054600.0,-0.0798931736558009,-0.1905576099541022,-0.1352253918049515,0.00264616225717,0.0404791062924553,-0.0404791062924553
TCEHY_2022-12-02,TCEHY,2022-12-02,37.790000915527344,39.7400016784668,37.630001068115234,39.290000915527344,5648700.0,-0.0514243686040269,-0.1456838555863,-0.0985541120951635,0.036949103943807,0.0407466916971221,-0.0407466916971221
TCEHY_2022-12-05,TCEHY,2022-12-05,40.130001068115234,40.20000076293945,38.79999923706055,38.91999816894531,2958500.0,-0.0089127141517301,-0.1665953419034685,-0.0877540280275993,-0.0094172241781701,0.0402221803673162,-0.0402221803673162
TCEHY_2022-12-06,TCEHY,2022-12-06,39.95000076293945,40.15999984741211,39.16999816894531,39.83000183105469,2761800.0,-0.0007526035834802,-0.1672590360388784,-0.0840058198111793,0.0233813901572965,0.040284052441965,-0.040284052441965
TCEHY_2022-12-07,TCEHY,2022-12-07,38.72999954223633,39.470001220703125,38.630001068115234,39.18999862670898,2112300.0,0.0163381024632001,-0.2382896395418835,-0.1109757685393417,-0.0160683699453588,0.0401163322852884,-0.0401163322852884
TCEHY_2022-12-08,TCEHY,2022-12-08,40.650001525878906,40.97999954223633,40.34999847412109,40.880001068115234,2587500.0,0.0527942091267439,-0.1689367308516576,-0.0580712608624568,0.043123309533736,0.0404593605414173,-0.0404593605414173
TCEHY_2022-12-09,TCEHY,2022-12-09,41.22999954223633,41.36000061035156,40.650001525878906,40.720001220703125,2504100.0,0.0311471129388942,-0.1765419495964714,-0.0726974183287885,-0.0039138904900103,0.0404169971457846,-0.0404169971457846
TCEHY_2022-12-12,TCEHY,2022-12-12,40.790000915527344,40.84999847412109,39.95000076293945,40.45000076293945,2896200.0,0.0561358111933976,-0.1342037734148268,-0.0390339811107146,-0.0066306593730256,0.0402302380675412,-0.0402302380675412
TCEHY_2022-12-13,TCEHY,2022-12-13,41.75,42.2400016784668,40.810001373291016,41.04999923706055,3218200.0,0.0726417231785767,-0.1421107513877605,-0.0347345141045918,0.0148330893153114,0.0402629782789063,-0.0402629782789063
TCEHY_2022-12-14,TCEHY,2022-12-14,41.59000015258789,41.93999862670898,41.2599983215332,41.75,2049700.0,0.104789600120003,-0.142534377129804,-0.0188723885049004,0.0170523940547964,0.040264195801522,-0.040264195801522
TCEHY_2022-12-15,TCEHY,2022-12-15,41.70000076293945,42.11000061035156,40.119998931884766,40.40999984741211,3313100.0,0.0918671083511157,-0.1251352879658808,-0.0166340898073825,-0.0320958120380333,0.0403955164032365,-0.0403955164032365
TCEHY_2022-12-16,TCEHY,2022-12-16,41.0,41.0,40.220001220703125,40.310001373291016,2056400.0,0.0882829475415285,-0.1373849396925989,-0.0245509960755351,-0.0024745972407494,0.0403994661159139,-0.0403994661159139
TCEHY_2022-12-19,TCEHY,2022-12-19,41.25,41.29999923706055,40.5,40.560001373291016,2545800.0,0.0894440470587945,-0.1581568884105254,-0.0343564206758654,0.006201934792432,0.0404009663032721,-0.0404009663032721
TCEHY_2022-12-20,TCEHY,2022-12-20,39.36000061035156,39.9900016784668,39.34000015258789,39.459999084472656,1948300.0,0.0985523690418184,-0.1673348893713629,-0.0343912601647722,-0.0271203710940384,0.0402933050113677,-0.0402933050113677
TCEHY_2022-12-21,TCEHY,2022-12-21,39.810001373291016,40.81999969482422,39.54999923706055,40.65999984741211,2408400.0,0.138935545615497,-0.152916669845581,-0.006990562115042,0.0304105623614079,0.0404327990755426,-0.0404327990755426
TCEHY_2022-12-22,TCEHY,2022-12-22,40.959999084472656,41.09999847412109,40.29999923706055,40.52000045776367,2706600.0,0.1620304473457441,-0.176087836390288,-0.0070286945222719,-0.0034431724095873,0.040303162188796,-0.040303162188796
TCEHY_2022-12-23,TCEHY,2022-12-23,40.68999862670898,40.880001068115234,40.04999923706055,40.2599983215332,1836800.0,0.1183332867092556,-0.1473952291241869,-0.0145309712074656,-0.0064166370506704,0.040145775197546,-0.040145775197546
TCEHY_2022-12-27,TCEHY,2022-12-27,40.130001068115234,42.16999816894531,40.0,41.83000183105469,4433500.0,0.1856576892967896,-0.0836801657642588,0.0509887617662653,0.0389966114002982,0.0402984555263985,-0.0402984555263985
TCEHY_2022-12-28,TCEHY,2022-12-28,41.77999877929688,42.34999847412109,40.77000045776367,41.06999969482422,5272400.0,0.1475272043652329,-0.1148707253399972,0.0163282395126178,-0.0181688286627385,0.0403651294225238,-0.0403651294225238
TCEHY_2022-12-29,TCEHY,2022-12-29,43.06999969482422,43.619998931884766,42.7599983215332,43.290000915527344,4546700.0,0.263203978327355,-0.0462656642952062,0.1084691570160743,0.0540540841782108,0.0404433901163992,-0.0404433901163992
TCEHY_2022-12-30,TCEHY,2022-12-30,42.040000915527344,42.91999816894531,42.040000915527344,42.36000061035156,1505500.0,0.2525133350854021,-0.0644875938088676,0.0940128706382672,-0.0214830280782508,0.0405158297290071,-0.0405158297290071
TCEHY_2023-01-03,TCEHY,2023-01-03,43.95000076293945,44.79999923706055,43.95000076293945,44.58000183105469,3207300.0,0.3189349951870484,0.0138731087881878,0.1664040519876181,0.0524079600735563,0.0409584492536774,-0.0409584492536774
TCEHY_2023-01-04,TCEHY,2023-01-04,44.29999923706055,46.040000915527344,43.959999084472656,45.9900016784668,4527100.0,0.302463888128146,0.0478469427665029,0.1751554154473245,0.031628528252547,0.040788461977372,-0.040788461977372
TCEHY_2023-01-05,TCEHY,2023-01-05,44.290000915527344,45.290000915527344,44.04999923706055,45.06999969482422,3052700.0,0.2800341058429549,-0.0055163283690081,0.1372588887369734,-0.0200043911734262,0.0408990684486925,-0.0408990684486925
TCEHY_2023-01-06,TCEHY,2023-01-06,45.0,45.650001525878906,44.650001525878906,45.61000061035156,2483900.0,0.297581753354166,0.0217294183236045,0.1596555858388852,0.0119813827198529,0.0409005472561321,-0.0409005472561321
TCEHY_2023-01-09,TCEHY,2023-01-09,46.59000015258789,46.880001068115234,46.15999984741211,46.369998931884766,4229200.0,0.3735189939955803,0.0806338638260639,0.2270764289108221,0.0166629754738638,0.0405251069627489,-0.0405251069627489
TCEHY_2023-01-10,TCEHY,2023-01-10,46.56999969482422,47.040000915527344,46.11000061035156,46.93999862670898,2514800.0,0.4155608818669007,0.0906133277932772,0.253087104830089,0.0122924241525541,0.0404191409655392,-0.0404191409655392
TCEHY_2023-01-11,TCEHY,2023-01-11,47.93000030517578,48.72999954223633,47.93000030517578,48.47999954223633,4435700.0,0.5126365271852236,0.1412429393751386,0.3269397332801811,0.0328078602595247,0.0402282046566367,-0.0402282046566367
TCEHY_2023-01-12,TCEHY,2023-01-12,46.81999969482422,46.880001068115234,46.119998931884766,46.470001220703125,5857400.0,0.4445136420791606,0.1167988593862821,0.2806562507327214,-0.041460361809246,0.0406948098000366,-0.0406948098000366
TCEHY_2023-01-13,TCEHY,2023-01-13,47.400001525878906,47.84999847412109,47.2599983215332,47.79999923706055,3980000.0,0.5189069043537069,0.1543105388358936,0.3366087215948002,0.0286205720124854,0.0406219323193781,-0.0406219323193781
TCEHY_2023-01-17,TCEHY,2023-01-17,47.77000045776367,48.06999969482422,47.5099983215332,47.77000045776367,3051300.0,0.5404708192575904,0.1306508984086076,0.335560858833099,-0.0006275895350562,0.0405373577961568,-0.0405373577961568
TCEHY_2023-01-18,TCEHY,2023-01-18,48.84000015258789,48.880001068115234,47.81999969482422,47.900001525878906,3490400.0,0.5001566259964747,0.1100811085058994,0.3051188672511871,0.0027213955802696,0.0404438715613026,-0.0404438715613026
TCEHY_2023-01-19,TCEHY,2023-01-19,48.52000045776367,49.27000045776367,48.5,49.20000076293945,3859800.0,0.5418364461988412,0.150877210828993,0.3463568285139171,0.0271398579467307,0.0405076591221052,-0.0405076591221052
TCEHY_2023-01-20,TCEHY,2023-01-20,49.66999816894531,50.459999084472656,49.63999938964844,50.41999816894531,2899200.0,0.6717506108764659,0.168211268470811,0.4199809396736385,0.0247966948595017,0.0397598049518783,-0.0397598049518783
TCEHY_2023-01-23,TCEHY,2023-01-23,50.560001373291016,51.2400016784668,50.5,51.16999816894531,2852200.0,0.7211570453020006,0.2238698035928223,0.4725134244474115,0.0148750501237016,0.0396545045811968,-0.0396545045811968
TCEHY_2023-01-24,TCEHY,2023-01-24,50.5,51.09999847412109,50.41999816894531,50.88999938964844,2623200.0,0.7008689592206696,0.2239056553297318,0.4623873072752007,-0.0054719325643205,0.0396973517507491,-0.0396973517507491
TCEHY_2023-01-25,TCEHY,2023-01-25,50.15999984741211,51.15999984741211,50.15999984741211,51.09999847412109,3088400.0,0.9898753063418744,0.2433090114661822,0.6165921589040283,0.0041265295144681,0.0346884369798008,-0.0346884369798008
TCEHY_2023-01-26,TCEHY,2023-01-26,51.93000030517578,52.34999847412109,51.70000076293945,52.34000015258789,2491600.0,1.027110796716228,0.2737892421081302,0.6504500194121792,0.0242661783854021,0.0347159345019545,-0.0347159345019545
TCEHY_2023-01-27,TCEHY,2023-01-27,52.65999984741211,52.880001068115234,52.150001525878906,52.54999923706055,2404100.0,0.8862167295694625,0.2924249737892019,0.5893208516793322,0.0040122102380673,0.0336457125169962,-0.0336457125169962
TCEHY_2023-01-30,TCEHY,2023-01-30,49.34000015258789,49.43999862670898,48.65999984741211,49.0099983215332,3932000.0,0.8178783377540997,0.267718533755088,0.5427984357545939,-0.0673644332430509,0.0346432046298251,-0.0346432046298251
TCEHY_2023-01-31,TCEHY,2023-01-31,48.900001525878906,48.97999954223633,48.459999084472656,48.75,4471400.0,0.8873403075490764,0.3062701071447482,0.5968052073469123,-0.005305005722046,0.03405847937855,-0.03405847937855
TCEHY_2023-02-01,TCEHY,2023-02-01,49.02000045776367,49.470001220703125,48.2599983215332,49.29999923706055,4646200.0,0.8759512157133589,0.3035430892350694,0.5897471524742142,0.0112820356320111,0.0340477122187851,-0.0340477122187851
TCEHY_2023-02-02,TCEHY,2023-02-02,49.29999923706055,49.310001373291016,48.09999847412109,48.290000915527344,4588100.0,0.699155551931459,0.231259546469275,0.465207549200367,-0.0204867816868838,0.0330341747633861,-0.0330341747633861
TCEHY_2023-02-03,TCEHY,2023-02-03,48.7400016784668,49.119998931884766,48.15999984741211,48.25,3724400.0,0.7019400123725366,0.2153652159382852,0.4586526141554109,-0.0008283477897902,0.0330256802803421,-0.0330256802803421
TCEHY_2023-02-06,TCEHY,2023-02-06,47.88999938964844,48.02000045776367,47.119998931884766,47.86000061035156,3606100.0,0.6658545552704234,0.2431168989701704,0.4544857271202969,-0.0080828889046308,0.0330904432864164,-0.0330904432864164
TCEHY_2023-02-07,TCEHY,2023-02-07,48.310001373291016,48.380001068115234,47.52000045776367,48.27999877929688,4123500.0,0.5629653523229272,0.2769107914765079,0.4199380718997175,0.0087755571163632,0.0319763914403216,-0.0319763914403216
TCEHY_2023-02-08,TCEHY,2023-02-08,48.72999954223633,48.7400016784668,47.959999084472656,48.22999954223633,3208700.0,0.5558064368463331,0.277615881913545,0.4167111593799391,-0.0010356097416057,0.0319910283711439,-0.0319910283711439
TCEHY_2023-02-09,TCEHY,2023-02-09,50.400001525878906,50.63999938964844,49.970001220703125,50.22999954223633,3487300.0,0.6047923567602469,0.3132026024114072,0.458997479585827,0.0414679663898513,0.0322747441195421,-0.0322747441195421
TCEHY_2023-02-10,TCEHY,2023-02-10,48.84999847412109,49.380001068115234,48.34000015258789,48.59000015258789,2548800.0,0.6566655396856955,0.2449398327514687,0.4508026862185821,-0.032649799016411,0.0314143969797414,-0.0314143969797414
TCEHY_2023-02-13,TCEHY,2023-02-13,49.119998931884766,49.86000061035156,49.02000045776367,49.619998931884766,2862300.0,0.5742385219306967,0.2908428903378699,0.4325407061342833,0.0211977521313511,0.0303011947239991,-0.0303011947239991
TCEHY_2023-02-14,TCEHY,2023-02-14,48.040000915527344,48.52999877929688,47.709999084472656,48.43999862670898,2715500.0,0.4502992938241879,0.2644217408063158,0.3573605173152518,-0.0237807402373309,0.0298124747033731,-0.0298124747033731
TCEHY_2023-02-15,TCEHY,2023-02-15,47.93999862670898,48.45000076293945,47.7400016784668,48.45000076293945,2103700.0,0.4505987589671079,0.2487113844234698,0.3496550716952888,0.0002064850642864,0.0298117763356489,-0.0298117763356489
TCEHY_2023-02-16,TCEHY,2023-02-16,48.400001525878906,49.09000015258789,48.220001220703125,48.77000045776367,3729300.0,0.3181081204800993,0.2189453262615077,0.2685267233708035,0.0066047407592404,0.0268363974450344,-0.0268363974450344
TCEHY_2023-02-17,TCEHY,2023-02-17,47.400001525878906,47.4900016784668,46.93999862670898,47.20000076293945,2857400.0,0.2127441671002143,0.1922202723167738,0.2024822197084941,-0.0321919147034638,0.0265433596177221,-0.0265433596177221
TCEHY_2023-02-21,TCEHY,2023-02-21,45.84000015258789,46.2400016784668,45.5,45.59999847412109,4717500.0,0.1656441646002908,0.1520969268460992,0.158870545723195,-0.0338983530287283,0.0269549420465237,-0.0269549420465237
TCEHY_2023-02-22,TCEHY,2023-02-22,45.38999938964844,45.59999847412109,44.59999847412109,44.77999877929688,4041000.0,0.2370165147935961,0.1461479173041584,0.1915822160488772,-0.0179824500496326,0.0252188492880182,-0.0252188492880182
TCEHY_2023-02-23,TCEHY,2023-02-23,45.75,45.900001525878906,44.119998931884766,44.54999923706055,4034200.0,0.2374999788072374,0.1196280023124025,0.1785639905598199,-0.0051362114449782,0.0252166047652379,-0.0252166047652379
TCEHY_2023-02-24,TCEHY,2023-02-24,44.0,44.11000061035156,43.34999847412109,43.59999847412109,4360100.0,0.2192393881592258,0.0870106659352387,0.1531250270472323,-0.0213243721483425,0.0253808946978289,-0.0253808946978289
TCEHY_2023-02-27,TCEHY,2023-02-27,44.72999954223633,44.7400016784668,44.2400016784668,44.61000061035156,3542700.0,0.229264245933495,0.0546099625284897,0.1419371042309923,0.0231651874215079,0.0254627290148032,-0.0254627290148032
TCEHY_2023-02-28,TCEHY,2023-02-28,44.02999877929688,44.369998931884766,43.83000183105469,43.959999084472656,3777700.0,0.2712549669385566,0.0654387026848313,0.168346834811694,-0.0145707580584089,0.0247368248119857,-0.0247368248119857
TCEHY_2023-03-01,TCEHY,2023-03-01,46.5,46.84999847412109,46.2599983215332,46.54999923706055,3466400.0,0.3183233482474918,0.1423312696211176,0.2303273089343047,0.058917202150323,0.0255992610391108,-0.0255992610391108
TCEHY_2023-03-02,TCEHY,2023-03-02,45.91999816894531,47.369998931884766,45.84000015258789,47.2400016784668,4220300.0,0.2995874459829402,0.1810000419616699,0.240293743972305,0.0148228239036556,0.0254370982120717,-0.0254370982120717
TCEHY_2023-03-03,TCEHY,2023-03-03,46.810001373291016,47.290000915527344,46.68999862670898,47.119998931884766,2861700.0,0.2468906533559745,0.1409200920662885,0.1939053727111315,-0.0025402782031807,0.0250496143021028,-0.0250496143021028
TCEHY_2023-03-06,TCEHY,2023-03-06,46.25,46.650001525878906,46.0099983215332,46.13999938964844,3447500.0,0.217735553784514,0.1204467957191648,0.1690911747518394,-0.0207979534051557,0.0252406944039283,-0.0252406944039283
TCEHY_2023-03-07,TCEHY,2023-03-07,45.25,45.29999923706055,44.720001220703125,44.790000915527344,2058300.0,0.1399847256767665,0.0813617309406038,0.1106732283086852,-0.0292587449497012,0.025201485171046,-0.025201485171046
TCEHY_2023-03-08,TCEHY,2023-03-08,44.36000061035156,44.70000076293945,44.22999954223633,44.47999954223633,2289200.0,0.1428571848630611,0.1326712254581254,0.1377642051605933,-0.0069212182843145,0.0251845741412356,-0.0251845741412356
TCEHY_2023-03-09,TCEHY,2023-03-09,43.2400016784668,43.29999923706055,42.08000183105469,42.2400016784668,3771100.0,0.0605071487978963,0.0597090073174046,0.0601080780576505,-0.0503596647217255,0.0258987643723923,-0.0258987643723923
TCEHY_2023-03-10,TCEHY,2023-03-10,42.38999938964844,42.869998931884766,42.04999923706055,42.54999923706055,2637200.0,0.0857361757614771,0.103475044649071,0.0946056102052741,0.0073389570614477,0.0258138826335783,-0.0258138826335783
TCEHY_2023-03-13,TCEHY,2023-03-13,43.0099983215332,43.880001068115234,43.0,43.59999847412109,3138800.0,0.0665361383301759,0.1228430702584089,0.0946896042942924,0.0246768332758511,0.0254375662254784,-0.0254375662254784
TCEHY_2023-03-14,TCEHY,2023-03-14,43.52999877929688,44.41999816894531,43.459999084472656,44.38999938964844,2513100.0,0.0901276537064392,0.1240819828542454,0.1071048182803423,0.0181192876875042,0.0255154897939285,-0.0255154897939285
TCEHY_2023-03-15,TCEHY,2023-03-15,43.0,43.220001220703125,42.61000061035156,43.150001525878906,4994600.0,0.066749090531865,0.1266319160686904,0.0966905033002777,-0.0279341716787383,0.0257674783234681,-0.0257674783234681
TCEHY_2023-03-16,TCEHY,2023-03-16,42.31999969482422,43.31999969482422,42.31999969482422,43.290000915527344,4762800.0,0.0545676423897345,0.1311732531412939,0.0928704477655142,0.0032444816847683,0.0257109987376387,-0.0257109987376387
TCEHY_2023-03-17,TCEHY,2023-03-17,42.79999923706055,43.25,42.470001220703125,42.93000030517578,4950800.0,0.0282634803634918,0.1360147992887845,0.0821391398261381,-0.0083160222392704,0.0256568281397764,-0.0256568281397764
TCEHY_2023-03-20,TCEHY,2023-03-20,42.380001068115234,43.43999862670898,42.369998931884766,43.02999877929688,4772300.0,0.0648354105859407,0.1626587606263445,0.1137470856061426,0.00232933783858,0.0253098907148094,-0.0253098907148094
TCEHY_2023-03-21,TCEHY,2023-03-21,43.810001373291016,44.22999954223633,43.61000061035156,43.970001220703125,3920300.0,0.0907963215758456,0.1870950360120182,0.1389456787939319,0.0218452816191689,0.0254363401871129,-0.0254363401871129
TCEHY_2023-03-22,TCEHY,2023-03-22,44.650001525878906,45.63999938964844,44.59999847412109,44.79999923706055,6725800.0,0.1045364329440479,0.2033306416304485,0.1539335372872482,0.018876461071523,0.0255225070504806,-0.0255225070504806
TCEHY_2023-03-23,TCEHY,2023-03-23,47.7400016784668,48.470001220703125,47.38999938964844,47.880001068115234,5021600.0,0.2133806938418256,0.332962235769543,0.2731714648056843,0.0687500420425626,0.0265996379195725,-0.0265996379195725
TCEHY_2023-03-24,TCEHY,2023-03-24,47.34999847412109,48.130001068115234,47.209999084472656,47.84999847412109,4918800.0,0.1768322344734736,0.3403360630679501,0.2585841487707119,-0.0006266205790486,0.0263782161202319,-0.0263782161202319
TCEHY_2023-03-27,TCEHY,2023-03-27,46.369998931884766,46.459999084472656,45.90999984741211,46.18999862670898,4149100.0,0.139930851552074,0.3246343573722716,0.2322826044621728,-0.0346917429539709,0.0267905463589736,-0.0267905463589736
TCEHY_2023-03-28,TCEHY,2023-03-28,49.0,49.93999862670898,48.90999984741211,49.900001525878906,6448300.0,0.2394437060666669,0.3861111534966364,0.3127774297816517,0.0803204808286062,0.0285024486436383,-0.0285024486436383
TCEHY_2023-03-29,TCEHY,2023-03-29,49.09000015258789,49.58000183105469,48.7599983215332,49.290000915527344,4083400.0,0.1783408739641587,0.397108917828304,0.2877248958962314,-0.0122244607554812,0.0282116189233311,-0.0282116189233311
TCEHY_2023-03-30,TCEHY,2023-03-30,49.79999923706055,50.18000030517578,49.5,49.91999816894531,5117700.0,0.2154857204743636,0.3948029307618075,0.3051443256180856,0.0127814413007953,0.0281063809717113,-0.0281063809717113
TCEHY_2023-03-31,TCEHY,2023-03-31,49.220001220703125,49.45000076293945,48.75,48.88999938964844,3094200.0,0.1293600913764931,0.4266121603909314,0.2779861258837123,-0.0206329891241388,0.0275079008777706,-0.0275079008777706
TCEHY_2023-04-03,TCEHY,2023-04-03,49.290000915527344,49.77000045776367,49.220001220703125,49.43000030517578,3890700.0,0.1669027288232973,0.4615612285987247,0.314231978711011,0.0110452223822625,0.027359116700144,-0.027359116700144
TCEHY_2023-04-04,TCEHY,2023-04-04,49.08000183105469,49.54999923706055,48.900001525878906,49.470001220703125,1858100.0,0.1096904259488396,0.4636095366079462,0.2866499812783929,0.0008092436836006,0.0266128271050621,-0.0266128271050621
TCEHY_2023-04-05,TCEHY,2023-04-05,49.150001525878906,49.380001068115234,48.150001525878906,48.43999862670898,2905300.0,0.0532723822314906,0.3718492422192223,0.2125608122253565,-0.0208207513357224,0.0264911169144236,-0.0264911169144236
TCEHY_2023-04-06,TCEHY,2023-04-06,48.90999984741211,49.619998931884766,48.540000915527344,49.290000915527344,2109300.0,0.0936321555198,0.3998864583118908,0.2467593069158454,0.0175475291683779,0.0264294517740424,-0.0264294517740424
TCEHY_2023-04-10,TCEHY,2023-04-10,49.0099983215332,49.33000183105469,48.09999847412109,48.97999954223633,1744500.0,0.0738872810082778,0.3934565409954591,0.2336719110018684,-0.0062893359207335,0.02641576210211,-0.02641576210211
TCEHY_2023-04-11,TCEHY,2023-04-11,48.0,48.04999923706055,47.369998931884766,47.40999984741211,3235400.0,0.02242831441629,0.4043247098496596,0.2133765121329748,-0.0320538936197902,0.0266757212781954,-0.0266757212781954
TCEHY_2023-04-12,TCEHY,2023-04-12,45.86000061035156,45.88999938964844,44.43000030517578,44.84000015258789,5731200.0,-0.0447379321593371,0.3522316151665277,0.1537468415035952,-0.0542079667389938,0.0275122193437568,-0.0275122193437568
TCEHY_2023-04-13,TCEHY,2023-04-13,46.09999847412109,46.90999984741211,46.09999847412109,46.7599983215332,3303500.0,-0.0354785733693053,0.4589703411743913,0.2117458839025429,0.0428188707049881,0.0277348621442268,-0.0277348621442268
TCEHY_2023-04-14,TCEHY,2023-04-14,46.45000076293945,46.58000183105469,45.86000061035156,45.880001068115234,3393200.0,-0.0126963661951666,0.4261735679054097,0.2067386008551215,-0.0188194457871211,0.0273353621091346,-0.0273353621091346
TCEHY_2023-04-17,TCEHY,2023-04-17,47.18999862670898,47.290000915527344,46.77999877929688,47.209999084472656,3831500.0,-0.012343099623534,0.5001588851143954,0.2439078927454306,0.0289886221751141,0.0273415807284362,-0.0273415807284362
TCEHY_2023-04-18,TCEHY,2023-04-18,47.02000045776367,47.06999969482422,46.43999862670898,46.5,2757900.0,-0.0265857325851724,0.4995162740015464,0.2364652707081869,-0.0150391675119979,0.0274085573302462,-0.0274085573302462
TCEHY_2023-04-19,TCEHY,2023-04-19,45.54999923706055,45.63999938964844,45.2599983215332,45.58000183105469,2541600.0,-0.0484342300818256,0.4274976948141862,0.1895317323661802,-0.0197849068590389,0.0275181753997392,-0.0275181753997392
TCEHY_2023-04-20,TCEHY,2023-04-20,45.59999847412109,45.72999954223633,44.95000076293945,45.16999816894531,2752600.0,-0.0819106205589694,0.415543666090258,0.1668165227656443,-0.008995253304927,0.0273103334739202,-0.0273103334739202
TCEHY_2023-04-21,TCEHY,2023-04-21,44.45000076293945,44.459999084472656,43.9900016784668,44.09999847412109,4801100.0,-0.1253470829897182,0.4622015483168216,0.1684272326635517,-0.0236882828912722,0.0272550206751016,-0.0272550206751016
TCEHY_2023-04-24,TCEHY,2023-04-24,43.560001373291016,43.68999862670898,43.08000183105469,43.380001068115234,4359300.0,-0.1522375880317652,0.4591322481013444,0.1534473300347896,-0.0163264723564188,0.0272313343143909,-0.0272313343143909
TCEHY_2023-04-25,TCEHY,2023-04-25,42.95000076293945,42.959999084472656,42.130001068115234,42.369998931884766,3656600.0,-0.1674199363322596,0.4161095863584283,0.1243448250130843,-0.0232826673896241,0.0273574260407401,-0.0273574260407401
TCEHY_2023-04-26,TCEHY,2023-04-26,44.540000915527344,44.630001068115234,43.810001373291016,43.9900016784668,2868900.0,-0.1391388846959566,0.7130062755334412,0.2869336954187423,0.0382346657404073,0.0278249516077653,-0.0278249516077653
TCEHY_2023-04-27,TCEHY,2023-04-27,43.66999816894531,44.43000030517578,43.54999923706055,44.27999877929688,2163400.0,-0.1539931476842475,0.7149496244251732,0.2804782383704628,0.0065923412085715,0.0276444007482941,-0.0276444007482941
TCEHY_2023-04-28,TCEHY,2023-04-28,43.7400016784668,44.43999862670898,43.7400016784668,44.36000061035156,2618700.0,-0.155851546063069,0.5922469360560361,0.2181976949964835,0.0018067261350531,0.0276377029940128,-0.0276377029940128
TCEHY_2023-05-01,TCEHY,2023-05-01,43.66999816894531,44.720001220703125,43.54999923706055,44.08000183105469,2798400.0,-0.1005916478130638,0.6350149602357416,0.2672116562113388,-0.0063119651813425,0.0263608069391025,-0.0263608069391025
TCEHY_2023-05-02,TCEHY,2023-05-02,44.09000015258789,44.09000015258789,42.900001525878906,43.290000915527344,2406200.0,-0.1119999812199519,0.6759582285479215,0.2819791236639848,-0.0179219800978044,0.0264392005107528,-0.0264392005107528
TCEHY_2023-05-03,TCEHY,2023-05-03,43.22999954223633,43.31999969482422,42.77999877929688,42.900001525878906,4781700.0,-0.1298173998017131,0.632420106734588,0.2513013534664374,-0.0090089947193452,0.0264040077479321,-0.0264040077479321
TCEHY_2023-05-04,TCEHY,2023-05-04,42.72999954223633,43.20000076293945,42.65999984741211,43.04999923706055,2349700.0,-0.1085111115991283,0.514778294211546,0.2031335913062088,0.0034964500197314,0.0263039059567693,-0.0263039059567693
TCEHY_2023-05-05,TCEHY,2023-05-05,43.29999923706055,43.97999954223633,43.2599983215332,43.900001525878906,1682100.0,-0.0901554087900744,0.5485009148209061,0.2291727530154158,0.0197445366755457,0.0264395426773407,-0.0264395426773407
TCEHY_2023-05-08,TCEHY,2023-05-08,43.380001068115234,43.540000915527344,43.060001373291016,43.22999954223633,1983400.0,-0.096740514188665,0.5046989290300326,0.2039792074206837,-0.0152620036527245,0.0264852995950258,-0.0264852995950258
TCEHY_2023-05-09,TCEHY,2023-05-09,41.61000061035156,41.93999862670898,41.470001220703125,41.86000061035156,3302200.0,-0.1329742819235178,0.3551311569264479,0.111078437501465,-0.031690930982922,0.0267272782495792,-0.0267272782495792
TCEHY_2023-05-10,TCEHY,2023-05-10,42.20000076293945,42.400001525878906,41.84000015258789,42.22999954223633,3251000.0,-0.1244038991695539,0.3622580497495589,0.1189270752900024,0.008838961454608,0.026761449347553,-0.026761449347553
TCEHY_2023-05-11,TCEHY,2023-05-11,41.77000045776367,42.59000015258789,41.70000076293945,42.54999923706055,5160200.0,-0.1528966827626184,0.3594249288888005,0.103264123063091,0.0075775443592929,0.0262135452288517,-0.0262135452288517
TCEHY_2023-05-12,TCEHY,2023-05-12,41.84000015258789,41.84999847412109,41.08000183105469,41.27000045776367,4823600.0,-0.1506482747856991,0.4070917342351263,0.1282217297247136,-0.0300822280199246,0.0261675474892892,-0.0261675474892892
TCEHY_2023-05-15,TCEHY,2023-05-15,43.43999862670898,44.52999877929688,43.380001068115234,44.33000183105469,6503500.0,-0.1066101816747689,0.4064086671082452,0.1498992427167381,0.0741459011230849,0.0277362289094373,-0.0277362289094373
TCEHY_2023-05-16,TCEHY,2023-05-16,43.61000061035156,43.959999084472656,43.54999923706055,43.880001068115234,5143800.0,-0.0941370290642296,0.3137724270496287,0.1098176989926995,-0.0101511559745574,0.0276118368281164,-0.0276118368281164
TCEHY_2023-05-17,TCEHY,2023-05-17,43.79999923706055,44.79999923706055,43.709999084472656,44.650001525878906,5113300.0,-0.078431355567021,0.3368263319174791,0.129197488175229,0.0175478677990092,0.0277123225097399,-0.0277123225097399
TCEHY_2023-05-18,TCEHY,2023-05-18,43.29999923706055,43.29999923706055,42.150001525878906,42.59999847412109,5663600.0,-0.1265122396089784,0.1513513101113808,0.0124195352512012,-0.0459127207547719,0.028266567586035,-0.028266567586035
TCEHY_2023-05-19,TCEHY,2023-05-19,42.54999923706055,42.7599983215332,42.380001068115234,42.47999954223633,3282000.0,-0.1000000242459567,0.0914697209860502,-0.0042651516299532,-0.0028168764362199,0.0279974240296809,-0.0279974240296809
TCEHY_2023-05-22,TCEHY,2023-05-22,43.59000015258789,44.04999923706055,43.41999816894531,43.5099983215332,1813200.0,-0.0458333382132457,0.1122188013678693,0.0331927315773117,0.0242466758567825,0.027863221874593,-0.027863221874593
TCEHY_2023-05-23,TCEHY,2023-05-23,42.630001068115234,42.72999954223633,42.060001373291016,42.13999938964844,2834100.0,-0.0589548785532569,0.1640883563955664,0.0525667389211547,-0.0314869911453604,0.0280522284655021,-0.0280522284655021
TCEHY_2023-05-24,TCEHY,2023-05-24,42.22999954223633,42.2599983215332,41.540000915527344,41.68999862670898,3566000.0,-0.0641975456639822,0.1580555174085827,0.0469289858723002,-0.0106787083402284,0.0280754233136844,-0.0280754233136844
TCEHY_2023-05-25,TCEHY,2023-05-25,41.290000915527344,41.290000915527344,40.34000015258789,40.41999816894531,2856100.0,-0.0729357893685082,0.1303132009546557,0.0286887057930737,-0.0304629527368233,0.0282071587474682,-0.0282071587474682
TCEHY_2023-05-26,TCEHY,2023-05-26,40.90999984741211,41.34999847412109,40.709999084472656,41.25,3131100.0,-0.0753194477556651,0.136676741784,0.0306786470141674,0.0205344351473122,0.0281730125188296,-0.0281730125188296
TCEHY_2023-05-30,TCEHY,2023-05-30,40.09999847412109,40.29999923706055,39.400001525878906,39.540000915527344,4169500.0,-0.1005459113056834,0.1434354777858431,0.0214447832400798,-0.0414545232599431,0.0285846764792366,-0.0285846764792366
TCEHY_2023-05-31,TCEHY,2023-05-31,39.45000076293945,39.630001068115234,38.880001068115234,39.52999877929688,3954900.0,-0.1508055976975124,0.1195128077564429,-0.0156463949705347,-0.0002529624683578,0.0275272780659395,-0.0275272780659395
TCEHY_2023-06-01,TCEHY,2023-06-01,40.09999847412109,41.41999816894531,40.09000015258789,41.290000915527344,5536900.0,-0.1259525942322651,0.1359010357297052,0.00497422074872,0.0445232023926149,0.0280728281486082,-0.0280728281486082
TCEHY_2023-06-02,TCEHY,2023-06-02,42.7599983215332,43.20000076293945,42.720001220703125,42.79999923706055,3540000.0,-0.0916808105422302,0.1325747075987677,0.0204469485282687,0.0365705567462304,0.0284845295590563,-0.0284845295590563
TCEHY_2023-06-05,TCEHY,2023-06-05,42.88999938964844,43.08000183105469,42.630001068115234,42.93000030517578,3186200.0,-0.0695708523393007,0.133016653383855,0.0317229005222771,0.0030374081876773,0.0283771779308687,-0.0283771779308687
TCEHY_2023-06-06,TCEHY,2023-06-06,42.2599983215332,43.34999847412109,42.04999923706055,43.16999816894531,4017800.0,-0.0361688482578357,0.098752791117513,0.0312919714298386,0.0055904463560088,0.028151290791886,-0.028151290791886
TCEHY_2023-06-07,TCEHY,2023-06-07,42.88999938964844,43.27000045776367,42.400001525878906,42.43999862670898,3471700.0,-0.0458633304074171,0.0904419481851956,0.0222893088888892,-0.0169098812415856,0.0282178119568746,-0.0282178119568746
TCEHY_2023-06-08,TCEHY,2023-06-08,42.619998931884766,43.040000915527344,42.52999877929688,42.79999923706055,2503200.0,0.0132575174323259,0.0745668408101907,0.0439121791212583,0.0084825782752266,0.0275007769340268,-0.0275007769340268
TCEHY_2023-06-09,TCEHY,2023-06-09,42.93000030517578,43.02999877929688,42.58000183105469,42.630001068115234,2234200.0,0.0018801840773008,0.0877775596312935,0.0448288718542971,-0.003971919905973,0.0274928369964022,-0.0274928369964022
TCEHY_2023-06-12,TCEHY,2023-06-12,43.0,43.150001525878906,42.83000183105469,42.93000030517578,2294000.0,-0.0153669310181968,0.050146751064042,0.0173899100229226,0.0070372796045958,0.0273309237095936,-0.0273309237095936
TCEHY_2023-06-13,TCEHY,2023-06-13,43.900001525878906,44.33000183105469,43.81999969482422,43.970001220703125,3812100.0,-0.0094615493291323,0.0798133571358443,0.035175903903356,0.0242255044988191,0.0274065178390371,-0.0274065178390371
TCEHY_2023-06-14,TCEHY,2023-06-14,44.25,45.22999954223633,44.22999954223633,45.130001068115234,4563000.0,0.0458864304106416,0.1156983984401707,0.0807924144254061,0.0263816196317485,0.0273610473803516,-0.0273610473803516
TCEHY_2023-06-15,TCEHY,2023-06-15,45.45000076293945,45.68000030517578,45.2599983215332,45.63999938964844,4551900.0,0.0542850178891585,0.1118148657221891,0.0830499418056738,0.0113006494452205,0.0273901553519811,-0.0273901553519811
TCEHY_2023-06-16,TCEHY,2023-06-16,46.2599983215332,46.459999084472656,45.47999954223633,45.810001373291016,3508000.0,0.0670859782819057,0.0972455418752338,0.0821657600785698,0.0037248463171788,0.0273646524724669,-0.0273646524724669
TCEHY_2023-06-20,TCEHY,2023-06-20,44.34999847412109,44.5,43.65999984741211,43.68999862670898,2565700.0,0.0153381330730979,0.0811679978144548,0.0482530654437763,-0.0462781637858251,0.0280153949694625,-0.0280153949694625
TCEHY_2023-06-21,TCEHY,2023-06-21,43.369998931884766,43.619998931884766,43.130001068115234,43.40999984741211,2614500.0,-0.0127359872127394,0.0769039535725524,0.0320839831799064,-0.0064087614579528,0.0278960880006505,-0.0278960880006505
TCEHY_2023-06-22,TCEHY,2023-06-22,43.15999984741211,43.38999938964844,42.959999084472656,43.34000015258789,2022600.0,-0.0325892658333993,0.0685404015081596,0.0179755678373801,-0.0016125246503172,0.0277937906906102,-0.0277937906906102
TCEHY_2023-06-23,TCEHY,2023-06-23,42.81999969482422,42.81999969482422,42.29999923706055,42.43999862670898,2462300.0,-0.1136174252307801,0.0755195035827798,-0.0190489608240001,-0.0207660711285246,0.0264713074546378,-0.0264713074546378
TCEHY_2023-06-26,TCEHY,2023-06-26,42.380001068115234,42.7400016784668,42.34000015258789,42.40999984741211,1456300.0,-0.1136885851658097,0.043039842758666,-0.0353243712035718,-0.0007068515614415,0.0264712632172986,-0.0264712632172986
TCEHY_2023-06-27,TCEHY,2023-06-27,43.369998931884766,43.66999816894531,43.18999862670898,43.56999969482422,3410900.0,-0.0567222128118827,0.0752714511995067,0.009274619193812,0.0273520361137868,0.0263731717824869,-0.0263731717824869
TCEHY_2023-06-28,TCEHY,2023-06-28,42.83000183105469,42.83000183105469,42.43000030517578,42.75,2971900.0,-0.1432865993435051,0.0618480323466632,-0.0407192834984209,-0.0188202823173677,0.0243476378167744,-0.0243476378167744
TCEHY_2023-06-29,TCEHY,2023-06-29,42.40999984741211,42.43000030517578,42.0,42.20000076293945,2461000.0,-0.1438425648386303,0.008845300398961,-0.0674986322198346,-0.0128654792294864,0.0243520446581772,-0.0243520446581772
TCEHY_2023-06-30,TCEHY,2023-06-30,42.2599983215332,42.7400016784668,42.209999084472656,42.4900016784668,1821000.0,-0.1488380761820747,0.0345751642121763,-0.0571314559849492,0.0068720594854119,0.0243048555790947,-0.0243048555790947
TCEHY_2023-07-03,TCEHY,2023-07-03,43.0,43.47999954223633,42.90999984741211,43.02999877929688,1203700.0,-0.1198609262325395,-0.0060060552259587,-0.0629334907292491,0.0127088039420752,0.024261414387839,-0.024261414387839
TCEHY_2023-07-05,TCEHY,2023-07-05,42.72999954223633,42.86000061035156,42.38999938964844,42.470001220703125,2359000.0,-0.1408051596500572,0.0025968037952455,-0.0691041779274058,-0.0130141197880579,0.0242463366351092,-0.0242463366351092
TCEHY_2023-07-06,TCEHY,2023-07-06,41.220001220703125,41.56999969482422,41.040000915527344,41.18999862670898,2109200.0,-0.1673742144669481,-0.0760431373958404,-0.1217086759313942,-0.0301389818037061,0.0244982809215425,-0.0244982809215425
TCEHY_2023-07-07,TCEHY,2023-07-07,41.880001068115234,43.16999816894531,41.86000061035156,42.880001068115234,3959400.0,-0.1147811254381013,-0.0676234071939099,-0.0912022663160056,0.0410294367019086,0.0249910318126302,-0.0249910318126302
TCEHY_2023-07-10,TCEHY,2023-07-10,42.0099983215332,42.59000015258789,41.959999084472656,42.40999984741211,1589500.0,-0.1395820844050318,-0.0590193003200215,-0.0993006923625267,-0.0109608490903841,0.0248961540206878,-0.0248961540206878
TCEHY_2023-07-11,TCEHY,2023-07-11,42.560001373291016,43.09000015258789,42.310001373291016,43.060001373291016,3823900.0,-0.1208656231987179,-0.0559087744559644,-0.0883871988273412,0.0153266099556133,0.0249859933477902,-0.0249859933477902
TCEHY_2023-07-12,TCEHY,2023-07-12,44.0,45.04999923706055,44.0,44.810001373291016,3929800.0,-0.0548407188881907,-0.0336423893579403,-0.0442415541230655,0.0406409647976806,0.025240597101569,-0.025240597101569
TCEHY_2023-07-13,TCEHY,2023-07-13,44.90999984741211,45.52999877929688,44.900001525878906,45.369998931884766,2214900.0,0.0118197764829017,-0.0334469480348659,-0.010813585775982,0.0124971555775834,0.0243377565958124,-0.0243377565958124
TCEHY_2023-07-14,TCEHY,2023-07-14,45.20000076293945,45.25,44.540000915527344,44.65999984741211,3140300.0,-0.0449101486206434,-0.0787953739870849,-0.0618527613038641,-0.0156490875289329,0.0238060298298833,-0.0238060298298833
TCEHY_2023-07-17,TCEHY,2023-07-17,44.45000076293945,44.709999084472656,43.900001525878906,44.470001220703125,1108700.0,-0.030732341207202,-0.0430385183443672,-0.0368854297757846,-0.0042543355879566,0.0236952444841973,-0.0236952444841973
TCEHY_2023-07-18,TCEHY,2023-07-18,42.91999816894531,43.13999938964844,42.459999084472656,42.66999816894531,5084500.0,-0.0961660877689054,-0.1073221997907024,-0.1017441437798039,-0.0404767933966193,0.0239291831888672,-0.0239291831888672
TCEHY_2023-07-19,TCEHY,2023-07-19,42.77000045776367,43.369998931884766,42.68999862670898,42.70000076293945,1997900.0,-0.0817204137002268,-0.1061335492200153,-0.0939269814601211,0.0007031308948115,0.0238657580290482,-0.0238657580290482
TCEHY_2023-07-20,TCEHY,2023-07-20,42.29999923706055,42.66999816894531,42.2599983215332,42.47999954223633,2230000.0,-0.0680123335735861,-0.1131524386427068,-0.0905823861081465,-0.0051522533201936,0.0237516507800286,-0.0237516507800286
TCEHY_2023-07-21,TCEHY,2023-07-21,42.56999969482422,42.72999954223633,42.02999877929688,42.15999984741211,1989000.0,-0.0666371140923046,-0.1430894472837146,-0.1048632806880096,-0.0075329495826866,0.0237442672450795,-0.0237442672450795
TCEHY_2023-07-24,TCEHY,2023-07-24,41.65999984741211,43.70000076293945,41.61000061035156,43.119998931884766,4373500.0,-0.0222222126109915,-0.1447838060723445,-0.083503009341668,0.0227703768488409,0.0237439656627867,-0.0237439656627867
TCEHY_2023-07-25,TCEHY,2023-07-25,44.29999923706055,44.77999877929688,43.56999969482422,43.58000183105469,3717200.0,0.0046104370220141,-0.1483290328217548,-0.0718592978998703,0.0106679710242241,0.0236895740814987,-0.0236895740814987
TCEHY_2023-07-26,TCEHY,2023-07-26,43.45000076293945,44.310001373291016,43.45000076293945,44.09000015258789,2415500.0,0.0405947902776266,-0.1336215232583346,-0.0465133664903539,0.0117025768725365,0.0235362625328258,-0.0235362625328258
TCEHY_2023-07-27,TCEHY,2023-07-27,44.20000076293945,44.220001220703125,43.2400016784668,43.400001525878906,3418900.0,-0.0134121420794738,-0.1506848762851087,-0.0820485091822912,-0.0156497760109098,0.0231333851644757,-0.0231333851644757
TCEHY_2023-07-28,TCEHY,2023-07-28,45.20000076293945,46.0,45.11000061035156,45.959999084472656,3301300.0,0.037940387341683,-0.1218953200136699,-0.0419774663359934,0.0589861167877436,0.0242855448298448,-0.0242855448298448
TCEHY_2023-07-31,TCEHY,2023-07-31,45.70000076293945,46.150001525878906,45.34000015258789,45.93999862670898,1950700.0,0.0356176283728164,-0.1257849801392558,-0.0450836758832197,-0.0004351709782873,0.0242858067256717,-0.0242858067256717
TCEHY_2023-08-01,TCEHY,2023-08-01,45.43000030517578,45.43000030517578,45.0099983215332,45.09999847412109,1986300.0,0.0231396687998275,-0.0797796364276594,-0.0283199838139159,-0.0182847230670034,0.0243893311249927,-0.0243893311249927
TCEHY_2023-08-02,TCEHY,2023-08-02,44.150001525878906,44.150001525878906,43.310001373291016,43.380001068115234,2794700.0,0.0020790055598176,-0.11015382424379,-0.0540374093419862,-0.0381374160576259,0.02476771470745,-0.02476771470745
TCEHY_2023-08-03,TCEHY,2023-08-03,44.02000045776367,44.68000030517578,44.02000045776367,44.61000061035156,1843700.0,0.0398601171014205,-0.0951318194581907,-0.027635851178385,0.0283540689707448,0.0249867748483933,-0.0249867748483933
TCEHY_2023-08-04,TCEHY,2023-08-04,43.959999084472656,44.16999816894531,43.380001068115234,43.5,1764400.0,0.0104529795798942,-0.0991923964529715,-0.0443697084365386,-0.0248823267241559,0.0251946272985008,-0.0251946272985008
TCEHY_2023-08-07,TCEHY,2023-08-07,43.560001373291016,43.61000061035156,42.77999877929688,43.040000915527344,1031100.0,-0.0195899904432712,-0.1079792556367389,-0.0637846230400051,-0.0105746915970725,0.0251100534650968,-0.0251100534650968
TCEHY_2023-08-08,TCEHY,2023-08-08,42.400001525878906,42.560001373291016,42.0,42.4900016784668,1861700.0,-0.0171176930743786,-0.1122022328333045,-0.0646599629538415,-0.0127787924108088,0.0250876578858415,-0.0250876578858415
TCEHY_2023-08-09,TCEHY,2023-08-09,42.77999877929688,43.040000915527344,42.310001373291016,42.7599983215332,1375600.0,0.0215001839001187,-0.114333069538741,-0.0464164428193111,0.0063543570816857,0.024767544225585,-0.024767544225585
TCEHY_2023-08-10,TCEHY,2023-08-10,43.56999969482422,44.22999954223633,43.18999862670898,43.43000030517578,2279900.0,0.0284158365130757,-0.0995231035168693,-0.0355536335018967,0.0156688963971538,0.024818916493858,-0.024818916493858
TCEHY_2023-08-11,TCEHY,2023-08-11,42.79999923706055,42.81999969482422,41.869998931884766,42.130001068115234,2566200.0,-0.009870697449496,-0.1612581833155332,-0.0855644403825146,-0.0299332081032847,0.0251007279996713,-0.0251007279996713
TCEHY_2023-08-14,TCEHY,2023-08-14,42.470001220703125,42.56999969482422,41.72999954223633,42.2400016784668,1946900.0,0.0235037850725452,-0.1306852943852665,-0.0535907546563606,0.0026109804785838,0.0248017781570027,-0.0248017781570027
TCEHY_2023-08-15,TCEHY,2023-08-15,42.25,42.29999923706055,41.630001068115234,41.84000015258789,2134200.0,-0.0561696723577048,-0.1567915950578067,-0.1064806337077557,-0.0094697327174307,0.0229764968928492,-0.0229764968928492
TCEHY_2023-08-16,TCEHY,2023-08-16,40.970001220703125,41.150001525878906,40.18999862670898,40.61000061035156,4686400.0,-0.0745214306783544,-0.1616432336569078,-0.1180823321676311,-0.0293976944969072,0.0232313005483122,-0.0232313005483122
TCEHY_2023-08-17,TCEHY,2023-08-17,42.38999938964844,42.59000015258789,42.0,42.11000061035156,2776700.0,-0.0568869166567703,-0.1308565542363727,-0.0938717354465715,0.0369367145396606,0.0236058911253521,-0.0236058911253521
TCEHY_2023-08-18,TCEHY,2023-08-18,41.15999984741211,41.25,40.77000045776367,41.09000015258789,2064900.0,-0.0354459712586726,-0.157473861658601,-0.0964599164586368,-0.0242222855136443,0.0230876547532168,-0.0230876547532168
TCEHY_2023-08-21,TCEHY,2023-08-21,40.650001525878906,40.880001068115234,40.34000015258789,40.77999877929688,2647700.0,-0.0400188507829242,-0.1360169889802933,-0.0880179198816087,-0.0075444480929621,0.0231036078615212,-0.0231036078615212
TCEHY_2023-08-22,TCEHY,2023-08-22,40.77999877929688,40.77999877929688,40.27999877929688,40.43000030517578,2554500.0,-0.0707882816633693,-0.1133771566216034,-0.0920827191424863,-0.008582601387884,0.0229084618514604,-0.0229084618514604
TCEHY_2023-08-23,TCEHY,2023-08-23,40.34999847412109,40.9900016784668,40.34999847412109,40.900001525878906,1583100.0,-0.0294256735104303,-0.0866457650555322,-0.0580357192829812,0.0116250610228898,0.0226223874492664,-0.0226223874492664
TCEHY_2023-08-24,TCEHY,2023-08-24,41.33000183105469,41.4900016784668,40.65999984741211,40.9900016784668,1640300.0,-0.0167905246174252,-0.0799101598105581,-0.0483503422139917,0.0022004926462153,0.0225845389531068,-0.0225845389531068
TCEHY_2023-08-25,TCEHY,2023-08-25,40.810001373291016,40.93000030517578,40.33000183105469,40.75,1462500.0,0.0081643207818902,-0.0653669397675027,-0.0286013094928062,-0.0058551273149344,0.0222599731462295,-0.0222599731462295
TCEHY_2023-08-28,TCEHY,2023-08-28,41.459999084472656,41.970001220703125,41.38999938964844,41.72999954223633,3008300.0,0.0116363525390625,-0.064559538863735,-0.0264615931623362,0.0240490685211369,0.0223156534698395,-0.0223156534698395
TCEHY_2023-08-29,TCEHY,2023-08-29,41.91999816894531,42.380001068115234,41.7400016784668,42.34000015258789,2932100.0,0.0708143442647466,-0.0368516598185502,0.0169813422230982,0.014617795759479,0.0217287501681619,-0.0217287501681619
TCEHY_2023-08-30,TCEHY,2023-08-30,41.650001525878906,42.09000015258789,41.56999969482422,42.04999923706055,2590500.0,0.063749064902159,-0.096670248630581,-0.016460591864211,-0.0068493366670339,0.0217523220284524,-0.0217523220284524
TCEHY_2023-08-31,TCEHY,2023-08-31,41.47999954223633,41.79999923706055,41.2400016784668,41.40999984741211,2083200.0,0.0029062467721969,-0.1234123967805054,-0.0602530750041542,-0.015219961980032,0.0211270262097365,-0.0211270262097365
TCEHY_2023-09-01,TCEHY,2023-09-01,42.04999923706055,42.84000015258789,42.0099983215332,42.25,3812600.0,-0.0128504496930995,-0.1033531205916342,-0.0581017851423669,0.0202849590843547,0.0207722942804135,-0.0207722942804135
TCEHY_2023-09-05,TCEHY,2023-09-05,41.91999816894531,42.04999923706055,41.63999938964844,41.77999877929688,1269100.0,-0.0267878294363825,-0.0944950296494743,-0.0606414295429284,-0.011124289247411,0.0208155458793109,-0.0208155458793109
TCEHY_2023-09-06,TCEHY,2023-09-06,41.70000076293945,42.16999816894531,41.5099983215332,41.619998931884766,2315700.0,-0.0359045472041634,-0.0707747693424054,-0.0533396582732844,-0.0038295799925058,0.0208069779620627,-0.0208069779620627
TCEHY_2023-09-07,TCEHY,2023-09-07,40.68999862670898,40.86000061035156,40.16999816894531,40.369998931884766,3834300.0,-0.0487747351980706,-0.0924010938095644,-0.0705879145038175,-0.0300336384449636,0.0210396573863807,-0.0210396573863807
TCEHY_2023-09-08,TCEHY,2023-09-08,40.27999877929688,40.45000076293945,40.0,40.290000915527344,2073700.0,-0.0586448216419545,-0.0461647889548624,-0.0524048052984084,-0.00198162047248,0.0210082704510998,-0.0210082704510998
TCEHY_2023-09-11,TCEHY,2023-09-11,40.970001220703125,41.31999969482422,40.959999084472656,41.20000076293945,1954400.0,-0.0335444585819009,-0.0317273442615073,-0.0326359014217041,0.0225862453892724,0.0212079323488186,-0.0212079323488186
TCEHY_2023-09-12,TCEHY,2023-09-12,41.06999969482422,41.52999877929688,41.06999969482422,41.310001373291016,2037500.0,-0.0377358239079596,-0.052522871123248,-0.0451293475156038,0.0026699176775382,0.0211906237137175,-0.0211906237137175
TCEHY_2023-09-13,TCEHY,2023-09-13,41.09000015258789,41.11000061035156,40.72999954223633,40.7599983215332,2680400.0,-0.0730043850364621,-0.0817751997753289,-0.0773897924058955,-0.0133140409942812,0.0210143460009532,-0.0210143460009532
TCEHY_2023-09-14,TCEHY,2023-09-14,40.959999084472656,41.0,40.70000076293945,40.869998931884766,1995400.0,-0.0943940180679543,-0.0528389921985686,-0.0736165051332615,0.0026987393248603,0.0207267397115066,-0.0207267397115066
TCEHY_2023-09-15,TCEHY,2023-09-15,40.43999862670898,40.52000045776367,40.18999862670898,40.38999938964844,2861600.0,-0.1150306763849507,-0.0669901008211512,-0.091010388603051,-0.0117445450154356,0.0207030036841093,-0.0207030036841093
TCEHY_2023-09-18,TCEHY,2023-09-18,39.86000061035156,40.0,39.61000061035156,39.9900016784668,1401600.0,-0.1270464859277978,-0.0684835454416367,-0.0977650156847173,-0.0099033849276104,0.0207163075691784,-0.0207163075691784
TCEHY_2023-09-19,TCEHY,2023-09-19,39.79999923706055,39.900001525878906,39.58000183105469,39.619998931884766,2237700.0,-0.0931563246224526,-0.0792470356530146,-0.0862016801377336,-0.0092523813716483,0.0199492856656501,-0.0199492856656501
TCEHY_2023-09-20,TCEHY,2023-09-20,39.540000915527344,39.84999847412109,39.36000061035156,39.380001068115234,1625700.0,-0.0928357243368459,-0.1043893569515459,-0.0986125406441959,-0.0060574929389104,0.0199478997949747,-0.0199478997949747
TCEHY_2023-09-21,TCEHY,2023-09-21,38.459999084472656,38.470001220703125,38.209999084472656,38.29999923706055,3537600.0,-0.1162898222838699,-0.1450892881851415,-0.1306895552345057,-0.0274251346308147,0.0202166456323536,-0.0202166456323536
TCEHY_2023-09-22,TCEHY,2023-09-22,40.060001373291016,40.119998931884766,39.70000076293945,39.77999877929688,3037100.0,-0.0626767185081401,-0.169172976360111,-0.1159248474341256,0.0386422864678344,0.0206956963210289,-0.0206956963210289
TCEHY_2023-09-25,TCEHY,2023-09-25,38.72999954223633,38.97999954223633,38.650001525878906,38.90999984741211,1585300.0,-0.082527706026709,-0.1868338330573622,-0.1346807695420356,-0.0218702603967286,0.0208649398107923,-0.0208649398107923
TCEHY_2023-09-26,TCEHY,2023-09-26,38.36000061035156,38.59000015258789,38.220001220703125,38.2400016784668,1230700.0,-0.1223318350628903,-0.1721151154926677,-0.147223475277779,-0.0172191768587188,0.0206372093694695,-0.0206372093694695
TCEHY_2023-09-27,TCEHY,2023-09-27,38.45000076293945,38.58000183105469,38.130001068115234,38.52999877929688,1937600.0,-0.0987134788468565,-0.2278557594970286,-0.1632846191719426,0.0075836058603884,0.0205551823909067,-0.0205551823909067
TCEHY_2023-09-28,TCEHY,2023-09-28,38.0,38.27999877929688,37.88999938964844,38.220001220703125,1685100.0,-0.0943127836559569,-0.2245891557964435,-0.1594509697262002,-0.0080456155830538,0.0205209189064217,-0.0205209189064217
TCEHY_2023-09-29,TCEHY,2023-09-29,39.02000045776367,39.04999923706055,38.560001373291016,38.66999816894531,1285500.0,-0.0899035857524429,-0.2253605851892539,-0.1576320854708484,0.0117738601221821,0.0205619066606214,-0.0205619066606214
TCEHY_2023-10-02,TCEHY,2023-10-02,38.70000076293945,38.72999954223633,38.29999923706055,38.45000076293945,925100.0,-0.1064373261976715,-0.2135405759264432,-0.1599889510620574,-0.0056890979162893,0.020490443084391,-0.020490443084391
TCEHY_2023-10-03,TCEHY,2023-10-03,38.130001068115234,38.18999862670898,37.88999938964844,38.02000045776367,2527600.0,-0.104779859548725,-0.2308314743469135,-0.1678056669478193,-0.0111833627215488,0.0204752573969344,-0.0204752573969344
TCEHY_2023-10-04,TCEHY,2023-10-04,37.97999954223633,38.09000015258789,37.68999862670898,37.93000030517578,1835900.0,-0.0791453855358786,-0.2332727032700753,-0.156209044402977,-0.0023671791558201,0.0201461433014527,-0.0201461433014527
TCEHY_2023-10-05,TCEHY,2023-10-05,38.20000076293945,38.43999862670898,38.060001373291016,38.38999938964844,1673200.0,-0.1047108574305861,-0.2074731528072163,-0.1560920051189012,0.0121275792452311,0.0194894623080319,-0.0194894623080319
TCEHY_2023-10-06,TCEHY,2023-10-06,38.70000076293945,39.38999938964844,38.630001068115234,39.310001373291016,2911100.0,-0.0730959322158606,-0.2024751340406737,-0.1377855331282672,0.0239646261596619,0.0197134216187475,-0.0197134216187475
TCEHY_2023-10-09,TCEHY,2023-10-09,39.0,39.400001525878906,38.869998931884766,39.31999969482422,1990700.0,-0.0868555866044774,-0.197223355199955,-0.1420394709022162,0.000254345489288,0.0196030634569599,-0.0196030634569599
TCEHY_2023-10-10,TCEHY,2023-10-10,39.5,40.220001220703125,39.5,40.04999923706055,2654700.0,-0.1062263331923856,-0.1552415236034494,-0.1307339283979175,0.0185656039649568,0.0190310843677775,-0.0190310843677775
TCEHY_2023-10-11,TCEHY,2023-10-11,40.25,40.54999923706055,39.9900016784668,40.15999984741211,1637000.0,-0.114833573002604,-0.1043711036853259,-0.1096023383439649,0.0027465820835714,0.018954052376064,-0.018954052376064
TCEHY_2023-10-12,TCEHY,2023-10-12,40.290000915527344,40.29999923706055,39.40999984741211,39.470001220703125,3867100.0,-0.116211344479208,-0.1559024243478853,-0.1360568844135466,-0.0171812407701851,0.018973136326113,-0.018973136326113
TCEHY_2023-10-13,TCEHY,2023-10-13,39.09999847412109,39.29999923706055,38.68999862670898,39.0,1659600.0,-0.1230042966168517,-0.1499564278104727,-0.1364803622136622,-0.0119078086183741,0.0190136763563478,-0.0190136763563478
TCEHY_2023-10-16,TCEHY,2023-10-16,38.5,39.27999877929688,38.47999954223633,39.15999984741211,2249200.0,-0.0822591626940292,-0.170514708603504,-0.1263869356487666,0.0041025601900541,0.0183737727472507,-0.0183737727472507
TCEHY_2023-10-17,TCEHY,2023-10-17,38.36000061035156,38.79999923706055,38.31999969482422,38.70000076293945,1918500.0,-0.093676813314526,-0.1677419190765708,-0.1307093661955484,-0.0117466569526316,0.0184199041093493,-0.0184199041093493
TCEHY_2023-10-18,TCEHY,2023-10-18,38.20000076293945,38.29999923706055,37.560001373291016,37.900001525878906,3349200.0,-0.1078153970271044,-0.1684949538537145,-0.1381551754404094,-0.020671814503597,0.0185741055429354,-0.0185741055429354
TCEHY_2023-10-19,TCEHY,2023-10-19,37.18000030517578,37.5,37.13999938964844,37.220001220703125,2764700.0,-0.1171726433725832,-0.1760017106599721,-0.1465871770162777,-0.0179419598363725,0.0186733961491045,-0.0186733961491045
TCEHY_2023-10-20,TCEHY,2023-10-20,36.75,36.88999938964844,36.41999816894531,36.41999816894531,1415500.0,-0.1553803554940532,-0.1741496728096845,-0.1647650141518689,-0.0214939018140821,0.0185662162202583,-0.0185662162202583
TCEHY_2023-10-23,TCEHY,2023-10-23,36.34999847412109,36.81999969482422,36.150001525878906,36.75,1148300.0,-0.1567233029849873,-0.1528354288812675,-0.1547793659331274,0.0090610062505733,0.018548917632714,-0.018548917632714
TCEHY_2023-10-24,TCEHY,2023-10-24,36.40999984741211,37.54999923706055,36.400001525878906,37.4900016784668,2624600.0,-0.1496937729934143,-0.1151757700363219,-0.1324347715148681,0.0201361000943345,0.0186832629415175,-0.0186832629415175
TCEHY_2023-10-25,TCEHY,2023-10-25,36.75,37.02999877929688,36.630001068115234,36.869998931884766,1382100.0,-0.1504608839725587,-0.1618550232987894,-0.156157953635674,-0.016537815919548,0.0186937527240825,-0.0186937527240825
TCEHY_2023-10-26,TCEHY,2023-10-26,36.68000030517578,37.02999877929688,36.630001068115234,36.959999084472656,1715400.0,-0.195822458208895,-0.165311650781858,-0.1805670544953765,0.0024410131596195,0.0169768014415977,-0.0169768014415977
TCEHY_2023-10-27,TCEHY,2023-10-27,37.13999938964844,37.4900016784668,36.84999847412109,36.88999938964844,938000.0,-0.1969960711274156,-0.1683949756069204,-0.182695523367168,-0.0018939311839329,0.0169738094574608,-0.0169738094574608
TCEHY_2023-10-30,TCEHY,2023-10-30,37.59999847412109,37.880001068115234,37.310001373291016,37.54999923706055,2169900.0,-0.1674057537140011,-0.148139798610301,-0.157772776162151,0.0178910235384093,0.0170715263792404,-0.0170715263792404
TCEHY_2023-10-31,TCEHY,2023-10-31,37.0,37.06999969482422,36.61000061035156,37.0099983215332,2403900.0,-0.1468419223083895,-0.1450682019214653,-0.1459550621149274,-0.0143808502396554,0.0165313223075341,-0.0165313223075341
TCEHY_2023-11-01,TCEHY,2023-11-01,36.59000015258789,36.970001220703125,36.59000015258789,36.95000076293945,1890800.0,-0.1717103730690072,-0.1386946515456458,-0.1552025123073265,-0.0016211175713251,0.0160569391142949,-0.0160569391142949
TCEHY_2023-11-02,TCEHY,2023-11-02,37.20000076293945,37.470001220703125,37.02999877929688,37.27999877929688,1502500.0,-0.1429885338092671,-0.1340302104534402,-0.1385093721313536,0.0089309339524672,0.0158729911690782,-0.0158729911690782
TCEHY_2023-11-03,TCEHY,2023-11-03,38.86000061035156,39.33000183105469,38.84000015258789,39.15999984741211,2470400.0,-0.0901487217839595,-0.1079726996290098,-0.0990607107064846,0.050429214851779,0.0171692692049885,-0.0171692692049885
TCEHY_2023-11-06,TCEHY,2023-11-06,39.84999847412109,40.0,39.59000015258789,39.650001525878906,1743700.0,-0.0668392572464207,-0.0828128164299357,-0.0748260368381782,0.0125128110412691,0.0171934991099838,-0.0171934991099838
TCEHY_2023-11-07,TCEHY,2023-11-07,39.38999938964844,39.66999816894531,39.15999984741211,39.59999847412109,1447400.0,-0.0739008412406975,-0.0539895390176272,-0.0639451901291623,-0.0012611109667973,0.0171680487127295,-0.0171680487127295
TCEHY_2023-11-08,TCEHY,2023-11-08,39.369998931884766,39.869998931884766,39.29999923706055,39.630001068115234,1416600.0,-0.0874971036232684,-0.0615675705021191,-0.0745323370626938,0.0007576412916721,0.01703578225919,-0.01703578225919
TCEHY_2023-11-09,TCEHY,2023-11-09,39.43000030517578,39.83000183105469,39.06999969482422,39.130001068115234,2784400.0,-0.0712081633976139,-0.0803759866102779,-0.0757920750039459,-0.0126167041767324,0.01670296218829,-0.01670296218829
TCEHY_2023-11-10,TCEHY,2023-11-10,38.880001068115234,39.11000061035156,38.70000076293945,39.06999969482422,1450600.0,-0.0750473924639683,-0.053307505174151,-0.0641774488190596,-0.0015333854243082,0.0166965290629808,-0.0166965290629808
TCEHY_2023-11-13,TCEHY,2023-11-13,39.63999938964844,40.13999938964844,39.61000061035156,39.86000061035156,5403800.0,-0.0473231246418592,-0.100834672593488,-0.0740788986176736,0.0202201413283347,0.0168745719761492,-0.0168745719761492
TCEHY_2023-11-14,TCEHY,2023-11-14,40.36000061035156,40.79999923706055,40.119998931884766,40.68000030517578,5731300.0,0.0017237058303902,-0.0729261778725134,-0.0356012360210615,0.0205719940358271,0.0166737595546653,-0.0166737595546653
TCEHY_2023-11-15,TCEHY,2023-11-15,42.33000183105469,43.09000015258789,42.310001373291016,42.79999923706055,5489600.0,0.0163856237641413,-0.0414334205060689,-0.0125238983709637,0.0521140343161461,0.0173111127126116,-0.0173111127126116
TCEHY_2023-11-16,TCEHY,2023-11-16,41.18000030517578,41.59000015258789,40.86000061035156,41.09999847412109,3167400.0,0.0002433273666602,-0.0352112688668575,-0.0174839707500986,-0.0397196447019426,0.0177707032996325,-0.0177707032996325
TCEHY_2023-11-17,TCEHY,2023-11-17,40.84000015258789,41.08000183105469,40.7599983215332,40.95000076293945,3093100.0,0.0041687589193573,-0.0360169208047107,-0.0159240809426767,-0.0036495794829792,0.0177502376528165,-0.0177502376528165
TCEHY_2023-11-20,TCEHY,2023-11-20,41.88999938964844,42.310001373291016,41.790000915527344,42.18999862670898,2792600.0,0.0435319888263241,-0.0303378475234497,0.0065970706514372,0.0302807775498687,0.0181110357394605,-0.0181110357394605
TCEHY_2023-11-21,TCEHY,2023-11-21,41.63999938964844,41.68000030517578,41.220001220703125,41.36000061035156,1783600.0,0.0112469209611545,-0.0185097007734764,-0.0036313899061609,-0.0196728618955671,0.01823913999786,-0.01823913999786
TCEHY_2023-11-22,TCEHY,2023-11-22,41.66999816894531,41.70000076293945,41.16999816894531,41.31999969482422,1827300.0,0.0080506953609318,-0.0088750046551384,-0.0004121546471033,-0.0009671401096965,0.0182382945121285,-0.0182382945121285
TCEHY_2023-11-24,TCEHY,2023-11-24,41.02000045776367,41.70000076293945,41.02000045776367,41.65999984741211,1063700.0,0.0223312845990701,0.0306779251518989,0.0265046048754845,0.0082284645474108,0.0182480712222239,-0.0182480712222239
TCEHY_2023-11-27,TCEHY,2023-11-27,41.33000183105469,41.43000030517578,41.20000076293945,41.34999847412109,2628400.0,-0.0091061843346207,0.0024242054332384,-0.0033409894506911,-0.0074412235820082,0.0180228840049634,-0.0180228840049634
TCEHY_2023-11-28,TCEHY,2023-11-28,41.09999847412109,41.27000045776367,40.880001068115234,41.2599983215332,2046000.0,-0.0255078372027043,0.0435001862969208,0.0089961745471082,-0.0021765454875218,0.0179273356354903,-0.0179273356354903
TCEHY_2023-11-29,TCEHY,2023-11-29,40.720001220703125,41.0,40.59999847412109,40.65999984741211,2447600.0,-0.0330558719350313,0.0285859120417439,-0.0022349799466436,-0.014541892838807,0.0179990409656667,-0.0179990409656667
TCEHY_2023-11-30,TCEHY,2023-11-30,41.68999862670898,41.93000030517578,41.36000061035156,41.619998931884766,2281400.0,0.0050712167410398,0.0079922017205218,0.0065317092307808,0.0236104055109522,0.0181467467053611,-0.0181467467053611
TCEHY_2023-12-01,TCEHY,2023-12-01,40.56999969482422,41.060001373291016,40.41999816894531,41.040000915527344,2123000.0,-0.0286390315851515,-0.0411214568436071,-0.0348802442143793,-0.0139355605776598,0.0180489952921315,-0.0180489952921315
TCEHY_2023-12-04,TCEHY,2023-12-04,40.68000030517578,40.97999954223633,40.52000045776367,40.68999862670898,2332200.0,-0.0260890422315672,-0.052178002854492,-0.0391335225430296,-0.0085283206873892,0.018026839426122,-0.018026839426122
TCEHY_2023-12-05,TCEHY,2023-12-05,39.560001373291016,39.7400016784668,39.27000045776367,39.650001525878906,5369400.0,-0.0473329518635969,-0.0815380308632615,-0.0644354913634292,-0.025559035043747,0.0183019988813357,-0.0183019988813357
TCEHY_2023-12-06,TCEHY,2023-12-06,39.77999877929688,40.04999923706055,39.619998931884766,39.68000030517578,1067600.0,-0.0170918663602939,-0.0650329503026004,-0.0410624083314472,0.0007565896126711,0.0179104071531661,-0.0179104071531661
TCEHY_2023-12-07,TCEHY,2023-12-07,39.36000061035156,39.59999847412109,39.310001373291016,39.54999923706055,2156500.0,-0.0183668816493277,-0.0759345807928385,-0.0471507312210831,-0.0032762365704487,0.017913323397298,-0.017913323397298
TCEHY_2023-12-08,TCEHY,2023-12-08,39.08000183105469,39.13999938964844,38.86000061035156,38.91999816894531,2070700.0,-0.0553398677614848,-0.0870279804413326,-0.0711839241014087,-0.0159292308538122,0.0177820396984616,-0.0177820396984616
TCEHY_2023-12-11,TCEHY,2023-12-11,39.400001525878906,39.720001220703125,39.29999923706055,39.619998931884766,1539200.0,-0.0409102489766296,-0.0771022909331764,-0.059006269954903,0.0179856319597155,0.0179335832566579,-0.0179335832566579
TCEHY_2023-12-12,TCEHY,2023-12-12,39.66999816894531,39.81999969482422,39.43999862670898,39.77000045776367,1048100.0,-0.0242884667452628,-0.0955196872035085,-0.0599040769743857,0.0037860052984046,0.0178658805937163,-0.0178658805937163
TCEHY_2023-12-13,TCEHY,2023-12-13,39.20000076293945,39.720001220703125,38.93999862670898,39.720001220703125,1749700.0,-0.0281379432648937,-0.1198759078079065,-0.0740069255364001,-0.001257209868872,0.0178623567359707,-0.0178623567359707
TCEHY_2023-12-14,TCEHY,2023-12-14,39.150001525878906,40.119998931884766,39.119998931884766,40.040000915527344,2691900.0,-0.0086654736174814,-0.1226993547110174,-0.0656824141642494,0.008056386832572,0.0178318640897225,-0.0178318640897225
TCEHY_2023-12-15,TCEHY,2023-12-15,40.2400016784668,40.459999084472656,39.97999954223633,40.08000183105469,2376400.0,0.0022505663618501,-0.1250818461135681,-0.0614156398758589,0.0009990238414763,0.0177868814866484,-0.0177868814866484
TCEHY_2023-12-18,TCEHY,2023-12-18,39.630001068115234,39.77999877929688,39.29999923706055,39.59999847412109,2032200.0,-0.0005048071252617,-0.0936141057712818,-0.0470594564482718,-0.0119761311128904,0.0178134936984763,-0.0178134936984763
TCEHY_2023-12-19,TCEHY,2023-12-19,40.15999984741211,40.540000915527344,40.09999847412109,40.36000061035156,2084700.0,0.0248857164970928,-0.0702602913564021,-0.0226872874296546,0.0191919738766439,0.0179551303936806,-0.0179551303936806
TCEHY_2023-12-20,TCEHY,2023-12-20,40.13999938964844,40.150001525878906,39.43000030517578,39.45000076293945,1369600.0,0.0300261500988783,-0.089755407843859,-0.0298646288724903,-0.0225470721915378,0.017842721219208,-0.017842721219208
TCEHY_2023-12-21,TCEHY,2023-12-21,39.95000076293945,40.5,39.900001525878906,40.45000076293945,1628800.0,0.0168426848718574,-0.0468896778549174,-0.01502349649153,0.025348541968583,0.0174603811962932,-0.0174603811962932
TCEHY_2023-12-22,TCEHY,2023-12-22,35.33000183105469,36.66999816894531,35.11000061035156,36.470001220703125,16675800.0,-0.062708780166476,-0.1400612744183126,-0.1013850272923943,-0.0983930647013195,0.0212796048562856,-0.0212796048562856
TCEHY_2023-12-26,TCEHY,2023-12-26,37.52000045776367,38.11000061035156,37.459999084472656,37.72999954223633,8162200.0,-0.0133368753620545,-0.1340371859878998,-0.0736870306749771,0.0345488971581917,0.0216319701405922,-0.0216319701405922
TCEHY_2023-12-27,TCEHY,2023-12-27,36.709999084472656,36.75,36.31999969482422,36.619998931884766,5344300.0,-0.0495717598734627,-0.1433918378506488,-0.0964817988620557,-0.0294195765655652,0.0219237110813896,-0.0219237110813896
TCEHY_2023-12-28,TCEHY,2023-12-28,37.25,37.630001068115234,37.20000076293945,37.400001525878906,4494400.0,-0.0214547270704962,-0.1137440556938559,-0.067599391382176,0.0212999076118212,0.0220734697041488,-0.0220734697041488
TCEHY_2023-12-29,TCEHY,2023-12-29,37.400001525878906,37.869998931884766,37.400001525878906,37.790000915527344,2173500.0,-0.022756588960086,-0.1106142757655228,-0.0666854323628044,0.0104277907416281,0.022062439263931,-0.022062439263931
TCEHY_2024-01-02,TCEHY,2024-01-02,37.59000015258789,37.720001220703125,37.36000061035156,37.400001525878906,2813700.0,-0.0273081720734997,-0.130838889452322,-0.0790735307629109,-0.0103201741254309,0.0220889871971789,-0.0220889871971789
TCEHY_2024-01-03,TCEHY,2024-01-03,38.119998931884766,38.790000915527344,38.08000183105469,38.75,3182800.0,0.0192004085598915,-0.0875912671010169,-0.0341954292705626,0.0360962144129048,0.0225088152617149,-0.0225088152617149
TCEHY_2024-01-04,TCEHY,2024-01-04,38.040000915527344,38.119998931884766,37.7599983215332,37.81999969482422,3255600.0,-0.0029000951612582,-0.0818159515475084,-0.0423580233543833,-0.024000007875504,0.022718150075659,-0.022718150075659
TCEHY_2024-01-05,TCEHY,2024-01-05,37.380001068115234,37.59000015258789,37.27000045776367,37.36000061035156,2920000.0,-0.0268298722498705,-0.1287313507524197,-0.0777806115011451,-0.0121628526754221,0.0227187826441245,-0.0227187826441245
TCEHY_2024-01-08,TCEHY,2024-01-08,36.79999923706055,37.290000915527344,36.650001525878906,37.2599983215332,3054400.0,-0.0521496560707493,-0.121433660561382,-0.0867916583160657,-0.002676720749053,0.0225092130134984,-0.0225092130134984
TCEHY_2024-01-09,TCEHY,2024-01-09,36.11000061035156,36.31999969482422,36.040000915527344,36.2599983215332,4345100.0,-0.0778230263743824,-0.1579192483717771,-0.1178711373730798,-0.0268384338445362,0.0227502099907856,-0.0227502099907856
TCEHY_2024-01-10,TCEHY,2024-01-10,35.88999938964844,35.959999084472656,35.689998626708984,35.83000183105469,3246200.0,-0.1053682268762905,-0.2004016796926244,-0.1528849532844575,-0.011858701334334,0.0226503047985221,-0.0226503047985221
TCEHY_2024-01-11,TCEHY,2024-01-11,36.63999938964844,36.79999923706055,36.36000061035156,36.790000915527344,2746800.0,-0.0839143163518195,-0.1891117085816733,-0.1365130124667464,0.0267931631429783,0.022924139717097,-0.022924139717097
TCEHY_2024-01-12,TCEHY,2024-01-12,36.880001068115234,37.34999847412109,36.869998931884766,36.93000030517578,1558600.0,-0.0643526941214038,-0.1730855254959042,-0.118719109808654,0.0038053652124088,0.0228394251888324,-0.0228394251888324
TCEHY_2024-01-16,TCEHY,2024-01-16,36.130001068115234,36.150001525878906,35.619998931884766,35.68000030517578,3424500.0,-0.0851281973031851,-0.1976613598884979,-0.1413947785958415,-0.0338478199206733,0.023176393349935,-0.023176393349935
TCEHY_2024-01-17,TCEHY,2024-01-17,35.0,35.29999923706055,34.900001525878906,35.2400016784668,3502600.0,-0.1001020986777242,-0.1741269465506087,-0.1371145226141665,-0.0123317999704489,0.0232088652057521,-0.0232088652057521
TCEHY_2024-01-18,TCEHY,2024-01-18,35.4900016784668,35.59000015258789,35.2400016784668,35.4900016784668,4062200.0,-0.0829457111418631,-0.1688524345585121,-0.1258990728501876,0.0070942107858287,0.0231948265180635,-0.0231948265180635
TCEHY_2024-01-19,TCEHY,2024-01-19,34.709999084472656,35.40999984741211,34.459999084472656,35.209999084472656,5288200.0,-0.0709763148576514,-0.1711393723188573,-0.1210578435882543,-0.007889619068799,0.0230765107535773,-0.0230765107535773
TCEHY_2024-01-22,TCEHY,2024-01-22,33.540000915527344,34.16999816894531,33.47999954223633,34.119998931884766,4511300.0,-0.0832886133032694,-0.1907021096922717,-0.1369953614977705,-0.0309571195947168,0.0232888019813746,-0.0232888019813746
TCEHY_2024-01-23,TCEHY,2024-01-23,35.40999984741211,36.31999969482422,35.400001525878906,36.02000045776367,6449000.0,-0.0109829140936835,-0.1646567404914997,-0.0878198272925916,0.055685861235575,0.0242108754109269,-0.0242108754109269
TCEHY_2024-01-24,TCEHY,2024-01-24,36.880001068115234,36.93999862670898,36.380001068115234,36.400001525878906,8089700.0,-0.009523768003295,-0.1647544746099433,-0.0871391213066191,0.0105497241334246,0.0242204708515186,-0.0242204708515186
TCEHY_2024-01-25,TCEHY,2024-01-25,37.060001373291016,37.34000015258789,36.720001220703125,37.0,5157100.0,-0.0130701962264312,-0.1608074422329467,-0.0869388192296889,0.0164834738727832,0.0241761644732796,-0.0241761644732796
TCEHY_2024-01-26,TCEHY,2024-01-26,36.380001068115234,36.66999816894531,36.20000076293945,36.54999923706055,3940000.0,-0.0086791349089919,-0.1578341485710267,-0.0832566417400093,-0.0121621827821474,0.0241338958632258,-0.0241338958632258
TCEHY_2024-01-29,TCEHY,2024-01-29,36.09999847412109,36.09999847412109,35.380001068115234,35.720001220703125,4463000.0,-0.0335497265823924,-0.222802394859687,-0.1281760607210397,-0.0227085645330419,0.0243028255625886,-0.0243028255625886
TCEHY_2024-01-30,TCEHY,2024-01-30,34.79999923706055,35.040000915527344,34.75,34.900001525878906,4044800.0,-0.0539441012928815,-0.2403133964051002,-0.1471287488489908,-0.0229563176596128,0.0244701367284181,-0.0244701367284181
TCEHY_2024-01-31,TCEHY,2024-01-31,34.599998474121094,35.20000076293945,34.5,34.84000015258789,3748800.0,-0.0721704164989165,-0.2274944272430631,-0.1498324218709898,-0.0017192369818815,0.0243558208069603,-0.0243558208069603
TCEHY_2024-02-01,TCEHY,2024-02-01,34.91999816894531,35.0,34.68000030517578,34.880001068115234,4963600.0,-0.0575519413676571,-0.1959428259730401,-0.1267473836703486,0.0011481318987414,0.0242956232500488,-0.0242956232500488
TCEHY_2024-02-02,TCEHY,2024-02-02,35.349998474121094,35.41999816894531,35.09000015258789,35.290000915527344,4409100.0,-0.0449255700442927,-0.2089217567206567,-0.1269236633824747,0.0117545824213549,0.0243453626385129,-0.0243453626385129
TCEHY_2024-02-05,TCEHY,2024-02-05,35.59000015258789,36.13999938964844,35.369998931884766,36.04999923706055,4001900.0,-0.0329935510330382,-0.1712643853549299,-0.1021289681939841,0.0215357977278716,0.0244750204583601,-0.0244750204583601
TCEHY_2024-02-06,TCEHY,2024-02-06,36.970001220703125,37.75,36.83000183105469,37.75,3979100.0,-0.0360061249465324,-0.1229089405901684,-0.0794575327683504,0.0471567489297419,0.0243690049381982,-0.0243690049381982
TCEHY_2024-02-07,TCEHY,2024-02-07,37.27000045776367,37.540000915527344,37.02999877929688,37.27000045776367,2330100.0,-0.0600252453095581,-0.1228524597434537,-0.0914388525265059,-0.0127152196618894,0.0243625718239648,-0.0243625718239648
TCEHY_2024-02-08,TCEHY,2024-02-08,36.61000061035156,36.7400016784668,36.209999084472656,36.22999954223633,3867900.0,-0.0851009864075393,-0.1527127931623065,-0.1189068897849229,-0.0279045050376622,0.0246027726342125,-0.0246027726342125
TCEHY_2024-02-09,TCEHY,2024-02-09,36.31999969482422,37.06999969482422,36.29999923706055,37.060001373291016,2060400.0,-0.0648498517677795,-0.146672781190969,-0.1057613164793743,0.0229092421071406,0.024787485689056,-0.024787485689056
TCEHY_2024-02-12,TCEHY,2024-02-12,37.04999923706055,37.97999954223633,37.0099983215332,37.4900016784668,2181600.0,-0.0419115600532088,-0.110135278234305,-0.0760234191437569,0.0116028140648067,0.0247884120558273,-0.0247884120558273
TCEHY_2024-02-13,TCEHY,2024-02-13,36.880001068115234,37.400001525878906,36.61000061035156,36.790000915527344,2569200.0,-0.0583567647070885,-0.1290246341471564,-0.0936906994271224,-0.0186716652867346,0.0248951569470891,-0.0248951569470891
TCEHY_2024-02-14,TCEHY,2024-02-14,36.9900016784668,37.27999877929688,36.880001068115234,37.2400016784668,2753600.0,-0.0657300273900236,-0.1099426017529919,-0.0878363145715078,0.0122316051030466,0.0248073542685785,-0.0248073542685785
TCEHY_2024-02-15,TCEHY,2024-02-15,36.58000183105469,36.7400016784668,36.459999084472656,36.630001068115234,2101000.0,-0.0995575026223699,-0.0980054046397088,-0.0987814536310394,-0.0163802519564407,0.0247312818907393,-0.0247312818907393
TCEHY_2024-02-16,TCEHY,2024-02-16,37.29999923706055,37.33000183105469,36.88999938964844,36.90999984741211,2314400.0,-0.1376168106224703,-0.1234861241408098,-0.13055146738164,0.007643974095884,0.023797451204207,-0.023797451204207
TCEHY_2024-02-20,TCEHY,2024-02-20,36.290000915527344,36.369998931884766,33.0,35.9900016784668,3671500.0,-0.1243308268946004,-0.1241177526206431,-0.1242242897576217,-0.0249254449403585,0.0234909059365497,-0.0234909059365497
TCEHY_2024-02-21,TCEHY,2024-02-21,36.72999954223633,37.04999923706055,36.59999847412109,36.7400016784668,1974700.0,-0.1028082785356816,-0.0990681025444538,-0.1009381905400677,0.0208391210064524,0.0236622951447889,-0.0236622951447889
TCEHY_2024-02-22,TCEHY,2024-02-22,37.040000915527344,37.13999938964844,36.70000076293945,36.93999862670898,3543900.0,-0.1244370744462743,-0.0863220789543258,-0.1053795767003001,0.0054435748259478,0.0233298176148773,-0.0233298176148773
TCEHY_2024-02-23,TCEHY,2024-02-23,37.060001373291016,37.18999862670898,36.72999954223633,36.95000076293945,1665400.0,-0.1066247529577738,-0.096577032165638,-0.1016008925617059,0.0002707670980595,0.02321892107204,-0.02321892107204
TCEHY_2024-02-26,TCEHY,2024-02-26,36.630001068115234,36.84000015258789,36.5099983215332,36.52999877929688,2692700.0,-0.1159245147847214,-0.1088070923771852,-0.1123658035809533,-0.011366765222474,0.023251879418844,-0.023251879418844
TCEHY_2024-02-27,TCEHY,2024-02-27,36.43000030517578,36.5099983215332,36.34999847412109,36.41999816894531,1958500.0,-0.1257801655703151,-0.1062577136455138,-0.1160189396079144,-0.003011240460646,0.0232176912089985,-0.0232176912089985
TCEHY_2024-02-28,TCEHY,2024-02-28,35.4900016784668,35.4900016784668,34.91999816894531,34.97999954223633,3087100.0,-0.1540507658270271,-0.1617541354911374,-0.1579024506590823,-0.0395386792725553,0.0236894627799451,-0.0236894627799451
TCEHY_2024-02-29,TCEHY,2024-02-29,35.25,35.29999923706055,34.86000061035156,34.939998626708984,5149600.0,-0.1531749867165135,-0.1747756612945266,-0.16397532400552,-0.0011435367653177,0.0236899576552675,-0.0236899576552675
TCEHY_2024-03-01,TCEHY,2024-03-01,35.150001525878906,35.43000030517578,35.029998779296875,35.27000045776367,2146400.0,-0.1325627006855854,-0.1612365969633921,-0.1468996488244887,0.0094448152268222,0.0236836948635941,-0.0236836948635941
TCEHY_2024-03-04,TCEHY,2024-03-04,35.130001068115234,35.150001525878906,34.619998931884766,34.72999954223633,1631700.0,-0.165545400443777,-0.1613137003088698,-0.1634295503763234,-0.015310487908102,0.0235125488989425,-0.0235125488989425
TCEHY_2024-03-05,TCEHY,2024-03-05,34.29999923706055,34.34000015258789,34.02000045776367,34.060001373291016,3115200.0,-0.1700779577613379,-0.1938461213422244,-0.1819620395517812,-0.0192916261956901,0.0235638519845686,-0.0235638519845686
TCEHY_2024-03-06,TCEHY,2024-03-06,35.029998779296875,35.2400016784668,34.91999816894531,34.97999954223633,4304200.0,-0.1403293014791256,-0.1627572866380775,-0.1515432940586015,0.0270111019333882,0.0238452513522171,-0.0238452513522171
TCEHY_2024-03-07,TCEHY,2024-03-07,34.560001373291016,34.720001220703125,34.470001220703125,34.630001068115234,1908100.0,-0.1266078250838704,-0.1679480548572178,-0.1472779399705441,-0.0100056740623593,0.0236785270147168,-0.0236785270147168
TCEHY_2024-03-08,TCEHY,2024-03-08,34.470001220703125,34.689998626708984,34.380001068115234,34.5099983215332,2277500.0,-0.1302923876986012,-0.145157313980587,-0.1377248508395941,-0.0034652827860441,0.023676957632397,-0.023676957632397
TCEHY_2024-03-11,TCEHY,2024-03-11,35.4900016784668,35.91999816894531,35.439998626708984,35.61000061035156,2476100.0,-0.0996207004478773,-0.1161578604822557,-0.1078892804650665,0.031874886766714,0.024055946643151,-0.024055946643151
TCEHY_2024-03-12,TCEHY,2024-03-12,36.91999816894531,37.0,36.70000076293945,36.97999954223633,2302100.0,-0.0498458046757291,-0.1024272121979942,-0.0761365084368617,0.0384723085763305,0.0244974529390394,-0.0244974529390394
TCEHY_2024-03-13,TCEHY,2024-03-13,37.0,37.5099983215332,36.97999954223633,37.040000915527344,3836400.0,-0.0651185786449158,-0.1033648103561778,-0.0842416945005468,0.0016225358040495,0.0243846539184805,-0.0243846539184805
TCEHY_2024-03-14,TCEHY,2024-03-14,36.81999969482422,36.869998931884766,36.400001525878906,36.560001373291016,2377000.0,-0.0807140821605401,-0.1030421276053723,-0.0918781048829562,-0.0129589506039971,0.0244253983706048,-0.0244253983706048
TCEHY_2024-03-15,TCEHY,2024-03-15,36.209999084472656,36.34999847412109,36.08000183105469,36.13999938964844,1071700.0,-0.0901309597439965,-0.1157328031772032,-0.1029318814605999,-0.0114880188147206,0.0244608662829061,-0.0244608662829061
TCEHY_2024-03-18,TCEHY,2024-03-18,36.93000030517578,37.04999923706055,36.75,36.84999847412109,2485900.0,-0.079670388822823,-0.0876454807878659,-0.0836579348053445,0.0196457968030849,0.0245749155361754,-0.0245749155361754
TCEHY_2024-03-19,TCEHY,2024-03-19,36.56999969482422,36.619998931884766,36.2400016784668,36.56999969482422,1842700.0,-0.0875748995977055,-0.0855214263590323,-0.0865481629783689,-0.0075983389658348,0.0245874129280114,-0.0245874129280114
TCEHY_2024-03-20,TCEHY,2024-03-20,37.09000015258789,37.45000076293945,36.91999816894531,37.209999084472656,2529900.0,-0.0603535222661767,-0.0608278625033638,-0.0605906923847702,0.017500667076544,0.0246584843447368,-0.0246584843447368
TCEHY_2024-03-21,TCEHY,2024-03-21,37.04999923706055,37.09000015258789,36.7400016784668,36.84000015258789,3420800.0,-0.0872150744433056,-0.0644997675630817,-0.0758574210031937,-0.0099435350977786,0.0245526776376517,-0.0245526776376517
TCEHY_2024-03-22,TCEHY,2024-03-22,36.869998931884766,37.0,36.63999938964844,36.90999984741211,2444400.0,-0.0643853198074839,-0.0362924129853093,-0.0503388663963966,0.0019001002859468,0.024401727284816,-0.024401727284816
TCEHY_2024-03-25,TCEHY,2024-03-25,36.84000015258789,37.0,36.7599983215332,36.95000076293945,1818400.0,-0.0865265743877741,-0.0711412293413712,-0.0788339018645726,0.0010837419586211,0.0241734292984484,-0.0241734292984484
TCEHY_2024-03-26,TCEHY,2024-03-26,38.11000061035156,38.29999923706055,38.0,38.04999923706055,1871100.0,0.043323223566565,-0.0221023031026498,0.0106104602319576,0.0297699174941392,0.0210481800459887,-0.0210481800459887
TCEHY_2024-03-27,TCEHY,2024-03-27,38.56999969482422,38.91999816894531,38.4900016784668,38.90999984741211,3088800.0,0.0312748560692359,0.0175208718498198,0.0243978639595279,0.0226018561785916,0.0207923007376517,-0.0207923007376517
TCEHY_2024-03-28,TCEHY,2024-03-28,38.84999847412109,39.130001068115234,38.7599983215332,39.02999877929688,1469500.0,0.0658110299755838,0.0129769015271461,0.039393965751365,0.003084012653697,0.020433021319687,-0.020433021319687
TCEHY_2024-04-01,TCEHY,2024-04-01,39.31999969482422,39.54999923706055,39.18999862670898,39.43000030517578,2339800.0,0.0542780400127047,0.0316587924078144,0.0429684162102596,0.0102485661898374,0.0203048592319517,-0.0203048592319517
TCEHY_2024-04-02,TCEHY,2024-04-02,39.400001525878906,39.66999816894531,39.33000183105469,39.45000076293945,1241800.0,0.0439269597035134,0.0201707429771884,0.0320488513403509,0.0005072396045873,0.0202693253947888,-0.0202693253947888
TCEHY_2024-04-03,TCEHY,2024-04-03,39.43000030517578,39.560001373291016,39.290000915527344,39.47999954223633,1239600.0,0.0556149179544329,0.02678800413158,0.0412014610430064,0.0007604253160131,0.0202185507444926,-0.0202185507444926
TCEHY_2024-04-04,TCEHY,2024-04-04,39.77999877929688,39.83000183105469,39.27999877929688,39.400001525878906,1315800.0,0.0167742329259072,0.036296713611255,0.0265354732685811,-0.0020262922311292,0.0197172936958922,-0.0197172936958922
TCEHY_2024-04-05,TCEHY,2024-04-05,39.400001525878906,39.77999877929688,39.33000183105469,39.41999816894531,2597100.0,0.0423056183773598,0.0392828328969512,0.0407942256371555,0.000507528992182,0.0194672178286862,-0.0194672178286862
TCEHY_2024-04-08,TCEHY,2024-04-08,39.16999816894531,39.88999938964844,39.130001068115234,39.52999877929688,2806900.0,0.0580834618172909,0.0296952177070322,0.0438893397621615,0.0027904773074856,0.019397115339705,-0.019397115339705
TCEHY_2024-04-09,TCEHY,2024-04-09,39.040000915527344,39.15999984741211,38.93000030517578,39.09000015258789,1755800.0,0.0491143830781413,-0.00559657117826,0.0217589059499406,-0.0111307523474913,0.0194526918049581,-0.0194526918049581
TCEHY_2024-04-10,TCEHY,2024-04-10,39.41999816894531,39.59999847412109,39.18999862670898,39.34000015258789,2154800.0,0.0849421393719593,0.0005086586449365,0.0427253990084479,0.0063954975447459,0.0191350912327415,-0.0191350912327415
TCEHY_2024-04-11,TCEHY,2024-04-11,40.04999923706055,40.09999847412109,39.65999984741211,39.880001068115234,2922700.0,0.1130337435135244,-0.0042446484939755,0.0543945475097744,0.013726510255029,0.019119057785259,-0.019119057785259
TCEHY_2024-04-12,TCEHY,2024-04-12,39.09999847412109,39.29999923706055,38.619998931884766,38.70000076293945,3522400.0,0.0519162761587752,-0.0363545590144402,0.0077808585721674,-0.0295887731587652,0.0192532153943021,-0.0192532153943021
TCEHY_2024-04-15,TCEHY,2024-04-15,38.7599983215332,38.869998931884766,38.36000061035156,38.470001220703125,2526500.0,0.0417005389331532,-0.0253356972149134,0.0081824208591199,-0.0059431405090975,0.0192693514685978,-0.0192693514685978
TCEHY_2024-04-16,TCEHY,2024-04-16,38.369998931884766,38.560001373291016,38.27000045776367,38.380001068115234,2418000.0,0.075672666475504,-0.0158974085098657,0.0298876289828191,-0.0023394892054086,0.0187568480089268,-0.0187568480089268
TCEHY_2024-04-17,TCEHY,2024-04-17,38.470001220703125,38.58000183105469,38.13999938964844,38.209999084472656,1850100.0,0.0842791505262798,-0.0242594679939007,0.0300098412661895,-0.0044294418684581,0.0186903139860057,-0.0186903139860057
TCEHY_2024-04-18,TCEHY,2024-04-18,38.97999954223633,39.060001373291016,38.70000076293945,38.93999862670898,3833600.0,0.0972103912391593,0.0062014950655855,0.0517059431523724,0.0191049348266791,0.0188096285272839,-0.0188096285272839
TCEHY_2024-04-19,TCEHY,2024-04-19,38.900001525878906,39.09999847412109,38.84000015258789,38.97999954223633,3189800.0,0.1070718703717947,0.0284959887302373,0.067783929551016,0.0010272449136634,0.0187702205595556,-0.0187702205595556
TCEHY_2024-04-22,TCEHY,2024-04-22,40.66999816894531,41.119998931884766,40.63999938964844,41.02000045776367,3885000.0,0.2022274836424724,0.1020956236548118,0.1521615536486421,0.0523345546301745,0.0193509506995279,-0.0193509506995279
TCEHY_2024-04-23,TCEHY,2024-04-23,42.2400016784668,42.56999969482422,42.15999984741211,42.47999954223633,4314300.0,0.1793447807433406,0.1663921383296025,0.1728684595364715,0.0355923712379269,0.0186222904007111,-0.0186222904007111
TCEHY_2024-04-24,TCEHY,2024-04-24,43.59000015258789,43.86000061035156,43.5,43.84999847412109,4274900.0,0.204670237251104,0.19319723739105,0.198933737321077,0.0322504460133672,0.0189656453685862,-0.0189656453685862
TCEHY_2024-04-25,TCEHY,2024-04-25,43.0099983215332,43.52999877929688,42.90999984741211,43.43999862670898,1733500.0,0.1740540169380804,0.1587089005562698,0.1663814587471751,-0.0093500538581335,0.0189516683388661,-0.0189516683388661
TCEHY_2024-04-26,TCEHY,2024-04-26,44.400001525878906,44.75,44.29999923706055,44.38999938964844,3161500.0,0.214500692646756,0.2039598772882105,0.2092302849674833,0.0218692631899706,0.0190053972783567,-0.0190053972783567
TCEHY_2024-04-29,TCEHY,2024-04-29,44.27000045776367,44.43999862670898,44.11000061035156,44.40999984741211,2602200.0,0.243281028268059,0.2015692897045899,0.2224251589863245,0.0004505622446198,0.0187166725611752,-0.0187166725611752
TCEHY_2024-04-30,TCEHY,2024-04-30,44.34000015258789,44.34999847412109,43.7400016784668,43.75,2803600.0,0.253581607082701,0.1859582738913388,0.2197699404870199,-0.0148615142913712,0.0185583058955276,-0.0185583058955276
TCEHY_2024-05-01,TCEHY,2024-05-01,43.84999847412109,44.38999938964844,43.650001525878906,44.119998931884766,1687400.0,0.2663604689624999,0.1749667064797129,0.2206635877211064,0.0084571184430803,0.018554114819871,-0.018554114819871
TCEHY_2024-05-02,TCEHY,2024-05-02,45.900001525878906,47.47999954223633,45.880001068115234,47.150001525878906,4724500.0,0.3517775252874064,0.273980104409949,0.3128788148486777,0.0686763977186863,0.0202630565169221,-0.0202630565169221
TCEHY_2024-05-03,TCEHY,2024-05-03,47.0,47.20000076293945,46.7599983215332,47.13999938964844,2915700.0,0.3357891234541503,0.2757780356240065,0.3057835795390784,-0.0002121343776623,0.0202547602465118,-0.0202547602465118
TCEHY_2024-05-06,TCEHY,2024-05-06,47.400001525878906,47.68999862670898,47.2599983215332,47.40999984741211,1366300.0,0.3151179154165728,0.2717275053598134,0.2934227103881931,0.0057276296406352,0.0201417592236452,-0.0201417592236452
TCEHY_2024-05-07,TCEHY,2024-05-07,46.720001220703125,46.88999938964844,46.61000061035156,46.79999923706055,1872500.0,0.2397350791274317,0.1950970229677702,0.2174160510476009,-0.0128664967794733,0.0195035832389158,-0.0195035832389158
TCEHY_2024-05-08,TCEHY,2024-05-08,46.0,46.310001373291016,45.90999984741211,46.2599983215332,1986300.0,0.2412127113858631,0.1667086139035849,0.203960662644724,-0.0115384812891133,0.0194882620239632,-0.0194882620239632
TCEHY_2024-05-09,TCEHY,2024-05-09,47.5,47.75,47.33000183105469,47.630001068115234,2586000.0,0.3146564082229417,0.2027778510961766,0.2587171296595592,0.0296152787784327,0.0193342904982746,-0.0193342904982746
TCEHY_2024-05-10,TCEHY,2024-05-10,47.54999923706055,47.720001220703125,47.33000183105469,47.560001373291016,2026700.0,0.2833243284110427,0.2001009359436014,0.241712632177322,-0.0014696555375699,0.0192041039712496,-0.0192041039712496
TCEHY_2024-05-13,TCEHY,2024-05-13,48.5,49.33000183105469,48.43000030517578,49.209999084472656,5809800.0,0.3126166145982729,0.2576028045286977,0.2851097095634853,0.0346929702173695,0.019565637633241,-0.019565637633241
TCEHY_2024-05-14,TCEHY,2024-05-14,50.790000915527344,52.09999847412109,50.77000045776367,51.5099983215332,7031500.0,0.4001086447321407,0.3184028339871465,0.3592557393596436,0.0467384531568966,0.0200451202447676,-0.0200451202447676
TCEHY_2024-05-15,TCEHY,2024-05-15,51.65999984741211,51.77999877929688,51.0,51.61000061035156,3138300.0,0.3858753567187376,0.2947817315624563,0.340328544140597,0.0019414151053573,0.0200317280197688,-0.0200317280197688
TCEHY_2024-05-16,TCEHY,2024-05-16,51.0,51.720001220703125,50.79999923706055,51.66999816894531,3868600.0,0.4105923194722951,0.2701572709273372,0.3403747951998161,0.0011625180756482,0.0198453143614362,-0.0198453143614362
TCEHY_2024-05-17,TCEHY,2024-05-17,50.790000915527344,51.31999969482422,50.59999847412109,51.08000183105469,3195100.0,0.3839068556548934,0.1934580079810954,0.2886824318179944,-0.0114185476833483,0.0199596688425083,-0.0199596688425083
TCEHY_2024-05-20,TCEHY,2024-05-20,50.70000076293945,50.72999954223633,50.20000076293945,50.27999877929688,1902600.0,0.3970546383547391,0.2233576799511574,0.3102061591529482,-0.0156617663093237,0.0197661135789086,-0.0197661135789086
TCEHY_2024-05-21,TCEHY,2024-05-21,49.18999862670898,49.34000015258789,49.02999877929688,49.18000030517578,2551100.0,0.3385954833529587,0.2009767860538023,0.2697861347033805,-0.0218774562614753,0.0199634963690434,-0.0199634963690434
TCEHY_2024-05-22,TCEHY,2024-05-22,48.959999084472656,49.2599983215332,48.68000030517578,48.75,2308100.0,0.319707683062878,0.1554871198582623,0.2375974014605701,-0.0087433977736378,0.020036377954852,-0.020036377954852
TCEHY_2024-05-23,TCEHY,2024-05-23,48.81999969482422,49.220001220703125,48.20000076293945,48.29999923706055,2926500.0,0.3071718062183384,0.167794935306941,0.2374833707626397,-0.0092307848808093,0.0201051909610056,-0.0201051909610056
TCEHY_2024-05-24,TCEHY,2024-05-24,48.27000045776367,48.63999938964844,48.16999816894531,48.459999084472656,1820700.0,0.3265809116844815,0.1727976631747845,0.249689287429633,0.003312626292742,0.0200036540812416,-0.0200036540812416
TCEHY_2024-05-28,TCEHY,2024-05-28,48.650001525878906,48.75,48.2599983215332,48.33000183105469,2725400.0,0.3270182389043836,0.1601056651001624,0.243561952002273,-0.0026825682186119,0.020001655985894,-0.020001655985894
TCEHY_2024-05-29,TCEHY,2024-05-29,47.220001220703125,47.470001220703125,47.20000076293945,47.400001525878906,1666100.0,0.3550600956596967,0.1463120501816757,0.2506860729206862,-0.0192427119789224,0.0194330791125948,-0.0194330791125948
TCEHY_2024-05-30,TCEHY,2024-05-30,47.2400016784668,47.7599983215332,47.06999969482422,47.68000030517578,900700.0,0.3646251339210995,0.1555986971597145,0.260111915540407,0.0059071470523899,0.0194173232298177,-0.0194173232298177
TCEHY_2024-05-31,TCEHY,2024-05-31,46.2400016784668,46.58000183105469,46.04999923706055,46.52999877929688,3015600.0,0.319251436784562,0.1443679034410616,0.2318096701128118,-0.0241191593648976,0.0197545279874729,-0.0197545279874729
TCEHY_2024-06-03,TCEHY,2024-06-03,47.90999984741211,48.02999877929688,47.31999969482422,47.560001373291016,1703400.0,0.3694213072318555,0.1427199085499173,0.2560706078908864,0.022136312508403,0.0197092068840279,-0.0197092068840279
TCEHY_2024-06-04,TCEHY,2024-06-04,48.150001525878906,48.38999938964844,47.91999816894531,48.18000030517578,1915600.0,0.4145624886250683,0.1739765894339209,0.2942695390294946,0.0130361420097213,0.0194810294496067,-0.0194810294496067
TCEHY_2024-06-05,TCEHY,2024-06-05,48.58000183105469,49.060001373291016,48.54999923706055,49.04999923706055,2187400.0,0.4022298421655355,0.2054559079012612,0.3038428750333983,0.0180572628969308,0.0193553306983141,-0.0193553306983141
TCEHY_2024-06-06,TCEHY,2024-06-06,49.0,49.09999847412109,48.720001220703125,49.0,1004800.0,0.4149580851476093,0.2358133194022327,0.325385702274921,-0.0010193524533792,0.019271687252935,-0.019271687252935
TCEHY_2024-06-07,TCEHY,2024-06-07,47.59999847412109,47.84999847412109,47.22999954223633,47.310001373291016,1926900.0,0.3709070899540148,0.1922883318909649,0.2815977109224898,-0.03448976789202,0.0198960528746404,-0.0198960528746404
TCEHY_2024-06-10,TCEHY,2024-06-10,47.34999847412109,47.7599983215332,47.18000030517578,47.63999938964844,991900.0,0.3378264131733781,0.2045512088153749,0.2711888109943765,0.0069752273679646,0.0196030100822835,-0.0196030100822835
TCEHY_2024-06-11,TCEHY,2024-06-11,48.02000045776367,48.02000045776367,47.20000076293945,47.459999084472656,1145900.0,0.2833964216323665,0.2194244942781498,0.2514104579552582,-0.0037783439857661,0.019150539604412,-0.019150539604412
TCEHY_2024-06-12,TCEHY,2024-06-12,47.77999877929688,48.09999847412109,47.5,47.61000061035156,1787400.0,0.2853671553337684,0.2016658731415745,0.2435165142376715,0.0031605884697116,0.019148250905975,-0.019148250905975
TCEHY_2024-06-13,TCEHY,2024-06-13,48.459999084472656,48.68000030517578,48.11000061035156,48.2599983215332,2762900.0,0.3200217863446155,0.2134774394278933,0.2667496128862544,0.0136525457435157,0.0190575924479807,-0.0190575924479807
TCEHY_2024-06-14,TCEHY,2024-06-14,48.369998931884766,48.5,47.93999862670898,48.130001068115234,2384700.0,0.3317654089917081,0.2117321145254294,0.2717487617585687,-0.0026936854110906,0.0189699102053354,-0.0189699102053354
TCEHY_2024-06-17,TCEHY,2024-06-17,48.7599983215332,49.02000045776367,48.43000030517578,48.91999816894531,2141000.0,0.3275441029746775,0.221778148111239,0.2746611255429583,0.0164138184770046,0.0189332636833504,-0.0189332636833504
TCEHY_2024-06-18,TCEHY,2024-06-18,48.31999969482422,48.7400016784668,48.27000045776367,48.709999084472656,1863600.0,0.3319660785057818,0.2153192829130885,0.2736426807094352,-0.0042927042586433,0.0189032408889357,-0.0189032408889357
TCEHY_2024-06-20,TCEHY,2024-06-20,49.5,49.5099983215332,49.09999847412109,49.27000045776367,1966800.0,0.3241064678854972,0.2441919786931812,0.2841492232893392,0.0114966410145043,0.0188529047190115,-0.0188529047190115
TCEHY_2024-06-21,TCEHY,2024-06-21,48.7599983215332,48.959999084472656,48.68999862670898,48.720001220703125,1377700.0,0.3224755976902651,0.2071357899882535,0.2648056938392593,-0.011162963912128,0.01886873653,-0.01886873653
TCEHY_2024-06-24,TCEHY,2024-06-24,48.720001220703125,49.34999847412109,48.650001525878906,48.95000076293945,1098000.0,0.3261988882498332,0.240811148701538,0.2835050184756856,0.0047208443446957,0.0188655272277427,-0.0188655272277427
TCEHY_2024-06-25,TCEHY,2024-06-25,48.5,48.77000045776367,48.33000183105469,48.54999923706055,1374600.0,0.3139377059433188,0.200247177289113,0.2570924416162159,-0.0081716347220519,0.0189297829585859,-0.0189297829585859
TCEHY_2024-06-26,TCEHY,2024-06-26,48.5,48.650001525878906,48.2400016784668,48.41999816894531,1210300.0,0.2725361140555407,0.3276664806212968,0.3001012973384187,-0.0026776739476443,0.0186712673719459,-0.0186712673719459
TCEHY_2024-06-27,TCEHY,2024-06-27,48.0,48.060001373291016,47.45000076293945,47.54999923706055,1665000.0,0.2220508718460732,0.2602703369723436,0.2411606044092084,-0.0179677605283915,0.018718965944625,-0.018718965944625
TCEHY_2024-06-28,TCEHY,2024-06-28,47.5,47.720001220703125,47.2599983215332,47.36000061035156,2130400.0,0.2134256236634384,0.2932824137554946,0.2533540187094665,-0.0039957650842799,0.0187418737170703,-0.0187418737170703
TCEHY_2024-07-01,TCEHY,2024-07-01,47.41999816894531,47.869998931884766,47.41999816894531,47.459999084472656,1744800.0,0.2036520090577533,0.2689838809667626,0.236317945012258,0.0021114542405482,0.018720859956485,-0.018720859956485
TCEHY_2024-07-02,TCEHY,2024-07-02,47.20000076293945,47.4900016784668,47.09000015258789,47.400001525878906,1441500.0,0.2015209279896372,0.254300089376366,0.2279105086830016,-0.0012641710862016,0.0187261713463536,-0.0187261713463536
TCEHY_2024-07-03,TCEHY,2024-07-03,48.33000183105469,48.88999938964844,48.33000183105469,48.77000045776367,2693200.0,0.2353090431419269,0.3040106542246343,0.2696598486832806,0.0289029301219914,0.0190033611827916,-0.0190033611827916
TCEHY_2024-07-05,TCEHY,2024-07-05,48.22999954223633,48.47999954223633,48.040000915527344,48.43999862670898,1440600.0,0.2294415418967021,0.250064480689264,0.2397530112929831,-0.0067664922689611,0.0190350926972741,-0.0190350926972741
TCEHY_2024-07-08,TCEHY,2024-07-08,48.400001525878906,48.5,48.16999816894531,48.34000015258789,1196700.0,0.2262811364275929,0.2781597182086537,0.2522204273181233,-0.0020643781369958,0.0190442818573348,-0.0190442818573348
TCEHY_2024-07-09,TCEHY,2024-07-09,48.5,49.06999969482422,48.40999984741211,49.06999969482422,3504700.0,0.2413357250221757,0.3134368012089403,0.277386263115558,0.0151013558115855,0.0191008066810184,-0.0191008066810184
TCEHY_2024-07-10,TCEHY,2024-07-10,48.40999984741211,48.66999816894531,48.34000015258789,48.63999938964844,1987500.0,0.244307986691791,0.3054214058173623,0.2748646962545766,-0.0087629979182807,0.0190736360947927,-0.0190736360947927
TCEHY_2024-07-11,TCEHY,2024-07-11,49.33000183105469,49.68999862670898,49.27000045776367,49.5,3067800.0,0.2582613067616817,0.3651407140469762,0.3117010104043289,0.0176809338228443,0.019152650551426,-0.019152650551426
TCEHY_2024-07-12,TCEHY,2024-07-12,50.61000061035156,51.02000045776367,50.400001525878906,50.45000076293945,2678500.0,0.2650451206551025,0.4080379063562669,0.3365415135056847,0.0191919346048374,0.0192104864520887,-0.0192104864520887
TCEHY_2024-07-15,TCEHY,2024-07-15,49.77000045776367,49.97999954223633,49.369998931884766,49.41999816894531,1878600.0,0.2770025114901735,0.3432997265321469,0.3101511190111602,-0.0204163048249303,0.0189858934834802,-0.0189858934834802
TCEHY_2024-07-16,TCEHY,2024-07-16,48.15999984741211,48.56999969482422,48.0099983215332,48.52999877929688,2335800.0,0.2615023976963078,0.3141077275457089,0.2878050626210083,-0.0180088915949756,0.0191486205308761,-0.0191486205308761
TCEHY_2024-07-17,TCEHY,2024-07-17,47.5,47.630001068115234,47.06999969482422,47.18000030517578,2692100.0,0.2292860602437887,0.3223094142836036,0.2757977372636961,-0.0278178138899318,0.0195468280684449,-0.0195468280684449
TCEHY_2024-07-18,TCEHY,2024-07-18,47.09000015258789,47.25,46.54999923706055,46.630001068115234,3936000.0,0.2203612191936481,0.3232122260825041,0.2717867226380761,-0.0116574657376636,0.0196150197187416,-0.0196150197187416
TCEHY_2024-07-19,TCEHY,2024-07-19,46.630001068115234,46.7599983215332,46.54999923706055,46.65999984741211,1803100.0,0.1982537620175459,0.3147364790270663,0.2564951205223061,0.0006433364488465,0.0195135326338771,-0.0195135326338771
TCEHY_2024-07-22,TCEHY,2024-07-22,47.869998931884766,48.2599983215332,47.869998931884766,48.20000076293945,1843400.0,0.2365315887372676,0.3689293387171739,0.3027304637272208,0.0330047346884583,0.0198724088007573,-0.0198724088007573
TCEHY_2024-07-23,TCEHY,2024-07-23,47.04999923706055,47.11000061035156,46.709999084472656,46.97999954223633,2134700.0,0.1452949541190127,0.3769050707189216,0.2611000124189672,-0.0253112282446512,0.0191953419413293,-0.0191953419413293
TCEHY_2024-07-24,TCEHY,2024-07-24,46.5,46.79999923706055,46.20000076293945,46.27999877929688,1451600.0,0.0894538436442862,0.2848417043626603,0.1871477740034732,-0.01489997381354,0.0188350586345251,-0.0188350586345251
TCEHY_2024-07-25,TCEHY,2024-07-25,45.0,45.34999847412109,44.97999954223633,45.06999969482422,2161900.0,0.0278221496728932,0.2381867528983838,0.1330044512856385,-0.026145184018759,0.0187356417804744,-0.0187356417804744
TCEHY_2024-07-26,TCEHY,2024-07-26,45.34000015258789,45.77000045776367,45.18999862670898,45.560001373291016,1347100.0,0.0488030113628632,0.2313513884673248,0.140077199915094,0.0108720142397309,0.0187355402456686,-0.0187355402456686
TCEHY_2024-07-29,TCEHY,2024-07-29,45.66999816894531,45.720001220703125,45.470001220703125,45.61000061035156,1143000.0,0.0274836953700798,0.2478796597102104,0.1376816775401451,0.0010974371280387,0.0185428377899283,-0.0185428377899283
TCEHY_2024-07-30,TCEHY,2024-07-30,45.150001525878906,45.34000015258789,45.02999877929688,45.09000015258789,2459100.0,0.0153118736210806,0.2623179902483867,0.1388149319347337,-0.0114010184346643,0.0186043695943261,-0.0186043695943261
TCEHY_2024-07-31,TCEHY,2024-07-31,46.400001525878906,46.59999847412109,46.0099983215332,46.04999923706055,2223000.0,0.0525714111328126,0.3194841611371777,0.1860277861349951,0.0212907314531813,0.0186831290553019,-0.0186831290553019
TCEHY_2024-08-01,TCEHY,2024-08-01,46.7400016784668,46.83000183105469,46.11000061035156,46.18999862670898,2636900.0,0.0469174919523458,0.3257749260738167,0.1863462090130813,0.0030401605204752,0.0186606297846251,-0.0186606297846251
TCEHY_2024-08-02,TCEHY,2024-08-02,45.65999984741211,45.970001220703125,45.52000045776367,45.810001373291016,2222400.0,-0.0284199386897667,0.3133600908965337,0.1424700761033834,-0.0082268297188957,0.0165514636280047,-0.0165514636280047
TCEHY_2024-08-05,TCEHY,2024-08-05,44.97999954223633,45.880001068115234,44.959999084472656,45.65999984741211,3440700.0,-0.0313958328680276,0.2938509113872547,0.1312275392596135,-0.003274427447766,0.0165556278421514,-0.0165556278421514
TCEHY_2024-08-06,TCEHY,2024-08-06,45.380001068115234,45.65999984741211,45.04999923706055,45.41999816894531,1899200.0,-0.0419743025705877,0.259916758118877,0.1089712277741446,-0.0052562785648015,0.0165481911104563,-0.0165481911104563
TCEHY_2024-08-07,TCEHY,2024-08-07,46.619998931884766,46.77000045776367,46.060001373291016,46.16999816894531,1316700.0,-0.0134615615039656,0.2230463091111341,0.1047923738035842,0.0165125502033329,0.0166092473570749,-0.0166092473570749
TCEHY_2024-08-08,TCEHY,2024-08-08,47.16999816894531,48.0,47.16999816894531,47.7599983215332,2524800.0,0.0324254227069822,0.2814595582218291,0.1569424904644056,0.0344379513893364,0.0171004606710844,-0.0171004606710844
TCEHY_2024-08-09,TCEHY,2024-08-09,47.41999816894531,47.58000183105469,47.150001525878906,47.54999923706055,1576900.0,-0.0016796520944913,0.3124482428333335,0.155384295369421,-0.004396965909816,0.0167035374373535,-0.0167035374373535
TCEHY_2024-08-12,TCEHY,2024-08-12,48.290000915527344,48.900001525878906,47.91999816894531,48.54999923706055,2568700.0,0.0208157660888019,0.3100377074473159,0.1654267367680589,0.0210304945540482,0.0169085037671136,-0.0169085037671136
TCEHY_2024-08-13,TCEHY,2024-08-13,48.810001373291016,49.02999877929688,48.54999923706055,48.97999954223633,2167400.0,-0.0046738375638153,0.3064816577580753,0.15090391009713,0.0088568550346657,0.0163697333061104,-0.0163697333061104
TCEHY_2024-08-14,TCEHY,2024-08-14,48.72999954223633,48.72999954223633,46.11000061035156,47.34000015258789,5787800.0,-0.0809551214293495,0.2867626793835682,0.1029037789771093,-0.0334830421595704,0.0157897728875775,-0.0157897728875775
TCEHY_2024-08-15,TCEHY,2024-08-15,47.33000183105469,47.900001525878906,47.20000076293945,47.619998931884766,3478000.0,-0.0773106303290085,0.2787324593333724,0.1007109145021819,0.0059146341021203,0.0158105102800852,-0.0158105102800852
TCEHY_2024-08-16,TCEHY,2024-08-16,47.63999938964844,48.18999862670898,47.630001068115234,48.119998931884766,2018700.0,-0.0687052324920376,0.3136772462114683,0.1224860068597153,0.0104997902397099,0.0158761976085093,-0.0158761976085093
TCEHY_2024-08-19,TCEHY,2024-08-19,47.90999984741211,48.18000030517578,47.77000045776367,48.0,2660200.0,-0.0602976061207218,0.3004605851648478,0.1200814895220629,-0.0024937434444798,0.0158215033891684,-0.0158215033891684
TCEHY_2024-08-20,TCEHY,2024-08-20,47.630001068115234,47.7599983215332,46.93000030517578,47.02000045776367,1925300.0,-0.0648368814773229,0.3064739723503886,0.1208185454365328,-0.0204166571299234,0.0159043598939231,-0.0159043598939231
TCEHY_2024-08-21,TCEHY,2024-08-21,47.790000915527344,48.04999923706055,47.630001068115234,47.9900016784668,1724700.0,-0.024196799904935,0.3062057562886173,0.1410044781918411,0.020629545113987,0.0159033940097331,-0.0159033940097331
TCEHY_2024-08-22,TCEHY,2024-08-22,48.16999816894531,48.41999816894531,47.08000183105469,47.97999954223633,1905800.0,-0.0157948811848958,0.2988630570101056,0.1415340879126049,-0.0002084212519408,0.0158663075019609,-0.0158663075019609
TCEHY_2024-08-23,TCEHY,2024-08-23,47.880001068115234,48.59999847412109,47.86000061035156,48.369998931884766,1704400.0,0.0014492690668721,0.3090662498821779,0.155257759474525,0.0081283741844375,0.0158564177409298,-0.0158564177409298
TCEHY_2024-08-26,TCEHY,2024-08-26,48.45000076293945,48.68000030517578,48.290000915527344,48.52999877929688,2288300.0,0.0014444840310914,0.3284971366273606,0.164970810329226,0.0033078323536337,0.0158564023148407,-0.0158564023148407
TCEHY_2024-08-27,TCEHY,2024-08-27,48.79999923706055,48.84999847412109,48.650001525878906,48.75,1495400.0,0.0086902162845654,0.338550314414026,0.1736202653492957,0.0045333036521106,0.0158616960937265,-0.0158616960937265
TCEHY_2024-08-28,TCEHY,2024-08-28,47.72999954223633,47.95000076293945,47.54999923706055,47.77999877929688,2468000.0,0.0080168194342886,0.3659233677692104,0.1869700936017495,-0.0198974609374998,0.0158748905617402,-0.0158748905617402
TCEHY_2024-08-29,TCEHY,2024-08-29,48.27000045776367,48.369998931884766,48.209999084472656,48.25,1137600.0,0.0119546915095625,0.3809388064233217,0.1964467489664421,0.0098367775787129,0.0159051645981332,-0.0159051645981332
TCEHY_2024-08-30,TCEHY,2024-08-30,48.72999954223633,49.0,48.2400016784668,48.5099983215332,1305600.0,0.0425531827677008,0.3753897842906075,0.2089714835291541,0.0053885662493928,0.0156057260608875,-0.0156057260608875
TCEHY_2024-09-03,TCEHY,2024-09-03,48.2400016784668,48.33000183105469,48.08000183105469,48.13999938964844,1775400.0,0.0121950798908752,0.3861215094778147,0.1991582946843449,-0.0076272715870312,0.0153979602647869,-0.0153979602647869
TCEHY_2024-09-04,TCEHY,2024-09-04,47.77999877929688,48.09999847412109,47.77999877929688,47.86000061035156,1416100.0,-0.0066417536902722,0.4051673129961219,0.1992627796529248,-0.0058163436403591,0.0153296735136785,-0.0153296735136785
TCEHY_2024-09-05,TCEHY,2024-09-05,47.77999877929688,48.04999923706055,47.75,47.81999969482422,1301200.0,-0.0250764436568426,0.3670669045345278,0.1709952304388425,-0.0008357901173676,0.0151547264959144,-0.0151547264959144
TCEHY_2024-09-06,TCEHY,2024-09-06,47.75,47.84000015258789,47.150001525878906,47.20000076293945,1253100.0,-0.0367346783073581,0.3629800550713165,0.1631226883819792,-0.0129652642375878,0.0152385030814123,-0.0152385030814123
TCEHY_2024-09-09,TCEHY,2024-09-09,47.29999923706055,47.86000061035156,47.29999923706055,47.52000045776367,1072900.0,0.0044387883825176,0.3769922564184136,0.1907155224004656,0.0067796544417744,0.014627696273131,-0.014627696273131
TCEHY_2024-09-10,TCEHY,2024-09-10,47.0099983215332,47.15999984741211,46.70000076293945,46.970001220703125,1320600.0,-0.0140637736676985,0.3190115252918388,0.1524738758120701,-0.0115740579074571,0.0146752282564764,-0.0146752282564764
TCEHY_2024-09-11,TCEHY,2024-09-11,47.34000015258789,47.77999877929688,47.13999938964844,47.630001068115234,1603700.0,0.0035820056241466,0.2879935548326633,0.145787780228405,0.0140515186344343,0.0147751030464972,-0.0147751030464972
TCEHY_2024-09-12,TCEHY,2024-09-12,47.630001068115234,47.68999862670898,47.380001068115234,47.54999923706055,1278200.0,-0.0012602682739299,0.2837472478875495,0.1412434898068097,-0.0016796520944913,0.0147718543413095,-0.0147718543413095
TCEHY_2024-09-13,TCEHY,2024-09-13,47.77999877929688,47.97999954223633,47.720001220703125,47.81999969482422,1131100.0,-0.0091172532534602,0.3079868134184267,0.1494347800824832,0.0056782431565893,0.0146876672098842,-0.0146876672098842
TCEHY_2024-09-16,TCEHY,2024-09-16,48.18999862670898,48.400001525878906,48.18999862670898,48.25,1155600.0,0.0024932252071829,0.3350858000794605,0.1687895126433217,0.0089920599732316,0.0147273398130473,-0.0147273398130473
TCEHY_2024-09-17,TCEHY,2024-09-17,48.68000030517578,48.84000015258789,48.5099983215332,48.5099983215332,942300.0,-0.0083810274480422,0.3164179194091601,0.1540184459805589,0.0053885662493928,0.0145958338184118,-0.0145958338184118
TCEHY_2024-09-18,TCEHY,2024-09-18,48.5,48.79999923706055,48.33000183105469,48.400001525878906,1243300.0,-0.0063641462619646,0.3234892515661955,0.1585625526521154,-0.002267507719238,0.0145885198547668,-0.0145885198547668
TCEHY_2024-09-19,TCEHY,2024-09-19,49.720001220703125,50.220001220703125,49.56999969482422,50.06999969482422,2438700.0,0.016237045456217,0.345606044793425,0.180921545124821,0.0345040933119058,0.0151577451282373,-0.0151577451282373
TCEHY_2024-09-20,TCEHY,2024-09-20,49.9900016784668,49.9900016784668,49.41999816894531,49.470001220703125,1577900.0,0.0153940882842444,0.3428339037948678,0.1791139960395561,-0.011983193085242,0.0151681583640317,-0.0151681583640317
TCEHY_2024-09-23,TCEHY,2024-09-23,49.65999984741211,50.400001525878906,49.65999984741211,50.130001068115234,1541100.0,0.0241062367065205,0.3581685525699081,0.1911373946382143,0.0133414156281828,0.0152468536079928,-0.0152468536079928
TCEHY_2024-09-24,TCEHY,2024-09-24,52.220001220703125,53.880001068115234,52.119998931884766,53.63999938964844,6837500.0,0.1048403755422193,0.4516914284734985,0.2782659020078589,0.0700179183472171,0.0175401040879523,-0.0175401040879523
TCEHY_2024-09-25,TCEHY,2024-09-25,52.54999923706055,52.93999862670898,52.33000183105469,52.400001525878906,3562500.0,0.0821975115126338,0.3771354159408633,0.2296664637267486,-0.0231170372460672,0.017809965913812,-0.017809965913812
TCEHY_2024-09-26,TCEHY,2024-09-26,56.400001525878906,57.29999923706055,55.93999862670898,57.27000045776367,9591200.0,0.2044164327373394,0.4718581516924029,0.3381372922148712,0.0929389082074665,0.0210502864693067,-0.0210502864693067
TCEHY_2024-09-27,TCEHY,2024-09-27,56.54999923706055,57.25,56.06999969482422,57.040000915527344,6504400.0,0.2043918957015387,0.4614399871768304,0.3329159414391845,-0.0040160562318477,0.021050398024265,-0.021050398024265
TCEHY_2024-09-30,TCEHY,2024-09-30,57.36000061035156,57.36000061035156,55.2400016784668,55.400001525878906,7334000.0,0.1672988325868711,0.4050215850139576,0.2861602088004144,-0.0287517419937838,0.0214310961428259,-0.0214310961428259
TCEHY_2024-10-01,TCEHY,2024-10-01,56.09999847412109,57.29999923706055,55.4900016784668,57.22999954223633,5536800.0,0.2073839177197189,0.4506970452583603,0.3290404814890396,0.0330324542590956,0.021762350700098,-0.021762350700098
TCEHY_2024-10-02,TCEHY,2024-10-02,60.04999923706055,60.72999954223633,59.220001220703125,60.65999984741211,5550000.0,0.2437974016413131,0.5364741780839455,0.3901357898626293,0.0599336070699145,0.0226845500414233,-0.0226845500414233
TCEHY_2024-10-03,TCEHY,2024-10-03,59.02999877929688,60.04999923706055,58.91999816894531,59.43000030517578,3015000.0,0.2268786537992819,0.5083755838471395,0.3676271188232107,-0.0202769460159965,0.0228485166217532,-0.0228485166217532
TCEHY_2024-10-04,TCEHY,2024-10-04,60.790000915527344,60.95000076293945,60.15999984741211,60.77000045776367,4627200.0,0.257136952129495,0.5416033303024779,0.3993701412159864,0.0225475373667665,0.0229619387924914,-0.0229619387924914
TCEHY_2024-10-07,TCEHY,2024-10-07,61.43000030517578,62.56999969482422,60.93999862670898,62.34999847412109,4517300.0,0.2706337652718105,0.5772830862513398,0.4239584257615751,0.0259996380525873,0.0230884497618241,-0.0230884497618241
TCEHY_2024-10-08,TCEHY,2024-10-08,57.43000030517578,57.91999816894531,56.119998931884766,57.34000015258789,6079800.0,0.178865149508842,0.4668713207664643,0.3228682351376531,-0.080352821878779,0.0253781898785437,-0.0253781898785437
TCEHY_2024-10-09,TCEHY,2024-10-09,55.84999847412109,56.93000030517578,55.77000045776367,56.560001373291016,4742200.0,0.1426262903695154,0.4377224492605993,0.2901743698150574,-0.0136030480854764,0.0253909470299347,-0.0253909470299347
TCEHY_2024-10-10,TCEHY,2024-10-10,56.27999877929688,56.70000076293945,55.56999969482422,56.150001525878906,3136100.0,0.1129831650493584,0.4079739223169636,0.260478543683161,-0.0072489363058205,0.0253279023428865,-0.0253279023428865
TCEHY_2024-10-11,TCEHY,2024-10-11,55.61000061035156,56.91999816894531,55.400001525878906,56.70000076293945,3036600.0,0.1473088398163635,0.4651162699003732,0.3062125548583684,0.0097951775977611,0.0251819761667914,-0.0251819761667914
TCEHY_2024-10-14,TCEHY,2024-10-14,56.13999938964844,56.90999984741211,55.619998931884766,55.86000061035156,1888500.0,0.1510406349769308,0.452040520869279,0.3015405779231049,-0.0148148173066151,0.0251432203363294,-0.0251432203363294
TCEHY_2024-10-15,TCEHY,2024-10-15,54.0,54.06999969482422,52.84000015258789,53.119998931884766,4515400.0,0.1259007755041779,0.3840541285449574,0.2549774520245677,-0.0490512289389241,0.0256930653623313,-0.0256930653623313
TCEHY_2024-10-16,TCEHY,2024-10-16,53.5,54.11000061035156,53.45000076293945,53.7599983215332,2042800.0,0.152905792195946,0.4069615181796635,0.2799336551878048,0.0120481815232922,0.0256603241101683,-0.0256603241101683
TCEHY_2024-10-17,TCEHY,2024-10-17,53.04999923706055,53.130001068115234,52.400001525878906,52.7400016784668,1713400.0,0.1303043688584988,0.3543914622095643,0.2423479155340315,-0.0189731524351229,0.0258028524385458,-0.0258028524385458
TCEHY_2024-10-18,TCEHY,2024-10-18,55.43999862670898,55.43999862670898,55.0099983215332,55.040000915527344,2046300.0,0.1419087146124509,0.4120061970726651,0.276957455842558,0.043610147210132,0.026040101262937,-0.026040101262937
TCEHY_2024-10-21,TCEHY,2024-10-21,54.0,54.29999923706055,53.70000076293945,54.13999938964844,1114200.0,0.1524052770791337,0.3198439489388549,0.2361246130089943,-0.016351771637144,0.025910244032135,-0.025910244032135
TCEHY_2024-10-22,TCEHY,2024-10-22,54.16999816894531,54.75,54.09000015258789,54.540000915527344,2137700.0,0.1784788754127091,0.2838983404719717,0.2311886079423404,0.0073882809454812,0.0258197060952254,-0.0258197060952254
TCEHY_2024-10-23,TCEHY,2024-10-23,54.84999847412109,55.0,54.40999984741211,54.40999984741211,1446800.0,0.2072331975999655,0.2408210203136771,0.2240271089568213,-0.0023835912345616,0.0255603038976414,-0.0255603038976414
TCEHY_2024-10-24,TCEHY,2024-10-24,54.220001220703125,54.36000061035156,53.77999877929688,54.209999084472656,1616800.0,0.1898594699396254,0.2479281951712992,0.2188938325554623,-0.0036758089229983,0.0255566207188802,-0.0255566207188802
TCEHY_2024-10-25,TCEHY,2024-10-25,54.20000076293945,54.59000015258789,54.040000915527344,54.04999923706055,1604700.0,0.1850471061996315,0.2176165798656169,0.2013318430326242,-0.0029514822009643,0.0255667794933535,-0.0255667794933535
TCEHY_2024-10-28,TCEHY,2024-10-28,53.65999984741211,54.25,53.52999877929688,54.08000183105469,2068500.0,0.1993790562884003,0.217743796822059,0.2085614265552297,0.0005550896284485,0.0255023217052047,-0.0255023217052047
TCEHY_2024-10-29,TCEHY,2024-10-29,54.25,54.25,53.59000015258789,53.61000061035156,2512900.0,0.1641694136491278,0.2253714425223214,0.1947704280857246,-0.0086908506802829,0.0254390824278956,-0.0254390824278956
TCEHY_2024-10-30,TCEHY,2024-10-30,52.790000915527344,53.18000030517578,52.59999847412109,52.900001525878906,1638000.0,0.1452696059464684,0.199002783466728,0.1721361947065982,-0.0132437805705892,0.0255184942069222,-0.0255184942069222
TCEHY_2024-10-31,TCEHY,2024-10-31,52.34999847412109,52.40999984741211,51.959999084472656,52.209999084472656,1961900.0,0.1397074332967185,0.1073170179181544,0.1235122256074364,-0.0130435240359813,0.0255582521996467,-0.0255582521996467
TCEHY_2024-11-01,TCEHY,2024-11-01,53.95000076293945,54.119998931884766,53.5099983215332,53.59999847412109,1739500.0,0.1738939696286265,0.1370385907533806,0.1554662801910036,0.0266232410270588,0.0257282676278921,-0.0257282676278921
TCEHY_2024-11-04,TCEHY,2024-11-04,53.79999923706055,54.22999954223633,53.630001068115234,53.66999816894531,1514700.0,0.1816380522366625,0.1320396191031607,0.1568388356699116,0.0013059644928539,0.0257081102684807,-0.0257081102684807
TCEHY_2024-11-05,TCEHY,2024-11-05,54.54999923706055,54.93000030517578,54.5099983215332,54.91999816894531,1958800.0,0.189517009898549,0.1735042535097863,0.1815106317041677,0.0232904796468444,0.025779760743466,-0.025779760743466
TCEHY_2024-11-06,TCEHY,2024-11-06,53.43999862670898,53.97999954223633,53.04999923706055,53.68999862670898,2526800.0,0.1241624898152928,0.1606139337388874,0.1423882117770901,-0.0223962050845777,0.0256589538447533,-0.0256589538447533
TCEHY_2024-11-07,TCEHY,2024-11-07,55.220001220703125,56.34999847412109,55.20000076293945,56.06999969482422,2849300.0,0.1791798232274875,0.1771992113676213,0.1781895172975544,0.044328573831091,0.0261864307955271,-0.0261864307955271
TCEHY_2024-11-08,TCEHY,2024-11-08,53.90999984741211,53.90999984741211,52.86000061035156,53.16999816894531,2593000.0,0.0951596087432704,0.1179561949887744,0.1065579018660224,-0.051721090452344,0.0269688480533137,-0.0269688480533137
TCEHY_2024-11-11,TCEHY,2024-11-11,52.95000076293945,52.95000076293945,52.40999984741211,52.5,2274100.0,0.0718660778003543,0.0668563498625516,0.069361213831453,-0.0126010568369105,0.0270137364140655,-0.0270137364140655
TCEHY_2024-11-12,TCEHY,2024-11-12,51.79999923706055,51.83000183105469,50.790000915527344,51.040000915527344,2982700.0,0.0781580217789075,-0.0091243917942311,0.0345168149923381,-0.0278095063709077,0.0269046095031739,-0.0269046095031739
TCEHY_2024-11-13,TCEHY,2024-11-13,51.90999984741211,51.93000030517578,49.970001220703125,50.130001068115234,3511100.0,0.0527089918632874,-0.0286766038506784,0.0120161940063044,-0.0178291502956315,0.0270085631473216,-0.0270085631473216
TCEHY_2024-11-14,TCEHY,2024-11-14,51.650001525878906,51.900001525878906,51.560001373291016,51.65999984741211,3337400.0,0.0735661054468914,-0.0001935034234085,0.0366863010117414,0.0305206213185185,0.0272369129604022,-0.0272369129604022
TCEHY_2024-11-15,TCEHY,2024-11-15,51.41999816894531,51.83000183105469,51.119998931884766,51.650001525878906,2717100.0,0.0760416984558105,0.0111589599528494,0.0436003292043299,-0.0001935408742302,0.0272330289802746,-0.0272330289802746
TCEHY_2024-11-18,TCEHY,2024-11-18,52.0,52.2599983215332,51.720001220703125,52.209999084472656,1383700.0,0.1103785320327881,0.0383850507564145,0.0743817913946013,0.0108421595750227,0.0271112878463694,-0.0271112878463694
TCEHY_2024-11-19,TCEHY,2024-11-19,51.93999862670898,51.97999954223633,51.560001373291016,51.86000061035156,849900.0,0.0806417752975665,0.0544937024917775,0.067567738894672,-0.006703667501599,0.0270272852458063,-0.0270272852458063
TCEHY_2024-11-20,TCEHY,2024-11-20,52.54999923706055,52.70000076293945,52.09999847412109,52.40999984741211,2853400.0,0.0923301447986904,0.075076919946915,0.0837035323728027,0.01060546144596,0.0270500210170701,-0.0270500210170701
TCEHY_2024-11-21,TCEHY,2024-11-21,52.2400016784668,52.31999969482422,52.02000045776367,52.20000076293945,1921200.0,0.0791813503334606,0.0807453744820443,0.0799633624077524,-0.0040068514612489,0.0270471461611656,-0.0270471461611656
TCEHY_2024-11-22,TCEHY,2024-11-22,51.470001220703125,51.470001220703125,51.130001068115234,51.20000076293945,2064600.0,0.0550175571976647,0.0565415132115578,0.0557795352046113,-0.0191570878426111,0.0271716280881522,-0.0271716280881522
TCEHY_2024-11-25,TCEHY,2024-11-25,50.59999847412109,50.86000061035156,50.5099983215332,50.68000030517578,2295700.0,0.0395897498497597,0.0486240096231713,0.0441068797364655,-0.0101562587893566,0.0272056613042615,-0.0272056613042615
TCEHY_2024-11-26,TCEHY,2024-11-26,50.68000030517578,50.970001220703125,50.25,50.38999938964844,1524200.0,0.0546253804318319,0.0630801216775718,0.0588527510547018,-0.0057221964045198,0.0270885976041872,-0.0270885976041872
TCEHY_2024-11-27,TCEHY,2024-11-27,51.54999923706055,51.790000915527344,51.29999923706055,51.470001220703125,1763900.0,0.0667357765948835,0.0794882737262887,0.0731120251605861,0.0214328605702771,0.0271874306125856,-0.0271874306125856
TCEHY_2024-11-29,TCEHY,2024-11-29,51.25,51.72999954223633,50.91999816894531,51.59999847412109,1153200.0,0.0636982119048281,0.1089619563256909,0.0863300841152595,0.0025256897286738,0.0271830256463165,-0.0271830256463165
TCEHY_2024-12-02,TCEHY,2024-12-02,51.650001525878906,51.68999862670898,51.29999923706055,51.54999923706055,1601500.0,0.0708350621239384,0.0838939812564902,0.0773645216902143,-0.0009689774910675,0.0271605289663613,-0.0271605289663613
TCEHY_2024-12-03,TCEHY,2024-12-03,51.70000076293945,52.02000045776367,51.61000061035156,51.70000076293945,1392800.0,0.0802340180446496,0.0730593697689439,0.0766466939067967,0.0029098259573021,0.0271451381488167,-0.0271451381488167
TCEHY_2024-12-04,TCEHY,2024-12-04,51.95000076293945,52.040000915527344,51.18999862670898,51.29999923706055,1336700.0,0.0727728892606618,0.0458715603465285,0.0593222248035951,-0.0077369733070805,0.0271689798121643,-0.0271689798121643
TCEHY_2024-12-05,TCEHY,2024-12-05,51.97999954223633,52.29999923706055,51.97999954223633,52.119998931884766,1560000.0,0.1042372476571737,0.0636734475894851,0.0839553476233294,0.0159843997469657,0.0271656131377971,-0.0271656131377971
TCEHY_2024-12-06,TCEHY,2024-12-06,52.84999847412109,53.06999969482422,52.650001525878906,52.68999862670898,1204400.0,0.1087962567159581,0.1137179686588478,0.111257112687403,0.0109362952130742,0.0271826112443771,-0.0271826112443771
TCEHY_2024-12-09,TCEHY,2024-12-09,54.86000061035156,55.84000015258789,54.86000061035156,55.29999923706055,4561100.0,0.17734719607982,0.160789251585854,0.169068223832837,0.0495350290069762,0.0277742494366053,-0.0277742494366053
TCEHY_2024-12-10,TCEHY,2024-12-10,52.959999084472656,53.15999984741211,52.83000183105469,53.04999923706055,2411800.0,0.1137937864245315,0.1177834020316437,0.1157885942280876,-0.0406871615016607,0.028273739453599,-0.028273739453599
TCEHY_2024-12-11,TCEHY,2024-12-11,52.650001525878906,52.790000915527344,52.5099983215332,52.77999877929688,1926500.0,0.1099894768906759,0.1085905923685546,0.1092900346296152,-0.0050895468736414,0.0282843579883897,-0.0282843579883897
TCEHY_2024-12-12,TCEHY,2024-12-12,52.77999877929688,53.18999862670898,52.61000061035156,52.9900016784668,1118000.0,0.1081138021044811,0.0980108479370398,0.1030623250207605,0.0039788348621996,0.0282816503977901,-0.0282816503977901
TCEHY_2024-12-13,TCEHY,2024-12-13,52.75,52.79999923706055,52.47999954223633,52.63999938964844,1219600.0,0.0909844433087758,0.0937045132234777,0.0923444782661268,-0.0066050627992447,0.0282879111051588,-0.0282879111051588
TCEHY_2024-12-16,TCEHY,2024-12-16,51.90999984741211,52.18000030517578,51.72999954223633,51.79999923706055,1552600.0,0.0678210890406676,0.0588716511838194,0.0633463701122435,-0.0159574498922405,0.0283716287331474,-0.0283716287331474
TCEHY_2024-12-17,TCEHY,2024-12-17,51.81999969482422,52.29999923706055,51.72999954223633,52.27000045776367,1376400.0,0.0799586530966434,0.0730856382714619,0.0765221456840526,0.0090733827726943,0.0283837347931439,-0.0283837347931439
TCEHY_2024-12-18,TCEHY,2024-12-18,52.34000015258789,52.34999847412109,51.34999847412109,51.52000045776367,1915200.0,0.0289594721744994,0.0456667338968019,0.0373131030356507,-0.0143485745825855,0.0281369634916108,-0.0281369634916108
TCEHY_2024-12-19,TCEHY,2024-12-19,53.31999969482422,53.38999938964844,53.02999877929688,53.08000183105469,2931800.0,0.0729735298417737,0.0894909790868154,0.0812322544642946,0.0302795294920448,0.0283294708091033,-0.0283294708091033
TCEHY_2024-12-20,TCEHY,2024-12-20,54.61000061035156,54.97999954223633,54.45000076293945,54.68000030517578,4376900.0,0.0907639964116127,0.1170582115000613,0.103911103955837,0.0301431503189022,0.0285210842931562,-0.0285210842931562
TCEHY_2024-12-23,TCEHY,2024-12-23,53.77000045776367,54.27999877929688,53.650001525878906,54.16999816894531,2308200.0,0.0098806634102825,0.1157569314150421,0.0628187974126623,-0.0093270324320424,0.0271793836914568,-0.0271793836914568
TCEHY_2024-12-24,TCEHY,2024-12-24,54.09999847412109,54.09999847412109,53.95000076293945,53.970001220703125,545300.0,0.0299618253646203,0.114622124362602,0.0722919748636111,-0.0036920242754751,0.0270166353291407,-0.0270166353291407
TCEHY_2024-12-26,TCEHY,2024-12-26,54.22999954223633,54.43999862670898,53.84999847412109,54.11000061035156,725100.0,-0.0551772275563816,0.1379600731555457,0.041391422799582,0.0025940223546767,0.0243106427854924,-0.0243106427854924
TCEHY_2024-12-27,TCEHY,2024-12-27,53.79999923706055,53.880001068115234,53.380001068115234,53.59999847412109,1366300.0,-0.0603085972333816,0.1317567099525256,0.0357240563595719,-0.0094252842446449,0.0243324151392987,-0.0243324151392987
TCEHY_2024-12-30,TCEHY,2024-12-30,53.75,53.75,53.150001525878906,53.22999954223633,2182000.0,-0.0391697098172264,0.1215760760444562,0.0412031831136148,-0.0069029653436165,0.0240804632620769,-0.0240804632620769
TCEHY_2024-12-31,TCEHY,2024-12-31,53.119998931884766,53.34999847412109,53.040000915527344,53.18000030517578,1196700.0,-0.0707670674376226,0.1219408985913466,0.0255869155768619,-0.000939305607562,0.0236982658730625,-0.0236982658730625
TCEHY_2025-01-02,TCEHY,2025-01-02,53.0,53.54999923706055,53.0,53.209999084472656,2106000.0,-0.1228157069185565,0.0910395444952714,-0.0158880812116425,0.0005640988929056,0.0223847408618022,-0.0223847408618022
TCEHY_2025-01-03,TCEHY,2025-01-03,53.209999084472656,53.400001525878906,52.93999862670898,53.16999816894531,1647600.0,-0.1053340417985035,0.0976465663982966,-0.0038437377001034,-0.0007517556138996,0.0222600210835086,-0.0222600210835086
TCEHY_2025-01-06,TCEHY,2025-01-06,53.130001068115234,53.25,47.93999862670898,49.0099983215332,23441400.0,-0.1935165714603524,0.0138601192972782,-0.089828226081537,-0.0782396086265396,0.0240520764700806,-0.0240520764700806
TCEHY_2025-01-07,TCEHY,2025-01-07,49.20000076293945,49.2400016784668,47.90999984741211,48.11000061035156,9127400.0,-0.228388102843017,-0.0195638697868978,-0.1239759863149574,-0.0183635531933127,0.0238342492682034,-0.0238342492682034
TCEHY_2025-01-08,TCEHY,2025-01-08,47.43000030517578,47.75,47.11000061035156,47.66999816894531,3195200.0,-0.1686432151710789,-0.0199424595574637,-0.0942928373642713,-0.0091457583833739,0.0217431701179525,-0.0217431701179525
TCEHY_2025-01-10,TCEHY,2025-01-10,47.27999877929688,47.400001525878906,46.81999969482422,46.84000015258789,3575300.0,-0.1718529169854854,-0.0537373706547901,-0.1127951438201377,-0.0174113288910954,0.0217792554268791,-0.0217792554268791
TCEHY_2025-01-13,TCEHY,2025-01-13,46.88999938964844,47.119998931884766,46.7599983215332,46.95000076293945,2698600.0,-0.1638468479595548,-0.0693756183760277,-0.1166112331677913,0.0023484331766272,0.0217808667288436,-0.0217808667288436
TCEHY_2025-01-14,TCEHY,2025-01-14,48.09999847412109,48.13999938964844,47.650001525878906,47.68999862670898,3595200.0,-0.1589065611110122,-0.03500606245112,-0.0969563117810661,0.0157614025930676,0.0218484984288134,-0.0218484984288134
TCEHY_2025-01-15,TCEHY,2025-01-15,48.86000061035156,48.900001525878906,48.630001068115234,48.84999847412109,3439200.0,-0.1254923390554247,0.0065938533458342,-0.0594492428547952,0.0243237551020276,0.0220483881610983,-0.0220483881610983
TCEHY_2025-01-16,TCEHY,2025-01-16,49.0,49.0,48.54999923706055,48.77000045776367,3631800.0,-0.0818900331624451,0.0337007236605182,-0.0240946547509634,-0.0016376257698307,0.0212055448148307,-0.0212055448148307
TCEHY_2025-01-17,TCEHY,2025-01-17,48.70000076293945,49.84000015258789,48.59999847412109,49.34000015258789,4331600.0,-0.0822172304119085,0.0581170710357479,-0.0120500796880803,0.0116875064481054,0.021201977400142,-0.021201977400142
TCEHY_2025-01-21,TCEHY,2025-01-21,49.630001068115234,49.720001220703125,49.060001373291016,49.22999954223633,2430000.0,-0.0665529394107616,0.05507929068214,-0.0057368243643108,-0.0022294408190388,0.0210793914391386,-0.0210793914391386
TCEHY_2025-01-22,TCEHY,2025-01-22,49.06999969482422,49.34000015258789,48.959999084472656,49.25,1505700.0,-0.105196235814268,0.0217842161917118,-0.041706009811278,0.000406265650003,0.0202971685426989,-0.0202971685426989
TCEHY_2025-01-23,TCEHY,2025-01-23,48.79999923706055,49.27000045776367,48.70000076293945,49.2400016784668,3181000.0,-0.0905060540528657,0.0481056227810019,-0.0212002156359318,-0.0002030116047351,0.020209105777636,-0.020209105777636
TCEHY_2025-01-24,TCEHY,2025-01-24,49.959999084472656,50.95000076293945,49.95000076293945,50.34999847412109,3592800.0,-0.076824392575567,0.0879429516459904,0.0055592795352116,0.0225425824089624,0.0204034628726217,-0.0204034628726217
TCEHY_2025-01-27,TCEHY,2025-01-27,50.77999877929688,51.43000030517578,50.77000045776367,51.11000061035156,4918600.0,-0.0606506018436885,0.1340137775998469,0.0366815878780791,0.0150943825076996,0.0205037692251843,-0.0205037692251843
TCEHY_2025-01-28,TCEHY,2025-01-28,51.54999923706055,52.59999847412109,51.27999877929688,52.59999847412109,3467800.0,-0.0296993292297015,0.1545214418048104,0.0624110562875544,0.0291527655248695,0.0208434261416546,-0.0208434261416546
TCEHY_2025-01-29,TCEHY,2025-01-29,52.619998931884766,53.150001525878906,52.20000076293945,52.63999938964844,5553000.0,-0.0260869540668802,0.1541328367731125,0.0640229413531161,0.0007604737012878,0.020840948914439,-0.020840948914439
TCEHY_2025-01-30,TCEHY,2025-01-30,52.5,54.5,52.400001525878906,54.43000030517578,4768400.0,0.0064718650567816,0.2071412756926289,0.1068065703747053,0.0340045770570305,0.0212820035076132,-0.0212820035076132
TCEHY_2025-01-31,TCEHY,2025-01-31,54.43999862670898,54.43999862670898,52.88999938964844,53.02000045776367,4563100.0,-0.0110054121594985,0.1513572494284374,0.0701759186344694,-0.0259048289455554,0.021508948268641,-0.021508948268641
TCEHY_2025-02-03,TCEHY,2025-02-03,51.79999923706055,52.97999954223633,51.61000061035156,52.43000030517578,2966400.0,-0.0088847109101348,0.1350942165834701,0.0631047528366676,-0.0111278790549594,0.0214894922794103,-0.0214894922794103
TCEHY_2025-02-04,TCEHY,2025-02-04,53.79999923706055,54.79999923706055,53.79999923706055,54.45000076293945,4018400.0,0.0429036912037215,0.1886050890774671,0.1157543901405943,0.0385275690636275,0.0219583475927667,-0.0219583475927667
TCEHY_2025-02-05,TCEHY,2025-02-05,53.720001220703125,53.95000076293945,53.56999969482422,53.630001068115234,1788000.0,0.0005597499038854,0.1745510566652979,0.0875554032845916,-0.0150596819712505,0.0217983594552746,-0.0217983594552746
TCEHY_2025-02-06,TCEHY,2025-02-06,54.0099983215332,54.20000076293945,53.900001525878906,54.0,3392200.0,0.0061487207436805,0.188903614639972,0.0975261676918263,0.0068991035710559,0.0218141360704711,-0.0218141360704711
TCEHY_2025-02-07,TCEHY,2025-02-07,54.869998931884766,55.709999084472656,54.86000061035156,54.959999084472656,4292100.0,0.0007283488139291,0.1903833932018572,0.0955558710078932,0.0177777608235676,0.0217314624114897,-0.0217314624114897
TCEHY_2025-02-10,TCEHY,2025-02-10,56.0,56.5,55.93999862670898,56.5,4765000.0,0.052337519932309,0.1829983665331549,0.117667943232732,0.028020395581892,0.0218123654469992,-0.0218123654469992
TCEHY_2025-02-11,TCEHY,2025-02-11,55.20000076293945,55.7599983215332,54.84999847412109,55.33000183105469,4269900.0,-0.0131977504511711,0.163617302183475,0.0752097758661519,-0.0207079321937223,0.0212629638323816,-0.0212629638323816
TCEHY_2025-02-12,TCEHY,2025-02-12,56.400001525878906,57.7400016784668,56.369998931884766,57.470001220703125,3350100.0,0.0808727327410232,0.1837281590899286,0.1323004459154759,0.0386770164256047,0.0207596381877341,-0.0207596381877341
TCEHY_2025-02-13,TCEHY,2025-02-13,56.869998931884766,57.810001373291016,56.5099983215332,57.77999877929688,5410400.0,0.1005714053199406,0.1796651555595088,0.1401182804397247,0.0053940760746336,0.0206868785508096,-0.0206868785508096
TCEHY_2025-02-14,TCEHY,2025-02-14,61.09999847412109,61.75,60.400001525878906,61.52999877929688,9022200.0,0.2055250328292663,0.2997464846001543,0.2526357587147103,0.0649013513192329,0.0218179833367475,-0.0218179833367475
TCEHY_2025-02-18,TCEHY,2025-02-18,64.88999938964844,64.9000015258789,63.900001525878906,64.44999694824219,8847800.0,0.2856572027730331,0.3534228978129736,0.3195400502930033,0.047456496454991,0.0223467891533119,-0.0223467891533119
TCEHY_2025-02-19,TCEHY,2025-02-19,63.84999847412109,63.84999847412109,63.25,63.27000045776367,4947500.0,0.2247386884367783,0.314837943935206,0.2697883161859922,-0.0183087128991819,0.022267305603868,-0.022267305603868
TCEHY_2025-02-20,TCEHY,2025-02-20,64.5999984741211,66.2699966430664,64.54000091552734,65.19999694824219,7830100.0,0.2623425948123958,0.3583332697550456,0.3103379322837207,0.0305041327092592,0.022520342226314,-0.022520342226314
TCEHY_2025-02-21,TCEHY,2025-02-21,66.55999755859375,67.5999984741211,66.19999694824219,66.70999908447266,6712400.0,0.2777245787064633,0.4187579420462954,0.3482412603763793,0.0231595430507329,0.0226342833441264,-0.0226342833441264
TCEHY_2025-02-24,TCEHY,2025-02-24,63.75,63.75,61.34000015258789,61.63999938964844,9964600.0,0.1885846252254908,0.2844341994950674,0.2365094123602791,-0.0760005960786215,0.0247547158801406,-0.0247547158801406
TCEHY_2025-02-25,TCEHY,2025-02-25,62.25,62.66999816894531,61.95000076293945,62.369998931884766,3388900.0,0.1900400517739069,0.299916622070433,0.2449783369221699,0.0118429518083176,0.0247612979105846,-0.0247612979105846
TCEHY_2025-02-26,TCEHY,2025-02-26,64.30000305175781,64.38999938964844,63.709999084472656,63.93999862670898,4780900.0,0.2249041703482999,0.3218937365855658,0.2733989534669329,0.02517235404379,0.0248993123073217,-0.0248993123073217
TCEHY_2025-02-27,TCEHY,2025-02-27,63.470001220703125,64.0,63.02000045776367,63.27000045776367,2783200.0,0.2357421780267032,0.3037296939878544,0.2697359360072788,-0.0104785452507881,0.0247955473814696,-0.0247955473814696
TCEHY_2025-02-28,TCEHY,2025-02-28,61.31999969482422,61.93999862670898,61.08000183105469,61.61000061035156,3025700.0,0.2156669344782844,0.2637948843149038,0.2397309093965941,-0.026236760477349,0.0250219096762149,-0.0250219096762149
TCEHY_2025-03-03,TCEHY,2025-03-03,62.34000015258789,62.54999923706055,60.959999084472656,61.08000183105469,3124000.0,0.212145317937874,0.2783592170688942,0.2452522675033841,-0.0086024796956069,0.025041498180616,-0.025041498180616
TCEHY_2025-03-04,TCEHY,2025-03-04,62.560001373291016,64.06999969482422,62.290000915527344,63.400001525878906,4619800.0,0.2317855065520593,0.3139896689301327,0.272887587741096,0.0379829670149858,0.0253193183284036,-0.0253193183284036
TCEHY_2025-03-05,TCEHY,2025-03-05,65.3499984741211,67.69999694824219,64.98999786376953,67.55000305175781,7491600.0,0.3091086249864159,0.392496503587239,0.3508025642868274,0.0654574357413058,0.0264893384287352,-0.0264893384287352
TCEHY_2025-03-06,TCEHY,2025-03-06,69.3499984741211,69.98999786376953,68.73999786376953,68.94999694824219,5461900.0,0.3375363330494942,0.43228080229408,0.3849085676717871,0.02072529730919,0.0265562888790201,-0.0265562888790201
TCEHY_2025-03-07,TCEHY,2025-03-07,68.1500015258789,68.87000274658203,67.62000274658203,68.22000122070312,4737600.0,0.3195357875043949,0.4254074456895833,0.3724716165969891,-0.0105873206649601,0.0266275703612202,-0.0266275703612202
TCEHY_2025-03-10,TCEHY,2025-03-10,66.30000305175781,66.44999694824219,64.94000244140625,65.44999694824219,9445700.0,0.2758284195247957,0.368674139814479,0.3222512796696374,-0.0406039903678616,0.0271923733573278,-0.0271923733573278
TCEHY_2025-03-11,TCEHY,2025-03-11,66.5199966430664,67.7699966430664,66.08000183105469,67.0,6675400.0,0.2854950378560406,0.4194915024791086,0.3524932701675746,0.0236822478843437,0.0272632022716737,-0.0272632022716737
TCEHY_2025-03-12,TCEHY,2025-03-12,66.37999725341797,66.52999877929688,65.37000274658203,66.33000183105469,5461700.0,0.2588727189192121,0.3958333584194631,0.3273530386693376,-0.0099999726708255,0.0273093314671419,-0.0273093314671419
TCEHY_2025-03-13,TCEHY,2025-03-13,65.4000015258789,66.72000122070312,65.06999969482422,66.31999969482422,5112100.0,0.1992766837215138,0.4119650409034294,0.3056208623124716,-0.0001507935467263,0.0266842668810299,-0.0266842668810299
TCEHY_2025-03-14,TCEHY,2025-03-14,68.0999984741211,68.4800033569336,67.62999725341797,68.05000305175781,6490800.0,0.2827521966148929,0.4287214261120866,0.3557368113634898,0.0260856960930988,0.0262336151817295,-0.0262336151817295
TCEHY_2025-03-17,TCEHY,2025-03-17,68.43000030517578,70.0,68.06999969482422,69.79000091552734,7001200.0,0.3222812150367591,0.4677182341810197,0.3949997246088894,0.0255694017007774,0.0263407635610611,-0.0263407635610611
TCEHY_2025-03-18,TCEHY,2025-03-18,70.12000274658203,70.12999725341797,68.91999816894531,69.48999786376953,7386800.0,0.3113794237150917,0.4531576392145138,0.3822685314648028,-0.0042986537873946,0.0263654940029592,-0.0263654940029592
TCEHY_2025-03-19,TCEHY,2025-03-19,71.6500015258789,71.81999969482422,69.20999908447266,69.58999633789062,6520800.0,0.3219984260025537,0.4422797168474741,0.3821390714250139,0.0014390340652641,0.0263295327232391,-0.0263295327232391
TCEHY_2025-03-20,TCEHY,2025-03-20,66.29000091552734,66.62000274658203,65.66000366210938,66.13999938964844,4220300.0,0.2768339838570552,0.363430255166375,0.3201321195117151,-0.0495760472739631,0.0270864768195952,-0.0270864768195952
TCEHY_2025-03-21,TCEHY,2025-03-21,65.47000122070312,66.37999725341797,65.11000061035156,65.72000122070312,3549300.0,0.2573177854438246,0.3578512220823675,0.3075845037630961,-0.0063501386879517,0.0271118679701556,-0.0271118679701556
TCEHY_2025-03-24,TCEHY,2025-03-24,65.83999633789062,65.9800033569336,65.19999694824219,65.3499984741211,2027300.0,0.2684394001062813,0.3051727356186979,0.2868060678624896,-0.0056299869097609,0.027038824974487,-0.027038824974487
TCEHY_2025-03-25,TCEHY,2025-03-25,64.7699966430664,65.55000305175781,64.68000030517578,64.83000183105469,2700000.0,0.2213639712635731,0.3104912114682427,0.2659275913659079,-0.0079571026045597,0.0268713212651165,-0.0268713212651165
TCEHY_2025-03-26,TCEHY,2025-03-26,65.0,65.48999786376953,64.66999816894531,64.94999694824219,2640800.0,0.1878199814511392,0.2956312699852121,0.2417256257181756,0.0018509195403111,0.0266550363620253,-0.0266550363620253
TCEHY_2025-03-27,TCEHY,2025-03-27,65.44999694824219,66.81999969482422,65.0199966430664,66.48999786376953,5266700.0,0.2274321600750404,0.2395600041076979,0.2334960820913691,0.0237105617842376,0.0267317321137338,-0.0267317321137338
TCEHY_2025-03-28,TCEHY,2025-03-28,65.51000213623047,65.69999694824219,64.52999877929688,65.05000305175781,2945300.0,0.2052992696024684,0.241412235830402,0.2233557527164352,-0.0216573147582603,0.0269061589473907,-0.0269061589473907
TCEHY_2025-03-31,TCEHY,2025-03-31,63.5,64.05000305175781,63.119998931884766,63.84000015258789,4865500.0,0.1798188769632895,0.1147197423137713,0.1472693096385304,-0.0186011197909886,0.0270476079698643,-0.0270476079698643
TCEHY_2025-04-01,TCEHY,2025-04-01,64.76000213623047,64.88999938964844,64.0,64.58000183105469,2258000.0,0.2048508147296854,0.132187952217841,0.1685193834737632,0.0115915049608095,0.0270216018810424,-0.0270216018810424
TCEHY_2025-04-02,TCEHY,2025-04-02,64.16000366210938,64.93000030517578,63.900001525878906,64.0199966430664,1278900.0,0.2027051886834707,0.1555955754470666,0.1791503820652686,-0.0086714953872761,0.0270333137825676,-0.0270333137825676
TCEHY_2025-04-03,TCEHY,2025-04-03,63.0099983215332,64.58999633789062,63.0099983215332,64.26000213623047,4297900.0,0.2083490366203761,0.1228377188576756,0.1655933777390259,0.0037489144915483,0.027027919491081,-0.027027919491081
TCEHY_2025-04-04,TCEHY,2025-04-04,60.0099983215332,60.70000076293945,58.09999847412109,59.90999984741211,13776400.0,0.1259161976737299,-0.0123639960746224,0.0567761007995537,-0.0676937775320393,0.0284717737851135,-0.0284717737851135
TCEHY_2025-04-07,TCEHY,2025-04-07,55.77000045776367,58.58000183105469,53.93000030517578,55.27000045776367,13330500.0,0.0394960007737013,-0.0699983144211731,-0.0152511568237359,-0.0774494976041778,0.0301916129464921,-0.0301916129464921
TCEHY_2025-04-08,TCEHY,2025-04-08,57.09000015258789,57.34000015258789,53.380001068115234,53.9900016784668,10180900.0,0.1016119879103436,-0.1115681870696891,-0.0049780995796727,-0.0231590151745163,0.0286142345788222,-0.0286142345788222
TCEHY_2025-04-09,TCEHY,2025-04-09,54.619998931884766,56.29999923706055,52.29999923706055,56.25,15323900.0,0.169195578598621,-0.0978347814499618,0.0356803985743295,0.0418595712404761,0.028929094342767,-0.028929094342767
TCEHY_2025-04-10,TCEHY,2025-04-10,56.58000183105469,56.9900016784668,55.16999816894531,56.060001373291016,7521100.0,0.1760017521840682,-0.0223229643510753,0.0768393939164964,-0.0033777533637152,0.0288994700426241,-0.0288994700426241
TCEHY_2025-04-11,TCEHY,2025-04-11,55.34999847412109,57.68000030517578,55.060001373291016,57.400001525878906,8147900.0,0.2254483633409547,0.0148514874857226,0.1201499254133386,0.0239029632494143,0.0288977804361279,-0.0288977804361279
TCEHY_2025-04-14,TCEHY,2025-04-14,58.0,59.70000076293945,57.900001525878906,59.04999923706055,5242300.0,0.257720943077649,0.0516473309416574,0.1546841370096532,0.0287456039602671,0.0290695107783736,-0.0290695107783736
TCEHY_2025-04-15,TCEHY,2025-04-15,58.56999969482422,59.18999862670898,58.45000076293945,58.790000915527344,2092900.0,0.2327532524314597,0.0368606723891609,0.1348069624103103,-0.0044030198965696,0.0290496648086478,-0.0290496648086478
TCEHY_2025-04-16,TCEHY,2025-04-16,57.68000030517578,58.43000030517578,57.52999877929688,57.79999923706055,3216600.0,0.1832139415046418,0.0347296563822356,0.1089717989434387,-0.0168396268591538,0.0290422853678923,-0.0290422853678923
TCEHY_2025-04-17,TCEHY,2025-04-17,58.59999847412109,58.880001068115234,57.97999954223633,58.0,1344800.0,0.1892556788107844,0.0918674918343429,0.1405615853225637,0.0034602208577749,0.029035994728144,-0.029035994728144
TCEHY_2025-04-21,TCEHY,2025-04-21,58.34999847412109,58.68999862670898,57.310001373291016,58.02000045776367,1864800.0,0.175922178320474,0.079241113639026,0.12758164597975,0.0003448354786839,0.0290175105753661,-0.0290175105753661
TCEHY_2025-04-22,TCEHY,2025-04-22,59.0,60.34000015258789,58.90999984741211,60.09999847412109,3008500.0,0.2208003053617533,0.1395524566063732,0.1801763809840633,0.0358496725257968,0.0293021597546405,-0.0293021597546405
TCEHY_2025-04-23,TCEHY,2025-04-23,61.220001220703125,62.16999816894531,61.130001068115234,61.43000030517578,4387000.0,0.2473096508665133,0.1160973707005472,0.1817035107835303,0.0221298147224977,0.0293916777230404,-0.0293916777230404
TCEHY_2025-04-24,TCEHY,2025-04-24,60.95000076293945,61.63999938964844,60.95000076293945,61.25,1722700.0,0.243907349962283,0.1313262041098395,0.1876167770360612,-0.0029301693680866,0.0293998890989245,-0.0293998890989245
TCEHY_2025-04-25,TCEHY,2025-04-25,61.5,62.310001373291016,61.29999923706055,61.97999954223633,1832300.0,0.2309831463866445,0.1364136138947302,0.1836983801406874,0.0119183598732461,0.0293215924968992,-0.0293215924968992
TCEHY_2025-04-28,TCEHY,2025-04-28,62.16999816894531,62.220001220703125,61.5,61.77999877929688,814400.0,0.2087653696248297,0.1354530224692751,0.1721091960470524,-0.0032268597033976,0.0292979152693992,-0.0292979152693992
TCEHY_2025-04-29,TCEHY,2025-04-29,61.0,61.20000076293945,60.810001373291016,60.91999816894531,983600.0,0.1581749037296573,0.1237778859582123,0.1409763948439348,-0.0139203727313728,0.0291905822275822,-0.0291905822275822
TCEHY_2025-04-30,TCEHY,2025-04-30,61.25,61.25,60.540000915527344,61.060001373291016,2025900.0,0.1599544468326561,0.1296947684584593,0.1448246076455577,0.0022981485317423,0.0291895294272688,-0.0291895294272688
TCEHY_2025-05-01,TCEHY,2025-05-01,61.11000061035156,61.68999862670898,60.93999862670898,61.36000061035156,2441800.0,0.1273194978196024,0.1346153574853696,0.130967427652486,0.0049131875256027,0.0289164407461443,-0.0289164407461443
TCEHY_2025-05-02,TCEHY,2025-05-02,63.5,64.18000030517578,63.119998931884766,63.95000076293945,4218400.0,0.2061486271370884,0.1928744643698314,0.1995115457534599,0.0422099108022329,0.029116847335085,-0.029116847335085
TCEHY_2025-05-05,TCEHY,2025-05-05,63.16999816894531,63.880001068115234,63.02999877929688,63.63999938964844,805100.0,0.2138088693347961,0.2030245284305989,0.2084166988826975,-0.0048475585550058,0.0290770294896188,-0.0290770294896188
TCEHY_2025-05-06,TCEHY,2025-05-06,63.970001220703125,65.19000244140625,63.93999862670898,64.88999938964844,2598300.0,0.1917355092823949,0.2428653615691565,0.2173004354257757,0.0196417349463915,0.0288061706750876,-0.0288061706750876
TCEHY_2025-05-07,TCEHY,2025-05-07,63.4900016784668,63.59000015258789,62.290000915527344,62.4900016784668,2573800.0,0.1652060494852221,0.1658582734594282,0.1655321614723252,-0.0369856331292322,0.0291606106194633,-0.0291606106194633
TCEHY_2025-05-08,TCEHY,2025-05-08,63.9900016784668,64.66999816894531,63.61000061035156,64.38999938964844,2274600.0,0.1924073961046006,0.199739176195947,0.1960732861502738,0.0304048273347439,0.0293629039625358,-0.0293629039625358
TCEHY_2025-05-09,TCEHY,2025-05-09,64.04000091552734,64.1500015258789,63.25,63.27999877929688,1995800.0,0.1513828208409631,0.1522214291529011,0.1518021249969321,-0.0172387113041346,0.0294143611334873,-0.0294143611334873
TCEHY_2025-05-12,TCEHY,2025-05-12,66.16000366210938,66.51000213623047,65.87999725341797,66.22000122070312,3880800.0,0.1720354198354534,0.2333768469824637,0.2027061334089586,0.0464602164684002,0.0297604034781797,-0.0297604034781797
TCEHY_2025-05-13,TCEHY,2025-05-13,65.3499984741211,66.11000061035156,65.1500015258789,65.61000061035156,2367700.0,0.1857942967485515,0.1701444795336422,0.1779693881410968,-0.009211727561262,0.0296479609423973,-0.0296479609423973
TCEHY_2025-05-14,TCEHY,2025-05-14,67.44999694824219,68.52999877929688,66.6500015258789,67.87999725341797,5539100.0,0.181137912155894,0.2766597628559679,0.2288988375059309,0.0345983329057957,0.02957347802054,-0.02957347802054
TCEHY_2025-05-15,TCEHY,2025-05-15,66.72000122070312,66.72000122070312,65.80000305175781,66.16000366210938,3261600.0,0.1450329709216804,0.2601905459449405,0.2026117584333104,-0.0253387398483134,0.0297873845040007,-0.0297873845040007
TCEHY_2025-05-16,TCEHY,2025-05-16,65.5,65.75,65.02999877929688,65.47000122070312,1563600.0,0.0640338455968236,0.2827194366445613,0.1733766411206925,-0.0104292987184555,0.028739337532048,-0.028739337532048
TCEHY_2025-05-19,TCEHY,2025-05-19,65.30999755859375,66.0,65.12999725341797,65.98999786376953,1141600.0,0.0238945071908083,0.3163773480496077,0.170135927620208,0.0079425176931564,0.028142890615447,-0.028142890615447
TCEHY_2025-05-20,TCEHY,2025-05-20,66.16999816894531,66.48999786376953,65.7699966430664,66.4000015258789,1572300.0,0.0494705396786694,0.2853271723190915,0.1673988559988805,0.0062131182812854,0.0280441823148462,-0.0280441823148462
TCEHY_2025-05-21,TCEHY,2025-05-21,66.75,67.13999938964844,65.94999694824219,66.19000244140625,3232500.0,0.0151841340414473,0.2815101739782557,0.1483471540098515,-0.0031626367416695,0.0277956284551102,-0.0277956284551102
TCEHY_2025-05-22,TCEHY,2025-05-22,66.18000030517578,66.18000030517578,65.26000213623047,65.37000274658203,2720800.0,-0.0200868888664476,0.2520590670920579,0.1159860891128051,-0.012388573267543,0.0276913899250476,-0.0276913899250476
TCEHY_2025-05-23,TCEHY,2025-05-23,64.97000122070312,65.9000015258789,64.97000122070312,65.76000213623047,1432200.0,0.0668397596913981,0.2680293359484531,0.1674345478199256,0.0059660298801016,0.0259296567375067,-0.0259296567375067
TCEHY_2025-05-27,TCEHY,2025-05-27,65.3499984741211,65.5,65.06999969482422,65.27999877929688,1457600.0,0.0466570450095753,0.2455638040327195,0.1461104245211474,-0.0072993208841326,0.0259169939973932,-0.0259169939973932
TCEHY_2025-05-28,TCEHY,2025-05-28,64.52999877929688,64.55000305175781,63.7400016784668,63.84999847412109,1740200.0,-0.0014075720131513,0.2231800295193253,0.110886228753087,-0.0219056423394006,0.0258891368403649,-0.0258891368403649
TCEHY_2025-05-29,TCEHY,2025-05-29,64.87999725341797,64.87999725341797,64.0999984741211,64.25,1714800.0,0.0154891660367622,0.2548827938007891,0.1351859799187756,0.0062647068980123,0.025862531963281,-0.025862531963281
TCEHY_2025-05-30,TCEHY,2025-05-30,63.27999877929688,63.540000915527344,62.13999938964844,62.77999877929688,2661600.0,0.0189903937243061,0.2387529282016474,0.1288716609629767,-0.0228793964311769,0.0258097983220749,-0.0258097983220749
TCEHY_2025-06-02,TCEHY,2025-06-02,63.400001525878906,64.27999877929688,63.310001373291016,64.19999694824219,2481000.0,0.0510804686256773,0.2740622688205614,0.1625713687231194,0.0226186396393111,0.0259291581808432,-0.0259291581808432
TCEHY_2025-06-03,TCEHY,2025-06-03,64.5,64.63999938964844,64.05999755859375,64.26000213623047,1707400.0,0.0135646780702445,0.2484942804000309,0.1310294792351377,0.0009346602934678,0.0254962319371645,-0.0254962319371645
TCEHY_2025-06-04,TCEHY,2025-06-04,65.79000091552734,65.94000244140625,65.25,65.7300033569336,1641300.0,-0.0269429994463465,0.2738373120281994,0.1234471562909264,0.0228758352293039,0.024282968693811,-0.024282968693811
TCEHY_2025-06-05,TCEHY,2025-06-05,65.62999725341797,66.1500015258789,65.43000030517578,65.76000213623047,1275500.0,-0.0462653365221511,0.2756547644903553,0.114694713984102,0.0004563940022028,0.0241358910158154,-0.0241358910158154
TCEHY_2025-06-06,TCEHY,2025-06-06,65.73999786376953,66.08000183105469,65.05999755859375,66.0199966430664,1565700.0,-0.0322486739705462,0.2769825081006976,0.1223669170650756,0.0039536876275843,0.0241070081666194,-0.0241070081666194
TCEHY_2025-06-09,TCEHY,2025-06-09,65.72000122070312,66.2699966430664,65.61000061035156,66.12999725341797,1801300.0,0.0103896155367817,0.2890837862945583,0.14973670091567,0.0016661710988303,0.02354693731536,-0.02354693731536
TCEHY_2025-06-10,TCEHY,2025-06-10,65.4000015258789,65.83000183105469,65.02999877929688,65.7300033569336,2593900.0,-0.0189551737771105,0.2611282560238659,0.1210865411233776,-0.0060485999258634,0.0233708835630748,-0.0233708835630748
TCEHY_2025-06-11,TCEHY,2025-06-11,65.95999908447266,66.2300033569336,65.44000244140625,65.66999816894531,1219500.0,-0.0099503036919919,0.2463465530564024,0.1181981246822052,-0.0009129040761254,0.0233363863277758,-0.0233363863277758
TCEHY_2025-06-12,TCEHY,2025-06-12,65.05000305175781,65.72000122070312,65.0199966430664,65.6500015258789,2475600.0,-0.0101025056095951,0.1871609842967605,0.0885292393435827,-0.0003045019586411,0.0233364223277408,-0.0233364223277408
TCEHY_2025-06-13,TCEHY,2025-06-13,65.02999877929688,65.22000122070312,64.4000015258789,64.80999755859375,1802600.0,-0.0476121285505272,0.2216776341311934,0.0870327527903331,-0.0127951857998667,0.0231517800697879,-0.0231517800697879
TCEHY_2025-06-16,TCEHY,2025-06-16,65.1500015258789,65.4800033569336,64.80999755859375,64.87999725341797,3176800.0,-0.0703539704498981,0.2292534815076075,0.0794497555288546,0.0010800755664421,0.0229112305134833,-0.0229112305134833
TCEHY_2025-06-17,TCEHY,2025-06-17,65.19999694824219,65.45999908447266,65.11000061035156,65.12000274658203,1158100.0,-0.0628866779612596,0.2289111282108984,0.0830122251248193,0.0036992216911879,0.0229142295148632,-0.0229142295148632
TCEHY_2025-06-18,TCEHY,2025-06-18,64.69999694824219,64.91999816894531,64.36000061035156,64.62000274658203,1921100.0,-0.0714182188942366,0.2275836530364672,0.0780827170711153,-0.0076781323542902,0.0229288455182051,-0.0229288455182051
TCEHY_2025-06-20,TCEHY,2025-06-20,64.80000305175781,64.80000305175781,63.84000015258789,64.0,1635600.0,-0.0323556003839844,0.2355212537186854,0.1015828266673505,-0.0095945948658262,0.0220985101559844,-0.0220985101559844
TCEHY_2025-06-23,TCEHY,2025-06-23,64.13999938964844,64.51000213623047,63.61000061035156,64.48999786376953,2178600.0,-0.0187158145783192,0.2337860589054352,0.1075351221635579,0.0076562166213989,0.0221069004104802,-0.0221069004104802
TCEHY_2025-06-24,TCEHY,2025-06-24,64.63999938964844,65.94999694824219,64.58000183105469,65.76000213623047,3600400.0,0.0062739659018009,0.276397545651049,0.141335755776425,0.0196930425574479,0.0222337815666501,-0.0222337815666501
TCEHY_2025-06-25,TCEHY,2025-06-25,65.5999984741211,65.80000305175781,64.8499984741211,65.05999755859375,2252200.0,0.0035476742409852,0.2256969727632924,0.1146223235021388,-0.0106448381219114,0.022252539910638,-0.022252539910638
TCEHY_2025-06-26,TCEHY,2025-06-26,65.0,65.86000061035156,64.75,65.19999694824219,1456900.0,0.0038491148844737,0.1923920370218181,0.0981205759531459,0.0021518505210877,0.0222529099264129,-0.0222529099264129
TCEHY_2025-06-27,TCEHY,2025-06-27,65.37999725341797,65.45999908447266,64.93000030517578,65.01000213623047,1194100.0,-0.0222589227716837,0.2001108424164492,0.0889259598223827,-0.0029140309954698,0.0220532055857573,-0.0220532055857573
TCEHY_2025-06-30,TCEHY,2025-06-30,64.3499984741211,64.51000213623047,63.81999969482422,64.5,1617900.0,-0.0084550811061483,0.1951083665207982,0.0933266427073249,-0.0078449795334838,0.0219037410079397,-0.0219037410079397
TCEHY_2025-07-01,TCEHY,2025-07-01,64.20999908447266,64.68000030517578,64.20999908447266,64.5,646900.0,0.0103383434497901,0.1920162497218818,0.1011772965858359,0.0,0.0217725104154623,-0.0217725104154623
TCEHY_2025-07-02,TCEHY,2025-07-02,63.81999969482422,63.81999969482422,63.34999847412109,63.790000915527344,1412300.0,-0.0122329032692509,0.1901119912592188,0.0889395439949839,-0.011007737743762,0.0217713052895651,-0.0217713052895651
TCEHY_2025-07-03,TCEHY,2025-07-03,63.4900016784668,63.83000183105469,63.380001068115234,63.56999969482422,846900.0,-0.0070290061205575,0.1942513665509884,0.0936111802152154,-0.0034488355156861,0.0217475273762317,-0.0217475273762317
TCEHY_2025-07-07,TCEHY,2025-07-07,63.650001525878906,64.23999786376953,63.630001068115234,63.83000183105469,1296800.0,-0.0066915700417218,0.2002632844069838,0.096785857182631,0.0040900131741172,0.0217484869708935,-0.0217484869708935
TCEHY_2025-07-08,TCEHY,2025-07-08,64.22000122070312,64.4800033569336,63.900001525878906,63.97999954223633,706200.0,0.0679352312667387,0.2024055749496618,0.1351704031082002,0.0023499562412461,0.0199406147447823,-0.0199406147447823
TCEHY_2025-07-09,TCEHY,2025-07-09,63.34999847412109,63.68000030517578,63.150001525878906,63.470001220703125,1411200.0,0.1483625962551917,0.1937183262453763,0.171040461250284,-0.007971214835607,0.0172594238331725,-0.0172594238331725
TCEHY_2025-07-10,TCEHY,2025-07-10,63.45000076293945,63.45000076293945,62.709999084472656,63.18999862670898,1449400.0,0.1704018644606095,0.2893287245624245,0.229865294511517,-0.0044115737924834,0.0169718516176071,-0.0169718516176071
TCEHY_2025-07-11,TCEHY,2025-07-11,63.18999862670898,63.4900016784668,63.0099983215332,63.119998931884766,1114600.0,0.1221333143446181,0.3119933097299439,0.217063312037281,-0.0011077654113862,0.0162169617337977,-0.0162169617337977
TCEHY_2025-07-14,TCEHY,2025-07-14,63.27999877929688,63.720001220703125,63.27999877929688,63.65999984741211,1035900.0,0.1355690026390545,0.3354311368294431,0.2355000697342488,0.0085551477291703,0.0162233093081901,-0.0162233093081901
TCEHY_2025-07-15,TCEHY,2025-07-15,65.91999816894531,66.02999877929688,65.36000061035156,66.0,2796600.0,0.1498257534060127,0.4090520876386787,0.2794389205223457,0.0367577781683425,0.0165782898160441,-0.0165782898160441
TCEHY_2025-07-16,TCEHY,2025-07-16,66.0,66.3499984741211,65.41000366210938,66.26000213623047,2985700.0,0.12209996600042,0.4112886274654461,0.2666942967329331,0.0039394263065222,0.0162322936628797,-0.0162322936628797
TCEHY_2025-07-17,TCEHY,2025-07-17,65.80000305175781,66.5,65.68000030517578,66.2699966430664,1187300.0,0.127232447883216,0.3895994663743107,0.2584159571287634,0.0001508377077228,0.0162136359300967,-0.0162136359300967
TCEHY_2025-07-18,TCEHY,2025-07-18,66.26000213623047,66.73999786376953,65.80000305175781,66.02999877929688,3021000.0,0.1423875372122733,0.3516888606307145,0.2470381989214939,-0.0036215161600531,0.0160502032137119,-0.0160502032137119
TCEHY_2025-07-21,TCEHY,2025-07-21,66.05999755859375,67.0199966430664,66.05999755859375,66.63999938964844,2252000.0,0.1489655067180764,0.366413753622183,0.2576896301701297,0.0092382344635575,0.0160737744916069,-0.0160737744916069
TCEHY_2025-07-22,TCEHY,2025-07-22,67.02999877929688,67.80000305175781,66.8499984741211,67.69000244140625,2299800.0,0.1666666995406518,0.3719092466978011,0.2692879731192265,0.0157563484600049,0.0161600776893789,-0.0161600776893789
TCEHY_2025-07-23,TCEHY,2025-07-23,70.19999694824219,70.63999938964844,69.91999816894531,70.3499984741211,3042500.0,0.1705490891886401,0.4290066855224139,0.299777887355527,0.0392967341819405,0.0162799407008328,-0.0162799407008328
TCEHY_2025-07-24,TCEHY,2025-07-24,70.69999694824219,70.94000244140625,70.23999786376953,70.4000015258789,1418000.0,0.1460198791492983,0.4294416553477951,0.2877307672485467,0.0007107754490742,0.0160887163802641,-0.0160887163802641
TCEHY_2025-07-25,TCEHY,2025-07-25,70.30000305175781,70.44000244140625,69.61000061035156,70.18000030517578,1007100.0,0.1457959233498087,0.4252639706116476,0.2855299469807282,-0.0031250172718001,0.0160897551383725,-0.0160897551383725
TCEHY_2025-07-28,TCEHY,2025-07-28,70.31999969482422,70.5199966430664,69.95999908447266,70.0999984741211,1125800.0,0.1310099869612193,0.3922542323442397,0.2616321096527295,-0.0011399519906925,0.0160477592072843,-0.0160477592072843
TCEHY_2025-07-29,TCEHY,2025-07-29,70.27999877929688,70.70999908447266,70.11000061035156,70.12999725341797,1466000.0,0.135156986712652,0.3721384546259267,0.2536477206692894,0.0004279426526372,0.016034860627945,-0.016034860627945
TCEHY_2025-07-30,TCEHY,2025-07-30,69.52999877929688,69.87000274658203,69.16999816894531,69.44000244140625,1356900.0,0.1398556225959328,0.3201521759657533,0.230003899280843,-0.0098387970773532,0.0159770672044605,-0.0159770672044605
TCEHY_2025-07-31,TCEHY,2025-07-31,69.69999694824219,70.31999969482422,69.69999694824219,70.06999969482422,1470500.0,0.1475597464607063,0.3311170309132518,0.2393383886869791,0.0090725407728717,0.0160004882391394,-0.0160004882391394
TCEHY_2025-08-01,TCEHY,2025-08-01,67.9800033569336,68.05999755859375,67.36000061035156,67.91000366210938,1763700.0,0.1067471151663062,0.2476576020825738,0.17720235862444,-0.0308262600559764,0.0165315259750855,-0.0165315259750855
TCEHY_2025-08-04,TCEHY,2025-08-04,70.11000061035156,70.48999786376953,70.04000091552734,70.20999908447266,1803400.0,0.0978889483479259,0.3242172477988325,0.2110530980733792,0.0338682859421868,0.0162329061223346,-0.0162329061223346
TCEHY_2025-08-05,TCEHY,2025-08-05,70.9000015258789,71.6500015258789,70.8499984741211,71.51000213623047,1676600.0,0.1236644063805907,0.3639138226205798,0.2437891145005852,0.0185159246362291,0.0163494070030017,-0.0163494070030017
TCEHY_2025-08-06,TCEHY,2025-08-06,72.41000366210938,73.33000183105469,72.3499984741211,73.27999877929688,2997900.0,0.129295723047685,0.3458218136366633,0.2375587683421741,0.0247517352844497,0.0164507879733471,-0.0164507879733471
TCEHY_2025-08-07,TCEHY,2025-08-07,72.38999938964844,72.38999938964844,71.80000305175781,71.94999694824219,1333900.0,0.1513841417135883,0.3415997672060233,0.2464919544598058,-0.0181495886082143,0.0158912841426832,-0.0158912841426832
TCEHY_2025-08-08,TCEHY,2025-08-08,71.4000015258789,71.87999725341797,71.31999969482422,71.68000030517578,1413000.0,0.1132163532323204,0.3274074130588107,0.2203118831455656,-0.0037525594790591,0.0154969226267415,-0.0154969226267415
TCEHY_2025-08-11,TCEHY,2025-08-11,71.5,71.5999984741211,70.91999816894531,71.16000366210938,2576000.0,0.1245259961255018,0.2947599135279746,0.2096429548267382,-0.0072544174226079,0.0153492120150461,-0.0153492120150461
TCEHY_2025-08-12,TCEHY,2025-08-12,71.3499984741211,72.0199966430664,71.2300033569336,71.7699966430664,1845500.0,0.0838114666272178,0.2702654273109097,0.1770384469690638,0.0085721325121548,0.0142835528520212,-0.0142835528520212
TCEHY_2025-08-13,TCEHY,2025-08-13,75.30000305175781,77.19999694824219,74.0,77.08000183105469,4511200.0,0.1748209284255586,0.3930959566278655,0.2839584425267121,0.0739864210165219,0.0168958842137697,-0.0168958842137697
TCEHY_2025-08-14,TCEHY,2025-08-14,75.29000091552734,75.3499984741211,74.37999725341797,74.79000091552734,2245100.0,0.1017973474028306,0.3013746185302814,0.201585982966556,-0.02970940401048,0.0168801486282233,-0.0168801486282233
TCEHY_2025-08-15,TCEHY,2025-08-15,75.69000244140625,75.9800033569336,75.36000061035156,75.61000061035156,900200.0,0.1428354961481708,0.3085843234292926,0.2257099097887317,0.0109640284100327,0.0165595990381443,-0.0165595990381443
TCEHY_2025-08-18,TCEHY,2025-08-18,75.33999633789062,75.5199966430664,75.0199966430664,75.0199966430664,1376800.0,0.1458682640033821,0.2192426154948752,0.1825554397491287,-0.0078032530422222,0.0165304372600662,-0.0165304372600662
TCEHY_2025-08-19,TCEHY,2025-08-19,76.0,76.16999816894531,75.3499984741211,75.48999786376953,1122400.0,0.1439612109036874,0.1712956002836312,0.1576284055936593,0.0062650125531105,0.0165225440430133,-0.0165225440430133
TCEHY_2025-08-20,TCEHY,2025-08-20,75.5,75.87000274658203,75.06999969482422,75.72000122070312,1878700.0,0.1403614379615914,0.1967757337262947,0.168568585843943,0.0030468057152241,0.016515167747365,-0.016515167747365
TCEHY_2025-08-21,TCEHY,2025-08-21,75.73999786376953,76.4800033569336,75.73999786376953,76.45999908447266,1090600.0,0.1551593331962448,0.1726994273507254,0.1639293802734851,0.009772818962491,0.01652758787495,-0.01652758787495
TCEHY_2025-08-22,TCEHY,2025-08-22,76.83999633789062,78.19999694824219,76.77999877929688,77.87999725341797,1420600.0,0.1913720970049988,0.1674411380938727,0.1794066175494357,0.0185717785240424,0.0165403225995001,-0.0165403225995001
TCEHY_2025-08-25,TCEHY,2025-08-25,78.66000366210938,78.73999786376953,78.11000061035156,78.1500015258789,1794900.0,0.1884123933569972,0.2678455921432583,0.2281289927501277,0.0034669270927469,0.0165358851697034,-0.0165358851697034
TCEHY_2025-08-26,TCEHY,2025-08-26,78.69999694824219,78.9800033569336,78.19999694824219,78.30000305175781,1317700.0,0.1994485985895904,0.2554113258406569,0.2274299622151236,0.0019194052840707,0.0164851007135233,-0.0164851007135233
TCEHY_2025-08-27,TCEHY,2025-08-27,76.38999938964844,76.4000015258789,75.8499984741211,76.12999725341797,1674900.0,0.1923257489861032,0.1906474646312705,0.1914866068086869,-0.0277139937900823,0.0166422568044048,-0.0166422568044048
TCEHY_2025-08-28,TCEHY,2025-08-28,76.4800033569336,77.19000244140625,76.26000213623047,76.9000015258789,1663200.0,0.1968871832821619,0.2154259675912921,0.206156575436727,0.0101143346938235,0.0166617536950645,-0.0166617536950645
TCEHY_2025-08-29,TCEHY,2025-08-29,76.86000061035156,77.8499984741211,76.63999938964844,77.58999633789062,2052700.0,0.2359031195693122,0.2593734064150317,0.2476382629921719,0.0089726241654171,0.0163443062067351,-0.0163443062067351
TCEHY_2025-09-02,TCEHY,2025-09-02,76.38999938964844,77.31999969482422,75.94999694824219,77.27999877929688,3006000.0,0.2037383559628474,0.265225875288132,0.2344821156254897,-0.0039953289499301,0.0161852676910558,-0.0161852676910558
TCEHY_2025-09-03,TCEHY,2025-09-03,76.5999984741211,77.33000183105469,76.5999984741211,77.08000183105469,1441700.0,0.1995020116502013,0.2157728702828472,0.2076374409665242,-0.0025879522696856,0.0161988579138539,-0.0161988579138539
TCEHY_2025-09-04,TCEHY,2025-09-04,76.18000030517578,76.19999694824219,75.5999984741211,76.19999694824219,1713800.0,0.1592878907133685,0.1280531977157222,0.1436705442145454,-0.0114167729879055,0.0160966740007053,-0.0160966740007053
TCEHY_2025-09-05,TCEHY,2025-09-05,77.7300033569336,77.75,77.08000183105469,77.66999816894531,1456300.0,0.1811130724728646,0.1264684787041956,0.1537907755885301,0.0192913553750087,0.0162329299872135,-0.0162329299872135
TCEHY_2025-09-08,TCEHY,2025-09-08,79.0,79.47000122070312,78.83999633789062,79.4000015258789,1698100.0,0.2026659430952531,0.1638815612008948,0.1832737521480739,0.0222737659034129,0.0164174628944979,-0.0164174628944979
TCEHY_2025-09-09,TCEHY,2025-09-09,80.1500015258789,81.25,80.1500015258789,81.16000366210938,2352100.0,0.2272797071364549,0.2400306714496969,0.2336551892930759,0.0221662733300682,0.0165915483724515,-0.0165915483724515
TCEHY_2025-09-10,TCEHY,2025-09-10,81.87000274658203,81.87000274658203,80.51000213623047,80.61000061035156,1458300.0,0.2263805947584565,0.2031343374679337,0.2147574661131951,-0.0067767746049842,0.016598481422805,-0.016598481422805
TCEHY_2025-09-11,TCEHY,2025-09-11,80.80999755859375,82.19999694824219,80.80999755859375,82.06999969482422,2174100.0,0.2497335462639667,0.23729831794457,0.2435159321042683,0.0181118852923711,0.0166919598335961,-0.0166919598335961
TCEHY_2025-09-12,TCEHY,2025-09-12,82.41999816894531,82.81999969482422,82.26000213623047,82.30000305175781,961600.0,0.2536176868071444,0.2409530070938874,0.2472853469505159,0.0028025265966717,0.0166845865761441,-0.0166845865761441
TCEHY_2025-09-15,TCEHY,2025-09-15,82.87999725341797,83.16999816894531,82.69999694824219,82.88999938964844,1262200.0,0.278969333623394,0.2180748812987347,0.2485221074610644,0.0071688495262822,0.0165547636415642,-0.0165547636415642
TCEHY_2025-09-16,TCEHY,2025-09-16,82.91000366210938,83.93000030517578,82.73999786376953,83.83999633789062,1753700.0,0.2922318108371038,0.2013181722030519,0.2467749915200778,0.0114609356404558,0.0165764153320283,-0.0165764153320283
TCEHY_2025-09-17,TCEHY,2025-09-17,84.81999969482422,85.2699966430664,84.58000183105469,85.04000091552734,1727000.0,0.3058967648767621,0.2237732555733063,0.2648350102250342,0.0143130323241007,0.0166249981822582,-0.0166249981822582
TCEHY_2025-09-18,TCEHY,2025-09-18,82.43000030517578,82.93000030517578,82.1500015258789,82.6500015258789,1869000.0,0.2790157538371591,0.1876707267604398,0.2333432402987995,-0.0281044139689331,0.0170574916850015,-0.0170574916850015
TCEHY_2025-09-19,TCEHY,2025-09-19,82.66000366210938,82.83000183105469,82.25,82.36000061035156,1229700.0,0.2868750095367431,0.2452373959840361,0.2660562027603896,-0.0035087829422064,0.0169960666399568,-0.0169960666399568
TCEHY_2025-09-22,TCEHY,2025-09-22,82.5999984741211,83.05999755859375,82.4000015258789,82.75,1552900.0,0.2831447160969582,0.2591296175133375,0.2711371668051479,0.004735300956268,0.0169903350685192,-0.0169903350685192
TCEHY_2025-09-23,TCEHY,2025-09-23,81.9800033569336,82.18000030517578,81.51000213623047,81.52999877929688,1176400.0,0.23981137668452,0.2475899109865034,0.2437006438355117,-0.0147432171686178,0.0170346375655719,-0.0170346375655719
TCEHY_2025-09-24,TCEHY,2025-09-24,83.36000061035156,83.37000274658203,82.69999694824219,82.70999908447266,1941000.0,0.2712880754411821,0.2757981913992966,0.2735431334202394,0.014473204008871,0.0169907316206604,-0.0169907316206604
TCEHY_2025-09-25,TCEHY,2025-09-25,83.48999786376953,83.51000213623047,82.83000183105469,83.30999755859375,1307200.0,0.2777607585584376,0.2826790065130011,0.2802198825357194,0.0072542435106099,0.0169941473335809,-0.0169941473335809
TCEHY_2025-09-26,TCEHY,2025-09-26,83.0,83.48999786376953,82.5999984741211,83.38999938964844,969700.0,0.2827256829634017,0.2541735910490641,0.2684496370062329,0.0009602908822368,0.0169755829799957,-0.0169755829799957
TCEHY_2025-09-29,TCEHY,2025-09-29,84.5999984741211,85.3499984741211,84.5999984741211,84.9800033569336,1215200.0,0.3175194318904433,0.306379698234883,0.3119495650626631,0.0190670821312242,0.0170087326187789,-0.0170087326187789
TCEHY_2025-09-30,TCEHY,2025-09-30,85.61000061035156,85.75,85.0,85.1500015258789,1784700.0,0.3201550624167273,0.3338032788589704,0.3269791706378488,0.0020004490730753,0.0170020110362732,-0.0170020110362732
TCEHY_2025-10-01,TCEHY,2025-10-01,85.41000366210938,85.94999694824219,85.23999786376953,85.7699966430664,2481200.0,0.3445680422021884,0.3281200714030028,0.3363440568025956,0.0072812108758337,0.0168876879842778,-0.0168876879842778
TCEHY_2025-10-02,TCEHY,2025-10-02,86.66999816894531,87.12000274658203,86.36000061035156,86.56999969482422,1877600.0,0.3618058850151706,0.3522337431143876,0.3570198140647791,0.0093273065532115,0.0168631295409031,-0.0168631295409031
TCEHY_2025-10-03,TCEHY,2025-10-03,86.62000274658203,86.80000305175781,86.30000305175781,86.51000213623047,1250000.0,0.3553188101921918,0.3462495994449277,0.3507842048185597,-0.0006930525448221,0.0168782899624675,-0.0168782899624675
TCEHY_2025-10-06,TCEHY,2025-10-06,86.81999969482422,87.68000030517578,86.81999969482422,87.33000183105469,1175200.0,0.3649578376974491,0.457686564070773,0.4113222008841111,0.0094786692240851,0.0168842963616796,-0.0168842963616796
TCEHY_2025-10-07,TCEHY,2025-10-07,87.33000183105469,87.5,86.0,86.12999725341797,1031600.0,0.3570189947518614,0.558349855980858,0.4576844253663596,-0.0137410346098263,0.0169717030319956,-0.0169717030319956
TCEHY_2025-10-08,TCEHY,2025-10-08,86.62000274658203,86.94000244140625,86.1500015258789,86.83000183105469,1210000.0,0.3741098863444763,0.6082607729513314,0.4911853296479038,0.0081273029137236,0.0169330610165896,-0.0169330610165896
TCEHY_2025-10-09,TCEHY,2025-10-09,86.93000030517578,86.93000030517578,85.01000213623047,85.36000061035156,2044700.0,0.3523447727314894,0.5175111219618056,0.4349279473466475,-0.0169296463169874,0.0171440851559236,-0.0171440851559236
TCEHY_2025-10-10,TCEHY,2025-10-10,83.79000091552734,84.22000122070312,79.41000366210938,79.95999908447266,5225200.0,0.2560477423206146,0.4263288820140567,0.3411883121673357,-0.0632614982107211,0.0191683090706771,-0.0191683090706771
TCEHY_2025-10-13,TCEHY,2025-10-13,81.80000305175781,82.30000305175781,81.51000213623047,81.62999725341797,2237600.0,0.2368181402033025,0.422125349885486,0.3294717450443942,0.0208854200608614,0.0188295242573243,-0.0188295242573243
TCEHY_2025-10-14,TCEHY,2025-10-14,79.44999694824219,80.98999786376953,79.41000366210938,80.25,1853200.0,0.2111379023955677,0.3590177990998864,0.285077850747727,-0.0169055163524483,0.019004958623614,-0.019004958623614
TCEHY_2025-10-15,TCEHY,2025-10-15,80.5199966430664,80.95999908447266,80.0,80.26000213623047,1698000.0,0.2111061747673679,0.3651981780294984,0.2881521763984331,0.0001246372115946,0.0190050272123247,-0.0190050272123247
TCEHY_2025-10-16,TCEHY,2025-10-16,79.98999786376953,80.19000244140625,79.41999816894531,79.68000030517578,1596000.0,0.2067242431959388,0.3785467362789527,0.2926354897374458,-0.007226536451746,0.0190313742291511,-0.0190313742291511
TCEHY_2025-10-17,TCEHY,2025-10-17,78.9000015258789,80.44000244140625,78.87999725341797,80.20999908447266,2522800.0,0.2036314498666116,0.3829310186978043,0.293281234282208,0.0066515910801576,0.0190208477751436,-0.0190208477751436
TCEHY_2025-10-20,TCEHY,2025-10-20,80.75,82.0199966430664,80.54000091552734,81.7300033569336,2720500.0,0.2074161679589337,0.4086522356446704,0.3080342018018021,0.0189503090613447,0.0190592789215319,-0.0190592789215319
TCEHY_2025-10-21,TCEHY,2025-10-21,81.05000305175781,81.05000305175781,80.51000213623047,80.80000305175781,1622500.0,0.1485430675806034,0.3444260416504019,0.2464845546155026,-0.0113789338918078,0.0185733553373362,-0.0185733553373362
TCEHY_2025-10-22,TCEHY,2025-10-22,80.26000213623047,80.55999755859375,79.1500015258789,79.94999694824219,1694700.0,0.1356533411274532,0.3014813047543807,0.2185673229409169,-0.0105198771214295,0.0186433024727645,-0.0186433024727645
TCEHY_2025-10-23,TCEHY,2025-10-23,81.37999725341797,82.5,81.19000244140625,81.81999969482422,1888800.0,0.1658592097325766,0.3358367297114157,0.2508479697219962,0.0233896537581186,0.0188197833940813,-0.0188197833940813
TCEHY_2025-10-24,TCEHY,2025-10-24,82.30000305175781,82.52999877929688,82.04000091552734,82.16000366210938,1360800.0,0.1720400206918761,0.3255889685207462,0.2488144946063112,0.0041555117153913,0.0188145769703345,-0.0188145769703345
TCEHY_2025-10-27,TCEHY,2025-10-27,84.69999694824219,84.8499984741211,84.41000366210938,84.68000030517578,1905400.0,0.2074718896563008,0.3706701518024782,0.2890710207293895,0.0306718175601612,0.0191387997263874,-0.0191387997263874
TCEHY_2025-10-28,TCEHY,2025-10-28,83.1500015258789,83.8499984741211,83.0,83.83999633789062,1539000.0,0.2073731767022206,0.376231104035539,0.2918021403688798,-0.0099197444999751,0.0191396903240688,-0.0191396903240688
TCEHY_2025-10-29,TCEHY,2025-10-29,83.87999725341797,84.7699966430664,83.87999725341797,84.30000305175781,1610700.0,0.2030826804468319,0.3806092557448333,0.2918459680958326,0.0054867215405554,0.019127198900061,-0.019127198900061
TCEHY_2025-10-30,TCEHY,2025-10-30,83.41000366210938,83.8499984741211,83.2699966430664,83.47000122070312,2714200.0,0.2291267371448473,0.3603324705088344,0.2947296038268409,-0.0098458102136139,0.0187046287037921,-0.0187046287037921
TCEHY_2025-10-31,TCEHY,2025-10-31,81.19999694824219,81.43000030517578,80.56999969482422,81.37000274658203,1886300.0,0.1589517705118084,0.2724003405131761,0.2156760555124922,-0.0251587210184469,0.018634689182107,-0.018634689182107
TCEHY_2025-11-03,TCEHY,2025-11-03,80.5999984741211,80.80999755859375,80.12000274658203,80.62999725341797,965800.0,0.1275345384525847,0.2669704278239369,0.1972524831382608,-0.0090943279855689,0.0185768835031,-0.0185768835031
TCEHY_2025-11-04,TCEHY,2025-11-04,80.4000015258789,81.08000183105469,80.20999908447266,80.25,1895100.0,0.0951146470634534,0.2367082871756332,0.1659114671195433,-0.0047128521190896,0.0183665142523492,-0.0183665142523492
TCEHY_2025-11-05,TCEHY,2025-11-05,80.66000366210938,81.68000030517578,80.66000366210938,81.30999755859375,1598800.0,0.1300903545150218,0.3011681128920831,0.2156292337035524,0.0132086923189251,0.0182469353194399,-0.0182469353194399
TCEHY_2025-11-06,TCEHY,2025-11-06,82.69999694824219,82.91999816894531,82.08000183105469,82.38999938964844,1828400.0,0.1494140490914495,0.279546516083579,0.2144802825875142,0.0132825219958518,0.0182848894877436,-0.0182848894877436
TCEHY_2025-11-07,TCEHY,2025-11-07,80.97000122070312,81.56999969482422,80.4800033569336,81.4800033569336,1967600.0,0.1450252833575853,0.2876106973565737,0.2163179903570795,-0.0110449816659323,0.018323289737164,-0.018323289737164
TCEHY_2025-11-10,TCEHY,2025-11-10,83.44999694824219,83.83000183105469,83.06999969482422,83.56999969482422,1628400.0,0.1644141508107175,0.2620054085516501,0.2132097796811838,0.025650420370445,0.0185423493525755,-0.0185423493525755
TCEHY_2025-11-11,TCEHY,2025-11-11,83.45999908447266,84.31999969482422,83.30999755859375,83.7699966430664,1537100.0,0.0867928730291802,0.2767870120984219,0.1817899425638011,0.0023931667939753,0.0161333622420013,-0.0161333622420013
TCEHY_2025-11-12,TCEHY,2025-11-12,84.5,84.62999725341797,83.37999725341797,84.0,1724500.0,0.1231447917065147,0.2374779522515424,0.1803113719790285,0.0027456531711897,0.0156327023654497,-0.0156327023654497
TCEHY_2025-11-13,TCEHY,2025-11-13,85.94000244140625,86.0,81.52999877929688,83.33999633789062,4079900.0,0.1022350967483098,0.2596733936642816,0.1809542452062957,-0.007857186453683,0.0156378257359731,-0.0156378257359731
TCEHY_2025-11-14,TCEHY,2025-11-14,81.6500015258789,83.0,79.70999908447266,81.87000274658203,2915200.0,0.0913090697151974,0.2504964292056992,0.1709027494604483,-0.0176385127898098,0.0157823291917921,-0.0157823291917921
TCEHY_2025-11-17,TCEHY,2025-11-17,81.18000030517578,81.8499984741211,80.58000183105469,80.93000030517578,1955000.0,0.072062559217757,0.2263979834072513,0.1492302713125042,-0.0114816466333329,0.0158543352108027,-0.0158543352108027
TCEHY_2025-11-18,TCEHY,2025-11-18,79.97000122070312,80.48999786376953,79.44000244140625,80.16000366210938,2466300.0,0.0586371152909104,0.2072289430726535,0.1329330291817819,-0.0095143536409595,0.0159100066887129,-0.0159100066887129
TCEHY_2025-11-19,TCEHY,2025-11-19,79.66000366210938,79.9000015258789,79.04000091552734,79.55000305175781,2061700.0,0.0404133403646962,0.20184318050416,0.1211282604344281,-0.0076097877056348,0.0159066803973265,-0.0159066803973265
TCEHY_2025-11-20,TCEHY,2025-11-20,79.87000274658203,79.97000122070312,77.72000122070312,77.83000183105469,2766100.0,-0.0006419545984394,0.190607290208874,0.0949826678052173,-0.0216216361372612,0.0159863916585697,-0.0159863916585697
TCEHY_2025-11-21,TCEHY,2025-11-21,78.08999633789062,79.33999633789062,77.70999908447266,79.04000091552734,2827200.0,0.0113883476938092,0.2019464468961789,0.106667397294994,0.0155466922267224,0.0160992655928075,-0.0160992655928075
TCEHY_2025-11-24,TCEHY,2025-11-24,80.0,80.97000122070312,80.0,80.83000183105469,3078800.0,0.032311605117365,0.238204708065794,0.1352581565915795,0.0226467724543726,0.0163426687229764,-0.0163426687229764
TCEHY_2025-11-25,TCEHY,2025-11-25,80.79000091552734,80.83999633789062,79.87000274658203,79.98999786376953,2471900.0,0.050702755150543,0.2527799494966334,0.1517413523235882,-0.0103922299672944,0.0160001095723955,-0.0160001095723955
TCEHY_2025-11-26,TCEHY,2025-11-26,79.55000305175781,79.87999725341797,78.2699966430664,78.94999694824219,3181500.0,0.0266579373431274,0.2287937268208901,0.1277258320820088,-0.0130016369958974,0.0160506588614104,-0.0160506588614104
TCEHY_2025-11-28,TCEHY,2025-11-28,78.8499984741211,79.27999877929688,78.45999908447266,79.04000091552734,1125700.0,0.0186880351343516,0.2589997204904783,0.138843877812415,0.0011400122959366,0.0160146259544153,-0.0160146259544153
TCEHY_2025-12-01,TCEHY,2025-12-01,79.5,80.36000061035156,79.41999816894531,79.80999755859375,1661700.0,0.032738079959373,0.2431464385105235,0.1379422592349483,0.0097418602498413,0.0160470088618021,-0.0160470088618021
TCEHY_2025-12-02,TCEHY,2025-12-02,79.0,79.23999786376953,78.55000305175781,79.16000366210938,2041000.0,0.0269849738147862,0.2318705420253655,0.1294277579200758,-0.0081442665877439,0.0160802667848991,-0.0160802667848991
TCEHY_2025-12-03,TCEHY,2025-12-03,78.33999633789062,78.80000305175781,78.0,78.51000213623047,1637900.0,0.0303150299278531,0.1944317378153421,0.1123733838715976,-0.0082112366827749,0.0160468236217463,-0.0160468236217463
TCEHY_2025-12-04,TCEHY,2025-12-04,78.58999633789062,78.62000274658203,77.8499984741211,78.12000274658203,1725500.0,0.0057938018314083,0.1879562075552583,0.0968750046933333,-0.0049675121517855,0.0158813245040472,-0.0158813245040472
TCEHY_2025-12-05,TCEHY,2025-12-05,78.23999786376953,78.61000061035156,77.95999908447266,78.19000244140625,1132100.0,-0.0152392828868936,0.1843381765699918,0.084549446841549,0.0008960534096662,0.0156288221834427,-0.0156288221834427
TCEHY_2025-12-08,TCEHY,2025-12-08,77.76000213623047,78.04000091552734,74.58000183105469,77.7699966430664,1960900.0,-0.0417694291039767,0.1760169344184694,0.0671237526572463,-0.0053716048756308,0.0153784823585994,-0.0153784823585994
TCEHY_2025-12-09,TCEHY,2025-12-09,77.23999786376953,77.38999938964844,76.91000366210938,77.30999755859375,1359900.0,-0.0409378864504565,0.1761751652251912,0.0676186393873673,-0.0059148656850773,0.0153732445829218,-0.0153732445829218
TCEHY_2025-12-10,TCEHY,2025-12-10,77.5,77.93000030517578,77.27999877929688,77.33000183105469,2056400.0,-0.057755548694957,0.1775544995769966,0.0598994754410198,0.0002587540174965,0.0151871926742377,-0.0151871926742377
TCEHY_2025-12-11,TCEHY,2025-12-11,77.61000061035156,77.98999786376953,77.30999755859375,77.66000366210938,2050700.0,-0.0563790913437801,0.1829398607324659,0.0632803846943428,0.0042674488974623,0.0151939627289877,-0.0151939627289877
TCEHY_2025-12-12,TCEHY,2025-12-12,78.91999816894531,79.04000091552734,77.55000305175781,77.80999755859375,1919400.0,-0.0612860642835171,0.2005863368263036,0.0696501362713932,0.0019314175819122,0.0151639235103074,-0.0151639235103074
TCEHY_2025-12-15,TCEHY,2025-12-15,77.52999877929688,77.80000305175781,76.83999633789062,77.1500015258789,1756900.0,-0.0797947889340287,0.1891184462375195,0.0546618286517454,-0.008482149510644,0.0151100174590669,-0.0151100174590669
TCEHY_2025-12-16,TCEHY,2025-12-16,76.58000183105469,77.05000305175781,76.22000122070312,76.9800033569336,1671500.0,-0.0947788978342083,0.1821253088164842,0.0436732054911379,-0.0022034758986788,0.0149791359332081,-0.0149791359332081
TCEHY_2025-12-17,TCEHY,2025-12-17,77.93000030517578,77.93000030517578,76.37999725341797,76.5199966430664,2190400.0,-0.0741682367772625,0.1841534105647155,0.0549925868937264,-0.0059756650273743,0.0145990821446485,-0.0145990821446485
TCEHY_2025-12-18,TCEHY,2025-12-18,77.8499984741211,78.4000015258789,77.58000183105469,77.5999984741211,2013900.0,-0.0577950716483142,0.2124999761581421,0.0773524522549139,0.0141139816836695,0.0147208294547959,-0.0147208294547959
TCEHY_2025-12-19,TCEHY,2025-12-19,78.83999633789062,79.36000061035156,78.7300033569336,78.80999755859375,2689100.0,-0.0476133225547582,0.222049932845,0.0872183051451209,0.0155927720137285,0.014850103995812,-0.014850103995812
TCEHY_2025-12-22,TCEHY,2025-12-22,78.76000213623047,79.12000274658203,78.69000244140625,78.93000030517578,1275600.0,-0.0318900835649382,0.2002736882772895,0.0841918023561756,0.0015226843078228,0.0147423897714643,-0.0147423897714643
TCEHY_2025-12-23,TCEHY,2025-12-23,77.16999816894531,77.58999633789062,76.61000061035156,77.58999633789062,2155400.0,-0.061903068592141,0.1925914425067756,0.0653441869573173,-0.0169771184860528,0.0147628852579265,-0.0147628852579265
TCEHY_2025-12-24,TCEHY,2025-12-24,77.25,77.87999725341797,77.25,77.41999816894531,584300.0,-0.070699790688457,0.187423340378432,0.0583617748449875,-0.0021909804996639,0.0147265984234433,-0.0147265984234433
TCEHY_2025-12-26,TCEHY,2025-12-26,77.80000305175781,78.38999938964844,77.75,78.08000183105469,1255000.0,-0.0636766710332042,0.2010459816234988,0.0686846552951472,0.0085249764624009,0.0147740618749289,-0.0147740618749289
TCEHY_2025-12-29,TCEHY,2025-12-29,76.6500015258789,76.97000122070312,76.5,76.94999694824219,2282100.0,-0.0944928935218291,0.1930232084998788,0.0492651574890248,-0.0144723982622021,0.014645388558802,-0.014645388558802
TCEHY_2025-12-30,TCEHY,2025-12-30,77.47000122070312,77.47000122070312,76.95999908447266,77.05000305175781,1031200.0,-0.0951262281734585,0.1945736907249273,0.0497237312757344,0.0012996245286778,0.0146429777171018,-0.0146429777171018
TCEHY_2025-12-31,TCEHY,2025-12-31,77.0,77.27999877929688,76.51000213623047,76.55000305175781,1014800.0,-0.1074967232385211,0.2000313834942195,0.0462673301278492,-0.0064892924100746,0.0146128519854512,-0.0146128519854512
TCEHY_2026-01-02,TCEHY,2026-01-02,79.86000061035156,80.55999755859375,79.54000091552734,80.55000305175781,2526600.0,-0.0695390627733399,0.2671071800919968,0.0987840586593284,0.0522534270481409,0.016063934050922,-0.016063934050922
TCEHY_2026-01-05,TCEHY,2026-01-05,79.9000015258789,81.18000030517578,79.5999984741211,81.06999969482422,2218500.0,-0.0628829303788442,0.2700923918097382,0.1036047307154469,0.0064555757090696,0.0160914765943376,-0.0160914765943376
TCEHY_2026-01-06,TCEHY,2026-01-06,81.0,81.44999694824219,80.8499984741211,81.0,2184900.0,-0.0724837020306088,0.2660206405054433,0.0967684692374172,-0.0008634475772507,0.0160365216687889,-0.0160365216687889
TCEHY_2026-01-07,TCEHY,2026-01-07,79.98999786376953,79.98999786376953,79.30999755859375,79.58999633789062,1703900.0,-0.0759317441551156,0.2539781756287309,0.0890232157368076,-0.0174074526186343,0.0160898231775927,-0.0160898231775927
TCEHY_2026-01-08,TCEHY,2026-01-08,79.12000274658203,79.38999938964844,78.68000030517578,78.94999694824219,2669200.0,-0.0907520985447477,0.2494065305276303,0.0793272159914412,-0.0080412039087348,0.0160687988988149,-0.0160687988988149
TCEHY_2026-01-09,TCEHY,2026-01-09,78.58999633789062,79.02999877929688,78.30000305175781,78.94000244140625,1149700.0,-0.0752108496138735,0.2506337734034733,0.0877114618947998,-0.0001265928717196,0.0159455432587621,-0.0159455432587621
TCEHY_2026-01-12,TCEHY,2026-01-12,79.75,82.47000122070312,79.69999694824219,82.4000015258789,5202800.0,0.0305152885110533,0.2943764015611856,0.1624458450361194,0.0438307445840384,0.0148866703658547,-0.0148866703658547
TCEHY_2026-01-13,TCEHY,2026-01-13,80.73999786376953,81.0199966430664,79.97000122070312,80.0999984741211,4916500.0,-0.0187430948275918,0.2136363405169863,0.0974466228446972,-0.0279126578782339,0.0150816142786122,-0.0150816142786122
TCEHY_2026-01-14,TCEHY,2026-01-14,80.58999633789062,81.25,80.1500015258789,81.12999725341797,3944900.0,0.0109656978619061,0.2244188747023401,0.1176922862821231,0.012858911347291,0.0150155796054018,-0.0150155796054018
TCEHY_2026-01-15,TCEHY,2026-01-15,79.88999938964844,80.51000213623047,79.22000122070312,80.18000030517578,2217200.0,-0.0009967833157903,0.2098989643387092,0.1044510905114594,-0.0117095646543012,0.015091422427373,-0.015091422427373
TCEHY_2026-01-16,TCEHY,2026-01-16,79.01000213623047,79.05000305175781,77.98999786376953,78.5999984741211,2087600.0,-0.0135542397956609,0.1903680134364236,0.0884068868203813,-0.0197056850217135,0.0152699130952231,-0.0152699130952231
TCEHY_2026-01-20,TCEHY,2026-01-20,76.9000015258789,77.29000091552734,76.0199966430664,76.05999755859375,4054800.0,-0.0517392042544266,0.1413565164349113,0.0448086560902423,-0.0323155339037778,0.0157728189272726,-0.0157728189272726
TCEHY_2026-01-21,TCEHY,2026-01-21,77.12999725341797,77.44000244140625,76.52999877929688,76.94000244140625,3118500.0,-0.0586076192192029,0.1366523809480873,0.0390223808644421,0.0115698778735113,0.0156512933259117,-0.0156512933259117
TCEHY_2026-01-22,TCEHY,2026-01-22,76.9000015258789,77.25,76.2699966430664,76.30999755859375,3922800.0,-0.0555693728165815,0.0847192496623165,0.0145749384228675,-0.0081882617990853,0.0156217708806825,-0.0156217708806825
TCEHY_2026-01-23,TCEHY,2026-01-23,76.13999938964844,76.83999633789062,75.72000122070312,76.72000122070312,2355400.0,-0.0404001982592956,0.0897727209920726,0.0246862613663885,0.0053728695482471,0.0155903728283643,-0.0155903728283643
TCEHY_2026-01-26,TCEHY,2026-01-26,77.06999969482422,77.27999877929688,76.61000061035156,77.04000091552734,1835500.0,-0.0584209092779945,0.0977486546098751,0.0196638726659402,0.0041710074261294,0.0152999929441296,-0.0152999929441296
TCEHY_2026-01-27,TCEHY,2026-01-27,78.0199966430664,78.33000183105469,77.73999786376953,78.08000183105469,2049400.0,-0.0496592216309297,0.1138374255440188,0.0320891019565445,0.0134994925125673,0.0153942085850365,-0.0153942085850365
TCEHY_2026-01-28,TCEHY,2026-01-28,79.43000030517578,79.44999694824219,78.13999938964844,78.63999938964844,2904900.0,-0.0713273605781762,0.121346106794774,0.0250093731082989,0.0071720997113375,0.0148987044506752,-0.0148987044506752
TCEHY_2026-01-29,TCEHY,2026-01-29,79.41000366210938,79.88999938964844,78.27999877929688,79.33999633789062,2875600.0,-0.0536736664665892,0.1425690315151995,0.0444476825243051,0.0089012837445969,0.014906993948388,-0.014906993948388
TCEHY_2026-01-30,TCEHY,2026-01-30,77.8499984741211,78.0199966430664,74.9800033569336,76.38999938964844,5555700.0,-0.0938315940184825,0.090195514804477,-0.0018180396070027,-0.03718171268472,0.0155727144826557,-0.0155727144826557
TCEHY_2026-02-02,TCEHY,2026-02-02,76.61000061035156,77.12999725341797,76.01000213623047,76.2699966430664,3603500.0,-0.0862585895811739,0.1231039983822224,0.0184227044005242,-0.0015709222089389,0.0155355603146718,-0.0155355603146718
TCEHY_2026-02-03,TCEHY,2026-02-03,74.12000274658203,74.44999694824219,72.76000213623047,73.7300033569336,5524000.0,-0.0938920871545547,0.0501353698669881,-0.0218783586437832,-0.0333026537029973,0.0157693027247401,-0.0157693027247401
TCEHY_2026-02-04,TCEHY,2026-02-04,71.26000213623047,71.27999877929688,69.95999908447266,70.68000030517578,5428100.0,-0.1234031661562583,-0.0116067935429996,-0.067504979849629,-0.0413671899212112,0.0165278484529943,-0.0165278484529943
TCEHY_2026-02-05,TCEHY,2026-02-05,71.08999633789062,71.45999908447266,69.81999969482422,69.86000061035156,4091000.0,-0.1294703973787967,-0.0466702814671925,-0.0880703394229946,-0.0116015802388751,0.0165691286437321,-0.0165691286437321
TCEHY_2026-02-06,TCEHY,2026-02-06,70.80000305175781,71.52999877929688,70.66000366210938,71.48999786376953,3552800.0,-0.1207723525972032,-0.0063933162471647,-0.0635828344221839,0.0233323395244351,0.0167675367869552,-0.0167675367869552
TCEHY_2026-02-09,TCEHY,2026-02-09,71.75,72.08999633789062,71.54000091552734,71.80000305175781,3127000.0,-0.1285349728892116,0.0016741454530011,-0.0634304137181052,0.0043363435061087,0.0166744822343424,-0.0166744822343424
TCEHY_2026-02-10,TCEHY,2026-02-10,70.5,70.9800033569336,70.2699966430664,70.68000030517578,3351100.0,-0.1325478964997953,-0.0067454093905447,-0.06964665294517,-0.0155989233840933,0.0167239247147921,-0.0167239247147921
TCEHY_2026-02-11,TCEHY,2026-02-11,69.69999694824219,69.95999908447266,68.91000366210938,69.5,3711900.0,-0.1683618493024312,-0.0316287689736949,-0.0999953091380631,-0.0166949674601143,0.0164384313149502,-0.0164384313149502
TCEHY_2026-02-12,TCEHY,2026-02-12,68.6500015258789,68.6500015258789,66.80000305175781,67.37000274658203,4952100.0,-0.1957740784730208,-0.1259730001791541,-0.1608735393260875,-0.0306474424952225,0.0167936484654452,-0.0167936484654452
TCEHY_2026-02-13,TCEHY,2026-02-13,67.5,68.4000015258789,67.36000061035156,68.27999877929688,2618400.0,-0.1871428716750371,-0.0870437499203039,-0.1370933107976705,0.0135074364793759,0.0169106046582956,-0.0169106046582956
TCEHY_2026-02-17,TCEHY,2026-02-17,67.83999633789062,68.27999877929688,67.63999938964844,67.87999725341797,1479500.0,-0.1855051567532136,-0.102235197652879,-0.1438701772030463,-0.0058582532664044,0.0169034906250994,-0.0169034906250994
TCEHY_2026-02-18,TCEHY,2026-02-18,68.5,68.83999633789062,68.0199966430664,68.33000183105469,2584200.0,-0.1653841512310517,-0.0891761545103991,-0.1272801528707254,0.0066294136099727,0.01684350533935,-0.01684350533935
TCEHY_2026-02-19,TCEHY,2026-02-19,68.26000213623047,68.41999816894531,67.7300033569336,68.12999725341797,1373000.0,-0.1581614111391421,-0.0974963679775635,-0.1278288895583528,-0.002927038962054,0.0168062230343816,-0.0168062230343816
TCEHY_2026-02-20,TCEHY,2026-02-20,66.66999816894531,68.06999969482422,66.4800033569336,68.05000305175781,1998000.0,-0.1510728550038204,-0.1012942161290959,-0.1261835355664581,-0.0011741406852345,0.0167836348430884,-0.0167836348430884
TCEHY_2026-02-23,TCEHY,2026-02-23,68.51000213623047,69.01000213623047,67.88999938964844,67.9800033569336,1581000.0,-0.1454431081202649,-0.1109076095877322,-0.1281753588539986,-0.0010286508697284,0.0167715282603139,-0.0167715282603139
TCEHY_2026-02-24,TCEHY,2026-02-24,66.6500015258789,67.20999908447266,66.52999877929688,66.97000122070312,2649600.0,-0.1395348882802974,-0.1400872678155625,-0.13981107804793,-0.014857341664539,0.0166675150954559,-0.0166675150954559
TCEHY_2026-02-25,TCEHY,2026-02-25,66.87000274658203,67.18000030517578,66.52999877929688,66.87000274658203,2935400.0,-0.1539726471151207,-0.1443377934619946,-0.1491552202885576,-0.0014931831013641,0.0165116535740062,-0.0165116535740062
TCEHY_2026-02-26,TCEHY,2026-02-26,65.80999755859375,65.81999969482422,65.05000305175781,65.5999984741211,3020000.0,-0.1884201782992198,-0.1621967315792027,-0.1753084549392113,-0.0189921372857405,0.0163204228446205,-0.0163204228446205
TCEHY_2026-02-27,TCEHY,2026-02-27,66.0999984741211,66.19000244140625,65.69999694824219,65.69999694824219,2185900.0,-0.1786473471328822,-0.1370025046823118,-0.157824925907597,0.0015243670190105,0.0163045041042996,-0.0163045041042996
TCEHY_2026-03-02,TCEHY,2026-03-02,65.0199966430664,65.94000244140625,65.0199966430664,65.55000305175781,2590900.0,-0.1697276049962244,-0.1475942555124855,-0.1586609302543549,-0.0022830122290955,0.0162541767315299,-0.0162541767315299
TCEHY_2026-03-03,TCEHY,2026-03-03,64.05999755859375,64.77999877929688,63.290000915527344,64.41999816894531,3908600.0,-0.1849696682342768,-0.1697383527586766,-0.1773540104964767,-0.0172388227338488,0.0163466570682811,-0.0163466570682811
TCEHY_2026-03-04,TCEHY,2026-03-04,65.30999755859375,65.38999938964844,64.75,65.12999725341797,3705700.0,-0.1839368594692442,-0.1572205191226512,-0.1705786892959477,0.0110214080200785,0.0163636686424677,-0.0163636686424677
TCEHY_2026-03-05,TCEHY,2026-03-05,64.02999877929688,64.43000030517578,63.56999969482422,64.11000061035156,3406100.0,-0.1901213031267408,-0.1682667476984627,-0.1791940254126017,-0.0156609348392514,0.0164283932054233,-0.0164283932054233
TCEHY_2026-03-06,TCEHY,2026-03-06,65.0,65.97000122070312,64.9000015258789,65.44000244140625,3031000.0,-0.1664755997859377,-0.1412072826478525,-0.1538414412168951,0.0207456218747865,0.016689187721412,-0.016689187721412
TCEHY_2026-03-09,TCEHY,2026-03-09,65.88999938964844,67.22000122070312,65.3499984741211,67.0,3547700.0,-0.142345140240904,-0.1373760579437155,-0.1398605990923098,0.0238385926099335,0.0170187847434311,-0.0170187847434311
TCEHY_2026-03-10,TCEHY,2026-03-10,70.4800033569336,74.47000122070312,70.4800033569336,73.95999908447266,10685600.0,-0.0540990308844594,-0.068513883335798,-0.0613064571101287,0.1038805833503382,0.0216466250339422,-0.0216466250339422
TCEHY_2026-03-11,TCEHY,2026-03-11,70.88999938964844,71.16999816894531,70.0999984741211,71.16000366210938,4953800.0,-0.0849941271219837,-0.1232134000588843,-0.104103763590434,-0.037858240359972,0.0221420139439264,-0.0221420139439264
TCEHY_2026-03-12,TCEHY,2026-03-12,70.0,70.0,69.11000061035156,69.16999816894531,3491500.0,-0.1052903847717635,-0.1419179054061088,-0.1236041450889361,-0.027965224715463,0.0223910565775557,-0.0223910565775557
TCEHY_2026-03-13,TCEHY,2026-03-13,70.58000183105469,70.91999816894531,69.7699966430664,69.94000244140625,2645000.0,-0.0955644538298809,-0.1478006250581593,-0.1216825394440201,0.0111320557010892,0.0224468488596454,-0.0224468488596454
TCEHY_2026-03-16,TCEHY,2026-03-16,71.38999938964844,72.19000244140625,71.1500015258789,71.87000274658203,3285600.0,-0.0745557641320625,-0.1267314692396358,-0.1006436166858492,0.0275950848985555,0.0227316137279612,-0.0227316137279612
TCEHY_2026-03-17,TCEHY,2026-03-17,70.48999786376953,71.44999694824219,69.12999725341797,69.19999694824219,3448000.0,-0.1106541688793644,-0.1651586746557015,-0.1379064217675329,-0.0371504897217611,0.0231797324060723,-0.0231797324060723
TCEHY_2026-03-18,TCEHY,2026-03-18,67.04000091552734,68.48999786376953,65.55000305175781,66.0,8406900.0,-0.1445236721367891,-0.212786225156692,-0.1786549486467405,-0.0462427325052573,0.0238393610651588,-0.0238393610651588
TCEHY_2026-03-19,TCEHY,2026-03-19,64.11000061035156,65.93000030517578,63.560001373291016,64.83000183105469,5459400.0,-0.1578332163684499,-0.2376528559136285,-0.1977430361410392,-0.0177272449840198,0.0239194927693133,-0.0239194927693133
TCEHY_2026-03-20,TCEHY,2026-03-20,64.52999877929688,64.52999877929688,63.38999938964844,63.5,3688200.0,-0.1701515579489531,-0.2316999536882376,-0.2009257558185953,-0.0205152212477278,0.0240240090433653,-0.0240240090433653
TCEHY_2026-03-23,TCEHY,2026-03-23,65.08999633789062,65.41999816894531,64.08000183105469,64.55999755859375,4494000.0,-0.1680412522156952,-0.2161243676523307,-0.192082809934013,0.0166928749384842,0.0240552577773374,-0.0240552577773374
TCEHY_2026-03-24,TCEHY,2026-03-24,64.86000061035156,65.29000091552734,64.5999984741211,65.08999633789062,4315900.0,-0.1740896034224917,-0.2134139415360649,-0.1937517724792783,0.008209398998441,0.023982891632162,-0.023982891632162
TCEHY_2026-03-25,TCEHY,2026-03-25,65.0,65.08999633789062,64.18000030517578,64.36000061035156,3605000.0,-0.1845939394208871,-0.2105973068321122,-0.1975956231264996,-0.0112151754280267,0.023999948447751,-0.023999948447751
TCEHY_2026-03-26,TCEHY,2026-03-26,63.27000045776367,63.45000076293945,62.58000183105469,62.7400016784668,4749700.0,-0.1913905833266797,-0.2414459875112593,-0.2164182854189695,-0.0251708967762844,0.0240991562470495,-0.0240991562470495
TCEHY_2026-03-27,TCEHY,2026-03-27,62.66999816894531,62.68000030517578,61.63999938964844,62.18000030517578,3383900.0,-0.1968483366599018,-0.2536309911491328,-0.2252396639045173,-0.0089257468649895,0.0241100587379951,-0.0241100587379951
TCEHY_2026-03-30,TCEHY,2026-03-30,61.68000030517578,61.709999084472656,60.91999816894531,61.02999877929688,2986500.0,-0.2183658126526391,-0.268137675668663,-0.243251744160651,-0.0184947172762103,0.0241385640109405,-0.0241385640109405
TCEHY_2026-03-31,TCEHY,2026-03-31,61.93999862670898,63.27999877929688,61.709999084472656,63.220001220703125,4471900.0,-0.1784275019110667,-0.2560602644934474,-0.217243883202257,0.0358840322007207,0.024602726860361,-0.024602726860361
TCEHY_2026-04-01,TCEHY,2026-04-01,63.5099983215332,64.77999877929688,63.47999954223633,63.5,4704600.0,-0.1758598639205204,-0.2542572065521221,-0.2150585352363213,0.0044289587771342,0.0246143388678658,-0.0246143388678658
TCEHY_2026-04-02,TCEHY,2026-04-02,62.209999084472656,62.790000915527344,61.75,62.27000045776367,3181200.0,-0.1865447684481344,-0.2739885403411923,-0.2302666543946633,-0.0193700715312807,0.0246990616801707,-0.0246990616801707
TCEHY_2026-04-06,TCEHY,2026-04-06,62.290000915527344,62.880001068115234,62.15999984741211,62.400001525878906,3117300.0,-0.2253258949502029,-0.2791960061701417,-0.2522609505601723,0.0020876998098533,0.0236772746443978,-0.0236772746443978
TCEHY_2026-04-07,TCEHY,2026-04-07,62.470001220703125,62.650001525878906,61.65999984741211,62.5,2417200.0,-0.2290613021429404,-0.2775401866066428,-0.2533007443747916,0.0016025396101893,0.0236513398437038,-0.0236513398437038
TCEHY_2026-04-08,TCEHY,2026-04-08,65.31999969482422,65.4000015258789,64.44000244140625,64.76000213623047,3404300.0,-0.2004938007872782,-0.2584449699026376,-0.2294693853449579,0.0361600341796874,0.0241807914029587,-0.0241807914029587
TCEHY_2026-04-09,TCEHY,2026-04-09,64.73999786376953,65.01000213623047,64.30999755859375,64.87000274658203,3165000.0,-0.1849477857596132,-0.2468361219643747,-0.215891953861994,0.0016985887387737,0.0241202630516208,-0.0241202630516208
TCEHY_2026-04-10,TCEHY,2026-04-10,64.55999755859375,64.73999786376953,63.93000030517578,63.97999954223633,2253200.0,-0.1896136540172364,-0.2631579155471821,-0.2263857847822092,-0.0137197960022068,0.0241501523441311,-0.0241501523441311
TCEHY_2026-04-13,TCEHY,2026-04-13,62.54999923706055,64.66999816894531,62.40999984741211,63.61000061035156,4370400.0,-0.1941981423478354,-0.2548031846822923,-0.2245006635150638,-0.0057830405522355,0.0241496256210145,-0.0241496256210145
TCEHY_2026-04-14,TCEHY,2026-04-14,63.31999969482422,64.19999694824219,63.220001220703125,63.72999954223633,3944400.0,-0.2265776897804909,-0.2029764848432572,-0.2147770873118741,0.0018864790242627,0.0234003843734297,-0.0234003843734297
TCEHY_2026-04-15,TCEHY,2026-04-15,64.01000213623047,64.37999725341797,63.63999938964844,64.25,3448800.0,-0.197877637653663,-0.2129118931544523,-0.2053947654040577,0.0081594298054097,0.0232417671457327,-0.0232417671457327
TCEHY_2026-04-16,TCEHY,2026-04-16,66.1500015258789,66.30000305175781,65.5,65.9000015258789,4968700.0,-0.187723360571141,-0.1788161803628797,-0.1832697704670103,0.025680957601228,0.0234402413890248,-0.0234402413890248
TCEHY_2026-04-17,TCEHY,2026-04-17,65.94999694824219,67.87000274658203,65.69999694824219,66.69999694824219,4270100.0,-0.1681217673438126,-0.1689509696868935,-0.168536368515353,0.0121395357183584,0.0234903138138151,-0.0234903138138151
TCEHY_2026-04-20,TCEHY,2026-04-20,66.80999755859375,67.38999938964844,66.5,66.80999755859375,2613600.0,-0.1500000145599135,-0.1615211181888767,-0.1557605663743951,0.0016491846384478,0.0233941126894252,-0.0233941126894252
TCEHY_2026-04-21,TCEHY,2026-04-21,66.2300033569336,66.29000091552734,65.02999877929688,65.0999984741211,3709500.0,-0.14409675829965,-0.1883805109440103,-0.1662386346218302,-0.0255949580446093,0.0232700822894444,-0.0232700822894444
TCEHY_2026-04-22,TCEHY,2026-04-22,65.0199966430664,65.25,64.12999725341797,64.44999694824219,4953300.0,-0.1623343527013251,-0.211427941991213,-0.1868811473462691,-0.0099846626899277,0.0232226998555271,-0.0232226998555271
TCEHY_2026-04-23,TCEHY,2026-04-23,63.18000030517578,63.2400016784668,61.619998931884766,62.209999084472656,9784500.0,-0.184772623839944,-0.2300742978360658,-0.2074234608380049,-0.0347555930152859,0.0235654866228073,-0.0235654866228073
TCEHY_2026-04-24,TCEHY,2026-04-24,62.59000015258789,62.95000076293945,62.27999877929688,62.58000183105469,5001400.0,-0.1843065584549641,-0.2172607352121907,-0.2007836468335774,0.0059476410870802,0.0235688790645598,-0.0235688790645598
TCEHY_2026-04-27,TCEHY,2026-04-27,61.04999923706055,61.31999969482422,60.77000045776367,61.02999877929688,3781600.0,-0.2078141477929767,-0.2540943655960741,-0.2309542566945254,-0.0247683446213744,0.0237092622811903,-0.0237092622811903
TCEHY_2026-04-28,TCEHY,2026-04-28,60.45000076293945,60.709999084472656,60.29999923706055,60.540000915527344,2980500.0,-0.2246413999000596,-0.26314510446587,-0.2438932521829648,-0.0080288034338902,0.0236164502707864,-0.0236164502707864
TCEHY_2026-04-29,TCEHY,2026-04-29,60.95000076293945,60.95000076293945,60.16999816894531,60.27000045776367,4055500.0,-0.2335961225134858,-0.2882616882314788,-0.2609289053724823,-0.0044598687426583,0.0235750341713605,-0.0235750341713605
TCEHY_2026-04-30,TCEHY,2026-04-30,60.060001373291016,61.04999923706055,59.900001525878906,61.02000045776367,3006800.0,-0.2309049247003534,-0.2721850772530829,-0.2515450009767181,0.0124440018965255,0.0236103695511091,-0.0236103695511091
