asset_id,ticker,date,Open,High,Low,Close,Volume,return_3m,return_6m,momentum_score,returns,volatility,low_vol_score
TSLA_2010-06-29,TSLA,2010-06-29,1.2666670083999634,1.6666669845581057,1.1693329811096191,1.5926669836044312,281494500.0,,,,,,
TSLA_2010-06-30,TSLA,2010-06-30,1.7193330526351929,2.0280001163482666,1.553333044052124,1.5886670351028442,257806500.0,,,,-0.0025114782580187,,
TSLA_2010-07-01,TSLA,2010-07-01,1.6666669845581057,1.7280000448226929,1.3513330221176147,1.4639999866485596,123282000.0,,,,-0.0784727357587641,,
TSLA_2010-07-02,TSLA,2010-07-02,1.5333329439163208,1.5399999618530271,1.24733304977417,1.2799999713897705,77097000.0,,,,-0.1256830716781688,,
TSLA_2010-07-06,TSLA,2010-07-06,1.3333330154418943,1.3333330154418943,1.0553330183029177,1.0740000009536743,103003500.0,,,,-0.1609374805004331,,
TSLA_2010-07-07,TSLA,2010-07-07,1.0933330059051514,1.108667016029358,0.9986670017242432,1.053333044052124,103825500.0,,,,-0.0192429766137791,,
TSLA_2010-07-08,TSLA,2010-07-08,1.0759999752044678,1.1679999828338623,1.037999987602234,1.1640000343322754,115671000.0,,,,0.1050636272212828,,
TSLA_2010-07-09,TSLA,2010-07-09,1.1720000505447388,1.1933330297470093,1.1033329963684082,1.159999966621399,60759000.0,,,,-0.0034364841863351,,
TSLA_2010-07-12,TSLA,2010-07-12,1.196666955947876,1.2046669721603394,1.1333329677581787,1.136667013168335,33037500.0,,,,-0.0201146156245359,,
TSLA_2010-07-13,TSLA,2010-07-13,1.1593329906463623,1.2426669597625732,1.126667022705078,1.2093329429626465,40201500.0,,,,0.0639289510054164,,
TSLA_2010-07-14,TSLA,2010-07-14,1.1959999799728394,1.3433330059051514,1.184000015258789,1.3226670026779177,62928000.0,,,,0.093716176653241,,
TSLA_2010-07-15,TSLA,2010-07-15,1.329332947731018,1.4333330392837524,1.2666670083999634,1.3259999752044678,56097000.0,,,,0.0025198878627819,,
TSLA_2010-07-16,TSLA,2010-07-16,1.3799999952316284,1.4199999570846558,1.3366669416427612,1.3760000467300415,39319500.0,,,,0.0377074452945322,,
TSLA_2010-07-19,TSLA,2010-07-19,1.4246670007705688,1.4833329916000366,1.3946670293807983,1.4606670141220093,37297500.0,,,,0.0615312242126533,,
TSLA_2010-07-20,TSLA,2010-07-20,1.4566669464111328,1.4566669464111328,1.3366669416427612,1.3533329963684082,27379500.0,,,,-0.073482879202361,,
TSLA_2010-07-21,TSLA,2010-07-21,1.3773330450057983,1.3933329582214355,1.2999999523162842,1.3480000495910645,18787500.0,,,,-0.0039406020481688,,
TSLA_2010-07-22,TSLA,2010-07-22,1.3666670322418213,1.4166669845581057,1.3580000400543213,1.399999976158142,14367000.0,,,,0.038575611761181,,
TSLA_2010-07-23,TSLA,2010-07-23,1.4126670360565186,1.4373329877853394,1.4040000438690186,1.4193329811096191,9804000.0,,,,0.0138092894862258,,
TSLA_2010-07-26,TSLA,2010-07-26,1.4333330392837524,1.4333330392837524,1.3533329963684082,1.3966670036315918,13833000.0,,,,-0.0159694573293909,,
TSLA_2010-07-27,TSLA,2010-07-27,1.3940000534057615,1.4119999408721924,1.3506669998168943,1.3700000047683716,9295500.0,,,,-0.0190933120019883,,
TSLA_2010-07-28,TSLA,2010-07-28,1.3700000047683716,1.3933329582214355,1.3673330545425415,1.3813329935073853,7008000.0,,,,0.0082722545252325,,
TSLA_2010-07-29,TSLA,2010-07-29,1.3846670389175415,1.3919999599456787,1.3333330154418943,1.3566670417785645,9240000.0,,,,-0.0178566296792713,,
TSLA_2010-07-30,TSLA,2010-07-30,1.3466670513153076,1.3626669645309448,1.303333044052124,1.329332947731018,6403500.0,,,,-0.0201479752996077,,
TSLA_2010-08-02,TSLA,2010-08-02,1.3666670322418213,1.3980000019073486,1.3553329706192017,1.3946670293807983,10771500.0,,,,0.0491480195095563,,
TSLA_2010-08-03,TSLA,2010-08-03,1.399999976158142,1.463333010673523,1.3880000114440918,1.463333010673523,18457500.0,,,,0.0492346774148741,,
TSLA_2010-08-04,TSLA,2010-08-04,1.463333010673523,1.4786670207977295,1.3899999856948853,1.4173330068588257,13695000.0,,,,-0.0314350892648318,,
TSLA_2010-08-05,TSLA,2010-08-05,1.4359999895095823,1.4366669654846191,1.3366669416427612,1.363332986831665,11943000.0,,,,-0.0380997406860922,,
TSLA_2010-08-06,TSLA,2010-08-06,1.340000033378601,1.343999981880188,1.301332950592041,1.305999994277954,11128500.0,,,,-0.0420535504586818,,
TSLA_2010-08-09,TSLA,2010-08-09,1.3266669511795044,1.3320000171661377,1.296666979789734,1.3066669702529907,12190500.0,,,,0.0005107013613774,,
TSLA_2010-08-10,TSLA,2010-08-10,1.309999942779541,1.309999942779541,1.254667043685913,1.2686669826507568,19219500.0,,,,-0.0290816164082547,,
TSLA_2010-08-11,TSLA,2010-08-11,1.246000051498413,1.2586669921875,1.190000057220459,1.1933330297470093,11964000.0,,,,-0.0593804000056378,,
TSLA_2010-08-12,TSLA,2010-08-12,1.1866669654846191,1.1933330297470093,1.1593329906463623,1.1733330488204956,10365000.0,,,,-0.0167597648166611,,
TSLA_2010-08-13,TSLA,2010-08-13,1.212000012397766,1.2300000190734863,1.1773329973220823,1.2213330268859863,9510000.0,,,,0.0409090821346447,,
TSLA_2010-08-16,TSLA,2010-08-16,1.2300000190734863,1.2533329725265503,1.21733295917511,1.2519999742507937,7287000.0,,,,0.0251094064351951,,
TSLA_2010-08-17,TSLA,2010-08-17,1.2640000581741333,1.2933330535888672,1.2519999742507937,1.2766669988632202,6718500.0,,,,0.0197020967410062,,
TSLA_2010-08-18,TSLA,2010-08-18,1.305999994277954,1.305999994277954,1.2400000095367432,1.2513329982757568,9019500.0,,,,-0.0198438595264243,,
TSLA_2010-08-19,TSLA,2010-08-19,1.2359999418258667,1.2833329439163208,1.222000002861023,1.25266695022583,8686500.0,,,,0.0010660247527327,,
TSLA_2010-08-20,TSLA,2010-08-20,1.2433329820632937,1.27400004863739,1.2339999675750732,1.273332953453064,4440000.0,,,,0.016497603950921,,
TSLA_2010-08-23,TSLA,2010-08-23,1.2726670503616333,1.359333038330078,1.2666670083999634,1.3420000076293943,16321500.0,,,,0.0539270219859753,,
TSLA_2010-08-24,TSLA,2010-08-24,1.2833329439163208,1.3140000104904177,1.2633329629898071,1.2799999713897705,10096500.0,,,,-0.0461997286789477,,
TSLA_2010-08-25,TSLA,2010-08-25,1.2773330211639404,1.3320000171661377,1.237333059310913,1.3266669511795044,7549500.0,,,,0.0364585787756424,,
TSLA_2010-08-26,TSLA,2010-08-26,1.3259999752044678,1.3513330221176147,1.3066669702529907,1.3166669607162476,6507000.0,,,,-0.0075376796372036,,
TSLA_2010-08-27,TSLA,2010-08-27,1.3166669607162476,1.324666976928711,1.2999999523162842,1.3133330345153809,5694000.0,,,,-0.0025320952832696,,
TSLA_2010-08-30,TSLA,2010-08-30,1.3133330345153809,1.3459999561309814,1.307332992553711,1.324666976928711,10992000.0,,,,0.0086299073543918,,
TSLA_2010-08-31,TSLA,2010-08-31,1.3106670379638672,1.3193329572677612,1.2886669635772705,1.2986669540405271,3016500.0,,,,-0.0196275919465176,,
TSLA_2010-09-01,TSLA,2010-09-01,1.3079999685287476,1.3793330192565918,1.3066669702529907,1.363332986831665,7423500.0,,,,0.0497941620751518,,
TSLA_2010-09-02,TSLA,2010-09-02,1.3580000400543213,1.4160000085830688,1.3539999723434448,1.4040000438690186,7306500.0,,,,0.0298291447725198,,
TSLA_2010-09-03,TSLA,2010-09-03,1.391332983970642,1.4199999570846558,1.3773330450057983,1.4033329486846924,6519000.0,,,,-0.0004751390053292,,
TSLA_2010-09-07,TSLA,2010-09-07,1.3739999532699585,1.399999976158142,1.3666670322418213,1.369333028793335,3651000.0,,,,-0.0242279780598215,,
TSLA_2010-09-08,TSLA,2010-09-08,1.3773330450057983,1.3966670036315918,1.373332977294922,1.3933329582214355,4326000.0,,,,0.0175267293809815,,
TSLA_2010-09-09,TSLA,2010-09-09,1.399999976158142,1.4033329486846924,1.3793330192565918,1.380666971206665,5643000.0,,,,-0.0090904237497823,,
TSLA_2010-09-10,TSLA,2010-09-10,1.3833329677581787,1.3953330516815186,1.3173329830169678,1.3446669578552246,5799000.0,,,,-0.0260743641314005,,
TSLA_2010-09-13,TSLA,2010-09-13,1.3926670551300049,1.3933329582214355,1.3666670322418213,1.3813329935073853,5412000.0,,,,0.0272677449519871,,
TSLA_2010-09-14,TSLA,2010-09-14,1.369333028793335,1.440000057220459,1.3686670064926147,1.4079999923706057,9820500.0,,,,0.0193052645441482,,
TSLA_2010-09-15,TSLA,2010-09-15,1.3986669778823853,1.4666670560836792,1.3860000371932983,1.4653329849243164,10269000.0,,,,0.0407194551593574,,
TSLA_2010-09-16,TSLA,2010-09-16,1.476667046546936,1.5440000295639038,1.3893330097198486,1.3960000276565552,40267500.0,,,,-0.0473154961917016,,
TSLA_2010-09-17,TSLA,2010-09-17,1.401332974433899,1.4213329553604126,1.3200000524520874,1.348667025566101,17977500.0,,,,-0.033906161284188,,
TSLA_2010-09-20,TSLA,2010-09-20,1.378000020980835,1.4233330488204956,1.343999981880188,1.4040000438690186,14212500.0,,,,0.0410279314715888,,
TSLA_2010-09-21,TSLA,2010-09-21,1.3926670551300049,1.4366669654846191,1.378000020980835,1.3846670389175415,11940000.0,,,,-0.0137699461163839,,
TSLA_2010-09-22,TSLA,2010-09-22,1.391332983970642,1.3966670036315918,1.3200000524520874,1.324666976928711,14443500.0,,,,-0.0433317615733349,,
TSLA_2010-09-23,TSLA,2010-09-23,1.3259999752044678,1.3426669836044312,1.2999999523162842,1.3040000200271606,10021500.0,,,,-0.0156016246056555,,
TSLA_2010-09-24,TSLA,2010-09-24,1.3300000429153442,1.3459999561309814,1.309999942779541,1.340000033378601,8683500.0,,,,0.0276073717780238,,
TSLA_2010-09-27,TSLA,2010-09-27,1.3600000143051147,1.3873330354690552,1.3366669416427612,1.3686670064926147,6279000.0,,,,0.0213932629850273,,
TSLA_2010-09-28,TSLA,2010-09-28,1.4026670455932615,1.4326670169830322,1.383999943733215,1.4266669750213623,18217500.0,-0.1042276949870507,,,0.0423769757388832,0.0455078149547329,-0.0455078149547329
TSLA_2010-09-29,TSLA,2010-09-29,1.4126670360565186,1.4686670303344729,1.408666968345642,1.4653329849243164,29539500.0,-0.0776336686375214,,,0.0271023375321175,0.0456415441030051,-0.0456415441030051
TSLA_2010-09-30,TSLA,2010-09-30,1.4666670560836792,1.476667046546936,1.3459999561309814,1.3606669902801514,32937000.0,-0.0705826484363307,,,-0.0714281297977954,0.0454550089961759,-0.0454550089961759
TSLA_2010-10-01,TSLA,2010-10-01,1.3793330192565918,1.3833329677581787,1.3539999723434448,1.373332977294922,8965500.0,0.0729164124932084,,,0.0093086604622949,0.0425279237211245,-0.0425279237211245
TSLA_2010-10-04,TSLA,2010-10-04,1.3619999885559082,1.4113329648971558,1.3533329963684082,1.3993330001831057,9654000.0,0.3029171312295597,,,0.0189320604092653,0.0371027788038951,-0.0371027788038951
TSLA_2010-10-05,TSLA,2010-10-05,1.409999966621399,1.418666958808899,1.4006669521331787,1.4079999923706057,4980000.0,0.3367092206222775,,,0.0061936595409139,0.0369742133791989,-0.0369742133791989
TSLA_2010-10-06,TSLA,2010-10-06,1.4040000438690186,1.4173330068588257,1.3546669483184814,1.3639999628067017,4701000.0,0.1718212393259555,,,-0.0312500211664223,0.0349754599824191,-0.0349754599824191
TSLA_2010-10-07,TSLA,2010-10-07,1.3713330030441284,1.3760000467300415,1.3559999465942385,1.3619999885559082,2115000.0,0.1741379549543023,,,-0.0014662568220882,0.0349703831831114,-0.0349703831831114
TSLA_2010-10-08,TSLA,2010-10-08,1.3619999885559082,1.3860000371932983,1.359333038330078,1.3619999885559082,4017000.0,0.1982400938683723,,,0.0,0.0348461398833893,-0.0348461398833893
TSLA_2010-10-11,TSLA,2010-10-11,1.3626669645309448,1.3799999952316284,1.3380000591278076,1.3493330478668213,2568000.0,0.1157663865181741,,,-0.0093002502169748,0.034008183313457,-0.034008183313457
TSLA_2010-10-12,TSLA,2010-10-12,1.3466670513153076,1.3519999980926514,1.335332989692688,1.3493330478668213,3660000.0,0.0201608153336512,,,0.0,0.0319316424391333,-0.0319316424391333
TSLA_2010-10-13,TSLA,2010-10-13,1.3760000467300415,1.3899999856948853,1.3573329448699951,1.369333028793335,4773000.0,0.0326795282045049,,,0.0148221233876484,0.0319797802378441,-0.0319797802378441
TSLA_2010-10-14,TSLA,2010-10-14,1.399999976158142,1.4019999504089355,1.3600000143051147,1.3833329677581787,4422000.0,0.0053291575429545,,,0.0102239109628288,0.0316570163568891,-0.0316570163568891
TSLA_2010-10-15,TSLA,2010-10-15,1.3926670551300049,1.3933329582214355,1.350000023841858,1.369333028793335,4270500.0,-0.0625289572815979,,,-0.010120440480452,0.030704700241782,-0.030704700241782
TSLA_2010-10-18,TSLA,2010-10-18,1.368000030517578,1.3760000467300415,1.3480000495910645,1.348667025566101,2442000.0,-0.003447762535036,,,-0.0150920212926178,0.0293178603547009,-0.0293178603547009
TSLA_2010-10-19,TSLA,2010-10-19,1.3466670513153076,1.3606669902801514,1.3333330154418943,1.3366669416427612,3678000.0,-0.0084073498007224,,,-0.0088977365768269,0.0293362606279726,-0.0293362606279726
TSLA_2010-10-20,TSLA,2010-10-20,1.343999981880188,1.3793330192565918,1.3359999656677246,1.376667022705078,4687500.0,-0.0166663956074443,,,0.0299252415213895,0.0291739741660288,-0.0291739741660288
TSLA_2010-10-21,TSLA,2010-10-21,1.3739999532699585,1.3966670036315918,1.363332986831665,1.3833329677581787,6256500.0,-0.0253640363681931,,,0.0048420895853251,0.0291281129755125,-0.0291281129755125
TSLA_2010-10-22,TSLA,2010-10-22,1.3786669969558716,1.3953330516815186,1.3700000047683716,1.3813329935073853,2416500.0,-0.010979002213366,,,-0.0014457649007199,0.0290569820683652,-0.0290569820683652
TSLA_2010-10-25,TSLA,2010-10-25,1.3960000276565552,1.3986669778823853,1.381999969482422,1.3899999856948853,1777500.0,0.0145985261729215,,,0.0062743684746813,0.0289603314869613,-0.0289603314869613
TSLA_2010-10-26,TSLA,2010-10-26,1.386667013168335,1.4579999446868896,1.3673330545425415,1.4240000247955322,9913500.0,0.0308883024503814,,,0.0244604600363715,0.02910058055434,-0.02910058055434
TSLA_2010-10-27,TSLA,2010-10-27,1.4166669845581057,1.425333023071289,1.376667022705078,1.399999976158142,5347500.0,0.0319407290404645,,,-0.016853966446269,0.029090428715658,-0.029090428715658
TSLA_2010-10-28,TSLA,2010-10-28,1.4259999990463257,1.4333330392837524,1.397333025932312,1.4126670360565186,3363000.0,0.0626886503247661,,,0.0090479000814964,0.0289817876586117,-0.0289817876586117
TSLA_2010-10-29,TSLA,2010-10-29,1.4093329906463623,1.4566669464111328,1.4033329486846924,1.4559999704360962,4209000.0,0.0439767627420921,,,0.0306745561930448,0.028581383547582,-0.028581383547582
TSLA_2010-11-01,TSLA,2010-11-01,1.4626669883728027,1.5166670083999634,1.420667052268982,1.4273329973220823,6837000.0,-0.0246013812911054,,,-0.0196888555605037,0.0280223410785888,-0.0280223410785888
TSLA_2010-11-02,TSLA,2010-11-02,1.4453330039978027,1.4586670398712158,1.4033329486846924,1.4166669845581057,4837500.0,-0.0004699123618069,,,-0.00747268702117,0.0277501763674309,-0.0277501763674309
TSLA_2010-11-03,TSLA,2010-11-03,1.418666958808899,1.5,1.4106669425964355,1.4513330459594729,5589000.0,0.0645477370369485,,,0.0244701554982453,0.0274692723599496,-0.0274692723599496
TSLA_2010-11-04,TSLA,2010-11-04,1.5066670179367063,1.688667058944702,1.476667046546936,1.659999966621399,28110000.0,0.2710566415730806,,,0.1437760417864508,0.0322864427900334,-0.0322864427900334
TSLA_2010-11-05,TSLA,2010-11-05,1.6579999923706057,1.664667010307312,1.581333041191101,1.6293330192565918,15165000.0,0.2469382454361175,,,-0.0184740650490635,0.0324108945494133,-0.0324108945494133
TSLA_2010-11-08,TSLA,2010-11-08,1.6333329677581787,1.6666669845581057,1.6019999980926514,1.6653330326080322,7642500.0,0.3126636504155566,,,0.0220949388037725,0.032208696066824,-0.032208696066824
TSLA_2010-11-09,TSLA,2010-11-09,1.6666669845581057,1.7126669883728027,1.6033329963684082,1.6419999599456787,14346000.0,0.3759779701176866,,,-0.0140110549694749,0.0312426432762068,-0.0312426432762068
TSLA_2010-11-10,TSLA,2010-11-10,1.631999969482422,1.9980000257492063,1.6033329963684082,1.957332968711853,45907500.0,0.6681819119298489,,,0.1920420319478,0.0389600443885133,-0.0389600443885133
TSLA_2010-11-11,TSLA,2010-11-11,1.9066669940948489,1.940000057220459,1.8220000267028809,1.869333028793335,29179500.0,0.5305678202771149,,,-0.0449591057450138,0.0393211600118971,-0.0393211600118971
TSLA_2010-11-12,TSLA,2010-11-12,1.8833329677581787,2.0333330631256104,1.8713330030441284,1.9893330335617063,40936500.0,0.588924180890769,,,0.0641940215681269,0.0399074490820754,-0.0399074490820754
TSLA_2010-11-15,TSLA,2010-11-15,2.01466703414917,2.196000099182129,2.01466703414917,2.053333044052124,39343500.0,0.6083544462890236,,,0.032171591890691,0.0399966451293368,-0.0399966451293368
TSLA_2010-11-16,TSLA,2010-11-16,2.066667079925537,2.093333005905152,1.8946670293807983,1.9780000448226929,20214000.0,0.580714364240557,,,-0.0366881541441354,0.0402434720144102,-0.0402434720144102
TSLA_2010-11-17,TSLA,2010-11-17,2.0133330821990967,2.049999952316284,1.9073330163955688,1.965999960899353,11250000.0,0.569451449601128,,,-0.0060667763657282,0.0402734594408556,-0.0402734594408556
TSLA_2010-11-18,TSLA,2010-11-18,2.0446670055389404,2.049333095550537,1.9279999732971191,1.9926669597625728,14341500.0,0.5649221630201249,,,0.0135640892134203,0.0402650967523511,-0.0402650967523511
TSLA_2010-11-19,TSLA,2010-11-19,2.010667085647583,2.0913329124450684,1.9800000190734863,2.065999984741211,17257500.0,0.5394932734693068,,,0.0368014457304877,0.0400062597173542,-0.0400062597173542
TSLA_2010-11-22,TSLA,2010-11-22,2.104666948318481,2.2300000190734863,2.0999999046325684,2.2266669273376465,22945500.0,0.7395835758652591,,,0.0777671557517269,0.0403635892864536,-0.0403635892864536
TSLA_2010-11-23,TSLA,2010-11-23,2.219332933425904,2.378667116165161,2.1459999084472656,2.3046669960021973,23667000.0,0.7371858053395985,,,0.0350299668562521,0.0403486472434795,-0.0403486472434795
TSLA_2010-11-24,TSLA,2010-11-24,2.351332902908325,2.3980000019073486,2.2886669635772705,2.3646669387817383,21375000.0,0.7959491726711165,,,0.0260341050935428,0.0403408416284426,-0.0403408416284426
TSLA_2010-11-26,TSLA,2010-11-26,2.373332977294922,2.400000095367432,2.316667079925537,2.354666948318481,5259000.0,0.7928940234015751,,,-0.0042289213331705,0.0403499743955177,-0.0403499743955177
TSLA_2010-11-29,TSLA,2010-11-29,2.360666990280152,2.396667003631592,2.2219998836517334,2.2886669635772705,17184000.0,0.7277300660756478,,,-0.0280294352406579,0.0406344000766869,-0.0406344000766869
TSLA_2010-11-30,TSLA,2010-11-30,2.249332904815674,2.355333089828491,2.227333068847656,2.355333089828491,33339000.0,0.8136544419647942,,,0.0291288017488657,0.0405351191707124,-0.0405351191707124
TSLA_2010-12-01,TSLA,2010-12-01,2.391333103179932,2.427999973297119,2.2300000190734863,2.289999961853028,19488000.0,0.6797070003968013,,,-0.027738381572273,0.0404924643367243,-0.0404924643367243
TSLA_2010-12-02,TSLA,2010-12-02,2.267333030700684,2.2866671085357666,2.0799999237060547,2.1566669940948486,30105000.0,0.5360875546354666,,,-0.0582240043577505,0.0412750804771293,-0.0412750804771293
TSLA_2010-12-03,TSLA,2010-12-03,2.134000062942505,2.150000095367432,2.058000087738037,2.0993330478668213,17401500.0,0.4959622018669709,,,-0.0265845150804518,0.041488334001913,-0.041488334001913
TSLA_2010-12-06,TSLA,2010-12-06,2.0899999141693115,2.096667051315308,1.970667004585266,2.02066707611084,19116000.0,0.4756578813347287,,,-0.0374718874815578,0.0416833381139375,-0.0416833381139375
TSLA_2010-12-07,TSLA,2010-12-07,2.0326669216156006,2.1600000858306885,2.00333309173584,2.1040000915527344,19669500.0,0.5100483191314533,,,0.0412403490050843,0.0418864268531638,-0.0418864268531638
TSLA_2010-12-08,TSLA,2010-12-08,2.165333032608032,2.16599988937378,2.101332902908325,2.157999992370605,9900000.0,0.5630126868933296,,,0.0256653509829551,0.0418948159288537,-0.0418948159288537
TSLA_2010-12-09,TSLA,2010-12-09,2.167332887649536,2.181333065032959,2.109999895095825,2.136667013168335,6090000.0,0.5889934683725471,,,-0.0098855325661216,0.0417321753167899,-0.0417321753167899
TSLA_2010-12-10,TSLA,2010-12-10,2.136667013168335,2.194667100906372,2.0753331184387207,2.101332902908325,6441000.0,0.5212355838781249,,,-0.016537022400891,0.0417741467746019,-0.0417741467746019
TSLA_2010-12-13,TSLA,2010-12-13,2.109333038330078,2.118000030517578,2.0266671180725098,2.0366671085357666,6156000.0,0.4464965337866897,,,-0.0307737028640529,0.0420215821361385,-0.0420215821361385
TSLA_2010-12-14,TSLA,2010-12-14,2.0193328857421875,2.026000022888184,1.8506669998168943,1.9019999504089355,26485500.0,0.2979984549431083,,,-0.066121339890272,0.0427757726767463,-0.0427757726767463
TSLA_2010-12-15,TSLA,2010-12-15,1.911332964897156,1.9980000257492063,1.9019999504089355,1.97333300113678,11143500.0,0.4135622937267309,,,0.0375042337474864,0.0424358570073664,-0.0424358570073664
TSLA_2010-12-16,TSLA,2010-12-16,2.0,2.060667037963867,1.976667046546936,2.053999900817871,11851500.0,0.5229851860252219,,,0.0408785033416161,0.0423373674429377,-0.0423373674429377
TSLA_2010-12-17,TSLA,2010-12-17,2.0893330574035645,2.102667093276977,2.047333002090454,2.0906670093536377,12195000.0,0.4890790199638195,,,0.017851562953419,0.0421419372209923,-0.0421419372209923
TSLA_2010-12-20,TSLA,2010-12-20,2.109333038330078,2.1459999084472656,2.0840001106262207,2.113332986831665,7851000.0,0.5262391083445992,,,0.0108415053074544,0.0420586580737048,-0.0420586580737048
TSLA_2010-12-21,TSLA,2010-12-21,2.119999885559082,2.179332971572876,2.114000082015991,2.1506669521331787,11665500.0,0.623552930352034,,,0.0176659170770268,0.0415673535699134,-0.0415673535699134
TSLA_2010-12-22,TSLA,2010-12-22,2.150000095367432,2.190666913986206,2.113332986831665,2.175333023071289,12499500.0,0.6682001454463011,,,0.0114690333218003,0.0414536202079715,-0.0414536202079715
TSLA_2010-12-23,TSLA,2010-12-23,2.0840001106262207,2.165333032608032,1.994667053222656,2.00600004196167,23289000.0,0.4970149193980642,,,-0.0778423254341732,0.0427957766691068,-0.0427957766691068
TSLA_2010-12-27,TSLA,2010-12-27,1.868000030517578,1.905333042144776,1.670667052268982,1.703333020210266,139528500.0,0.2445196765393473,,,-0.1508808651147511,0.0471611616338553,-0.0471611616338553
TSLA_2010-12-28,TSLA,2010-12-28,1.7233330011367798,1.7833329439163208,1.6666669845581057,1.7606669664382937,60844500.0,0.2341120929163795,0.1054834341160602,0.1697977635162199,0.0336598572021753,0.047061080930327,-0.047061080930327
TSLA_2010-12-29,TSLA,2010-12-29,1.8020000457763672,1.8673330545425413,1.7666670083999634,1.848667025566101,49788000.0,0.2616020007640678,0.163659209084316,0.2126306049241919,0.0499810928501858,0.0473265032897332,-0.0473265032897332
TSLA_2010-12-30,TSLA,2010-12-30,1.846667051315308,1.8600000143051147,1.7586669921875,1.7666670083999634,30616500.0,0.2983830878679725,0.2067397708413099,0.2525614293546412,-0.0443562934980287,0.0467427156839873,-0.0467427156839873
TSLA_2010-12-31,TSLA,2010-12-31,1.7713329792022705,1.816666960716248,1.7666670083999634,1.775333046913147,21268500.0,0.2927185731824859,0.3869789739022919,0.3398487735423889,0.0049053038699309,0.0467397764480804,-0.0467397764480804
TSLA_2011-01-03,TSLA,2011-01-03,1.7893329858779907,1.7999999523162842,1.726667046546936,1.7746670246124268,19245000.0,0.2682235210491053,0.6523901518031514,0.4603068364261283,-0.0003751534405773,0.0467111584184361,-0.0467111584184361
TSLA_2011-01-04,TSLA,2011-01-04,1.7773330211639404,1.796666979789734,1.73466694355011,1.777999997138977,17811000.0,0.2627840957196412,0.6879751444036091,0.4753796200616251,0.001878083313842,0.0467122924975515,-0.0467122924975515
TSLA_2011-01-05,TSLA,2011-01-05,1.76533305644989,1.7933330535888672,1.746000051498413,1.7886669635772705,21700500.0,0.3113394518697288,0.5366554216670045,0.4239974367683666,0.005999418703857,0.0464842954774529,-0.0464842954774529
TSLA_2011-01-06,TSLA,2011-01-06,1.7886669635772705,1.8666670322418213,1.7873330116271973,1.858667016029358,30918000.0,0.3646600819725794,0.6022991978550549,0.4834796399138171,0.0391353191384995,0.0466693002674236,-0.0466693002674236
TSLA_2011-01-07,TSLA,2011-01-07,1.8666670322418213,1.905333042144776,1.8600000143051147,1.8826669454574585,33718500.0,0.3822811756801845,0.6563047256995083,0.5192929506898464,0.0129124416698216,0.0466708859008359,-0.0466708859008359
TSLA_2011-01-10,TSLA,2011-01-10,1.878000020980835,1.9119999408721924,1.870000004768372,1.896667003631592,20140500.0,0.4056329581714895,0.5683580065098546,0.486995482340672,0.0074362904219003,0.0466288277939891,-0.0466288277939891
TSLA_2011-01-11,TSLA,2011-01-11,1.906000018119812,1.914000034332276,1.7946670055389404,1.797333002090454,25653000.0,0.3320158465931608,0.3588703720978228,0.3454431093454918,-0.0523729264815282,0.0472092698105128,-0.0472092698105128
TSLA_2011-01-12,TSLA,2011-01-12,1.8006670475006104,1.8266669511795044,1.7680000066757202,1.797333002090454,14466000.0,0.3125609068776172,0.3554547780540549,0.334007842465836,0.0,0.0471996929751992,-0.0471996929751992
TSLA_2011-01-13,TSLA,2011-01-13,1.797333002090454,1.7979999780654907,1.74399995803833,1.7480000257492063,10854000.0,0.2636148103822067,0.2703488127803441,0.2669818115812754,-0.0274478776519817,0.0473759252196448,-0.0473759252196448
TSLA_2011-01-14,TSLA,2011-01-14,1.7433329820632937,1.7719999551773071,1.707332968711853,1.7166670560836792,17880000.0,0.253651975076083,0.1752624242805598,0.2144571996783214,-0.0179250395903727,0.0474257594705863,-0.0474257594705863
TSLA_2011-01-18,TSLA,2011-01-18,1.698667049407959,1.7093329429626465,1.649999976158142,1.7093329429626465,24325500.0,0.2674239901766386,0.2630542132273017,0.2652391017019702,-0.0042722979363071,0.0473725632842983,-0.0473725632842983
TSLA_2011-01-19,TSLA,2011-01-19,1.6846669912338257,1.6979999542236328,1.5833330154418943,1.6019999980926514,35572500.0,0.1985034926679614,0.1884272545677141,0.1934653736178377,-0.0627922987805779,0.0481058195526871,-0.0481058195526871
TSLA_2011-01-20,TSLA,2011-01-20,1.6019999980926514,1.6299999952316284,1.4913330078125,1.5080000162124634,34198500.0,0.0953992442190727,0.0771428870668222,0.0862710656429475,-0.0586766429413887,0.0486278848775129,-0.0486278848775129
TSLA_2011-01-21,TSLA,2011-01-21,1.5413329601287842,1.5726670026779177,1.5140000581741333,1.5360000133514404,18255000.0,0.1103617488714037,0.0821984930911787,0.0962801209812912,0.0185676371604441,0.0486688651123703,-0.0486688651123703
TSLA_2011-01-24,TSLA,2011-01-24,1.5686670541763306,1.6540000438690186,1.5486669540405271,1.6326669454574585,24676500.0,0.1819502995522488,0.168973664597376,0.1754619820748124,0.0629342000428097,0.0492505201766536,-0.0492505201766536
TSLA_2011-01-25,TSLA,2011-01-25,1.6433329582214355,1.6593329906463623,1.6013330221176147,1.6453330516815186,19072500.0,0.1836928551182595,0.2009730262444036,0.1923329406813315,0.0077579240881311,0.0492520622899795,-0.0492520622899795
TSLA_2011-01-26,TSLA,2011-01-26,1.647333025932312,1.658666968345642,1.6066670417785645,1.649999976158142,16198500.0,0.1587078282495539,0.1944983461001508,0.1766030871748524,0.0028364618773408,0.0491814363989313,-0.0491814363989313
TSLA_2011-01-27,TSLA,2011-01-27,1.6493330001831057,1.6720000505447388,1.6353329420089722,1.6613329648971558,13435500.0,0.1866664237067772,0.2245694144078123,0.2056179190572947,0.0068684781228913,0.0491137713020561,-0.0491137713020561
TSLA_2011-01-28,TSLA,2011-01-28,1.658666968345642,1.658666968345642,1.5833330154418943,1.6006669998168943,15726000.0,0.1330815818320363,0.2041129369049377,0.168597259368487,-0.0365164397276719,0.049371360526153,-0.049371360526153
TSLA_2011-01-31,TSLA,2011-01-31,1.6033329963684082,1.6080000400543213,1.5666669607162476,1.6066670417785645,12454500.0,0.103480133517682,0.1520076175400013,0.1277438755288417,0.0037484635857154,0.0492457519061109,-0.0492457519061109
TSLA_2011-02-01,TSLA,2011-02-01,1.6206669807434082,1.6486669778823853,1.5693329572677612,1.593999981880188,10617000.0,0.1167681156890516,0.0892940774612358,0.1030310965751437,-0.0078840603367043,0.0491814647228763,-0.0491814647228763
TSLA_2011-02-02,TSLA,2011-02-02,1.6106669902801514,1.6119999885559082,1.5779999494552612,1.5959999561309814,8542500.0,0.1265879515282233,0.1260585539231373,0.1263232527256803,0.0012546890047229,0.0491639965109071,-0.0491639965109071
TSLA_2011-02-03,TSLA,2011-02-03,1.5880000591278076,1.5933330059051514,1.5433330535888672,1.5753329992294312,7680000.0,0.0854386617979763,0.1555012711094494,0.1204699664537128,-0.0129492214721929,0.0491272153301104,-0.0491272153301104
TSLA_2011-02-04,TSLA,2011-02-04,1.5626670122146606,1.5779999494552612,1.5479999780654907,1.5640000104904177,8160000.0,-0.0578313000369331,0.1975497835703312,0.069859241766699,-0.0071940273863093,0.0456847027239903,-0.0456847027239903
TSLA_2011-02-07,TSLA,2011-02-07,1.5506670475006104,1.5506670475006104,1.525333046913147,1.537999987602234,13426500.0,-0.0560554721317989,0.177040533368999,0.0604925306186,-0.0166240554435999,0.0456731824734616,-0.0456731824734616
TSLA_2011-02-08,TSLA,2011-02-08,1.585332989692688,1.6833330392837524,1.5333329439163208,1.6326669454574585,52573500.0,-0.0196153481081295,0.2869152959637673,0.1336499739278188,0.0615519886985249,0.0462465689569677,-0.0462465689569677
TSLA_2011-02-09,TSLA,2011-02-09,1.608667016029358,1.6119999885559082,1.519333004951477,1.547333002090454,39534000.0,-0.0576534471160136,0.2966480969847067,0.1194973249343465,-0.0522665958323145,0.0466922209305304,-0.0466922209305304
TSLA_2011-02-10,TSLA,2011-02-10,1.5506670475006104,1.5759999752044678,1.5206669569015503,1.5479999780654907,12541500.0,-0.2091279292739598,0.3193184830356843,0.0550952768808622,0.0004310487620542,0.0397073143074141,-0.0397073143074141
TSLA_2011-02-11,TSLA,2011-02-11,1.5499999523162842,1.5833330154418943,1.529332995414734,1.5499999523162842,9517500.0,-0.1708272798684684,0.2691050828849644,0.0491389015082479,0.001291973048535,0.0393434372795928,-0.0393434372795928
TSLA_2011-02-14,TSLA,2011-02-14,1.5759999752044678,1.609333038330078,1.536666989326477,1.5386669635772705,19246500.0,-0.2265412891563774,0.2289672485800333,0.0012129797118279,-0.0073116058630052,0.0384180880121638,-0.0384180880121638
TSLA_2011-02-15,TSLA,2011-02-15,1.534000039100647,1.5446670055389404,1.503999948501587,1.5226670503616333,14305500.0,-0.2584412671035843,0.1926892852384045,-0.0328759909325898,-0.0103985551093127,0.0381572304875467,-0.0381572304875467
TSLA_2011-02-16,TSLA,2011-02-16,1.5399999618530271,1.664667010307312,1.537999987602234,1.6486669778823853,61726500.0,-0.1664980078247818,0.3175285716544875,0.0755152819148528,0.0827494937194752,0.0394519580400118,-0.0394519580400118
TSLA_2011-02-17,TSLA,2011-02-17,1.6419999599456787,1.6993329524993896,1.5700000524520874,1.5733330249786377,39276000.0,-0.1997288625280991,0.2559866967792181,0.0281289171255594,-0.0456938568639917,0.0398302778877563,-0.0398302778877563
TSLA_2011-02-18,TSLA,2011-02-18,1.5553330183029177,1.565999984741211,1.5306669473648071,1.5453330278396606,35560500.0,-0.2244900632949784,0.2136126875920225,-0.0054386878514779,-0.0177966118389698,0.0398193129108006,-0.0398193129108006
TSLA_2011-02-22,TSLA,2011-02-22,1.525333046913147,1.5333329439163208,1.4520000219345093,1.4579999446868896,30969000.0,-0.2942885017157829,0.0864381046184985,-0.1039251985486421,-0.0565140856886108,0.0400412208280913,-0.0400412208280913
TSLA_2011-02-23,TSLA,2011-02-23,1.4786670207977295,1.5,1.4073330163955688,1.4553329944610596,24084000.0,-0.346407414331539,0.1369789273361621,-0.1047142434976884,-0.0018291840377283,0.0386276407511198,-0.0386276407511198
TSLA_2011-02-24,TSLA,2011-02-24,1.4520000219345093,1.5053329467773438,1.4333330392837524,1.5019999742507937,15829500.0,-0.3482789588013166,0.1321605418114964,-0.1080592084949101,0.0320661868914857,0.0385786719218987,-0.0385786719218987
TSLA_2011-02-25,TSLA,2011-02-25,1.5206669569015503,1.590000033378601,1.512666940689087,1.5740000009536743,20194500.0,-0.3343671469587217,0.1954427717221987,-0.0694621876182615,0.0479361038197052,0.0389688980657947,-0.0389688980657947
TSLA_2011-02-28,TSLA,2011-02-28,1.5826669931411743,1.6066670417785645,1.5666669607162476,1.5926669836044312,15768000.0,-0.3236126303374711,0.2126908725722598,-0.0554608788826056,0.0118595823630538,0.039031176995113,-0.039031176995113
TSLA_2011-03-01,TSLA,2011-03-01,1.6033329963684082,1.6213330030441284,1.5800000429153442,1.5959999561309814,16596000.0,-0.302650852426176,0.2048310888155196,-0.0489098818053282,0.00209269895142,0.0389340862579915,-0.0389340862579915
TSLA_2011-03-02,TSLA,2011-03-02,1.5880000591278076,1.6186670064926147,1.5820000171661377,1.6013330221176147,9949500.0,-0.3201246018947496,0.2330590357561699,-0.0435327830692898,0.003341520133598,0.0387050275115263,-0.0387050275115263
TSLA_2011-03-03,TSLA,2011-03-03,1.631999969482422,1.6526670455932615,1.6039999723434448,1.6239999532699585,9603000.0,-0.2908297029158698,0.1911983124856926,-0.0498156952150886,0.0141550388577942,0.0386740129144669,-0.0386740129144669
TSLA_2011-03-04,TSLA,2011-03-04,1.631999969482422,1.6660000085830688,1.585332989692688,1.6633330583572388,23701500.0,-0.2287483125992113,0.1847101185079549,-0.0220190970456282,0.0242198929920423,0.0382253546932992,-0.0382253546932992
TSLA_2011-03-07,TSLA,2011-03-07,1.6619999408721924,1.6933330297470093,1.6466670036315918,1.6626670360565186,30504000.0,-0.2080022568377174,0.1847986877347198,-0.0116017845514987,-0.0004004142750447,0.0381111042163044,-0.0381111042163044
TSLA_2011-03-08,TSLA,2011-03-08,1.6399999856948853,1.6640000343322754,1.600000023841858,1.6440000534057615,20998500.0,-0.1864072647880451,0.2005845319122001,0.0070886335620775,-0.0112271322194676,0.037870446021864,-0.037870446021864
TSLA_2011-03-09,TSLA,2011-03-09,1.6440000534057615,1.6660000085830688,1.618000030517578,1.6480000019073486,13872000.0,-0.2167300711992181,0.1827754394118337,-0.0169773158936922,0.0024330586202236,0.0374601930045327,-0.0374601930045327
TSLA_2011-03-10,TSLA,2011-03-10,1.6293330192565918,1.6326669454574585,1.5820000171661377,1.6006669998168943,15255000.0,-0.2582636675273894,0.1593432979844193,-0.049460184771485,-0.0287214818177623,0.0374118743720373,-0.0374118743720373
TSLA_2011-03-11,TSLA,2011-03-11,1.590000033378601,1.6166670322418213,1.5686670541763306,1.6046669483184814,13962000.0,-0.248985949411454,0.1933564210412093,-0.0278147641851223,0.0024989260739709,0.03741310332538,-0.03741310332538
TSLA_2011-03-14,TSLA,2011-03-14,1.5880000591278076,1.600000023841858,1.546666979789734,1.5499999523162842,17490000.0,-0.2623729680475545,0.1221044886364666,-0.0701342397055439,-0.0340675029541066,0.0375740188329653,-0.0375740188329653
TSLA_2011-03-15,TSLA,2011-03-15,1.4800000190734863,1.5306669473648071,1.453333020210266,1.5299999713897705,19782000.0,-0.248772681123258,0.0866477128410756,-0.0810624841410911,-0.012903213897927,0.0374366328649511,-0.0374366328649511
TSLA_2011-03-16,TSLA,2011-03-16,1.52400004863739,1.5499999523162842,1.512666940689087,1.5213329792022705,17545500.0,-0.200140368628727,0.0382165656912762,-0.0809619014687254,-0.0056647008820708,0.0365789021637081,-0.0365789021637081
TSLA_2011-03-17,TSLA,2011-03-17,1.5493329763412476,1.562000036239624,1.5093330144882202,1.5206669569015503,13839000.0,-0.2293916150869933,0.0893029561426812,-0.070044329472156,-0.0004377886431341,0.0362141323065225,-0.0362141323065225
TSLA_2011-03-18,TSLA,2011-03-18,1.5460000038146973,1.5460000038146973,1.5006669759750366,1.5306669473648071,10318500.0,-0.2547872340425532,0.1349480029900722,-0.0599196155262404,0.0065760556036755,0.0357921206349933,-0.0357921206349933
TSLA_2011-03-21,TSLA,2011-03-21,1.536666989326477,1.536666989326477,1.50266695022583,1.51533305644989,6175500.0,-0.2751915777738423,0.0792970150300491,-0.0979472813718965,-0.0100177840393796,0.0356896829868268,-0.0356896829868268
TSLA_2011-03-22,TSLA,2011-03-22,1.51533305644989,1.52400004863739,1.4666670560836792,1.4793330430984497,8743500.0,-0.3000000225632762,0.0683673414042649,-0.1158163405795056,-0.0237571622939321,0.0357167848602751,-0.0357167848602751
TSLA_2011-03-23,TSLA,2011-03-23,1.4739999771118164,1.48466694355011,1.4513330459594729,1.480666995048523,6342000.0,-0.3115312468162976,0.1177654616872112,-0.0968828925645431,0.0009017252445597,0.0356074878722971,-0.0356074878722971
TSLA_2011-03-24,TSLA,2011-03-24,1.47599995136261,1.4919999837875366,1.4653329849243164,1.4886670112609863,6933000.0,-0.3156601791668749,0.1416157886485149,-0.0870221952591799,0.005402981385562,0.0355696901523557,-0.0355696901523557
TSLA_2011-03-25,TSLA,2011-03-25,1.495332956314087,1.5333329439163208,1.4933329820632937,1.5166670083999634,8520000.0,-0.2439347075402785,0.1318410228512636,-0.0560468423445074,0.0188087711537716,0.03446009984949,-0.03446009984949
TSLA_2011-03-28,TSLA,2011-03-28,1.5133329629898071,1.5693329572677612,1.5033329725265503,1.5499999523162842,15871500.0,-0.0900194301846233,0.1324887244037236,0.0212346471095501,0.0219777602675528,0.0290137791401453,-0.0290137791401453
TSLA_2011-03-29,TSLA,2011-03-29,1.553333044052124,1.600000023841858,1.547333002090454,1.5946669578552246,11331000.0,-0.0942824575841707,0.1177569718618787,0.0117372571388539,0.0288174238148788,0.0289265363735205,-0.0289265363735205
TSLA_2011-03-30,TSLA,2011-03-30,1.6073329448699951,1.6326669454574585,1.534000039100647,1.5806670188903809,18349500.0,-0.1449693227441285,0.0787084131406632,-0.0331304548017326,-0.0087792243363925,0.0281888850257237,-0.0281888850257237
TSLA_2011-03-31,TSLA,2011-03-31,1.7699999809265137,1.914000034332276,1.7666670083999634,1.850000023841858,172767000.0,0.0471696222579984,0.3596273276688784,0.2033984749634384,0.1703919938435529,0.0351261945830489,-0.0351261945830489
TSLA_2011-04-01,TSLA,2011-04-01,1.830000042915344,1.878666996955872,1.7713329792022705,1.7773330211639404,42972000.0,0.0011265346827575,0.294174865490221,0.1476507000864892,-0.0392794604007686,0.0354925732786503,-0.0354925732786503
TSLA_2011-04-04,TSLA,2011-04-04,1.7886669635772705,1.7999999523162842,1.6820000410079956,1.722000002861023,39139500.0,-0.0296771287351247,0.2305862883500178,0.1004545798074465,-0.0311326114149845,0.0357172402623758,-0.0357172402623758
TSLA_2011-04-05,TSLA,2011-04-05,1.726667046546936,1.7999999523162842,1.7126669883728027,1.7799999713897705,47713500.0,0.0011248449122676,0.2642045319850037,0.1326646884486356,0.0336817470571331,0.0359662787148495,-0.0359662787148495
TSLA_2011-04-06,TSLA,2011-04-06,1.7993329763412476,1.8006670475006104,1.7200000286102295,1.7660000324249268,19324500.0,-0.0126725274262408,0.294721466700798,0.1410244696372786,-0.0078651343763298,0.0359753197786458,-0.0359753197786458
TSLA_2011-04-07,TSLA,2011-04-07,1.7899999618530271,1.8626669645309448,1.7633329629898071,1.815999984741211,42154500.0,-0.0229557155317126,0.3333333333333332,0.1551888089008103,0.0283125432606183,0.0358128959759246,-0.0358128959759246
TSLA_2011-04-08,TSLA,2011-04-08,1.838667035102844,1.840000033378601,1.7573330402374268,1.7660000324249268,29196000.0,-0.0619689602104229,0.2966226485048424,0.1173268441472097,-0.0275330136213681,0.0359443322561181,-0.0359443322561181
TSLA_2011-04-11,TSLA,2011-04-11,1.76466703414917,1.7686669826507568,1.6679999828338623,1.6846669912338257,20541000.0,-0.1117750306152028,0.2485182912381329,0.068371630311465,-0.0460549488662359,0.0363852564421945,-0.0363852564421945
TSLA_2011-04-12,TSLA,2011-04-12,1.6720000505447388,1.6806670427322388,1.6200000047683716,1.6433329582214355,20361000.0,-0.0856825327804603,0.2178853551533497,0.0661014111864446,-0.0245354323599097,0.0359204821489985,-0.0359204821489985
TSLA_2011-04-13,TSLA,2011-04-13,1.675333023071289,1.7126669883728027,1.6540000438690186,1.6619999408721924,18172500.0,-0.0752965983826355,0.2137295354197053,0.0692164685185348,0.0113592212444639,0.035953105739236,-0.035953105739236
TSLA_2011-04-14,TSLA,2011-04-14,1.6579999923706057,1.685333013534546,1.613332986831665,1.6759999990463257,14751000.0,-0.0411899460196065,0.2115665845529883,0.0851883192666909,0.0084236213430828,0.0358052736473267,-0.0358052736473267
TSLA_2011-04-15,TSLA,2011-04-15,1.7100000381469729,1.745332956314087,1.694000005722046,1.7053329944610596,14152500.0,-0.0066023644960465,0.2453749077854421,0.1193862716446977,0.0175017872502534,0.0357983643225849,-0.0357983643225849
TSLA_2011-04-18,TSLA,2011-04-18,1.675333023071289,1.7079999446868896,1.6239999532699585,1.668666958808899,15508500.0,-0.0237905577852285,0.2372712664999563,0.1067403543573639,-0.0215008070395942,0.0359010856095468,-0.0359010856095468
TSLA_2011-04-19,TSLA,2011-04-19,1.684000015258789,1.684000015258789,1.6433329582214355,1.6773329973220823,8230500.0,0.0470243441442714,0.2548623333652908,0.1509433387547811,0.0051933901294296,0.0349863222553446,-0.0349863222553446
TSLA_2011-04-20,TSLA,2011-04-20,1.713333010673523,1.7393330335617063,1.6866669654846191,1.7166670560836792,12558000.0,0.1383733671272167,0.2469733259902742,0.1926733465587454,0.0234503576954576,0.0342372405910157,-0.0342372405910157
TSLA_2011-04-21,TSLA,2011-04-21,1.7233330011367798,1.7986669540405271,1.7059999704360962,1.78266704082489,20791500.0,0.1605905112821191,0.2886753098307704,0.2246329105564447,0.0384465843317223,0.0344774281796412,-0.0344774281796412
TSLA_2011-04-25,TSLA,2011-04-25,1.7799999713897705,1.781999945640564,1.7313330173492432,1.7593330144882202,12013500.0,0.077582307514207,0.2736487311586204,0.1756155193364137,-0.0130893912336385,0.0336641214725756,-0.0336641214725756
TSLA_2011-04-26,TSLA,2011-04-26,1.7773330211639404,1.816666960716248,1.753999948501587,1.7953330278396606,21000000.0,0.0911669379064883,0.2916065081411798,0.191386723023834,0.0204623076216827,0.0337388386689848,-0.0337388386689848
TSLA_2011-04-27,TSLA,2011-04-27,1.7953330278396606,1.8240000009536743,1.775333046913147,1.8053330183029173,14953500.0,0.0941412390238043,0.2677900188675484,0.1809656289456763,0.0055699919224956,0.0337417909916517,-0.0337417909916517
TSLA_2011-04-28,TSLA,2011-04-28,1.8046669960021973,1.8459999561309808,1.7813329696655271,1.843999981880188,24000000.0,0.1099520811557124,0.3171428666309437,0.213547473893328,0.0214181888799769,0.033825579571923,-0.033825579571923
TSLA_2011-04-29,TSLA,2011-04-29,1.8459999561309808,1.8580000400543213,1.8279999494552608,1.840000033378601,10890000.0,0.1495208145036317,0.3025008628466259,0.2260108386751288,-0.0021691694907222,0.0334664417330446,-0.0334664417330446
TSLA_2011-05-02,TSLA,2011-05-02,1.840000033378601,1.853332996368408,1.8040000200271609,1.830000042915344,11769000.0,0.1390039101627131,0.2568681868635125,0.1979360485131128,-0.0054347773270934,0.0334819816510734,-0.0334819816510734
TSLA_2011-05-03,TSLA,2011-05-03,1.8253329992294312,1.825999975204468,1.7666670083999634,1.7913329601287842,13708500.0,0.1237973528806655,0.255021052192885,0.1894092025367753,-0.0211295529397692,0.0335902626787285,-0.0335902626787285
TSLA_2011-05-04,TSLA,2011-05-04,1.7853330373764038,1.7999999523162842,1.7166670560836792,1.779332995414734,15667500.0,0.1148703285231838,0.2559994796305309,0.1854349040768573,-0.006698902426932,0.0336095232430651,-0.0336095232430651
TSLA_2011-05-05,TSLA,2011-05-05,1.8133330345153809,1.829332947731018,1.7446670532226562,1.762666940689087,18277500.0,0.1189170426514836,0.2145158174385755,0.1667164300450295,-0.0093664619093755,0.0335863973801186,-0.0335863973801186
TSLA_2011-05-06,TSLA,2011-05-06,1.7933330535888672,1.846667051315308,1.7746670246124268,1.807999968528748,14725500.0,0.1560102023028888,0.0891566294477546,0.1225834158753217,0.0257184308579241,0.0336918852741066,-0.0336918852741066
TSLA_2011-05-09,TSLA,2011-05-09,1.7999999523162842,1.8666670322418213,1.7899999618530271,1.860666990280152,13746000.0,0.2097964923790154,0.1419807788153153,0.1758886355971654,0.029129990413806,0.0337586483393885,-0.0337586483393885
TSLA_2011-05-10,TSLA,2011-05-10,1.8826669454574585,1.9299999475479128,1.860666990280152,1.8886669874191284,23029500.0,0.1567986922709094,0.1341076832309866,0.145453187750948,0.0150483656050459,0.0329694688191854,-0.0329694688191854
TSLA_2011-05-11,TSLA,2011-05-11,1.8799999952316284,1.886667013168335,1.7946670055389404,1.8046669960021973,14437500.0,0.1663080885394958,0.099066406835905,0.1326872476877004,-0.0444758085869428,0.0327735176191854,-0.0327735176191854
TSLA_2011-05-12,TSLA,2011-05-12,1.8046669960021973,1.8493330478668213,1.7766669988632202,1.8446669578552248,9420000.0,0.1916453384970158,-0.057560983571832,0.0670421774625918,0.0221647328518987,0.0328608392190837,-0.0328608392190837
TSLA_2011-05-13,TSLA,2011-05-13,1.8666670322418213,1.879333019256592,1.820000052452088,1.8366669416427608,9922500.0,0.184946450416394,-0.0174747284980356,0.0837358609591791,-0.0043368349925698,0.0328740240366827,-0.0328740240366827
TSLA_2011-05-16,TSLA,2011-05-16,1.866000056266785,1.866000056266785,1.7699999809265137,1.773332953453064,11335500.0,0.1525125289817199,-0.1085791451026756,0.0219666919395221,-0.0344831100041738,0.0331909502052345,-0.0331909502052345
TSLA_2011-05-17,TSLA,2011-05-17,1.7999999523162842,1.7999999523162842,1.7146669626235962,1.730666995048523,18513000.0,0.1366023810901337,-0.1571425784717514,-0.0102700986908088,-0.0240597561340418,0.033322767660298,-0.033322767660298
TSLA_2011-05-18,TSLA,2011-05-18,1.7400000095367432,1.76466703414917,1.7013330459594729,1.7566670179367063,10942500.0,0.0655074927218113,-0.1118973821387485,-0.0231949447084686,0.0150231228552748,0.0317493010210806,-0.0317493010210806
TSLA_2011-05-19,TSLA,2011-05-19,1.8020000457763672,1.8960000276565552,1.773332953453064,1.8799999952316284,39826500.0,0.1949154853958237,-0.0437436253194957,0.075585930038164,0.0702085119351663,0.032324323254946,-0.032324323254946
TSLA_2011-05-20,TSLA,2011-05-20,1.883999943733216,1.885332942008972,1.8233330249786377,1.864667057991028,12637500.0,0.2066441500948108,-0.0642354715344886,0.0712043392801611,-0.0081558177018565,0.0322454526872269,-0.0322454526872269
TSLA_2011-05-23,TSLA,2011-05-23,1.841333031654358,1.841333031654358,1.7746670246124268,1.787999987602234,12954000.0,0.2263374865807783,-0.1345595349429779,0.0458889758189002,-0.0411156887553932,0.0318391988290731,-0.0318391988290731
TSLA_2011-05-24,TSLA,2011-05-24,1.801332950592041,1.8333330154418943,1.773332953453064,1.7813329696655271,9205500.0,0.2240036998028702,-0.2000002569780792,0.0120017214123955,-0.0037287572611495,0.0318454377089217,-0.0318454377089217
TSLA_2011-05-25,TSLA,2011-05-25,1.7933330535888672,1.934000015258789,1.7446670532226562,1.932000041007996,70396500.0,0.2862850027488774,-0.1617009987302503,0.0622920020093135,0.0845810827667772,0.0332562293820219,-0.0332562293820219
TSLA_2011-05-26,TSLA,2011-05-26,1.9213329553604128,1.9839999675750728,1.8733329772949217,1.9653329849243164,50053500.0,0.2486232425244832,-0.1688753487047762,0.0398739469098534,0.0172530761950342,0.0328321760209086,-0.0328321760209086
TSLA_2011-05-27,TSLA,2011-05-27,1.9693330526351929,1.9780000448226929,1.9213329553604128,1.9700000286102293,25306500.0,0.2369189848789605,-0.1633636213320745,0.036777681773443,0.0023746834361977,0.0328174679278479,-0.0328174679278479
TSLA_2011-05-31,TSLA,2011-05-31,1.9793330430984497,2.018666982650757,1.9700000286102293,2.0093328952789307,49357500.0,0.2589805454318117,-0.1220509898310981,0.0684647778003567,0.0199659218768892,0.0328789132126957,-0.0328789132126957
TSLA_2011-06-01,TSLA,2011-06-01,2.0,2.006666898727417,1.8919999599456787,1.901332974433899,22948500.0,0.1873438867322938,-0.1927541023200465,-0.0027051077938763,-0.0537491428616856,0.0336791293005633,-0.0336791293005633
TSLA_2011-06-02,TSLA,2011-06-02,1.901332974433899,1.95466697216034,1.9006669521331787,1.9173330068588257,14794500.0,0.1806238066683652,-0.1627366642803988,0.0089435711939832,0.0084151659073239,0.033656946649079,-0.033656946649079
TSLA_2011-06-03,TSLA,2011-06-03,1.9966670274734497,2.0999999046325684,1.9666670560836792,2.0086669921875,93138000.0,0.2076156258033639,-0.0686244108675961,0.0694956074678838,0.0476359531713832,0.034020461440083,-0.034020461440083
TSLA_2011-06-06,TSLA,2011-06-06,2.006666898727417,2.0086669921875,1.883999943733216,1.9133330583572388,34966500.0,0.1507614073442178,-0.0885995624651273,0.0310809224395452,-0.0474612935847766,0.0346198538226133,-0.0346198538226133
TSLA_2011-06-07,TSLA,2011-06-07,1.929332971572876,1.9593329429626465,1.883999943733216,1.891332983970642,18331500.0,0.1504458166242135,-0.064005641339555,0.0432200876423292,-0.0114982983702197,0.0346216423602852,-0.0346216423602852
TSLA_2011-06-08,TSLA,2011-06-08,1.8960000276565552,1.9066669940948489,1.801332950592041,1.807999968528748,25438500.0,0.0970873582744054,-0.1406844629961687,-0.0217985523608816,-0.0440604674841262,0.0351213536561062,-0.0351213536561062
TSLA_2011-06-09,TSLA,2011-06-09,1.828667044639588,1.8733329772949217,1.8066669702529907,1.841333031654358,24048000.0,0.150353591262264,-0.1467409461704317,0.0018063225459161,0.0184364290408336,0.0349569940597071,-0.0349569940597071
TSLA_2011-06-10,TSLA,2011-06-10,1.834666967391968,1.886667013168335,1.8233330249786377,1.8573329448699951,23499000.0,0.1574569706295008,-0.1307335521055909,0.0133617092619549,0.0086893098318352,0.0349648240072154,-0.0349648240072154
TSLA_2011-06-13,TSLA,2011-06-13,1.8713330030441284,1.925333023071289,1.858667016029358,1.8953330516815183,25701000.0,0.2227955548315832,-0.0980329442049354,0.0623813053133238,0.0204595018445565,0.0347088785330213,-0.0347088785330213
TSLA_2011-06-14,TSLA,2011-06-14,1.9026670455932613,1.9800000190734863,1.901332974433899,1.9066669940948489,23601000.0,0.246187601142851,-0.0638298295760172,0.0911788857834168,0.005979921261477,0.0346440716464359,-0.0346440716464359
TSLA_2011-06-15,TSLA,2011-06-15,1.8960000276565552,1.896667003631592,1.8046669960021973,1.821333050727844,20175000.0,0.1971955355118129,-0.0424116202861876,0.0773919576128126,-0.0447555570171892,0.0351672940881192,-0.0351672940881192
TSLA_2011-06-16,TSLA,2011-06-16,1.8446669578552248,1.8666670322418213,1.715999960899353,1.7666670083999634,27633000.0,0.1617711559930603,-0.1047294058416711,0.0285208750756946,-0.0300143031534154,0.0354165155642261,-0.0354165155642261
TSLA_2011-06-17,TSLA,2011-06-17,1.7913329601287842,1.846667051315308,1.7426669597625732,1.7666670083999634,25710000.0,0.1541811962696742,-0.1398894383118013,0.0071458789789364,0.0,0.0354154273510691,-0.0354154273510691
TSLA_2011-06-20,TSLA,2011-06-20,1.75266695022583,1.7640000581741333,1.7000000476837158,1.7339999675750732,23067000.0,0.1443028713684069,-0.170599641254603,-0.013148384943098,-0.0184907742486661,0.0354811955531332,-0.0354811955531332
TSLA_2011-06-21,TSLA,2011-06-21,1.7493330240249634,1.848667025566101,1.7333329916000366,1.835332989692688,22440000.0,0.2406489520768087,-0.1315457615393389,0.0545515952687348,0.0584388835135474,0.0359986785630268,-0.0359986785630268
TSLA_2011-06-22,TSLA,2011-06-22,1.824666976928711,1.8833329677581787,1.8066669702529907,1.8140000104904173,22134000.0,0.2251235534773101,-0.1565407146414893,0.0342914194179104,-0.0116234924790638,0.0360508544164226,-0.0360508544164226
TSLA_2011-06-23,TSLA,2011-06-23,1.8133330345153809,1.8480000495910645,1.74733304977417,1.8473329544067385,17550000.0,0.240930940521038,-0.1507815424975513,0.0450746990117433,0.018375382427539,0.0360969209078729,-0.0360969209078729
TSLA_2011-06-24,TSLA,2011-06-24,1.8426669836044312,1.864667057991028,1.817332983016968,1.838000059127808,54127500.0,0.2118678977970525,-0.0837487434295237,0.0640595771837643,-0.0050520915878575,0.0360647304364995,-0.0360647304364995
TSLA_2011-06-27,TSLA,2011-06-27,1.848667025566101,1.885332942008972,1.820667028427124,1.8306670188903809,27141000.0,0.181075532392549,0.074755785961571,0.12791565917706,-0.0039896844404384,0.0360004622861286,-0.0360004622861286
TSLA_2011-06-28,TSLA,2011-06-28,1.852666974067688,1.8833329677581787,1.8446669578552248,1.8739999532699585,13338000.0,0.1751669801890343,0.0643693492250436,0.119768164707039,0.0236705713996219,0.0359473272608344,-0.0359473272608344
TSLA_2011-06-29,TSLA,2011-06-29,1.899999976158142,1.9393329620361328,1.8713330030441284,1.8860000371932983,21927000.0,0.1931671975526252,0.0201945570029113,0.1066808772777683,0.0064034600974247,0.0359167576750877,-0.0359167576750877
TSLA_2011-06-30,TSLA,2011-06-30,1.899999976158142,1.95533299446106,1.8933329582214355,1.9420000314712524,14200500.0,0.0497297332128352,0.0992450882014743,0.0744874107071548,0.0296924672182361,0.0290929223961874,-0.0290929223961874
TSLA_2011-07-01,TSLA,2011-07-01,1.937999963760376,1.97333300113678,1.919999957084656,1.9346669912338257,12823500.0,0.0885225043345283,0.0897487626886233,0.0891356335115758,-0.0037760247778529,0.0286367482907034,-0.0286367482907034
TSLA_2011-07-05,TSLA,2011-07-05,1.9346669912338257,1.968000054359436,1.914000034332276,1.942667007446289,14940000.0,0.1281457631931697,0.0946656361469004,0.1114056996700351,0.0041350869419451,0.0283266436747374,-0.0283266436747374
TSLA_2011-07-06,TSLA,2011-07-06,1.942667007446289,1.942667007446289,1.9033329486846924,1.9306670427322388,13903500.0,0.0846444234630139,0.0858644802243655,0.0852544518436897,-0.0061770569367031,0.0280584650652539,-0.0280584650652539
TSLA_2011-07-07,TSLA,2011-07-07,1.942667007446289,2.0,1.934000015258789,1.98199999332428,19918500.0,0.1223102813892702,0.1080877735676126,0.1151990274784414,0.0265881943679919,0.0282048896187008,-0.0282048896187008
TSLA_2011-07-08,TSLA,2011-07-08,1.9926669597625728,1.9926669597625728,1.906000018119812,1.920667052268982,18609000.0,0.057636050885037,0.0333572585648362,0.0454966547249366,-0.0309449754096257,0.0283086726615628,-0.0283086726615628
TSLA_2011-07-11,TSLA,2011-07-11,1.8933329582214355,1.9019999504089355,1.8666670322418213,1.8899999856948853,14637000.0,0.0702151477877901,0.0038950278779366,0.0370550878328633,-0.0159668832439584,0.028155879275176,-0.028155879275176
TSLA_2011-07-12,TSLA,2011-07-12,1.891332983970642,1.9393329620361328,1.8666670322418213,1.878000020980835,15681000.0,0.1147603833594526,-0.0098419926191656,0.0524591953701434,-0.0063491877274477,0.0275120446436942,-0.0275120446436942
TSLA_2011-07-13,TSLA,2011-07-13,1.8953330516815183,1.935333013534546,1.8600000143051147,1.9093329906463623,15990000.0,0.1618661824398728,0.0623145451764601,0.1120903638081665,0.0166842222127148,0.0273582051774111,-0.0273582051774111
TSLA_2011-07-14,TSLA,2011-07-14,1.9019999504089355,1.9306670427322388,1.816666960716248,1.8406670093536377,17385000.0,0.1075012483981698,0.0241101716892653,0.0658057100437176,-0.0359633346457179,0.0277646427929926,-0.0277646427929926
TSLA_2011-07-15,TSLA,2011-07-15,1.852666974067688,1.8553329706192017,1.8266669511795044,1.838667035102844,10635000.0,0.0970567041462284,0.0518689977219977,0.074462850934113,-0.0010865486481967,0.0277549991558671,-0.0277549991558671
TSLA_2011-07-18,TSLA,2011-07-18,1.8226670026779173,1.830000042915344,1.775333046913147,1.8153330087661743,12778500.0,0.064503539579892,0.0574752992042537,0.0609894193920729,-0.0126907296923199,0.0277410055916026,-0.0277410055916026
TSLA_2011-07-19,TSLA,2011-07-19,1.838667035102844,1.8739999532699585,1.8359999656677248,1.859333038330078,15391500.0,0.1142625126689613,0.0877535859733964,0.1010080493211789,0.0242379934433125,0.0277313515722067,-0.0277313515722067
TSLA_2011-07-20,TSLA,2011-07-20,1.8666670322418213,2.0293331146240234,1.853332996368408,1.9126670360565183,45724500.0,0.1403025154278576,0.1939244933419155,0.1671135043848866,0.0286844780504418,0.0279309023550577,-0.0279309023550577
TSLA_2011-07-21,TSLA,2011-07-21,1.9273329973220823,1.944000005722046,1.8733329772949217,1.9133330583572388,15172500.0,0.114562693783047,0.2687884865961882,0.1916755901896176,0.0003482165417005,0.0278023338346524,-0.0278023338346524
TSLA_2011-07-22,TSLA,2011-07-22,1.9133330583572388,1.9693330526351929,1.9033329486846924,1.952666997909546,8752500.0,0.095362708341762,0.2712675657137322,0.1833151370277471,0.0205578110828643,0.0275150073299342,-0.0275150073299342
TSLA_2011-07-25,TSLA,2011-07-25,1.934000015258789,1.950000047683716,1.8960000276565552,1.8993330001831048,10099500.0,0.0795756031075274,0.1633315695326513,0.1214535863200894,-0.0273134117509736,0.0276970511461259,-0.0276970511461259
TSLA_2011-07-26,TSLA,2011-07-26,1.8873330354690552,1.9179999828338623,1.864667057991028,1.8666670322418213,11409000.0,0.0397330207242927,0.13452229646399,0.0871276585941414,-0.0171986523364435,0.027689599715801,-0.027689599715801
TSLA_2011-07-27,TSLA,2011-07-27,1.899999976158142,1.899999976158142,1.8339999914169312,1.8426669836044312,14377500.0,0.0206798219071011,0.1167678849880318,0.0687238534475664,-0.0128571663948908,0.0277377581763346,-0.0277377581763346
TSLA_2011-07-28,TSLA,2011-07-28,1.840000033378601,1.9033329486846924,1.8359999656677248,1.878000020980835,14080500.0,0.0184381992596223,0.1304175987966938,0.074427899028158,0.0191749446268847,0.0277121621621566,-0.0277121621621566
TSLA_2011-07-29,TSLA,2011-07-29,1.853332996368408,1.8933329582214355,1.8333330154418943,1.878000020980835,14223000.0,0.0206521668004855,0.1732609101053908,0.0969565384529381,0.0,0.0277099313426594,-0.0277099313426594
TSLA_2011-08-01,TSLA,2011-08-01,1.911332964897156,1.932000041007996,1.880666971206665,1.9179999828338623,17473500.0,0.0480873977348803,0.1937756442122913,0.1209315209735858,0.0212992339755866,0.0278189628346169,-0.0278189628346169
TSLA_2011-08-02,TSLA,2011-08-02,1.9126670360565183,1.946666955947876,1.8179999589920044,1.8226670026779173,23241000.0,0.0174920259083941,0.1434548452930388,0.0804734356007165,-0.0497043696606762,0.0284142192021445,-0.0284142192021445
TSLA_2011-08-03,TSLA,2011-08-03,1.8333330154418943,1.8553329706192017,1.75600004196167,1.8133330345153809,26917500.0,0.0191083058585792,0.1361736117532594,0.0776409588059193,-0.0051210496205958,0.0284083137146472,-0.0284083137146472
TSLA_2011-08-04,TSLA,2011-08-04,1.7673330307006836,1.792667031288147,1.6446670293807983,1.649999976158142,45967500.0,-0.0639184646459072,0.0473975832190616,-0.0082604407134228,-0.0900733926136685,0.0306042215413581,-0.0306042215413581
TSLA_2011-08-05,TSLA,2011-08-05,1.6660000085830688,1.6920000314712524,1.5219999551773071,1.616000056266785,29466000.0,-0.1061946435863061,0.0332481108871998,-0.0364732663495531,-0.0206060123531168,0.030518419351893,-0.030518419351893
TSLA_2011-08-08,TSLA,2011-08-08,1.5399999618530271,1.6293330192565918,1.5399999618530271,1.5759999752044678,39127500.0,-0.1529919198667695,0.0247074043618662,-0.0641422577524516,-0.0247525245480025,0.0304060881233698,-0.0304060881233698
TSLA_2011-08-09,TSLA,2011-08-09,1.6100000143051147,1.696666955947876,1.5800000429153442,1.670667052268982,20001000.0,-0.1154252902191319,0.0232748674904275,-0.0460752113643522,0.0600679432448798,0.0313323382186291,-0.0313323382186291
TSLA_2011-08-10,TSLA,2011-08-10,1.6959999799728394,1.6959999799728394,1.5753329992294312,1.5880000591278076,23463000.0,-0.1200592338389092,0.0262820330093211,-0.046888600414794,-0.0494814290069957,0.0314493036080695,-0.0314493036080695
TSLA_2011-08-11,TSLA,2011-08-11,1.602666974067688,1.7166670560836792,1.600000023841858,1.6866669654846191,12547500.0,-0.0856523133879465,0.0895781585167838,0.0019629225644186,0.0621328102538001,0.0323261319650834,-0.0323261319650834
TSLA_2011-08-12,TSLA,2011-08-12,1.7066669464111328,1.8093329668045044,1.6906670331954956,1.753999948501587,15136500.0,-0.0450092454254305,0.1316129048136096,0.0433018296940895,0.0399207338466023,0.0327287755666329,-0.0327287755666329
TSLA_2011-08-15,TSLA,2011-08-15,1.7746670246124268,1.7833329439163208,1.7286670207977295,1.7486670017242432,11079000.0,-0.0139093742552919,0.1364818008822002,0.0612862133134541,-0.0030404486510388,0.0324360461812836,-0.0324360461812836
TSLA_2011-08-16,TSLA,2011-08-16,1.7419999837875366,1.769333004951477,1.722000002861023,1.7400000095367432,8065500.0,0.0053927269168025,0.1427317673443404,0.0740622471305715,-0.0049563422761189,0.0322936762059116,-0.0322936762059116
TSLA_2011-08-17,TSLA,2011-08-17,1.7593330144882202,1.7766669988632202,1.7006670236587524,1.722000002861023,9655500.0,-0.0197345397401503,0.0444801927632647,0.0123728265115571,-0.0103448313661288,0.032269056883538,-0.032269056883538
TSLA_2011-08-18,TSLA,2011-08-18,1.6666669845581057,1.6766669750213623,1.564666986465454,1.6173330545425415,15849000.0,-0.1397164581677163,0.0279661259665615,-0.0558751661005774,-0.0607821998516737,0.0319031265934457,-0.0319031265934457
TSLA_2011-08-19,TSLA,2011-08-19,1.5906670093536377,1.6146670579910278,1.4666670560836792,1.4866670370101929,20629500.0,-0.2027171657057578,-0.0379633320278421,-0.1203402488668,-0.0807910387816238,0.0334103181848889,-0.0334103181848889
TSLA_2011-08-22,TSLA,2011-08-22,1.5406670570373535,1.5866669416427612,1.4453330039978027,1.463333010673523,14791500.0,-0.1815810845525228,0.0036577957400256,-0.0889616444062486,-0.0156955295004027,0.0330950345548826,-0.0330950345548826
TSLA_2011-08-23,TSLA,2011-08-23,1.462000012397766,1.5406670570373535,1.4333330392837524,1.5306669473648071,13035000.0,-0.1407182298701778,0.0517640658120619,-0.0444770820290579,0.0460140898894179,0.0336570769894033,-0.0336570769894033
TSLA_2011-08-24,TSLA,2011-08-24,1.5399999618530271,1.5953329801559448,1.5219999551773071,1.591333031654358,10264500.0,-0.1763286760469733,0.0594760711950903,-0.0584263024259414,0.039633758600454,0.0322421783100212,-0.0322421783100212
TSLA_2011-08-25,TSLA,2011-08-25,1.591333031654358,1.591333031654358,1.5266669988632202,1.5406670570373535,10197000.0,-0.2160783598222244,-0.0211772197561147,-0.1186277897891696,-0.0318386997625077,0.0323487332750889,-0.0323487332750889
TSLA_2011-08-26,TSLA,2011-08-26,1.5140000581741333,1.5966670513153076,1.4713330268859863,1.5820000171661377,11427000.0,-0.1969543176696362,-0.006697549800494,-0.1018259337350651,0.0268279638614885,0.032564351179464,-0.032564351179464
TSLA_2011-08-29,TSLA,2011-08-29,1.6146670579910278,1.6566669940948486,1.6013330221176147,1.647333025932312,12051000.0,-0.1801592310548256,0.0321635784538316,-0.073997826300497,0.0412977294925738,0.0329154621652501,-0.0329154621652501
TSLA_2011-08-30,TSLA,2011-08-30,1.6333329677581787,1.651332974433899,1.6059999465942385,1.6419999599456787,5493000.0,-0.1363953699721816,0.0253956780172344,-0.0554998459774735,-0.0032373939590114,0.0322583213516269,-0.0322583213516269
TSLA_2011-08-31,TSLA,2011-08-31,1.6533329486846924,1.7000000476837158,1.6186670064926147,1.6493330001831057,12357000.0,-0.1397774959889651,0.015599167267301,-0.062089164360832,0.0044659198637675,0.0322419680295852,-0.0322419680295852
TSLA_2011-09-01,TSLA,2011-09-01,1.6440000534057615,1.6579999923706057,1.5893330574035645,1.600000023841858,12721500.0,-0.2034518264775144,-0.0380759789491171,-0.1207639027133158,-0.0299108647773196,0.0317986807622671,-0.0317986807622671
TSLA_2011-09-02,TSLA,2011-09-02,1.5773329734802246,1.5993330478668213,1.5119999647140503,1.537999987602234,11548500.0,-0.1961671383430026,-0.0749801648500636,-0.1355736515965331,-0.0387500220723445,0.0316211183682057,-0.0316211183682057
TSLA_2011-09-06,TSLA,2011-09-06,1.5,1.546666979789734,1.4859999418258667,1.529332995414734,12147000.0,-0.1913993948310093,-0.0697488164635272,-0.1305741056472683,-0.0056352355379482,0.0316042165857526,-0.0316042165857526
TSLA_2011-09-07,TSLA,2011-09-07,1.5593329668045044,1.600000023841858,1.5520000457763672,1.5893330574035645,6888000.0,-0.1209440901169499,-0.0355988740509009,-0.0782714820839254,0.039232830370314,0.0315955095942178,-0.0315955095942178
TSLA_2011-09-08,TSLA,2011-09-08,1.5720000267028809,1.6019999980926514,1.5520000457763672,1.5740000009536743,7585500.0,-0.1451845082366748,-0.0166599291834407,-0.0809222187100577,-0.0096474784680683,0.0315069970196771,-0.0315069970196771
TSLA_2011-09-09,TSLA,2011-09-09,1.5579999685287476,1.5713330507278442,1.5033329725265503,1.5313329696655271,10039500.0,-0.1755204828002911,-0.0457004356759516,-0.1106104592381213,-0.027107389620264,0.0316337564402094,-0.0316337564402094
TSLA_2011-09-12,TSLA,2011-09-12,1.5,1.5540000200271606,1.4966670274734497,1.525333046913147,8499000.0,-0.1952163523134424,-0.0159141330077304,-0.1055652426605864,-0.0039181045998707,0.0314964108677989,-0.0314964108677989
TSLA_2011-09-13,TSLA,2011-09-13,1.534000039100647,1.6066670417785645,1.5166670083999634,1.6053329706192017,10897500.0,-0.1580422928644125,0.049237255319033,-0.0544025187726897,0.052447512278025,0.0322440904923632,-0.0322440904923632
TSLA_2011-09-14,TSLA,2011-09-14,1.6166670322418213,1.656000018119812,1.5859999656677246,1.6226669549942017,12462000.0,-0.1090773022837592,0.0666086761920239,-0.0212343130458676,0.0107977501815801,0.031818659560684,-0.031818659560684
TSLA_2011-09-15,TSLA,2011-09-15,1.6386669874191284,1.6619999408721924,1.621999979019165,1.6546670198440552,8439000.0,-0.0633962076743281,0.0881192705176798,0.0123615314216758,0.0197206609473155,0.0317122924784496,-0.0317122924784496
TSLA_2011-09-16,TSLA,2011-09-16,1.6519999504089355,1.7226669788360596,1.6326669454574585,1.7200000286102295,21256500.0,-0.0264152664694855,0.123693192416141,0.0486389629733277,0.0394840822852271,0.0321107968363899,-0.0321107968363899
TSLA_2011-09-19,TSLA,2011-09-19,1.6633330583572388,1.720667004585266,1.5880000591278076,1.718000054359436,17361000.0,-0.0092271704237759,0.1337441937578745,0.0622585116670492,-0.001162775707864,0.0320231963628241,-0.0320231963628241
TSLA_2011-09-20,TSLA,2011-09-20,1.7319999933242798,1.773332953453064,1.7113330364227295,1.7339999675750732,17706000.0,-0.0552123362281969,0.1721498249935835,0.0584687443826932,0.0093131040217591,0.0311730186943717,-0.0311730186943717
TSLA_2011-09-21,TSLA,2011-09-21,1.7300000190734863,1.796666979789734,1.713333010673523,1.7233330011367798,14814000.0,-0.049981813026079,0.1638896570935617,0.0569539220337413,-0.0061516531936334,0.0311489079489115,-0.0311489079489115
TSLA_2011-09-22,TSLA,2011-09-22,1.7093329429626465,1.7406669855117798,1.658666968345642,1.7086670398712158,11637000.0,-0.0750627623486825,0.1477832362415803,0.0363602369464488,-0.0085102306146808,0.0310725643060053,-0.0310725643060053
TSLA_2011-09-23,TSLA,2011-09-23,1.6993329524993896,1.7746670246124268,1.690000057220459,1.7586669921875,17346000.0,-0.0431627118542935,0.1595603929189697,0.058198840532338,0.0292625486121935,0.03129602786544,-0.03129602786544
TSLA_2011-09-26,TSLA,2011-09-26,1.7680000066757202,1.7680000066757202,1.659999966621399,1.7013330459594729,14022000.0,-0.0706485513729858,0.0976342569669372,0.0134928527969757,-0.032600797355452,0.0315582055361481,-0.0315582055361481
TSLA_2011-09-27,TSLA,2011-09-27,1.7333329916000366,1.7993329763412476,1.7046669721603394,1.746000051498413,10117500.0,-0.0683030442707307,0.0948994979156818,0.0132982268224755,0.0262541221103185,0.0315920024960727,-0.0315920024960727
TSLA_2011-09-28,TSLA,2011-09-28,1.7333329916000366,1.7666670083999634,1.633999943733215,1.6393330097198486,10849500.0,-0.1307884531330836,0.0371147054555809,-0.0468368738387513,-0.0610922328937064,0.0324816996605943,-0.0324816996605943
TSLA_2011-09-29,TSLA,2011-09-29,1.7146669626235962,1.7213330268859863,1.5700000524520874,1.6080000400543213,13944000.0,-0.1719876343997244,-0.130810800361494,-0.1513992173806092,-0.0191132426906245,0.0323024797176649,-0.0323024797176649
TSLA_2011-09-30,TSLA,2011-09-30,1.6533329486846924,1.6593329906463623,1.565999984741211,1.6260000467300415,20041500.0,-0.1595452581257579,-0.0851460995952204,-0.1223456788604892,0.0111940337234768,0.0323477647898213,-0.0323477647898213
TSLA_2011-10-03,TSLA,2011-10-03,1.6633330583572388,1.6666669845581057,1.5499999523162842,1.5820000171661377,15348000.0,-0.1856555904319712,-0.081300804565785,-0.1334781974988781,-0.027060288006996,0.0324871459699805,-0.0324871459699805
TSLA_2011-10-04,TSLA,2011-10-04,1.5526670217514038,1.6213330030441284,1.5286669731140137,1.5773329734802246,18004500.0,-0.1830113952491691,-0.1138578658241828,-0.148434630536676,-0.0029500907934711,0.0324841672443151,-0.0324841672443151
TSLA_2011-10-05,TSLA,2011-10-05,1.6019999980926514,1.7226669788360596,1.5566669702529907,1.6913330554962158,18442500.0,-0.1466533495494858,-0.0422802806102921,-0.0944668150798889,0.0722739484513923,0.0336375213738717,-0.0336375213738717
TSLA_2011-10-06,TSLA,2011-10-06,1.6913330554962158,1.840000033378601,1.6679999828338623,1.797333002090454,26536500.0,-0.0642141749830231,-0.0102791755548483,-0.0372466752689357,0.0626724264920957,0.0343954350713148,-0.0343954350713148
TSLA_2011-10-07,TSLA,2011-10-07,1.7986669540405271,1.840000033378601,1.7366670370101929,1.7993329763412476,19674000.0,-0.0479719629840645,0.018874826333129,-0.0145485683254677,0.0011127455226533,0.0343385632706501,-0.0343385632706501
TSLA_2011-10-10,TSLA,2011-10-10,1.820667028427124,1.878666996955872,1.7999999523162842,1.858667016029358,13852500.0,-0.0102944647153836,0.103284521926851,0.0464950286057336,0.0329755750982565,0.0345814783227853,-0.0345814783227853
TSLA_2011-10-11,TSLA,2011-10-11,1.8339999914169312,1.8513330221176147,1.805999994277954,1.8406670093536377,8635500.0,-0.0359633346457179,0.1200816001072448,0.0420591327307634,-0.0096843633208563,0.03454109694358,-0.03454109694358
TSLA_2011-10-12,TSLA,2011-10-12,1.816666960716248,1.8666670322418213,1.8133330345153809,1.853332996368408,16851000.0,0.0068811941271322,0.115122179484439,0.0610016868057856,0.0068811941271322,0.03424190209587,-0.03424190209587
TSLA_2011-10-13,TSLA,2011-10-13,1.8420000076293943,1.8980000019073489,1.829332947731018,1.8626669645309448,15652500.0,0.0130528959131299,0.1113764711162506,0.0622146835146902,0.005036314672445,0.0342454697533409,-0.0342454697533409
TSLA_2011-10-14,TSLA,2011-10-14,1.8666670322418213,1.9033329486846924,1.817332983016968,1.870000004768372,21007500.0,0.0301140318267849,0.096560033050526,0.0633370324386555,0.0039368498916143,0.034203975549051,-0.034203975549051
TSLA_2011-10-17,TSLA,2011-10-17,1.8573329448699951,1.8666670322418213,1.817332983016968,1.8279999494552608,11317500.0,-0.0168517894475528,0.0954851954161628,0.039316702984305,-0.0224599225700609,0.0341993655475841,-0.0341993655475841
TSLA_2011-10-18,TSLA,2011-10-18,1.820000052452088,1.8953330516815183,1.7806669473648071,1.8893330097198489,14995500.0,-0.0121997325706929,0.1263911296899491,0.057095698559628,0.0335520032606484,0.0342699299392908,-0.0342699299392908
TSLA_2011-10-19,TSLA,2011-10-19,1.868000030517578,1.870666980743408,1.820000052452088,1.838000059127808,11893500.0,-0.0393726533393566,0.0706794032157476,0.0156533749381954,-0.0271698797024948,0.0344453438771612,-0.0344453438771612
TSLA_2011-10-20,TSLA,2011-10-20,1.829332947731018,1.831333041191101,1.7999999523162842,1.8226670026779173,14995500.0,-0.0665756093439392,0.0224382685812816,-0.0220686703813288,-0.0083422502484394,0.0343587952818693,-0.0343587952818693
TSLA_2011-10-21,TSLA,2011-10-21,1.8266669511795044,1.886667013168335,1.8006670475006104,1.8686670064926147,17139000.0,-0.0161456646557153,0.0621451374492618,0.0229997363967732,0.0252377443313083,0.0343354572287276,-0.0343354572287276
TSLA_2011-10-24,TSLA,2011-10-24,1.8580000400543213,1.9259999990463257,1.850000023841858,1.9033329486846924,14109000.0,0.0196424513903994,0.0601559260428627,0.0398991887166311,0.0185511608390538,0.0343365918163724,-0.0343365918163724
TSLA_2011-10-25,TSLA,2011-10-25,1.8819999694824217,1.924000024795532,1.853332996368408,1.8833329677581787,9816000.0,0.0220690903541349,0.0432052971194114,0.0326371937367732,-0.010507873013145,0.0343226914680539,-0.0343226914680539
TSLA_2011-10-26,TSLA,2011-10-26,1.879333019256592,1.891332983970642,1.8266669511795044,1.8653329610824585,7657500.0,-0.006744973246465,0.0115688608524382,0.0024119438029865,-0.0095575275237423,0.0342671931973703,-0.0342671931973703
TSLA_2011-10-27,TSLA,2011-10-27,1.8893330097198489,1.9299999475479128,1.8739999532699585,1.9173330068588257,13041000.0,0.0209440817031769,0.0420287891724795,0.0314864354378282,0.0278770851431218,0.0344405288946835,-0.0344405288946835
TSLA_2011-10-28,TSLA,2011-10-28,1.899999976158142,2.0,1.8673330545425413,1.9913330078125,18960000.0,0.0382341113842386,0.0881600880402926,0.0631970997122656,0.0385952782792327,0.0346737793952902,-0.0346737793952902
TSLA_2011-10-31,TSLA,2011-10-31,1.9666670560836792,1.9673329591751096,1.9166669845581048,1.9579999446868896,17010000.0,0.0742499544953285,0.0930407625314522,0.0836453585133903,-0.0167390702583828,0.0341379368757161,-0.0341379368757161
TSLA_2011-11-01,TSLA,2011-11-01,1.8926670551300049,1.9279999732971191,1.8666670322418213,1.925333023071289,9528000.0,0.0617647097494369,0.0820532345731748,0.0719089721613058,-0.0166838215211617,0.034206290616074,-0.034206290616074
TSLA_2011-11-02,TSLA,2011-11-02,1.9333330392837524,1.9506670236587524,1.8833329677581787,1.914000034332276,13129500.0,0.1600000375689891,0.0858546161783846,0.1229273268736869,-0.0058862485623056,0.0321527635346477,-0.0321527635346477
TSLA_2011-11-03,TSLA,2011-11-03,2.0,2.16599988937378,1.9686670303344729,2.1640000343322754,37645500.0,0.3391088855104727,0.1969026946904324,0.2680057901004525,0.1306165075839276,0.0358090071472152,-0.0358090071472152
TSLA_2011-11-04,TSLA,2011-11-04,2.0973329544067383,2.1600000858306885,2.0339999198913574,2.1540000438690186,45493500.0,0.3667513183745843,0.1576494101960184,0.2622003642853013,-0.0046210676084127,0.0356261584580809,-0.0356261584580809
TSLA_2011-11-07,TSLA,2011-11-07,2.109333038330078,2.1333329677581787,2.049999952316284,2.084666967391968,18994500.0,0.2478051593587846,0.1037768867028667,0.1757910230308257,-0.0321880571332366,0.0352446397620879,-0.0352446397620879
TSLA_2011-11-08,TSLA,2011-11-08,2.0913329124450684,2.1333329677581787,2.0480000972747803,2.122667074203491,17518500.0,0.3366920624482494,0.1762098375521612,0.2564509500002053,0.0182283824735147,0.034610344251646,-0.034610344251646
TSLA_2011-11-09,TSLA,2011-11-09,2.058000087738037,2.0993330478668213,2.0199999809265137,2.058666944503784,14305500.0,0.2205533081702828,0.1160100937121868,0.1682817009412348,-0.0301508090823533,0.0341110394246122,-0.0341110394246122
TSLA_2011-11-10,TSLA,2011-11-10,2.062666893005371,2.0999999046325684,2.043333053588867,2.0886669158935547,11209500.0,0.1908021534880135,0.1372050471085404,0.1640036002982769,0.0145725229959436,0.0338255983642755,-0.0338255983642755
TSLA_2011-11-11,TSLA,2011-11-11,2.126667022705078,2.299999952316284,2.0380001068115234,2.242666959762573,58024500.0,0.2825008749814741,0.2646620903286174,0.2735814826550458,0.0737312602105995,0.0349563872309338,-0.0349563872309338
TSLA_2011-11-14,TSLA,2011-11-14,2.200000047683716,2.236000061035156,2.17466688156128,2.2146670818328857,19885500.0,0.2727971664911184,0.2796610140304854,0.2762290902608019,-0.0124850806794118,0.0350022437698796,-0.0350022437698796
TSLA_2011-11-15,TSLA,2011-11-15,2.194667100906372,2.293333053588867,2.181999921798706,2.26200008392334,13365000.0,0.3135888967277189,0.2876658244430254,0.3006273605853722,0.0213725134936673,0.0350144193203903,-0.0350144193203903
TSLA_2011-11-16,TSLA,2011-11-16,2.2320001125335693,2.3333330154418945,2.2266669273376465,2.329333066940308,27498000.0,0.4402309161975013,0.2390069536427412,0.3396189349201213,0.0297670117236168,0.0341204708118052,-0.0341204708118052
TSLA_2011-11-17,TSLA,2011-11-17,2.299999952316284,2.326667070388794,2.2126669883728027,2.245332956314087,20239500.0,0.5103132715107697,0.2041468457823156,0.3572300586465426,-0.0360618718801598,0.0327139352112963,-0.0327139352112963
TSLA_2011-11-18,TSLA,2011-11-18,2.242666959762573,2.2739999294281006,2.169332981109619,2.173332929611206,13542000.0,0.4851936734557052,0.2155105954590725,0.3503521344573889,-0.0320665255905188,0.0329618440355724,-0.0329618440355724
TSLA_2011-11-21,TSLA,2011-11-21,2.1626670360565186,2.1626670360565186,2.069999933242798,2.117332935333252,15474000.0,0.3832747476375888,0.1886227737259105,0.2859487606817497,-0.0257668733192995,0.0328255077407909,-0.0328255077407909
TSLA_2011-11-22,TSLA,2011-11-22,2.117332935333252,2.186000108718872,2.069999933242798,2.138000011444092,10989000.0,0.343527702194063,0.1066252412337516,0.2250764717139073,0.0097609005017376,0.0325416656203915,-0.0325416656203915
TSLA_2011-11-23,TSLA,2011-11-23,2.117332935333252,2.136667013168335,2.0833330154418945,2.096667051315308,6777000.0,0.3608826395932176,0.0668253509193756,0.2138539952562966,-0.0193325350362677,0.0323496178031117,-0.0323496178031117
TSLA_2011-11-25,TSLA,2011-11-25,2.103332996368408,2.1606669425964355,2.072000026702881,2.110666990280152,3594000.0,0.3341763384181397,0.0714045480340213,0.2027904432260805,0.0066772351652404,0.0322337933749273,-0.0322337933749273
TSLA_2011-11-28,TSLA,2011-11-28,2.1333329677581787,2.2186670303344727,2.120666980743408,2.1706669330596924,10218000.0,0.3176855553121678,0.0802923388950767,0.1989889471036222,0.0284270058023585,0.0320407844636544,-0.0320407844636544
TSLA_2011-11-29,TSLA,2011-11-29,2.16599988937378,2.204667091369629,2.1086668968200684,2.1166670322418213,8866500.0,0.2890786138093728,0.1132542593556165,0.2011664365824946,-0.0248771011321182,0.032244559700337,-0.032244559700337
TSLA_2011-11-30,TSLA,2011-11-30,2.166666984558105,2.1953330039978027,2.1480000019073486,2.182667016983032,11404500.0,0.3233634546454333,0.1383870246717882,0.2308752396586108,0.0311810897679585,0.0324188042616541,-0.0324188042616541
TSLA_2011-12-01,TSLA,2011-12-01,2.171333074569702,2.2660000324249268,2.131999969482422,2.173332929611206,15453000.0,0.3583330607662638,0.0819777185885748,0.2201553896774193,-0.0042764596244861,0.0321336763592118,-0.0321336763592118
TSLA_2011-12-02,TSLA,2011-12-02,2.188667058944702,2.246000051498413,2.1600000858306885,2.220000028610229,12042000.0,0.4434330601466671,0.1602789273480125,0.3018559937473398,0.0214725955527537,0.0316928101451287,-0.0316928101451287
TSLA_2011-12-05,TSLA,2011-12-05,2.23533296585083,2.3333330154418945,2.228667020797729,2.2946670055389404,17401500.0,0.5004364729060582,0.2132538400094645,0.3568451564577614,0.0336337729578564,0.0318396304614166,-0.0318396304614166
TSLA_2011-12-06,TSLA,2011-12-06,2.2799999713897705,2.3320000171661377,2.268666982650757,2.324666976928711,14277000.0,0.4626682343891057,0.2857671556379497,0.3742176950135277,0.0130737799067819,0.0315813244119706,-0.0315813244119706
TSLA_2011-12-07,TSLA,2011-12-07,2.308666944503784,2.325999975204468,2.25333309173584,2.2793331146240234,10114500.0,0.448115065592753,0.237871191924549,0.342993128758651,-0.0195012286725823,0.0316869710753832,-0.0316869710753832
TSLA_2011-12-08,TSLA,2011-12-08,2.055999994277954,2.109999895095825,1.9739999771118164,2.059333086013794,49587000.0,0.3447977198999328,0.108758174834366,0.2267779473671494,-0.0965194719449853,0.0339928338024681,-0.0339928338024681
TSLA_2011-12-09,TSLA,2011-12-09,2.0360000133514404,2.074666976928711,2.018666982650757,2.069333076477051,18592500.0,0.3566434429941774,0.0918044586629043,0.2242239508285408,0.0048559363859945,0.0339725341989397,-0.0339725341989397
TSLA_2011-12-12,TSLA,2011-12-12,2.0293331146240234,2.041332960128784,2.001332998275757,2.0273330211639404,11380500.0,0.2628738450328887,0.063286366965394,0.1630801059991413,-0.0202964210017914,0.0335821103003707,-0.0335821103003707
TSLA_2011-12-13,TSLA,2011-12-13,2.0380001068115234,2.062000036239624,1.9273329973220823,1.963333010673523,14911500.0,0.2099420676749646,0.0779648510133457,0.1439534593441551,-0.0315685730081353,0.0338719905560365,-0.0338719905560365
TSLA_2011-12-14,TSLA,2011-12-14,1.9666670560836792,1.9786670207977293,1.8666670322418213,1.9019999504089355,17458500.0,0.1494759535294239,0.0766035372628262,0.113039745396125,-0.0312392548442645,0.034088257568761,-0.034088257568761
TSLA_2011-12-15,TSLA,2011-12-15,1.911332964897156,1.9446669816970823,1.874667048454285,1.9079999923706048,10504500.0,0.1093023026937274,0.0799997867728588,0.0946510447332931,0.0031545962766084,0.0337630182557044,-0.0337630182557044
TSLA_2011-12-16,TSLA,2011-12-16,1.9193329811096191,1.928666949272156,1.8653329610824585,1.8666670322418213,15445500.0,0.0865349087185078,0.0765092659443802,0.081522087331444,-0.0216629770933223,0.0338944870266181,-0.0338944870266181
TSLA_2011-12-19,TSLA,2011-12-19,1.8726669549942017,1.899999976158142,1.824666976928711,1.850000023841858,14805000.0,0.0668973808742372,0.007991483960426,0.0374444324173316,-0.0089287527513391,0.0339078358671975,-0.0339078358671975
TSLA_2011-12-20,TSLA,2011-12-20,1.870000004768372,1.896667003631592,1.8480000495910645,1.8600000143051147,12649500.0,0.0793038914000856,0.0253583261018071,0.0523311087509463,0.005405400180747,0.0338965625346788,-0.0338965625346788
TSLA_2011-12-21,TSLA,2011-12-21,1.860666990280152,1.8713330030441284,1.73533296585083,1.838000059127808,25582500.0,0.0756923474490034,-0.0050520915878575,0.0353201279305729,-0.0118279328000573,0.0339153618793595,-0.0339153618793595
TSLA_2011-12-22,TSLA,2011-12-22,1.840000033378601,1.870000004768372,1.820000052452088,1.8513330221176147,15141000.0,0.0526910610944333,0.0072540601528237,0.0299725606236285,0.0072540601528237,0.0337399425787354,-0.0337399425787354
TSLA_2011-12-23,TSLA,2011-12-23,1.8666670322418213,1.8666670322418213,1.834666967391968,1.8600000143051147,8871000.0,0.0932603811596224,0.0160231189572166,0.0546417500584195,0.004681487384472,0.033460353988517,-0.033460353988517
TSLA_2011-12-27,TSLA,2011-12-27,1.843999981880188,1.9179999828338623,1.8426669836044312,1.9046670198440552,11662500.0,0.0908745496367393,0.0163644969790877,0.0536195233079135,0.0240145189222633,0.0334353058428968,-0.0334353058428968
TSLA_2011-12-28,TSLA,2011-12-28,1.932667016983032,1.9493329524993896,1.869333028793335,1.9006669521331787,8628000.0,0.1594147991066137,0.0077767309918548,0.0835957650492342,-0.0021001401658143,0.0324536960236172,-0.0324536960236172
TSLA_2011-12-29,TSLA,2011-12-29,1.906000018119812,1.955999970436096,1.9033329486846924,1.915333032608032,7323000.0,0.1911274781705405,-0.0137317190685201,0.0886978795510102,0.0077162810972186,0.0323365334984317,-0.0323365334984317
TSLA_2011-12-30,TSLA,2011-12-30,1.8993330001831048,1.932000041007996,1.8833329677581787,1.9040000438690183,5097000.0,0.1709717030439497,-0.0158512795761557,0.0775602117338969,-0.0059169807788371,0.0323408951470094,-0.0323408951470094
TSLA_2012-01-03,TSLA,2012-01-03,1.929332971572876,1.9666670560836792,1.843333005905152,1.871999979019165,13921500.0,0.1833122368560455,-0.03637629514284,0.0734679708566027,-0.0168067563616373,0.0322126532192561,-0.0322126532192561
TSLA_2012-01-04,TSLA,2012-01-04,1.880666971206665,1.911332964897156,1.8333330154418943,1.8473329544067385,9451500.0,0.1711750058269474,-0.0431633660703958,0.0640058198782758,-0.013176829534662,0.0322697424185508,-0.0322697424185508
TSLA_2012-01-05,TSLA,2012-01-05,1.8506669998168943,1.861999988555908,1.7899999618530271,1.807999968528748,15082500.0,0.0689792661790693,-0.0877901238050424,-0.0094054288129865,-0.0212917686463413,0.0311649516680459,-0.0311649516680459
TSLA_2012-01-06,TSLA,2012-01-06,1.8133330345153809,1.852666974067688,1.7606669664382937,1.7940000295639038,14794500.0,-0.0018543990026743,-0.0659494952836515,-0.0339019471431629,-0.0077433292082612,0.0301839849532154,-0.0301839849532154
TSLA_2012-01-09,TSLA,2012-01-09,1.7999999523162842,1.8326669931411743,1.7413330078125,1.816666960716248,13455000.0,0.0096335612156941,-0.0388005426104145,-0.0145834906973602,0.0126348555065822,0.0302231852887788,-0.0302231852887788
TSLA_2012-01-10,TSLA,2012-01-10,1.829332947731018,1.8506669998168943,1.816666960716248,1.841333031654358,10077000.0,-0.0093260300126433,-0.0195244882411272,-0.0144252591268853,0.0135776515296919,0.0299858523222372,-0.0299858523222372
TSLA_2012-01-11,TSLA,2012-01-11,1.841333031654358,1.8919999599456787,1.820000052452088,1.8819999694824217,10084500.0,0.0224554250816384,-0.0143154815309024,0.0040699717753679,0.0220855962115262,0.0300824551693019,-0.0300824551693019
TSLA_2012-01-12,TSLA,2012-01-12,1.8986669778823853,1.9079999923706048,1.8539999723434448,1.8833329677581787,10939500.0,0.0161870378655943,0.0231796181426229,0.0196833280041086,0.000708288149507,0.0300723486843011,-0.0300723486843011
TSLA_2012-01-13,TSLA,2012-01-13,1.8933329582214355,1.899999976158142,1.5093330144882202,1.519333004951477,82506000.0,-0.1843238571989844,-0.1736769214081794,-0.1790003893035819,-0.1932743540511523,0.0387401493676258,-0.0387401493676258
TSLA_2012-01-17,TSLA,2012-01-17,1.7746670246124268,1.8226670026779173,1.7606669664382937,1.773332953453064,69774000.0,-0.0516936101972266,-0.0231362813931623,-0.0374149457951945,0.1671785893374302,0.0442429717762834,-0.0442429717762834
TSLA_2012-01-18,TSLA,2012-01-18,1.779332995414734,1.7920000553131104,1.75,1.7873330116271973,18903000.0,-0.02224668432851,-0.0387235773358526,-0.0304851308321813,0.0078947713382713,0.0441581308245847,-0.0441581308245847
TSLA_2012-01-19,TSLA,2012-01-19,1.8126670122146609,1.8493330478668213,1.77400004863739,1.784000039100647,18694500.0,-0.0557514054310736,-0.0672709857650671,-0.0615111955980703,-0.0018647742221892,0.0439570729006264,-0.0439570729006264
TSLA_2012-01-20,TSLA,2012-01-20,1.7933330535888672,1.7999999523162842,1.7599999904632568,1.773332953453064,9934500.0,-0.0351834078315703,-0.0731707970510774,-0.0541771024413239,-0.0059793079673701,0.0438262640489869,-0.0438262640489869
TSLA_2012-01-23,TSLA,2012-01-23,1.7873330116271973,1.8140000104904173,1.773332953453064,1.7846670150756836,8919000.0,-0.0208485628731979,-0.0860361664399085,-0.0534423646565532,0.006391389502208,0.0438182146485722,-0.0438182146485722
TSLA_2012-01-24,TSLA,2012-01-24,1.775333046913147,1.8453329801559448,1.762666940689087,1.8279999494552608,12870000.0,-0.0217626023770194,-0.0375568953527196,-0.0296597488648695,0.0242806831826494,0.0438097093467929,-0.0438097093467929
TSLA_2012-01-25,TSLA,2012-01-25,1.8179999589920044,1.8673330545425413,1.803333044052124,1.864667057991028,9168000.0,-0.0203148328411929,-0.0010714145673806,-0.0106931237042868,0.0200585938455271,0.0438200763569732,-0.0438200763569732
TSLA_2012-01-26,TSLA,2012-01-26,1.8713330030441284,1.972000002861023,1.8666670322418213,1.929332971572876,19066500.0,0.0244247855276771,0.0470329086805028,0.0357288471040899,0.0346796031520599,0.0440041859999889,-0.0440041859999889
TSLA_2012-01-27,TSLA,2012-01-27,1.899999976158142,1.9813330173492432,1.899999976158142,1.95533299446106,11226000.0,0.0482487766293338,0.0411783666753293,0.0447135716523315,0.0134761719574967,0.0440077710401169,-0.0440077710401169
TSLA_2012-01-30,TSLA,2012-01-30,1.965999960899353,1.9739999771118164,1.9019999504089355,1.9713330268859863,10935000.0,0.0281641320699053,0.0496980856562534,0.0389311088630793,0.0081827660404902,0.0438887377703488,-0.0438887377703488
TSLA_2012-01-31,TSLA,2012-01-31,1.9933329820632928,2.0,1.9246670007705688,1.937999963760376,14346000.0,-0.0267825842502912,0.0104275188245641,-0.0081775327128635,-0.0169088949817195,0.0436867677510709,-0.0436867677510709
TSLA_2012-02-01,TSLA,2012-02-01,1.937999963760376,1.9800000190734863,1.9333330392837524,1.972000002861023,7848000.0,0.0071501831305578,0.0819310383979636,0.0445406107642607,0.017543880152957,0.0436817864666874,-0.0436817864666874
TSLA_2012-02-02,TSLA,2012-02-02,1.9813330173492432,2.058666944503784,1.9739999771118164,2.016666889190674,12085500.0,0.0474379574987442,0.1121326589241973,0.0797853082114707,0.0226505508442429,0.0437050642813653,-0.0437050642813653
TSLA_2012-02-03,TSLA,2012-02-03,2.0273330211639404,2.0886669158935547,2.016666889190674,2.076667070388794,11467500.0,0.084988000594925,0.2585861214520153,0.1717870610234702,0.0297521526830835,0.0438358335852753,-0.0438358335852753
TSLA_2012-02-06,TSLA,2012-02-06,2.0733330249786377,2.126667022705078,2.069999933242798,2.119999885559082,9781500.0,-0.0203327856169697,0.3118810716236089,0.1457741430033196,0.0208665201024136,0.0407227393465361,-0.0407227393465361
TSLA_2012-02-07,TSLA,2012-02-07,2.119999885559082,2.119999885559082,2.0546669960021973,2.1066670417785645,15324000.0,-0.0219744666325235,0.3367176871340043,0.1573716102507403,-0.0062890775944554,0.040726675189348,-0.040726675189348
TSLA_2012-02-08,TSLA,2012-02-08,2.1066670417785645,2.134000062942505,2.0859999656677246,2.128667116165161,9355500.0,0.0211065601659337,0.2741420340301532,0.1476242970980434,0.0104430714252894,0.0405286535589162,-0.0405286535589162
TSLA_2012-02-09,TSLA,2012-02-09,2.1333329677581787,2.19333291053772,2.0953330993652344,2.171999931335449,19156500.0,0.023240977226949,0.3677580922310528,0.1954995347290009,0.0203567832852855,0.0405439899551719,-0.0405439899551719
TSLA_2012-02-10,TSLA,2012-02-10,2.1506669521331787,2.1513330936431885,1.9893330335617063,2.0733330249786377,28113000.0,0.0071240666267113,0.2292486112591409,0.1181863389429261,-0.0454267539024029,0.040779504329286,-0.040779504329286
TSLA_2012-02-13,TSLA,2012-02-13,2.103332996368408,2.1373329162597656,2.059999942779541,2.0993330478668213,17368500.0,0.0051066696619281,0.1968831867185896,0.1009949281902589,0.0125402058303931,0.0407693629234899,-0.0407693629234899
TSLA_2012-02-14,TSLA,2012-02-14,2.115999937057495,2.25266695022583,2.093333005905152,2.211333036422729,27162000.0,-0.013971723801184,0.2645821269814561,0.125305201590136,0.0533502717302114,0.0402600045637561,-0.0402600045637561
TSLA_2012-02-15,TSLA,2012-02-15,2.206666946411133,2.2939999103546143,2.1513330936431885,2.240000009536743,41427000.0,0.0114387069332748,0.2873563202641129,0.1493975135986939,0.012963661575096,0.0402542495216513,-0.0402542495216513
TSLA_2012-02-16,TSLA,2012-02-16,2.233333110809326,2.3006670475006104,2.169332981109619,2.2786669731140137,33295500.0,0.0073682089179085,0.3232676941510537,0.1653179515344811,0.0172620372377887,0.0402240256253646,-0.0402240256253646
TSLA_2012-02-17,TSLA,2012-02-17,2.2660000324249268,2.3313329219818115,2.233333110809326,2.3313329219818115,20650500.0,0.0008585526346089,0.4414674302450481,0.2211629914398285,0.0231126134223225,0.0401557873790008,-0.0401557873790008
TSLA_2012-02-21,TSLA,2012-02-21,2.324666976928711,2.324666976928711,2.253999948501587,2.299999952316284,17037000.0,0.0243469441128847,0.5470847843251905,0.2857158642190376,-0.0134399378870744,0.0399209883696745,-0.0399209883696745
TSLA_2012-02-22,TSLA,2012-02-22,2.299999952316284,2.314666986465454,2.166666984558105,2.281332969665528,24819000.0,0.0496932791947537,0.5589978173290213,0.3043455482618875,-0.0081160795816352,0.0397126378559071,-0.0397126378559071
TSLA_2012-02-23,TSLA,2012-02-23,2.2660000324249268,2.3313329219818115,2.237333059310913,2.302000045776367,12306000.0,0.0872168506716446,0.5039196147401532,0.2955682327058989,0.0090592107270819,0.0395680409428781,-0.0395680409428781
TSLA_2012-02-24,TSLA,2012-02-24,2.282000064849853,2.301332950592041,2.2179999351501465,2.25,14398500.0,0.0523854012892446,0.4139089400167157,0.2331471706529801,-0.0225890724336756,0.039677132358873,-0.039677132358873
TSLA_2012-02-27,TSLA,2012-02-27,2.227333068847656,2.266666889190674,2.200000047683716,2.2413330078125,9090000.0,0.0689980588031076,0.4547808999839988,0.2618894793935532,-0.0038519965277777,0.0395931679250548,-0.0395931679250548
TSLA_2012-02-28,TSLA,2012-02-28,2.242666959762573,2.2960000038146973,2.211333036422729,2.253999948501587,9183000.0,0.0679088453467546,0.4247787130490768,0.2463437791979157,0.0056515210568597,0.0395913655480106,-0.0395913655480106
TSLA_2012-02-29,TSLA,2012-02-29,2.253999948501587,2.2746670246124268,2.2093329429626465,2.227333068847656,8035500.0,0.0261054033324628,0.3520842681989522,0.1890948357657075,-0.0118309140475618,0.0394800996783097,-0.0394800996783097
TSLA_2012-03-01,TSLA,2012-03-01,2.233999967575073,2.299999952316284,2.220666885375977,2.2939999103546143,10552500.0,0.0837792980244864,0.3970767151727004,0.2404280065985934,0.0299312403876128,0.0394999842107287,-0.0394999842107287
TSLA_2012-03-02,TSLA,2012-03-02,2.293333053588867,2.299999952316284,2.24733304977417,2.2693328857421875,8250000.0,0.039706408758102,0.375909464911119,0.2078079368346105,-0.0107528446278856,0.0393546319619365,-0.0393546319619365
TSLA_2012-03-05,TSLA,2012-03-05,2.289999961853028,2.293333053588867,2.2306671142578125,2.251332998275757,7005000.0,0.035889608813181,0.4070831029551758,0.2214863558841784,-0.0079317968639686,0.0393658410441215,-0.0393658410441215
TSLA_2012-03-06,TSLA,2012-03-06,2.2166669368743896,2.2186670303344727,2.17466688156128,2.2073330879211426,8607000.0,-0.0057058290656942,0.4351970778376983,0.214745624386002,-0.0195439370312222,0.0393668541213882,-0.0393668541213882
TSLA_2012-03-07,TSLA,2012-03-07,2.2079999446868896,2.220666885375977,2.194000005722046,2.2079999446868896,5473500.0,-0.0377689053108146,0.4437666298359766,0.2029988622625809,0.0003021097130271,0.0391404171135676,-0.0391404171135676
TSLA_2012-03-08,TSLA,2012-03-08,2.2073330879211426,2.2326669692993164,2.202666997909546,2.204667091369629,9499500.0,-0.051620247867771,0.387164937581625,0.167772344856927,-0.0015094444749785,0.0391059803218866,-0.0391059803218866
TSLA_2012-03-09,TSLA,2012-03-09,2.2133328914642334,2.3540000915527344,2.2133328914642334,2.315999984741211,23301000.0,0.0160866658242868,0.4714104087280588,0.2437485372761728,0.0504987323516574,0.0395368079200896,-0.0395368079200896
TSLA_2012-03-12,TSLA,2012-03-12,2.312666893005371,2.419332981109619,2.3066670894622803,2.4006669521331787,29449500.0,0.1657497120973747,0.5676975548025529,0.3667236334499638,0.0365574127589765,0.0377546913467252,-0.0377546913467252
TSLA_2012-03-13,TSLA,2012-03-13,2.434000015258789,2.439332962036133,2.3666670322418213,2.4059998989105225,15024000.0,0.162693394437319,0.5773603697760317,0.3700268821066753,0.002221443825269,0.0377542438279878,-0.0377542438279878
TSLA_2012-03-14,TSLA,2012-03-14,2.400000095367432,2.400000095367432,2.319999933242798,2.352667093276977,12772500.0,0.1604739175639997,0.4655321583344278,0.3130030379492138,-0.022166586813946,0.0377736828600784,-0.0377736828600784
TSLA_2012-03-15,TSLA,2012-03-15,2.351999998092652,2.365333080291748,2.318666934967041,2.3333330154418945,8574000.0,0.1884550418889166,0.4379617507218123,0.3132083963053644,-0.0082179403496278,0.0375419647554485,-0.0375419647554485
TSLA_2012-03-16,TSLA,2012-03-16,2.326667070388794,2.392667055130005,2.322000026702881,2.354666948318481,10939500.0,0.237995273244997,0.4230457971782126,0.3305205352116048,0.0091431153356162,0.0372837917755319,-0.0372837917755319
TSLA_2012-03-19,TSLA,2012-03-19,2.3506669998168945,2.354666948318481,2.3026669025421143,2.3320000171661377,15234000.0,0.2222222361063701,0.355813940916273,0.2890180885113216,-0.0096263852382734,0.0373237818296496,-0.0373237818296496
TSLA_2012-03-20,TSLA,2012-03-20,2.3320000171661377,2.346667051315308,2.3046669960021973,2.330667018890381,8505000.0,0.2485713727377008,0.3566163825060997,0.3025938776219002,-0.0005716116063226,0.0371851322200915,-0.0371851322200915
TSLA_2012-03-21,TSLA,2012-03-21,2.329333066940308,2.353332996368408,2.3066670894622803,2.343333005905152,9108000.0,0.266666473354308,0.3514031428629178,0.3090348081086129,0.0054344901747489,0.037147139777226,-0.037147139777226
TSLA_2012-03-22,TSLA,2012-03-22,2.3313329219818115,2.343333005905152,2.2866671085357666,2.293333053588867,7836000.0,0.232974750511302,0.3307544462248981,0.2818645983681,-0.0213371092329966,0.0372887105861463,-0.0372887105861463
TSLA_2012-03-23,TSLA,2012-03-23,2.2839999198913574,2.308666944503784,2.2100000381469727,2.2720000743865967,17559000.0,0.2361262248624387,0.3296915205655515,0.2829088727139951,-0.0093021722984746,0.0372727318906011,-0.0372727318906011
TSLA_2012-03-26,TSLA,2012-03-26,2.372667074203491,2.5393331050872803,2.3359999656677246,2.493333101272583,47107500.0,0.3467771986374595,0.4177403182914556,0.3822587584644575,0.0974177023060804,0.0390836879042108,-0.0390836879042108
TSLA_2012-03-27,TSLA,2012-03-27,2.477333068847656,2.663332939147949,2.4686670303344727,2.5293331146240234,38088000.0,0.3598565027801721,0.4866772385518421,0.4232668706660071,0.0144385093724805,0.0390996851466403,-0.0390996851466403
TSLA_2012-03-28,TSLA,2012-03-28,2.518666982650757,2.562666893005371,2.4739999771118164,2.523333072662353,14325000.0,0.3248158582957725,0.4452079027700111,0.3850118805328918,-0.0023721833739412,0.0390412234969982,-0.0390412234969982
TSLA_2012-03-29,TSLA,2012-03-29,2.5460000038146973,2.5460000038146973,2.4686670303344727,2.4886670112609863,11946000.0,0.3093651196848961,0.5180972971966711,0.4137312084407836,-0.0137382027671799,0.0391040215186181,-0.0391040215186181
TSLA_2012-03-30,TSLA,2012-03-30,2.501332998275757,2.5293331146240234,2.4453330039978027,2.4826669692993164,13296000.0,0.2962064179088315,0.5439470817522163,0.4200767498305239,-0.0024109460745532,0.0391137406634679,-0.0391137406634679
TSLA_2012-04-02,TSLA,2012-04-02,2.4886670112609863,2.531332969665528,2.435333013534546,2.438667058944702,15429000.0,0.2808125014478546,0.4997951961003755,0.390303848774115,-0.0177228403562449,0.0391945951165447,-0.0391945951165447
TSLA_2012-04-03,TSLA,2012-04-03,2.446666955947876,2.564666986465454,2.444667100906372,2.5339999198913574,16471500.0,0.3536324510105215,0.601769843486192,0.4777011472483567,0.0390922002234734,0.0393320765466809,-0.0393320765466809
TSLA_2012-04-04,TSLA,2012-04-04,2.351332902908325,2.365999937057495,2.312666893005371,2.3333330154418945,67227000.0,0.2630820068877255,0.4792900767766446,0.371186041832185,-0.079189783264897,0.0406960062217095,-0.0406960062217095
TSLA_2012-04-05,TSLA,2012-04-05,2.3399999141693115,2.3626670837402344,2.2939999103546143,2.298666954040528,22641000.0,0.2713866117547878,0.3590859272635263,0.315236269509157,-0.0148568854818186,0.0406381316388666,-0.0406381316388666
TSLA_2012-04-09,TSLA,2012-04-09,2.273333072662353,2.2860000133514404,2.206666946411133,2.2100000381469727,24835500.0,0.2318840589340416,0.2295996543637439,0.2307418566488928,-0.0385731894469092,0.0409740596667139,-0.0409740596667139
TSLA_2012-04-10,TSLA,2012-04-10,2.2100000381469727,2.256666898727417,2.140000104904175,2.1640000343322754,27715500.0,0.1911924866399761,0.2026679123796972,0.1969301995098367,-0.020814481004836,0.0410791098724829,-0.0410791098724829
TSLA_2012-04-11,TSLA,2012-04-11,2.2160000801086426,2.219332933425904,2.134000062942505,2.2060000896453857,16582500.0,0.1980451399730718,0.1868721350411815,0.1924586375071266,0.0194085280253102,0.0411084347653438,-0.0411084347653438
TSLA_2012-04-12,TSLA,2012-04-12,2.251332998275757,2.298666954040528,2.194667100906372,2.22933292388916,15508500.0,0.1845552391280114,0.2111549305553126,0.197855084841662,0.010576986988031,0.0410510629046109,-0.0410510629046109
TSLA_2012-04-13,TSLA,2012-04-13,2.262666940689087,2.2693328857421875,2.190000057220459,2.239332914352417,9744000.0,0.1890265570076024,0.2082733749090817,0.198649965958342,0.0044856424790118,0.0410496141768247,-0.0410496141768247
TSLA_2012-04-16,TSLA,2012-04-16,2.227333068847656,2.24666690826416,2.1393330097198486,2.150000095367432,16494000.0,0.4150947082440934,0.1542589933186704,0.2846768507813819,-0.0398926030213862,0.032930061613968,-0.032930061613968
TSLA_2012-04-17,TSLA,2012-04-17,2.1619999408721924,2.204667091369629,2.135999917984009,2.149333000183105,16732500.0,0.2120301469602126,0.149375932995964,0.1807030399780883,-0.0003102768161565,0.0256718590537102,-0.0256718590537102
TSLA_2012-04-18,TSLA,2012-04-18,2.1393330097198486,2.183332920074463,2.101999998092652,2.177333116531372,12346500.0,0.2182022613397134,0.1911013001834116,0.2046517807615625,0.013027351436879,0.0256945545635891,-0.0256945545635891
TSLA_2012-04-19,TSLA,2012-04-19,2.183332920074463,2.228667020797729,2.166666984558105,2.21066689491272,11623500.0,0.2391630305272667,0.1700779500171432,0.2046204902722049,0.0153094527099513,0.0257282264628383,-0.0257282264628383
TSLA_2012-04-20,TSLA,2012-04-20,2.2093329429626465,2.248667001724243,2.196000099182129,2.21066689491272,12327000.0,0.2466169371115967,0.2027567050034562,0.2246868210575264,0.0,0.0257028358025314,-0.0257028358025314
TSLA_2012-04-23,TSLA,2012-04-23,2.190666913986206,2.197999954223633,2.114000082015991,2.129333019256592,13362000.0,0.1931262253795236,0.1682512582540374,0.1806887418167805,-0.0367915563594394,0.0262042865934746,-0.0262042865934746
TSLA_2012-04-24,TSLA,2012-04-24,2.121332883834839,2.146667003631592,2.066667079925537,2.121332883834839,10117500.0,0.1604665987364992,0.1352118255763845,0.1478392121564419,-0.0037571086107264,0.0260772803244897,-0.0260772803244897
TSLA_2012-04-25,TSLA,2012-04-25,2.138000011444092,2.1993329524993896,2.138000011444092,2.194000005722046,10683000.0,0.1766175609311389,0.1527147718628105,0.1646661663969747,0.034255407268209,0.0262901958092181,-0.0262901958092181
TSLA_2012-04-26,TSLA,2012-04-26,2.1973330974578857,2.2346670627593994,2.194000005722046,2.2326669692993164,6379500.0,0.1572222121302107,0.1854871164693552,0.1713546642997829,0.0176239578288173,0.0260445744844222,-0.0260445744844222
TSLA_2012-04-27,TSLA,2012-04-27,2.240000009536743,2.242000102996826,2.194000005722046,2.22266697883606,8865000.0,0.136720438478912,0.1915658090050793,0.1641431237419957,-0.0044789440614131,0.0260224504465374,-0.0260224504465374
TSLA_2012-04-30,TSLA,2012-04-30,2.2179999351501465,2.2239999771118164,2.171999931335449,2.208667039871216,6208500.0,0.1203926529654575,0.1519475396137282,0.1361700962895928,-0.0062987119069791,0.0260342088660122,-0.0260342088660122
TSLA_2012-05-01,TSLA,2012-05-01,2.208667039871216,2.2806670665740967,2.208667039871216,2.252000093460083,9885000.0,0.1620227737726272,0.1309008009333048,0.146461787352966,0.0196195500755034,0.0260099379323927,-0.0260099379323927
TSLA_2012-05-02,TSLA,2012-05-02,2.233333110809326,2.2926669120788574,2.2260000705718994,2.262666940689087,7459500.0,0.1473970270823315,0.1556011259494276,0.1514990765158795,0.0047366104734991,0.025942147344015,-0.025942147344015
TSLA_2012-05-03,TSLA,2012-05-03,2.260667085647583,2.266666889190674,2.1419999599456787,2.1640000343322754,12619500.0,0.0730577498600817,0.1239614177916426,0.0985095838258621,-0.0436064648236576,0.026450689246845,-0.026450689246845
TSLA_2012-05-04,TSLA,2012-05-04,2.1546669006347656,2.1640000343322754,2.093333005905152,2.121999979019165,18712500.0,0.0218296467819869,0.1086729054106063,0.0652512760962966,-0.0194085280253102,0.0263275040855087,-0.0263275040855087
TSLA_2012-05-07,TSLA,2012-05-07,2.130666971206665,2.171999931335449,2.107332944869995,2.1646668910980225,17370000.0,0.0210693433727053,0.000308159313848,0.0106887513432767,0.020106933317963,0.0263182835699223,-0.0263182835699223
TSLA_2012-05-08,TSLA,2012-05-08,2.166666984558105,2.181999921798706,1.9579999446868896,2.012666940689087,46458000.0,-0.0446202932050038,-0.0656142526933606,-0.0551172729491822,-0.0702186331920261,0.0277826542322109,-0.0277826542322109
TSLA_2012-05-09,TSLA,2012-05-09,2.0199999809265137,2.051332950592041,1.9839999675750728,2.003999948501587,29218500.0,-0.0585658352669837,-0.0386953984267809,-0.0486306168468823,-0.004306222759605,0.0277524084431074,-0.0277524084431074
TSLA_2012-05-10,TSLA,2012-05-10,2.197999954223633,2.312000036239624,2.1600000858306885,2.1973330974578857,83344500.0,0.011663520682922,0.035175569528449,0.0234195451056855,0.096473629702863,0.03022525849963,-0.03022525849963
TSLA_2012-05-11,TSLA,2012-05-11,2.16599988937378,2.22933292388916,2.1440000534057617,2.150000095367432,18319500.0,0.0369776921821733,0.0443651903516926,0.040671441266933,-0.0215411137006098,0.0297848263201628,-0.0297848263201628
TSLA_2012-05-14,TSLA,2012-05-14,2.128000020980835,2.1419999599456787,2.00333309173584,2.003999948501587,20713500.0,-0.0454111363902476,-0.0405363664008372,-0.0429737513955424,-0.0679070420417325,0.0309828361789273,-0.0309828361789273
TSLA_2012-05-15,TSLA,2012-05-15,2.017333030700684,2.063999891281128,1.9479999542236328,1.962000012397766,23785500.0,-0.1127523624520659,-0.1251487413871387,-0.1189505519196023,-0.0209580524865905,0.0303159334120784,-0.0303159334120784
TSLA_2012-05-16,TSLA,2012-05-16,1.972000002861023,2.01200008392334,1.925333023071289,1.9453330039978027,18856500.0,-0.1315477697698228,-0.1216137992226709,-0.1265807844962468,-0.0084949073876887,0.0302719154093459,-0.0302719154093459
TSLA_2012-05-17,TSLA,2012-05-17,1.953333020210266,1.9859999418258667,1.8826669454574585,1.9046670198440552,17235000.0,-0.16413102822079,-0.1579721710087235,-0.1610515996147568,-0.0209043819593744,0.0302664148765735,-0.0302664148765735
TSLA_2012-05-18,TSLA,2012-05-18,1.891332983970642,1.897333025932312,1.7886669635772705,1.8373329639434808,24247500.0,-0.2118959301695928,-0.2112193013440938,-0.2115576157568433,-0.0353521403998938,0.0303678510789368,-0.0303678510789368
TSLA_2012-05-21,TSLA,2012-05-21,1.838667035102844,1.9506670236587524,1.807999968528748,1.9179999828338623,22128000.0,-0.1660869466965499,-0.1457837121927656,-0.1559353294446577,0.0439044095291498,0.0309141956183734,-0.0309141956183734
TSLA_2012-05-22,TSLA,2012-05-22,2.006666898727417,2.0893330574035645,2.0,2.053333044052124,35493000.0,-0.0999415379714744,-0.0552146815262901,-0.0775781097488823,0.0705594694627191,0.0322407086147579,-0.0322407086147579
TSLA_2012-05-23,TSLA,2012-05-23,2.0373330116271973,2.069999933242798,1.9666670560836792,2.068000078201294,18306000.0,-0.101650722381352,-0.0232995275843066,-0.0624751249828293,0.0071430371179461,0.0322318117031856,-0.0322318117031856
TSLA_2012-05-24,TSLA,2012-05-24,2.0833330154418945,2.0833330154418945,1.9793330430984497,2.018666982650757,16134000.0,-0.1028146743774414,-0.0558152610638821,-0.0793149677206617,-0.0238554611629637,0.0322457618948545,-0.0322457618948545
TSLA_2012-05-25,TSLA,2012-05-25,2.010667085647583,2.0273330211639404,1.946666955947876,1.987333059310913,11355000.0,-0.1133253950288655,-0.0521465684958449,-0.0827359817623552,-0.0155220864110525,0.0322946434577193,-0.0322946434577193
TSLA_2012-05-29,TSLA,2012-05-29,2.000667095184326,2.128667116165161,2.000667095184326,2.1126670837402344,24750000.0,-0.0627031357544207,0.0009476120436304,-0.0308777618553951,0.0630664416526032,0.0332915559319641,-0.0332915559319641
TSLA_2012-05-30,TSLA,2012-05-30,2.072000026702881,2.0946669578552246,2.0160000324249268,2.0273330211639404,19608000.0,-0.0897935070784848,-0.0660321994649422,-0.0779128532717135,-0.0403916278305523,0.0336411354289722,-0.0336411354289722
TSLA_2012-05-31,TSLA,2012-05-31,2.004667043685913,2.0193328857421875,1.9166669845581048,1.9666670560836792,16780500.0,-0.1426908749182709,-0.0708661182289369,-0.1067784965736039,-0.0299240255285889,0.033600363046006,-0.033600363046006
TSLA_2012-06-01,TSLA,2012-06-01,1.9019999504089355,1.944000005722046,1.8506669998168943,1.876667022705078,13287000.0,-0.173031407381508,-0.1401954544128857,-0.1566134308971968,-0.0457627197751625,0.0340359743560865,-0.0340359743560865
TSLA_2012-06-04,TSLA,2012-06-04,1.8686670064926147,1.8940000534057613,1.807332992553711,1.858667016029358,15463500.0,-0.1744148833367309,-0.1447849564577018,-0.1595999198972164,-0.0095914759826568,0.0340409299962966,-0.0340409299962966
TSLA_2012-06-05,TSLA,2012-06-05,1.8559999465942385,1.8926670551300049,1.8373329639434808,1.860666990280152,9463500.0,-0.1570520097478714,-0.1618617268915206,-0.159456868319696,0.001076026116322,0.0339732131880356,-0.0339732131880356
TSLA_2012-06-06,TSLA,2012-06-06,1.8799999952316284,1.963333010673523,1.8760000467300413,1.9479999542236328,13648500.0,-0.1177536218191014,-0.1510751017374249,-0.1344143617782631,0.0469363751814242,0.0345308855665831,-0.0345308855665831
TSLA_2012-06-07,TSLA,2012-06-07,1.987333059310913,1.9913330078125,1.923333048820496,1.928666949272156,7381500.0,-0.1251890333819109,-0.170346992316181,-0.1477680128490459,-0.0099245407627239,0.0345475643195552,-0.0345475643195552
TSLA_2012-06-08,TSLA,2012-06-08,1.924000024795532,2.012666940689087,1.876667022705078,2.005332946777344,13216500.0,-0.1341394818698932,-0.1202106730642904,-0.1271750774670918,0.0397507706211901,0.0343121808127859,-0.0343121808127859
TSLA_2012-06-11,TSLA,2012-06-11,2.02066707611084,2.066667079925537,1.9306670427322388,1.941333055496216,9540000.0,-0.1913359519648524,-0.0573001188195291,-0.1243180353921907,-0.0319148455541902,0.0341646173838949,-0.0341646173838949
TSLA_2012-06-12,TSLA,2012-06-12,1.948667049407959,1.9893330335617063,1.920667052268982,1.9773329496383667,8535000.0,-0.178165821813319,-0.0444588296995234,-0.1113123257564212,0.0185439041694723,0.034265030791661,-0.034265030791661
TSLA_2012-06-13,TSLA,2012-06-13,1.9700000286102293,2.0426669120788574,1.964666962623596,1.9846669435501096,12661500.0,-0.1564182840736249,-0.0210454213335582,-0.0887318527035915,0.0037090333790696,0.0341809304132836,-0.0341809304132836
TSLA_2012-06-14,TSLA,2012-06-14,2.01200008392334,2.043333053588867,1.9079999923706048,1.9593329429626465,13083000.0,-0.1602857671854519,-0.0020373862656667,-0.0811615767255593,-0.0127648624721619,0.0341987944697978,-0.0341987944697978
TSLA_2012-06-15,TSLA,2012-06-15,1.9593329429626465,1.9966670274734497,1.920667052268982,1.99399995803833,9702000.0,-0.1531711270410072,0.048370141970621,-0.052400492535193,0.0176932742340689,0.0342614405298775,-0.0342614405298775
TSLA_2012-06-18,TSLA,2012-06-18,1.996000051498413,2.1553330421447754,1.9666670560836792,2.122667074203491,18852000.0,-0.0897654122734652,0.1125089531924852,0.0113717704595099,0.0645271408589909,0.0352567346205903,-0.0352567346205903
TSLA_2012-06-19,TSLA,2012-06-19,2.134666919708252,2.177333116531372,2.0999999046325684,2.1393330097198486,13666500.0,-0.0820940990796812,0.1460710307561183,0.0319884658382185,0.0078514128376026,0.0352739145672444,-0.0352739145672444
TSLA_2012-06-20,TSLA,2012-06-20,2.233333110809326,2.299999952316284,2.21399998664856,2.252000093460083,51336000.0,-0.0389756437582331,0.2172973321283529,0.0891608441850598,0.0526645843486464,0.0359038074160972,-0.0359038074160972
TSLA_2012-06-21,TSLA,2012-06-21,2.2839999198913574,2.2853329181671143,2.122667074203491,2.1459999084472656,28378500.0,-0.0642441118227629,0.1537633827648108,0.0447596354710239,-0.0470693519599075,0.0362946609855505,-0.0362946609855505
TSLA_2012-06-22,TSLA,2012-06-22,2.173332929611206,2.2653329372406006,2.1640000343322754,2.25266695022583,45699000.0,-0.0085092973273719,0.2256076592809226,0.1085491809767753,0.0497050542074548,0.0368191126728104,-0.0368191126728104
TSLA_2012-06-25,TSLA,2012-06-25,2.262666940689087,2.2746670246124268,2.183332920074463,2.2073330879211426,22477500.0,-0.1147058983837608,0.1922939101449847,0.0387940058806119,-0.020124529416185,0.0347500356748911,-0.0347500356748911
TSLA_2012-06-26,TSLA,2012-06-26,2.136667013168335,2.1566669940948486,2.0926671028137207,2.107332944869995,39208500.0,-0.1668424642504066,0.1329746928293882,-0.0169338857105091,-0.0453036035197239,0.035125610474026,-0.035125610474026
TSLA_2012-06-27,TSLA,2012-06-27,2.126667022705078,2.163332939147949,2.104666948318481,2.130666971206665,15708000.0,-0.1556140589246065,0.1186558852586809,-0.0184790868329627,0.0110727763230169,0.03516591746814,-0.03516591746814
TSLA_2012-06-28,TSLA,2012-06-28,2.126667022705078,2.140666961669922,2.041332960128784,2.094000101089477,13711500.0,-0.1585856638857984,0.1017185829107589,-0.0284335404875197,-0.0172091042911424,0.0351871961860718,-0.0351871961860718
TSLA_2012-06-29,TSLA,2012-06-29,2.186666965484619,2.186666965484619,2.066667079925537,2.0859999656677246,16887000.0,-0.1597745523410025,0.0891056177459135,-0.0353344672975445,-0.0038205038374115,0.035187825397387,-0.035187825397387
TSLA_2012-07-02,TSLA,2012-07-02,2.0899999141693115,2.119999885559082,2.012666940689087,2.0266671180725098,19734000.0,-0.1689447271455249,0.0644259828661695,-0.0522593721396776,-0.0284433598138734,0.0352901080574342,-0.0352901080574342
TSLA_2012-07-03,TSLA,2012-07-03,2.039999961853028,2.066667079925537,2.0266671180725098,2.0439999103546143,14205000.0,-0.1933701756224805,0.0918803062303283,-0.050744934696076,0.0085523627079857,0.0349198445190224,-0.0349198445190224
TSLA_2012-07-05,TSLA,2012-07-05,2.053999900817871,2.111332893371582,2.053333044052124,2.0820000171661377,18807000.0,-0.1077141567930707,0.1270301935553146,0.0096580183811219,0.0185910511145428,0.033618950990649,-0.033618950990649
TSLA_2012-07-06,TSLA,2012-07-06,2.065999984741211,2.115333080291748,2.053333044052124,2.065999984741211,11767500.0,-0.1012182164494694,0.1426991264952339,0.0207404550228822,-0.0076849338583122,0.0335842774736057,-0.0335842774736057
TSLA_2012-07-09,TSLA,2012-07-09,2.062666893005371,2.121999979019165,2.0446670055389404,2.0993330478668213,13657500.0,-0.0500755603483802,0.1701967743986825,0.0600606070251511,0.016134106181896,0.0333069546292838,-0.0333069546292838
TSLA_2012-07-10,TSLA,2012-07-10,2.102667093276977,2.165333032608032,2.059333086013794,2.084666967391968,11376000.0,-0.0366603815534533,0.1475229155761479,0.0554312670113473,-0.0069860665937477,0.0332148423969003,-0.0332148423969003
TSLA_2012-07-11,TSLA,2012-07-11,2.104666948318481,2.111999988555908,2.067332983016968,2.1006669998168945,9579000.0,-0.0477484521976712,0.1408403388764152,0.046545943339372,0.0076751023905479,0.0331367537676836,-0.0331367537676836
TSLA_2012-07-12,TSLA,2012-07-12,2.0859999656677246,2.200666904449463,2.053333044052124,2.180000066757202,16885500.0,-0.0221289770600502,0.1583422434149852,0.0681066331774675,0.0377656558356096,0.0334554274932922,-0.0334554274932922
TSLA_2012-07-13,TSLA,2012-07-13,2.197999954223633,2.293333053588867,2.188667058944702,2.2833330631256104,19572000.0,0.0196487750843949,0.2123894723956172,0.1160191237400061,0.0474004555982048,0.0339771066548099,-0.0339771066548099
TSLA_2012-07-16,TSLA,2012-07-16,2.2880001068115234,2.400000095367432,2.259999990463257,2.3973329067230225,26160000.0,0.11503851180682,0.5778850975462,0.34646180467651,0.0499269447100985,0.0341231254426684,-0.0341231254426684
TSLA_2012-07-17,TSLA,2012-07-17,2.3333330154418945,2.3473329544067383,2.158667087554932,2.2233328819274902,38539500.0,0.0344292307139382,0.2537594125221543,0.1440943216180462,-0.0725806684201308,0.0354030129621639,-0.0354030129621639
TSLA_2012-07-18,TSLA,2012-07-18,2.0946669578552246,2.244667053222656,2.070667028427124,2.1433329582214355,43228500.0,-0.0156155059838068,0.1991794166382761,0.0917819553272346,-0.0359819819858463,0.0356752417887746,-0.0356752417887746
TSLA_2012-07-19,TSLA,2012-07-19,2.181333065032959,2.2100000381469727,2.135999917984009,2.1513330936431885,21538500.0,-0.0268397746426986,0.2059041740423515,0.0895321996998264,0.0037325677240513,0.0356268471457948,-0.0356268471457948
TSLA_2012-07-20,TSLA,2012-07-20,2.138000011444092,2.150000095367432,2.0833330154418945,2.119333028793335,23527500.0,-0.0413150738944734,0.1951128662367289,0.0768988961711277,-0.0148745282375881,0.0356773729650933,-0.0356773729650933
TSLA_2012-07-23,TSLA,2012-07-23,2.069999933242798,2.086667060852051,2.041332960128784,2.0439999103546143,20802000.0,-0.0400750414004145,0.1453116425015188,0.0526183005505521,-0.0355456728202893,0.0356570164339221,-0.0356570164339221
TSLA_2012-07-24,TSLA,2012-07-24,2.0439999103546143,2.069333076477051,1.974666953086853,1.9893330335617063,22504500.0,-0.0622249583170133,0.0882566130018343,0.0130158273424104,-0.0267450485276311,0.0358130811843272,-0.0358130811843272
TSLA_2012-07-25,TSLA,2012-07-25,1.994667053222656,1.9986670017242432,1.9166669845581048,1.9299999475479128,42633000.0,-0.1203281939314537,0.0350372948762627,-0.0426454495275955,-0.0298256174369976,0.035723054529274,-0.035723054529274
TSLA_2012-07-26,TSLA,2012-07-26,1.9933329820632928,2.0,1.8426669836044312,1.875332951545716,33934500.0,-0.1600480603095693,-0.0279889582683785,-0.0940185092889739,-0.0283248691647125,0.0357971775283086,-0.0357971775283086
TSLA_2012-07-27,TSLA,2012-07-27,1.914000034332276,1.9773329496383667,1.8733329772949217,1.9673329591751096,25095000.0,-0.1148773172464462,0.0061370440472503,-0.0543701365995979,0.049057959309873,0.0363715724840274,-0.0363715724840274
TSLA_2012-07-30,TSLA,2012-07-30,1.9673329591751096,2.016666889190674,1.8140000104904173,1.8233330249786377,30978000.0,-0.1744645109183349,-0.0750761032706567,-0.1247703070944958,-0.0731955074126599,0.0374798241474159,-0.0374798241474159
TSLA_2012-07-31,TSLA,2012-07-31,1.8359999656677248,1.864667057991028,1.8233330249786377,1.8279999494552608,23626500.0,-0.1882771431653751,-0.0567595543663881,-0.1225183487658816,0.0025595568185783,0.037380025266061,-0.037380025266061
TSLA_2012-08-01,TSLA,2012-08-01,1.866000056266785,1.866000056266785,1.73533296585083,1.75,23884500.0,-0.2265764048035086,-0.1125760661962171,-0.1695762354998629,-0.0426695577746074,0.0377052561036427,-0.0377052561036427
TSLA_2012-08-02,TSLA,2012-08-02,1.7893329858779907,1.7899999618530271,1.7013330459594729,1.7400000095367432,19576500.0,-0.1959334649115945,-0.137190173120243,-0.1665618190159188,-0.0057142802647182,0.037353709979965,-0.037353709979965
TSLA_2012-08-03,TSLA,2012-08-03,1.7933330535888672,1.8366669416427608,1.78266704082489,1.8179999589920044,18142500.0,-0.1432610853123929,-0.1245587774203795,-0.1339099313663862,0.0448275569125014,0.0377667028276953,-0.0377667028276953
TSLA_2012-08-06,TSLA,2012-08-06,1.8366669416427608,1.9133330583572388,1.8366669416427608,1.8846670389175413,22923000.0,-0.1293500876887583,-0.1110060657288569,-0.1201780767088076,0.0366705618423119,0.0379783957803206,-0.0379783957803206
TSLA_2012-08-07,TSLA,2012-08-07,1.9179999828338623,2.059999942779541,1.899999976158142,2.016666889190674,35808000.0,0.0019873871929438,-0.0427215838113209,-0.0203670983091885,0.0700388172273371,0.0379954761701551,-0.0379954761701551
TSLA_2012-08-08,TSLA,2012-08-08,1.9933329820632928,2.0,1.906000018119812,1.9393329620361328,19633500.0,-0.0322689561513244,-0.0889449330481122,-0.0606069445997183,-0.0383473976634666,0.0383091012562513,-0.0383091012562513
TSLA_2012-08-09,TSLA,2012-08-09,1.968000054359436,2.0,1.9420000314712524,1.9606670141220093,10089000.0,-0.1077060567693071,-0.0972987679071897,-0.1025024123382484,0.0110007164852587,0.0363055632635158,-0.0363055632635158
TSLA_2012-08-10,TSLA,2012-08-10,1.9539999961853027,1.996000051498413,1.9539999961853027,1.996000051498413,10611000.0,-0.0716279242037432,-0.0372988673544238,-0.0544633957790835,0.018020927124245,0.0362895049202107,-0.0362895049202107
TSLA_2012-08-13,TSLA,2012-08-13,1.9793330430984497,2.086667060852051,1.940000057220459,2.078000068664551,13051500.0,0.0369262086150723,-0.0101617888709689,0.0133822098720516,0.0410821718689735,0.0356174749221678,-0.0356174749221678
TSLA_2012-08-14,TSLA,2012-08-14,2.049999952316284,2.078000068664551,1.9506670236587524,1.9613330364227293,11901000.0,-0.0003399469779928,-0.1130539796051817,-0.0566969632915873,-0.0561439020147861,0.0362409021867087,-0.0362409021867087
TSLA_2012-08-15,TSLA,2012-08-15,1.9593329429626465,1.9800000190734863,1.920667052268982,1.9600000381469729,7881000.0,0.007539600736238,-0.1249999866953917,-0.0587301929795768,-0.0006796389246507,0.036222504382344,-0.036222504382344
TSLA_2012-08-16,TSLA,2012-08-16,1.9686670303344729,2.026000022888184,1.9666670560836792,2.0199999809265137,10035000.0,0.0605528209817489,-0.113516804008445,-0.026481991513348,0.0306122151080496,0.0363068718471857,-0.0363068718471857
TSLA_2012-08-17,TSLA,2012-08-17,2.0193328857421875,2.047333002090454,1.9986670017242432,2.000667095184326,7623000.0,0.088897404251802,-0.1418355240813886,-0.0264690599147933,-0.0095707356063043,0.0360281002275674,-0.0360281002275674
TSLA_2012-08-20,TSLA,2012-08-20,2.009999990463257,2.026000022888184,1.940000057220459,1.9673329591751096,17686500.0,0.0257210515030128,-0.1446378261034971,-0.0594583873002421,-0.0166615105978665,0.0356981756685381,-0.0356981756685381
TSLA_2012-08-21,TSLA,2012-08-21,1.972000002861023,2.0,1.9333330392837524,1.940667033195496,11424000.0,-0.0548698182123873,-0.1493275821635005,-0.1020987001879439,-0.0135543532960452,0.034612160004322,-0.034612160004322
TSLA_2012-08-22,TSLA,2012-08-22,1.934000015258789,2.00266695022583,1.934000015258789,1.9966670274734497,11632500.0,-0.0344937369586022,-0.1326381460604799,-0.0835659415095411,0.0288560548100538,0.0347951570464661,-0.0347951570464661
TSLA_2012-08-23,TSLA,2012-08-23,2.0,2.0566670894622803,1.976667046546936,2.048666954040528,22065000.0,0.0148612780847969,-0.0894813537597654,-0.0373100378374842,0.0260433641922148,0.034810418297606,-0.034810418297606
TSLA_2012-08-24,TSLA,2012-08-24,2.003999948501587,2.0160000324249268,1.9606670141220093,1.9666670560836792,21441000.0,-0.0103988625008832,-0.1225458023289853,-0.0664723324149343,-0.0400259777681885,0.0351314891226621,-0.0351314891226621
TSLA_2012-08-27,TSLA,2012-08-27,1.9713330268859863,1.9800000190734863,1.878000020980835,1.888000011444092,20256000.0,-0.1063428658614754,-0.16237797046127,-0.1343604181613727,-0.0400001842692381,0.0345633313648629,-0.0345633313648629
TSLA_2012-08-28,TSLA,2012-08-28,1.8933329582214355,1.958667039871216,1.8666670322418213,1.9126670360565183,21040500.0,-0.0565600145168008,-0.1412747995314121,-0.0989174070241064,0.013065161262133,0.0342402061767204,-0.0342402061767204
TSLA_2012-08-29,TSLA,2012-08-29,1.8993330001831048,1.9093329906463623,1.868000030517578,1.8940000534057613,12583500.0,-0.0369493160792673,-0.1743678607585558,-0.1056585884189115,-0.0097596614041324,0.0340529959793466,-0.0340529959793466
TSLA_2012-08-30,TSLA,2012-08-30,1.9066669940948489,1.9160000085830688,1.8733329772949217,1.8940000534057613,9846000.0,0.0092360714452683,-0.1653934663770905,-0.078078697465911,0.0,0.0335459590163181,-0.0335459590163181
TSLA_2012-08-31,TSLA,2012-08-31,1.9073330163955688,1.922667026519776,1.8799999952316284,1.901332974433899,8097000.0,0.022955138298891,-0.1554634628062196,-0.0662541622536642,0.003871658300617,0.0335222146536857,-0.0335222146536857
TSLA_2012-09-04,TSLA,2012-09-04,1.901332974433899,1.932667016983032,1.8600000143051147,1.8760000467300413,11287500.0,0.0082406236741914,-0.1501055925832877,-0.0709324844545481,-0.0133237723452411,0.0335701481926603,-0.0335701481926603
TSLA_2012-09-05,TSLA,2012-09-05,1.8673330545425413,1.899999976158142,1.8539999723434448,1.8626669645309448,9589500.0,-0.0438054372166025,-0.1564008101480797,-0.1001031236823411,-0.0071071864962565,0.0330557672171126,-0.0330557672171126
TSLA_2012-09-06,TSLA,2012-09-06,1.8666670322418213,1.9266669750213623,1.8600000143051147,1.9033329486846924,12625500.0,-0.0131354978613721,-0.1366801109630278,-0.0749078044121999,0.0218321283021132,0.0331466665769251,-0.0331466665769251
TSLA_2012-09-07,TSLA,2012-09-07,1.9033329486846924,1.9713330268859863,1.899999976158142,1.9566669464111328,14298000.0,-0.0242682894351382,-0.1551524355343335,-0.0897103624847359,0.0280213704929015,0.0329540634744555,-0.0329540634744555
TSLA_2012-09-10,TSLA,2012-09-10,1.946666955947876,1.9566669464111328,1.820000052452088,1.824666976928711,22249500.0,-0.0600958595111772,-0.2399333129873125,-0.1500145862492449,-0.067461644264259,0.0338051690424974,-0.0338051690424974
TSLA_2012-09-11,TSLA,2012-09-11,1.8506669998168943,1.8773330450057983,1.8266669511795044,1.853332996368408,15223500.0,-0.062710710046397,-0.229703626667803,-0.1462071683571,0.0157102746978781,0.0337814084917389,-0.0337814084917389
TSLA_2012-09-12,TSLA,2012-09-12,1.8600000143051147,1.905333042144776,1.853332996368408,1.885332942008972,17178000.0,-0.0500507159974419,-0.1986401529580905,-0.1243454344777662,0.0172661608589863,0.0338515273351724,-0.0338515273351724
TSLA_2012-09-13,TSLA,2012-09-13,1.9046670198440552,1.9666670560836792,1.8986669778823853,1.9653329849243164,22270500.0,0.0030622881033162,-0.1577143202801186,-0.0773260160884012,0.0424328462802428,0.0342345112616014,-0.0342345112616014
TSLA_2012-09-14,TSLA,2012-09-14,2.0,2.043333053588867,1.976667046546936,2.026000022888184,23049000.0,0.0160481772935117,-0.1395810671504966,-0.0617664449284924,0.0308685797415666,0.0343803766344794,-0.0343803766344794
TSLA_2012-09-17,TSLA,2012-09-17,2.1566669940948486,2.185333013534546,2.1006669998168945,2.169332981109619,48192000.0,0.0219845624748473,-0.0697543031128244,-0.0238848703189885,0.0707467702873494,0.034574597251039,-0.034574597251039
TSLA_2012-09-18,TSLA,2012-09-18,2.125333070755005,2.126667022705078,2.045332908630371,2.0893330574035645,26827500.0,-0.0233717481519306,-0.1035471646231619,-0.0634594563875463,-0.0368776598164909,0.034888115956218,-0.034888115956218
TSLA_2012-09-19,TSLA,2012-09-19,2.066667079925537,2.115999937057495,2.062666893005371,2.069999933242798,15727500.0,-0.0808171193002267,-0.1166428638070475,-0.0987299915536371,-0.0092532514585261,0.0342533980303149,-0.0342533980303149
TSLA_2012-09-20,TSLA,2012-09-20,2.062000036239624,2.0999999046325684,2.045332908630371,2.059999942779541,13686000.0,-0.0400745430273339,-0.1017441014266027,-0.0709093222269683,-0.00483091342307,0.0337418561082631,-0.0337418561082631
TSLA_2012-09-21,TSLA,2012-09-21,2.0733330249786377,2.0993330478668213,1.9693330526351929,2.001332998275757,28050000.0,-0.1115717314203402,-0.1191316317117268,-0.1153516815660335,-0.0284791000647434,0.033316085795229,-0.033316085795229
TSLA_2012-09-24,TSLA,2012-09-24,1.9673329591751096,2.068666934967041,1.9600000381469729,2.0439999103546143,19528500.0,-0.0739957093291954,-0.1802138633978074,-0.1271047863635014,0.0213192467798297,0.0333481032753489,-0.0333481032753489
TSLA_2012-09-25,TSLA,2012-09-25,1.9079999923706048,1.9653329849243164,1.835332989692688,1.843999981880188,85206000.0,-0.1249603028467115,-0.2709540822366957,-0.1979571925417036,-0.0978473274197591,0.0350937395686448,-0.0350937395686448
TSLA_2012-09-26,TSLA,2012-09-26,1.843999981880188,1.8933329582214355,1.8320000171661377,1.8359999656677248,22908000.0,-0.138298011618428,-0.2723909556138886,-0.2053444836161583,-0.0043384036285651,0.0350583508899886,-0.0350583508899886
TSLA_2012-09-27,TSLA,2012-09-27,1.8546669483184808,1.9026670455932613,1.840000033378601,1.8993330001831048,26379000.0,-0.0929642270815029,-0.2368070972979511,-0.164885662189727,0.0344951174834835,0.0352949857509666,-0.0352949857509666
TSLA_2012-09-28,TSLA,2012-09-28,1.915333032608032,1.9926669597625728,1.9073330163955688,1.9520000219345093,65151000.0,-0.0642377497308933,-0.213748744365249,-0.1389932470480712,0.0277292195451388,0.0354766431238356,-0.0354766431238356
TSLA_2012-10-01,TSLA,2012-10-01,1.9666670560836792,1.9926669597625728,1.9333330392837524,1.944000005722046,13266000.0,-0.040789684508764,-0.2028432095346037,-0.1218164470216839,-0.0040983689152498,0.0352987006709851,-0.0352987006709851
TSLA_2012-10-02,TSLA,2012-10-02,1.9520000219345093,1.9926669597625728,1.9333330392837524,1.9866670370101929,10935000.0,-0.0280493521814659,-0.2159956196465194,-0.1220224859139927,0.0219480612976128,0.0353915237946768,-0.0353915237946768
TSLA_2012-10-03,TSLA,2012-10-03,1.9833329916000368,1.9966670274734497,1.9493329524993896,1.953333020210266,15792000.0,-0.0617997098439045,-0.1628571630010827,-0.1123284364224936,-0.0167788643889177,0.0353751561766926,-0.0353751561766926
TSLA_2012-10-04,TSLA,2012-10-04,2.0,2.006666898727417,1.909999966621399,1.9600000381469729,23119500.0,-0.0513068477139972,-0.1473318765462113,-0.0993193621301043,0.0034131496614895,0.0353658738779176,-0.0353658738779176
TSLA_2012-10-05,TSLA,2012-10-05,1.9800000190734863,1.987333059310913,1.9119999408721924,1.9259999990463257,14079000.0,-0.0825657696365153,-0.1285068028047518,-0.1055362862206335,-0.0173469583872006,0.0353678140470267,-0.0353678140470267
TSLA_2012-10-08,TSLA,2012-10-08,1.924000024795532,1.9600000381469729,1.9073330163955688,1.950000047683716,13345500.0,-0.0645987689231377,-0.0988909349599854,-0.0817448519415616,0.0124610844492596,0.0353973187234468,-0.0353973187234468
TSLA_2012-10-09,TSLA,2012-10-09,1.941333055496216,1.941333055496216,1.8833329677581787,1.891332983970642,17895000.0,-0.0996512135738311,-0.1426414745637324,-0.1211463440687817,-0.0300856729633216,0.0355769952881048,-0.0355769952881048
TSLA_2012-10-10,TSLA,2012-10-10,1.8926670551300049,1.914667010307312,1.8673330545425413,1.8933329582214355,7554000.0,-0.1314986696134327,-0.1507177156301802,-0.1411081926218064,0.0010574416391737,0.0352301745921869,-0.0352301745921869
TSLA_2012-10-11,TSLA,2012-10-11,1.929332971572876,1.932000041007996,1.8833329677581787,1.888000011444092,6759000.0,-0.1731385832692995,-0.1568917692659938,-0.1650151762676466,-0.0028166977996058,0.0346668005314065,-0.0346668005314065
TSLA_2012-10-12,TSLA,2012-10-12,1.888000011444092,1.915333032608032,1.8333330154418943,1.8426669836044312,14814000.0,-0.2313679178903771,-0.1429456270375086,-0.1871567724639429,-0.0240111374813957,0.0341133442951074,-0.0341133442951074
TSLA_2012-10-15,TSLA,2012-10-15,1.868000030517578,1.870000004768372,1.7906670570373535,1.8220000267028809,22030500.0,-0.1805095667350895,-0.1522951415403467,-0.1664023541377181,-0.0112157851013989,0.0329685141781542,-0.0329685141781542
TSLA_2012-10-16,TSLA,2012-10-16,1.8446669578552248,1.8726669549942017,1.8226670026779173,1.870666980743408,7189500.0,-0.1272158748980789,-0.1408448406261796,-0.1340303577621293,0.0267107317932346,0.0328911921727838,-0.0328911921727838
TSLA_2012-10-17,TSLA,2012-10-17,1.8833329677581787,1.922667026519776,1.853332996368408,1.9213329553604128,10020000.0,-0.1069105193251503,-0.130880839722228,-0.1188956795236892,0.0270844437511106,0.0330835042172717,-0.0330835042172717
TSLA_2012-10-18,TSLA,2012-10-18,1.932667016983032,1.932667016983032,1.851999998092652,1.869333028793335,11115000.0,-0.1179616401025657,-0.1544031201194884,-0.136182380111027,-0.0270645056193935,0.0331999198811455,-0.0331999198811455
TSLA_2012-10-19,TSLA,2012-10-19,1.8553329706192017,1.8799999952316284,1.820000052452088,1.8493330478668213,15411000.0,-0.0952381952179343,-0.1314965620020893,-0.1133673786100118,-0.0106989929661831,0.0329347897078961,-0.0329347897078961
TSLA_2012-10-22,TSLA,2012-10-22,1.866000056266785,1.8666670322418213,1.8240000009536743,1.8566670417785645,7053000.0,-0.0666886788410768,-0.1247639368969875,-0.0957263078690321,0.0039657507446821,0.0327752065756604,-0.0327752065756604
TSLA_2012-10-23,TSLA,2012-10-23,1.8253329992294312,1.9040000438690183,1.824666976928711,1.8926670551300049,11235000.0,-0.0193434680997477,-0.1373440974503882,-0.0783437827750679,0.0193895903473111,0.0326527269383891,-0.0326527269383891
TSLA_2012-10-24,TSLA,2012-10-24,1.901332974433899,1.901332974433899,1.816666960716248,1.8279999494552608,15246000.0,-0.0252397858478632,-0.1812482673898532,-0.1032440266188582,-0.0341671851366918,0.0327432745272852,-0.0327432745272852
TSLA_2012-10-25,TSLA,2012-10-25,1.853332996368408,1.853332996368408,1.830000042915344,1.834666967391968,8665500.0,-0.067434437655519,-0.1745650676140765,-0.1209997526347977,0.0036471652740985,0.0321430852318112,-0.0321430852318112
TSLA_2012-10-26,TSLA,2012-10-26,1.835332989692688,1.853332996368408,1.801332950592041,1.8253329992294312,7161000.0,0.0010968782023881,-0.1735589990350634,-0.0862310604163376,-0.0050875544872349,0.0307782181131826,-0.0307782181131826
TSLA_2012-10-31,TSLA,2012-10-31,1.846667051315308,1.8899999856948853,1.824666976928711,1.875332951545716,11628000.0,0.0258933278989206,-0.1672589370703077,-0.0706828045856935,0.0273922360124934,0.0309636336064385,-0.0309636336064385
TSLA_2012-11-01,TSLA,2012-11-01,1.8833329677581787,1.965999960899353,1.8799999952316284,1.950000047683716,15361500.0,0.114285741533552,-0.1381851157069318,-0.0119496870866898,0.0398153810908386,0.0308360316918899,-0.0308360316918899
TSLA_2012-11-02,TSLA,2012-11-02,1.9513330459594729,1.9700000286102293,1.9033329486846924,1.9279999732971191,15454500.0,0.1080459555919364,-0.1090573277684704,-0.000505686088267,-0.0112820891531409,0.0308670180666619,-0.0308670180666619
TSLA_2012-11-05,TSLA,2012-11-05,1.9866670370101929,2.105333089828491,1.95533299446106,2.0999999046325684,30733500.0,0.1551154851493614,-0.0103676129142874,0.072373936117537,0.0892115838784519,0.0323297465954799,-0.0323297465954799
TSLA_2012-11-06,TSLA,2012-11-06,2.040667057037353,2.0799999237060547,1.9966670274734497,2.076667070388794,34860000.0,0.1018747754943112,-0.0406528233379089,0.0306109760782011,-0.0111108739539952,0.0320820363234225,-0.0320820363234225
TSLA_2012-11-07,TSLA,2012-11-07,2.066667079925537,2.136667013168335,2.053999900817871,2.102667093276977,25717500.0,0.0426447245934684,0.044716863365916,0.0436807939796922,0.012520072793043,0.0309131045928916,-0.0309131045928916
TSLA_2012-11-08,TSLA,2012-11-08,2.067332983016968,2.125333070755005,2.062666893005371,2.087332963943481,19110000.0,0.0763149004346117,0.0415833421074702,0.058949121271041,-0.0072927042909098,0.0305184352784588,-0.0305184352784588
TSLA_2012-11-09,TSLA,2012-11-09,2.039999961853028,2.062000036239624,1.9900000095367432,2.0213329792022705,12945000.0,0.0309414931976237,-0.0800971497945538,-0.024577828298465,-0.0316192892467527,0.0307786106328628,-0.0307786106328628
TSLA_2012-11-12,TSLA,2012-11-12,2.0193328857421875,2.0946669578552246,2.010667085647583,2.0713329315185547,8338500.0,0.0377419228840143,-0.0365893769113685,0.0005762729863229,0.0247361285007168,0.0308502193516739,-0.0308502193516739
TSLA_2012-11-13,TSLA,2012-11-13,2.0859999656677246,2.1333329677581787,2.0480000972747803,2.107332944869995,14974500.0,0.01411591686053,0.0515633727663873,0.0328396448134586,0.0173801192476805,0.0304967578086322,-0.0304967578086322
TSLA_2012-11-14,TSLA,2012-11-14,2.130666971206665,2.141333103179932,2.0799999237060547,2.0920000076293945,13069500.0,0.0666215113803356,0.0662589166208797,0.0664402140006077,-0.0072759918065754,0.0296374352237901,-0.0296374352237901
TSLA_2012-11-15,TSLA,2012-11-15,2.086667060852051,2.095999956130981,2.0333330631256104,2.0546669960021973,14760000.0,0.0482994673534418,0.0562032267892977,0.0522513470713698,-0.0178456077873069,0.0297361529941149,-0.0297361529941149
TSLA_2012-11-16,TSLA,2012-11-16,2.076667070388794,2.1333329677581787,2.0393331050872803,2.122667074203491,13630500.0,0.0508252941813827,0.1144557301030417,0.0826405121422122,0.0330954253577844,0.0297774045854615,-0.0297774045854615
TSLA_2012-11-19,TSLA,2012-11-19,2.138000011444092,2.2166669368743896,2.122667074203491,2.194667100906372,20886000.0,0.0969676595316684,0.1944852370122085,0.1457264482719384,0.0339196040575029,0.0300261591442281,-0.0300261591442281
TSLA_2012-11-20,TSLA,2012-11-20,2.186666965484619,2.206666946411133,2.127332925796509,2.200000047683716,13837500.0,0.1182652318325221,0.1470281894545149,0.1326467106435185,0.0024299570422965,0.0299318371184484,-0.0299318371184484
TSLA_2012-11-21,TSLA,2012-11-21,2.174000024795532,2.231333017349243,2.1526670455932617,2.1646668910980225,14448000.0,0.1154241578132488,0.0542210370443305,0.0848225974287897,-0.0160605253726672,0.0299547947914833,-0.0299547947914833
TSLA_2012-11-23,TSLA,2012-11-23,2.173332929611206,2.188667058944702,2.113332986831665,2.1419999599456787,6454500.0,0.0727877660483686,0.0357833070338897,0.0542855365411292,-0.0104713252859177,0.0297992673272386,-0.0297992673272386
TSLA_2012-11-26,TSLA,2012-11-26,2.140000104904175,2.1533329486846924,2.1080000400543213,2.1513330936431885,7437000.0,0.0501136309150567,0.0657196616047213,0.057916646259889,0.0043572053557585,0.0296366343935103,-0.0296366343935103
TSLA_2012-11-27,TSLA,2012-11-27,2.1419999599456787,2.177333116531372,2.101332902908325,2.1433329582214355,13662000.0,0.0898301019439253,0.0784971085644867,0.084163605254206,-0.0037186874712205,0.0291711842107474,-0.0291711842107474
TSLA_2012-11-28,TSLA,2012-11-28,2.1333329677581787,2.2860000133514404,2.127332925796509,2.2153329849243164,22878000.0,0.1733755145636117,0.0485953996132337,0.1109854570884227,0.0335925533299443,0.0289434623637046,-0.0289434623637046
TSLA_2012-11-29,TSLA,2012-11-29,2.22933292388916,2.266666889190674,2.191333055496216,2.246000051498413,16551000.0,0.1742765516203757,0.1078594528139884,0.141068002217182,0.0138430957254691,0.0289480108698345,-0.0289480108698345
TSLA_2012-11-30,TSLA,2012-11-30,2.242000102996826,2.2853329181671143,2.200666904449463,2.254667043685913,21304500.0,0.1904260718639401,0.1464406426656388,0.1684333572647894,0.0038588566290183,0.0289022522911583,-0.0289022522911583
TSLA_2012-12-03,TSLA,2012-12-03,2.2593328952789307,2.3333330154418945,2.233333110809326,2.308000087738037,31285500.0,0.2185850172431767,0.2298399555245682,0.2242124863838724,0.0236545099647775,0.0290136624824694,-0.0290136624824694
TSLA_2012-12-04,TSLA,2012-12-04,2.2720000743865967,2.319999933242798,2.236666917800904,2.259999990463257,18949500.0,0.1886397705463174,0.2159251608667702,0.2022824657065438,-0.0207972683925774,0.0291753890925381,-0.0291753890925381
TSLA_2012-12-05,TSLA,2012-12-05,2.254667043685913,2.2793331146240234,2.2386670112609863,2.24733304977417,9922500.0,0.197938696052476,0.2078104580313962,0.2028745770419361,-0.0056048410365215,0.0291211749460999,-0.0291211749460999
TSLA_2012-12-06,TSLA,2012-12-06,2.254667043685913,2.319999933242798,2.233333110809326,2.259999990463257,9906000.0,0.213314045665897,0.1601642934144576,0.1867391695401773,0.0056364323438218,0.029092035886775,-0.029092035886775
TSLA_2012-12-07,TSLA,2012-12-07,2.2866671085357666,2.299333095550537,2.256666898727417,2.2780001163482666,9966000.0,0.1968479387290016,0.1811267451894391,0.1889873419592204,0.0079646575048524,0.0290033594296494,-0.0290033594296494
TSLA_2012-12-10,TSLA,2012-12-10,2.295332908630371,2.319999933242798,2.2786669731140137,2.3046669960021973,13947000.0,0.1778534922508692,0.1492690027887366,0.1635612475198029,0.0117062679069037,0.0288512484816958,-0.0288512484816958
TSLA_2012-12-11,TSLA,2012-12-11,2.3066670894622803,2.3666670322418213,2.297333002090454,2.351999998092652,23589000.0,0.2890023373205068,0.2115386339473146,0.2502704856339107,0.0205378921000565,0.027481954272645,-0.027481954272645
TSLA_2012-12-12,TSLA,2012-12-12,2.3473329544067383,2.386667013168335,2.3299999237060547,2.3506669998168945,30957000.0,0.2683457341033741,0.1888068725334328,0.2285763033184035,-0.0005667509680434,0.0274504966547454,-0.0274504966547454
TSLA_2012-12-13,TSLA,2012-12-13,2.3506669998168945,2.353332996368408,2.183332920074463,2.2406671047210693,32269500.0,0.1884728977012733,0.1289889782277697,0.1587309379645215,-0.046795184134713,0.028134834399017,-0.028134834399017
TSLA_2012-12-14,TSLA,2012-12-14,2.252000093460083,2.293333053588867,2.239332914352417,2.253999948501587,15345000.0,0.1468794172751275,0.1503914924705873,0.1486354548728574,0.0059503902888677,0.0276847822353082,-0.0276847822353082
TSLA_2012-12-17,TSLA,2012-12-17,2.251332998275757,2.299999952316284,2.25,2.293333053588867,12373500.0,0.1319511489045217,0.1501169016297356,0.1410340252671287,0.0174503575802777,0.0275145398260032,-0.0275145398260032
TSLA_2012-12-18,TSLA,2012-12-18,2.2839999198913574,2.338000059127808,2.2839999198913574,2.305999994277954,23308500.0,0.0629995553280295,0.0863691354628735,0.0746843453954515,0.0055233759742241,0.0260893469932339,-0.0260893469932339
TSLA_2012-12-19,TSLA,2012-12-19,2.316667079925537,2.3506669998168945,2.301332950592041,2.307332992553711,19482000.0,0.1043394849747207,0.0785291406576587,0.0914343128161897,0.0005780564956914,0.0256278340033746,-0.0256278340033746
TSLA_2012-12-20,TSLA,2012-12-20,2.3006670475006104,2.319333076477051,2.2699999809265137,2.295332908630371,13818000.0,0.1088565133596761,0.0192419242326538,0.0640492187961649,-0.0052008461553086,0.0256044590524753,-0.0256044590524753
TSLA_2012-12-21,TSLA,2012-12-21,2.262666940689087,2.2780001163482666,2.2386670112609863,2.266666889190674,22386000.0,0.1003237631804392,0.0562287911888665,0.0782762771846529,-0.012488828671394,0.0256553745583084,-0.0256553745583084
TSLA_2012-12-24,TSLA,2012-12-24,2.242666959762573,2.289999961853028,2.236666917800904,2.2853329181671143,5637000.0,0.1419053801321603,0.0145010197526134,0.0782031999423868,0.0082350119752732,0.0253708647918432,-0.0253708647918432
TSLA_2012-12-26,TSLA,2012-12-26,2.263999938964844,2.299999952316284,2.233333110809326,2.239332914352417,9021000.0,0.0955640961666746,0.0144970537552227,0.0550305749609486,-0.0201283600516244,0.0254104356404374,-0.0254104356404374
TSLA_2012-12-27,TSLA,2012-12-27,2.233333110809326,2.260667085647583,2.200000047683716,2.246000051498413,8416500.0,0.218004378290902,0.0658021823110504,0.1419032803009762,0.002977287165863,0.0219785070817781,-0.0219785070817781
TSLA_2012-12-28,TSLA,2012-12-28,2.225332975387573,2.243333101272583,2.2013330459594727,2.2146670818328857,6211500.0,0.2062457098290007,0.0394243266363907,0.1228350182326957,-0.0139505649808973,0.0220660695945108,-0.0220660695945108
TSLA_2012-12-31,TSLA,2012-12-31,2.200000047683716,2.26466703414917,2.200000047683716,2.257999897003174,8923500.0,0.1888383431370337,0.0783189054424449,0.1335786242897393,0.0195662885522394,0.0218033575936317,-0.0218033575936317
TSLA_2013-01-02,TSLA,2013-01-02,2.3333330154418945,2.363332986831665,2.313999891281128,2.357332944869995,17922000.0,0.2076500606458933,0.1300733382876242,0.1688616994667587,0.0439916086792813,0.022193859223815,-0.022193859223815
TSLA_2013-01-03,TSLA,2013-01-03,2.3453330993652344,2.363332986831665,2.316667079925537,2.318000078201294,11130000.0,0.1923868679930049,0.1437497838351769,0.1680683259140909,-0.0166853251486163,0.0223172833046907,-0.0223172833046907
TSLA_2013-01-04,TSLA,2013-01-04,2.319999933242798,2.319999933242798,2.2613329887390137,2.293333053588867,10110000.0,0.1543620601065527,0.1219829521377013,0.138172506122127,-0.0106415115531695,0.0222495056969935,-0.0222495056969935
TSLA_2013-01-07,TSLA,2013-01-07,2.319999933242798,2.319999933242798,2.259999990463257,2.2893331050872803,6630000.0,0.1720137229036582,0.0995836148951376,0.1357986688993979,-0.0017441638035641,0.0221194047776401,-0.0221194047776401
TSLA_2013-01-08,TSLA,2013-01-08,2.299999952316284,2.299999952316284,2.2073330879211426,2.245332956314087,19260000.0,0.14557801663967,0.0868020197954355,0.1161900182175528,-0.0192196359172973,0.0222917480966909,-0.0222917480966909
TSLA_2013-01-09,TSLA,2013-01-09,2.267333030700684,2.2793331146240234,2.2266669273376465,2.242666959762573,10470000.0,0.16441690595693,0.0682759279388263,0.1163464169478781,-0.0011873502074679,0.0221533964351717,-0.0221533964351717
TSLA_2013-01-10,TSLA,2013-01-10,2.257999897003174,2.2660000324249268,2.225332975387573,2.23533296585083,13837500.0,0.1463245698409305,0.0722734138428611,0.1092989918418958,-0.0032702108887888,0.0221297548609217,-0.0221297548609217
TSLA_2013-01-11,TSLA,2013-01-11,2.2693328857421875,2.2693328857421875,2.140666961669922,2.194000005722046,23448000.0,0.1600284161047032,0.0444301766597403,0.1022292963822217,-0.0184907397511814,0.0219022059149395,-0.0219022059149395
TSLA_2013-01-14,TSLA,2013-01-14,2.20533299446106,2.225332975387573,2.190000057220459,2.2173330783843994,13876500.0,0.1711268579338121,0.0171252341669561,0.0941260460503841,0.0106349464911119,0.0219246131462031,-0.0219246131462031
TSLA_2013-01-15,TSLA,2013-01-15,2.2073330879211426,2.2833330631256104,2.20533299446106,2.259999990463257,24363000.0,0.1970338859980354,-0.0102188651490087,0.0934075104245133,0.0192424460243678,0.0220103598671835,-0.0220103598671835
TSLA_2013-01-16,TSLA,2013-01-16,2.256666898727417,2.282000064849853,2.248667001724243,2.273333072662353,20673000.0,0.2337188938044021,-0.0517240779171417,0.0909974079436302,0.0058995939183004,0.0217371638085626,-0.0217371638085626
TSLA_2013-01-17,TSLA,2013-01-17,2.2773330211639404,2.3233330249786377,2.2613329887390137,2.2920000553131104,21550500.0,0.2579582995181118,0.0308847919012873,0.1444215457096995,0.008211283632493,0.0216617155971299,-0.0216617155971299
TSLA_2013-01-18,TSLA,2013-01-18,2.315999984741211,2.318666934967041,2.254667043685913,2.301332950592041,53326500.0,0.2302205439460343,0.0737169611303489,0.1519687525381916,0.0040719437407061,0.0214636877434888,-0.0214636877434888
TSLA_2013-01-22,TSLA,2013-01-22,2.303999900817871,2.369999885559082,2.2839999198913574,2.345999956130981,28803000.0,0.2210272819116387,0.0904866210922887,0.1557569515019637,0.0194091887171079,0.0213492402408867,-0.0213492402408867
TSLA_2013-01-23,TSLA,2013-01-23,2.334666967391968,2.41599988937378,2.330667018890381,2.400000095367432,23464500.0,0.2838804313625409,0.1324317899834259,0.2081561106729834,0.0230179625942994,0.0211280194502122,-0.0211280194502122
TSLA_2013-01-24,TSLA,2013-01-24,2.400000095367432,2.51466703414917,2.3893330097198486,2.4660000801086426,29556000.0,0.3334537459075517,0.2064580177407224,0.2699558818241371,0.0274999925494194,0.0212416360712526,-0.0212416360712526
TSLA_2013-01-25,TSLA,2013-01-25,2.4666669368743896,2.50266695022583,2.453332901000977,2.4653329849243164,19317000.0,0.3278271921941857,0.239276151017499,0.2835516716058424,-0.0002705170975894,0.0212510129763229,-0.0212510129763229
TSLA_2013-01-28,TSLA,2013-01-28,2.4573330879211426,2.580667018890381,2.4573330879211426,2.5353329181671143,29790000.0,0.3395556874597605,0.313644034751547,0.3265998611056537,0.0283937032728853,0.021381077347803,-0.021381077347803
TSLA_2013-01-29,TSLA,2013-01-29,2.539999961853028,2.562666893005371,2.475332975387573,2.5299999713897705,21399000.0,0.3840262808233139,0.3490937538875189,0.3665600173554164,-0.0021034502960657,0.0208108089895031,-0.0208108089895031
TSLA_2013-01-30,TSLA,2013-01-30,2.523333072662353,2.5333330631256104,2.495332956314087,2.501332998275757,14521500.0,0.3633716869233623,0.271433483900229,0.3174025854117956,-0.0113308195407869,0.0209162316553,-0.0209162316553
TSLA_2013-01-31,TSLA,2013-01-31,2.5246670246124268,2.5246670246124268,2.461999893188477,2.500667095184326,13521000.0,0.3699785717126622,0.3714812713457127,0.3707299215291875,-0.0002662192886311,0.0208869924984709,-0.0208869924984709
TSLA_2013-02-01,TSLA,2013-02-01,2.5446670055389404,2.566667079925537,2.507999897003174,2.553333044052124,16509000.0,0.3615358499127188,0.3967905441206443,0.3791631970166815,0.0210607597345602,0.0207936136015631,-0.0207936136015631
TSLA_2013-02-04,TSLA,2013-02-04,2.559999942779541,2.561332941055298,2.50600004196167,2.5160000324249268,16920000.0,0.290256395333696,0.4377143042428153,0.3639853497882557,-0.0146212855836268,0.0204569226321789,-0.0204569226321789
TSLA_2013-02-05,TSLA,2013-02-05,2.5333330631256104,2.576667070388794,2.51200008392334,2.5420000553131104,19653000.0,0.3184647772406215,0.4609195640118941,0.3896921706262578,0.0103338722389143,0.0203732158046075,-0.0203732158046075
TSLA_2013-02-06,TSLA,2013-02-06,2.545332908630371,2.625999927520752,2.5266671180725098,2.611332893371582,28398000.0,0.2434919104572437,0.4363767614271254,0.3399343359421846,0.0272749160306102,0.0175187553568781,-0.0175187553568781
TSLA_2013-02-07,TSLA,2013-02-07,2.6126670837402344,2.6453330516815186,2.596667051315308,2.631999969482422,17949000.0,0.267415469244985,0.3965331356323349,0.33197430243866,0.0079143781948674,0.0174245273390777,-0.0174245273390777
TSLA_2013-02-08,TSLA,2013-02-08,2.630000114440918,2.666666984558105,2.609333038330078,2.615999937057495,17097000.0,0.2441341501095619,0.2971899082983134,0.2706620292039376,-0.0060790397456095,0.017433988274521,-0.017433988274521
TSLA_2013-02-11,TSLA,2013-02-11,2.532000064849853,2.609999895095825,2.5,2.561332941055298,48994500.0,0.2270840279436374,0.3207288233610583,0.2739064256523479,-0.0208971702284088,0.0176542336380634,-0.0176542336380634
TSLA_2013-02-12,TSLA,2013-02-12,2.563333034515381,2.5913329124450684,2.486000061035156,2.526000022888184,33919500.0,0.249670414958095,0.2883370836017924,0.2690037492799437,-0.0137947385132041,0.0172213719109474,-0.0172213719109474
TSLA_2013-02-13,TSLA,2013-02-13,2.553333044052124,2.5999999046325684,2.5366671085357666,2.563333034515381,14502000.0,0.2375282580169893,0.284234954097855,0.2608816060574221,0.0147794977390818,0.0170701331810573,-0.0170701331810573
TSLA_2013-02-14,TSLA,2013-02-14,2.575999975204468,2.5833330154418945,2.547333002090454,2.551332950592041,14860500.0,0.2106928602824254,0.2277829000418092,0.2192378801621173,-0.0046814377069847,0.0170076309188076,-0.0170076309188076
TSLA_2013-02-15,TSLA,2013-02-15,2.566667079925537,2.567332983016968,2.4633328914642334,2.469332933425904,30264000.0,0.1803694667401529,0.2590074646015827,0.2196884656708678,-0.0321400690361125,0.0175345387633338,-0.0175345387633338
TSLA_2013-02-19,TSLA,2013-02-19,2.4906671047210693,2.619333028793335,2.487333059310913,2.618666887283325,40521000.0,0.2744969829069688,0.336054508324944,0.3052757456159564,0.0604754230731607,0.0187803323887537,-0.0187803323887537
TSLA_2013-02-20,TSLA,2013-02-20,2.619999885559082,2.6433329582214355,2.563999891281128,2.569333076477051,46830000.0,0.2104267822786889,0.2719470795730276,0.2411869309258583,-0.0188392846168589,0.0186231012268831,-0.0186231012268831
TSLA_2013-02-21,TSLA,2013-02-21,2.432667016983032,2.492666959762573,2.3026669025421143,2.344000101089477,135567000.0,0.0680435771427165,0.1716092630960768,0.1198264201193967,-0.0877009592296766,0.0214734185935289,-0.0214734185935289
TSLA_2013-02-22,TSLA,2013-02-22,2.381333112716675,2.4260001182556152,2.373332977294922,2.40733289718628,38209500.0,0.0942422022767026,0.2236530100098865,0.1589476061432946,0.0270191097975491,0.0217168377316289,-0.0217168377316289
TSLA_2013-02-25,TSLA,2013-02-25,2.4100000858306885,2.450000047683716,2.2893331050872803,2.2920000553131104,43341000.0,0.058823445186293,0.1810372496198435,0.1199303474030683,-0.0479089709644944,0.0224929413676022,-0.0224929413676022
TSLA_2013-02-26,TSLA,2013-02-26,2.297333002090454,2.330667018890381,2.25333309173584,2.295332908630371,41443500.0,0.071584010995304,0.1495822172888026,0.1105831141420533,0.0014541244488781,0.0224436051989411,-0.0224436051989411
TSLA_2013-02-27,TSLA,2013-02-27,2.2939999103546143,2.360666990280152,2.293333053588867,2.3399999141693115,29388000.0,0.0876976331947854,0.1422061109318897,0.1149518720633375,0.0194599246893529,0.0225566272039694,-0.0225566272039694
TSLA_2013-02-28,TSLA,2013-02-28,2.392667055130005,2.4066669940948486,2.291332960128784,2.322000026702881,29473500.0,0.0833594555601409,0.1806777458950239,0.1320186007275824,-0.0076922598831891,0.0225772533518382,-0.0225772533518382
TSLA_2013-03-01,TSLA,2013-03-01,2.3333330154418945,2.3386669158935547,2.2833330631256104,2.309999942779541,23199000.0,0.042732608821991,0.2235169114287611,0.1331247601253761,-0.0051679947395949,0.0222145279000034,-0.0222145279000034
TSLA_2013-03-04,TSLA,2013-03-04,2.318000078201294,2.388667106628418,2.313333034515381,2.371999979019165,26365500.0,0.0560996993017393,0.240153113063362,0.1481264061825506,0.0268398431928191,0.0223961701637605,-0.0223961701637605
TSLA_2013-03-05,TSLA,2013-03-05,2.400000095367432,2.461333036422729,2.385999917984009,2.44333291053772,31305000.0,0.0836779281358446,0.2900384591564067,0.1868581936461256,0.0300729056279551,0.0226895289971207,-0.0226895289971207
TSLA_2013-03-06,TSLA,2013-03-06,2.4673330783843994,2.5253329277038574,2.4646670818328857,2.512666940689087,17250000.0,0.0886771426216166,0.326645654613815,0.2076613986177158,0.0283768248904354,0.0227714414395166,-0.0227714414395166
TSLA_2013-03-07,TSLA,2013-03-07,2.5153329372406006,2.576667070388794,2.458667039871216,2.548666954040528,17374500.0,0.1277287454846845,0.3404632372714018,0.2340959913780431,0.0143274115516351,0.02264366485005,-0.02264366485005
TSLA_2013-03-08,TSLA,2013-03-08,2.5373330116271973,2.629333019256592,2.4906671047210693,2.564666986465454,13681500.0,0.1412046766825114,0.3670932423140354,0.2541489594982734,0.0062778043241626,0.0226273809938877,-0.0226273809938877
TSLA_2013-03-11,TSLA,2013-03-11,2.5913329124450684,2.629333019256592,2.576667070388794,2.6066670417785645,23692500.0,0.1533925012292798,0.3994273219072057,0.2764099115682428,0.0163764167179434,0.0226928729573138,-0.0226928729573138
TSLA_2013-03-12,TSLA,2013-03-12,2.593333005905152,2.625333070755005,2.5899999141693115,2.6080000400543213,19126500.0,0.1448638748250192,0.3702279687096219,0.2575459217673206,0.0005113803391043,0.0226834802444512,-0.0226834802444512
TSLA_2013-03-13,TSLA,2013-03-13,2.5999999046325684,2.632667064666748,2.587332963943481,2.5986669063568115,12330000.0,0.1275671977186303,0.3281089615804151,0.2278380796495227,-0.0035786555038992,0.0226641378404411,-0.0226641378404411
TSLA_2013-03-14,TSLA,2013-03-14,2.593333005905152,2.594000101089477,2.4513330459594727,2.456666946411133,30315000.0,0.0445012535728572,0.3463645571896125,0.1954329053812349,-0.0546433864218307,0.0236393631833226,-0.0236393631833226
TSLA_2013-03-15,TSLA,2013-03-15,2.442667007446289,2.44333291053772,2.3473329544067383,2.352667093276977,49194000.0,0.0008508621000926,0.2694249214183368,0.1351378917592147,-0.0423337210141919,0.024260676163188,-0.024260676163188
TSLA_2013-03-18,TSLA,2013-03-18,2.353332996368408,2.4040000438690186,2.328000068664551,2.343333005905152,19741500.0,0.0458193459295073,0.242927948528892,0.1443736472291996,-0.0039674492827729,0.0235078938188462,-0.0235078938188462
TSLA_2013-03-19,TSLA,2013-03-19,2.3499999046325684,2.373332977294922,2.329333066940308,2.3386669158935547,16477500.0,0.0375629855041712,0.1899596322012653,0.1137613088527182,-0.0019912193443435,0.0235021414334622,-0.0235021414334622
TSLA_2013-03-20,TSLA,2013-03-20,2.3506669998168945,2.4046669006347656,2.344000101089477,2.396667003631592,21345000.0,0.0450584139451597,0.1829550723375608,0.1140067431413602,0.0248004909736692,0.0236038459461956,-0.0236038459461956
TSLA_2013-03-21,TSLA,2013-03-21,2.396667003631592,2.470666885375977,2.382667064666748,2.4006669521331787,17194500.0,0.0410524536383904,0.1066382952907634,0.0738453744645769,0.001668962978806,0.0235968676575198,-0.0235968676575198
TSLA_2013-03-22,TSLA,2013-03-22,2.413332939147949,2.453332901000977,2.413332939147949,2.441333055496216,6603000.0,0.0580757365213229,0.168474813934206,0.1132752752277644,0.0169395023024339,0.0236829625129992,-0.0236829625129992
TSLA_2013-03-25,TSLA,2013-03-25,2.4733328819274902,2.568000078201294,2.4513330459594727,2.502000093460083,35682000.0,0.0900380001753342,0.2086957363039752,0.1493668682396547,0.0248499637635619,0.0238544566559295,-0.0238544566559295
TSLA_2013-03-26,TSLA,2013-03-26,2.532000064849853,2.5480000972747803,2.510667085647583,2.5239999294281006,27123000.0,0.1135292713122522,0.2252427182218694,0.1693859947670608,0.0087928997387021,0.0238015881381746,-0.0238015881381746
TSLA_2013-03-27,TSLA,2013-03-27,2.5293331146240234,2.558666944503784,2.487333059310913,2.5439999103546143,19444500.0,0.1131856939228601,0.2711527329766663,0.1921692134497632,0.0079239229341203,0.0238003040792582,-0.0238003040792582
TSLA_2013-03-28,TSLA,2013-03-28,2.548666954040528,2.549333095550537,2.516666889190674,2.526000022888184,17380500.0,0.1280145112405795,0.2358121984701786,0.181913354855379,-0.0070754277125431,0.0236610939229182,-0.0236610939229182
TSLA_2013-04-01,TSLA,2013-04-01,2.8239998817443848,3.111999988555908,2.7799999713897705,2.9286670684814453,211477500.0,0.3039479079831688,0.588214260986762,0.4460810844849654,0.1594089635568802,0.0308582306486638,-0.0308582306486638
TSLA_2013-04-02,TSLA,2013-04-02,2.9066669940948486,3.0333330631256104,2.9006669521331787,2.9560000896453857,99786000.0,0.3347378998377326,0.6100218654254355,0.472379882631584,0.0093329219487257,0.0307708506027488,-0.0307708506027488
TSLA_2013-04-03,TSLA,2013-04-03,2.873332977294922,2.8980000019073486,2.680666923522949,2.740000009536743,84654000.0,0.2134633013815818,0.4426117006720749,0.3280375010268284,-0.0730717434229019,0.0322439542502987,-0.0322439542502987
TSLA_2013-04-04,TSLA,2013-04-04,2.7406671047210693,2.816667079925537,2.720666885375977,2.8006670475006104,33972000.0,0.1880659681931626,0.4347679385397949,0.3114169533664788,0.0221412546542743,0.0319180763128624,-0.0319180763128624
TSLA_2013-04-05,TSLA,2013-04-05,2.799999952316284,2.799999952316284,2.700000047683716,2.757999897003174,23286000.0,0.1898187247445255,0.4187242226775558,0.3042714737110407,-0.0152346386677822,0.0319039982269227,-0.0319039982269227
TSLA_2013-04-08,TSLA,2013-04-08,2.7980000972747803,2.836667060852051,2.767333030700684,2.7886669635772705,25185000.0,0.2159886498880956,0.4036911629510078,0.3098399064195517,0.0111193138938907,0.0318689358750558,-0.0318689358750558
TSLA_2013-04-09,TSLA,2013-04-09,2.7866671085357666,2.7886669635772705,2.688667058944702,2.700000047683716,25441500.0,0.1793827825596305,0.3822528057161882,0.2808177941379094,-0.0317954481663216,0.0321736131146347,-0.0321736131146347
TSLA_2013-04-10,TSLA,2013-04-10,2.7133328914642334,2.8006670475006104,2.7073330879211426,2.790667057037353,31816500.0,0.2428744918163408,0.4238096952670016,0.3333420935416712,0.0335803732416297,0.0322698523946041,-0.0322698523946041
TSLA_2013-04-11,TSLA,2013-04-11,2.803999900817871,2.970000028610229,2.7833330631256104,2.9059998989105225,51711000.0,0.2957786202986534,0.5088265318532978,0.4023025760759756,0.0413280550907457,0.0326033433882622,-0.0326033433882622
TSLA_2013-04-12,TSLA,2013-04-12,2.8833329677581787,3.0093328952789307,2.869999885559082,2.916666984558105,47241000.0,0.3048020268640115,0.4957266221724623,0.4002643245182369,0.0036707109492954,0.0325879300205088,-0.0325879300205088
TSLA_2013-04-15,TSLA,2013-04-15,2.900000095367432,2.9200000762939453,2.8340001106262207,2.886667013168335,25221000.0,0.3157096652870483,0.5262605990765838,0.4209851321818161,-0.0102857033554398,0.0325098799084695,-0.0325098799084695
TSLA_2013-04-16,TSLA,2013-04-16,2.946000099182129,3.075999975204468,2.927333116531372,3.0393331050872803,47706000.0,0.3707156289310442,0.6052818876307828,0.4879987582809135,0.0528866305751638,0.033061785798963,-0.033061785798963
TSLA_2013-04-17,TSLA,2013-04-17,3.0333330631256104,3.063333034515381,2.969332933425904,3.0299999713897705,31777500.0,0.3407079575998928,0.6048728564742891,0.4727904070370909,-0.0030707834168909,0.0330321761846724,-0.0330321761846724
TSLA_2013-04-18,TSLA,2013-04-18,3.0653328895568848,3.173332929611206,3.026000022888184,3.131333112716675,50518500.0,0.3774194157345796,0.6993483578847712,0.5383838868096754,0.0334432812817571,0.0332234468960277,-0.0332234468960277
TSLA_2013-04-19,TSLA,2013-04-19,3.1640000343322754,3.3253331184387207,3.138000011444092,3.188667058944702,45175500.0,0.39121596072959,0.7500916642218511,0.5706538124757206,0.0183097563127947,0.033260456645129,-0.033260456645129
TSLA_2013-04-22,TSLA,2013-04-22,3.240000009536743,3.346667051315308,3.183332920074463,3.345999956130981,59091000.0,0.4539399678217743,0.7886668180785827,0.6213033929501786,0.0493412746699082,0.0337087786526858,-0.0337087786526858
TSLA_2013-04-23,TSLA,2013-04-23,3.400000095367432,3.5280001163482666,3.377332925796509,3.4006669521331787,56007000.0,0.4495596827467774,0.7699519193929953,0.6097558010698864,0.0163380145603497,0.0336920338235438,-0.0336920338235438
TSLA_2013-04-24,TSLA,2013-04-24,3.3933329582214355,3.4033329486846924,3.2653329372406006,3.361999988555908,39450000.0,0.4008332729008483,0.7985024266789413,0.5996678497898948,-0.0113704059002354,0.0336979670570804,-0.0336979670570804
TSLA_2013-04-25,TSLA,2013-04-25,3.3666670322418213,3.493333101272583,3.3666670322418213,3.4666669368743896,41938500.0,0.405785411297173,0.8745498226364037,0.6401676169667884,0.0311323464231894,0.0337385835209574,-0.0337385835209574
TSLA_2013-04-26,TSLA,2013-04-26,3.5420000553131104,3.582667112350464,3.374666929244995,3.413332939147949,54331500.0,0.3845322153318513,0.838419523986488,0.6114758696591697,-0.0153848058373116,0.0338372602255283,-0.0338372602255283
TSLA_2013-04-29,TSLA,2013-04-29,3.450666904449463,3.6659998893737793,3.413332939147949,3.662667036056519,54595500.0,0.4446493436074645,0.9351882446143888,0.6899187941109267,0.0730471071394547,0.0347743686298451,-0.0347743686298451
TSLA_2013-04-30,TSLA,2013-04-30,3.733333110809326,3.878667116165161,3.5840001106262207,3.5993330478668213,82839000.0,0.4226612998298369,0.9690006276747508,0.6958309637522939,-0.0172917678746707,0.0348870053691548,-0.0348870053691548
TSLA_2013-05-01,TSLA,2013-05-01,3.732666969299317,3.732666969299317,3.5333330631256104,3.552000045776367,41142000.0,0.4200428524410249,0.9360462192359836,0.6780445358385042,-0.0131504924554026,0.0349025007017059,-0.0349025007017059
TSLA_2013-05-02,TSLA,2013-05-02,3.5899999141693115,3.6846671104431152,3.5799999237060547,3.607332944869995,45756000.0,0.4425482511513976,0.9762601927389905,0.709404221945194,0.015577955625148,0.0349124735492989,-0.0349124735492989
TSLA_2013-05-03,TSLA,2013-05-03,3.76466703414917,3.76466703414917,3.6333329677581774,3.636667013168335,50680500.0,0.4242822814046092,0.9392113865278507,0.68174683396623,0.0081317884283611,0.034862984945489,-0.034862984945489
TSLA_2013-05-06,TSLA,2013-05-06,3.75933289527893,3.977333068847656,3.700000047683716,3.9666669368743896,65500500.0,0.5765766636542158,1.034188123013713,0.8053823933339646,0.0907424085051307,0.0363431713840912,-0.0363431713840912
TSLA_2013-05-07,TSLA,2013-05-07,4.133333206176758,4.1579999923706055,3.6746668815612793,3.700666904449463,149865000.0,0.4558091360834506,0.9194330683111284,0.6876211021972894,-0.0670588271357429,0.0375471679644255,-0.0375471679644255
TSLA_2013-05-08,TSLA,2013-05-08,3.833333015441896,3.880000114440918,3.71399998664856,3.7193329334259033,101548500.0,0.4243044013525767,0.7711110011105764,0.5977077012315766,0.0050439635499206,0.037454634374228,-0.037454634374228
TSLA_2013-05-09,TSLA,2013-05-09,4.674666881561279,5.051332950592041,4.245999813079834,4.626667022705078,429075000.0,0.757852232655954,1.2279291123149907,0.9928906724854724,0.243950758246163,0.0479524531776827,-0.0479524531776827
TSLA_2013-05-10,TSLA,2013-05-10,4.643332958221436,5.400000095367432,4.616666793823242,5.117332935333252,376239000.0,0.9561670712764936,1.4337342566948914,1.1949506639856926,0.106051702061173,0.0494031032760681,-0.0494031032760681
TSLA_2013-05-13,TSLA,2013-05-13,5.3993330001831055,5.866666793823242,5.27666711807251,5.853332996368408,336253500.0,1.2852683079759126,1.8042162402830235,1.544742274129468,0.1438249319197806,0.051936945821026,-0.051936945821026
TSLA_2013-05-14,TSLA,2013-05-14,6.281332969665527,6.474667072296143,5.409999847412109,5.549333095550537,557458500.0,1.1968856077861498,1.7453829490975852,1.4711342784418675,-0.0519362047241259,0.0524908080510487,-0.0524908080510487
TSLA_2013-05-15,TSLA,2013-05-15,5.453332901000977,5.791999816894531,5.207333087921143,5.656000137329102,253180500.0,1.2065022613803338,1.7306088998365523,1.4685555806084432,0.0192215965309578,0.0524950724491458,-0.0524950724491458
TSLA_2013-05-16,TSLA,2013-05-16,6.313333034515381,6.333333015441895,5.910666942596436,6.150000095367432,324210000.0,1.4105047104652937,1.9183808426374864,1.66444277655139,0.0873408674052134,0.053244293278544,-0.053244293278544
TSLA_2013-05-17,TSLA,2013-05-17,6.1666669845581055,6.296000003814697,5.833333015441895,6.099999904632568,285033000.0,1.4703027372536388,1.9158699246588171,1.693086330956228,-0.008130112188539,0.0529840195905566,-0.0529840195905566
TSLA_2013-05-20,TSLA,2013-05-20,6.074666976928711,6.1666669845581055,5.908667087554932,5.995999813079834,125226000.0,1.2897146033340054,1.9182343536672168,1.6039744785006111,-0.017049195603061,0.0528286208394114,-0.0528286208394114
TSLA_2013-05-21,TSLA,2013-05-21,5.900000095367432,5.999332904815674,5.685332775115967,5.8393330574035645,134973000.0,1.2727038042923513,1.750941552902126,1.5118226785972386,-0.026128545790564,0.0529107853880513,-0.0529107853880513
TSLA_2013-05-22,TSLA,2013-05-22,5.757999897003174,6.064000129699707,5.699999809265137,5.815999984741211,128520000.0,1.4812285554245364,1.6500602220442775,1.565644388734407,-0.0039958454900547,0.0513328159204108,-0.0513328159204108
TSLA_2013-05-23,TSLA,2013-05-23,5.65399980545044,6.200666904449463,5.536666870117188,6.182000160217285,180333000.0,1.5679872390905645,1.8100000119209287,1.6889936255057465,0.0629298790296264,0.0516584794579469,-0.0516584794579469
TSLA_2013-05-24,TSLA,2013-05-24,6.173333168029785,6.53000020980835,6.133333206176758,6.4720001220703125,241863000.0,1.8237347146076628,1.9898365188130192,1.906785616710341,0.0469103776022603,0.0511360508384109,-0.0511360508384109
TSLA_2013-05-28,TSLA,2013-05-28,6.769999980926514,7.383333206176758,6.686666965484619,7.355332851409912,295378500.0,2.2044732264126563,2.433862273086337,2.319167749749497,0.1364852769899256,0.0532265747437588,-0.0532265747437588
TSLA_2013-05-29,TSLA,2013-05-29,7.570000171661377,7.659999847412109,6.599999904632568,6.975333213806152,376492500.0,1.98091173917088,2.2423306434587174,2.111621191314798,-0.0516631463565812,0.0539860670724634,-0.0539860670724634
TSLA_2013-05-30,TSLA,2013-05-30,6.830667018890381,7.302667140960693,6.74666690826416,6.99666690826416,242005500.0,2.0132070748504955,2.264386376099998,2.1387967254752467,0.0030584480775459,0.0539178436058633,-0.0539178436058633
TSLA_2013-05-31,TSLA,2013-05-31,7.084000110626221,7.0960001945495605,6.51533317565918,6.517333030700684,227580000.0,1.8213563602337617,1.9419202779230675,1.8816383190784145,-0.0685088891393854,0.0549562570892753,-0.0549562570892753
TSLA_2013-06-03,TSLA,2013-06-03,6.507999897003174,6.507999897003174,5.883333206176758,6.172667026519775,287094000.0,1.6023048402690994,1.7482933592996566,1.675299099784378,-0.0528845161904903,0.0556625541868753,-0.0556625541868753
TSLA_2013-06-04,TSLA,2013-06-04,6.183332920074463,6.427999973297119,6.159999847412109,6.322667121887207,132841500.0,1.5877223257700632,1.804257568581371,1.6959899471757172,0.0243006944523302,0.0556449763723453,-0.0556449763723453
TSLA_2013-06-05,TSLA,2013-06-05,6.24399995803833,6.531332969665527,5.940667152404785,6.357999801635742,183372000.0,1.5303790560845645,1.754765840527727,1.642572448306146,0.005588255568006,0.0556414744524422,-0.0556414744524422
TSLA_2013-06-06,TSLA,2013-06-06,6.349999904632568,6.618000030517578,6.340666770935059,6.489999771118164,142663500.0,1.5464291286977478,1.8716813267719696,1.7090552277348587,0.020761241522603,0.0556437529325094,-0.0556437529325094
TSLA_2013-06-07,TSLA,2013-06-07,6.533332824707031,6.860000133514404,6.446667194366455,6.802667140960693,160674000.0,1.6524563137672397,2.026995549967229,1.8397259318672343,0.0481767921216211,0.0557713847833322,-0.0557713847833322
TSLA_2013-06-10,TSLA,2013-06-10,6.595333099365234,6.834667205810547,6.571332931518555,6.670000076293945,138429000.0,1.5588231904535506,1.9513274798407068,1.7550753351471289,-0.0195022131639991,0.0559611191025053,-0.0559611191025053
TSLA_2013-06-11,TSLA,2013-06-11,6.545332908630371,6.578667163848877,6.269999980926514,6.297999858856201,110910000.0,1.4148772094056494,1.7647056791867812,1.589791444296215,-0.0557721459044477,0.0566648300897223,-0.0566648300897223
TSLA_2013-06-12,TSLA,2013-06-12,6.453332901000977,6.698667049407959,6.383333206176758,6.51533317565918,137890500.0,1.507182878929766,1.8270171729629645,1.6671000259463653,0.0345083076649115,0.0566603494931172,-0.0566603494931172
TSLA_2013-06-13,TSLA,2013-06-13,6.599999904632568,6.618667125701904,6.341332912445068,6.545332908630371,89424000.0,1.6643143134205642,1.782879640279886,1.723596976850225,0.0046044817912409,0.0559531454662523,-0.0559531454662523
TSLA_2013-06-14,TSLA,2013-06-14,6.6666669845581055,6.834667205810547,6.622000217437744,6.686666965484619,98470500.0,1.842164530881805,1.8445828209633597,1.8433736759225825,0.0215931044038861,0.0554348016745785,-0.0554348016745785
TSLA_2013-06-17,TSLA,2013-06-17,6.906667232513428,6.983333110809326,6.74666690826416,6.813333034515381,105993000.0,1.9075393968104064,2.0407609502365336,1.9741501735234697,0.0189430802647401,0.0553625655250267,-0.0553625655250267
TSLA_2013-06-18,TSLA,2013-06-18,6.783332824707031,6.932000160217285,6.613333225250244,6.892666816711426,131929500.0,1.9472631480220368,2.057971150928166,2.002617149475101,0.0116439020071601,0.0553077947303041,-0.0553077947303041
TSLA_2013-06-19,TSLA,2013-06-19,6.803999900817871,7.111332893371582,6.800666809082031,6.97866678237915,128683500.0,1.911821613851488,2.043023677462871,1.9774226456571795,0.0124770234735873,0.0553077195034863,-0.0553077195034863
TSLA_2013-06-20,TSLA,2013-06-20,6.976666927337647,7.142000198364258,6.630000114440918,6.710000038146973,151597500.0,1.7950566121571412,1.9098005441443997,1.8524285781507703,-0.0384982909501496,0.0557349774128761,-0.0557349774128761
TSLA_2013-06-21,TSLA,2013-06-21,6.913332939147949,6.913332939147949,6.5,6.636666774749756,175779000.0,1.7184602116489236,1.8763367906443464,1.797398501146635,-0.0109289512638316,0.0558530499100986,-0.0558530499100986
TSLA_2013-06-24,TSLA,2013-06-24,6.433332920074463,6.857999801635742,6.353332996368408,6.765999794006348,106797000.0,1.7042364273653825,1.947720467286652,1.8259784473260168,0.0194876469839739,0.055845661055432,-0.055845661055432
TSLA_2013-06-25,TSLA,2013-06-25,6.873332977294922,6.946667194366455,6.703332901000977,6.826666831970215,87730500.0,1.704701673076921,2.0117644831383736,1.8582330781076477,0.0089664557805055,0.0558452361565344,-0.0558452361565344
TSLA_2013-06-26,TSLA,2013-06-26,6.920000076293945,7.058000087738037,6.843999862670898,7.047999858856201,99039000.0,1.7704402937159551,2.084014500832048,1.9272273972740015,0.0324218293251772,0.0558637757410018,-0.0558637757410018
TSLA_2013-06-27,TSLA,2013-06-27,7.116666793823242,7.349999904632568,7.075333118438721,7.283332824707031,131173500.0,1.8833463019447625,2.2524564695255536,2.067901385735158,0.0333900355510252,0.0558063765892973,-0.0558063765892973
TSLA_2013-06-28,TSLA,2013-06-28,7.23799991607666,7.296000003814697,7.113999843597412,7.157332897186279,86229000.0,1.4438875194159424,2.186702018288594,1.8152947688522685,-0.0172997624237802,0.0529730869246692,-0.0529730869246692
TSLA_2013-07-01,TSLA,2013-07-01,7.2906670570373535,7.851333141326904,7.27666711807251,7.811999797821045,163554000.0,1.6427603386027654,2.5273923841211103,2.0850763613619376,0.0914679965343139,0.0538206994291108,-0.0538206994291108
TSLA_2013-07-02,TSLA,2013-07-02,7.883333206176758,8.12600040435791,7.699999809265137,7.854667186737059,180961500.0,1.866666846495764,2.478595015509878,2.1726309310028213,0.0054617754762249,0.0525991147958586,-0.0525991147958586
TSLA_2013-07-03,TSLA,2013-07-03,7.866666793823242,7.949999809265137,7.618000030517578,7.682666778564453,72100500.0,1.743156058275713,2.259050358280275,2.001103208277994,-0.0218978607347024,0.0528371018421908,-0.0528371018421908
TSLA_2013-07-05,TSLA,2013-07-05,7.888000011444092,8.018667221069336,7.7133331298828125,8.005999565124512,102280500.0,1.902828087058228,2.4538392126962107,2.178333649877219,0.0420860094390915,0.0527589257560552,-0.0527589257560552
TSLA_2013-07-08,TSLA,2013-07-08,8.091333389282227,8.145333290100098,7.921332836151123,8.107333183288574,117213000.0,1.9072432417274303,2.535174784404429,2.2212090130659297,0.0126572100510082,0.0527558842252204,-0.0527558842252204
TSLA_2013-07-09,TSLA,2013-07-09,8.309332847595215,8.354666709899902,8.12733268737793,8.229999542236328,129049500.0,2.048147924773818,2.594933181173109,2.321540552973464,0.0151302970008193,0.0523660167597486,-0.0523660167597486
TSLA_2013-07-10,TSLA,2013-07-10,8.212667465209961,8.216667175292969,8.052666664123535,8.15133285522461,84001500.0,1.9209263192715944,2.6303448146976582,2.2756355669846267,-0.0095585287226325,0.0524557744084394,-0.0524557744084394
TSLA_2013-07-11,TSLA,2013-07-11,8.325332641601562,8.406000137329102,8.15666675567627,8.37399959564209,112254000.0,1.8816241868355037,2.7339470130369383,2.3077855999362207,0.0273166050721094,0.0523867806418194,-0.0523867806418194
TSLA_2013-07-12,TSLA,2013-07-12,8.366666793823242,8.662667274475098,8.300666809082031,8.65999984741211,170160000.0,1.9691424812161609,2.8741431275388862,2.421642804377524,0.0341533634559592,0.0523911247532944,-0.0523911247532944
TSLA_2013-07-15,TSLA,2013-07-15,8.868666648864746,8.883999824523926,8.454667091369629,8.484000205993652,148836000.0,1.9390297416679945,2.866909837678677,2.4029697896733357,-0.0203232845865524,0.0524958253820509,-0.0524958253820509
TSLA_2013-07-16,TSLA,2013-07-16,8.41866683959961,8.421333312988281,7.153333187103272,7.269999980926514,485578500.0,1.3919720970228244,2.278713537356149,1.8353428171894868,-0.1430929037707341,0.0561094757344623,-0.0561094757344623
TSLA_2013-07-17,TSLA,2013-07-17,7.101333141326904,8.107999801635742,6.966667175292969,8.016667366027832,390435000.0,1.6457648322520697,2.547197964538296,2.0964813983951824,0.1027052802008618,0.0571206920447803,-0.0571206920447803
TSLA_2013-07-18,TSLA,2013-07-18,8.064666748046875,8.182000160217285,7.745333194732666,7.935332775115967,170971500.0,1.5341707475610762,2.49061599047724,2.0123933690191578,-0.0101456861309396,0.057183492912618,-0.057183492912618
TSLA_2013-07-19,TSLA,2013-07-19,7.900000095367432,8.036666870117188,7.767333030700684,7.97866678237915,88354500.0,1.502195003394212,2.481093625579858,1.991644314487035,0.0054608935114948,0.0571995120059713,-0.0571995120059713
TSLA_2013-07-22,TSLA,2013-07-22,7.992667198181152,8.445332527160645,7.992000102996826,8.161999702453613,146967000.0,1.4393304869888373,2.5466400897592227,1.99298528837403,0.0229778890477483,0.0570494124675563,-0.0570494124675563
TSLA_2013-07-23,TSLA,2013-07-23,8.266667366027832,8.370667457580566,8.121333122253418,8.182666778564453,116046000.0,1.406194694670588,2.487922818233677,1.947058756452132,0.0025321093928276,0.0570737672302055,-0.0570737672302055
TSLA_2013-07-24,TSLA,2013-07-24,8.29800033569336,8.300000190734863,7.970666885375977,8.113332748413086,103035000.0,1.4132459179150785,2.3805551775075915,1.896900547711335,-0.0084732804142771,0.0570528765913827,-0.0570528765913827
TSLA_2013-07-25,TSLA,2013-07-25,8.026666641235352,8.316666603088379,8.012666702270508,8.271332740783691,79264500.0,1.3859611815611212,2.3541494209599896,1.8700553012605556,0.01947411714397,0.0570206235729304,-0.0570206235729304
TSLA_2013-07-26,TSLA,2013-07-26,8.542667388916016,8.711999893188477,8.440667152404785,8.62600040435791,144496500.0,1.527148847809487,2.4989189927310047,2.013033920270246,0.04287914350555,0.0569852997939631,-0.0569852997939631
TSLA_2013-07-29,TSLA,2013-07-29,8.621333122253418,9.024666786193848,8.550000190734863,8.974666595458984,145183500.0,1.4503091619056183,2.539837522382308,1.9950733421439637,0.0404203773193572,0.0566087568460365,-0.0566087568460365
TSLA_2013-07-30,TSLA,2013-07-30,8.986666679382324,9.166000366210938,8.545332908630371,8.78266716003418,196905000.0,1.4400818271705391,2.471409983933603,1.9557459055520712,-0.0213934894831583,0.0566498141213054,-0.0566498141213054
TSLA_2013-07-31,TSLA,2013-07-31,8.838000297546387,8.998000144958496,8.763333320617676,8.95199966430664,95275500.0,1.520270143282047,2.578891603188188,2.0495808732351173,0.0192803053089629,0.0565300048442727,-0.0565300048442727
TSLA_2013-08-01,TSLA,2013-08-01,9.0,9.101332664489746,8.842000007629395,9.036666870117188,79854000.0,1.505082566045996,2.6137024746395072,2.059392520342752,0.0094579098509277,0.0565364958815572,-0.0565364958815572
TSLA_2013-08-02,TSLA,2013-08-02,8.97266674041748,9.216667175292969,8.907333374023438,9.199999809265137,94048500.0,1.5297888907485977,2.6031334927874483,2.066461191768023,0.0180744672228723,0.0565275242315742,-0.0565275242315742
TSLA_2013-08-05,TSLA,2013-08-05,9.333999633789062,9.65933322906494,9.3100004196167,9.645333290100098,153010500.0,1.4315964621169632,2.8335982375977564,2.13259734985736,0.0484058141377865,0.0558767117135923,-0.0558767117135923
TSLA_2013-08-06,TSLA,2013-08-06,9.649999618530272,9.715332984924316,9.40666675567627,9.476667404174805,138817500.0,1.5607998906306917,2.728035876461662,2.144417883546177,-0.0174867867032039,0.0550355995761375,-0.0550355995761375
TSLA_2013-08-07,TSLA,2013-08-07,9.459333419799805,9.463333129882812,8.824000358581543,8.9486665725708,273183000.0,1.4059869693698333,2.426857830070401,1.916422399720117,-0.05571587659301,0.0557663973750843,-0.0557663973750843
TSLA_2013-08-08,TSLA,2013-08-08,10.289999961853027,10.592000007629396,10.030667304992676,10.232000350952148,408702000.0,1.2115272831909554,2.887538172336777,2.049532727763866,0.1434106151988035,0.050293203706537,-0.050293203706537
TSLA_2013-08-09,TSLA,2013-08-09,10.15999984741211,10.396666526794434,10.083333015441896,10.199999809265137,133915500.0,0.9932257561039246,2.8990825897106887,1.9461541729073064,-0.0031274961483004,0.0489291489492656,-0.0489291489492656
TSLA_2013-08-12,TSLA,2013-08-12,9.961999893188477,10.033332824707031,9.470000267028809,9.825332641601562,223683000.0,0.6785876777722211,2.83602322217174,1.7573054499719802,-0.036732075948006,0.0463109027828123,-0.0463109027828123
TSLA_2013-08-13,TSLA,2013-08-13,9.966667175292969,9.989333152770996,9.630000114440918,9.695332527160645,131233500.0,0.7471167003715051,2.8382155341689868,1.792666117270246,-0.0132311158495014,0.0457386265775147,-0.0457386265775147
TSLA_2013-08-14,TSLA,2013-08-14,9.514666557312012,9.656000137329102,9.203332901000977,9.290666580200195,175407000.0,0.6426213498268178,2.62444772298449,1.633534536405654,-0.0417382225753281,0.0461812301324597,-0.0461812301324597
TSLA_2013-08-15,TSLA,2013-08-15,9.095333099365234,9.57333278656006,9.0,9.31133270263672,152688000.0,0.5140378143490769,2.649595283311028,1.5818165488300524,0.0022243960923715,0.0450827863427547,-0.0450827863427547
TSLA_2013-08-16,TSLA,2013-08-16,9.44200038909912,9.593999862670898,9.39799976348877,9.466667175292969,106621500.0,0.5519126759499828,2.8336941313778614,1.692803403663922,0.0166823029116187,0.0450515570084538,-0.0450515570084538
TSLA_2013-08-19,TSLA,2013-08-19,9.562000274658203,9.825332641601562,9.522000312805176,9.65999984741211,120565500.0,0.6110740741418184,2.688899834615334,1.649986954378576,0.0204224642674371,0.0449629210696684,-0.0449629210696684
TSLA_2013-08-20,TSLA,2013-08-20,9.90999984741211,9.985333442687988,9.800000190734863,9.972000122070312,96273000.0,0.7077292944314981,2.881162864155959,1.794446079293729,0.0322981655886658,0.0448377597038178,-0.0448377597038178
TSLA_2013-08-21,TSLA,2013-08-21,10.0,10.02066707611084,9.75,9.857333183288574,93994500.0,0.6948647195925306,3.205346739834587,1.9501057297135589,-0.0114988906315749,0.0448841579122086,-0.0448841579122086
TSLA_2013-08-22,TSLA,2013-08-22,9.947999954223633,10.498666763305664,9.87600040435791,10.473333358764648,158886000.0,0.6941658180734391,3.3505962017160185,2.022381009894729,0.0624915648098816,0.044875758630819,-0.044875758630819
TSLA_2013-08-23,TSLA,2013-08-23,10.466667175292969,10.81999969482422,10.333333015441896,10.78933334350586,193978500.0,0.6670786681095557,3.7073879071228593,2.1872332876162077,0.0301718635239243,0.0446992123635716,-0.0446992123635716
TSLA_2013-08-26,TSLA,2013-08-26,11.010000228881836,11.533332824707031,10.68333339691162,10.947999954223633,362566500.0,0.4884438509298812,3.769678469323355,2.1290611601266183,0.0147058771535013,0.0416303170491148,-0.0416303170491148
TSLA_2013-08-27,TSLA,2013-08-27,10.81999969482422,11.25333309173584,10.729999542236328,11.133999824523926,263503500.0,0.5961961218550247,3.758119757656676,2.1771579397558503,0.0169893926815862,0.0409580952599202,-0.0409580952599202
TSLA_2013-08-28,TSLA,2013-08-28,11.27066707611084,11.43333339691162,10.883333206176758,11.096667289733888,221101500.0,0.5859933644442878,3.778926426409468,2.182459895426878,-0.0033530209608776,0.0409792308582527,-0.0409792308582527
TSLA_2013-08-29,TSLA,2013-08-29,10.947999954223633,11.18333339691162,10.833999633789062,11.070667266845703,141540000.0,0.6986499254673637,3.792496771027952,2.2455733482476576,-0.0023430478908058,0.0398135025957672,-0.0398135025957672
TSLA_2013-08-30,TSLA,2013-08-30,11.091333389282228,11.280667304992676,10.93066692352295,11.266667366027832,165426000.0,0.8252511139224881,3.749859808467056,2.287555461194772,0.0177044521759865,0.03902279776341,-0.03902279776341
TSLA_2013-09-03,TSLA,2013-09-03,11.5600004196167,11.579999923706056,11.09333324432373,11.262666702270508,180916500.0,0.7813157778435751,3.609550607572285,2.19543319270793,-0.0003550884771291,0.0390042198779114,-0.0390042198779114
TSLA_2013-09-04,TSLA,2013-09-04,11.317999839782717,11.441332817077637,11.03733253479004,11.374667167663574,172135500.0,0.7890323250304567,3.526929925915341,2.1579811254728987,0.0099444002343145,0.0390002156286875,-0.0390002156286875
TSLA_2013-09-05,TSLA,2013-09-05,11.34000015258789,11.43333339691162,11.216667175292969,11.32866668701172,100279500.0,0.7455573322863001,3.444938036745768,2.0952476845160337,-0.0040441166298584,0.0390152750411528,-0.0390152750411528
TSLA_2013-09-06,TSLA,2013-09-06,11.23799991607666,11.313332557678224,11.010000228881836,11.131333351135254,129295500.0,0.6363189790825563,3.3402646074046904,1.9882917932436237,-0.0174189374026432,0.0388448881829719,-0.0388448881829719
TSLA_2013-09-09,TSLA,2013-09-09,10.874667167663574,10.966667175292969,10.567333221435549,10.713333129882812,215167500.0,0.6061968526746204,3.1099737550573234,1.858085303865972,-0.0375516758025947,0.039120994450062,-0.039120994450062
TSLA_2013-09-10,TSLA,2013-09-10,10.763333320617676,11.166666984558104,10.708666801452637,11.091333389282228,134517000.0,0.7610882244917292,3.2528118170777365,2.006950020784733,0.0352831611615862,0.0383907902384274,-0.0383907902384274
TSLA_2013-09-11,TSLA,2013-09-11,11.093999862670898,11.19333267211914,10.808667182922363,10.90133285522461,87487500.0,0.6731811806572243,3.1949712094912845,1.9340761950742544,-0.017130540340733,0.0384048647614908,-0.0384048647614908
TSLA_2013-09-12,TSLA,2013-09-12,10.93333339691162,11.11733341217041,10.70066738128662,10.995332717895508,92400000.0,0.6798737163387938,3.475711587180445,2.0777926517596192,0.0086227862151597,0.038400905193579,-0.038400905193579
TSLA_2013-09-13,TSLA,2013-09-13,10.851332664489746,11.091333389282228,10.810667037963867,11.03600025177002,81018000.0,0.6504486179341489,3.6908465219353337,2.1706475699347414,0.0036986178515838,0.0383723625416866,-0.0383723625416866
TSLA_2013-09-16,TSLA,2013-09-16,11.199999809265137,11.390000343322754,11.05666732788086,11.10533332824707,113623500.0,0.6299413623242873,3.73911872544869,2.1845300438864887,0.0062824460760528,0.0383510403596132,-0.0383510403596132
TSLA_2013-09-17,TSLA,2013-09-17,11.005332946777344,11.227999687194824,10.890666961669922,11.08199977874756,82453500.0,0.6077956578256478,3.738596891859381,2.173196274842514,-0.0021011120341755,0.038371996506891,-0.038371996506891
TSLA_2013-09-18,TSLA,2013-09-18,11.137999534606934,11.16333293914795,10.946666717529297,11.08133316040039,81595500.0,0.5878868422805781,3.623643227702975,2.1057650349917765,-6.015325396846461e-05,0.0383824323769362,-0.0383824323769362
TSLA_2013-09-19,TSLA,2013-09-19,11.386667251586914,12.031332969665527,11.272000312805176,11.861332893371582,233919000.0,0.7677098101250082,3.940848993164949,2.354279401644978,0.0703886185606759,0.038701014039281,-0.038701014039281
TSLA_2013-09-20,TSLA,2013-09-20,11.92666721343994,12.388667106628418,11.904000282287598,12.22599983215332,201025500.0,0.8421897990522986,4.0079196710292,2.425054735040749,0.0307441787579811,0.0386968280201441,-0.0386968280201441
TSLA_2013-09-23,TSLA,2013-09-23,12.298666954040527,12.36533260345459,11.807332992553713,12.074000358581545,122601000.0,0.7845108965680552,3.825739371529793,2.3051251340489243,-0.0124324779697796,0.0387858448757035,-0.0387858448757035
TSLA_2013-09-24,TSLA,2013-09-24,11.942667007446287,12.330666542053224,11.84333324432373,12.155332565307615,94101000.0,0.7805662506309126,3.81590051710573,2.2982333838683213,0.0067361441370394,0.0387877959427264,-0.0387877959427264
TSLA_2013-09-25,TSLA,2013-09-25,12.237333297729492,12.420000076293944,12.033332824707031,12.349332809448242,123790500.0,0.7521755188361168,3.854297659046238,2.303236588941177,0.0159600934896935,0.0386892065071693,-0.0386892065071693
TSLA_2013-09-26,TSLA,2013-09-26,12.446666717529297,12.645333290100098,12.37399959564209,12.576000213623049,99216000.0,0.7266820721087826,3.9786223672491774,2.3526522196789803,0.0183546275472783,0.0385868032879747,-0.0385868032879747
TSLA_2013-09-27,TSLA,2013-09-27,12.501333236694336,12.751999855041504,12.428667068481444,12.726667404174805,88746000.0,0.7781298686243818,3.345549393831836,2.061839631228109,0.0119805333963451,0.0384356086682035,-0.0384356086682035
TSLA_2013-09-30,TSLA,2013-09-30,12.600000381469728,12.966667175292969,12.533332824707031,12.891332626342772,133870500.0,0.6501962314359602,3.361073151350705,2.005634691393333,0.0129385971156872,0.0369940473970279,-0.0369940473970279
TSLA_2013-10-01,TSLA,2013-10-01,12.93066692352295,12.9486665725708,12.55799961090088,12.866666793823242,116338500.0,0.6380919124809208,3.695863777021896,2.1669778447514085,-0.0019133656104044,0.0370159797424284,-0.0370159797424284
TSLA_2013-10-02,TSLA,2013-10-02,12.572667121887209,12.788666725158691,11.69333267211914,12.063332557678224,311631000.0,0.5702011951548316,3.307306921200741,1.9387540581777865,-0.0624353027103076,0.0378954757107893,-0.0378954757107893
TSLA_2013-10-03,TSLA,2013-10-03,11.670000076293944,11.97933292388916,11.199999809265137,11.553999900817873,357247500.0,0.4431676902843027,3.189267705692223,1.8162176979882627,-0.042221554817053,0.0381562991485632,-0.0381562991485632
TSLA_2013-10-04,TSLA,2013-10-04,11.760000228881836,12.07866668701172,11.510000228881836,12.065333366394045,216210000.0,0.4882000151744088,3.32655943645446,1.9073797258144345,0.0442559693582804,0.0384443785482118,-0.0384443785482118
TSLA_2013-10-07,TSLA,2013-10-07,12.163999557495115,12.4486665725708,12.017333030700684,12.204667091369627,172284000.0,0.4829486962587688,3.5202469910472054,2.001597843652987,0.0115482698027784,0.038434895737608,-0.038434895737608
TSLA_2013-10-08,TSLA,2013-10-08,12.293333053588867,12.395333290100098,11.547332763671877,11.648667335510254,206358000.0,0.4290506279649742,3.174151590794493,1.801601109379734,-0.0455563229784892,0.0389491981729369,-0.0389491981729369
TSLA_2013-10-09,TSLA,2013-10-09,11.648667335510254,11.666000366210938,10.766667366027832,11.251999855041504,229747500.0,0.343682875372618,2.871989073110412,1.6078359742415147,-0.034052606108815,0.0391851099558754,-0.0391851099558754
TSLA_2013-10-10,TSLA,2013-10-10,11.53933334350586,11.716667175292969,11.312666893005373,11.528667449951172,133258500.0,0.3312549252984471,2.9526855520318662,1.641970238665157,0.0245883041658327,0.0390905425068105,-0.0390905425068105
TSLA_2013-10-11,TSLA,2013-10-11,11.516667366027832,11.952667236328123,11.41333293914795,11.91333293914795,124666500.0,0.4042117691995801,3.1270201532777997,1.7656159612386897,0.0333659974898838,0.0391080613023558,-0.0391080613023558
TSLA_2013-10-14,TSLA,2013-10-14,11.666666984558104,12.166666984558104,11.609999656677246,11.981332778930664,116544000.0,0.6480512806553986,2.942092677790445,1.7950719792229215,0.0057078770592622,0.0341246958820055,-0.0341246958820055
TSLA_2013-10-15,TSLA,2013-10-15,12.35200023651123,12.586000442504885,12.211999893188477,12.262666702270508,164677500.0,0.5296464406438908,3.047084758435159,1.788365599539525,0.0234810207287268,0.0319908664403057,-0.0319908664403057
TSLA_2013-10-16,TSLA,2013-10-16,12.326666831970217,12.486666679382324,12.13933277130127,12.237333297729492,123081000.0,0.5421323395666486,2.908026663797725,1.7250795016821867,-0.0020658968522992,0.0319361075060633,-0.0319361075060633
TSLA_2013-10-17,TSLA,2013-10-17,12.236000061035156,12.31999969482422,12.065999984741213,12.186667442321776,100575000.0,0.5274064921768604,2.8218688928768203,1.6746376925268405,-0.0041402693033716,0.0319683494814748,-0.0319683494814748
TSLA_2013-10-18,TSLA,2013-10-18,12.276666641235352,12.397333145141602,12.16800022125244,12.226667404174805,88962000.0,0.4979990014578528,2.654114633734976,1.5760568175964145,0.0032822723720282,0.031908176707196,-0.031908176707196
TSLA_2013-10-21,TSLA,2013-10-21,12.218667030334473,12.22599983215332,11.399999618530272,11.506667137145996,172981500.0,0.4062245779443432,2.383650118965065,1.3949373484547043,-0.058887695496073,0.0329653258884057,-0.0329653258884057
TSLA_2013-10-22,TSLA,2013-10-22,11.366666793823242,11.85200023651123,11.074000358581545,11.435999870300291,170800500.0,0.4095317208008135,2.4015466713943794,1.4055391960975965,-0.0061414192314276,0.0329501767364543,-0.0329501767364543
TSLA_2013-10-23,TSLA,2013-10-23,11.260666847229004,11.45400047302246,10.67666721343994,10.966667175292969,199806000.0,0.3258645878455979,2.163461438606132,1.244663013225865,-0.0410399353209329,0.0334291934757098,-0.0334291934757098
TSLA_2013-10-24,TSLA,2013-10-24,11.0,11.633333206176758,10.85533332824707,11.543333053588867,162385500.0,0.3382022388680972,2.381836246091588,1.3600192424798423,0.0525835122994413,0.0336281970379623,-0.0336281970379623
TSLA_2013-10-25,TSLA,2013-10-25,11.61400032043457,11.633333206176758,11.119999885559082,11.310667037963867,113932500.0,0.2602882700608462,2.0880958947722736,1.17419208241656,-0.0201558782497974,0.0334699638188036,-0.0334699638188036
TSLA_2013-10-28,TSLA,2013-10-28,11.345333099365234,11.366666793823242,10.813332557678224,10.857333183288574,117625500.0,0.2362227766862477,2.0164847317264165,1.126353754206332,-0.0400802050978685,0.0337819455974799,-0.0337819455974799
TSLA_2013-10-29,TSLA,2013-10-29,10.850666999816896,11.029999732971191,10.199999809265137,10.964667320251465,211675500.0,0.2248288350556715,2.0868995436217395,1.1558641893387054,0.0098858656311751,0.0337337561627887,-0.0337337561627887
TSLA_2013-10-30,TSLA,2013-10-30,10.975333213806152,11.178667068481444,10.54466724395752,10.614666938781738,126027000.0,0.1746219144010659,1.9425248794616825,1.058573396931374,-0.0319207479120944,0.0340228598194672,-0.0340228598194672
TSLA_2013-10-31,TSLA,2013-10-31,10.378000259399414,10.829333305358888,10.220000267028809,10.662667274475098,140007000.0,0.1589855973406584,1.9319888886900247,1.0454872430153417,0.0045220764787243,0.0339695557547056,-0.0339695557547056
TSLA_2013-11-01,TSLA,2013-11-01,10.866666793823242,11.0600004196167,10.694000244140623,10.81133270263672,107709000.0,0.1208874154440464,1.7255458738251703,0.9232166446346084,0.0139426115750143,0.0334991683593054,-0.0334991683593054
TSLA_2013-11-04,TSLA,2013-11-04,11.0,11.692667007446287,10.947999954223633,11.68000030517578,196806000.0,0.2325008156380299,2.156187953888105,1.1943443847630677,0.0803478744417147,0.0348067500189561,-0.0348067500189561
TSLA_2013-11-05,TSLA,2013-11-05,12.0,12.095333099365234,11.423999786376951,11.78733253479004,337006500.0,0.3172166421889311,2.1692060769436545,1.2432113595662928,0.0091894029802976,0.033963889565911,-0.033963889565911
TSLA_2013-11-06,TSLA,2013-11-06,10.320667266845703,10.715332984924316,9.756667137145996,10.077333450317385,466075500.0,-0.0151159983707751,1.1780978403813165,0.5814909210052706,-0.1450709123057004,0.0344369632447639,-0.0344369632447639
TSLA_2013-11-07,TSLA,2013-11-07,9.612667083740234,9.710000038146973,9.174667358398438,9.317999839782717,334270500.0,-0.0864705868603309,0.8208703552284913,0.3671998841840801,-0.0753506484903259,0.0357326236455319,-0.0357326236455319
TSLA_2013-11-08,TSLA,2013-11-08,9.09866714477539,9.373332977294922,8.821332931518555,9.196666717529297,337168500.0,-0.0639841873048067,0.5711846093901027,0.253600211042648,-0.013021369858303,0.0354718560818111,-0.0354718560818111
TSLA_2013-11-11,TSLA,2013-11-11,9.399999618530272,9.694666862487791,9.140000343322754,9.646666526794434,209964000.0,-0.0050195287505484,0.738346997863427,0.3666637345564392,0.0489307510086687,0.0359705889734076,-0.0359705889734076
TSLA_2013-11-12,TSLA,2013-11-12,9.645999908447266,9.646666526794434,9.07866668701172,9.186667442321776,224778000.0,-0.0111939371605539,0.6242339496582721,0.306520006248859,-0.0476847710237491,0.0360910114770038,-0.0360910114770038
TSLA_2013-11-13,TSLA,2013-11-13,9.38933277130127,9.4913330078125,9.089332580566406,9.24666690826416,189874500.0,-0.006944848437673,0.5035230511995168,0.2482891013809218,0.0065311459589769,0.0360984472432235,-0.0360984472432235
TSLA_2013-11-14,TSLA,2013-11-14,9.261333465576172,9.359999656677246,8.940667152404785,9.173333168029783,183055500.0,-0.0309859850179118,0.5038251330238892,0.2364195740029886,-0.0079308296667239,0.0360541790001173,-0.0360541790001173
TSLA_2013-11-15,TSLA,2013-11-15,9.123332977294922,9.196666717529297,8.956666946411133,9.029999732971191,148503000.0,-0.0652174041813979,0.50600400508234,0.220393300450471,-0.0156250113707988,0.0360134002406786,-0.0360134002406786
TSLA_2013-11-18,TSLA,2013-11-18,9.017999649047852,9.029999732971191,7.973999977111816,8.10533332824707,347073000.0,-0.1871908113691136,0.388058062208062,0.1004336254194742,-0.1023993833962022,0.0379844166299367,-0.0379844166299367
TSLA_2013-11-19,TSLA,2013-11-19,7.961999893188477,8.600000381469727,7.947999954223633,8.406000137329102,297243000.0,-0.1472338429647443,0.4453232736215586,0.1490447153284071,0.0370949345209787,0.0382919618450657,-0.0382919618450657
TSLA_2013-11-20,TSLA,2013-11-20,8.405332565307617,8.49666690826416,7.937333106994629,8.074000358581543,207744000.0,-0.2290897193848236,0.3060498462196348,0.0384800634174056,-0.0394955714160917,0.0376818707895046,-0.0376818707895046
TSLA_2013-11-21,TSLA,2013-11-21,8.192667007446289,8.31933307647705,8.016667366027832,8.140000343322754,178557000.0,-0.2455511305318738,0.2577256164696839,0.006087242968905,0.0081743846680737,0.0374670724722598,-0.0374670724722598
TSLA_2013-11-22,TSLA,2013-11-22,8.10533332824707,8.183333396911621,7.861999988555908,8.092000007629395,166450500.0,-0.2608695614300237,0.1001541563245875,-0.080357702552718,-0.0058968468880635,0.0373932307731373,-0.0373932307731373
TSLA_2013-11-25,TSLA,2013-11-25,8.300000190734863,8.38933277130127,8.020000457763672,8.055999755859375,154009500.0,-0.2764505224694632,0.1549268700044721,-0.0607618262324955,-0.0044488694681261,0.037295853697752,-0.037295853697752
TSLA_2013-11-26,TSLA,2013-11-26,7.958666801452637,8.1813325881958,7.739999771118164,8.033332824707031,208282500.0,-0.2760589630240522,0.14816568089277,-0.063946641065641,-0.0028136707844184,0.0372961637101501,-0.0372961637101501
TSLA_2013-11-27,TSLA,2013-11-27,8.087332725524902,8.463333129882812,7.967999935150146,8.462667465209961,185514000.0,-0.2355774714181996,0.2984862712010487,0.0314543998914245,0.053444149504485,0.0380015840764161,-0.0380015840764161
TSLA_2013-11-29,TSLA,2013-11-29,8.65133285522461,8.706000328063965,8.465332984924316,8.485333442687988,145743000.0,-0.2468639423691825,0.3746624281258408,0.0638992428783291,0.0026783490632482,0.0379132588995219,-0.0379132588995219
TSLA_2013-12-02,TSLA,2013-12-02,8.423333168029785,8.569999694824219,8.26200008392334,8.277999877929688,116268000.0,-0.2650053404971243,0.3092575836032385,0.0221261215530571,-0.0244343449975987,0.0379996429248618,-0.0379996429248618
TSLA_2013-12-03,TSLA,2013-12-03,8.845333099365234,9.662667274475098,8.772666931152344,9.646666526794434,385236000.0,-0.1519165893294513,0.5172486360116912,0.1826660233411199,0.1653378435669954,0.0435646445907124,-0.0435646445907124
TSLA_2013-12-04,TSLA,2013-12-04,9.621333122253418,9.628666877746582,9.142000198364258,9.263333320617676,197215500.0,-0.182310365681598,0.4273241367189899,0.1225068855186959,-0.0397373750934602,0.0438272324756463,-0.0438272324756463
TSLA_2013-12-05,TSLA,2013-12-05,9.34333324432373,9.55666732788086,9.300000190734863,9.36533260345459,139326000.0,-0.1586513216317032,0.3767148104400695,0.1090317444041831,0.0110110776873257,0.0438148201475813,-0.0438148201475813
TSLA_2013-12-06,TSLA,2013-12-06,9.434000015258787,9.499333381652832,9.08666706085205,9.157333374023438,118644000.0,-0.1452395568209494,0.3729135336249547,0.1138369884020026,-0.0222094866502048,0.0436552054053003,-0.0436552054053003
TSLA_2013-12-09,TSLA,2013-12-09,9.133333206176758,9.446666717529297,8.947333335876465,9.4399995803833,135922500.0,-0.1488850574534748,0.4988885030076402,0.1750017227770827,0.0308677422579919,0.0435986280328729,-0.0435986280328729
TSLA_2013-12-10,TSLA,2013-12-10,9.33666706085205,9.724666595458984,9.324000358581545,9.47933292388916,161223000.0,-0.1304427587177046,0.45492681161775,0.1622420264500227,0.0041666679294769,0.0435589617795771,-0.0435589617795771
TSLA_2013-12-11,TSLA,2013-12-11,9.458666801452637,9.536666870117188,9.29933261871338,9.3100004196167,107067000.0,-0.1532770623244386,0.4223876080223461,0.1345552728489537,-0.0178633354933362,0.0435896423463944,-0.0435896423463944
TSLA_2013-12-12,TSLA,2013-12-12,9.313332557678224,9.88266658782959,9.235333442687988,9.83133316040039,161517000.0,-0.1091579434475291,0.4702890410346405,0.1805655487935556,0.0559970695259275,0.0441880201363389,-0.0441880201363389
TSLA_2013-12-13,TSLA,2013-12-13,9.869999885559082,10.119999885559082,9.821332931518556,9.84333324432373,158878500.0,-0.1136390999370877,0.4447162929595247,0.1655385965112185,0.0012205957958657,0.0441794045781176,-0.0441794045781176
TSLA_2013-12-16,TSLA,2013-12-16,9.898667335510254,10.028667449951172,9.739999771118164,9.862667083740234,100129500.0,-0.1100282186745477,0.430892765602419,0.1604322734639356,0.0019641557322722,0.0441806668421556,-0.0441806668421556
TSLA_2013-12-17,TSLA,2013-12-17,9.838666915893556,10.308667182922363,9.754667282104492,10.163999557495115,157425000.0,-0.0827818809909447,0.4564385826758201,0.1868283508424377,0.0305528384154487,0.0443578973077109,-0.0443578973077109
TSLA_2013-12-18,TSLA,2013-12-18,10.149333000183104,10.326666831970217,9.729999542236328,9.86533260345459,173728500.0,-0.168277908381815,0.4702433006511564,0.1509826961346707,-0.0293847862104916,0.0435637365643003,-0.0435637365643003
TSLA_2013-12-19,TSLA,2013-12-19,9.793333053588867,9.800000190734863,9.273332595825195,9.381333351135254,191100000.0,-0.232673525279858,0.4135610042722071,0.0904437394961745,-0.0490606117172219,0.0437565566483016,-0.0437565566483016
TSLA_2013-12-20,TSLA,2013-12-20,9.43866729736328,9.623332977294922,9.43866729736328,9.54933261871338,111189000.0,-0.2090995250032246,0.4113705157325964,0.1011354953646859,0.0179078241109293,0.0438207947579993,-0.0438207947579993
TSLA_2013-12-23,TSLA,2013-12-23,9.65666675567627,9.749333381652832,9.506667137145996,9.56999969482422,80782500.0,-0.2126912494243195,0.4018553901014479,0.0945820703385642,0.0021642429828383,0.0438085826440826,-0.0438085826440826
TSLA_2013-12-24,TSLA,2013-12-24,10.0,10.33133316040039,9.98799991607666,10.093999862670898,149122500.0,-0.1826279185748262,0.4321793508533105,0.1247757161392421,0.0547544602462291,0.0443464841807443,-0.0443464841807443
TSLA_2013-12-26,TSLA,2013-12-26,10.336000442504885,10.533332824707031,10.28600025177002,10.366666793823242,106942500.0,-0.175678545027896,0.4233410779549589,0.1238312664635314,0.0270127734160872,0.0444246412123265,-0.0444246412123265
TSLA_2013-12-27,TSLA,2013-12-27,10.353333473205566,10.366666793823242,10.053333282470703,10.074666976928713,81903000.0,-0.208381372988198,0.4076007252491089,0.0996096761304554,-0.028167184563944,0.0445074398333846,-0.0445074398333846
TSLA_2013-12-30,TSLA,2013-12-30,10.074666976928713,10.320667266845703,10.050000190734863,10.162667274475098,67012500.0,-0.2116666624745828,0.3009047026997762,0.0446190201125966,0.0087348095721584,0.0444867222195668,-0.0444867222195668
TSLA_2013-12-31,TSLA,2013-12-31,10.154666900634766,10.213333129882812,9.910667419433594,10.028667449951172,63936000.0,-0.2205698950123179,0.2767781513244769,0.0281041281560794,-0.013185497557367,0.0445057911101552,-0.0445057911101552
TSLA_2014-01-02,TSLA,2014-01-02,9.986666679382324,10.165332794189451,9.770000457763672,10.006667137145996,92826000.0,-0.1704889930455556,0.3024991745139562,0.0660050907342003,-0.0021937423805276,0.0438499211351334,-0.0438499211351334
TSLA_2014-01-03,TSLA,2014-01-03,10.0,10.145999908447266,9.90666675567627,9.970666885375977,70425000.0,-0.1370376518118039,0.2453993788370772,0.0541808635126366,-0.0035976265900143,0.043547689730758,-0.043547689730758
TSLA_2014-01-06,TSLA,2014-01-06,10.0,10.026666641235352,9.682666778564451,9.800000190734863,80416500.0,-0.1877555395169508,0.2087822184162033,0.0105133394496262,-0.0171168786003101,0.0431948550247582,-0.0431948550247582
TSLA_2014-01-07,TSLA,2014-01-07,9.841333389282228,10.026666641235352,9.68333339691162,9.957332611083984,75511500.0,-0.1841373028416987,0.2098825230770657,0.0128726101176835,0.0160543282945919,0.0432220071121709,-0.0432220071121709
TSLA_2014-01-08,TSLA,2014-01-08,9.923333168029783,10.24666690826416,9.917332649230955,10.085332870483398,92448000.0,-0.134207151771012,0.2372618134492188,0.0515273308391033,0.0128548743322012,0.0429045863583603,-0.0429045863583603
TSLA_2014-01-09,TSLA,2014-01-09,10.166666984558104,10.228667259216309,9.789999961853027,9.835332870483398,80730000.0,-0.1259035729478224,0.1745084004544017,0.0243024137532896,-0.0247884728457175,0.0428065564750939,-0.0428065564750939
TSLA_2014-01-10,TSLA,2014-01-10,9.897333145141602,9.92666721343994,9.483332633972168,9.714667320251465,111691500.0,-0.157346903930982,0.1217860844598657,-0.0177804097355581,-0.0122685781783817,0.0426997210991522,-0.0426997210991522
TSLA_2014-01-13,TSLA,2014-01-13,9.718667030334473,9.800000190734863,9.187999725341797,9.28933334350586,94741500.0,-0.2202573880076385,0.0949237527060957,-0.0626668176507713,-0.0437826600463139,0.0427806559682826,-0.0427806559682826
TSLA_2014-01-14,TSLA,2014-01-14,9.366666793823242,10.800000190734863,9.111332893371582,10.751333236694336,414105000.0,-0.1026596593994366,0.47886289751051,0.1881016190555366,0.1573848024530797,0.0473092207050443,-0.0473092207050443
TSLA_2014-01-15,TSLA,2014-01-15,11.229999542236328,11.482000350952148,10.80666732788086,10.94200038909912,306984000.0,-0.1076981333046309,0.3649063743704708,0.1286041205329199,0.0177342798522917,0.0472674975333428,-0.0472674975333428
TSLA_2014-01-16,TSLA,2014-01-16,10.833333015441896,11.513333320617676,10.826666831970217,11.39799976348877,179391000.0,-0.0685879442702155,0.4363606526031542,0.1838863541664693,0.0416742239238023,0.047567758358765,-0.047567758358765
TSLA_2014-01-17,TSLA,2014-01-17,11.345999717712402,11.546667098999023,11.196666717529297,11.333999633789062,138093000.0,-0.0699672664876022,0.4205380351038283,0.175285384308113,-0.0056150316746556,0.0475701765144889,-0.0475701765144889
TSLA_2014-01-21,TSLA,2014-01-21,11.416000366210938,11.81933307647705,11.387332916259766,11.778667449951172,146020500.0,-0.0366412154198831,0.4431104973466657,0.2032346409633912,0.0392330889826799,0.047825781775129,-0.047825781775129
TSLA_2014-01-22,TSLA,2014-01-22,11.854000091552734,12.021332740783691,11.650667190551758,11.904000282287598,105339000.0,0.0345306890697241,0.4547824816075434,0.2446565853386337,0.0106406631199138,0.0472313703020017,-0.0472313703020017
TSLA_2014-01-23,TSLA,2014-01-23,11.815333366394045,12.158666610717772,11.56133270263672,12.100000381469728,118011000.0,0.0580623048880815,0.4913723813233728,0.2747173431057271,0.0164650617048258,0.0472573142084045,-0.0472573142084045
TSLA_2014-01-24,TSLA,2014-01-24,11.856666564941406,12.031999588012695,11.5686674118042,11.640000343322754,114964500.0,0.061398158370918,0.4072702317885337,0.2343341950797258,-0.0380165308797371,0.0472144382146078,-0.0472144382146078
TSLA_2014-01-27,TSLA,2014-01-27,11.677332878112791,11.861332893371582,10.980667114257812,11.30799961090088,130746000.0,-0.0203869577006461,0.3109203664293833,0.1452667043643686,-0.0285223988513303,0.0469185276970434,-0.0469185276970434
TSLA_2014-01-28,TSLA,2014-01-28,11.43333339691162,11.932000160217283,11.399999618530272,11.892000198364258,91401000.0,0.0513968944934162,0.3250631733084537,0.1882300339009349,0.0516449069294626,0.0472734659209357,-0.0472734659209357
TSLA_2014-01-29,TSLA,2014-01-29,11.686667442321776,11.939332962036133,11.541999816894531,11.682000160217283,89032500.0,0.0759548374363257,0.3301198767245348,0.2030373570804302,-0.0176589332865854,0.0470362814645103,-0.0470362814645103
TSLA_2014-01-30,TSLA,2014-01-30,11.866666793823242,12.3186674118042,11.800666809082031,12.189332962036133,128475000.0,0.1116920017739837,0.3616324194735358,0.2366622106237598,0.0434285905547713,0.047313298784726,-0.047313298784726
TSLA_2014-01-31,TSLA,2014-01-31,11.923333168029783,12.399999618530272,11.900667190551758,12.093999862670898,97632000.0,0.1393668715580958,0.3383252958747238,0.2388460837164098,-0.0078210267667764,0.0471253608939546,-0.0471253608939546
TSLA_2014-02-03,TSLA,2014-02-03,12.192667007446287,12.325332641601562,11.677332878112791,11.807332992553713,101473500.0,0.1073526622010219,0.2834057866678194,0.1953792244344206,-0.0237032308063774,0.0472461281096183,-0.0472461281096183
TSLA_2014-02-04,TSLA,2014-02-04,12.046667098999023,12.106666564941406,11.74666690826416,11.915332794189451,70294500.0,0.1021150788638187,0.2353469222695772,0.168731000566698,0.0091468413488335,0.0472315875596484,-0.0472315875596484
TSLA_2014-02-05,TSLA,2014-02-05,11.886667251586914,12.03933334350586,11.290666580200195,11.628000259399414,109020000.0,-0.0044520585974062,0.2270136497854584,0.1112807955940261,-0.024114520320419,0.0462831933271383,-0.0462831933271383
TSLA_2014-02-06,TSLA,2014-02-06,11.75333309173584,12.007332801818848,11.733332633972168,11.892000198364258,87624000.0,0.0088796734346208,0.3289130958142165,0.1688963846244187,0.0227038126139911,0.0463531757693744,-0.0463531757693744
TSLA_2014-02-07,TSLA,2014-02-07,12.067333221435549,12.44200038909912,11.973333358764648,12.435333251953123,133927500.0,0.2339904512697725,0.2153374536188266,0.2246639524442996,0.0456889542991767,0.0427345897057068,-0.0427345897057068
TSLA_2014-02-10,TSLA,2014-02-10,12.62266731262207,13.286666870117188,12.621333122253418,13.104000091552734,194560500.0,0.406310401037558,0.284705915352053,0.3455081581948055,0.0537715255435224,0.0419463471114722,-0.0419463471114722
TSLA_2014-02-11,TSLA,2014-02-11,13.264666557312012,13.479999542236328,12.846667289733888,13.107999801635742,160648500.0,0.4252989919327241,0.3341023942675485,0.3797006931001363,0.0003052281788051,0.0418810930576552,-0.0418810930576552
TSLA_2014-02-12,TSLA,2014-02-12,13.052000045776367,13.218000411987305,12.954667091369627,13.021332740783691,77605500.0,0.3498271868956843,0.3430516905227894,0.3464394387092369,-0.0066117685507773,0.0415562362072922,-0.0415562362072922
TSLA_2014-02-13,TSLA,2014-02-13,12.88933277130127,13.514666557312012,12.883333206176758,13.308667182922363,120439500.0,0.448693692950185,0.4324771067864097,0.4405853998682973,0.0220664388091951,0.0410399241350233,-0.0410399241350233
TSLA_2014-02-14,TSLA,2014-02-14,13.206666946411133,13.458666801452637,13.133333206176758,13.215332984924316,92370000.0,0.4291996365861499,0.4192740617228818,0.4242368491545158,-0.0070130386999092,0.0410762695544273,-0.0410762695544273
TSLA_2014-02-18,TSLA,2014-02-18,13.682666778564451,13.733332633972168,13.423999786376951,13.579999923706056,139992000.0,0.4803779253362408,0.4345069571209248,0.4574424412285828,0.0275942300657685,0.0411190318271705,-0.0411190318271705
TSLA_2014-02-19,TSLA,2014-02-19,13.579999923706056,13.579999923706056,12.894000053405762,12.90933322906494,242535000.0,0.4296050510310822,0.3363699205982202,0.3829874858146512,-0.0493863548165682,0.0416360214060685,-0.0416360214060685
TSLA_2014-02-20,TSLA,2014-02-20,14.333999633789062,14.347332954406738,13.751333236694336,13.998000144958496,270034500.0,0.7270110405176669,0.4037304425997474,0.5653707415587071,0.084331769625596,0.0403856197140262,-0.0403856197140262
TSLA_2014-02-21,TSLA,2014-02-21,14.109333038330078,14.26533317565918,13.946000099182127,13.973333358764648,117282000.0,0.6623046788581775,0.417557172811613,0.5399309258348952,-0.0017621650191746,0.0402534927977553,-0.0402534927977553
TSLA_2014-02-24,TSLA,2014-02-24,13.917332649230955,14.557332992553713,13.887999534606934,14.510000228881836,124176000.0,0.7971265276771653,0.385423315752581,0.5912749217148732,0.0384065030396321,0.0399394814140322,-0.0399394814140322
TSLA_2014-02-25,TSLA,2014-02-25,15.333333015441896,17.280000686645508,15.229999542236328,16.53333282470703,490225500.0,1.0311218829701074,0.5323776083587692,0.7817497456644383,0.1394440085395585,0.0431341087878129,-0.0431341087878129
TSLA_2014-02-26,TSLA,2014-02-26,17.238666534423828,17.666667938232422,16.5,16.866666793823242,369069000.0,1.0843631707761756,0.5406162645549011,0.8124897176655383,0.0201613293974269,0.0430828980663338,-0.0430828980663338
TSLA_2014-02-27,TSLA,2014-02-27,17.416667938232422,17.459999084472656,16.55533218383789,16.836000442504883,269187000.0,1.089871021937351,0.5121250860289794,0.8009980539831653,-0.0018181631079348,0.0430673876103685,-0.0430673876103685
TSLA_2014-02-28,TSLA,2014-02-28,16.643333435058594,16.845333099365234,16.170000076293945,16.320667266845703,218847000.0,1.0316184606033554,0.4707719751086718,0.7511952178560136,-0.0306090022638718,0.0433694966931013,-0.0433694966931013
TSLA_2014-03-03,TSLA,2014-03-03,15.817333221435549,16.77666664123535,15.666000366210938,16.70400047302246,196339500.0,0.9738457810959288,0.5088521830158688,0.7413489820558988,0.0234875939757359,0.0430731257597937,-0.0430731257597937
TSLA_2014-03-04,TSLA,2014-03-04,17.23200035095215,17.333332061767578,16.85533332824707,16.98933219909668,131184000.0,1.002199714819314,0.5079287998085653,0.7550642573139397,0.0170816402055926,0.0430626019477823,-0.0430626019477823
TSLA_2014-03-05,TSLA,2014-03-05,17.114667892456055,17.132667541503906,16.786666870117188,16.8439998626709,89035500.0,1.034791025737917,0.4955605371217473,0.7651757814298321,-0.0085543289590575,0.0428923615142395,-0.0428923615142395
TSLA_2014-03-06,TSLA,2014-03-06,16.94266700744629,17.166667938232422,16.6299991607666,16.862667083740234,110416500.0,0.7480304763207837,0.4824756483141941,0.6152530623174889,0.0011082415828502,0.0381650988865302,-0.0381650988865302
TSLA_2014-03-07,TSLA,2014-03-07,16.862667083740234,16.989999771118164,16.29400062561035,16.413999557495117,117184500.0,0.7719323044289026,0.4488906780454327,0.6104114912371676,-0.0266071508152908,0.0379264842358027,-0.0379264842358027
TSLA_2014-03-10,TSLA,2014-03-10,16.18000030517578,16.200000762939453,15.737333297729492,15.922666549682615,115921500.0,0.7001709628347019,0.4304365925811311,0.5653037777079165,-0.02993377732779,0.038254778206465,-0.038254778206465
TSLA_2014-03-11,TSLA,2014-03-11,15.766667366027832,16.30666732788086,15.495332717895508,15.62733268737793,132151500.0,0.7065374873986687,0.4586807390305494,0.5826091132146091,-0.018548015270129,0.0382091224307751,-0.0382091224307751
TSLA_2014-03-12,TSLA,2014-03-12,15.43333339691162,16.5,15.407333374023438,16.099332809448242,146316000.0,0.7054378734193276,0.4515236576519592,0.5784807655356434,0.0302034986720123,0.038203140114311,-0.038203140114311
TSLA_2014-03-13,TSLA,2014-03-13,16.252666473388672,16.279333114624023,15.600000381469728,15.852666854858398,93544500.0,0.6723399190788628,0.4541952865204732,0.563267602799668,-0.0153215016739751,0.0383232356422803,-0.0383232356422803
TSLA_2014-03-14,TSLA,2014-03-14,15.685999870300291,15.79599952697754,15.221332550048828,15.39799976348877,124345500.0,0.6539204156257943,0.4004123530002579,0.5271663843130261,-0.0286807951956856,0.0384689803183723,-0.0384689803183723
TSLA_2014-03-17,TSLA,2014-03-17,15.66333293914795,15.862000465393066,15.366666793823242,15.59866714477539,88689000.0,0.5866278652426544,0.413434830456223,0.5000313478494387,0.0130320421073415,0.037995174281739,-0.037995174281739
TSLA_2014-03-18,TSLA,2014-03-18,15.796667098999023,16.100000381469727,15.66800022125244,16.002666473388672,93634500.0,0.6257365341782766,0.4409892976994167,0.5333629159388467,0.0258996057075682,0.0380509786627148,-0.0380509786627148
TSLA_2014-03-19,TSLA,2014-03-19,16.092666625976562,16.10333251953125,15.567333221435549,15.72266674041748,76069500.0,0.5941597345750567,0.4187571786970734,0.506458456636065,-0.0174970673441711,0.0381830448210739,-0.0381830448210739
TSLA_2014-03-20,TSLA,2014-03-20,15.744000434875488,15.949999809265137,15.557332992553713,15.660667419433594,57268500.0,0.5407977273951312,0.4132475932947894,0.4770226603449603,-0.0039433082191144,0.0381033695435117,-0.0381033695435117
TSLA_2014-03-21,TSLA,2014-03-21,15.73466682434082,15.74666690826416,15.166666984558104,15.259332656860352,123253500.0,0.5467631219566707,0.2864770590316758,0.4166200904941732,-0.0256269258406712,0.0380474881264988,-0.0380474881264988
TSLA_2014-03-24,TSLA,2014-03-24,15.31666660308838,15.326666831970217,14.017999649047852,14.678000450134276,169932000.0,0.5645964065820197,0.200556245022383,0.3825763258022013,-0.0380968303004206,0.0378083337297672,-0.0378083337297672
TSLA_2014-03-25,TSLA,2014-03-25,14.942667007446287,15.136667251586914,14.526666641235352,14.696000099182127,117981000.0,0.5389557245480237,0.2171608135440386,0.3780582690460311,0.0012263011647262,0.0377948321913803,-0.0377948321913803
TSLA_2014-03-26,TSLA,2014-03-26,14.796667098999023,14.84000015258789,14.09000015258789,14.197333335876465,103609500.0,0.4835249517881241,0.1679921762401548,0.3257585640141395,-0.0339321420754082,0.038149547548565,-0.038149547548565
TSLA_2014-03-27,TSLA,2014-03-27,14.157999992370604,14.239999771118164,13.533332824707031,13.821332931518556,142435500.0,0.3692622468355568,0.1191967327128891,0.2442294897742229,-0.0264838752082943,0.0378801715666232,-0.0378801715666232
TSLA_2014-03-28,TSLA,2014-03-28,14.186667442321776,14.447999954223633,14.017999649047852,14.157999992370604,145272000.0,0.365723455181018,0.1257951456643458,0.2457593004226819,0.0243585088732145,0.037857526061139,-0.037857526061139
TSLA_2014-03-31,TSLA,2014-03-31,14.43333339691162,14.449999809265137,13.759332656860352,13.896666526794434,125700000.0,0.3793673337906069,0.0919328749202503,0.2356501043554286,-0.018458360341644,0.0377372843668015,-0.0377372843668015
TSLA_2014-04-01,TSLA,2014-04-01,13.934666633605955,14.543999671936035,13.905332565307615,14.464667320251465,110571000.0,0.4233140699766307,0.1220459311315624,0.2726800005540966,0.0408731685661347,0.0379941210676212,-0.0379941210676212
TSLA_2014-04-02,TSLA,2014-04-02,14.666666984558104,15.392666816711426,14.536666870117188,15.352666854858398,161734500.0,0.5308780485021616,0.1932124380673776,0.3620452432847696,0.0613909407625072,0.0385352237450707,-0.0385352237450707
TSLA_2014-04-03,TSLA,2014-04-03,15.353333473205566,15.715332984924316,14.800000190734863,15.026666641235352,163855500.0,0.5016654831511773,0.2456480470374653,0.3736567650943213,-0.0212341097937576,0.0386866950881976,-0.0386866950881976
TSLA_2014-04-04,TSLA,2014-04-04,15.067333221435549,15.218000411987305,14.083333015441896,14.148667335510254,170184000.0,0.4190291881340624,0.2245687603397601,0.3217989742369113,-0.0584294126360492,0.0395404123464031,-0.0395404123464031
TSLA_2014-04-07,TSLA,2014-04-07,13.720666885375977,14.41333293914795,13.567333221435549,13.834667205810549,147832500.0,0.4117007078112251,0.1466460797796673,0.2791733937954462,-0.0221929120427921,0.0395940519518455,-0.0395940519518455
TSLA_2014-04-08,TSLA,2014-04-08,14.00333309173584,14.432666778564451,13.761333465576172,14.36400032043457,103339500.0,0.4425550377261991,0.176926843878592,0.3097409408023955,0.0382613550979891,0.0397813511516347,-0.0397813511516347
TSLA_2014-04-09,TSLA,2014-04-09,14.45066738128662,14.563332557678224,14.059332847595217,14.461999893188477,77368500.0,0.4339635665882886,0.2415154005730724,0.3377394835806805,0.0068225821893423,0.0397732644493465,-0.0397732644493465
TSLA_2014-04-10,TSLA,2014-04-10,14.454667091369627,14.5,13.586000442504885,13.612667083740234,108172500.0,0.3840575873738763,0.2097997919579624,0.2969286896659193,-0.0587285863449821,0.0404281639454394,-0.0404281639454394
TSLA_2014-04-11,TSLA,2014-04-11,13.37399959564209,13.800000190734863,13.239999771118164,13.585332870483398,136008000.0,0.3984352137476739,0.1783957625164161,0.288415488132045,-0.0020079983656902,0.040374233839978,-0.040374233839978
TSLA_2014-04-14,TSLA,2014-04-14,13.84000015258789,13.895999908447266,12.96066665649414,13.206000328063965,115545000.0,0.421630577752518,0.1085059399849583,0.2650682588687382,-0.0279222118468368,0.0401066801900542,-0.0401066801900542
TSLA_2014-04-15,TSLA,2014-04-15,13.272666931152344,13.28600025177002,12.288000106811523,12.927332878112791,204889500.0,0.2023934700481389,0.0789561659488902,0.1406748179985145,-0.021101578299902,0.0352799956989818,-0.0352799956989818
TSLA_2014-04-16,TSLA,2014-04-16,13.133333206176758,13.332667350769045,12.721332550048828,13.27400016784668,108033000.0,0.213123715574969,0.0824725559399668,0.1477981357574679,0.0268166135275149,0.0353574563142726,-0.0353574563142726
TSLA_2014-04-17,TSLA,2014-04-17,13.307332992553713,13.486000061035156,12.93866729736328,13.208000183105469,88902000.0,0.1587998295468189,0.0793201314175264,0.1190599804821727,-0.0049721247481283,0.0350357575915361,-0.0350357575915361
TSLA_2014-04-21,TSLA,2014-04-21,13.138667106628418,13.74666690826416,12.93333339691162,13.625332832336426,78873000.0,0.2021645731941275,0.1180524041394994,0.1601084886668135,0.0315969596793899,0.0352026323254757,-0.0352026323254757
TSLA_2014-04-22,TSLA,2014-04-22,13.757332801818848,14.621999740600586,13.667332649230955,14.576000213623049,147070500.0,0.2374914459176342,0.1921482552675033,0.2148198505925688,0.0697720483591008,0.035905556545055,-0.035905556545055
TSLA_2014-04-23,TSLA,2014-04-23,14.42199993133545,14.449333190917969,13.800000190734863,13.866000175476074,109434000.0,0.1648185355059013,0.2050405221781068,0.1849295288420041,-0.0487102104652408,0.036502343071784,-0.036502343071784
TSLA_2014-04-24,TSLA,2014-04-24,14.053999900817873,14.186667442321776,13.546667098999023,13.857333183288574,82428000.0,0.1452341112740851,0.2117290434111121,0.1784815773425986,-0.0006250535178002,0.0364646338310512,-0.0364646338310512
TSLA_2014-04-25,TSLA,2014-04-25,13.466667175292969,13.779999732971191,13.17666721343994,13.32333278656006,104950500.0,0.1446161850160894,0.2148935108176231,0.1797548479168562,-0.0385355818226625,0.0364740606455541,-0.0364740606455541
TSLA_2014-04-28,TSLA,2014-04-28,13.333333015441896,13.586000442504885,12.699999809265137,13.234000205993652,105630000.0,0.1703219544892902,0.1464626503069797,0.1583923023981349,-0.0067049725468482,0.0362750440730995,-0.0362750440730995
TSLA_2014-04-29,TSLA,2014-04-29,13.21399974822998,13.8100004196167,13.035332679748535,13.79466724395752,86686500.0,0.1599955443874758,0.2196157129951921,0.189805628691334,0.0423656512949079,0.0360932677078219,-0.0360932677078219
TSLA_2014-04-30,TSLA,2014-04-30,13.57333278656006,13.87733268737793,13.41866683959961,13.859333038330078,66609000.0,0.1863835685885058,0.2764951396777739,0.2314393541331398,0.0046877386187682,0.0359968024813723,-0.0359968024813723
TSLA_2014-05-01,TSLA,2014-05-01,13.805333137512209,14.267999649047852,13.71266746520996,13.84866714477539,81598500.0,0.1361300235137788,0.263026660115556,0.1995783418146673,-0.0007695820228281,0.0356317203113666,-0.0356317203113666
TSLA_2014-05-02,TSLA,2014-05-02,13.90666675567627,14.09066677093506,13.767999649047852,14.060667037963867,61302000.0,0.1626151147366261,0.3246451461036264,0.2436301304201262,0.015308324690904,0.0356413806834713,-0.0356413806834713
TSLA_2014-05-05,TSLA,2014-05-05,13.965332984924316,14.512666702270508,13.90133285522461,14.440667152404783,77205000.0,0.2230253149895731,0.354320338492947,0.28867282674126,0.0270257530041009,0.0356012815700389,-0.0356012815700389
TSLA_2014-05-06,TSLA,2014-05-06,14.4399995803833,14.577333450317385,13.789999961853027,13.8186674118042,84550500.0,0.1597382675323104,0.2781650321827609,0.2189516498575356,-0.0430727842443902,0.0360796982824678,-0.0360796982824678
TSLA_2014-05-07,TSLA,2014-05-07,13.97599983215332,14.013333320617676,13.149999618530272,13.423333168029783,152689500.0,0.1543973915187286,0.1492579466869943,0.1518276691028615,-0.0286087096529085,0.0361385297195833,-0.0361385297195833
TSLA_2014-05-08,TSLA,2014-05-08,12.133333206176758,12.960000038146973,11.866666793823242,11.906000137329102,300849000.0,0.0011772568727983,0.0100673839639982,0.0056223204183982,-0.1130369790950654,0.0388817189588086,-0.0388817189588086
TSLA_2014-05-09,TSLA,2014-05-09,11.990667343139648,12.226667404174805,11.814666748046877,12.150667190551758,127428000.0,-0.0228917115153833,0.205742297846567,0.0914252931655918,0.0205498950445621,0.0385406353574414,-0.0385406353574414
TSLA_2014-05-12,TSLA,2014-05-12,12.258000373840332,12.47933292388916,11.991999626159668,12.31133270263672,105034500.0,-0.0604904901845195,0.3212419955272079,0.1303757526713441,0.0132227728375191,0.0379685379450462,-0.0379685379450462
TSLA_2014-05-13,TSLA,2014-05-13,12.250666618347168,12.755999565124512,12.199999809265137,12.677332878112791,106458000.0,-0.0328552738816191,0.3784704031895789,0.1728075646539799,0.0297287210342129,0.0381564510622652,-0.0381564510622652
TSLA_2014-05-14,TSLA,2014-05-14,12.596667289733888,12.898667335510254,12.473333358764648,12.708000183105469,81100500.0,-0.0240630175048706,0.3173462716688631,0.1466416270819962,0.0024190660044609,0.0381474898696641,-0.0381474898696641
TSLA_2014-05-15,TSLA,2014-05-15,12.665332794189451,12.843999862670898,12.353333473205566,12.572667121887209,90606000.0,-0.0553023117130456,0.3685775827659305,0.1566376355264424,-0.0106494380916186,0.0380693163160294,-0.0380693163160294
TSLA_2014-05-16,TSLA,2014-05-16,12.596667289733888,12.802666664123535,12.514666557312012,12.77066707611084,67315500.0,-0.0336477264190572,0.3811103182160831,0.1737312958985129,0.0157484448052347,0.0381115684681339,-0.0381115684681339
TSLA_2014-05-19,TSLA,2014-05-19,12.714667320251465,13.12600040435791,12.666666984558104,13.072667121887209,68575500.0,-0.0373588221405817,0.4250727497227609,0.1938569637910895,0.0236479460294833,0.0380689775691772,-0.0380689775691772
TSLA_2014-05-20,TSLA,2014-05-20,13.129332542419434,13.288666725158691,12.871333122253418,13.020000457763672,83191500.0,0.0085726525712086,0.4418605584476167,0.2252166055094127,-0.0040287619681953,0.0375432310878146,-0.0375432310878146
TSLA_2014-05-21,TSLA,2014-05-21,13.07866668701172,13.324666976928713,12.986000061035156,13.296667098999023,79281000.0,-0.0501023745318408,0.6404836865450265,0.2951906560065928,0.0212493572586918,0.036093259130064,-0.036093259130064
TSLA_2014-05-22,TSLA,2014-05-22,13.356666564941406,13.791999816894531,13.303999900817873,13.658666610717772,93217500.0,-0.0225190897524465,0.6248710905990584,0.3011760004233059,0.02722483078079,0.0362571467097524,-0.0362571467097524
TSLA_2014-05-23,TSLA,2014-05-23,13.635333061218262,13.850666999816896,13.5,13.81999969482422,60102000.0,-0.0475534474964504,0.7116669656987911,0.3320567591011703,0.0118117740702341,0.0359596908366396,-0.0359596908366396
TSLA_2014-05-27,TSLA,2014-05-27,13.90133285522461,14.258000373840332,13.846667289733888,14.104000091552734,80116500.0,-0.1469354520900927,0.7326780708458143,0.2928713093778607,0.0205499568017266,0.0313388867994275,-0.0313388867994275
TSLA_2014-05-28,TSLA,2014-05-28,14.001333236694336,14.184666633605955,13.684000015258787,14.015999794006348,82426500.0,-0.1690118761853314,0.7320810406316878,0.2815345822231782,-0.0062393857753229,0.0312136418084298,-0.0312136418084298
TSLA_2014-05-29,TSLA,2014-05-29,14.038000106811523,14.166000366210938,13.847999572753906,14.015999794006348,55387500.0,-0.1674982522202269,0.7398212783971452,0.2861615130884591,0.0,0.0312150738281174,-0.0312150738281174
TSLA_2014-05-30,TSLA,2014-05-30,14.020000457763672,14.31999969482422,13.8013334274292,13.851332664489746,83716500.0,-0.1513010811373036,0.7242323910555633,0.2864656549591298,-0.0117485111256221,0.0310302469596955,-0.0310302469596955
TSLA_2014-06-02,TSLA,2014-06-02,13.821999549865724,13.956666946411133,13.444666862487791,13.646666526794434,70021500.0,-0.1830300442798554,0.6125727003803352,0.2147713280502398,-0.0147759167043911,0.030895125465765,-0.030895125465765
TSLA_2014-06-03,TSLA,2014-06-03,13.565999984741213,13.866666793823242,13.505999565124512,13.662667274475098,57912000.0,-0.1958090456785852,0.6101508994026086,0.2071709268620116,0.0011725022846602,0.0307954630029737,-0.0307954630029737
TSLA_2014-06-04,TSLA,2014-06-04,13.623332977294922,13.750666618347168,13.359999656677246,13.599332809448242,51411000.0,-0.1926304369316327,0.6428283413854567,0.225098952226912,-0.0046355856989344,0.0307879776498826,-0.0307879776498826
TSLA_2014-06-05,TSLA,2014-06-05,13.631333351135254,13.946666717529297,13.603333473205566,13.793333053588867,60819000.0,-0.182019488074396,0.429854863882432,0.1239176879040179,0.0142654236688612,0.0308602637796584,-0.0308602637796584
TSLA_2014-06-06,TSLA,2014-06-06,13.983332633972168,14.053999900817873,13.812000274658203,13.878000259399414,46107000.0,-0.1545022155759526,0.4981648375440337,0.1718313109840405,0.0061382702412537,0.0307267239411024,-0.0307267239411024
TSLA_2014-06-09,TSLA,2014-06-09,13.863332748413086,13.999333381652832,13.613332748413086,13.687333106994627,42085500.0,-0.1403868777703283,0.4614892696865653,0.1605511959581185,-0.0137388059404055,0.0305581431082048,-0.0305581431082048
TSLA_2014-06-10,TSLA,2014-06-10,13.628666877746582,13.79800033569336,13.436667442321776,13.486666679382324,52720500.0,-0.1369821741700427,0.472772272072117,0.1678950489510371,-0.0146607396812572,0.0305279597837777,-0.0305279597837777
TSLA_2014-06-11,TSLA,2014-06-11,13.43333339691162,13.666666984558104,13.283332824707031,13.631333351135254,59662500.0,-0.1532982445623205,0.4439972412140476,0.1453494983258635,0.0107266439656352,0.0302956514618947,-0.0302956514618947
TSLA_2014-06-12,TSLA,2014-06-12,13.673333168029783,13.991999626159668,13.513999938964844,13.567999839782717,89905500.0,-0.144118780517708,0.4313243293301347,0.1436027744062133,-0.0046461714141311,0.0302507786324861,-0.0302507786324861
TSLA_2014-06-13,TSLA,2014-06-13,13.652000427246094,13.78600025177002,13.43866729736328,13.761333465576172,53164500.0,-0.106290837969319,0.4781238287143641,0.1859164953725225,0.0142492355598782,0.0301235454729762,-0.0301235454729762
TSLA_2014-06-16,TSLA,2014-06-16,13.784000396728516,15.03266716003418,13.750666618347168,14.973999977111816,198696000.0,-0.0400461886817553,0.5230894663834162,0.2415216388508304,0.0881212939552054,0.0321202433594378,-0.0321202433594378
TSLA_2014-06-17,TSLA,2014-06-17,14.940667152404783,15.702667236328123,14.856666564941406,15.444666862487791,199573500.0,-0.034869164575091,0.5690484594122762,0.2670896474185926,0.0314322750163886,0.0322000405839183,-0.0322000405839183
TSLA_2014-06-18,TSLA,2014-06-18,15.43333339691162,15.447333335876465,15.074666976928713,15.141332626342772,104103000.0,-0.0369742692936626,0.5352168432517648,0.249121286979051,-0.0196400633853593,0.0322198962665791,-0.0322198962665791
TSLA_2014-06-19,TSLA,2014-06-19,15.2586669921875,15.687333106994627,15.133333206176758,15.185999870300291,131896500.0,-0.0303095351188085,0.4940968645656682,0.2318936647234298,0.0029500206527268,0.0322182781020836,-0.0322182781020836
TSLA_2014-06-20,TSLA,2014-06-20,15.23466682434082,15.419333457946776,15.079999923706056,15.305999755859377,73558500.0,0.0030582660492721,0.551493535098817,0.2772759005740446,0.007902007545369,0.0320642324301064,-0.0320642324301064
TSLA_2014-06-23,TSLA,2014-06-23,15.300666809082031,15.932666778564451,15.214667320251465,15.814666748046877,116866500.0,0.0774401323786717,0.6857589594269253,0.3815995459027985,0.0332331765517488,0.0319363454860802,-0.0319363454860802
TSLA_2014-06-24,TSLA,2014-06-24,15.9313325881958,16.125333786010742,15.44200038909912,15.5,121138500.0,0.0547087571714577,0.6231500795799463,0.338929418375702,-0.0198971469370822,0.032051983266315,-0.032051983266315
TSLA_2014-06-25,TSLA,2014-06-25,15.536666870117188,15.83666706085205,15.349332809448242,15.792667388916016,87024000.0,0.1123685705827701,0.6502265300444288,0.3812975503135994,0.0188817670268397,0.0318038467140193,-0.0318038467140193
TSLA_2014-06-26,TSLA,2014-06-26,15.81133270263672,16.02666664123535,15.61400032043457,15.706666946411133,76821000.0,0.1364075392897314,0.556039940568724,0.3462237399292277,-0.0054455932229182,0.0316077134971956,-0.0316077134971956
TSLA_2014-06-27,TSLA,2014-06-27,15.645999908447266,16.0,15.633333206176758,15.937333106994627,84525000.0,0.1256768693023635,0.537363303360975,0.3315200863316693,0.0146858758367063,0.0315233434488446,-0.0315233434488446
TSLA_2014-06-30,TSLA,2014-06-30,15.970000267028809,16.299333572387695,15.93333339691162,16.003999710083008,72429000.0,0.151643070604406,0.5885388317780273,0.3700909511912167,0.0041830463504035,0.0314108630018476,-0.0314108630018476
TSLA_2014-07-01,TSLA,2014-07-01,16.163999557495117,16.229333877563477,15.91333293914795,15.981332778930664,65041500.0,0.1048531172615196,0.5725529870558614,0.3387030521586905,-0.0014163291404,0.0310322633119974,-0.0310322633119974
TSLA_2014-07-02,TSLA,2014-07-02,16.04400062561035,16.155332565307617,15.137999534606934,15.295332908630373,120411000.0,-0.0037344616912521,0.5251610430760514,0.2607132906923996,-0.0429250726325337,0.0305955596570228,-0.0305955596570228
TSLA_2014-07-03,TSLA,2014-07-03,15.419333457946776,15.460000038146973,14.93333339691162,15.283332824707031,77500500.0,0.0170807132146892,0.5273150006132805,0.2721978569139849,-0.0007845585313523,0.0304704803279373,-0.0304704803279373
TSLA_2014-07-07,TSLA,2014-07-07,15.166666984558104,15.3186674118042,14.69333267211914,14.843999862670898,88405500.0,0.049144736438569,0.4887670035835478,0.2689558700110585,-0.0287458872403738,0.0297621789591045,-0.0297621789591045
TSLA_2014-07-08,TSLA,2014-07-08,14.576666831970217,14.730667114257812,14.284667015075684,14.604666709899902,117543000.0,0.0556572480302204,0.4902720842503123,0.2729646661402664,-0.0161232252078404,0.0296949702282917,-0.0296949702282917
TSLA_2014-07-09,TSLA,2014-07-09,14.751333236694336,14.947999954223633,14.61400032043457,14.870667457580566,61731000.0,0.0352734005738777,0.4934388594217807,0.2643561299978292,0.0182134076021298,0.0293984228233725,-0.0293984228233725
TSLA_2014-07-10,TSLA,2014-07-10,14.478667259216309,14.814666748046877,14.402667045593262,14.630666732788086,72958500.0,0.0116627603958876,0.4506875400818402,0.2311751502388639,-0.0161392032655626,0.0294670895658185,-0.0294670895658185
TSLA_2014-07-11,TSLA,2014-07-11,14.707332611083984,14.773332595825195,14.506667137145996,14.541999816894531,49534500.0,0.0682697025819683,0.4785467872202076,0.2734082449010879,-0.0060603469078307,0.0284870891442628,-0.0284870891442628
TSLA_2014-07-14,TSLA,2014-07-14,14.666000366210938,15.252667427062988,14.363332748413086,15.113332748413086,108048000.0,0.1124742317686999,0.5557231400922411,0.3340986859304705,0.0392884705482388,0.0288786093735644,-0.0288786093735644
TSLA_2014-07-15,TSLA,2014-07-15,15.11533260345459,15.17666721343994,14.539999961853027,14.638667106628418,85777500.0,0.1084860474764568,0.5758576601045606,0.3421718537905087,-0.0314070794103642,0.028940330047417,-0.028940330047417
TSLA_2014-07-16,TSLA,2014-07-16,14.788000106811523,14.986666679382324,14.454667091369627,14.477333068847656,60667500.0,0.119901003969594,0.3465616542733947,0.2332313291214943,-0.0110210879587329,0.0288379333421633,-0.0288379333421633
TSLA_2014-07-17,TSLA,2014-07-17,14.410667419433594,14.703332901000977,14.239999771118164,14.359999656677246,69741000.0,0.0818140330795806,0.3123742593706431,0.1970941462251119,-0.008104628912827,0.0286926367904968,-0.0286926367904968
TSLA_2014-07-18,TSLA,2014-07-18,14.396666526794434,14.747332572937012,14.395333290100098,14.66800022125244,63805500.0,0.1105390685877243,0.2868924833845381,0.1987157759861312,0.0214485077951918,0.0287870883455957,-0.0287870883455957
TSLA_2014-07-21,TSLA,2014-07-21,14.483332633972168,14.880666732788086,14.447999954223633,14.702667236328123,57333000.0,0.0790684834820991,0.2972179028924924,0.1881431931872957,0.0023634452244862,0.0285381233899848,-0.0285381233899848
TSLA_2014-07-22,TSLA,2014-07-22,14.812666893005373,14.886667251586914,14.607333183288574,14.638667106628418,40950000.0,0.004299320258434,0.2428118179607068,0.1235555691095704,-0.0043529604983216,0.0271783716783225,-0.0271783716783225
TSLA_2014-07-23,TSLA,2014-07-23,14.667332649230955,14.983332633972168,14.628666877746582,14.832667350769045,46249500.0,0.0697149259382423,0.2460237734401871,0.1578693496892147,0.0132525893735764,0.0264834036187515,-0.0264834036187515
TSLA_2014-07-24,TSLA,2014-07-24,14.883333206176758,15.006667137145996,14.720000267028809,14.902667045593262,48682500.0,0.0754354281937395,0.2316253368401222,0.1535303825169308,0.0047192924353276,0.0264853041847029,-0.0264853041847029
TSLA_2014-07-25,TSLA,2014-07-25,14.847999572753906,15.131333351135254,14.783332824707031,14.904666900634766,46306500.0,0.1186890802329789,0.2804696272354301,0.1995793537342045,0.0001341944388468,0.0259857505104343,-0.0259857505104343
TSLA_2014-07-28,TSLA,2014-07-28,14.949999809265137,15.466667175292969,14.760000228881836,14.98799991607666,97714500.0,0.1325373796872562,0.3254333597277692,0.2289853697075127,0.0055910686228315,0.0259645711787817,-0.0259645711787817
TSLA_2014-07-29,TSLA,2014-07-29,15.107333183288574,15.220000267028809,14.990667343139648,15.000666618347168,50736000.0,0.087425042812679,0.2614082045180681,0.1744166236653735,0.000845122921099,0.0254534874609138,-0.0254534874609138
TSLA_2014-07-30,TSLA,2014-07-30,14.79466724395752,15.30666732788086,14.736000061035156,15.261333465576172,73917000.0,0.1011592999005543,0.3063972998004405,0.2037782998504974,0.0173770175593519,0.0255279659486826,-0.0255279659486826
TSLA_2014-07-31,TSLA,2014-07-31,15.284000396728516,15.42666721343994,14.766667366027832,14.886667251586914,116236500.0,0.0749530691986575,0.2212864557848792,0.1481197624917684,-0.0245500312822837,0.0257423429828285,-0.0257423429828285
TSLA_2014-08-01,TSLA,2014-08-01,15.072667121887209,15.833333015441896,15.06666660308838,15.5513334274292,178437000.0,0.1060167618961835,0.2858718045325632,0.1959442832143734,0.0446484202682391,0.0262568230108603,-0.0262568230108603
TSLA_2014-08-04,TSLA,2014-08-04,15.625332832336426,16.03333282470703,15.5513334274292,15.90133285522461,89395500.0,0.1011494612682477,0.3467336667181975,0.2239415639932226,0.0225060718702156,0.0261932882650383,-0.0261932882650383
TSLA_2014-08-05,TSLA,2014-08-05,15.83133316040039,16.19933319091797,15.71266746520996,15.899333000183104,80829000.0,0.1505691921206204,0.3343591215460186,0.2424641568333195,-0.00012576650396,0.0255557689588679,-0.0255557689588679
TSLA_2014-08-06,TSLA,2014-08-06,15.92666721343994,16.761333465576172,15.905332565307615,16.595333099365234,138739500.0,0.2363049394386016,0.4271871972096415,0.3317460683241215,0.0437754275084443,0.0257584294153272,-0.0257584294153272
TSLA_2014-08-07,TSLA,2014-08-07,16.674667358398438,17.112667083740234,16.607999801635742,16.826000213623047,112183500.0,0.4132370249911368,0.4149007679917007,0.4140688964914187,0.0138995169832798,0.0210055686002419,-0.0210055686002419
TSLA_2014-08-08,TSLA,2014-08-08,16.743999481201172,16.784000396728516,16.433332443237305,16.54199981689453,76351500.0,0.3614067077532525,0.3302417781442572,0.3458242429487549,-0.0168786635637017,0.0211083847228322,-0.0211083847228322
TSLA_2014-08-11,TSLA,2014-08-11,17.031999588012695,17.582666397094727,17.0,17.288000106811523,121519500.0,0.4042346612165675,0.3192918182254847,0.3617632397210261,0.0450973460388444,0.0216798773122059,-0.0216798773122059
TSLA_2014-08-12,TSLA,2014-08-12,17.205333709716797,17.35333251953125,16.972000122070312,17.33066749572754,95734500.0,0.367059432954439,0.3221443208722701,0.3446018769133545,0.0024680349752661,0.0214621033072943,-0.0214621033072943
TSLA_2014-08-13,TSLA,2014-08-13,17.46733283996582,17.709333419799805,17.30733299255371,17.354000091552734,103989000.0,0.3655964621895304,0.3327360906152745,0.3491662764024025,0.0013463183591138,0.0214647690979184,-0.0214647690979184
TSLA_2014-08-14,TSLA,2014-08-14,17.499332427978516,17.53333282470703,17.100000381469727,17.42533302307129,61899000.0,0.3859694887440617,0.309322172052767,0.3476458303984143,0.0041104604784043,0.0213695346552625,-0.0213695346552625
TSLA_2014-08-15,TSLA,2014-08-15,17.43199920654297,17.472667694091797,17.233333587646484,17.46733283996582,58018500.0,0.3677698068443653,0.3217474625794194,0.3447586347118924,0.0024102734127906,0.0213315488073139,-0.0213315488073139
TSLA_2014-08-18,TSLA,2014-08-18,17.549999237060547,17.817333221435547,17.316667556762695,17.32933235168457,87738000.0,0.3256156674157597,0.2760922274700057,0.3008539474428827,-0.0079004899915515,0.0212617691474169,-0.0212617691474169
TSLA_2014-08-19,TSLA,2014-08-19,17.257999420166016,17.288667678833008,16.774667739868164,17.117332458496094,80022000.0,0.3146952270872796,0.3259656525061249,0.3203304397967023,-0.0122335868968355,0.0213410965079276,-0.0213410965079276
TSLA_2014-08-20,TSLA,2014-08-20,16.97800064086914,17.249332427978516,16.866666793823242,17.047332763671875,45418500.0,0.2820756236692729,0.2178405905940517,0.2499581071316623,-0.0040894044088904,0.0212603504339421,-0.0212603504339421
TSLA_2014-08-21,TSLA,2014-08-21,17.101333618164062,17.253332138061523,16.884000778198242,16.95599937438965,43734000.0,0.2414095649047107,0.2134541514930759,0.2274318581988933,-0.0053576351531577,0.0210860687639726,-0.0210860687639726
TSLA_2014-08-22,TSLA,2014-08-22,16.96933364868164,17.1299991607666,16.840667724609375,17.118667602539062,42501000.0,0.2386879870156755,0.1797841028606417,0.2092360449381586,0.0095935500207147,0.0210740743747642,-0.0210740743747642
TSLA_2014-08-25,TSLA,2014-08-25,17.21266746520996,17.57866668701172,17.21266746520996,17.503332138061523,64771500.0,0.2410190034346879,0.0586693151126158,0.1498441592736519,0.0224704716776793,0.0211003347003281,-0.0211003347003281
TSLA_2014-08-26,TSLA,2014-08-26,17.665332794189453,17.700000762939453,17.444000244140625,17.44933319091797,57270000.0,0.2449581512108622,0.0345454383024927,0.1397517947566775,-0.00308506670145,0.0210802262884191,-0.0210802262884191
TSLA_2014-08-27,TSLA,2014-08-27,17.566667556762695,17.615999221801758,17.3526668548584,17.549999237060547,44776500.0,0.2521403749281903,0.0424090505933387,0.1472747127607645,0.0057690483092485,0.021076430530201,-0.021076430530201
TSLA_2014-08-28,TSLA,2014-08-28,17.459333419799805,17.631999969482422,17.44266700744629,17.590667724609375,42673500.0,0.2699621148877646,0.0778154739018293,0.1738887943947969,0.002317292838563,0.0209834673447219,-0.0209834673447219
TSLA_2014-08-29,TSLA,2014-08-29,17.913333892822266,18.13333320617676,17.833999633789062,17.979999542236328,96706500.0,0.3175378402435238,0.0763888310033664,0.1969633356234451,0.0221328617947957,0.0209656467558894,-0.0209656467558894
TSLA_2014-09-02,TSLA,2014-09-02,18.36666679382324,18.99266624450684,18.286666870117188,18.94133377075196,147786000.0,0.3863569528724881,0.1148957209606549,0.2506263369165715,0.0534668661285218,0.0218445784150266,-0.0218445784150266
TSLA_2014-09-03,TSLA,2014-09-03,19.17799949645996,19.200000762939453,18.67333221435547,18.746000289916992,101584500.0,0.378449998436178,0.1129185729490085,0.2456842856925932,-0.0103125515446325,0.021898409335003,-0.021898409335003
TSLA_2014-09-04,TSLA,2014-09-04,18.93400001525879,19.42799949645996,18.69333267211914,19.06933212280273,125125500.0,0.3825035652163209,0.1308609740146187,0.2566822696154698,0.0172480437365432,0.0219212307612956,-0.0219212307612956
TSLA_2014-09-05,TSLA,2014-09-05,18.83666610717773,18.86000061035156,18.16733360290528,18.49266624450684,167548500.0,0.3325166377614068,0.1266398649354503,0.2295782513484285,-0.0302404863779327,0.0223755405644012,-0.0223755405644012
TSLA_2014-09-08,TSLA,2014-09-08,18.507999420166016,18.992000579833984,18.501333236694336,18.80733299255371,82524000.0,0.3740684796326476,0.1811672959343984,0.277617887783523,0.0170157587816923,0.0222997108195289,-0.0222997108195289
TSLA_2014-09-09,TSLA,2014-09-09,18.86599922180176,19.03266716003418,18.46666717529297,18.565332412719727,68382000.0,0.3765693817510436,0.188003914942874,0.2822866483469588,-0.0128673523210227,0.0222749535776352,-0.0222749535776352
TSLA_2014-09-10,TSLA,2014-09-10,18.63333320617676,18.76066780090332,18.24399948120117,18.739999771118164,56719500.0,0.374773786861976,0.1640233786657412,0.2693985827638586,0.0094082537557349,0.0222704165787787,-0.0222704165787787
TSLA_2014-09-11,TSLA,2014-09-11,18.69733238220215,18.98600006103516,18.57533264160156,18.687332153320312,56491500.0,0.3773092846395243,0.1788131501415593,0.2780612173905418,-0.0028104385507529,0.022258384350458,-0.022258384350458
TSLA_2014-09-12,TSLA,2014-09-12,18.700000762939453,18.826000213623047,18.46666717529297,18.61333274841309,49869000.0,0.352582058633645,0.2088149781992081,0.2806985184164265,-0.003959869942916,0.0222589753039428,-0.0222589753039428
TSLA_2014-09-15,TSLA,2014-09-15,18.291332244873047,18.293333053588867,16.608667373657227,16.923999786376953,246831000.0,0.1302257120506054,0.0849644799328555,0.1075950959917304,-0.0907592952250941,0.0228908735208058,-0.0228908735208058
TSLA_2014-09-16,TSLA,2014-09-16,17.010000228881836,17.497333526611328,16.827999114990234,17.382667541503906,124501500.0,0.1254802512913475,0.0862356951830547,0.1058579732372011,0.0271016166932451,0.0228080435921318,-0.0228080435921318
TSLA_2014-09-17,TSLA,2014-09-17,17.493999481201172,17.64666748046875,17.299999237060547,17.42533302307129,77665500.0,0.1508454013324316,0.108293733548193,0.1295695674403123,0.0024544841271061,0.0226370177797169,-0.0226370177797169
TSLA_2014-09-18,TSLA,2014-09-18,17.55733299255371,17.706666946411133,17.488000869750977,17.58799934387207,55389000.0,0.1581719672123427,0.1230683132985006,0.1406201402554217,0.0093350480352605,0.0226534092258191,-0.0226534092258191
TSLA_2014-09-19,TSLA,2014-09-19,17.19933319091797,17.428667068481445,17.01799964904785,17.288000106811523,102163500.0,0.1294917275948215,0.1329460137982585,0.13121887069654,-0.0170570416336222,0.022776904113738,-0.022776904113738
TSLA_2014-09-22,TSLA,2014-09-22,17.0,17.06800079345703,16.31399917602539,16.66866683959961,123211500.0,0.0540005113707628,0.1356224504985026,0.0948114809346327,-0.0358244599366872,0.0229202385040391,-0.0229202385040391
TSLA_2014-09-23,TSLA,2014-09-23,16.347999572753906,16.920000076293945,16.333332061767578,16.694000244140625,84880500.0,0.0770322738155242,0.1359553709495207,0.1064938223825224,0.0015198218780658,0.0227621208541657,-0.0227621208541657
TSLA_2014-09-24,TSLA,2014-09-24,16.7413330078125,16.856000900268555,16.46933364868164,16.80933380126953,56242500.0,0.0643758516099095,0.1839782446181339,0.1241770481140217,0.0069086830862714,0.0226638868136305,-0.0226638868136305
TSLA_2014-09-25,TSLA,2014-09-25,16.834667205810547,16.997333526611328,16.406667709350586,16.463333129882812,72513000.0,0.0481748410438265,0.1911537918560202,0.1196643164499233,-0.0205838420176168,0.022815724169853,-0.022815724169853
TSLA_2014-09-26,TSLA,2014-09-26,16.549999237060547,16.648666381835938,16.404666900634766,16.440000534057617,56931000.0,0.0315402472727621,0.1611809961093888,0.0963606216910755,-0.0014172461700872,0.0227501058424849,-0.0227501058424849
TSLA_2014-09-29,TSLA,2014-09-29,16.266666412353516,16.576000213623047,16.091999053955078,16.35066795349121,72790500.0,0.0216613502679452,0.1765892145404202,0.0991252824041827,-0.0054338550890763,0.0227589652260385,-0.0227589652260385
TSLA_2014-09-30,TSLA,2014-09-30,16.461332321166992,16.510000228881836,16.007999420166016,16.178667068481445,63574500.0,0.0123477992906162,0.1184956217990766,0.0654217105448464,-0.0105195020471955,0.0228008189946792,-0.0228008189946792
TSLA_2014-10-01,TSLA,2014-10-01,16.14666748046875,16.17733383178711,15.710000038146973,16.016000747680664,89125500.0,0.0471168455995916,0.0432064278534352,0.0451616367265134,-0.0100543709881811,0.022159234696977,-0.022159234696977
TSLA_2014-10-02,TSLA,2014-10-02,16.68000030517578,16.8526668548584,16.357332229614258,16.761333465576172,134973000.0,0.0967066972774293,0.1154392298542541,0.1060729635658417,0.0465367559378668,0.022888643297921,-0.022888643297921
TSLA_2014-10-03,TSLA,2014-10-03,16.87066650390625,17.100000381469727,16.735332489013672,17.013999938964844,81094500.0,0.1461870180793369,0.2025160769921554,0.1743515475357462,0.0150743658854821,0.0226118420349027,-0.0226118420349027
TSLA_2014-10-06,TSLA,2014-10-06,17.275333404541016,17.499332427978516,17.18666648864746,17.374666213989258,115699500.0,0.1896653692351422,0.2558788697636263,0.2227721194993842,0.0211982059667479,0.0226070339371369,-0.0226070339371369
TSLA_2014-10-07,TSLA,2014-10-07,17.235332489013672,17.430667877197266,17.048667907714844,17.30466651916504,67282500.0,0.1636778623775694,0.2047247377561671,0.1842013000668683,-0.0040288368111416,0.0225394186887711,-0.0225394186887711
TSLA_2014-10-08,TSLA,2014-10-08,17.34000015258789,17.525333404541016,16.842666625976562,17.28533363342285,75826500.0,0.1814453810697169,0.1952242954699612,0.1883348382698391,-0.0011172064899821,0.0224164444260495,-0.0224164444260495
TSLA_2014-10-09,TSLA,2014-10-09,17.483333587646484,17.702667236328125,16.959999084472656,17.134000778198242,110419500.0,0.1782424009036494,0.2586806591828059,0.2184615300432276,-0.0087549860728168,0.0224363783976809,-0.0224363783976809
TSLA_2014-10-10,TSLA,2014-10-10,16.30933380126953,16.392667770385742,15.68000030517578,15.793999671936035,193324500.0,0.0450375132245017,0.1625773046939,0.1038074089592009,-0.0782071346680023,0.0241751790957618,-0.0241751790957618
TSLA_2014-10-13,TSLA,2014-10-13,15.904666900634766,15.93066692352295,14.733332633972168,14.97266674041748,169030500.0,0.0228162599337904,0.1337775532686598,0.0782969066012251,-0.0520028459274923,0.0247527292497264,-0.0247527292497264
TSLA_2014-10-14,TSLA,2014-10-14,15.216667175292969,15.498000144958496,14.866666793823242,15.137332916259766,106579500.0,0.0455884964636406,0.1709556069286895,0.108272051696165,0.0109977854110505,0.0247405109174879,-0.0247405109174879
TSLA_2014-10-15,TSLA,2014-10-15,14.666666984558104,15.399333000183104,14.48799991607666,15.313332557678224,137209500.0,0.0663880866151476,0.1536335968091497,0.1100108417121487,0.011626859394062,0.0247480996430282,-0.0247480996430282
TSLA_2014-10-16,TSLA,2014-10-16,14.64799976348877,15.32800006866455,14.606666564941406,15.09000015258789,80989500.0,0.0287701066928003,0.1424893960775162,0.0856297513851582,-0.014584180435522,0.0246918995296315,-0.0246918995296315
TSLA_2014-10-17,TSLA,2014-10-17,15.558667182922363,15.65133285522461,15.103333473205566,15.165332794189451,158241000.0,0.0314681377483774,0.1130247591602466,0.072246448454312,0.0049922227196692,0.0246968808781729,-0.0246968808781729
TSLA_2014-10-20,TSLA,2014-10-20,15.114666938781738,15.493332862854004,15.034000396728516,15.364666938781738,52416000.0,0.0495946677976293,0.0541072114160361,0.0518509396068327,0.0131440666220434,0.0247363777191946,-0.0247363777191946
TSLA_2014-10-21,TSLA,2014-10-21,15.618000030517578,15.692667007446287,15.386667251586914,15.689332962036133,61954500.0,0.0577553309198073,0.1314966654756628,0.0946259981977351,0.0211306905999315,0.0248187067189088,-0.0248187067189088
TSLA_2014-10-22,TSLA,2014-10-22,15.54599952697754,15.826000213623049,15.370667457580566,15.40666675567627,61749000.0,0.0338194303436472,0.111806041746628,0.0728127360451376,-0.0180164578726091,0.0249317524563547,-0.0249317524563547
TSLA_2014-10-23,TSLA,2014-10-23,15.644000053405762,15.751999855041504,15.466667175292969,15.685999870300291,52386000.0,0.0524220349823618,0.1773330383313383,0.11487753665685,0.0181306650590795,0.0250264610519611,-0.0250264610519611
TSLA_2014-10-24,TSLA,2014-10-24,15.751333236694336,15.853333473205566,15.41333293914795,15.682666778564451,51949500.0,0.0463482029875559,0.1850284520519958,0.1156883275197758,-0.0002124883184623,0.0250204372334414,-0.0250204372334414
TSLA_2014-10-27,TSLA,2014-10-27,15.616666793823242,15.640666961669922,14.687333106994627,14.777999877929688,143299500.0,-0.0148437896849956,0.0712835341789703,0.0282198722469873,-0.0576857822338794,0.0260912944903622,-0.0260912944903622
TSLA_2014-10-28,TSLA,2014-10-28,15.30666732788086,16.30666732788086,15.216667175292969,16.184667587280273,157744500.0,0.0605015363688103,0.1677811293313416,0.114141332850076,0.0951866098910574,0.0286393371884045,-0.0286393371884045
TSLA_2014-10-29,TSLA,2014-10-29,16.075332641601562,16.100000381469727,15.709333419799805,15.873332977294922,74437500.0,0.0662784832248353,0.1461993281630258,0.1062389056939305,-0.0192363919930016,0.0285696034604392,-0.0285696034604392
TSLA_2014-10-30,TSLA,2014-10-30,15.87600040435791,16.03333282470703,15.670666694641112,15.910667419433594,48426000.0,0.0231063139171465,0.1315727323941828,0.0773395231556647,0.0023520228670359,0.0280293134468229,-0.0280293134468229
TSLA_2014-10-31,TSLA,2014-10-31,16.167333602905273,16.20800018310547,15.916666984558104,16.113332748413086,56629500.0,0.0133322090115748,0.1158302160388591,0.0645812125252169,0.0127377012941614,0.0279338879454524,-0.0279338879454524
TSLA_2014-11-03,TSLA,2014-11-03,16.200000762939453,16.503999710083008,16.08799934387207,16.172666549682617,63057000.0,0.0171915104549584,0.1703492144161151,0.0937703624355368,0.0036822798980165,0.0279364190738662,-0.0279364190738662
TSLA_2014-11-04,TSLA,2014-11-04,16.03266716003418,16.156667709350586,15.768667221069336,15.928667068481444,55239000.0,-0.0401718981410075,0.1866402233402497,0.0732341625996211,-0.0150871521682341,0.027451191870584,-0.027451191870584
TSLA_2014-11-05,TSLA,2014-11-05,16.066667556762695,16.090667724609375,15.368666648864746,15.39799976348877,135688500.0,-0.0848686813267782,0.2932974622779598,0.1042143904755907,-0.0333152361532322,0.0277012790224723,-0.0277012790224723
TSLA_2014-11-06,TSLA,2014-11-06,15.63266658782959,16.445999145507812,15.233332633972168,16.08133316040039,230320500.0,-0.0278483050171272,0.323493838503377,0.1478227667431249,0.0443780625670562,0.0282063521213748,-0.0282063521213748
TSLA_2014-11-07,TSLA,2014-11-07,16.145999908447266,16.189332962036133,15.813332557678224,16.01333236694336,77415000.0,-0.0737313588612219,0.3006985314850423,0.1134835863119101,-0.0042285544848035,0.0276111364280481,-0.0276111364280481
TSLA_2014-11-10,TSLA,2014-11-10,15.940667152404783,16.191999435424805,15.786666870117188,16.1286678314209,68658000.0,-0.0693568014390078,0.2722445633076955,0.1014438809343438,0.0072024649107782,0.0276267157069853,-0.0276267157069853
TSLA_2014-11-11,TSLA,2014-11-11,16.170000076293945,16.788000106811523,16.133333206176758,16.738666534423828,119232000.0,-0.0354577361923852,0.3171755030879595,0.1408588834477871,0.0378207741258436,0.0280505483084383,-0.0280505483084383
TSLA_2014-11-12,TSLA,2014-11-12,16.648000717163086,16.82266616821289,16.371999740600586,16.606666564941406,88062000.0,-0.0469813952505792,0.3208547083881337,0.1369366565687772,-0.0078859310095554,0.0280616484034138,-0.0280616484034138
TSLA_2014-11-13,TSLA,2014-11-13,16.70800018310547,17.049999237060547,16.683332443237305,16.780000686645508,93540000.0,-0.0393495766994074,0.3139486439228094,0.137299533611701,0.0104376228080613,0.0280926996348754,-0.0280926996348754
TSLA_2014-11-14,TSLA,2014-11-14,16.666667938232422,17.25666618347168,16.566667556762695,17.245332717895508,91516500.0,-0.0048472515896376,0.3191900747646301,0.1571714115874962,0.0277313475690341,0.028294070582151,-0.028294070582151
TSLA_2014-11-17,TSLA,2014-11-17,17.166000366210938,17.266666412353516,16.801332473754883,16.93199920654297,60385500.0,-0.0108272274551246,0.3004607228294387,0.144816747687157,-0.0181691775089611,0.0283463792748675,-0.0283463792748675
TSLA_2014-11-18,TSLA,2014-11-18,17.05733299255371,17.332666397094727,17.034000396728516,17.18000030517578,67095000.0,0.0077823049120402,0.2920531270929611,0.1499177160025007,0.0146468881558285,0.0283986195399059,-0.0283986195399059
TSLA_2014-11-19,TSLA,2014-11-19,16.707332611083984,16.79199981689453,16.373332977294922,16.516000747680664,118777500.0,-0.02594943636136,0.2091956864018322,0.0916231250202361,-0.038649566105949,0.0288164821253244,-0.0288164821253244
TSLA_2014-11-20,TSLA,2014-11-20,16.530000686645508,16.728666305541992,16.399999618530273,16.58066749572754,53808000.0,-0.0314276858049236,0.1997588901494134,0.0841656021722448,0.0039153999224634,0.0287948459888016,-0.0287948459888016
TSLA_2014-11-21,TSLA,2014-11-21,16.81399917602539,16.851999282836914,16.14466667175293,16.185333251953125,112276500.0,-0.0752998843712946,0.1475704159734767,0.036135265801091,-0.0238430837525861,0.0288006284896938,-0.0288006284896938
TSLA_2014-11-24,TSLA,2014-11-24,16.34666633605957,16.50666618347168,16.042667388916016,16.447999954223633,71845500.0,-0.057385186341419,0.1735159957163583,0.0580654046874696,0.0162286866869925,0.0288789335152865,-0.0288789335152865
TSLA_2014-11-25,TSLA,2014-11-25,16.489999771118164,16.648000717163086,16.4060001373291,16.53933334350586,47397000.0,-0.0575878027060224,0.1800323620565806,0.0612222796752791,0.0055528568541109,0.0288781864561957,-0.0288781864561957
TSLA_2014-11-26,TSLA,2014-11-26,16.555999755859375,16.600000381469727,16.440000534057617,16.562667846679688,29718000.0,-0.0584400714073811,0.1957454382090548,0.0686526834008368,0.0014108490765132,0.0288769718573504,-0.0288769718573504
TSLA_2014-11-28,TSLA,2014-11-28,16.356666564941406,16.445999145507812,16.167999267578125,16.301332473754883,31795500.0,-0.0933630206462539,0.1945285276626469,0.0505827535081965,-0.0157785795950254,0.0287917170024892,-0.0287917170024892
TSLA_2014-12-01,TSLA,2014-12-01,16.077333450317383,16.1646671295166,15.267333030700684,15.442667007446287,129291000.0,-0.1847106864622225,0.1302820084257359,-0.0272143390182433,-0.0526745569842861,0.0286497020336538,-0.0286497020336538
TSLA_2014-12-02,TSLA,2014-12-02,15.637999534606934,15.658666610717772,15.199999809265137,15.428667068481444,88305000.0,-0.1769621876737012,0.1345164711141018,-0.0212228582797996,-0.0009065752022039,0.0286345774768962,-0.0286345774768962
TSLA_2014-12-03,TSLA,2014-12-03,15.083333015441896,15.314666748046877,15.033332824707031,15.286666870117188,79615500.0,-0.1983638036364319,0.1082648994790835,-0.0450494520786741,-0.0092036595082372,0.0285314126718841,-0.0285314126718841
TSLA_2014-12-04,TSLA,2014-12-04,15.239999771118164,15.393333435058594,15.187333106994627,15.218667030334473,57834000.0,-0.1770431137881425,0.0966037430376209,-0.0402196853752607,-0.0044483104368319,0.0283199437380081,-0.0283199437380081
TSLA_2014-12-05,TSLA,2014-12-05,15.244667053222656,15.292667388916016,14.817333221435549,14.913999557495115,90954000.0,-0.2070114585943718,0.0896205594553423,-0.0586954495695147,-0.0200193270693209,0.02828866586676,-0.02828866586676
TSLA_2014-12-08,TSLA,2014-12-08,14.769332885742188,14.990667343139648,14.156000137329102,14.290666580200195,138384000.0,-0.2302498946687761,0.0596144265986036,-0.0853177340350862,-0.0417951586287703,0.0286789120853111,-0.0286789120853111
TSLA_2014-12-09,TSLA,2014-12-09,13.956000328063965,14.51533317565918,13.618000030517578,14.459333419799805,141472500.0,-0.2284240343436751,0.0607424121570316,-0.0838408110933217,0.0118025872798193,0.0286981930847569,-0.0286981930847569
TSLA_2014-12-10,TSLA,2014-12-10,14.275333404541016,14.451333045959473,13.846667289733888,13.989333152770996,109711500.0,-0.2514001978455008,0.0310534579867025,-0.1101733699293991,-0.0325049747027215,0.028926311062913,-0.028926311062913
TSLA_2014-12-11,TSLA,2014-12-11,14.035332679748535,14.362000465393066,13.881999969482422,13.925333023071287,100416000.0,-0.251862457342116,0.011917417589317,-0.1199725198763994,-0.0045749235507362,0.0289263426917147,-0.0289263426917147
TSLA_2014-12-12,TSLA,2014-12-12,13.654666900634766,14.112000465393066,13.633333206176758,13.800000190734863,107607000.0,-0.1845899098956953,-0.0784025502986139,-0.1314962300971546,-0.0090003472181795,0.0267300214736146,-0.0267300214736146
TSLA_2014-12-15,TSLA,2014-12-15,13.952667236328123,13.986666679382324,13.511333465576172,13.602666854858398,78274500.0,-0.2174580326995353,-0.1192644699966476,-0.1683612513480915,-0.0142995168948585,0.0264888114291455,-0.0264888114291455
TSLA_2014-12-16,TSLA,2014-12-16,13.392666816711426,13.57866668701172,13.024666786193848,13.187333106994627,126391500.0,-0.2432091203344873,-0.1290506963666191,-0.1861299083505532,-0.0305332588304497,0.026693664708298,-0.026693664708298
TSLA_2014-12-17,TSLA,2014-12-17,12.870667457580566,13.776666641235352,12.84333324432373,13.721332550048828,110517000.0,-0.2198468807181556,-0.0964485271145008,-0.1581477039163282,0.0404933612218352,0.0272291835912912,-0.0272291835912912
TSLA_2014-12-18,TSLA,2014-12-18,14.158666610717772,14.562666893005373,14.119999885559082,14.550666809082031,112249500.0,-0.1583371865350101,-0.0493488147671106,-0.1038430006510603,0.0604412330951231,0.0283379757217028,-0.0283379757217028
TSLA_2014-12-19,TSLA,2014-12-19,14.679332733154297,14.69333267211914,14.300000190734863,14.619333267211914,103657500.0,-0.1229452596364282,-0.0755838551566435,-0.0992645573965358,0.0047191279293827,0.0280238755298076,-0.0280238755298076
TSLA_2014-12-22,TSLA,2014-12-22,14.666666984558104,14.937333106994627,14.550666809082031,14.84000015258789,71991000.0,-0.1110578689612433,-0.0425806353169102,-0.0768192521390768,0.0150941825692478,0.0281010683922004,-0.0281010683922004
TSLA_2014-12-23,TSLA,2014-12-23,14.920666694641112,14.954667091369627,14.63466739654541,14.731332778930664,67585500.0,-0.12362185479248,-0.0672042653624328,-0.0954130600774564,-0.0073225992277551,0.0280897503589153,-0.0280897503589153
TSLA_2014-12-24,TSLA,2014-12-24,14.65133285522461,14.833333015441896,14.616666793823242,14.817333221435549,19983000.0,-0.0999797486609553,-0.0566214161164722,-0.0783005823887137,0.0058379268050943,0.028000440421425,-0.028000440421425
TSLA_2014-12-26,TSLA,2014-12-26,14.767333030700684,15.233332633972168,14.766667366027832,15.187999725341797,49905000.0,-0.0761557644795775,-0.0470174888497474,-0.0615866266646624,0.0250157365274084,0.0281957999929566,-0.0281957999929566
TSLA_2014-12-29,TSLA,2014-12-29,15.126667022705078,15.194000244140623,14.934666633605955,15.047332763671877,42037500.0,-0.079711434023773,-0.0597767410485768,-0.0697440875361749,-0.0092617174225524,0.0282099223596777,-0.0282099223596777
TSLA_2014-12-30,TSLA,2014-12-30,14.932666778564451,15.043333053588867,14.760000228881836,14.815333366394045,43548000.0,-0.0842673686476549,-0.0729600859118483,-0.0786137272797516,-0.0154179747947049,0.0282435187180968,-0.0282435187180968
TSLA_2014-12-31,TSLA,2014-12-31,14.87266731262207,15.045332908630373,14.81666660308838,14.827333450317385,34462500.0,-0.0742174851318869,-0.0305975333200443,-0.0524075092259656,0.0008099773138119,0.0282205308746873,-0.0282205308746873
TSLA_2015-01-02,TSLA,2015-01-02,14.857999801635742,14.883333206176758,14.21733283996582,14.620667457580566,71466000.0,-0.1277145408742108,-0.0433586950390296,-0.0855366179566202,-0.0139381766404123,0.0276051010947306,-0.0276051010947306
TSLA_2015-01-05,TSLA,2015-01-05,14.303333282470703,14.43333339691162,13.810667037963867,14.005999565124512,80527500.0,-0.1767956027172375,-0.0564538066086727,-0.1166247046629551,-0.0420410281705272,0.0279776062281421,-0.0279776062281421
TSLA_2015-01-06,TSLA,2015-01-06,14.003999710083008,14.279999732971191,13.61400032043457,14.085332870483398,93928500.0,-0.18931778619479,-0.0355594447810623,-0.1124386154879261,0.0056642373141599,0.0278316719271536,-0.0278316719271536
TSLA_2015-01-07,TSLA,2015-01-07,14.223333358764648,14.3186674118042,13.985333442687988,14.063332557678224,44526000.0,-0.1873098194580643,-0.0542904279317193,-0.1208001236948918,-0.0015619306272326,0.0278318584320884,-0.0278318584320884
TSLA_2015-01-08,TSLA,2015-01-08,14.187333106994627,14.25333309173584,14.000666618347168,14.041333198547363,51637500.0,-0.1876735794444199,-0.0402807025137136,-0.1139771409790668,-0.0015643062581812,0.0278314518840436,-0.0278314518840436
TSLA_2015-01-09,TSLA,2015-01-09,13.928000450134276,13.998666763305664,13.663999557495115,13.77733325958252,70024500.0,-0.1959068148804356,-0.0525833150144618,-0.1242450649474487,-0.018801629106854,0.027894175778979,-0.027894175778979
TSLA_2015-01-12,TSLA,2015-01-12,13.536666870117188,13.631333351135254,13.283332824707031,13.480667114257812,89254500.0,-0.1464690772273932,-0.1080281670055007,-0.127248622116447,-0.0215329149506031,0.0263003434452923,-0.0263003434452923
TSLA_2015-01-13,TSLA,2015-01-13,13.554667472839355,13.84066677093506,13.394000053405762,13.616666793823242,67159500.0,-0.090565025596531,-0.0698151208276613,-0.0801900732120962,0.0100884977288393,0.0255557785836131,-0.0255557785836131
TSLA_2015-01-14,TSLA,2015-01-14,12.388667106628418,13.013333320617676,12.333333015441896,12.845999717712402,173278500.0,-0.1513696772887995,-0.1126818968229417,-0.1320257870558706,-0.0565973367623585,0.0264396105033834,-0.0264396105033834
TSLA_2015-01-15,TSLA,2015-01-15,12.965999603271484,13.050000190734863,12.666666984558104,12.791333198547363,78247500.0,-0.1646930444194076,-0.1092386139020881,-0.1369658291607479,-0.0042555285977208,0.0263807115594342,-0.0263807115594342
TSLA_2015-01-16,TSLA,2015-01-16,12.713333129882812,12.965999603271484,12.643333435058594,12.871333122253418,54048000.0,-0.1470289600993792,-0.1224888922755695,-0.1347589261874744,0.0062542287394358,0.0263575435250364,-0.0263575435250364
TSLA_2015-01-20,TSLA,2015-01-20,12.924667358398438,12.941332817077637,12.469332695007324,12.795332908630373,67548000.0,-0.1562774729524654,-0.1297270962499245,-0.1430022846011949,-0.0059046108822751,0.0263454566267068,-0.0263454566267068
TSLA_2015-01-21,TSLA,2015-01-21,12.636667251586914,13.245332717895508,12.633999824523926,13.104666709899902,62295000.0,-0.147090739935104,-0.1047909885206637,-0.1259408642278838,0.0241755180172675,0.0264864130520233,-0.0264864130520233
TSLA_2015-01-22,TSLA,2015-01-22,13.133333206176758,13.54933261871338,13.013333320617676,13.441332817077637,61753500.0,-0.1432820726284563,-0.0938020452281814,-0.1185420589283189,0.0256905509030154,0.0265572759485099,-0.0265572759485099
TSLA_2015-01-23,TSLA,2015-01-23,13.352666854858398,13.56666660308838,13.222000122070312,13.419333457946776,51579000.0,-0.12899177539472,-0.099534773413938,-0.114263274404329,-0.0016366947705446,0.0264790780254179,-0.0264790780254179
TSLA_2015-01-26,TSLA,2015-01-26,13.45533275604248,13.907999992370604,13.403332710266112,13.770000457763672,48517500.0,-0.122147101133435,-0.0761282657596843,-0.0991376834465597,0.0261314767172162,0.0265953719800282,-0.0265953719800282
TSLA_2015-01-27,TSLA,2015-01-27,13.628000259399414,13.868666648864746,13.553333282470703,13.732000350952148,41715000.0,-0.1243835920991788,-0.0838003450865569,-0.1040919685928679,-0.0027596300325537,0.0265949787149312,-0.0265949787149312
TSLA_2015-01-28,TSLA,2015-01-28,13.740667343139648,13.758000373840332,13.227999687194824,13.291333198547363,47244000.0,-0.1005999926690077,-0.1139504972205125,-0.1072752449447601,-0.0320905287753091,0.0259136445423193,-0.0259136445423193
TSLA_2015-01-29,TSLA,2015-01-29,13.404666900634766,13.732000350952148,13.100000381469728,13.68000030517578,53221500.0,-0.154755559148644,-0.1036169718699407,-0.1291862655092924,0.0292421460528049,0.0231338963067938,-0.0231338963067938
TSLA_2015-01-30,TSLA,2015-01-30,13.597332954406738,13.83133316040039,13.533332824707031,13.57333278656006,45105000.0,-0.1448971173240529,-0.0882221952591069,-0.1165596562915799,-0.0077973330581989,0.0230443485835741,-0.0230443485835741
TSLA_2015-02-02,TSLA,2015-02-02,13.597999572753906,14.130000114440918,13.553333282470703,14.062666893005373,62238000.0,-0.1161485233593053,-0.0957259736839118,-0.1059372485216086,0.0360511389604945,0.0235380056024969,-0.0235380056024969
TSLA_2015-02-03,TSLA,2015-02-03,14.214667320251465,14.691332817077637,14.084667205810549,14.557332992553713,72393000.0,-0.0965659792517233,-0.0845212080589399,-0.0905435936553316,0.0351758385028933,0.0239263137131667,-0.0239263137131667
TSLA_2015-02-04,TSLA,2015-02-04,14.552666664123535,14.76533317565918,14.453332901000977,14.56999969482422,49581000.0,-0.0990972546138254,-0.0836093756476182,-0.0913533151307218,0.0008701251992371,0.0239194366062005,-0.0239194366062005
TSLA_2015-02-05,TSLA,2015-02-05,14.658666610717772,15.031999588012695,14.642666816711426,14.732666969299316,52843500.0,-0.0750847571890488,-0.1122403581123155,-0.0936625576506822,0.0111645352012519,0.023905335926817,-0.023905335926817
TSLA_2015-02-06,TSLA,2015-02-06,14.800000190734863,14.893333435058594,14.43333339691162,14.490667343139648,48658500.0,-0.058925343179999,-0.1387931083343629,-0.098859225757181,-0.0164260569158292,0.0236297144798496,-0.0236297144798496
TSLA_2015-02-09,TSLA,2015-02-09,14.358667373657228,14.528667449951172,14.13266658782959,14.498666763305664,52086000.0,-0.0984163676797628,-0.1235239436710662,-0.1109701556754145,0.0005520394593698,0.0229158994687494,-0.0229158994687494
TSLA_2015-02-10,TSLA,2015-02-10,14.50333309173584,14.699999809265137,14.333333015441896,14.419333457946776,80857500.0,-0.0995419861694189,-0.1659339791266246,-0.1327379826480217,-0.0054717655529314,0.0229189234144055,-0.0229189234144055
TSLA_2015-02-11,TSLA,2015-02-11,14.147333145141602,14.315999984741213,13.8186674118042,14.186667442321776,146536500.0,-0.1204067446485465,-0.1814125194070477,-0.1509096320277971,-0.0161356983874155,0.0229661345060961,-0.0229661345060961
TSLA_2015-02-12,TSLA,2015-02-12,12.904666900634766,13.53933334350586,12.885333061218262,13.525333404541016,234744000.0,-0.1919706759958713,-0.2206215666021211,-0.2062961212989962,-0.046616588460223,0.02308168032948,-0.02308168032948
TSLA_2015-02-13,TSLA,2015-02-13,13.526666641235352,13.732666969299316,13.394000053405762,13.584667205810549,92865000.0,-0.1819750729210549,-0.2204070253449771,-0.201191049133016,0.0043868642269189,0.023092549661533,-0.023092549661533
TSLA_2015-02-17,TSLA,2015-02-17,13.713333129882812,13.713333129882812,13.43333339691162,13.623332977294922,59694000.0,-0.1881208331453076,-0.2200679346921072,-0.2040943839187074,0.0028462803614235,0.0230414753132476,-0.0230414753132476
TSLA_2015-02-18,TSLA,2015-02-18,13.611332893371582,13.744667053222656,13.506667137145996,13.630666732788086,40704000.0,-0.2096025657629949,-0.2134338209825458,-0.2115181933727704,0.0005383231478952,0.0227080228981452,-0.0227080228981452
TSLA_2015-02-19,TSLA,2015-02-19,13.666666984558104,14.162667274475098,13.583333015441896,14.11400032043457,77311500.0,-0.1664303696057019,-0.1754556175936652,-0.1709429935996835,0.0354592770200918,0.023149078760071,-0.023149078760071
TSLA_2015-02-20,TSLA,2015-02-20,14.052000045776367,14.506667137145996,13.987333297729492,14.473999977111816,89731500.0,-0.1575087473804487,-0.1509522235668368,-0.1542304854736427,0.025506564298148,0.0233195379269775,-0.0233195379269775
TSLA_2015-02-23,TSLA,2015-02-23,14.37733268737793,14.546667098999023,13.755332946777344,13.822667121887209,127497000.0,-0.1630742010090837,-0.184791953769179,-0.1739330773891313,-0.04500019733692,0.0234916402730824,-0.0234916402730824
TSLA_2015-02-24,TSLA,2015-02-24,13.81933307647705,13.81933307647705,13.446666717529297,13.607333183288574,99054000.0,-0.1793253687286791,-0.2051172731883457,-0.1922213209585124,-0.0155783205006556,0.0235334630756585,-0.0235334630756585
TSLA_2015-02-25,TSLA,2015-02-25,13.662667274475098,13.809332847595217,13.505332946777344,13.583999633789062,58642500.0,-0.1607216593980326,-0.2239192214006928,-0.1923204403993627,-0.0017147775530452,0.0233798463653927,-0.0233798463653927
TSLA_2015-02-26,TSLA,2015-02-26,13.600000381469728,14.072667121887209,13.481332778930664,13.812666893005373,97093500.0,-0.1602220980394361,-0.208412909428849,-0.1843175037341425,0.0168335737176787,0.0233877876303188,-0.0233877876303188
TSLA_2015-02-27,TSLA,2015-02-27,13.793333053588867,13.903332710266112,13.520000457763672,13.555999755859377,58231500.0,-0.1803781038622021,-0.2275783279105216,-0.2039782158863619,-0.0185820116516362,0.023451370317234,-0.023451370317234
TSLA_2015-03-02,TSLA,2015-03-02,13.513333320617676,13.555999755859377,13.055333137512209,13.155332565307615,118831500.0,-0.2057238189471474,-0.2521413756850581,-0.2289325973161027,-0.0295564471649225,0.0236833574033344,-0.0236833574033344
TSLA_2015-03-03,TSLA,2015-03-03,13.120667457580566,13.349332809448242,13.021332740783691,13.303999900817873,66484500.0,-0.1838704030951279,-0.2600667275009763,-0.2219685652980521,0.0113009180704646,0.0237002925914383,-0.0237002925914383
TSLA_2015-03-04,TSLA,2015-03-04,13.283332824707031,13.501333236694336,13.147333145141602,13.496000289916992,63330000.0,-0.1260576762155548,-0.2874841627701696,-0.2067709194928622,0.0144317792040358,0.0229244035604464,-0.0229244035604464
TSLA_2015-03-05,TSLA,2015-03-05,13.523332595825195,13.746000289916992,13.34333324432373,13.375332832336426,73155000.0,-0.1330856532862573,-0.2864967126064387,-0.209791182946348,-0.0089409791781582,0.0229412577008538,-0.0229412577008538
TSLA_2015-03-06,TSLA,2015-03-06,13.280667304992676,13.383333206176758,12.8100004196167,12.925333023071287,100686000.0,-0.1544701580212951,-0.3221926735643022,-0.2383314157927987,-0.0336440083328029,0.0232692552521643,-0.0232692552521643
TSLA_2015-03-09,TSLA,2015-03-09,12.959333419799805,12.965999603271484,12.550000190734863,12.725333213806152,101050500.0,-0.1638339160426143,-0.3118713631904672,-0.2378526396165408,-0.0154734743706906,0.0233263521230506,-0.0233263521230506
TSLA_2015-03-10,TSLA,2015-03-10,12.564000129699709,12.899999618530272,12.506667137145996,12.687999725341797,83695500.0,-0.1492557260426248,-0.3253695390853509,-0.2373126325639878,-0.0029337926038629,0.0232192583601306,-0.0232192583601306
TSLA_2015-03-11,TSLA,2015-03-11,12.743332862854004,13.07866668701172,12.734000205993652,12.916000366210938,74623500.0,-0.0961932885547736,-0.3042946886659698,-0.2002439886103717,0.0179697860817062,0.0227965066103811,-0.0227965066103811
TSLA_2015-03-12,TSLA,2015-03-12,12.916666984558104,12.963333129882812,12.649999618530272,12.73799991607666,62239500.0,-0.1190465323502427,-0.3202774774998507,-0.2196620049250467,-0.0137813909172639,0.0227863380820028,-0.0227863380820028
TSLA_2015-03-13,TSLA,2015-03-13,12.596667289733888,12.783332824707031,12.48799991607666,12.57866668701172,81514500.0,-0.1008387212138022,-0.3268880445956659,-0.213863382904734,-0.0125084966332779,0.0224884055062632,-0.0224884055062632
TSLA_2015-03-16,TSLA,2015-03-16,12.800000190734863,13.060667037963867,12.653332710266112,13.046667098999023,84432000.0,-0.0630983777994036,-0.2990687226546606,-0.1810835502270321,0.037205883869277,0.0230045052526068,-0.0230045052526068
TSLA_2015-03-17,TSLA,2015-03-17,13.028667449951172,13.247332572937012,12.929332733154297,12.982000350952148,73411500.0,-0.059275349889626,-0.2329236282901595,-0.1460994890898928,-0.00495657224609,0.0229868151857816,-0.0229868151857816
TSLA_2015-03-18,TSLA,2015-03-18,12.997332572937012,13.392000198364258,12.87399959564209,13.380666732788086,72313500.0,-0.016320338095395,-0.2302293821797144,-0.1232748601375547,0.030709164308927,0.0232554810435885,-0.0232554810435885
TSLA_2015-03-19,TSLA,2015-03-19,13.466667175292969,13.63933277130127,12.968667030334473,13.043333053588867,127128000.0,-0.0109195735208494,-0.2514729539849033,-0.1311962637528764,-0.0252105284389614,0.0231521842339006,-0.0231521842339006
TSLA_2015-03-20,TSLA,2015-03-20,13.16333293914795,13.265999794006348,13.041333198547363,13.20533275604248,64042500.0,-0.0376056619955991,-0.2491850552266808,-0.14339535861114,0.0124201154557683,0.0226261815977002,-0.0226261815977002
TSLA_2015-03-23,TSLA,2015-03-23,13.233332633972168,13.366666793823242,13.164667129516602,13.308667182922363,39474000.0,-0.0853568872448137,-0.230178904402094,-0.1577678958234538,0.0078252043162334,0.0212766791789309,-0.0212766791789309
TSLA_2015-03-24,TSLA,2015-03-24,13.43866729736328,13.586000442504885,13.31666660308838,13.447999954223633,54748500.0,-0.0801222115659224,-0.1932168250987335,-0.136669518332328,0.0104693256947667,0.0213147418035432,-0.0213147418035432
TSLA_2015-03-25,TSLA,2015-03-25,13.218000411987305,13.239333152770996,12.846667289733888,12.953332901000977,85956000.0,-0.1271339105247856,-0.2240725583104369,-0.1756032344176112,-0.0367836893892385,0.0216780305623526,-0.0216780305623526
TSLA_2015-03-26,TSLA,2015-03-26,12.928000450134276,12.986000061035156,12.646666526794434,12.694000244140623,61920000.0,-0.1382992676469786,-0.2448243104564974,-0.191561789051738,-0.0200205351659196,0.0217877929684079,-0.0217877929684079
TSLA_2015-03-27,TSLA,2015-03-27,12.604666709899902,12.619333267211914,12.09333324432373,12.333333015441896,129073500.0,-0.1676415161130455,-0.2508605081278771,-0.2092510121204613,-0.028412417028683,0.0220120556036985,-0.0220120556036985
TSLA_2015-03-30,TSLA,2015-03-30,12.390000343322754,12.81666660308838,12.119999885559082,12.704667091369627,151342500.0,-0.1635062337951341,-0.2272100560428667,-0.1953581449190004,0.0301081690945022,0.0221244204860937,-0.0221244204860937
TSLA_2015-03-31,TSLA,2015-03-31,12.902000427246094,12.917332649230955,12.560667037963867,12.584667205810549,75399000.0,-0.1636612678498633,-0.230327027519175,-0.1969941476845191,-0.0094453388424947,0.0221253259596509,-0.0221253259596509
TSLA_2015-04-01,TSLA,2015-04-01,12.579999923706056,12.81999969482422,12.403332710266112,12.505999565124512,56919000.0,-0.1558745756276971,-0.2270068039481361,-0.1914406897879166,-0.0062510704017436,0.0220696798520769,-0.0220696798520769
TSLA_2015-04-02,TSLA,2015-04-02,12.682000160217283,12.881999969482422,12.666666984558104,12.733332633972168,75156000.0,-0.1412257182561975,-0.204961785743165,-0.1730937519996813,0.0181779207382686,0.0222189670256459,-0.0222189670256459
TSLA_2015-04-06,TSLA,2015-04-06,13.199999809265137,13.850000381469728,13.166666984558104,13.539999961853027,186837000.0,-0.0739136909353089,-0.1921883787073984,-0.1330510348213537,0.0633508407475897,0.0236465586972032,-0.0236465586972032
TSLA_2015-04-07,TSLA,2015-04-07,13.500666618347168,13.670666694641112,13.40933322906494,13.550000190734863,65218500.0,-0.0325574317112721,-0.20359702366619,-0.118077227688731,0.0007385693434276,0.0230541455766572,-0.0230541455766572
TSLA_2015-04-08,TSLA,2015-04-08,13.880000114440918,14.0600004196167,13.724666595458984,13.844667434692385,94546500.0,-0.0170862441096683,-0.203169300395232,-0.1101277722524501,0.0217466597645517,0.0232093599830177,-0.0232093599830177
TSLA_2015-04-09,TSLA,2015-04-09,13.895333290100098,14.024666786193848,13.7413330078125,14.005999565124512,57003000.0,-0.004076771442229,-0.1906229715774777,-0.0973498715098534,0.0116530159495096,0.0232547649547597,-0.0232547649547597
TSLA_2015-04-10,TSLA,2015-04-10,13.989999771118164,14.109999656677246,13.93333339691162,14.0600004196167,61015500.0,0.0013294479096377,-0.1865936337826688,-0.0926320929365155,0.0038555516327911,0.0232581523546077,-0.0232581523546077
TSLA_2015-04-13,TSLA,2015-04-13,14.029333114624023,14.199999809265137,13.936667442321776,13.985333442687988,56373000.0,0.0150972745731325,-0.1837671992823007,-0.0843349623545841,-0.0053105956401349,0.0231413742185965,-0.0231413742185965
TSLA_2015-04-14,TSLA,2015-04-14,13.904666900634766,13.965999603271484,13.699999809265137,13.830666542053224,45390000.0,0.0259630643520034,-0.1243087989530231,-0.0491728673005098,-0.0110592215243626,0.0230178156913662,-0.0230178156913662
TSLA_2015-04-15,TSLA,2015-04-15,13.830666542053224,13.97266674041748,13.773332595825195,13.85533332824707,29286000.0,0.0175275299041679,-0.0746248768867779,-0.028548673491305,0.0017834849910409,0.0229867532591875,-0.0229867532591875
TSLA_2015-04-16,TSLA,2015-04-16,13.846667289733888,13.944666862487791,13.752667427062988,13.779999732971191,24886500.0,0.0727074603598942,-0.0896679217400705,-0.0084802306900881,-0.005437155028403,0.0218093440024549,-0.0218093440024549
TSLA_2015-04-17,TSLA,2015-04-17,13.666000366210938,13.791999816894531,13.56666660308838,13.78600025177002,37048500.0,0.0777610150391214,-0.0997387276842223,-0.0109888563225504,0.0004354513000803,0.021797908761931,-0.021797908761931
TSLA_2015-04-20,TSLA,2015-04-20,13.785332679748535,13.856666564941406,13.59000015258789,13.684666633605955,38389500.0,0.0631895316225135,-0.0931301196004908,-0.0149702939889886,-0.0073504726761522,0.0218166516864955,-0.0218166516864955
TSLA_2015-04-21,TSLA,2015-04-21,13.720000267028809,14.050000190734863,13.620667457580566,13.96066665649414,51487500.0,0.0910749064666975,-0.0794355227177655,0.005819691874466,0.0201685602052155,0.021926602672356,-0.021926602672356
TSLA_2015-04-22,TSLA,2015-04-22,14.166666984558104,14.791999816894531,14.112667083740234,14.629332542419434,117945000.0,0.1163452582405415,-0.0478587918171046,0.0342432332117184,0.0478964151482155,0.0225159112632325,-0.0225159112632325
TSLA_2015-04-23,TSLA,2015-04-23,14.5513334274292,14.76533317565918,14.476667404174805,14.57333278656006,66168000.0,0.0842178364964061,-0.0711311422975397,0.0065433470994332,-0.0038279091473923,0.0223211968499996,-0.0223211968499996
TSLA_2015-04-24,TSLA,2015-04-24,14.699999809265137,14.720000267028809,14.534000396728516,14.562000274658203,36417000.0,0.0851507878757384,-0.0548247388233321,0.0151630245262031,-0.0007776197845634,0.0223194944145886,-0.0223194944145886
TSLA_2015-04-27,TSLA,2015-04-27,14.837332725524902,15.916666984558104,14.800000190734863,15.436667442321776,175089000.0,0.1210360878106158,-0.0158952205814179,0.0525704336145989,0.0600650426566553,0.0233099492083233,-0.0233099492083233
TSLA_2015-04-28,TSLA,2015-04-28,15.649999618530272,15.699999809265137,15.20199966430664,15.36533260345459,91281000.0,0.1189435050072067,-0.0202347075016351,0.0493543987527858,-0.0046211294720006,0.023317362387879,-0.023317362387879
TSLA_2015-04-29,TSLA,2015-04-29,15.33666706085205,15.664667129516602,15.175333023071287,15.49666690826416,59041500.0,0.1659226863681231,0.04863087266686,0.1072767795174916,0.0085474430133742,0.0229162909708317,-0.0229162909708317
TSLA_2015-04-30,TSLA,2015-04-30,15.359333038330078,15.526000022888184,15.011333465576172,15.06999969482422,58678500.0,0.101608140251469,-0.0688718434558448,0.016368148397812,-0.0275328376073182,0.0229718054269805,-0.0229718054269805
TSLA_2015-05-01,TSLA,2015-05-01,15.329333305358888,15.451333045959473,14.694000244140623,15.0686674118042,79225500.0,0.11016709372401,-0.0506929179046208,0.0297370879096945,-8.840630703388364e-05,0.0229403958854398,-0.0229403958854398
TSLA_2015-05-04,TSLA,2015-05-04,15.211999893188477,15.648667335510254,15.140666961669922,15.36733341217041,66519000.0,0.0927751847563114,-0.0341490393168262,0.0293130727197425,0.0198203326282353,0.022640047898634,-0.022640047898634
TSLA_2015-05-05,TSLA,2015-05-05,15.850666999816896,15.966667175292969,15.275333404541016,15.529999732971191,86953500.0,0.0668162733458808,-0.0362018847714383,0.0153071942872212,0.0105852015075011,0.0222617081249489,-0.0222617081249489
TSLA_2015-05-06,TSLA,2015-05-06,15.606666564941406,15.631333351135254,15.213333129882812,15.362000465393066,79063500.0,0.0543583244445908,-0.050125690887101,0.0021163167787449,-0.0108177250783495,0.0223137297912564,-0.0223137297912564
TSLA_2015-05-07,TSLA,2015-05-07,14.733332633972168,15.83199977874756,14.68333339691162,15.786666870117188,141838500.0,0.0715416905176944,-0.0089147571327695,0.0313134666924624,0.0276439520803812,0.022529358676009,-0.022529358676009
TSLA_2015-05-08,TSLA,2015-05-08,15.732666969299316,15.894000053405762,15.579999923706056,15.77400016784668,70023000.0,0.088562713801763,0.024418782318043,0.056490748059903,-0.0008023671098352,0.0224162871544974,-0.0224162871544974
TSLA_2015-05-11,TSLA,2015-05-11,15.752667427062988,16.191999435424805,15.687333106994627,15.965999603271484,85084500.0,0.1012046737758991,-0.007171890289103,0.047016391743398,0.0121718925688978,0.0224553503450951,-0.0224553503450951
TSLA_2015-05-12,TSLA,2015-05-12,16.007333755493164,16.42333221435547,15.879332542419434,16.31599998474121,95451000.0,0.1315363523789752,0.0189009764402725,0.0752186644096238,0.021921607801995,0.0225775906010076,-0.0225775906010076
TSLA_2015-05-13,TSLA,2015-05-13,16.507333755493164,16.553333282470703,16.149999618530273,16.211999893188477,81603000.0,0.142763087885229,0.0051667045684478,0.0739648962268384,-0.0063741169189749,0.0224829353996834,-0.0224829353996834
TSLA_2015-05-14,TSLA,2015-05-14,16.321332931518555,16.326000213623047,16.083332061767578,16.273332595825195,43438500.0,0.2031742293584839,-0.0277999407922758,0.087687144283104,0.0037831669775971,0.0215908189254922,-0.0215908189254922
TSLA_2015-05-15,TSLA,2015-05-15,16.261999130249023,16.626667022705078,16.166667938232422,16.589332580566406,67914000.0,0.2211806391157433,-0.0010437967371245,0.1100684211893094,0.0194182711427086,0.0216873473096368,-0.0216873473096368
TSLA_2015-05-18,TSLA,2015-05-18,16.46666717529297,16.65999984741211,16.399999618530273,16.583332061767578,50298000.0,0.21727422279158,-0.0117204181662787,0.1027769023126506,-0.0003617094762363,0.0216924487777396,-0.0216924487777396
TSLA_2015-05-19,TSLA,2015-05-19,16.562000274658203,16.733333587646484,16.40999984741211,16.47599983215332,55113000.0,0.2087449686170439,-0.0446110781581993,0.0820669452294223,-0.0064722957493994,0.0217250900542759,-0.0217250900542759
TSLA_2015-05-20,TSLA,2015-05-20,16.475332260131836,16.516000747680664,16.091333389282227,16.290000915527344,56334000.0,0.1541732000630828,-0.0379162722124118,0.0581284639253354,-0.0112890822117511,0.0214029821412706,-0.0214029821412706
TSLA_2015-05-21,TSLA,2015-05-21,16.20199966430664,16.441333770751953,16.157333374023438,16.374666213989258,29559000.0,0.1313158933178819,-0.046876255930211,0.0422198186938354,0.0051973783734544,0.0212029147309195,-0.0212029147309195
TSLA_2015-05-22,TSLA,2015-05-22,16.358667373657227,16.573333740234375,16.333999633789062,16.51533317565918,33346500.0,0.1948007595081506,-4.041971368751174e-05,0.0973801698972315,0.0085905239124659,0.02033688737632,-0.02033688737632
TSLA_2015-05-26,TSLA,2015-05-26,16.511999130249023,16.799999237060547,16.433332443237305,16.497333526611328,52480500.0,0.2123855059911386,-0.0050259719120284,0.103679767039555,-0.0010898750183484,0.0202045509302896,-0.0202045509302896
TSLA_2015-05-27,TSLA,2015-05-27,16.567333221435547,16.633333206176758,16.3700008392334,16.495332717895508,51123000.0,0.2143207569635639,0.0191531098629047,0.1167369334132343,-0.0001212807337981,0.0201992190558647,-0.0201992190558647
TSLA_2015-05-28,TSLA,2015-05-28,16.468666076660156,16.786666870117188,16.336666107177734,16.76333236694336,54709500.0,0.213620258621612,0.0191714745620943,0.1163958665918531,0.0162469986893385,0.020193007689349,-0.020193007689349
TSLA_2015-05-29,TSLA,2015-05-29,16.733333587646484,16.857999801635742,16.6286678314209,16.719999313354492,56839500.0,0.2334021550957556,0.0109234130600295,0.1221627840778926,-0.002584990420778,0.0200134942718129,-0.0200134942718129
TSLA_2015-06-01,TSLA,2015-06-01,16.76066780090332,16.773332595825195,16.49799919128418,16.6299991607666,37576500.0,0.2641260932180573,0.004065245690501,0.1340956694542792,-0.0053827844667437,0.0195962955925371,-0.0195962955925371
TSLA_2015-06-02,TSLA,2015-06-02,16.594667434692383,16.626667022705078,16.420000076293945,16.55666732788086,32022000.0,0.2444879322994453,0.0156634345405239,0.1300756834199846,-0.0044096113401344,0.0196007373978222,-0.0196007373978222
TSLA_2015-06-03,TSLA,2015-06-03,16.546667098999023,16.71466636657715,16.46733283996582,16.599332809448242,26722500.0,0.2299446097263189,0.0749006503503717,0.1524226300383453,0.0025769365731915,0.0195525471577779,-0.0195525471577779
TSLA_2015-06-04,TSLA,2015-06-04,16.5,16.6200008392334,16.380666732788086,16.39466667175293,36804000.0,0.2257389686869633,0.0626106972808353,0.1441748329838993,-0.012329780964378,0.0195918809622578,-0.0195918809622578
TSLA_2015-06-05,TSLA,2015-06-05,16.399999618530273,16.64666748046875,16.3786678314209,16.609333038330078,45330000.0,0.2850216709065039,0.0865241703407873,0.1857729206236456,0.0130936706963982,0.019042871546394,-0.019042871546394
TSLA_2015-06-08,TSLA,2015-06-08,16.72333335876465,17.25,16.687332153320312,17.086000442504883,75255000.0,0.3426760742082331,0.1227001949939745,0.2326881346011038,0.0286987685221784,0.0191211906308212,-0.0191211906308212
TSLA_2015-06-09,TSLA,2015-06-09,17.02666664123535,17.182666778564453,16.94266700744629,17.066667556762695,39166500.0,0.3451030837173936,0.1443387463549805,0.2447209150361871,-0.0011315044622199,0.019110678926259,-0.019110678926259
TSLA_2015-06-10,TSLA,2015-06-10,16.793333053588867,16.933332443237305,16.566667556762695,16.713333129882812,51817500.0,0.2940022186439337,0.1695278898354004,0.2317650542396671,-0.0207031879952377,0.0193040328727479,-0.0193040328727479
TSLA_2015-06-11,TSLA,2015-06-11,16.884000778198242,16.95800018310547,16.69533348083496,16.76066780090332,30661500.0,0.31580058967889,0.1591590922132133,0.2374798409460516,0.0028321502750325,0.0191663024792816,-0.0191663024792816
TSLA_2015-06-12,TSLA,2015-06-12,16.680667877197266,16.8973331451416,16.680667877197266,16.71266746520996,21334500.0,0.3286517467282015,0.1946722036496448,0.2616619751889232,-0.0028638677326909,0.0190661561753748,-0.0190661561753748
TSLA_2015-06-15,TSLA,2015-06-15,16.64666748046875,16.75200080871582,16.400667190551758,16.691999435424805,32793000.0,0.2794071703343654,0.1986786533413416,0.2390429118378535,-0.0012366685227346,0.0186188714137137,-0.0186188714137137
TSLA_2015-06-16,TSLA,2015-06-16,16.67533302307129,16.895999908447266,16.606666564941406,16.874666213989258,29770500.0,0.299851005839143,0.2228018826636455,0.2613264442513943,0.0109433731573693,0.0186020640286664,-0.0186020640286664
TSLA_2015-06-17,TSLA,2015-06-17,16.81133270263672,17.624000549316406,16.801332473754883,17.360666275024414,82693500.0,0.297444037858271,0.2762693125005697,0.2868566751794204,0.028800573289696,0.0185599321445144,-0.0185599321445144
TSLA_2015-06-18,TSLA,2015-06-18,17.46666717529297,17.56399917602539,17.334667205810547,17.459333419799805,41740500.0,0.3385637971573436,0.3239472513619366,0.3312555242596401,0.0056833731616243,0.0181714699491889,-0.0181714699491889
TSLA_2015-06-19,TSLA,2015-06-19,17.49333381652832,17.586666107177734,17.34000015258789,17.500667572021484,36945000.0,0.3252727436204552,0.275434984771884,0.3003538641961696,0.0023674530537807,0.0181475930888355,-0.0181475930888355
TSLA_2015-06-22,TSLA,2015-06-22,17.476667404174805,17.626667022705078,17.04599952697754,17.319332122802734,68416500.0,0.301357369957139,0.1902775556645002,0.2458174628108196,-0.010361630404811,0.0182405188230321,-0.0182405188230321
TSLA_2015-06-23,TSLA,2015-06-23,17.35466766357422,17.866666793823242,17.238000869750977,17.844667434692383,58062000.0,0.3269383919865261,0.2206211534088367,0.2737797726976814,0.0303323077451693,0.0185175380837803,-0.0185175380837803
TSLA_2015-06-24,TSLA,2015-06-24,17.798667907714844,17.823333740234375,17.58133316040039,17.67799949645996,36184500.0,0.3647452459971814,0.1912398460034492,0.2779925460003153,-0.0093399296368167,0.0178370143513703,-0.0178370143513703
TSLA_2015-06-25,TSLA,2015-06-25,17.76333236694336,18.0939998626709,17.683332443237305,17.91933250427246,42738000.0,0.4116379517594368,0.2164094568484258,0.3140237043039313,0.0136516016906114,0.0175746416628855,-0.0175746416628855
TSLA_2015-06-26,TSLA,2015-06-26,17.926000595092773,17.94066619873047,17.733333587646484,17.805999755859375,57576000.0,0.4437297471466512,0.2017007034774827,0.322715225312067,-0.0063246077043362,0.0170982987207627,-0.0170982987207627
TSLA_2015-06-29,TSLA,2015-06-29,17.463333129882812,17.729999542236328,17.3799991607666,17.468000411987305,52183500.0,0.3749278345005549,0.1501185625412695,0.2625231985209122,-0.0189823289063477,0.0170999000610869,-0.0170999000610869
TSLA_2015-06-30,TSLA,2015-06-30,17.65333366394043,18.06133270263672,17.600000381469727,17.884000778198242,46303500.0,0.4210944545232713,0.1885163343615827,0.304805394442427,0.0238149963590257,0.0171535548482037,-0.0171535548482037
TSLA_2015-07-01,TSLA,2015-07-01,18.073999404907227,18.17466735839844,17.856666564941406,17.94333267211914,31518000.0,0.4347779702597882,0.2111325630255751,0.3229552666426817,0.003317596250232,0.0170879433735732,-0.0170879433735732
TSLA_2015-07-02,TSLA,2015-07-02,18.68000030517578,18.82999992370605,18.220666885375977,18.667999267578125,107458500.0,0.4660733214313772,0.2590260635959818,0.3625496925136795,0.0403863991545445,0.0175679074691523,-0.0175679074691523
TSLA_2015-07-06,TSLA,2015-07-06,18.59199905395508,18.779333114624023,18.420000076293945,18.64800071716309,61828500.0,0.3772526417799933,0.2754548156756291,0.3263537287278112,-0.0010712744375219,0.0159945080267652,-0.0159945080267652
TSLA_2015-07-07,TSLA,2015-07-07,18.33333206176757,18.34666633605957,17.384666442871094,17.858667373657227,91576500.0,0.3179828134518048,0.2750726780062174,0.2965277457290111,-0.0423280412456967,0.0170729919143024,-0.0170729919143024
TSLA_2015-07-08,TSLA,2015-07-08,17.288000106811523,17.386667251586914,16.95400047302246,16.997333526611328,93316500.0,0.2277169969441734,0.2067399246367964,0.2172284607904849,-0.0482305778490743,0.018175801131268,-0.018175801131268
TSLA_2015-07-09,TSLA,2015-07-09,17.27199935913086,17.530000686645508,17.119333267211914,17.19466781616211,50011500.0,0.2276644545225823,0.2226595471337449,0.2251620008281636,0.0116097203859553,0.0181754857613943,-0.0181754857613943
TSLA_2015-07-10,TSLA,2015-07-10,17.481332778930664,17.53333282470703,17.187999725341797,17.27666664123535,39163500.0,0.2287813745105382,0.2304149753402831,0.2295981749254106,0.0047688519458437,0.0181762008432551,-0.0181762008432551
TSLA_2015-07-13,TSLA,2015-07-13,17.483333587646484,17.503332138061523,17.06999969482422,17.477333068847656,44404500.0,0.2496901229041059,0.268557037820921,0.2591235803625135,0.0116148810288068,0.0181699020305917,-0.0181699020305917
TSLA_2015-07-14,TSLA,2015-07-14,17.47333335876465,17.732667922973633,17.367332458496094,17.709999084472656,28614000.0,0.2804877502197032,0.3137331360806095,0.2971104431501563,0.0133124438785063,0.0181098197273458,-0.0181098197273458
TSLA_2015-07-15,TSLA,2015-07-15,17.78266716003418,17.832666397094727,17.472000122070312,17.542667388916016,30324000.0,0.2661310250220774,0.2883231744257468,0.2772270997239121,-0.0094484305029326,0.0181880371874481,-0.0181880371874481
TSLA_2015-07-16,TSLA,2015-07-16,17.614667892456055,17.81333351135254,17.54400062561035,17.778667449951172,24240000.0,0.2901790852297645,0.3839847299262724,0.3370819075780185,0.0134529177235764,0.0181870925199267,-0.0181870925199267
TSLA_2015-07-17,TSLA,2015-07-17,18.166667938232425,18.36933326721192,17.883333206176758,18.310667037963867,75061500.0,0.3282073628000199,0.4314901155137842,0.3798487391569021,0.0299234793333262,0.0184655943860979,-0.0184655943860979
TSLA_2015-07-20,TSLA,2015-07-20,18.33333206176757,19.11000061035156,18.16933250427246,18.817333221435547,74677500.0,0.3750669800917989,0.4619568185133837,0.4185118993025913,0.0276705475786982,0.0186239760384285,-0.0186239760384285
TSLA_2015-07-21,TSLA,2015-07-21,18.003332138061523,18.233333587646484,17.770000457763672,17.784666061401367,91630500.0,0.2739123781834875,0.3899338288733167,0.3319231035284021,-0.0548785073783902,0.0200026413767857,-0.0200026413767857
TSLA_2015-07-22,TSLA,2015-07-22,17.417999267578125,17.96266746520996,17.390666961669922,17.857999801635742,46575000.0,0.2206981931577818,0.3627206396744864,0.2917094164161341,0.0041234252013049,0.0191990276598516,-0.0191990276598516
TSLA_2015-07-23,TSLA,2015-07-23,17.976667404174805,17.99333381652832,17.684667587280273,17.81333351135254,33408000.0,0.2223239373069487,0.3252654148047087,0.2737946760558287,-0.0025011922264167,0.0191917512659261,-0.0191917512659261
TSLA_2015-07-24,TSLA,2015-07-24,17.825332641601562,18.07266616821289,17.594667434692383,17.694000244140625,42547500.0,0.2150803399539103,0.318545388233306,0.2668128640936081,-0.006699098017553,0.0192268757751887,-0.0192268757751887
TSLA_2015-07-27,TSLA,2015-07-27,17.495332717895508,17.6286678314209,16.71933364868164,16.867332458496094,70413000.0,0.0926796552118465,0.224933325908941,0.1588064905603937,-0.0467202313913317,0.0188431627029094,-0.0188431627029094
TSLA_2015-07-28,TSLA,2015-07-28,17.049999237060547,17.69333267211914,16.78933334350586,17.654666900634766,58437000.0,0.148993474873786,0.285658786005684,0.217326130439735,0.0466780650749603,0.0196613251228036,-0.0196613251228036
TSLA_2015-07-29,TSLA,2015-07-29,17.618000030517578,17.859333038330078,17.46666717529297,17.58799934387207,41851500.0,0.134953693461181,0.3232682591836835,0.2291109763224322,-0.0037762002046211,0.0196604660095813,-0.0196604660095813
TSLA_2015-07-30,TSLA,2015-07-30,17.512666702270508,17.79599952697754,17.474000930786133,17.785999298095703,30519000.0,0.1802255911262089,0.3001461185177339,0.2401858548219714,0.0112576735052369,0.0193186350041627,-0.0193186350041627
TSLA_2015-07-31,TSLA,2015-07-31,17.84000015258789,17.957332611083984,17.674667358398438,17.74333381652832,33339000.0,0.1774985359773015,0.3072201275501975,0.2423593317637495,-0.0023988239767867,0.0193264338157791,-0.0193264338157791
TSLA_2015-08-03,TSLA,2015-08-03,17.752666473388672,17.78066635131836,17.13800048828125,17.332666397094727,38302500.0,0.1278903068093673,0.2325305384084592,0.1802104226089133,-0.0231448849286174,0.0194730052027,-0.0194730052027
TSLA_2015-08-04,TSLA,2015-08-04,17.333999633789062,17.781333923339844,17.222667694091797,17.75200080871582,35287500.0,0.1430779854443382,0.2194541965754459,0.1812660910098921,0.0241933007890455,0.0196433730323222,-0.0196433730323222
TSLA_2015-08-05,TSLA,2015-08-05,17.57200050354004,18.06666755676269,17.360000610351562,18.0086669921875,93214500.0,0.1722865803029198,0.2360101145770659,0.2041483474399928,0.0144584368960631,0.0196289197990501,-0.0196289197990501
TSLA_2015-08-06,TSLA,2015-08-06,16.63599967956543,17.0,15.7413330078125,16.408666610717773,219357000.0,0.0394003208985158,0.1137607769802298,0.0765805489393728,-0.0888461307082771,0.0225171411330732,-0.0225171411330732
TSLA_2015-08-07,TSLA,2015-08-07,16.238666534423828,16.248666763305664,15.892666816711426,16.167333602905273,76101000.0,0.0249355541316877,0.1157066282775038,0.0703210912045958,-0.0147076550177981,0.022601771763977,-0.022601771763977
TSLA_2015-08-10,TSLA,2015-08-10,15.876667022705078,16.197999954223633,15.736666679382324,16.076000213623047,62788500.0,0.0068896788854375,0.1087916203653578,0.0578406496253977,-0.0056492549436731,0.0225667025810576,-0.0225667025810576
TSLA_2015-08-11,TSLA,2015-08-11,15.8100004196167,15.953332901000977,15.629332542419434,15.824666976928713,63973500.0,-0.0301135700093156,0.0974617532135253,0.0336740916021048,-0.0156340652746042,0.0224839480055822,-0.0224839480055822
TSLA_2015-08-12,TSLA,2015-08-12,15.666666984558104,15.98466682434082,15.515999794006348,15.878000259399414,55920000.0,-0.0206020007395505,0.1192198819034864,0.0493089405819679,0.0033702625495031,0.0224745259793668,-0.0224745259793668
TSLA_2015-08-13,TSLA,2015-08-13,15.990667343139648,16.43199920654297,15.941332817077637,16.167333602905273,70338000.0,-0.0065136622935559,0.1953371587481331,0.0944117482272886,0.0182222785476138,0.0225878645024631,-0.0225878645024631
TSLA_2015-08-14,TSLA,2015-08-14,16.482667922973633,16.528667449951172,16.118000030517578,16.209999084472656,65472000.0,-0.0228661095466927,0.1932569888454225,0.0851954396493648,0.0026389930841606,0.0224555670927343,-0.0224555670927343
TSLA_2015-08-17,TSLA,2015-08-17,17.03733253479004,17.106000900268555,16.700666427612305,16.999332427978516,107650500.0,0.0250854511422353,0.2478100958341209,0.1364477734881781,0.0486942250516195,0.0232821579724422,-0.0232821579724422
TSLA_2015-08-18,TSLA,2015-08-18,17.025333404541016,17.39666748046875,16.90399932861328,17.381332397460938,62925000.0,0.0549485660676469,0.2751637713840336,0.1650561687258402,0.0224714688709601,0.0234241951638826,-0.0234241951638826
TSLA_2015-08-19,TSLA,2015-08-19,17.35533332824707,17.376667022705078,17.001333236694336,17.016666412353516,54064500.0,0.0446080697351911,0.2056586386579855,0.1251333541965883,-0.0209803239917725,0.0235385702586953,-0.0235385702586953
TSLA_2015-08-20,TSLA,2015-08-20,16.804000854492188,16.970666885375977,16.126667022705078,16.14533233642578,73587000.0,-0.0140054077784835,0.1154713529056856,0.050732972563601,-0.0512047456777536,0.0244308896932689,-0.0244308896932689
TSLA_2015-08-21,TSLA,2015-08-21,15.733332633972168,16.253332138061523,15.36733341217041,15.38466739654541,98853000.0,-0.0684615785275334,0.1130028134863267,0.0222706174793966,-0.0471136130263618,0.0251161242805326,-0.0251161242805326
TSLA_2015-08-24,TSLA,2015-08-24,13.519332885742188,15.42666721343994,13.0,14.591333389282228,143724000.0,-0.1155338306190264,0.0723139642969956,-0.0216099331610153,-0.0515665361372272,0.0259175471838639,-0.0259175471838639
TSLA_2015-08-25,TSLA,2015-08-25,15.368000030517578,15.393333435058594,14.607999801635742,14.66866683959961,64909500.0,-0.1107383469940063,0.0798488836169082,-0.015444731688549,0.005299957738899,0.0259315676051362,-0.0259315676051362
TSLA_2015-08-26,TSLA,2015-08-26,15.195332527160645,15.199999809265137,14.36733341217041,14.989333152770996,74445000.0,-0.105826167216646,0.085187478195212,-0.010319344510717,0.0218606310087918,0.026003164280295,-0.026003164280295
TSLA_2015-08-27,TSLA,2015-08-27,15.399999618530272,16.316667556762695,15.387332916259766,16.19933319091797,114840000.0,-0.0311403196063926,0.1949936177828604,0.0819266490882338,0.0807240739674457,0.0279864291741751,-0.0279864291741751
TSLA_2015-08-28,TSLA,2015-08-28,16.124000549316406,16.76333236694336,16.10466766357422,16.565332412719727,82705500.0,-0.00388855991042,0.2592104631702538,0.1276609516299169,0.0225934745268991,0.0281230834437453,-0.0281230834437453
TSLA_2015-08-31,TSLA,2015-08-31,16.374666213989258,16.996667861938477,16.367332458496094,16.604000091552734,70503000.0,0.0028588340113695,0.2480457167270418,0.1254522753692056,0.0023342531178738,0.0281175820776403,-0.0281175820776403
TSLA_2015-09-01,TSLA,2015-09-01,16.022666931152344,16.399999618530273,15.79800033569336,15.908666610717772,81822000.0,-0.0416080698338277,0.1787689885130863,0.0685804593396293,-0.0418774678993595,0.028616419121992,-0.028616419121992
TSLA_2015-09-02,TSLA,2015-09-02,16.35333251953125,16.525333404541016,15.985333442687988,16.512666702270508,69438000.0,0.0071974644486603,0.2345611813374253,0.1208793228930428,0.0379667326201818,0.0289738404562244,-0.0289738404562244
TSLA_2015-09-03,TSLA,2015-09-03,16.804000854492188,16.80533218383789,16.333332061767578,16.3713321685791,62922000.0,-0.0143293453868215,0.2666081515545342,0.1261394030838563,-0.0085591586289314,0.0289508296057299,-0.0289508296057299
TSLA_2015-09-04,TSLA,2015-09-04,16.05933380126953,16.272666931152344,15.880000114440918,16.1286678314209,55338000.0,-0.0560302344779546,0.2674456189424061,0.1057076922322257,-0.0148225162533773,0.0287782521453846,-0.0287782521453846
TSLA_2015-09-08,TSLA,2015-09-08,16.336666107177734,16.610666275024414,16.270000457763672,16.544666290283203,47073000.0,-0.0305860101125979,0.3039617471963267,0.1366878685418643,0.0257924872165749,0.0289680669173294,-0.0289680669173294
TSLA_2015-09-09,TSLA,2015-09-09,16.803333282470703,16.950000762939453,16.553333282470703,16.5939998626709,50862000.0,-0.0071400041083696,0.2847630374865764,0.1388115166891033,0.0029818414903097,0.0288495016899229,-0.0288495016899229
TSLA_2015-09-10,TSLA,2015-09-10,16.48200035095215,16.71466636657715,16.35533332824707,16.565332412719727,40635000.0,-0.0116543917285363,0.3004657341701331,0.1444056712207984,-0.001727579256865,0.028848765342742,-0.028848765342742
TSLA_2015-09-11,TSLA,2015-09-11,16.50933265686035,16.682666778564453,16.315332412719727,16.682666778564453,35262000.0,-0.0017950866735043,0.3262667016839213,0.1622358075052085,0.007083127758706,0.028858792969213,-0.028858792969213
TSLA_2015-09-14,TSLA,2015-09-14,16.739999771118164,16.950000762939453,16.64466667175293,16.87933349609375,43363500.0,0.0112229850829836,0.2937659379220905,0.1524944615025371,0.0117886858342093,0.0288936239677849,-0.0288936239677849
TSLA_2015-09-15,TSLA,2015-09-15,16.850000381469727,16.97333335876465,16.633333206176758,16.904666900634766,44002500.0,0.0017778536336698,0.3021619506731037,0.1519699021533868,0.0015008533688181,0.0288635363044772,-0.0288635363044772
TSLA_2015-09-16,TSLA,2015-09-16,16.869333267211914,17.525333404541016,16.858667373657227,17.483333587646484,66256500.0,0.0070658182513734,0.3066115416211057,0.1568386799362395,0.0342311794969465,0.0289575503799258,-0.0289575503799258
TSLA_2015-09-17,TSLA,2015-09-17,17.597333908081055,17.700000762939453,17.37933349609375,17.471332550048828,53787000.0,0.0006872616474244,0.3394837407177606,0.1700855011825925,-0.0006864273073263,0.0289503798180263,-0.0289503798180263
TSLA_2015-09-18,TSLA,2015-09-18,17.19733238220215,17.58799934387207,17.166667938232422,17.374666213989258,56446500.0,-0.0071998029511551,0.315731041009851,0.1542656190293479,-0.0055328542217748,0.0289589486628758,-0.0289589486628758
TSLA_2015-09-21,TSLA,2015-09-21,17.59866714477539,18.10466766357422,17.053333282470703,17.613332748413086,91803000.0,0.0169752865483345,0.3234482842139485,0.1702117853811415,0.0137364673073065,0.0289749759925467,-0.0289749759925467
TSLA_2015-09-22,TSLA,2015-09-22,17.268667221069336,17.510000228881836,17.058000564575195,17.395999908447266,54966000.0,-0.0251429469272623,0.293575250421062,0.1342161517468998,-0.0123391094161553,0.028768751864458,-0.028768751864458
TSLA_2015-09-23,TSLA,2015-09-23,17.463333129882812,17.472000122070312,17.172000885009766,17.40399932861328,39012000.0,-0.0154995008287871,0.3435923759257648,0.1640464375484888,0.0004598425044903,0.0287438815504177,-0.0287438815504177
TSLA_2015-09-24,TSLA,2015-09-24,17.302000045776367,17.56333351135254,17.08066749572754,17.541332244873047,51723000.0,-0.0210945502188369,0.3818600840952311,0.180382766938197,0.0078908826452308,0.0287094200560486,-0.0287094200560486
TSLA_2015-09-25,TSLA,2015-09-25,17.77400016784668,17.79400062561035,17.07666778564453,17.12733268737793,56601000.0,-0.0381145163308292,0.3887026861217262,0.1752940848954484,-0.0236013748394806,0.0288536488288391,-0.0288536488288391
TSLA_2015-09-28,TSLA,2015-09-28,17.156667709350586,17.319332122802734,16.44066619873047,16.562000274658203,73516500.0,-0.0518662763888742,0.3036154474215928,0.1258745855163593,-0.0330076155487042,0.0290542872680943,-0.0290542872680943
TSLA_2015-09-29,TSLA,2015-09-29,16.69733238220215,16.98200035095215,16.36400032043457,16.44333267211914,55548000.0,-0.080556253824109,0.3066164089366607,0.1130300775562758,-0.0071650525643716,0.0288991469179784,-0.0288991469179784
TSLA_2015-09-30,TSLA,2015-09-30,16.799999237060547,16.82666778564453,16.1560001373291,16.559999465942383,73944000.0,-0.0770945526928907,0.3241644044289959,0.1235349258680525,0.0070950820098081,0.0289119917876259,-0.0289119917876259
TSLA_2015-10-01,TSLA,2015-10-01,16.500667572021484,16.566667556762695,15.808667182922363,15.991999626159668,68595000.0,-0.1433468902083166,0.2559162699868116,0.0562846898892475,-0.0342995083394099,0.0287241468331087,-0.0287241468331087
TSLA_2015-10-02,TSLA,2015-10-02,15.706666946411133,16.51333236694336,15.661999702453612,16.504667282104492,66360000.0,-0.1149363659711754,0.2189562281095998,0.0520099310692122,0.0320577581246439,0.029043697710686,-0.029043697710686
TSLA_2015-10-05,TSLA,2015-10-05,16.589332580566406,16.6560001373291,16.275333404541016,16.40999984741211,55348500.0,-0.0811184561498694,0.2110700823925331,0.0649758131213318,-0.0057357978245964,0.0285765184479794,-0.0285765184479794
TSLA_2015-10-06,TSLA,2015-10-06,16.0,16.20199966430664,15.70533275604248,16.097333908081055,78378000.0,-0.0529494592267203,0.1627100458725263,0.054880293322903,-0.0190533785641907,0.0280288604189457,-0.0280288604189457
TSLA_2015-10-07,TSLA,2015-10-07,15.775333404541016,15.846667289733888,15.274666786193848,15.46399974822998,102210000.0,-0.1006514395297237,0.1040982599154112,0.0017234101928437,-0.0393440406633506,0.0284071711398133,-0.0284071711398133
TSLA_2015-10-08,TSLA,2015-10-08,15.338666915893556,15.381333351135254,14.753999710083008,15.114666938781738,91998000.0,-0.1251398633399238,0.0750118412296456,-0.0250640110551391,-0.0225900682317475,0.0285220658336402,-0.0285220658336402
TSLA_2015-10-09,TSLA,2015-10-09,14.728667259216309,14.958000183105469,14.557332992553713,14.71266746520996,92376000.0,-0.1581857822785076,0.0520069132067957,-0.0530894345358559,-0.0265966478255842,0.0286400462808808,-0.0286400462808808
TSLA_2015-10-12,TSLA,2015-10-12,14.866000175476074,14.866666793823242,14.351332664489746,14.371999740600586,57544500.0,-0.1884810568284377,0.039140065802425,-0.0746704955130063,-0.0231547219710448,0.0286874229869175,-0.0286874229869175
TSLA_2015-10-13,TSLA,2015-10-13,14.218667030334473,14.834667205810549,14.075332641601562,14.616666793823242,77572500.0,-0.1667933690027954,0.0549487657596825,-0.0559223016215564,0.0170238698607456,0.028783698007252,-0.028783698007252
TSLA_2015-10-14,TSLA,2015-10-14,14.711333274841309,14.729999542236328,14.362000465393066,14.458666801452637,46566000.0,-0.186740691215733,0.0492501510618761,-0.0687452700769284,-0.010809577491181,0.0287293216314386,-0.0287293216314386
TSLA_2015-10-15,TSLA,2015-10-15,14.428667068481444,14.781999588012695,14.24666690826416,14.753999710083008,42663000.0,-0.1942401836321282,0.0702161207481992,-0.0620120314419644,0.0204260124868982,0.0285790094233926,-0.0285790094233926
TSLA_2015-10-16,TSLA,2015-10-16,14.869333267211914,15.36533260345459,14.857999801635742,15.133999824523926,65017500.0,-0.1957415194580173,0.1059092800520831,-0.0449161197029671,0.0257557355231086,0.0285468463919901,-0.0285468463919901
TSLA_2015-10-19,TSLA,2015-10-19,15.100000381469728,15.40999984741211,14.996000289916992,15.206666946411133,37618500.0,-0.1449562845931276,0.0892507729448137,-0.0278527558241569,0.0048015807274857,0.02777903880924,-0.02777903880924
TSLA_2015-10-20,TSLA,2015-10-20,15.1813325881958,15.239999771118164,13.466667175292969,14.20199966430664,223500000.0,-0.2047261831078205,-0.0292106886540238,-0.1169684358809222,-0.0660675535043265,0.0289099520847563,-0.0289099520847563
TSLA_2015-10-21,TSLA,2015-10-21,14.13266658782959,14.320667266845703,13.920000076293944,14.005999565124512,62272500.0,-0.2137350622106519,-0.0389295454749211,-0.1263323038427865,-0.0138008804263478,0.0289404902772094,-0.0289404902772094
TSLA_2015-10-22,TSLA,2015-10-22,14.104000091552734,14.383333206176758,13.960000038146973,14.114666938781738,42378000.0,-0.2022907910009882,-0.0307192231451158,-0.116505007073052,0.0077586303749297,0.0289711655833357,-0.0289711655833357
TSLA_2015-10-23,TSLA,2015-10-23,14.333333015441896,14.356666564941406,13.845999717712402,13.939332962036133,63532500.0,-0.1735899558311678,-0.0969985578739937,-0.1352942568525807,-0.0124221122259607,0.028457182007631,-0.028457182007631
TSLA_2015-10-26,TSLA,2015-10-26,14.092000007629396,14.392000198364258,14.0,14.350666999816896,50871000.0,-0.1871459778546756,-0.0660360325301103,-0.126591005192393,0.0295088752740919,0.028056848099615,-0.028056848099615
TSLA_2015-10-27,TSLA,2015-10-27,14.322667121887209,14.473333358764648,13.833999633789062,14.023332595825195,52791000.0,-0.2026760792033382,-0.0950742712068783,-0.1488751752051083,-0.0228096996464259,0.0281687698149317,-0.0281687698149317
TSLA_2015-10-28,TSLA,2015-10-28,14.087332725524902,14.229999542236328,13.886667251586914,14.197333335876465,40929000.0,-0.2017691501091798,-0.0579075233324306,-0.1298383367208052,0.0124079450346252,0.0281786596643978,-0.0281786596643978
TSLA_2015-10-29,TSLA,2015-10-29,14.116666793823242,14.25,14.042667388916016,14.108667373657228,27075000.0,-0.2048468726595966,-0.0637083566789021,-0.1342776146692494,-0.0062452546630836,0.0281811143848123,-0.0281811143848123
TSLA_2015-10-30,TSLA,2015-10-30,14.026666641235352,14.108667373657228,13.592666625976562,13.795332908630373,66583500.0,-0.2040847846155554,-0.1022949435257951,-0.1531898640706753,-0.0222086506633427,0.0281706921850209,-0.0281706921850209
TSLA_2015-11-02,TSLA,2015-11-02,13.928000450134276,14.386667251586914,13.814666748046877,14.252667427062988,58918500.0,-0.1971233225685039,-0.0822493450013617,-0.1396863337849328,0.0331513941317433,0.0283334447412519,-0.0283334447412519
TSLA_2015-11-03,TSLA,2015-11-03,14.256667137145996,14.29599952697754,13.850000381469728,13.890000343322754,124987500.0,-0.228704692615589,-0.0958208617026394,-0.1622627771591142,-0.0254455585662233,0.0283810247422907,-0.0283810247422907
TSLA_2015-11-04,TSLA,2015-11-04,15.133333206176758,15.515999794006348,15.013333320617676,15.44200038909912,190896000.0,-0.0589119301739757,-0.0218327582290656,-0.0403723442015206,0.1117350617289543,0.0298874968500166,-0.0298874968500166
TSLA_2015-11-05,TSLA,2015-11-05,15.371999740600586,15.638667106628418,15.279333114624023,15.451333045959473,67452000.0,-0.0442868672430397,-0.0204556306868135,-0.0323712489649266,0.0006043683865557,0.0298325528099198,-0.0298325528099198
TSLA_2015-11-06,TSLA,2015-11-06,15.380000114440918,15.557332992553713,15.300000190734863,15.490667343139648,36679500.0,-0.0364103547340948,-0.02977153150088,-0.0330909431174874,0.0025456895572166,0.0298266604490255,-0.0298266604490255
TSLA_2015-11-09,TSLA,2015-11-09,15.53266716003418,15.53266716003418,14.95400047302246,15.022000312805176,57763500.0,-0.0507224995820619,-0.0793086340491657,-0.0650155668156138,-0.0302547992254208,0.0300053720817808,-0.0300053720817808
TSLA_2015-11-10,TSLA,2015-11-10,14.898667335510254,14.91333293914795,14.405332565307615,14.43333339691162,69255000.0,-0.0909854414212258,-0.1097129600293279,-0.1003492007252769,-0.0391869859962498,0.03039587915044,-0.03039587915044
TSLA_2015-11-11,TSLA,2015-11-11,14.517999649047852,14.631999969482422,14.241999626159668,14.60533332824707,50217000.0,-0.0966145879724725,-0.1024989354673447,-0.0995567617199086,0.0119168543125494,0.0303416809067654,-0.0303416809067654
TSLA_2015-11-12,TSLA,2015-11-12,14.523332595825195,14.600000381469728,14.177332878112791,14.196000099182127,43738500.0,-0.1242442380653625,-0.1442693652539073,-0.1342568016596349,-0.0280262846362624,0.0305250943647829,-0.0305250943647829
TSLA_2015-11-13,TSLA,2015-11-13,14.196666717529297,14.199333190917969,13.767999649047852,13.812666893005373,51454500.0,-0.1874582751101647,-0.1670752993694131,-0.1772667872397889,-0.0270029024724252,0.0299966429915283,-0.0299966429915283
TSLA_2015-11-16,TSLA,2015-11-16,13.739333152770996,14.33199977874756,13.720000267028809,14.28733253479004,43881000.0,-0.1780070590631399,-0.1328397256409313,-0.1554233923520356,0.0343645181239427,0.0301953533359466,-0.0301953533359466
TSLA_2015-11-17,TSLA,2015-11-17,14.346667289733888,14.399999618530272,14.09333324432373,14.266667366027832,32230500.0,-0.1616062147360001,-0.1242070862973927,-0.1429066505166964,-0.0014463979691022,0.0301043947454816,-0.0301043947454816
TSLA_2015-11-18,TSLA,2015-11-18,14.300000190734863,14.7586669921875,14.16800022125244,14.73799991607666,42178500.0,-0.0871665191538989,-0.099951124287001,-0.0935588217204499,0.0330373266549395,0.0297686080933379,-0.0297686080933379
TSLA_2015-11-19,TSLA,2015-11-19,14.702667236328123,15.079333305358888,14.686667442321776,14.786666870117188,37566000.0,-0.0388699028074213,-0.1046703864315468,-0.071770144619484,0.0033021410176179,0.0291812865495647,-0.0291812865495647
TSLA_2015-11-20,TSLA,2015-11-20,14.899333000183104,15.0,14.238666534423828,14.667332649230955,66010500.0,0.0052085205595089,-0.1109270703916155,-0.0528592749160533,-0.0080703935467294,0.0284522192741444,-0.0284522192741444
TSLA_2015-11-23,TSLA,2015-11-23,14.489999771118164,14.612000465393066,14.312000274658203,14.516667366027832,37893000.0,-0.0103621873230795,-0.1199530428216858,-0.0651576150723827,-0.0102721665081362,0.0284772456390408,-0.0284772456390408
TSLA_2015-11-24,TSLA,2015-11-24,14.357999801635742,14.733332633972168,14.333333015441896,14.550000190734863,37204500.0,-0.0293097069468307,-0.1320341402150506,-0.0806719235809407,0.0022961761034103,0.0283438830402426,-0.0283438830402426
TSLA_2015-11-25,TSLA,2015-11-25,14.755999565124512,15.388667106628418,14.69200038909912,15.309332847595217,59862000.0,-0.0549405542088438,-0.0843700073978207,-0.0696552808033322,0.0521878107839393,0.027238127812222,-0.027238127812222
TSLA_2015-11-27,TSLA,2015-11-27,15.404000282287598,15.483332633972168,15.133999824523926,15.440667152404783,29241000.0,-0.0678927070278025,-0.0715172620794644,-0.0697049845536335,0.0085787085640507,0.0271030677671968,-0.0271030677671968
TSLA_2015-11-30,TSLA,2015-11-30,15.452667236328123,15.618666648864746,15.272000312805176,15.350666999816896,39897000.0,-0.075483804193272,-0.0728407658486378,-0.0741622850209549,-0.005828773569144,0.0271075516414727,-0.0271075516414727
TSLA_2015-12-01,TSLA,2015-12-01,15.404000282287598,15.866666793823242,15.403332710266112,15.812666893005373,56010000.0,-0.0060344289098197,-0.0473914178041604,-0.0267129233569901,0.0300964051395282,0.0268678388181188,-0.0268678388181188
TSLA_2015-12-02,TSLA,2015-12-02,15.800000190734863,15.90666675567627,15.415332794189451,15.465999603271484,44722500.0,-0.0633857097627427,-0.0566444617066528,-0.0600150857346977,-0.0219233916757731,0.0265698105337521,-0.0265698105337521
TSLA_2015-12-03,TSLA,2015-12-03,15.6986665725708,15.829999923706056,15.333333015441896,15.513999938964844,44094000.0,-0.0523678965637081,-0.0659468442734868,-0.0591573704185974,0.0031036038358105,0.0265547744562878,-0.0265547744562878
TSLA_2015-12-04,TSLA,2015-12-04,15.497332572937012,15.5513334274292,15.177332878112791,15.358667373657228,38604000.0,-0.0477411070654949,-0.1010963961203327,-0.0744187515929138,-0.0100124123964628,0.0265198570643379,-0.0265198570643379
TSLA_2015-12-07,TSLA,2015-12-07,15.18000030517578,15.708666801452637,15.076666831970217,15.408666610717772,47163000.0,-0.0686625925016457,-0.0971484878656312,-0.0829055401836385,0.0032554411033278,0.0263115394599734,-0.0263115394599734
TSLA_2015-12-08,TSLA,2015-12-08,15.16800022125244,15.25333309173584,14.946666717529297,15.114666938781738,40314000.0,-0.0891486643444537,-0.0956521466231483,-0.092400405483801,-0.0190801501105577,0.026407125045335,-0.026407125045335
TSLA_2015-12-09,TSLA,2015-12-09,15.113332748413086,15.166666984558104,14.714667320251465,14.968000411987305,45867000.0,-0.096426196645828,-0.1069567997057611,-0.1016914981757945,-0.0097035897243697,0.0264290805368351,-0.0264290805368351
TSLA_2015-12-10,TSLA,2015-12-10,14.980667114257812,15.232666969299316,14.90933322906494,15.137999534606934,31075500.0,-0.0925911465151519,-0.0942200240554624,-0.0934055852853072,0.0113575038709567,0.0264563429878278,-0.0264563429878278
TSLA_2015-12-11,TSLA,2015-12-11,15.015999794006348,15.050000190734863,14.442667007446287,14.468000411987305,49030500.0,-0.1428571267144215,-0.1332374250335517,-0.1380472758739866,-0.0442594228575543,0.0269502058667196,-0.0269502058667196
TSLA_2015-12-14,TSLA,2015-12-14,14.500666618347168,14.727999687194824,14.324666976928713,14.571999549865724,42406500.0,-0.1379895483584743,-0.136457019944762,-0.1372232841516181,0.0071882177852478,0.0269719517859959,-0.0269719517859959
TSLA_2015-12-15,TSLA,2015-12-15,14.788000106811523,14.814666748046877,14.533332824707031,14.739333152770996,33666000.0,-0.1569494982818589,-0.1509926566599894,-0.1539710774709241,0.0114832286627961,0.0266291588635117,-0.0266291588635117
TSLA_2015-12-16,TSLA,2015-12-16,14.80666732788086,15.658666610717772,14.715332984924316,15.633999824523926,76564500.0,-0.105162712704462,-0.1045477253562185,-0.1048552190303403,0.0606992638323486,0.0277892852635028,-0.0277892852635028
TSLA_2015-12-17,TSLA,2015-12-17,15.595999717712402,15.850666999816896,15.320667266845703,15.559332847595217,49479000.0,-0.1044816253754803,-0.1109291812119156,-0.1077054032936979,-0.0047759356381458,0.0277876281120955,-0.0277876281120955
TSLA_2015-12-18,TSLA,2015-12-18,15.526000022888184,15.726667404174805,15.28600025177002,15.36400032043457,45213000.0,-0.127706235958165,-0.1128987993592295,-0.1203025176586972,-0.0125540425848551,0.027754398156798,-0.027754398156798
TSLA_2015-12-21,TSLA,2015-12-21,15.446000099182127,15.722000122070312,15.405332565307615,15.503999710083008,29298000.0,-0.1087606466039085,-0.131169030365834,-0.1199648384848712,0.0091121704457552,0.0277545228382789,-0.0277545228382789
TSLA_2015-12-22,TSLA,2015-12-22,15.666000366210938,15.770000457763672,15.308667182922363,15.329999923706056,29422500.0,-0.1191679777588498,-0.1328204344175988,-0.1259942060882243,-0.0112228966480043,0.0277805512177258,-0.0277805512177258
TSLA_2015-12-23,TSLA,2015-12-23,15.478667259216309,15.563332557678224,15.208666801452637,15.313332557678224,23325000.0,-0.1270142801066902,-0.1454295212153072,-0.1362219006609987,-0.0010872384938539,0.0277538930612906,-0.0277538930612906
TSLA_2015-12-24,TSLA,2015-12-24,15.370667457580566,15.458666801452637,15.218667030334473,15.371333122253418,10620000.0,-0.102526154958069,-0.1367329364814119,-0.1196295457197405,0.0037875860369864,0.0276207771876539,-0.0276207771876539
TSLA_2015-12-28,TSLA,2015-12-28,15.432666778564451,15.465332984924316,15.03600025177002,15.263333320617676,28519500.0,-0.0784124461118165,-0.1262117608983275,-0.102312103505072,-0.0070260530285033,0.0273328843043214,-0.0273328843043214
TSLA_2015-12-29,TSLA,2015-12-29,15.337332725524902,15.847999572753906,15.303333282470703,15.812666893005373,36094500.0,-0.0383538903997914,-0.1158204984937129,-0.0770871944467521,0.0359904066070324,0.0277123452364339,-0.0277123452364339
TSLA_2015-12-30,TSLA,2015-12-30,15.773332595825195,16.242000579833984,15.711333274841309,15.87266731262207,55468500.0,-0.041505566152577,-0.1154002657886696,-0.0784529159706233,0.0037944528916395,0.0277013548691309,-0.0277013548691309
TSLA_2015-12-31,TSLA,2015-12-31,15.900667190551758,16.229999542236328,15.891332626342772,16.000667572021484,40725000.0,0.0005420176378467,-0.1428825691132933,-0.0711702757377232,0.0080641934262446,0.0273750118684082,-0.0273750118684082
TSLA_2016-01-04,TSLA,2016-01-04,15.381333351135254,15.425333023071287,14.600000381469728,14.894000053405762,102406500.0,-0.0975885912250487,-0.2013084791605703,-0.1494485351928095,-0.0691638341734456,0.0284351771453884,-0.0284351771453884
TSLA_2016-01-05,TSLA,2016-01-05,15.09066677093506,15.12600040435791,14.666666984558104,14.895333290100098,47802000.0,-0.0923014364043932,-0.1659325425327229,-0.1291169894685581,8.951501876963697e-05,0.0284297784417981,-0.0284297784417981
TSLA_2016-01-06,TSLA,2016-01-06,14.666666984558104,14.670000076293944,14.398667335510254,14.602666854858398,56686500.0,-0.0928518388049536,-0.140884843378745,-0.1168683410918493,-0.0196481964882393,0.028435920471897,-0.028435920471897
TSLA_2016-01-07,TSLA,2016-01-07,14.279333114624023,14.562666893005373,14.244667053222656,14.376667022705078,53314500.0,-0.0703138090550835,-0.1638880624845951,-0.1171009357698393,-0.0154766135802193,0.0280756030740929,-0.0280756030740929
TSLA_2016-01-08,TSLA,2016-01-08,14.52400016784668,14.696000099182127,14.0513334274292,14.06666660308838,54421500.0,-0.069336647637558,-0.1857997323676694,-0.1275681900026137,-0.0215627460194434,0.0280630230220581,-0.0280630230220581
TSLA_2016-01-11,TSLA,2016-01-11,14.267333030700684,14.296667098999023,13.533332824707031,13.856666564941406,61371000.0,-0.0581812171241333,-0.2071635580579441,-0.1326723875910387,-0.0149289127319522,0.0279279222621915,-0.0279279222621915
TSLA_2016-01-12,TSLA,2016-01-12,14.106666564941406,14.249333381652832,13.687333106994627,13.998000144958496,46378500.0,-0.0260227944887549,-0.209599047510323,-0.1178109209995389,0.010199681096078,0.0278088166227294,-0.0278088166227294
TSLA_2016-01-13,TSLA,2016-01-13,14.133999824523926,14.17666721343994,13.333333015441896,13.354000091552734,61896000.0,-0.0863854064733889,-0.2387702624978118,-0.1625778344856004,-0.046006575706295,0.0283141389256349,-0.0283141389256349
TSLA_2016-01-14,TSLA,2016-01-14,13.480667114257812,14.0,12.892000198364258,13.745332717895508,97360500.0,-0.0493360897897904,-0.2268637254962965,-0.1380999076430434,0.0293045247611101,0.0285411076268798,-0.0285411076268798
TSLA_2016-01-15,TSLA,2016-01-15,13.264666557312012,13.67133331298828,13.149999618530272,13.666000366210938,83679000.0,-0.0737426708181729,-0.2536590645290557,-0.1637008676736143,-0.0057715846762504,0.0284232897738223,-0.0284232897738223
TSLA_2016-01-19,TSLA,2016-01-19,13.913999557495115,14.031332969665527,13.385333061218262,13.64799976348877,60580500.0,-0.0981895122416457,-0.2747112673786417,-0.1864503898101437,-0.0013171814898143,0.0282188974825928,-0.0282188974825928
TSLA_2016-01-20,TSLA,2016-01-20,13.293333053588867,13.41866683959961,12.75,13.24666690826416,87579000.0,-0.1288908374895094,-0.2551635851620611,-0.1920272113257853,-0.0294059834539459,0.0284288583236978,-0.0284288583236978
TSLA_2016-01-21,TSLA,2016-01-21,13.436667442321776,13.548666954040527,13.001333236694336,13.33133316040039,47493000.0,-0.0613059093427852,-0.2534811676289032,-0.1573935384858442,0.0063915136330188,0.027226984399956,-0.027226984399956
TSLA_2016-01-22,TSLA,2016-01-22,13.653332710266112,13.699999809265137,13.268667221069336,13.50333309173584,46861500.0,-0.0358893680562671,-0.2419536139527119,-0.1389214910044895,0.0129019303070423,0.0272267247940858,-0.0272267247940858
TSLA_2016-01-25,TSLA,2016-01-25,13.337332725524902,13.571332931518556,13.058667182922363,13.092000007629396,40480500.0,-0.0724542021138623,-0.2600881752578918,-0.1662711886858771,-0.0304615965045091,0.0274707713672084,-0.0274707713672084
TSLA_2016-01-26,TSLA,2016-01-26,13.113332748413086,13.187999725341797,12.592000007629396,12.904000282287598,74463000.0,-0.074274191065546,-0.23497089335025,-0.154622542207898,-0.0143598934641187,0.0274850437856008,-0.0274850437856008
TSLA_2016-01-27,TSLA,2016-01-27,12.825332641601562,12.883999824523926,12.38466739654541,12.538000106811523,54258000.0,-0.1263123792802454,-0.2898195033993689,-0.2080659413398071,-0.0283633111802126,0.0274207600412133,-0.0274207600412133
TSLA_2016-01-28,TSLA,2016-01-28,12.719332695007324,12.751999855041504,12.160667419433594,12.646666526794434,68892000.0,-0.0981696796837436,-0.2809491131121331,-0.1895593963979384,0.008666965948092,0.0273179213072522,-0.0273179213072522
TSLA_2016-01-29,TSLA,2016-01-29,12.66333293914795,12.916000366210938,12.538666725158691,12.74666690826416,42784500.0,-0.1021787960663352,-0.2833314173340313,-0.1927551067001833,0.0079072521804743,0.0272874228044977,-0.0272874228044977
TSLA_2016-02-01,TSLA,2016-02-01,12.583999633789062,13.3013334274292,12.18333339691162,13.129332542419434,79464000.0,-0.0694137018969165,-0.2600413948032043,-0.1647275483500604,0.0300208389306209,0.0275636006348351,-0.0275636006348351
TSLA_2016-02-02,TSLA,2016-02-02,12.82800006866455,12.874667167663574,12.01533317565918,12.185333251953123,86604000.0,-0.1167061112146146,-0.2969729542596164,-0.2068395327371155,-0.0719000213770465,0.0288670389502942,-0.0288670389502942
TSLA_2016-02-03,TSLA,2016-02-03,12.239333152770996,12.262666702270508,11.345333099365234,11.565333366394045,118971000.0,-0.18854955217479,-0.3485053605497958,-0.2685274563622929,-0.0508808313026402,0.0291769340983133,-0.0291769340983133
TSLA_2016-02-04,TSLA,2016-02-04,11.380000114440918,11.732000350952148,11.13266658782959,11.68866729736328,65781000.0,-0.1584832967277575,-0.3509421156805196,-0.2547127062041385,0.0106641051374802,0.0290813340874624,-0.0290813340874624
TSLA_2016-02-05,TSLA,2016-02-05,11.420000076293944,11.533332824707031,10.515999794006348,10.84000015258789,141564000.0,-0.2980183992068729,-0.3393734902562134,-0.3186959447315431,-0.0726059800647102,0.0265870579500616,-0.0265870579500616
TSLA_2016-02-08,TSLA,2016-02-08,10.473333358764648,10.476667404174805,9.733332633972168,9.866000175476074,139695000.0,-0.3614790292766334,-0.389757122738956,-0.3756180760077947,-0.0898523951477332,0.0286299162291623,-0.0286299162291623
TSLA_2016-02-09,TSLA,2016-02-09,9.48799991607666,10.652667045593262,9.403332710266112,9.883333206176758,129774000.0,-0.3619814442304327,-0.3852119261729375,-0.3735966852016851,0.0017568447590106,0.0286259864540639,-0.0286259864540639
TSLA_2016-02-10,TSLA,2016-02-10,10.033332824707031,10.33133316040039,9.449333190917969,9.57800006866455,156097500.0,-0.3624018193835348,-0.394742392833377,-0.3785721061084559,-0.030893741123833,0.0286345792357939,-0.0286345792357939
TSLA_2016-02-11,TSLA,2016-02-11,10.133333206176758,10.883999824523926,9.800000190734863,10.031332969665527,213786000.0,-0.3049884809137723,-0.3682244107706695,-0.3366064458422209,0.0473306429057256,0.0291222615076233,-0.0291222615076233
TSLA_2016-02-12,TSLA,2016-02-12,10.333333015441896,10.46733283996582,9.579999923706056,10.06933307647705,108537000.0,-0.3105714980840105,-0.3771803487331028,-0.3438759234085566,0.0037881413094784,0.0290625443207953,-0.0290625443207953
TSLA_2016-02-16,TSLA,2016-02-16,10.579999923706056,10.863332748413086,10.27400016784668,10.344667434692385,83907000.0,-0.2712970299790029,-0.3618341752652284,-0.3165656026221157,0.027343852480016,0.0292060747383192,-0.0292060747383192
TSLA_2016-02-17,TSLA,2016-02-17,10.600000381469728,11.28933334350586,10.445332527160645,11.245332717895508,87378000.0,-0.1858681017211776,-0.3384838630846898,-0.2621759824029337,0.0870656586003535,0.0312575735911117,-0.0312575735911117
TSLA_2016-02-18,TSLA,2016-02-18,11.494667053222656,11.529999732971191,10.98466682434082,11.118000030517578,58314000.0,-0.2218281471754823,-0.3603482301424893,-0.2910881886589858,-0.0113231587336937,0.0309101079828756,-0.0309101079828756
TSLA_2016-02-19,TSLA,2016-02-19,10.910667419433594,11.166000366210938,10.833333015441896,11.10533332824707,44391000.0,-0.2215888235614587,-0.347384907293888,-0.2844868654276734,-0.0011392968371775,0.0309104610740757,-0.0309104610740757
TSLA_2016-02-22,TSLA,2016-02-22,11.341333389282228,11.927332878112791,11.32333278656006,11.849332809448242,75901500.0,-0.1960012975354527,-0.2660830658335384,-0.2310421816844955,0.0669947906299008,0.0318398531323255,-0.0318398531323255
TSLA_2016-02-23,TSLA,2016-02-23,11.744000434875488,12.11533260345459,11.57866668701172,11.814000129699709,89766000.0,-0.2010369724650407,-0.2320925876920476,-0.2165647800785441,-0.0029818286241702,0.0318297769636596,-0.0318297769636596
TSLA_2016-02-24,TSLA,2016-02-24,11.516667366027832,11.966667175292969,11.189332962036133,11.93333339691162,80934000.0,-0.1864005758717613,-0.1821629265439847,-0.184281751207873,0.0101010043932463,0.0318659038512486,-0.0318659038512486
TSLA_2016-02-25,TSLA,2016-02-25,11.90999984741211,12.567999839782717,11.68000030517578,12.495332717895508,86260500.0,-0.139242334150515,-0.1481616663238241,-0.1437020002371695,0.0470949149153359,0.032462029636738,-0.032462029636738
TSLA_2016-02-26,TSLA,2016-02-26,12.579999923706056,12.800000190734863,12.333333015441896,12.689332962036133,90976500.0,-0.1278809075125349,-0.1534424625360785,-0.1406616850243067,0.015525816600528,0.0325320353279502,-0.0325320353279502
TSLA_2016-02-29,TSLA,2016-02-29,12.826666831970217,13.09000015258789,12.614666938781738,12.795332908630373,67485000.0,-0.1642135528694669,-0.2101321234750589,-0.1871728381722629,0.0083534687687185,0.0318231289184633,-0.0318231289184633
TSLA_2016-03-01,TSLA,2016-03-01,12.949999809265137,13.063332557678224,12.18000030517578,12.423333168029783,100683000.0,-0.195414741772027,-0.2500402129877876,-0.2227274773799073,-0.0290730802595747,0.0319679654351907,-0.0319679654351907
TSLA_2016-03-02,TSLA,2016-03-02,12.248666763305664,12.567999839782717,12.100000381469728,12.555999755859377,72936000.0,-0.1820551018396043,-0.2437966943732296,-0.212925898106417,0.0106788239545083,0.032011519917689,-0.032011519917689
TSLA_2016-03-03,TSLA,2016-03-03,12.552000045776367,13.161333084106444,12.281332969665527,13.04933261871338,72435000.0,-0.1747544732959837,-0.1797343587600257,-0.1772444160280047,0.0392906078724464,0.0321838370935456,-0.0321838370935456
TSLA_2016-03-04,TSLA,2016-03-04,13.199999809265137,13.60200023651123,13.166666984558104,13.402667045593262,97336500.0,-0.1334108761545404,-0.1883402428421581,-0.1608755594983492,0.0270768197274076,0.0322995082968724,-0.0322995082968724
TSLA_2016-03-07,TSLA,2016-03-07,13.178667068481444,13.979999542236328,13.15999984741211,13.685999870300291,79941000.0,-0.1178290625149069,-0.1640264989206358,-0.1409277807177714,0.0211400330802209,0.0324229509302754,-0.0324229509302754
TSLA_2016-03-08,TSLA,2016-03-08,13.56666660308838,13.833333015441896,13.479999542236328,13.506667137145996,62680500.0,-0.1205833938228087,-0.1625677161734882,-0.1415755549981484,-0.0131033709523453,0.0324384255380558,-0.0324384255380558
TSLA_2016-03-09,TSLA,2016-03-09,13.63466739654541,13.958000183105469,13.519332885742188,13.914667129516602,48129000.0,-0.0969583883502283,-0.158963566542966,-0.1279609774465971,0.0302073034174747,0.0326791988149821,-0.0326791988149821
TSLA_2016-03-10,TSLA,2016-03-10,14.0,14.219332695007324,13.378000259399414,13.678667068481444,77887500.0,-0.0950070468715229,-0.1756859598840695,-0.1353465033777962,-0.0169605250947427,0.0326614627794774,-0.0326614627794774
TSLA_2016-03-11,TSLA,2016-03-11,13.862000465393066,13.961333274841309,13.68866729736328,13.833333015441896,50146500.0,-0.0758062109376144,-0.1649227029805968,-0.1203644569591056,0.0113070919985205,0.0326789883367703,-0.0326789883367703
TSLA_2016-03-14,TSLA,2016-03-14,14.17666721343994,14.447999954223633,14.042667388916016,14.34333324432373,60985500.0,-0.0524948021346227,-0.140225394734044,-0.0963600984343334,0.0368674872724115,0.0329876534073375,-0.0329876534073375
TSLA_2016-03-15,TSLA,2016-03-15,14.284667015075684,14.597999572753906,14.100000381469728,14.555999755859377,47707500.0,0.0060823431964489,-0.1376436895907082,-0.0657806731971296,0.0148268542543839,0.0325552558065216,-0.0325552558065216
TSLA_2016-03-16,TSLA,2016-03-16,14.533332824707031,14.838666915893556,14.468000411987305,14.795332908630373,52750500.0,0.0153261985769623,-0.1247782050011993,-0.0547260032121184,0.016442233909399,0.0326061987999391,-0.0326061987999391
TSLA_2016-03-17,TSLA,2016-03-17,14.764666557312012,15.233332633972168,14.666666984558104,15.092000007629396,56743500.0,0.023926920655301,-0.1367778958188371,-0.056425487581768,0.0200513973447649,0.0326694189014265,-0.0326694189014265
TSLA_2016-03-18,TSLA,2016-03-18,15.273332595825195,15.631999969482422,15.20400047302246,15.515999794006348,70677000.0,-0.0075476545888455,-0.1119166354621883,-0.0597321450255169,0.0280943404560434,0.0319573923053067,-0.0319573923053067
TSLA_2016-03-21,TSLA,2016-03-21,15.689332962036133,15.991999626159668,15.666666984558104,15.887999534606934,79617000.0,0.0211234434169531,-0.0855651936602575,-0.0322208751216521,0.0239752349535531,0.0320874983378229,-0.0320874983378229
TSLA_2016-03-22,TSLA,2016-03-22,15.814000129699709,15.932666778564451,15.503999710083008,15.616000175476074,64740000.0,0.016401968874365,-0.1133989007910479,-0.0484984659583414,-0.0171197990369017,0.0321233817790221,-0.0321233817790221
TSLA_2016-03-23,TSLA,2016-03-23,15.4913330078125,15.648667335510254,14.802000045776367,14.838666915893556,74232000.0,-0.0429136227187074,-0.1470069559676131,-0.0949602893431603,-0.0497780001823559,0.0327278855239239,-0.0327278855239239
TSLA_2016-03-24,TSLA,2016-03-24,14.385333061218262,15.259332656860352,14.333333015441896,15.18333339691162,74413500.0,-0.0095672881620588,-0.127595151538,-0.0685812198500294,0.023227590657008,0.0328277793751035,-0.0328277793751035
TSLA_2016-03-28,TSLA,2016-03-28,15.440667152404783,15.654000282287598,15.0,15.350666999816896,58885500.0,0.0024380350911894,-0.1248859102874831,-0.0612239375981468,0.0110208739102912,0.032854465640238,-0.032854465640238
TSLA_2016-03-29,TSLA,2016-03-29,15.326000213623049,15.491999626159668,15.022000312805176,15.342000007629396,60214500.0,-0.0019082999757227,-0.1042388042747743,-0.0530735521252485,-0.0005646003647661,0.0328521777173044,-0.0328521777173044
TSLA_2016-03-30,TSLA,2016-03-30,15.672666549682615,15.699999809265137,15.100000381469728,15.12600040435791,60495000.0,-0.0089975704110619,-0.0867044950178838,-0.0478510327144728,-0.0140789729607659,0.0328902545374956,-0.0328902545374956
TSLA_2016-03-31,TSLA,2016-03-31,15.28933334350586,15.82800006866455,15.000666618347168,15.317999839782717,120193500.0,-0.0312829617274407,-0.068437028841757,-0.0498599952845988,0.0126933379804412,0.0326133834745506,-0.0326133834745506
TSLA_2016-04-01,TSLA,2016-04-01,16.32200050354004,16.52666664123535,15.550000190734863,15.839332580566406,239962500.0,-0.0021001342369947,-0.0435185331290688,-0.0228093336830317,0.0340339957067843,0.0328911097242659,-0.0328911097242659
TSLA_2016-04-04,TSLA,2016-04-04,16.607999801635742,16.808000564575195,16.242666244506836,16.465999603271484,202129500.0,0.0290820385559207,0.0296398191716094,0.029360928863765,0.0395639790703017,0.0332453989383889,-0.0332453989383889
TSLA_2016-04-05,TSLA,2016-04-05,16.03333282470703,17.104000091552734,16.0,17.031333923339844,149230500.0,0.1435030121035447,0.0319101640907599,0.0877065880971523,0.0343334345736312,0.03226481207162,-0.03226481207162
TSLA_2016-04-06,TSLA,2016-04-06,16.931333541870117,17.849332809448242,16.89666748046875,17.69466781616211,175582500.0,0.187933661606789,0.078285678287352,0.1331096699470705,0.0389478531633524,0.0325849630362413,-0.0325849630362413
TSLA_2016-04-07,TSLA,2016-04-07,17.76333236694336,17.95599937438965,16.96733283996582,17.14666748046875,132843000.0,0.1742147958928437,0.0651867929422098,0.1197007944175267,-0.030969800698537,0.0327441939573885,-0.0327441939573885
TSLA_2016-04-08,TSLA,2016-04-08,17.366666793823242,17.38800048828125,16.534666061401367,16.67133331298828,110458500.0,0.1596104498114365,0.0780738220651156,0.118842135938276,-0.0277216647504191,0.0328921548866772,-0.0328921548866772
TSLA_2016-04-11,TSLA,2016-04-11,16.733333587646484,17.266000747680664,16.35333251953125,16.661333084106445,137425500.0,0.1844549639392461,0.1023288274620339,0.14339189570064,-0.0005998457768249,0.032746506398813,-0.032746506398813
TSLA_2016-04-12,TSLA,2016-04-12,16.633333206176758,16.786666870117188,16.242000579833984,16.521333694458008,86448000.0,0.1923021757814715,0.1229325840147532,0.1576173798981124,-0.0084026523533092,0.0326984462781703,-0.0326984462781703
TSLA_2016-04-13,TSLA,2016-04-13,16.567333221435547,17.03333282470703,16.488666534423828,16.968666076660156,73884000.0,0.2122207387439962,0.1806753675846546,0.1964480531643254,0.0270760454618868,0.0328245499843945,-0.0328245499843945
TSLA_2016-04-14,TSLA,2016-04-14,16.866666793823242,17.12266731262207,16.73666763305664,16.790666580200195,61983000.0,0.2573510906908989,0.1487343056418066,0.2030426981663528,-0.0104898932924841,0.0322590502563754,-0.0322590502563754
TSLA_2016-04-15,TSLA,2016-04-15,16.753999710083008,16.97333335876465,16.607999801635742,16.96733283996582,56286000.0,0.2344068483606427,0.1735060412527898,0.2039564448067162,0.0105216942354124,0.0321093438845863,-0.0321093438845863
TSLA_2016-04-18,TSLA,2016-04-18,16.815332412719727,17.220666885375977,16.777332305908203,16.92533302307129,64071000.0,0.2384993831054638,0.1471691307886073,0.1928342569470356,-0.0024753340604954,0.0320960795190648,-0.0320960795190648
TSLA_2016-04-19,TSLA,2016-04-19,16.874666213989258,16.95800018310547,16.083332061767578,16.4913330078125,95362500.0,0.2083333304218129,0.0896876700823718,0.1490105002520924,-0.0256420369789589,0.032305628501248,-0.032305628501248
TSLA_2016-04-20,TSLA,2016-04-20,16.417333602905273,16.910667419433594,16.100000381469727,16.6646671295166,77911500.0,0.2580271886447196,0.0958790107157285,0.1769530996802241,0.0105106192217443,0.0320396691212957,-0.0320396691212957
TSLA_2016-04-21,TSLA,2016-04-21,16.599332809448242,16.726667404174805,16.46066665649414,16.55266761779785,41746500.0,0.2416363328887589,0.1655166884279724,0.2035765106583656,-0.0067207770097235,0.0320675135306819,-0.0320675135306819
TSLA_2016-04-22,TSLA,2016-04-22,16.592666625976562,16.933332443237305,16.380666732788086,16.916667938232422,56794500.0,0.2527772086571407,0.2078158263231415,0.2302965174901411,0.0219904325296296,0.0321288130467926,-0.0321288130467926
TSLA_2016-04-25,TSLA,2016-04-25,16.867332458496094,17.158666610717773,16.71733283996582,16.788000106811523,55054500.0,0.2823098149273046,0.1894010804239725,0.2358554476756386,-0.0076059796108016,0.0318602262712334,-0.0318602262712334
TSLA_2016-04-26,TSLA,2016-04-26,16.803333282470703,17.048667907714844,16.625999450683594,16.916000366210938,48357000.0,0.3109113450214602,0.2135444653113443,0.2622279051664022,0.0076245090889341,0.0317710583166429,-0.0317710583166429
TSLA_2016-04-27,TSLA,2016-04-27,16.850000381469727,17.0,16.626667022705078,16.764667510986328,48087000.0,0.3371085793721267,0.1682152133556045,0.2526618963638656,-0.0089461369087512,0.0315374037774666,-0.0315374037774666
TSLA_2016-04-28,TSLA,2016-04-28,16.656667709350586,16.89533233642578,16.496000289916992,16.513999938964844,37785000.0,0.3057986390308236,0.1776088049056992,0.2417037219682614,-0.0149521350099675,0.0316347440700963,-0.0316347440700963
TSLA_2016-04-29,TSLA,2016-04-29,16.542667388916016,16.562000274658203,15.854000091552734,16.05066680908203,81207000.0,0.2592050082265631,0.130540956485273,0.1948729823559181,-0.0280569899234149,0.031900063546714,-0.031900063546714
TSLA_2016-05-02,TSLA,2016-05-02,16.100000381469727,16.21266746520996,15.654666900634766,16.1200008392334,57658500.0,0.2277852500994581,0.1425601307556232,0.1851726904275407,0.0043196978029682,0.0317280119351114,-0.0317280119351114
TSLA_2016-05-03,TSLA,2016-05-03,15.824000358581545,15.927332878112791,15.441332817077637,15.48799991607666,64533000.0,0.271036220006061,0.1226985255562302,0.1968673727811456,-0.0392060105616467,0.0307219274477183,-0.0307219274477183
TSLA_2016-05-04,TSLA,2016-05-04,15.352666854858398,15.630666732788086,14.69333267211914,14.837332725524902,130507500.0,0.2829144007762427,0.041021465031293,0.1619679329037678,-0.0420110533366132,0.0304844653156889,-0.0304844653156889
TSLA_2016-05-05,TSLA,2016-05-05,15.230667114257812,15.242667198181152,13.986000061035156,14.10200023651123,168822000.0,0.2064677587061056,0.0152627709106134,0.1108652648083595,-0.0495596144277783,0.0312209107159348,-0.0312209107159348
TSLA_2016-05-06,TSLA,2016-05-06,14.05799961090088,14.424667358398438,13.87399959564209,14.32866668701172,85278000.0,0.3218327015974223,-0.0720977641519377,0.1248674687227422,0.0160733546092015,0.0296977849903947,-0.0296977849903947
TSLA_2016-05-09,TSLA,2016-05-09,14.381333351135254,14.40999984741211,13.786666870117188,13.928000450134276,71646000.0,0.4117170284220264,-0.0985890726252611,0.1565639778983826,-0.0279625624372036,0.0274525549523464,-0.0274525549523464
TSLA_2016-05-10,TSLA,2016-05-10,13.83666706085205,13.964667320251465,13.666666984558104,13.912667274475098,61059000.0,0.4076897929314109,-0.10186779134234,0.1529110007945354,-0.0011008885097379,0.0274617963628983,-0.0274617963628983
TSLA_2016-05-11,TSLA,2016-05-11,13.839332580566406,14.36533260345459,13.736666679382324,13.93066692352295,77428500.0,0.4544442288216945,-0.0726490058951698,0.1908976114632623,0.0012937597581215,0.0270644625289197,-0.0270644625289197
TSLA_2016-05-12,TSLA,2016-05-12,14.095999717712402,14.111332893371582,13.577333450317385,13.8186674118042,54757500.0,0.3775504664825169,-0.0425865576720443,0.1674819544052362,-0.0080397810337157,0.0266064167102391,-0.0266064167102391
TSLA_2016-05-13,TSLA,2016-05-13,13.85200023651123,14.079999923706056,13.779999732971191,13.84066677093506,42342000.0,0.3745365920279482,-0.052355296529462,0.1610906477492431,0.00159200293887,0.026610057480176,-0.026610057480176
TSLA_2016-05-16,TSLA,2016-05-16,13.876667022705078,14.210000038146973,13.861332893371582,13.88599967956543,44241000.0,0.3423340834521813,-0.0218371666279826,0.1602484584120993,0.003275341382076,0.0264624046404287,-0.0264624046404287
TSLA_2016-05-17,TSLA,2016-05-17,13.936667442321776,13.98799991607666,13.601332664489746,13.644000053405762,42654000.0,0.2133033673332831,-0.0122110263648668,0.1005461704842081,-0.0174275984260459,0.0244343388501745,-0.0244343388501745
TSLA_2016-05-18,TSLA,2016-05-18,13.94333267211914,14.354000091552734,13.850000381469728,14.07800006866455,84262500.0,0.2662349370410259,-0.0146516129316484,0.1257916620546887,0.0318088547024342,0.0246196577113087,-0.0246196577113087
TSLA_2016-05-19,TSLA,2016-05-19,14.2413330078125,14.452667236328123,13.81999969482422,14.347332954406738,102994500.0,0.2919317710089304,0.0056541297493897,0.14879295037916,0.019131473535199,0.024683103213282,-0.024683103213282
TSLA_2016-05-20,TSLA,2016-05-20,14.465999603271484,14.703332901000977,14.423333168029783,14.685333251953123,135106500.0,0.2393384073273352,-0.0035735285943437,0.1178824393664957,0.0235584061944118,0.0234831830974621,-0.0234831830974621
TSLA_2016-05-23,TSLA,2016-05-23,14.657999992370604,14.84000015258789,14.390666961669922,14.414667129516602,76537500.0,0.22013432971606,-0.0251577819307183,0.0974882738926708,-0.0184310507492585,0.0236340926270309,-0.0236340926270309
TSLA_2016-05-24,TSLA,2016-05-24,14.4399995803833,14.582667350769045,14.345333099365234,14.52733325958252,45207000.0,0.217374289009828,-0.0095449795130797,0.1039146547483741,0.0078160757410217,0.0236254552525394,-0.0236254552525394
TSLA_2016-05-25,TSLA,2016-05-25,14.52733325958252,14.757332801818848,14.434000015258787,14.638667106628418,46902000.0,0.1715307977084339,0.0084041149062967,0.0899674563073653,0.0076637497781955,0.0229622723647925,-0.0229622723647925
TSLA_2016-05-26,TSLA,2016-05-26,14.699999809265137,15.017333030700684,14.603333473205566,15.008000373840332,61086000.0,0.182725712907146,0.0314776754021703,0.1071016941546582,0.0252299792407109,0.0230814160248673,-0.0230814160248673
TSLA_2016-05-27,TSLA,2016-05-27,14.999333381652832,15.062000274658203,14.716667175292969,14.869333267211914,54754500.0,0.1620903788429484,-0.0287406110222769,0.0666748839103357,-0.0092395457872003,0.0231211383375645,-0.0231211383375645
TSLA_2016-05-31,TSLA,2016-05-31,14.869333267211914,14.983332633972168,14.766667366027832,14.881999969482422,41835000.0,0.1979071774215774,-0.0361815443211177,0.0808628165502298,0.0008518675345341,0.022763507043812,-0.022763507043812
TSLA_2016-06-01,TSLA,2016-06-01,14.76533317565918,14.826666831970217,14.459333419799805,14.637332916259766,44740500.0,0.1657640332008698,-0.0464692565844623,0.0596473883082037,-0.0164404686012887,0.0228745273576534,-0.0228745273576534
TSLA_2016-06-02,TSLA,2016-06-02,14.63933277130127,14.660667419433594,14.473999977111816,14.597332954406738,30492000.0,0.1186267819913984,-0.0768582521102895,0.0208842649405544,-0.0027327356754038,0.0223979335426269,-0.0223979335426269
TSLA_2016-06-03,TSLA,2016-06-03,14.666666984558104,14.79599952697754,14.534000396728516,14.599332809448242,33435000.0,0.0892856444007865,-0.0560369078012854,0.0166243682997505,0.000137001399348,0.0221679915361387,-0.0221679915361387
TSLA_2016-06-06,TSLA,2016-06-06,14.533332824707031,14.726667404174805,14.363332748413086,14.711999893188477,33742500.0,0.0749671220671781,-0.0516952461603451,0.0116359379534164,0.0077172762078085,0.0220413131016783,-0.0220413131016783
TSLA_2016-06-07,TSLA,2016-06-07,14.815999984741213,15.629332542419434,14.767999649047852,15.489333152770996,93204000.0,0.1467916544839014,0.0085076247785587,0.07764963963123,0.052836681975672,0.0228913122415429,-0.0228913122415429
TSLA_2016-06-08,TSLA,2016-06-08,15.58666706085205,16.05666732788086,15.507332801818848,15.701333045959473,89580000.0,0.1284016282827844,0.0189936249927122,0.0736976266377483,0.0136868315180211,0.0226615047142826,-0.0226615047142826
TSLA_2016-06-09,TSLA,2016-06-09,15.665332794189451,15.68866729736328,15.137332916259766,15.290666580200195,67381500.0,0.117847704286417,0.011644295050053,0.064745999668235,-0.0261548789874854,0.0228157912551978,-0.0228157912551978
TSLA_2016-06-10,TSLA,2016-06-10,15.15933322906494,15.197999954223633,14.56133270263672,14.586000442504885,90399000.0,0.0544096947729662,-0.025521108963659,0.0144442929046536,-0.0460847232525349,0.0235724757365614,-0.0235724757365614
TSLA_2016-06-13,TSLA,2016-06-13,14.633333206176758,15.0513334274292,14.510666847229004,14.524666786193848,62895000.0,0.0126423571690965,-0.0405161030036331,-0.0139368729172683,-0.0042049673968407,0.0231315831896765,-0.0231315831896765
TSLA_2016-06-14,TSLA,2016-06-14,14.592000007629396,14.813332557678224,14.16866683959961,14.330666542053224,53703000.0,-0.0154804353933467,-0.0094922495177905,-0.0124863424555686,-0.0133566054902565,0.023121849471027,-0.023121849471027
TSLA_2016-06-15,TSLA,2016-06-15,14.463333129882812,14.793333053588867,14.342000007629396,14.513333320617676,43627500.0,-0.0190600366855011,-0.0040259560156649,-0.011542996350583,0.0127465654181833,0.023084160993844,-0.023084160993844
TSLA_2016-06-16,TSLA,2016-06-16,14.494667053222656,14.53600025177002,14.233332633972168,14.528667449951172,36604500.0,-0.0373265675452852,-0.0142927567099749,-0.0258096621276301,0.0010565546173815,0.0229410834719699,-0.0229410834719699
TSLA_2016-06-17,TSLA,2016-06-17,14.52066707611084,14.666000366210938,14.300000190734863,14.364666938781738,46689000.0,-0.0742029434461165,-0.0811905398483551,-0.0776967416472358,-0.0112880628408894,0.0226888509419585,-0.0226888509419585
TSLA_2016-06-20,TSLA,2016-06-20,14.633333206176758,14.916666984558104,14.548666954040527,14.646666526794434,53332500.0,-0.078130226848802,-0.0586571628578432,-0.0683936948533226,0.0196314741730176,0.0226183161912819,-0.0226183161912819
TSLA_2016-06-21,TSLA,2016-06-21,14.711999893188477,14.838000297546388,14.587332725524902,14.640666961669922,67935000.0,-0.0624573003871919,-0.0470797542097545,-0.0547685272984732,-0.0004096198348979,0.0225244699890281,-0.0225244699890281
TSLA_2016-06-22,TSLA,2016-06-22,13.29800033569336,13.729999542236328,13.050000190734863,13.11066722869873,356136000.0,-0.1164524884202354,-0.1543687129862222,-0.1354106007032288,-0.1045034175681214,0.0253258782822544,-0.0253258782822544
TSLA_2016-06-23,TSLA,2016-06-23,13.04599952697754,13.170000076293944,12.808667182922363,13.09333324432373,151960500.0,-0.137650942513915,-0.1459012844431644,-0.1417761134785397,-0.0013221283152589,0.0251251303717894,-0.0251251303717894
TSLA_2016-06-24,TSLA,2016-06-24,12.670000076293944,13.008000373840332,12.648667335510254,12.876667022705078,105397500.0,-0.1611656338543027,-0.159120526233944,-0.1601430800441233,-0.016547827629193,0.0251342179980249,-0.0251342179980249
TSLA_2016-06-27,TSLA,2016-06-27,12.723999977111816,13.253999710083008,12.524666786193848,13.236666679382324,108081000.0,-0.1372267844609643,-0.1388732145672316,-0.138049999514098,0.0279575185133287,0.0254242735355137,-0.0254242735355137
TSLA_2016-06-28,TSLA,2016-06-28,13.459333419799805,13.603333473205566,13.293999671936035,13.452667236328123,93186000.0,-0.1106262807944714,-0.1186284834547712,-0.1146273821246213,0.0163183497913599,0.0254800277207975,-0.0254800277207975
TSLA_2016-06-29,TSLA,2016-06-29,13.675333023071287,14.118666648864746,13.533332824707031,14.012666702270508,89923500.0,-0.0852156385406206,-0.1138328027090157,-0.0995242206248182,0.0416273929998163,0.0259961353682785,-0.0259961353682785
TSLA_2016-06-30,TSLA,2016-06-30,14.197999954223633,14.233332633972168,13.934666633605955,14.152000427246094,72646500.0,-0.1065279830913162,-0.1084043942638228,-0.1074661886775695,0.0099434124807242,0.025646207094601,-0.025646207094601
TSLA_2016-07-01,TSLA,2016-07-01,13.742667198181152,14.54933261871338,13.733332633972168,14.43333339691162,81000000.0,-0.1234462683915049,-0.0979542989725303,-0.1107002836820176,0.0198793782625874,0.0252553151408997,-0.0252553151408997
TSLA_2016-07-05,TSLA,2016-07-05,13.982000350952148,14.302666664123535,13.866666793823242,14.26533317565918,77629500.0,-0.1624065830739258,-0.0422094048269341,-0.10230799395043,-0.011639738141737,0.0248563657069889,-0.0248563657069889
TSLA_2016-07-06,TSLA,2016-07-06,14.0,14.34866714477539,13.93333339691162,14.29599952697754,73798500.0,-0.1920730202168736,-0.0402363445953164,-0.116154682406095,0.0021497115378059,0.0242926728204139,-0.0242926728204139
TSLA_2016-07-07,TSLA,2016-07-07,14.206666946411133,14.541333198547363,14.20066738128662,14.395999908447266,54180000.0,-0.1604199518743037,-0.0141526851543815,-0.0872863185143426,0.006994990541306,0.0240595058343534,-0.0240595058343534
TSLA_2016-07-08,TSLA,2016-07-08,14.520000457763672,14.654000282287598,14.300000190734863,14.45199966430664,61122000.0,-0.1331227447148816,0.0052399239324796,-0.0639414103912009,0.0038899525017721,0.0238533481518387,-0.0238533481518387
TSLA_2016-07-11,TSLA,2016-07-11,14.663999557495115,15.118666648864746,14.633999824523926,14.985333442687988,81447000.0,-0.1005921694835585,0.0653080694610273,-0.0176420500112656,0.0369038050629471,0.02435109557117,-0.02435109557117
TSLA_2016-07-12,TSLA,2016-07-12,14.9399995803833,15.166666984558104,14.881333351135254,14.976667404174805,68569500.0,-0.0934952540061189,0.0808275810047345,-0.0063338365006921,-0.0005783013468687,0.0243346646928491,-0.0243346646928491
TSLA_2016-07-13,TSLA,2016-07-13,15.033332824707031,15.03933334350586,14.685999870300291,14.835332870483398,53506500.0,-0.125721915708571,0.0598180252074418,-0.0329519452505646,-0.0094369815311521,0.024082435659568,-0.024082435659568
TSLA_2016-07-14,TSLA,2016-07-14,14.874667167663574,14.996000289916992,14.736666679382324,14.768667221069336,40137000.0,-0.1204240075563903,0.1059358334445024,-0.0072440870559439,-0.0044937076906916,0.0240595307931043,-0.0240595307931043
TSLA_2016-07-15,TSLA,2016-07-15,14.834667205810549,14.850000381469728,14.642666816711426,14.69333267211914,33513000.0,-0.1340222526012084,0.068968861916991,-0.0325266953421087,-0.0051009713891257,0.024011539781111,-0.024011539781111
TSLA_2016-07-18,TSLA,2016-07-18,14.642666816711426,15.13933277130127,14.553333282470703,15.083333015441896,51181500.0,-0.108830946198726,0.1037123233755576,-0.0025593114115841,0.0265426742880998,0.0242789373974082,-0.0242789373974082
TSLA_2016-07-19,TSLA,2016-07-19,15.0,15.273332595825195,14.983332633972168,15.017333030700684,46726500.0,-0.0893802809277778,0.1003321578943139,0.005475938483268,-0.0043756896883231,0.0240853665716672,-0.0240853665716672
TSLA_2016-07-20,TSLA,2016-07-20,15.097999572753906,15.31999969482422,15.0,15.223999977111816,38527500.0,-0.0864504007915684,0.1492702339796936,0.0314099165940626,0.0137618940719124,0.0241143145707896,-0.0241143145707896
TSLA_2016-07-21,TSLA,2016-07-21,15.06666660308838,15.1899995803833,14.606666564941406,14.699999809265137,66430500.0,-0.1119256334574542,0.1026653998063942,-0.0046301168255299,-0.0344193489644295,0.0244675936103378,-0.0244675936103378
TSLA_2016-07-22,TSLA,2016-07-22,14.79933261871338,14.966667175292969,14.592000007629396,14.817999839782717,38695500.0,-0.1240591886128249,0.0973586846384959,-0.0133502519871644,0.008027213064534,0.0243133834599498,-0.0243133834599498
TSLA_2016-07-25,TSLA,2016-07-25,14.817999839782717,15.425999641418455,14.758000373840332,15.333999633789062,67360500.0,-0.0866095105892046,0.1712495894327173,0.0423200394217563,0.0348224996346007,0.0247340325945725,-0.0247340325945725
TSLA_2016-07-26,TSLA,2016-07-26,15.179332733154297,15.333333015441896,15.020000457763672,15.300666809082031,51450000.0,-0.0954914591013768,0.1857305079328126,0.0451195244157179,-0.0021737854117056,0.0247088930064339,-0.0247088930064339
TSLA_2016-07-27,TSLA,2016-07-27,15.28933334350586,15.557332992553713,15.128000259399414,15.232666969299316,43335000.0,-0.091382697609902,0.214919990391758,0.0617686463909279,-0.0044442402825445,0.0246928839155963,-0.0246928839155963
TSLA_2016-07-28,TSLA,2016-07-28,15.196666717529297,15.383999824523926,15.106666564941406,15.37399959564209,36286500.0,-0.0690323572445291,0.2156562808918278,0.0733119618236493,0.0092782587991731,0.0246641293161716,-0.0246641293161716
TSLA_2016-07-29,TSLA,2016-07-29,15.380000114440918,15.685333251953123,15.349332809448242,15.652667045593262,46062000.0,-0.0247964628649302,0.227981178000739,0.1015923575679044,0.0181258915884297,0.0245277503575725,-0.0245277503575725
TSLA_2016-08-01,TSLA,2016-08-01,15.699999809265137,15.775333404541016,15.291999816894531,15.333999633789062,60244500.0,-0.0487593774518509,0.1679192056600433,0.0595799141040961,-0.0203586654514519,0.0246528388154679,-0.0246528388154679
TSLA_2016-08-02,TSLA,2016-08-02,15.291333198547363,15.324666976928713,14.760000228881836,15.146666526794434,59016000.0,-0.0220385712249339,0.2430243977419866,0.1104929132585263,-0.0122168456677038,0.0241994957693173,-0.0241994957693173
TSLA_2016-08-03,TSLA,2016-08-03,15.157999992370604,15.313332557678224,14.947333335876465,15.052666664123535,58317000.0,0.0145129817186204,0.3015333140212632,0.1580231478699418,-0.0062059769061801,0.0236116558126658,-0.0236116558126658
TSLA_2016-08-04,TSLA,2016-08-04,15.04599952697754,15.390666961669922,14.803333282470703,15.37399959564209,62205000.0,0.090199924677178,0.3152910596668403,0.2027454921720092,0.0213472428964642,0.0228646685049004,-0.0228646685049004
TSLA_2016-08-05,TSLA,2016-08-05,15.333333015441896,15.466667175292969,15.15999984741211,15.335332870483398,48078000.0,0.0702553981791045,0.4146985843743105,0.2424769912767075,-0.0025150726015142,0.0227951719143,-0.0227951719143
TSLA_2016-08-08,TSLA,2016-08-08,15.199999809265137,15.30666732788086,15.072667121887209,15.077333450317385,33954000.0,0.0825195981503597,0.5282113503094321,0.3053654742298959,-0.0168238552332044,0.0226066488192395,-0.0226066488192395
TSLA_2016-08-09,TSLA,2016-08-09,15.121333122253418,15.435999870300291,15.109999656677246,15.272000312805176,33117000.0,0.0977047040306915,0.5452277075167999,0.3214662057737457,0.0129112261879233,0.0226493712957044,-0.0226493712957044
TSLA_2016-08-10,TSLA,2016-08-10,15.215999603271484,15.324666976928713,14.974666595458984,15.043333053588867,35074500.0,0.0798717057965903,0.5706131703636896,0.32524243808014,-0.0149729737121978,0.0227470369177763,-0.0227470369177763
TSLA_2016-08-11,TSLA,2016-08-11,15.07800006866455,15.17133331298828,14.894000053405762,14.994000434875488,28213500.0,0.0850540061531037,0.494716652334932,0.2898853292440179,-0.0032793675801526,0.0227227951436373,-0.0227227951436373
TSLA_2016-08-12,TSLA,2016-08-12,15.02733325958252,15.109999656677246,14.935999870300291,15.040666580200195,27202500.0,0.0867010115282231,0.4937103049393279,0.2902056582337755,0.0031123211932262,0.0227236410370849,-0.0227236410370849
TSLA_2016-08-15,TSLA,2016-08-15,15.067999839782717,15.300000190734863,14.995332717895508,15.03933334350586,30514500.0,0.0830573016386908,0.4538247303213647,0.2684410159800278,-8.864212814152506e-05,0.0227235462744024,-0.0227235462744024
TSLA_2016-08-16,TSLA,2016-08-16,15.03266716003418,15.145999908447266,14.894000053405762,14.907333374023438,34006500.0,0.0925925912982041,0.3256462701455087,0.2091194307218564,-0.0087769827603043,0.0226331189254384,-0.0226331189254384
TSLA_2016-08-17,TSLA,2016-08-17,14.95533275604248,14.988666534423828,14.853333473205566,14.88266658782959,26806500.0,0.0571577294530707,0.3386100509964429,0.1978838902247568,-0.0016546746205348,0.0223045437001334,-0.0223045437001334
TSLA_2016-08-18,TSLA,2016-08-18,14.92133331298828,15.043999671936035,14.81933307647705,14.900667190551758,25717500.0,0.0385670450322312,0.341757761800002,0.1901624034161166,0.0012095011748021,0.0221852580501901,-0.0221852580501901
TSLA_2016-08-19,TSLA,2016-08-19,14.902667045593262,15.011333465576172,14.835332870483398,15.0,24892500.0,0.0214272800384034,0.265894058443487,0.1436606692409452,0.0066663330022715,0.022007731196939,-0.022007731196939
TSLA_2016-08-22,TSLA,2016-08-22,14.944666862487791,15.007332801818848,14.845333099365234,14.862000465393066,30982500.0,0.03103320609884,0.2579990098384088,0.1445161079686244,-0.0091999689737956,0.0219096238456487,-0.0219096238456487
TSLA_2016-08-23,TSLA,2016-08-23,14.954667091369627,15.232666969299316,14.853333473205566,14.989333152770996,71766000.0,0.03180211295034,0.2560893636517587,0.1439457383010494,0.0085676681059478,0.0219137504071828,-0.0219137504071828
TSLA_2016-08-24,TSLA,2016-08-24,15.136667251586914,15.143333435058594,14.814666748046877,14.841333389282228,38560500.0,0.0138445857930633,0.1877501563465242,0.1007973710697938,-0.0098736722961827,0.0219357440063099,-0.0219357440063099
TSLA_2016-08-25,TSLA,2016-08-25,14.87399959564209,14.920000076293944,14.718000411987305,14.730667114257812,26437500.0,-0.0184790280300048,0.1608700913065273,0.0711955316382612,-0.0074566261751342,0.0217259938704469,-0.0217259938704469
TSLA_2016-08-26,TSLA,2016-08-26,14.809332847595217,14.857333183288574,14.588000297546388,14.666000366210938,33585000.0,-0.0136746481733207,0.14619920176667,0.0662622767966746,-0.0043899402209885,0.0217015163021713,-0.0217015163021713
TSLA_2016-08-29,TSLA,2016-08-29,14.67666721343994,14.69333267211914,14.333333015441896,14.346667289733888,48994500.0,-0.0359718237364807,0.1548162715827032,0.0594222239231112,-0.0217736989297205,0.0218740346952355,-0.0218740346952355
TSLA_2016-08-30,TSLA,2016-08-30,14.407333374023438,14.407333374023438,14.034667015075684,14.089332580566406,47533500.0,-0.0374385373912359,0.1221195328545212,0.0423404977316426,-0.0179368980942092,0.0218926042137402,-0.0218926042137402
TSLA_2016-08-31,TSLA,2016-08-31,14.028667449951172,14.173333168029783,13.90999984741211,14.133999824523926,49147500.0,-0.0317409441389043,0.0831205117919271,0.0256897838265113,0.0031702881383557,0.0218949355023865,-0.0218949355023865
TSLA_2016-09-01,TSLA,2016-09-01,13.934000015258787,14.07333278656006,13.366666793823242,13.38466739654541,119146500.0,-0.0832000632328031,-0.0013429900919436,-0.0422715266623733,-0.053016303755597,0.0228808910576226,-0.0228808910576226
TSLA_2016-09-02,TSLA,2016-09-02,13.488666534423828,13.546667098999023,13.079999923706056,13.185333251953123,89661000.0,-0.1037701639694944,-0.0365823924515485,-0.0701762782105215,-0.0148927230454554,0.0229174256911668,-0.0229174256911668
TSLA_2016-09-06,TSLA,2016-09-06,13.267999649047852,13.550000190734863,13.266667366027832,13.522000312805176,65859000.0,-0.1270121070133913,0.001135230142528,-0.0629384384354316,0.0255334510261378,0.0221180454863975,-0.0221180454863975
TSLA_2016-09-07,TSLA,2016-09-07,13.699999809265137,13.766667366027832,13.380666732788086,13.447333335876465,54613500.0,-0.1435546716629289,-0.0335856969692649,-0.0885701843160969,-0.0055218884189791,0.0220318525976159,-0.0220318525976159
TSLA_2016-09-08,TSLA,2016-09-08,13.303333282470703,13.326000213623049,13.09066677093506,13.157333374023438,50668500.0,-0.1395186530938552,-0.0381129017796821,-0.0888157774367687,-0.0215656111594504,0.0219588754943137,-0.0219588754943137
TSLA_2016-09-09,TSLA,2016-09-09,13.272666931152344,13.32800006866455,12.91333293914795,12.964667320251465,56355000.0,-0.1111567991955294,-0.062795111938732,-0.0869759555671307,-0.0146432448198321,0.0212911170379889,-0.0212911170379889
TSLA_2016-09-12,TSLA,2016-09-12,13.0,13.424667358398438,12.9399995803833,13.220000267028809,55728000.0,-0.089824196201538,-0.0783174286032483,-0.0840708124023931,0.0196945236210188,0.0214569380795411,-0.0214569380795411
TSLA_2016-09-13,TSLA,2016-09-13,13.137332916259766,13.232666969299316,12.896666526794434,13.06999969482422,53841000.0,-0.0879698682213829,-0.1020884917531673,-0.0950291799872751,-0.0113464878347011,0.0214401482669366,-0.0214401482669366
TSLA_2016-09-14,TSLA,2016-09-14,13.050000190734863,13.194666862487791,12.990667343139648,13.093999862670898,33817500.0,-0.0977951395859191,-0.114991197323249,-0.106393168454584,0.0018362791436163,0.0213693954587268,-0.0213693954587268
TSLA_2016-09-15,TSLA,2016-09-15,13.099332809448242,13.501333236694336,13.09333324432373,13.361332893371582,46158000.0,-0.0803469802444623,-0.114674470804593,-0.0975107255245276,0.0204164528413361,0.0215438005556883,-0.0215438005556883
TSLA_2016-09-16,TSLA,2016-09-16,13.361332893371582,13.713333129882812,13.266667366027832,13.69333267211914,46617000.0,-0.0467351084103543,-0.1174701692501493,-0.0821026388302518,0.0248478038379136,0.0217480904110337,-0.0217480904110337
TSLA_2016-09-19,TSLA,2016-09-19,13.800000190734863,13.961999893188477,13.666666984558104,13.755999565124512,34492500.0,-0.0608102164434853,-0.134189327286833,-0.0974997718651592,0.004576452972107,0.0216053330296852,-0.0216053330296852
TSLA_2016-09-20,TSLA,2016-09-20,13.789999961853027,13.850000381469728,13.593999862670898,13.642666816711426,36157500.0,-0.0681663033228824,-0.1263661204271527,-0.0972662118750176,-0.0082387868563487,0.0216257952997725,-0.0216257952997725
TSLA_2016-09-21,TSLA,2016-09-21,13.758000373840332,13.800000190734863,13.437333106994627,13.6813325881958,39502500.0,0.0435267976482467,-0.0779944946710911,-0.0172338485114221,0.0028341798567572,0.0170812798742416,-0.0170812798742416
TSLA_2016-09-22,TSLA,2016-09-22,13.760000228881836,13.8186674118042,13.533332824707031,13.76200008392334,35743500.0,0.0510692599907278,-0.0936114142943991,-0.0212710771518356,0.0058961724091948,0.0170908852264778,-0.0170908852264778
TSLA_2016-09-23,TSLA,2016-09-23,13.732666969299316,14.01200008392334,13.711333274841309,13.829999923706056,43578000.0,0.07403568790899,-0.0990619545150043,-0.0125131333030071,0.0049411306036941,0.0169502036407086,-0.0169502036407086
TSLA_2016-09-26,TSLA,2016-09-26,13.766667366027832,14.06666660308838,13.766667366027832,13.932666778564451,35916000.0,0.0525812212425225,-0.0918611151325837,-0.0196399469450306,0.007423489184726,0.0166231320429689,-0.0166231320429689
TSLA_2016-09-27,TSLA,2016-09-27,13.976667404174805,13.998666763305664,13.640666961669922,13.720666885375977,50598000.0,0.0199216738465168,-0.0929084676327951,-0.0364933968931391,-0.0152160312564597,0.0166276714665197,-0.0166276714665197
TSLA_2016-09-28,TSLA,2016-09-28,13.833999633789062,13.883333206176758,13.684000015258787,13.751333236694336,31326000.0,-0.0186498024343808,-0.1022761861518992,-0.06046299429314,0.0022350481630775,0.0157729077633467,-0.0157729077633467
TSLA_2016-09-29,TSLA,2016-09-29,13.706666946411133,13.821999549865724,13.371999740600586,13.380000114440918,40905000.0,-0.0545506140120576,-0.1552674302162764,-0.104909022114167,-0.0270034269304554,0.0160745673835906,-0.0160745673835906
TSLA_2016-09-30,TSLA,2016-09-30,13.480667114257812,13.665332794189451,13.303333282470703,13.60200023651123,38794500.0,-0.0575981401897273,-0.1739341331085196,-0.1157661366491235,0.0165919372325498,0.016011691528189,-0.016011691528189
TSLA_2016-10-03,TSLA,2016-10-03,14.153332710266112,14.378000259399414,13.883333206176758,14.24666690826416,89998500.0,-0.0013085055333211,-0.163502578694647,-0.0824055421139841,0.0473949904825379,0.0170610251627809,-0.0170610251627809
TSLA_2016-10-04,TSLA,2016-10-04,14.206666946411133,14.221332550048828,13.92133331298828,14.093999862670898,53122500.0,-0.0141298035107971,-0.203488869692281,-0.1088093366015391,-0.010715983364832,0.0171132873400509,-0.0171132873400509
TSLA_2016-10-05,TSLA,2016-10-05,14.149333000183104,14.210000038146973,13.874667167663574,13.897333145141602,28162500.0,-0.0346392585771729,-0.189502382257565,-0.1120708204173689,-0.01395393213038,0.0171769699137701,-0.0171769699137701
TSLA_2016-10-06,TSLA,2016-10-06,13.497332572937012,13.61400032043457,13.347332954406738,13.399999618530272,70551000.0,-0.0727926979111814,-0.1962250788849253,-0.1345088883980534,-0.0357862563570474,0.0177348997662211,-0.0177348997662211
TSLA_2016-10-07,TSLA,2016-10-07,13.399999618530272,13.42133331298828,13.053333282470703,13.107333183288574,52395000.0,-0.1253225539879977,-0.2133082558806832,-0.1693154049343405,-0.0218407793711412,0.0172450714289832,-0.0172450714289832
TSLA_2016-10-10,TSLA,2016-10-10,13.423333168029783,13.609333038330078,13.310667037963867,13.396666526794434,49744500.0,-0.1054974938509978,-0.1891292328725088,-0.1473133633617533,0.0220741579892658,0.0175088324801322,-0.0175088324801322
TSLA_2016-10-11,TSLA,2016-10-11,13.456666946411133,13.479999542236328,13.220666885375977,13.34000015258789,34926000.0,-0.1007953600333865,-0.213845089984025,-0.1573202250087058,-0.0042298861506484,0.0174835941516604,-0.0174835941516604
TSLA_2016-10-12,TSLA,2016-10-12,13.396666526794434,13.592000007629396,13.361332893371582,13.434000015258787,29560500.0,-0.0903715403585287,-0.199912644855901,-0.1451420926072149,0.0070464663864835,0.0175125183989971,-0.0175125183989971
TSLA_2016-10-13,TSLA,2016-10-13,13.366666793823242,13.393333435058594,13.136667251586914,13.349332809448242,37419000.0,-0.091470049216347,-0.2132332797760373,-0.1523516644961922,-0.0063024568791407,0.0175173213632711,-0.0175173213632711
TSLA_2016-10-14,TSLA,2016-10-14,13.37733268737793,13.428667068481444,13.08666706085205,13.100666999816896,64048500.0,-0.1314474734195155,-0.2259728667105638,-0.1787101700650397,-0.0186275833542293,0.0172792083024868,-0.0172792083024868
TSLA_2016-10-17,TSLA,2016-10-17,13.136667251586914,13.22599983215332,12.800000190734863,12.93066692352295,68311500.0,-0.1389505115796432,-0.2159113567473741,-0.1774309341635087,-0.0129764443517511,0.0173314780912353,-0.0173314780912353
TSLA_2016-10-18,TSLA,2016-10-18,13.065999984741213,13.29800033569336,12.883999824523926,13.273332595825195,85207500.0,-0.1281310683275951,-0.203504486908391,-0.1658177776179931,0.0265002319160261,0.0175933083375791,-0.0175933083375791
TSLA_2016-10-19,TSLA,2016-10-19,13.315999984741213,13.77733325958252,13.20400047302246,13.570667266845703,104868000.0,-0.0768253440185513,-0.1801522521811424,-0.1284887980998468,0.0224009056409861,0.0173605557403196,-0.0173605557403196
TSLA_2016-10-20,TSLA,2016-10-20,13.474666595458984,13.533332824707031,13.136667251586914,13.273332595825195,76093500.0,-0.1042426279294771,-0.2153695607025025,-0.1598060943159898,-0.0219100995679794,0.0175151839562637,-0.0175151839562637
TSLA_2016-10-21,TSLA,2016-10-21,13.239999771118164,13.437999725341797,13.160667419433594,13.339332580566406,44151000.0,-0.1300813291287245,-0.205424559465297,-0.1677529442970107,0.0049723748173062,0.0169073499201369,-0.0169073499201369
TSLA_2016-10-24,TSLA,2016-10-24,13.399999618530272,13.596667289733888,13.350000381469728,13.517333030700684,41274000.0,-0.1165526836596959,-0.2009143569362271,-0.1587335202979615,0.0133440297000766,0.0170184640061054,-0.0170184640061054
TSLA_2016-10-25,TSLA,2016-10-25,13.526666641235352,13.645999908447266,13.41333293914795,13.489333152770996,36675000.0,-0.1144470511987114,-0.1953712685365766,-0.154909159867644,-0.0020714054958987,0.0170151931864438,-0.0170151931864438
TSLA_2016-10-26,TSLA,2016-10-26,13.399999618530272,13.54599952697754,13.34000015258789,13.482666969299316,84492000.0,-0.1230215087867498,-0.1835614012879511,-0.1532914550373505,-0.0004941818395456,0.0169571578655691,-0.0169571578655691
TSLA_2016-10-27,TSLA,2016-10-27,14.089332580566406,14.24666690826416,13.44333267211914,13.600666999816896,196405500.0,-0.1310958726585877,-0.1526416215853935,-0.1418687471219906,0.0087519799151214,0.0168188115509786,-0.0168188115509786
TSLA_2016-10-28,TSLA,2016-10-28,13.600000381469728,13.687999725341797,13.321999549865724,13.33133316040039,64201500.0,-0.1306030077746786,-0.172994263874097,-0.1517986358243878,-0.0198029875608403,0.0168092186104688,-0.0168092186104688
TSLA_2016-10-31,TSLA,2016-10-31,13.499333381652832,13.499333381652832,13.053999900817873,13.182000160217283,70384500.0,-0.1297094884278107,-0.1488894478534785,-0.1392994681406446,-0.0112016554073293,0.0167998279537443,-0.0167998279537443
TSLA_2016-11-01,TSLA,2016-11-01,13.202667236328123,13.233332633972168,12.540666580200195,12.719332695007324,105900000.0,-0.1550113359433826,-0.1427480309094874,-0.148879683426435,-0.035098426611029,0.0173015983266455,-0.0173015983266455
TSLA_2016-11-02,TSLA,2016-11-02,12.670000076293944,12.846667289733888,12.500666618347168,12.534667015075684,63801000.0,-0.1846840545885822,-0.1111426177243702,-0.1479133361564762,-0.0145185037894423,0.0170923239582444,-0.0170923239582444
TSLA_2016-11-03,TSLA,2016-11-03,12.600000381469728,12.764666557312012,12.469332695007324,12.494667053222656,39795000.0,-0.1852366584574306,-0.1279951354756197,-0.1566158969665251,-0.003191146745655,0.0170921684119801,-0.0170921684119801
TSLA_2016-11-04,TSLA,2016-11-04,12.600000381469728,12.897333145141602,12.397333145141602,12.70400047302246,77190000.0,-0.1574106578670225,-0.0878805239484333,-0.1226455909077279,0.0167538213629958,0.0171806836267592,-0.0171806836267592
TSLA_2016-11-07,TSLA,2016-11-07,12.906000137329102,12.952667236328123,12.670000076293944,12.880666732788086,58051500.0,-0.1565828660972471,-0.0741770446548645,-0.1153799553760558,0.0139063486451205,0.0171955966696407,-0.0171955966696407
TSLA_2016-11-08,TSLA,2016-11-08,12.919333457946776,13.166000366210938,12.750666618347168,12.996000289916992,49014000.0,-0.136095688128333,-0.0670941770941134,-0.1015949326112232,0.0089540052173946,0.0171810954150298,-0.0171810954150298
TSLA_2016-11-09,TSLA,2016-11-09,12.458666801452637,12.800000190734863,12.263333320617676,12.670666694641112,122596500.0,-0.1549508918800874,-0.0830760798383816,-0.1190134858592345,-0.0250333631900803,0.0174206086711166,-0.0174206086711166
TSLA_2016-11-10,TSLA,2016-11-10,12.736666679382324,12.77400016784668,12.027999877929688,12.356666564941406,101254500.0,-0.1784495388516925,-0.1072202828486561,-0.1428349108501743,-0.0247816580821675,0.0176284109876687,-0.0176284109876687
TSLA_2016-11-11,TSLA,2016-11-11,12.28266716003418,12.592000007629396,12.199999809265137,12.570667266845703,59827500.0,-0.164147307614945,-0.0947236384180076,-0.1294354730164763,0.0173186434043193,0.0178096590345439,-0.0178096590345439
TSLA_2016-11-14,TSLA,2016-11-14,12.533332824707031,12.550000190734863,11.879332542419434,12.096667289733888,98283000.0,-0.1885425121831135,-0.1134075606578171,-0.1509750364204653,-0.0377068270959615,0.0183344858519067,-0.0183344858519067
TSLA_2016-11-15,TSLA,2016-11-15,12.185333251953123,12.428667068481444,12.136667251586914,12.251333236694336,58530000.0,-0.1768052341700006,-0.1297532904575056,-0.1532792623137531,0.0127858312753388,0.0184433571207285,-0.0184433571207285
TSLA_2016-11-16,TSLA,2016-11-16,12.17666721343994,12.315333366394045,12.080666542053224,12.26200008392334,51516000.0,-0.1770838226828895,-0.145346377414549,-0.1612151000487193,0.0008706682793555,0.0184421841967255,-0.0184421841967255
TSLA_2016-11-17,TSLA,2016-11-17,12.232666969299316,12.63266658782959,12.140666961669922,12.577333450317385,73306500.0,-0.1615111033121743,-0.1435445669137524,-0.1525278351129633,0.025716307636262,0.0187554250093354,-0.0187554250093354
TSLA_2016-11-18,TSLA,2016-11-18,12.710000038146973,12.866666793823242,12.333333015441896,12.334667205810549,78154500.0,-0.1700533696972721,-0.1442974648680497,-0.1571754172826609,-0.0192939342401479,0.0188554038608488,-0.0188554038608488
TSLA_2016-11-21,TSLA,2016-11-21,12.336000442504885,12.592666625976562,12.293999671936035,12.3013334274292,65415000.0,-0.1793275056298873,-0.1532283862686915,-0.1662779459492894,-0.0027024465131614,0.0187993984715576,-0.0187993984715576
TSLA_2016-11-22,TSLA,2016-11-22,12.38933277130127,12.764666557312012,12.247332572937012,12.744667053222656,84051000.0,-0.1412721000913364,-0.1293833680081538,-0.1353277340497451,0.036039477216748,0.0194070800908953,-0.0194070800908953
TSLA_2016-11-23,TSLA,2016-11-23,12.707332611083984,13.042667388916016,12.600000381469728,12.87600040435791,73378500.0,-0.1259051403113149,-0.1420575637243853,-0.1339813520178501,0.0103049652522735,0.0194588533742278,-0.0194588533742278
TSLA_2016-11-25,TSLA,2016-11-25,12.90933322906494,13.149333000183104,12.90933322906494,13.109999656677246,35491500.0,-0.1060957773544427,-0.1183196030997665,-0.1122076902271046,0.0181732871210642,0.0196201359112961,-0.0196201359112961
TSLA_2016-11-28,TSLA,2016-11-28,13.031999588012695,13.289999961853027,12.970000267028809,13.074666976928713,67938000.0,-0.0886617279899831,-0.1214442276750364,-0.1050529778325098,-0.0026950938729077,0.0194500586594719,-0.0194500586594719
TSLA_2016-11-29,TSLA,2016-11-29,13.03733253479004,13.11533260345459,12.633333206176758,12.637999534606934,66589500.0,-0.1030093538966717,-0.1365913717404,-0.1198003628185359,-0.0333979781735407,0.0197586373118305,-0.0197586373118305
TSLA_2016-11-30,TSLA,2016-11-30,12.733332633972168,12.792667388916016,12.5,12.626667022705078,53206500.0,-0.1066458766472794,-0.135001779972878,-0.1208238283100787,-0.0008967014020552,0.0197496703316673,-0.0197496703316673
TSLA_2016-12-01,TSLA,2016-12-01,12.550000190734863,12.5686674118042,12.06666660308838,12.125332832336426,76896000.0,-0.0940878489467746,-0.1694597971977678,-0.1317738230722712,-0.0397043962169241,0.0192556875497398,-0.0192556875497398
TSLA_2016-12-02,TSLA,2016-12-02,12.19200038909912,12.325332641601562,12.0,12.097999572753906,60634500.0,-0.0824653922977753,-0.1776781089867209,-0.1300717506422481,-0.0022542275713558,0.0191783662862766,-0.0191783662862766
TSLA_2016-12-05,TSLA,2016-12-05,12.167332649230955,12.592666625976562,12.167332649230955,12.453332901000977,61083000.0,-0.0790317547021637,-0.1960058720298677,-0.1375188133660157,0.0293712465528037,0.019270473046618,-0.019270473046618
TSLA_2016-12-06,TSLA,2016-12-06,12.368000030517578,12.43866729736328,12.178667068481444,12.390000343322754,50874000.0,-0.0786277075271739,-0.2108950044524306,-0.1447613559898022,-0.0050855909965381,0.0192689450379853,-0.0192689450379853
TSLA_2016-12-07,TSLA,2016-12-07,12.40999984741211,12.893333435058594,12.333333015441896,12.876667022705078,81928500.0,-0.0213315527804806,-0.1578740563620027,-0.0896028045712416,0.0392789883694071,0.0197463499388018,-0.0197463499388018
TSLA_2016-12-08,TSLA,2016-12-08,12.803333282470703,12.833333015441896,12.63599967956543,12.81933307647705,47911500.0,-0.0112100249226908,-0.1211207536289118,-0.0661653892758013,-0.0044525455327012,0.0196672941799966,-0.0196672941799966
TSLA_2016-12-09,TSLA,2016-12-09,12.724666595458984,12.922666549682615,12.720666885375977,12.812000274658203,40837500.0,-0.0308623286028346,-0.1179143409447153,-0.0743883347737749,-0.0005720111783587,0.0195052308024918,-0.0195052308024918
TSLA_2016-12-12,TSLA,2016-12-12,12.853333473205566,12.961333274841309,12.745332717895508,12.82866668701172,36583500.0,-0.018464652903402,-0.1048101880421191,-0.0616374204727606,0.0013008438960528,0.0194548309827957,-0.0194548309827957
TSLA_2016-12-13,TSLA,2016-12-13,12.878666877746582,13.41866683959961,12.866666793823242,13.210000038146973,102358500.0,0.0088590328923687,-0.0898024770518558,-0.0404717220797435,0.0297250961802078,0.0198138021437634,-0.0198138021437634
TSLA_2016-12-14,TSLA,2016-12-14,13.249333381652832,13.533332824707031,13.11733341217041,13.246000289916992,62263500.0,-0.0086318187245978,-0.0882852584005211,-0.0484585385625594,0.0027252272268023,0.0196492612873333,-0.0196492612873333
TSLA_2016-12-15,TSLA,2016-12-15,13.227333068847656,13.38266658782959,13.15933322906494,13.17199993133545,48294000.0,-0.0380720130932896,-0.0830278218443287,-0.0605499174688092,-0.0055866191274261,0.0194023931632536,-0.0194023931632536
TSLA_2016-12-16,TSLA,2016-12-16,13.20533275604248,13.505999565124512,13.173333168029783,13.499333381652832,56953500.0,-0.0186584902286855,-0.078334079842856,-0.0484962850357708,0.0248507024008308,0.0196532978303081,-0.0196532978303081
TSLA_2016-12-19,TSLA,2016-12-19,13.499333381652832,13.630000114440918,13.322667121887209,13.51533317565918,52321500.0,-0.0093334860964477,-0.0768635601750199,-0.0430985231357338,0.001185228451954,0.0196262666302712,-0.0196262666302712
TSLA_2016-12-20,TSLA,2016-12-20,13.536666870117188,13.93333339691162,13.5,13.919333457946776,70336500.0,0.0173960298250712,0.0616800209433969,0.0395380253842341,0.0298919957826264,0.0199812320236258,-0.0199812320236258
TSLA_2016-12-21,TSLA,2016-12-21,13.896666526794434,14.148667335510254,13.827333450317385,13.846667289733888,78114000.0,0.0061522456978804,0.0575356963236803,0.0318439710107804,-0.005220520683151,0.01998162794208,-0.01998162794208
TSLA_2016-12-22,TSLA,2016-12-22,13.881333351135254,13.999333381652832,13.766667366027832,13.896666526794434,46666500.0,0.0048204340893815,0.0792130061521989,0.0420167201207902,0.0036109221095834,0.0199773402035997,-0.0199773402035997
TSLA_2016-12-23,TSLA,2016-12-23,13.866666793823242,14.229999542236328,13.847332954406738,14.22266674041748,70057500.0,0.0208143901280404,0.0744900574229134,0.0476522237754769,0.0234588786450677,0.0201711316363024,-0.0201711316363024
TSLA_2016-12-27,TSLA,2016-12-27,14.325332641601562,14.81666660308838,14.29466724395752,14.635333061218262,88735500.0,0.0666633905978122,0.0879131107693216,0.0772882506835669,0.0290146938216642,0.020382971477662,-0.020382971477662
TSLA_2016-12-28,TSLA,2016-12-28,14.768667221069336,14.920000076293944,14.479999542236328,14.649333000183104,56737500.0,0.065302741780159,0.0454350561131546,0.0553688989466568,0.000956584924052,0.020382590332946,-0.020382590332946
TSLA_2016-12-29,TSLA,2016-12-29,14.570667266845703,14.613332748413086,14.274666786193848,14.312000274658203,60675000.0,0.0696562146670973,0.011305811375194,0.0404810130211457,-0.0230271730133163,0.0202998093292444,-0.0202998093292444
TSLA_2016-12-30,TSLA,2016-12-30,14.420000076293944,14.5,14.112000465393066,14.246000289916992,69639000.0,0.0473459816356347,-0.012979199041762,0.0171833912969363,-0.0046115136580925,0.0202173194563819,-0.0202173194563819
TSLA_2017-01-03,TSLA,2017-01-03,14.324000358581545,14.68866729736328,14.064000129699709,14.465999603271484,88849500.0,0.0153953690655948,0.0140667186066638,0.0147310438361293,0.0154428828356969,0.0194180050153945,-0.0194180050153945
TSLA_2017-01-04,TSLA,2017-01-04,14.31666660308838,15.199999809265137,14.28733253479004,15.13266658782959,168202500.0,0.0736956673250497,0.0585245585153524,0.066110112920201,0.0460850962837948,0.0201953322781183,-0.0201953322781183
TSLA_2017-01-05,TSLA,2017-01-05,15.094667434692385,15.165332794189451,14.796667098999023,15.116666793823242,88675500.0,0.0877386787772236,0.0500602174186668,0.0688994480979452,-0.0010573016932267,0.0201030622221212,-0.0201030622221212
TSLA_2017-01-06,TSLA,2017-01-06,15.128666877746582,15.354000091552734,15.029999732971191,15.267333030700684,82918500.0,0.1393532436813027,0.0564166471998848,0.0978849454405937,0.0099668954097078,0.0195519497484533,-0.0195519497484533
TSLA_2017-01-09,TSLA,2017-01-09,15.264666557312012,15.461333274841309,15.199999809265137,15.41866683959961,59692500.0,0.1763389717793937,0.0289171674803849,0.1026280696298893,0.0099122622526548,0.0193286239165836,-0.0193286239165836
TSLA_2017-01-10,TSLA,2017-01-10,15.466667175292969,15.466667175292969,15.12600040435791,15.324666976928713,54900000.0,0.1439164322167847,0.023236115442939,0.0835762738298618,-0.0060964974241143,0.0192001393597299,-0.0192001393597299
TSLA_2017-01-11,TSLA,2017-01-11,15.271332740783691,15.33199977874756,15.112000465393066,15.315333366394045,54762000.0,0.1480759513651841,0.0323552225016576,0.0902155869334209,-0.0006090579683538,0.0191856375400924,-0.0191856375400924
TSLA_2017-01-12,TSLA,2017-01-12,15.27066707611084,15.380000114440918,15.038666725158691,15.305999755859377,56853000.0,0.1393479037125435,0.0363832786497801,0.0878655911811618,-0.0006094291460314,0.0191798177308592,-0.0191798177308592
TSLA_2017-01-13,TSLA,2017-01-13,15.333333015441896,15.856666564941406,15.305999755859377,15.850000381469728,91395000.0,0.1873252849199767,0.0787205826725332,0.1330229337962549,0.0355416591067236,0.0195986941758089,-0.0195986941758089
TSLA_2017-01-17,TSLA,2017-01-17,15.779999732971191,15.997332572937012,15.624667167663574,15.70533275604248,69262500.0,0.1988193239521307,0.0412375527321313,0.120028438342131,-0.0091272947599659,0.0194663454637924,-0.0194663454637924
TSLA_2017-01-18,TSLA,2017-01-18,15.776666641235352,15.980667114257812,15.70533275604248,15.890666961669922,56535000.0,0.2289131763777983,0.058155061833139,0.1435341191054686,0.0118007181704657,0.019387081195121,-0.019387081195121
TSLA_2017-01-19,TSLA,2017-01-19,16.483333587646484,16.57866668701172,16.049999237060547,16.250667572021484,115984500.0,0.2243095285002303,0.0674374406498417,0.145873484575036,0.0226548458425266,0.019319312957596,-0.019319312957596
TSLA_2017-01-20,TSLA,2017-01-20,16.36400032043457,16.399999618530273,16.200666427612305,16.315332412719727,63064500.0,0.2022498298649966,0.1098865730893734,0.156068201477185,0.003979211340805,0.0191659015721011,-0.0191659015721011
TSLA_2017-01-23,TSLA,2017-01-23,16.389999389648438,16.72599983215332,16.366666793823242,16.594667434692383,93943500.0,0.2502261444056508,0.1198992856066678,0.1850627150061593,0.0171210132228063,0.0189740101604035,-0.0189740101604035
TSLA_2017-01-24,TSLA,2017-01-24,16.666667938232422,16.98666763305664,16.643333435058594,16.974000930786133,74482500.0,0.2724775267628414,0.1069519587950988,0.1897147427789701,0.0228587585491906,0.0191261381102097,-0.0191261381102097
TSLA_2017-01-25,TSLA,2017-01-25,17.15399932861328,17.230667114257812,16.786666870117188,16.96466636657715,77139000.0,0.2550305839211664,0.1087534012901592,0.1818919926056628,-0.0005499330562692,0.0190968780863821,-0.0190968780863821
TSLA_2017-01-26,TSLA,2017-01-26,16.952667236328125,17.049333572387695,16.71666717529297,16.833999633789062,47281500.0,0.2479489862944781,0.105124904766654,0.1765369455305661,-0.0077022872106414,0.0191378934280525,-0.0191378934280525
TSLA_2017-01-27,TSLA,2017-01-27,16.7586669921875,16.866666793823242,16.56800079345703,16.863332748413086,47494500.0,0.2507416215806344,0.0968735001913985,0.1738075608860164,0.0017424922931057,0.0191320572116316,-0.0191320572116316
TSLA_2017-01-30,TSLA,2017-01-30,16.8353328704834,17.019332885742188,16.47333335876465,16.708667755126953,57016500.0,0.2285182598288671,0.0674645864795924,0.1479914231542297,-0.0091716741639156,0.0191894676984896,-0.0191894676984896
TSLA_2017-01-31,TSLA,2017-01-31,16.615999221801758,17.05933380126953,16.51333236694336,16.795333862304688,61741500.0,0.259839031867707,0.0953002649938452,0.1775696484307761,0.0051868951162274,0.0189578747667867,-0.0189578747667867
TSLA_2017-02-01,TSLA,2017-02-01,16.8700008392334,16.8799991607666,16.60333251953125,16.615999221801758,59382000.0,0.2605066772755882,0.0970070010063322,0.1787568391409602,-0.0106776466590775,0.0189512784152523,-0.0189512784152523
TSLA_2017-02-02,TSLA,2017-02-02,16.555999755859375,16.827999114990234,16.513999938964844,16.770000457763672,37497000.0,0.3184654305289414,0.114088342747483,0.2162768866382122,0.0092682500706817,0.0182932127810017,-0.0182932127810017
TSLA_2017-02-03,TSLA,2017-02-03,16.79400062561035,16.812000274658203,16.64533233642578,16.755332946777344,32800500.0,0.336719429931835,0.0898486657646853,0.2132840478482601,-0.0008746279419173,0.0181438299708388,-0.0181438299708388
TSLA_2017-02-06,TSLA,2017-02-06,16.733333587646484,17.187999725341797,16.708667755126953,17.184667587280273,53437500.0,0.3753601847956374,0.1205930599886992,0.2479766223921683,0.0256237606179892,0.0183021783044038,-0.0183021783044038
TSLA_2017-02-07,TSLA,2017-02-07,17.21266746520996,17.333332061767578,17.094667434692383,17.165332794189453,63672000.0,0.3511753900388183,0.138485982999077,0.2448306865189476,-0.0011251188300628,0.0182592706953595,-0.0182592706953595
TSLA_2017-02-08,TSLA,2017-02-08,17.156667709350586,17.55733299255371,17.079999923706055,17.472000122070312,58995000.0,0.3564515319377732,0.1440544633449552,0.2502529976413642,0.0178655043603155,0.0182973584247993,-0.0182973584247993
TSLA_2017-02-09,TSLA,2017-02-09,17.75,18.07866668701172,17.74333381652832,17.946666717529297,117303000.0,0.3809376975355489,0.1929980313270924,0.2869678644313207,0.0271672729019383,0.018503321092327,-0.018503321092327
TSLA_2017-02-10,TSLA,2017-02-10,17.986000061035156,18.06333351135254,17.74066734313965,17.948667526245117,54295500.0,0.4165527322912112,0.1970566230275132,0.3068046776593622,0.0001114863694362,0.0181052802234216,-0.0181052802234216
TSLA_2017-02-13,TSLA,2017-02-13,18.04933357238769,18.71933364868164,18.03400039672852,18.706666946411133,105444000.0,0.5138926706565088,0.2437392217068974,0.3788159461817031,0.0422315149053624,0.0182533010555117,-0.0182533010555117
TSLA_2017-02-14,TSLA,2017-02-14,18.60199928283692,19.159332275390625,18.573999404907227,18.73200035095215,110178000.0,0.4901357225766807,0.2455339557348677,0.3678348391557742,0.0013542446986194,0.0182152305464145,-0.0182152305464145
TSLA_2017-02-15,TSLA,2017-02-15,18.666667938232425,18.81599998474121,18.429332733154297,18.65066719055176,74218500.0,0.5418021132465198,0.2511068695257876,0.3964544913861537,-0.0043419367326806,0.0173744259640468,-0.0173744259640468
TSLA_2017-02-16,TSLA,2017-02-16,18.50666618347168,18.666667938232425,17.899999618530273,17.93000030517578,106159500.0,0.4635142117817104,0.2047572388565213,0.3341357253191158,-0.0386402737238839,0.0182845001843188,-0.0182845001843188
TSLA_2017-02-17,TSLA,2017-02-17,17.719999313354492,18.19266700744629,17.610000610351562,18.148666381835938,93856500.0,0.4800739078146463,0.2179767623656259,0.3490253350901361,0.0121955422720787,0.0182866593132841,-0.0182866593132841
TSLA_2017-02-21,TSLA,2017-02-21,18.36333274841309,18.76000022888184,18.267332077026367,18.49266624450684,85150500.0,0.4703169250903642,0.2328444163004559,0.3515806706954101,0.0189545532125265,0.0181910923697187,-0.0181910923697187
TSLA_2017-02-22,TSLA,2017-02-22,18.687332153320312,18.89666748046875,18.17333221435547,18.233999252319336,131325000.0,0.4782724939453382,0.226887275019143,0.3525798844822406,-0.0139875445091288,0.0180826397842422,-0.0180826397842422
TSLA_2017-02-23,TSLA,2017-02-23,17.600000381469727,17.643999099731445,17.03733253479004,17.06599998474121,223728000.0,0.3873292749457453,0.1385429765824046,0.262936125764075,-0.0640561212828588,0.0201175337555573,-0.0201175337555573
TSLA_2017-02-24,TSLA,2017-02-24,16.8439998626709,17.21666717529297,16.68000030517578,17.133333206176758,122574000.0,0.3443531427401527,0.1544335510008632,0.2493933468705079,0.0039454600665504,0.0197320609856331,-0.0197320609856331
TSLA_2017-02-27,TSLA,2017-02-27,16.544666290283203,16.55733299255371,16.134000778198242,16.415332794189453,171912000.0,0.2748782446941868,0.1143645204161223,0.1946213825551546,-0.0419066391429577,0.0205796586262108,-0.0205796586262108
TSLA_2017-02-28,TSLA,2017-02-28,16.279333114624023,16.733333587646484,16.260000228881836,16.666000366210938,91171500.0,0.2712433869304131,0.1363698315873365,0.2038066092588748,0.0152703314129709,0.0205508050203603,-0.0205508050203603
TSLA_2017-03-01,TSLA,2017-03-01,16.94533348083496,16.989999771118164,16.607332229614258,16.667999267578125,72142500.0,0.2748316494018648,0.161802872469575,0.2183172609357199,0.000119938876951,0.0205390136343323,-0.0205390136343323
TSLA_2017-03-02,TSLA,2017-03-02,16.6473331451416,16.885332107543945,16.551332473754883,16.698667526245117,50277000.0,0.3213062305089313,0.1851993294045595,0.2532527799567454,0.0018399484050042,0.019974241698872,-0.019974241698872
TSLA_2017-03-03,TSLA,2017-03-03,16.715999603271484,16.793333053588867,16.600000381469727,16.771333694458008,43791000.0,0.3282470872400496,0.1865950122171389,0.2574210497285942,0.0043516147679856,0.0199617619765703,-0.0199617619765703
TSLA_2017-03-06,TSLA,2017-03-06,16.527332305908203,16.780000686645508,16.500667572021484,16.747333526611328,50332500.0,0.3811854699731398,0.2512327001068271,0.3162090850399834,-0.0014310232140101,0.0191542373211919,-0.0191542373211919
TSLA_2017-03-07,TSLA,2017-03-07,16.794666290283203,16.926000595092773,16.55466651916504,16.57266616821289,51892500.0,0.369868304966422,0.2569015778010772,0.3133849413837496,-0.0104295623014191,0.0192339099952287,-0.0192339099952287
TSLA_2017-03-08,TSLA,2017-03-08,16.46666717529297,16.67133331298828,16.35466766357422,16.45800018310547,55878000.0,0.3215739363863472,0.2171276292250885,0.2693507828057179,-0.006918982373962,0.0190405016629898,-0.0190405016629898
TSLA_2017-03-09,TSLA,2017-03-09,16.5086669921875,16.577333450317383,16.200000762939453,16.32666778564453,58189500.0,0.3177294054267991,0.214119363136944,0.2659243842818716,-0.0079798515007767,0.0190677558428722,-0.0190677558428722
TSLA_2017-03-10,TSLA,2017-03-10,16.413999557495117,16.433332443237305,16.200000762939453,16.246000289916992,45994500.0,0.2616619084170508,0.2347487008265305,0.2482053046217907,-0.0049408426009909,0.018577000491009,-0.018577000491009
TSLA_2017-03-13,TSLA,2017-03-13,16.321332931518555,16.456666946411133,16.185333251953125,16.411333084106445,45339000.0,0.2802017847730758,0.2658506908596965,0.2730262378163861,0.0101768306807223,0.0185627595593549,-0.0185627595593549
TSLA_2017-03-14,TSLA,2017-03-14,16.407333374023438,17.20800018310547,16.40133285522461,17.200000762939453,113976000.0,0.3424914450681522,0.3010590329439644,0.3217752390060583,0.048056283715111,0.0193593367248818,-0.0193593367248818
TSLA_2017-03-15,TSLA,2017-03-15,17.133333206176758,17.399999618530273,16.951332092285156,17.048667907714844,79962000.0,0.328950881931918,0.3044122651713752,0.3166815735516466,-0.0087984214251132,0.0194310562796268,-0.0194310562796268
TSLA_2017-03-16,TSLA,2017-03-16,17.49333381652832,17.71666717529297,17.270666122436523,17.469999313354492,106983000.0,0.322482911650702,0.3341988312646111,0.3283408714576565,0.0247134502191217,0.0193370273810176,-0.0193370273810176
TSLA_2017-03-17,TSLA,2017-03-17,17.600000381469727,17.68866729736328,17.413333892822266,17.433332443237305,97462500.0,0.3161204938601547,0.3047599803374257,0.3104402370987902,-0.0020988478281827,0.0193542396525819,-0.0193542396525819
TSLA_2017-03-20,TSLA,2017-03-20,17.373332977294922,17.636667251586914,17.254667282104492,17.461332321166992,54214500.0,0.3256401770567476,0.2751703868788522,0.3004052819677999,0.0016061116267274,0.0193146270880665,-0.0193146270880665
TSLA_2017-03-21,TSLA,2017-03-21,17.52199935913086,17.65333366394043,16.682666778564453,16.711999893188477,103629000.0,0.2379870487458315,0.2148880794935681,0.2264375641196998,-0.0429138174679923,0.0200456264856611,-0.0200456264856611
TSLA_2017-03-22,TSLA,2017-03-22,16.770666122436523,17.004667282104492,16.700666427612305,17.000667572021484,60889500.0,0.2578800204969653,0.2461396148146573,0.2520098176558113,0.0172730780683323,0.0201168047194685,-0.0201168047194685
TSLA_2017-03-23,TSLA,2017-03-23,17.025999069213867,17.17799949645996,16.886667251586914,16.985332489013672,49803000.0,0.2202690983968394,0.2414969360271637,0.2308830172120015,-0.0009020282846451,0.0198460873022376,-0.0198460873022376
TSLA_2017-03-24,TSLA,2017-03-24,17.046667098999023,17.592666625976562,17.000667572021484,17.54400062561035,84709500.0,0.2670197281780373,0.2748147448498503,0.2709172365139438,0.032891209928215,0.0201587287125733,-0.0201587287125733
TSLA_2017-03-27,TSLA,2017-03-27,17.373332977294922,18.038000106811523,17.316667556762695,18.014667510986328,93462000.0,0.2963301289738727,0.3025790029186708,0.2994545659462717,0.026827796887382,0.0203633358722996,-0.0203633358722996
TSLA_2017-03-28,TSLA,2017-03-28,18.468000411987305,18.71199989318848,18.33333206176757,18.49666786193848,119814000.0,0.3005063114764048,0.3275755572074537,0.3140409343419292,0.0267559948391056,0.0204174484205563,-0.0204174484205563
TSLA_2017-03-29,TSLA,2017-03-29,18.55599975585937,18.63999938964844,18.36933326721192,18.492000579833984,55143000.0,0.2635175778018603,0.3477479436180672,0.3056327607099638,-0.0002523309678982,0.0201795909785913,-0.0201795909785913
TSLA_2017-03-30,TSLA,2017-03-30,18.535999298095703,18.799999237060547,18.48066711425781,18.527999877929688,62226000.0,0.2647674728738916,0.3473602565669194,0.3060638647204055,0.0019467497819007,0.0201776305426198,-0.0201776305426198
TSLA_2017-03-31,TSLA,2017-03-31,18.582000732421875,18.64533233642578,18.42133331298828,18.553333282470703,49419000.0,0.2963480244842149,0.3866467207609552,0.341497372622585,0.0013673037946848,0.0198837725172184,-0.0198837725172184
TSLA_2017-04-03,TSLA,2017-04-03,19.12666702270508,19.933332443237305,18.972000122070312,19.90133285522461,208329000.0,0.3969768672060423,0.4631181083061861,0.4300474877561142,0.0726553850044564,0.0216300276171061,-0.0216300276171061
TSLA_2017-04-04,TSLA,2017-04-04,19.792667388916016,20.320667266845703,19.635332107543945,20.24666786193848,152019000.0,0.3996037893820832,0.4211512062652254,0.4103774978236543,0.0173523557053221,0.021645445644749,-0.021645445644749
TSLA_2017-04-05,TSLA,2017-04-05,20.13599967956543,20.32533264160156,19.61333274841309,19.666667938232425,118213500.0,0.2996168140021862,0.3953929423769324,0.3475048781895593,-0.0286466853539091,0.0214366291263658,-0.0214366291263658
TSLA_2017-04-06,TSLA,2017-04-06,19.79199981689453,20.12933349609375,19.606666564941406,19.913333892822266,82809000.0,0.3173098384995143,0.4328888632696994,0.3750993508846069,0.0125423358631238,0.0214493164885811,-0.0214493164885811
TSLA_2017-04-07,TSLA,2017-04-07,19.83333206176757,20.179332733154297,19.809999465942383,20.16933250427246,68694000.0,0.321077654081068,0.5051741103321508,0.4131258822066094,0.0128556379774493,0.0214640351158516,-0.0214640351158516
TSLA_2017-04-10,TSLA,2017-04-10,20.61000061035156,20.915332794189453,20.58066749572754,20.826000213623047,114967500.0,0.3507004483770177,0.5888815766257871,0.4697910125014024,0.0325577313583127,0.0217413072074111,-0.0217413072074111
TSLA_2017-04-11,TSLA,2017-04-11,20.89200019836425,20.89800071716309,20.36666679382324,20.58066749572754,85869000.0,0.3429764918684195,0.5362528771291362,0.4396146844987778,-0.0117801169393547,0.0217998736394424,-0.0217998736394424
TSLA_2017-04-12,TSLA,2017-04-12,20.422666549682617,20.56333351135254,19.75466728210449,19.78933334350586,90760500.0,0.2921255365507729,0.4834582546587775,0.3877918956047752,-0.0384503637885388,0.0224659687615337,-0.0224659687615337
TSLA_2017-04-13,TSLA,2017-04-13,19.780000686645508,20.49266624450684,19.68666648864746,20.26666641235352,139269000.0,0.324099486189729,0.5086099738971237,0.4163547300434264,0.0241207250674921,0.0225940539171519,-0.0225940539171519
TSLA_2017-04-17,TSLA,2017-04-17,20.18000030517578,20.26666641235352,19.91200065612793,20.09600067138672,62080500.0,0.2678864471751685,0.505393637138434,0.3866400421568012,-0.0084210070612684,0.0223037104802868,-0.0223037104802868
TSLA_2017-04-18,TSLA,2017-04-18,19.979999542236328,20.05599975585937,19.86000061035156,20.01666641235352,45535500.0,0.2745139961872054,0.5279120072766741,0.4012130017319397,-0.0039477635540765,0.0222639793517542,-0.0222639793517542
TSLA_2017-04-19,TSLA,2017-04-19,20.16399955749512,20.44133377075196,20.14066696166992,20.36800003051757,58470000.0,0.2817586624681947,0.5751701092435475,0.4284643858558711,0.0175520544193723,0.0223078064303493,-0.0223078064303493
TSLA_2017-04-20,TSLA,2017-04-20,20.43400001525879,20.61000061035156,20.01533317565918,20.16733360290528,92241000.0,0.2410157006489417,0.5193873473228892,0.3802015239859154,-0.0098520437603902,0.0222497587959665,-0.0222497587959665
TSLA_2017-04-21,TSLA,2017-04-21,20.13333320617676,20.426666259765625,20.027999877929688,20.37333297729492,67647000.0,0.2487231312192881,0.5012771720568749,0.3750001516380815,0.0102145072048573,0.0222649884194087,-0.0222649884194087
TSLA_2017-04-24,TSLA,2017-04-24,20.61466789245605,20.703332901000977,20.40133285522461,20.53533363342285,76252500.0,0.2374658132944691,0.5471121125889471,0.3922889629417081,0.0079516030248205,0.0222062365472032,-0.0222062365472032
TSLA_2017-04-25,TSLA,2017-04-25,20.53333282470703,20.93199920654297,20.39066696166992,20.91933250427246,101065500.0,0.2324338021173659,0.5682443164172308,0.4003390592672984,0.0186994220646419,0.0221542686392422,-0.0221542686392422
TSLA_2017-04-26,TSLA,2017-04-26,20.82466697692871,20.96666717529297,20.600000381469727,20.67799949645996,70425000.0,0.218886304607712,0.5297395906053295,0.3743129476065208,-0.0115363627287443,0.0222302854033982,-0.0222302854033982
TSLA_2017-04-27,TSLA,2017-04-27,20.779333114624023,20.87266731262207,20.5,20.57533264160156,52029000.0,0.2222486093146232,0.5253039129940198,0.3737762611543215,-0.0049650284049952,0.022210922916514,-0.022210922916514
TSLA_2017-04-28,TSLA,2017-04-28,20.655332565307617,20.98666763305664,20.53333282470703,20.9379997253418,67582500.0,0.2416288071711185,0.5529568276824337,0.3972928174267761,0.0176263047629645,0.0222814596201503,-0.0222814596201503
TSLA_2017-05-01,TSLA,2017-05-01,20.992000579833984,21.81666755676269,20.98733329772949,21.52199935913086,132444000.0,0.288073931120389,0.5824223443909484,0.4352481377556687,0.0278918541145183,0.0224253506955408,-0.0224253506955408
TSLA_2017-05-02,TSLA,2017-05-02,21.600000381469727,21.8439998626709,21.10400009155273,21.25933265686035,80742000.0,0.2657880356028306,0.5946891733235968,0.4302386044632137,-0.0122045678883021,0.0225207696096016,-0.0225207696096016
TSLA_2017-05-03,TSLA,2017-05-03,21.17799949645996,21.435333251953125,20.696666717529297,20.73466682434082,107001000.0,0.247873603480613,0.5729530095832622,0.4104133065319376,-0.0246793180664691,0.0227359908807039,-0.0227359908807039
TSLA_2017-05-04,TSLA,2017-05-04,20.496000289916992,20.51799964904785,19.38400077819824,19.69733238220215,212280000.0,0.1745576532219632,0.5486136619363589,0.361585657579161,-0.0500289901413282,0.0237114037677256,-0.0237114037677256
TSLA_2017-05-05,TSLA,2017-05-05,19.86666679382324,20.56999969482422,19.786666870117188,20.55666732788086,122659500.0,0.2268731032190349,0.63998511513365,0.4334291091763425,0.0436269708508942,0.0242557475326138,-0.0242557475326138
TSLA_2017-05-08,TSLA,2017-05-08,20.726667404174805,20.91933250427246,20.38800048828125,20.47933387756348,105097500.0,0.1917212697626953,0.639045985805712,0.4153836277842037,-0.00376196438284,0.0241063216770128,-0.0241063216770128
TSLA_2017-05-09,TSLA,2017-05-09,20.625333786010746,21.465999603271484,20.606666564941406,21.41733360290528,145147500.0,0.2477086147817158,0.6858731742324784,0.4667908945070971,0.0458022575807235,0.0246923705478625,-0.0246923705478625
TSLA_2017-05-10,TSLA,2017-05-10,21.437332153320312,21.700000762939453,21.20800018310547,21.68133354187012,86124000.0,0.2409188066844536,0.6832462163375208,0.4620825115109872,0.0123264615409002,0.0246513763535589,-0.0246513763535589
TSLA_2017-05-11,TSLA,2017-05-11,21.559999465942383,21.733333587646484,21.30666732788086,21.540000915527344,71307000.0,0.2002229302273874,0.6574330897975782,0.4288280100124828,-0.0065186316178311,0.0244997016961586,-0.0244997016961586
TSLA_2017-05-12,TSLA,2017-05-12,21.69866752624512,21.799999237060547,21.435333251953125,21.65399932861328,61824000.0,0.2064404946467535,0.7089865790386192,0.4577135368426863,0.0052924052107983,0.0244978748627398,-0.0244978748627398
TSLA_2017-05-15,TSLA,2017-05-15,21.22533226013184,21.34666633605957,20.8353328704834,21.058666229248047,114330000.0,0.125730537116776,0.7042352092753021,0.4149828731960391,-0.0274929859528798,0.024283754406724,-0.024283754406724
TSLA_2017-05-16,TSLA,2017-05-16,21.172666549682617,21.33733367919922,21.00933265686035,21.13400077819824,62287500.0,0.1282297876491336,0.6812155098510766,0.4047226487501051,0.0035773656379796,0.0242841623075028,-0.0242841623075028
TSLA_2017-05-17,TSLA,2017-05-17,20.959333419799805,20.97533226013184,20.36666679382324,20.40733337402344,100678500.0,0.0941878467683767,0.6870211344361425,0.3906044906022596,-0.0343838070132194,0.0247061303372076,-0.0247061303372076
TSLA_2017-05-18,TSLA,2017-05-18,20.46666717529297,20.929332733154297,20.35400009155273,20.87066650390625,84807000.0,0.1640081510696682,0.7035424717202117,0.4337753113949399,0.0227042466250189,0.02429481015796,-0.02429481015796
TSLA_2017-05-19,TSLA,2017-05-19,21.03333282470703,21.100000381469727,20.68000030517578,20.722000122070312,70314000.0,0.1417918918169045,0.6899363872325237,0.4158641395247141,-0.0071232215707204,0.0242949971832901,-0.0242949971832901
TSLA_2017-05-22,TSLA,2017-05-22,20.85333251953125,20.95800018310547,20.453332901000977,20.690000534057617,64938000.0,0.1188219297584243,0.6450228194860741,0.3819223746222492,-0.0015442325945463,0.0242067822912545,-0.0242067822912545
TSLA_2017-05-23,TSLA,2017-05-23,20.69733238220215,20.71533393859864,20.23200035095215,20.257333755493164,64776000.0,0.1109649328803423,0.6423089020148389,0.3766369174475906,-0.020911878559512,0.0242964302362771,-0.0242964302362771
TSLA_2017-05-24,TSLA,2017-05-24,20.43400001525879,20.733333587646484,20.36000061035156,20.68133354187012,75499500.0,0.2118442259675024,0.6812269713586832,0.4465355986630928,0.0209306807842855,0.0228904732957137,-0.0228904732957137
TSLA_2017-05-25,TSLA,2017-05-25,20.73466682434082,21.131332397460938,20.520666122436523,21.121999740600582,75210000.0,0.2328015504295373,0.6573206386948811,0.4450610945622092,0.0213074363816199,0.0230024730742428,-0.0230024730742428
TSLA_2017-05-26,TSLA,2017-05-26,21.152000427246094,21.69933319091797,21.08733367919922,21.676000595092773,117033000.0,0.3204728083712955,0.6834420561028007,0.5019574322370481,0.0262286176165078,0.0224234809684868,-0.0224234809684868
TSLA_2017-05-30,TSLA,2017-05-30,21.733333587646484,22.41866683959961,21.71733283996582,22.34000015258789,116743500.0,0.3404535978458611,0.7040427717486306,0.5222481847972459,0.0306329368548476,0.0226232788565445,-0.0226232788565445
TSLA_2017-05-31,TSLA,2017-05-31,22.512666702270508,22.85933303833008,22.3439998626709,22.733999252319336,149451000.0,0.3639309006054814,0.7387822796890569,0.5513565901472691,0.0176364859910622,0.0226710223989004,-0.0226710223989004
TSLA_2017-06-01,TSLA,2017-06-01,22.933332443237305,22.992000579833984,22.48600006103516,22.69133377075196,114120000.0,0.3588709239876915,0.7954846183223654,0.5771777711550284,-0.0018767257398859,0.0226847125212193,-0.0226847125212193
TSLA_2017-06-02,TSLA,2017-06-02,22.65133285522461,22.858667373657227,22.39533233642578,22.656667709350582,83853000.0,0.350916279057601,0.7943506127634246,0.5726334459105128,-0.0015277225107878,0.0227000594069033,-0.0227000594069033
TSLA_2017-06-05,TSLA,2017-06-05,22.56666755676269,23.22933387756348,22.28066635131836,23.15466690063477,101766000.0,0.3825882707741062,0.9096108305484844,0.6460995506612953,0.0219802487140974,0.0227839248157693,-0.0227839248157693
TSLA_2017-06-06,TSLA,2017-06-06,22.979999542236328,23.965999603271484,22.6646671295166,23.523332595825195,166302000.0,0.4194054449092803,0.944398530877986,0.6819019878936331,0.0159218742715023,0.0227302785862467,-0.0227302785862467
TSLA_2017-06-07,TSLA,2017-06-07,23.756000518798828,24.03333282470703,23.676000595092773,23.976667404174805,140970000.0,0.4568396607983653,0.9253213252050464,0.6910804930017058,0.0192717084836042,0.0227328954120646,-0.0227328954120646
TSLA_2017-06-08,TSLA,2017-06-08,24.25,24.793333053588867,24.014667510986328,24.666667938232425,135922500.0,0.5108207174963753,0.9908528857729888,0.750836801634682,0.0287779999791579,0.0228334435580562,-0.0228334435580562
TSLA_2017-06-09,TSLA,2017-06-09,24.961332321166992,25.12466621398925,23.65333366394043,23.821332931518555,258921000.0,0.4662890869393348,0.849961087718976,0.6581250873291554,-0.0342703363433871,0.0233699379275591,-0.0233699379275591
TSLA_2017-06-12,TSLA,2017-06-12,23.86599922180176,24.299999237060547,23.37466621398925,23.93400001525879,157765500.0,0.4583824417309323,0.8670238047856558,0.6627031232582941,0.0047296716797555,0.0233656699890258,-0.0233656699890258
TSLA_2017-06-13,TSLA,2017-06-13,24.507999420166016,25.06666755676269,24.44066619873047,25.06333351135254,177118500.0,0.4571704883499816,0.9562389146156318,0.7067047014828067,0.0471853219425819,0.0233407948267136,-0.0233407948267136
TSLA_2017-06-14,TSLA,2017-06-14,25.4060001373291,25.61666679382324,25.08733367919922,25.37733268737793,192276000.0,0.4885229054109388,0.9781738279217282,0.7333483666663335,0.0125282287722485,0.0232734164750635,-0.0232734164750635
TSLA_2017-06-15,TSLA,2017-06-15,24.83333206176757,25.03066635131836,24.432666778564453,25.022666931152344,156397500.0,0.4323221473754959,0.8942215638829316,0.6632718556292138,-0.0139756908495741,0.0232981677447895,-0.0232981677447895
TSLA_2017-06-16,TSLA,2017-06-16,25.19866752624512,25.200666427612305,24.67333221435547,24.76000022888184,100965000.0,0.420267772068253,0.8692435215881307,0.6447556468281919,-0.0104971505632556,0.0233690886822069,-0.0233690886822069
TSLA_2017-06-19,TSLA,2017-06-19,25.0,25.11333274841309,24.520000457763672,24.65333366394043,98239500.0,0.4118815913064746,0.8716469626826775,0.641764276994576,-0.0043080195458554,0.0233982808029955,-0.0233982808029955
TSLA_2017-06-20,TSLA,2017-06-20,25.1113338470459,25.2586669921875,24.648666381835938,24.81599998474121,111580500.0,0.4849210234171786,0.8383129954008728,0.6616170094090257,0.0065981470505429,0.0225533613489661,-0.0225533613489661
TSLA_2017-06-21,TSLA,2017-06-21,24.956666946411133,25.132667541503903,24.534666061401367,25.09333229064941,73848000.0,0.4760204082777473,0.856656581418352,0.6663384948480496,0.0111755442488203,0.0225196346573149,-0.0225196346573149
TSLA_2017-06-22,TSLA,2017-06-22,25.19933319091797,25.666667938232425,24.90466690063477,25.507333755493164,112947000.0,0.5017270796430762,0.832511149514175,0.6671191145786256,0.0164984650124775,0.0225347435339154,-0.0225347435339154
TSLA_2017-06-23,TSLA,2017-06-23,25.49666786193848,25.79933357238769,25.290000915527344,25.56333351135254,96687000.0,0.457098301400864,0.8461722937696026,0.6516352975852333,0.0021954374532506,0.0222903537841436,-0.0222903537841436
TSLA_2017-06-26,TSLA,2017-06-26,25.779333114624023,25.796667098999023,24.87333297729492,25.166000366210938,99061500.0,0.3969727918021988,0.8109379193699353,0.603955355586067,-0.0155430881095827,0.0222982534486714,-0.0222982534486714
TSLA_2017-06-27,TSLA,2017-06-27,25.09333229064941,25.09333229064941,24.134666442871094,24.15800094604492,104946000.0,0.3060731330833943,0.6985563528247167,0.5023147429540555,-0.0400540175434236,0.0228558506351226,-0.0228558506351226
TSLA_2017-06-28,TSLA,2017-06-28,24.44533348083496,24.78266716003418,24.167999267578125,24.74933242797852,94537500.0,0.3383804700378563,0.6910672496795476,0.514723859858702,0.0244776661468923,0.0229848567496442,-0.0229848567496442
TSLA_2017-06-29,TSLA,2017-06-29,24.707332611083984,24.733333587646484,23.606666564941406,24.049999237060547,123315000.0,0.2980353732465528,0.6417129187219612,0.469874145984257,-0.0282566486572135,0.0233593030588325,-0.0233593030588325
TSLA_2017-06-30,TSLA,2017-06-30,24.247333526611328,24.45133209228516,23.974666595458984,24.10733222961425,87727500.0,0.2993531600270986,0.6844139021084512,0.4918835310677749,0.0023839082899159,0.0233575138196424,-0.0233575138196424
TSLA_2017-07-03,TSLA,2017-07-03,24.682666778564453,24.75666618347168,23.433332443237305,23.507999420166016,94581000.0,0.1812273876920038,0.6501473355159528,0.4156873616039783,-0.0248610175418744,0.0219524307249335,-0.0219524307249335
TSLA_2017-07-05,TSLA,2017-07-05,23.14666748046875,23.14933204650879,21.755332946777344,21.80599975585937,255700500.0,0.0770167172472002,0.507396678687033,0.2922066979671166,-0.0724008723110061,0.0238304176198886,-0.0238304176198886
TSLA_2017-07-06,TSLA,2017-07-06,21.15066719055176,21.38599967956543,20.420000076293945,20.588666915893555,289867500.0,0.0468813009177189,0.3605445409371497,0.2037129209274343,-0.0558255917451669,0.0246172666936144,-0.0246172666936144
TSLA_2017-07-07,TSLA,2017-07-07,20.89999961853028,21.13333320617676,20.492000579833984,20.881332397460938,212653500.0,0.0486105696740004,0.3813450201861412,0.2149777949300708,0.0142148825255634,0.0246307820353944,-0.0246307820353944
TSLA_2017-07-10,TSLA,2017-07-10,20.86000061035156,21.19599914550781,20.20866775512696,21.06999969482422,207313500.0,0.0446552800079511,0.3800707466363053,0.2123630133221282,0.0090352135473033,0.0246059508385643,-0.0246059508385643
TSLA_2017-07-11,TSLA,2017-07-11,21.06666755676269,21.818666458129883,20.953332901000977,21.814666748046875,173391000.0,0.0474727035572153,0.4148218503574175,0.2311472769573164,0.0353425279548333,0.024665994887635,-0.024665994887635
TSLA_2017-07-12,TSLA,2017-07-12,22.02666664123535,22.206666946411133,21.63333320617676,21.968000411987305,155191500.0,0.0674095199559376,0.4335058924973789,0.2504577062266583,0.0070289253423574,0.0246221264465133,-0.0246221264465133
TSLA_2017-07-13,TSLA,2017-07-13,22.007333755493164,22.106666564941406,21.33133316040039,21.560667037963867,128917500.0,0.0895095182698155,0.4077830708715595,0.2486462945706875,-0.0185421233787471,0.024227845750604,-0.024227845750604
TSLA_2017-07-14,TSLA,2017-07-14,21.54599952697754,21.89466667175293,21.4146671295166,21.85199928283692,84378000.0,0.0782236623541139,0.4276753973206901,0.252949529837402,0.0135122092632884,0.0241057313426051,-0.0241057313426051
TSLA_2017-07-17,TSLA,2017-07-17,21.702667236328125,21.80666732788086,20.89666748046875,21.30466651916504,148153500.0,0.0601445963076252,0.3441429657044281,0.2021437810060267,-0.0250472625679505,0.0243061091700472,-0.0243061091700472
TSLA_2017-07-18,TSLA,2017-07-18,21.166667938232425,21.941999435424805,21.04400062561035,21.882667541503903,95605500.0,0.0932223723326257,0.3933272144829118,0.2432747934077688,0.0271302543890519,0.0245139964737086,-0.0245139964737086
TSLA_2017-07-19,TSLA,2017-07-19,21.881999969482425,22.11000061035156,21.54800033569336,21.68400001525879,95355000.0,0.0646111539065907,0.3645745686800332,0.214592861293312,-0.0090787618039852,0.0244660501125169,-0.0244660501125169
TSLA_2017-07-20,TSLA,2017-07-20,21.793333053588867,22.014667510986328,21.61333274841309,21.994667053222656,77493000.0,0.0906085795126696,0.3534623704376627,0.2220354749751661,0.0143270170515243,0.0244780658999561,-0.0244780658999561
TSLA_2017-07-21,TSLA,2017-07-21,21.964000701904297,22.083999633789062,21.71999931335449,21.8933334350586,73524000.0,0.0746073536155154,0.341887059438039,0.2082472065267772,-0.0046071903665942,0.0244658949361961,-0.0244658949361961
TSLA_2017-07-24,TSLA,2017-07-24,22.016000747680664,22.8933334350586,22.000667572021484,22.834667205810547,129556500.0,0.1119696233542244,0.3760243943227799,0.2439970088385021,0.0429963656993663,0.0250087047376529,-0.0250087047376529
TSLA_2017-07-25,TSLA,2017-07-25,23.0,23.040000915527344,22.27666664123535,22.63999938964844,104838000.0,0.0822524755521985,0.3338045332957273,0.2080285044239629,-0.0085250997707805,0.0249505751946686,-0.0249505751946686
TSLA_2017-07-26,TSLA,2017-07-26,22.69066619873047,23.03333282470703,22.541332244873047,22.92333221435547,72312000.0,0.1085855872218153,0.3512397897501689,0.2299126884859921,0.0125147010753265,0.0249308849125402,-0.0249308849125402
TSLA_2017-07-27,TSLA,2017-07-27,23.06666755676269,23.166667938232425,21.752666473388672,22.297332763671875,124536000.0,0.0836924560134975,0.3245415972872458,0.2041170266503716,-0.0273083967387415,0.0251883782946798,-0.0251883782946798
TSLA_2017-07-28,TSLA,2017-07-28,22.459333419799805,22.63999938964844,22.16733360290528,22.33799934387207,73206000.0,0.0668640575458512,0.3246491471843948,0.195756602365123,0.0018238316049374,0.0251046658533756,-0.0251046658533756
TSLA_2017-07-31,TSLA,2017-07-31,22.36666679382324,22.766000747680664,21.402666091918945,21.564666748046875,128026500.0,0.0019825011702694,0.2906275391962287,0.1463050201832491,-0.0346195997197636,0.0252731124234987,-0.0252731124234987
TSLA_2017-08-01,TSLA,2017-08-01,21.53333282470703,21.6299991607666,21.07533264160156,21.30466651916504,124546500.0,0.0021324217009257,0.2684872294787221,0.1353098255898239,-0.0120567700822635,0.025271935234442,-0.025271935234442
TSLA_2017-08-02,TSLA,2017-08-02,21.262666702270508,21.808000564575195,20.74799919128418,21.72599983215332,196372500.0,0.0478104141344946,0.307534957250525,0.1776726856925098,0.0197765739543147,0.0251822658749081,-0.0251822658749081
TSLA_2017-08-03,TSLA,2017-08-03,23.02199935913086,23.33333206176757,22.87666702270508,23.139333724975582,203025000.0,0.1747445428642668,0.3798051934019613,0.2772748681331141,0.0650526513735216,0.0255875155200069,-0.0255875155200069
TSLA_2017-08-04,TSLA,2017-08-04,23.13333320617676,23.81800079345703,22.88666725158692,23.79400062561035,139033500.0,0.157483372479289,0.4200852171180995,0.2887842947986943,0.0282923833683315,0.0252645776348666,-0.0252645776348666
TSLA_2017-08-07,TSLA,2017-08-07,23.82333374023437,23.96533393859864,23.51666641235352,23.67799949645996,94867500.0,0.1561899248295786,0.3778561253047405,0.2670230250671596,-0.0048752259435319,0.0252695161103557,-0.0252695161103557
TSLA_2017-08-08,TSLA,2017-08-08,23.8353328704834,24.57200050354004,23.82666778564453,24.347999572753903,111747000.0,0.1368361731756877,0.418440286866784,0.2776382300212359,0.028296312633764,0.0248802845593644,-0.0248802845593644
TSLA_2017-08-09,TSLA,2017-08-09,24.06666755676269,24.666667938232425,23.93000030517578,24.235332489013672,103381500.0,0.1177971337515457,0.3870954853302708,0.2524463095409083,-0.0046273651107793,0.024862252455998,-0.024862252455998
TSLA_2017-08-10,TSLA,2017-08-10,24.106666564941406,24.44333267211914,23.643999099731445,23.69333267211914,106393500.0,0.0999689723801053,0.3202079831892583,0.2100884777846818,-0.0223640347059497,0.0250301709813593,-0.0250301709813593
TSLA_2017-08-11,TSLA,2017-08-11,23.79800033569336,24.083999633789062,23.57466697692871,23.857999801635746,65487000.0,0.1017826055859403,0.329235151676291,0.2155088786311156,0.0069499353170512,0.0250347469108673,-0.0250347469108673
TSLA_2017-08-14,TSLA,2017-08-14,24.308666229248047,24.51066780090332,24.17333221435547,24.253332138061523,67788000.0,0.1517031455855668,0.2965074006791208,0.2241052731323438,0.0165702212973726,0.0248163163418199,-0.0248163163418199
TSLA_2017-08-15,TSLA,2017-08-15,24.34666633605957,24.36599922180176,23.95800018310547,24.155332565307617,46276500.0,0.1429607114534685,0.2895223207744495,0.216241516113959,-0.004040664276399,0.0248297815482132,-0.0248297815482132
TSLA_2017-08-16,TSLA,2017-08-16,24.200000762939453,24.433332443237305,24.167999267578125,24.194000244140625,51207000.0,0.1855542221374815,0.2972190215477686,0.241386621842625,0.0016007926501722,0.0243791048387294,-0.0243791048387294
TSLA_2017-08-17,TSLA,2017-08-17,24.08066749572754,24.21999931335449,23.439332962036133,23.461332321166992,75415500.0,0.1241295200982615,0.3084959242524108,0.2163127221753361,-0.0302830418938708,0.0246013369083165,-0.0246013369083165
TSLA_2017-08-18,TSLA,2017-08-18,23.527332305908203,23.600000381469727,23.053333282470703,23.16399955749512,81123000.0,0.1178457398436125,0.276347202055506,0.1970964709495593,-0.0126733111147151,0.0246450084621763,-0.0246450084621763
TSLA_2017-08-21,TSLA,2017-08-21,23.05466651916504,23.05466651916504,22.12333297729492,22.52400016784668,97431000.0,0.0886418359811123,0.2179963597481422,0.1533190978646272,-0.0276290537849435,0.0249242469359915,-0.0249242469359915
TSLA_2017-08-22,TSLA,2017-08-22,22.742000579833984,22.81599998474121,22.4913330078125,22.75666618347168,64830000.0,0.1233791405199498,0.2480348314469229,0.1857069859834363,0.0103296933888827,0.0247783535998441,-0.0247783535998441
TSLA_2017-08-23,TSLA,2017-08-23,22.59933280944824,23.56599998474121,22.553333282470703,23.51799964904785,74317500.0,0.1371606962111411,0.3780616237006564,0.2576111599558988,0.0334554042071915,0.0249808683889953,-0.0249808683889953
TSLA_2017-08-24,TSLA,2017-08-24,23.501333236694336,23.777332305908203,23.31599998474121,23.52866744995117,68770500.0,0.1139412810769286,0.3732685383991028,0.2436049097380157,0.0004536015419045,0.0248635177823574,-0.0248635177823574
TSLA_2017-08-25,TSLA,2017-08-25,23.61599922180176,23.71266746520996,23.15333366394043,23.203332901000977,52260000.0,0.0704619055165542,0.4135158386319331,0.2419888720742437,-0.0138271557300142,0.0247463441519853,-0.0247463441519853
TSLA_2017-08-28,TSLA,2017-08-28,23.152000427246094,23.156667709350582,22.64800071716309,23.04400062561035,56460000.0,0.0315130021581897,0.382695314967731,0.2071041585629603,-0.0068667840120395,0.0244810373882467,-0.0244810373882467
TSLA_2017-08-29,TSLA,2017-08-29,22.631999969482425,23.270000457763672,22.58333206176757,23.15733337402344,61105500.0,0.0186211900953112,0.3893289171825254,0.2039750536389183,0.0049181021236015,0.0243921435506896,-0.0243921435506896
TSLA_2017-08-30,TSLA,2017-08-30,23.31133270263672,23.564666748046875,23.13333320617676,23.545333862304688,51193500.0,0.0376355176024731,0.4100127345669191,0.2238241260846961,0.0167549726911337,0.0244746013494891,-0.0244746013494891
TSLA_2017-08-31,TSLA,2017-08-31,23.56999969482422,23.895999908447266,23.521333694458008,23.726667404174805,61092000.0,0.0472267020265573,0.4147155996314799,0.2309711508290186,0.007701464032346,0.0244875586096997,-0.0244875586096997
TSLA_2017-09-01,TSLA,2017-09-01,23.7413330078125,23.839332580566406,23.57933235168457,23.69333267211914,45742500.0,0.0232638100040905,0.414752541619279,0.2190081758116847,-0.0014049479215862,0.0243416573947003,-0.0243416573947003
TSLA_2017-09-05,TSLA,2017-09-05,23.58666610717773,23.69933319091797,23.05933380126953,23.30599975585937,57526500.0,-0.0092390327382606,0.4062915115348979,0.1985262393983186,-0.0163477600057319,0.0243547999476786,-0.0243547999476786
TSLA_2017-09-06,TSLA,2017-09-06,23.299999237060547,23.398666381835938,22.770666122436523,22.96866607666016,61371000.0,-0.0420409271448263,0.3955927707570477,0.1767759218061106,-0.0144741132211847,0.0242983978599964,-0.0242983978599964
TSLA_2017-09-07,TSLA,2017-09-07,23.065332412719727,23.498666763305664,22.89666748046875,23.374000549316406,63588000.0,-0.0524054319842864,0.431645505145168,0.1896200365804407,0.0176472796157776,0.0241227238138643,-0.0241227238138643
TSLA_2017-09-08,TSLA,2017-09-08,23.266000747680664,23.318666458129883,22.81999969482422,22.8933334350586,48952500.0,-0.0389566570068837,0.4091673659065022,0.1851053544498092,-0.0205641782733621,0.0238743816738104,-0.0238743816738104
TSLA_2017-09-11,TSLA,2017-09-11,23.42333221435547,24.247333526611328,23.33333206176757,24.246000289916992,115006500.0,0.0130358600509439,0.4773937111420905,0.2452147855965172,0.059085622401626,0.0250157763522393,-0.0250157763522393
TSLA_2017-09-12,TSLA,2017-09-12,24.29933357238769,24.583999633789062,24.02666664123535,24.183332443237305,89593500.0,-0.0351110943688569,0.4060076378220121,0.1854482717265775,-0.0025846674061844,0.0242935582549777,-0.0242935582549777
TSLA_2017-09-13,TSLA,2017-09-13,24.25466728210449,24.538000106811523,23.9726676940918,24.415332794189453,62778000.0,-0.0379078410264508,0.4320962157483903,0.1970941873609697,0.0095933987384366,0.0242714125981296,-0.0242714125981296
TSLA_2017-09-14,TSLA,2017-09-14,24.288667678833008,25.19733238220215,24.17533302307129,25.176000595092773,108037500.0,0.0061277906292847,0.4410991176083003,0.2236134541187925,0.031155332074128,0.0245266253425272,-0.0245266253425272
TSLA_2017-09-15,TSLA,2017-09-15,24.96733283996582,25.33333206176757,24.84666633605957,25.320667266845703,81307500.0,0.0226440643287983,0.4524284068630857,0.237536235595942,0.0057462133910628,0.0244956502678913,-0.0244956502678913
TSLA_2017-09-18,TSLA,2017-09-18,25.350000381469727,25.974000930786133,25.178667068481445,25.666667938232425,107820000.0,0.0411033366969824,0.4699146357302159,0.2555089862135992,0.0136647532918601,0.0245415746161657,-0.0245415746161657
TSLA_2017-09-19,TSLA,2017-09-19,25.33333206176757,25.49266624450684,24.90466690063477,25.00666618347168,96778500.0,0.0076831962785179,0.4963299630981908,0.2520065796883544,-0.0257143528076593,0.024758043149413,-0.024758043149413
TSLA_2017-09-20,TSLA,2017-09-20,24.86666679382324,25.21666717529297,24.738000869750977,24.92733383178711,73786500.0,-0.0066152417279452,0.4662561764816095,0.2298204673768321,-0.0031724481425279,0.0247235124977682,-0.0247235124977682
TSLA_2017-09-21,TSLA,2017-09-21,24.99333381652832,25.121999740600582,24.30066680908203,24.43199920654297,69273000.0,-0.0421578577854541,0.4384174829869181,0.1981298126007319,-0.0198711434037319,0.0247612975819037,-0.0247612975819037
TSLA_2017-09-22,TSLA,2017-09-22,24.432666778564453,24.65999984741211,23.39200019836425,23.4060001373291,122391000.0,-0.0843917078758674,0.3341312872026196,0.124869789663376,-0.0419940693571692,0.0253070010604722,-0.0253070010604722
TSLA_2017-09-25,TSLA,2017-09-25,23.543333053588867,23.83133316040039,22.858667373657227,22.99933242797852,114088500.0,-0.0860950451682218,0.2767003561932115,0.0953026555124948,-0.0173745068343398,0.0253249251701626,-0.0253249251701626
TSLA_2017-09-26,TSLA,2017-09-26,23.39533233642578,23.416000366210938,22.726667404174805,23.01666641235352,107344500.0,-0.0472445769101708,0.244368260497128,0.0985618417934786,0.0007536733698372,0.0248298598129552,-0.0248298598129552
TSLA_2017-09-27,TSLA,2017-09-27,23.32666778564453,23.432666778564453,22.700000762939453,22.731332778930664,90904500.0,-0.0815375386354484,0.229252220753215,0.0738573410588833,-0.0123968270778652,0.0246665120117602,-0.0246665120117602
TSLA_2017-09-28,TSLA,2017-09-28,22.658666610717773,22.850000381469727,22.36000061035156,22.63999938964844,79794000.0,-0.0586278541431022,0.2219343447112667,0.0816532452840822,-0.0040179513524556,0.0244231284588593,-0.0244231284588593
TSLA_2017-09-29,TSLA,2017-09-29,22.790666580200195,22.978666305541992,22.57333374023437,22.739999771118164,76606500.0,-0.0567185305065157,0.225655758181364,0.0844686138374241,0.0044169780991887,0.0244285640391627,-0.0244285640391627
TSLA_2017-10-02,TSLA,2017-10-02,22.834667205810547,22.913333892822266,22.367332458496094,22.768667221069336,79302000.0,-0.0314502389540836,0.1440775040899824,0.0563136325679494,0.0012606618399171,0.0242315828798442,-0.0242315828798442
TSLA_2017-10-03,TSLA,2017-10-03,22.3933334350586,23.23666763305664,22.0853328704834,23.209333419799805,152304000.0,0.0643553920779693,0.1463285503601712,0.1053419712190703,0.0193540620736329,0.022520069780475,-0.022520069780475
TSLA_2017-10-04,TSLA,2017-10-04,23.416667938232425,23.90800094604492,23.30666732788086,23.66733360290528,122452500.0,0.1495321042196826,0.2034236647121841,0.1764778844659333,0.0197334483856721,0.0214169859615055,-0.0214169859615055
TSLA_2017-10-05,TSLA,2017-10-05,23.733333587646484,23.82933235168457,23.42333221435547,23.68866729736328,62575500.0,0.134442326115344,0.1895882138501092,0.1620152699827266,0.0009013983077241,0.0213645271860282,-0.0213645271860282
TSLA_2017-10-06,TSLA,2017-10-06,23.540000915527344,24.00666618347168,23.483333587646484,23.79199981689453,64462500.0,0.1291884272185806,0.1796126526177641,0.1544005399181723,0.0043621077637723,0.021348613910109,-0.021348613910109
TSLA_2017-10-09,TSLA,2017-10-09,23.309999465942383,23.450000762939453,22.844667434692383,22.862667083740234,112405500.0,0.0480410884932354,0.0977944324030559,0.0729177604481456,-0.0390607237855804,0.0215400685929599,-0.0215400685929599
TSLA_2017-10-10,TSLA,2017-10-10,23.1200008392334,23.70866775512696,23.03533363342285,23.70599937438965,104677500.0,0.0791150277589201,0.1518576537573874,0.1154863407581537,0.0368868727152653,0.0219990788941075,-0.0219990788941075
TSLA_2017-10-11,TSLA,2017-10-11,23.59266662597656,23.84000015258789,23.40999984741211,23.63999938964844,67512000.0,0.0964410028698694,0.1945829088480248,0.1455119558589471,-0.0027841047196056,0.0218572823558568,-0.0218572823558568
TSLA_2017-10-12,TSLA,2017-10-12,23.530000686645508,23.985332489013672,23.50933265686035,23.71199989318848,61305000.0,0.0851180977208088,0.1700000094112597,0.1275590535660342,0.0030457066581637,0.0218057339700069,-0.0218057339700069
TSLA_2017-10-13,TSLA,2017-10-13,23.798667907714844,23.89933204650879,23.57866668701172,23.704666137695312,53107500.0,0.1126513581600212,0.1795713249276866,0.1461113415438539,-0.0003092845616651,0.0215405558084944,-0.0215405558084944
TSLA_2017-10-16,TSLA,2017-10-16,23.583999633789062,23.631999969482425,23.143999099731445,23.37333297729492,80632500.0,0.0681208281834806,0.1676935857246335,0.1179072069540571,-0.0139775501783383,0.0213867068742189,-0.0213867068742189
TSLA_2017-10-17,TSLA,2017-10-17,23.393999099731445,23.74799919128418,23.33799934387207,23.71666717529297,49399500.0,0.0937404149881855,0.1644082452748456,0.1290743301315156,0.0146891416098666,0.0214108356210407,-0.0214108356210407
TSLA_2017-10-18,TSLA,2017-10-18,23.731332778930664,24.200000762939453,23.608667373657227,23.976667404174805,74086500.0,0.0901127689796852,0.1888863384855574,0.1394995537326213,0.0109627641590674,0.0213828772982261,-0.0213828772982261
TSLA_2017-10-19,TSLA,2017-10-19,23.70400047302246,23.809999465942383,23.21333312988281,23.45400047302246,75927000.0,0.0712850348985552,0.1512107763202415,0.1112479056093983,-0.0217989815824586,0.0215721488536653,-0.0215721488536653
TSLA_2017-10-20,TSLA,2017-10-20,23.512666702270508,23.63666725158692,22.95599937438965,23.00666618347168,73956000.0,0.0075323619175569,0.1203453809986578,0.0639388714581074,-0.0190728353598065,0.0210491173172307,-0.0210491173172307
TSLA_2017-10-23,TSLA,2017-10-23,23.32533264160156,23.32999992370605,22.416667938232425,22.468000411987305,86209500.0,-0.0075971281933769,0.0740304647578287,0.0332166682822258,-0.023413464914415,0.0212329757632428,-0.0212329757632428
TSLA_2017-10-24,TSLA,2017-10-24,22.58666610717773,22.85333251953125,22.4106674194336,22.48933219909668,67375500.0,-0.0189326757209844,0.0875970957899876,0.0343322100345016,0.0009494297097303,0.0211738150226227,-0.0211738150226227
TSLA_2017-10-25,TSLA,2017-10-25,22.446666717529297,22.5,21.570667266845703,21.7226676940918,128911500.0,-0.025772816671434,0.0557626490164455,0.0149949161725057,-0.0340901409707342,0.0213311074954959,-0.0213311074954959
TSLA_2017-10-26,TSLA,2017-10-26,21.85199928283692,22.01533317565918,21.546667098999023,21.744667053222656,75352500.0,-0.0265615680937058,0.0385264752346197,0.0059824535704569,0.0010127374519861,0.0213301158914005,-0.0213301158914005
TSLA_2017-10-27,TSLA,2017-10-27,21.31666755676269,21.639333724975582,21.11066627502441,21.391332626342773,104695500.0,-0.0080378762041292,-0.0060713101328409,-0.007054593168485,-0.0162492452064249,0.0209746674538065,-0.0209746674538065
TSLA_2017-10-30,TSLA,2017-10-30,21.27866744995117,21.5853328704834,21.14999961853028,21.338666915893555,63816000.0,0.0015959131159331,0.0037317379766199,0.0026638255462765,-0.0024620116646852,0.0209198340061484,-0.0209198340061484
TSLA_2017-10-31,TSLA,2017-10-31,21.34866714477539,22.1299991607666,21.345333099365234,22.10199928283692,85084500.0,0.0173064279475478,0.0659442695694036,0.0416253487584757,0.0357722612172561,0.0212551638598105,-0.0212551638598105
TSLA_2017-11-01,TSLA,2017-11-01,22.14999961853028,22.17399978637696,21.35066795349121,21.405332565307617,126859500.0,-0.0749373849859972,0.0867122587954478,0.0058874369047253,-0.0315205293699513,0.0199674443381457,-0.0199674443381457
TSLA_2017-11-02,TSLA,2017-11-02,20.0086669921875,20.57933235168457,19.5086669921875,19.950666427612305,296871000.0,-0.1615253465977186,-0.0294795304415244,-0.0955024385196215,-0.0679581189994189,0.0213231306693778,-0.0213231306693778
TSLA_2017-11-03,TSLA,2017-11-03,19.96666717529297,20.416667938232425,19.67533302307129,20.4060001373291,133410000.0,-0.1381873227769959,-0.0035808655043571,-0.0708840941406765,0.0228229824486765,0.0215590337883849,-0.0215590337883849
TSLA_2017-11-06,TSLA,2017-11-06,20.46666717529297,20.5,19.93400001525879,20.185333251953125,97290000.0,-0.1709654342798214,-0.057523516876304,-0.1142444755780627,-0.0108138235759542,0.0212293953377333,-0.0212293953377333
TSLA_2017-11-07,TSLA,2017-11-07,20.06800079345703,20.433332443237305,20.00200080871582,20.40333366394043,79414500.0,-0.158116206031436,-0.0589447081500623,-0.1085304570907492,0.0107999411882986,0.0212962499956037,-0.0212962499956037
TSLA_2017-11-08,TSLA,2017-11-08,20.36666679382324,20.459333419799805,20.08666610717773,20.292667388916016,70879500.0,-0.1435283642982322,-0.0579077750044185,-0.1007180696513254,-0.0054239310520123,0.0211478783794435,-0.0211478783794435
TSLA_2017-11-09,TSLA,2017-11-09,20.166667938232425,20.297332763671875,19.753332138061523,20.19933319091797,81706500.0,-0.1533517747144475,-0.0671777123301716,-0.1102647435223095,-0.0045994051057588,0.0211170071544583,-0.0211170071544583
TSLA_2017-11-10,TSLA,2017-11-10,20.166667938232425,20.55733299255371,20.12333297729492,20.19933319091797,69381000.0,-0.1671522463002717,-0.0408066222701495,-0.1039794342852106,0.0,0.0209794263058867,-0.0209794263058867
TSLA_2017-11-13,TSLA,2017-11-13,20.0086669921875,21.1200008392334,19.94066619873047,21.02666664123535,113773500.0,-0.129522784073183,-0.0050787419802507,-0.0673007630267168,0.0409584535537721,0.021686519260924,-0.021686519260924
TSLA_2017-11-14,TSLA,2017-11-14,21.0,21.09000015258789,20.459999084472656,20.57999992370605,85141500.0,-0.1493758900539741,0.0084610049984481,-0.0704574425277629,-0.0212428686462999,0.0218164814668553,-0.0218164814668553
TSLA_2017-11-15,TSLA,2017-11-15,20.40066719055176,20.832666397094727,20.100000381469727,20.753332138061523,89680500.0,-0.1154239727750794,-0.0056219750252233,-0.0605229739001513,0.0084223622448031,0.0215600827733442,-0.0215600827733442
TSLA_2017-11-16,TSLA,2017-11-16,20.932666778564453,21.209333419799805,20.753332138061523,20.83333206176757,87331500.0,-0.1006159359458898,0.0053726444861219,-0.0476216457298839,0.0038547989871624,0.0215251257870532,-0.0215251257870532
TSLA_2017-11-17,TSLA,2017-11-17,21.711332321166992,21.777999877929688,20.87666702270508,21.003332138061523,206026500.0,-0.0675132311513623,0.0151441080674761,-0.026184561541943,0.0081600041601568,0.0212941880344393,-0.0212941880344393
TSLA_2017-11-20,TSLA,2017-11-20,20.91933250427246,21.03333282470703,20.31666755676269,20.582666397094727,123715500.0,-0.0955324373460266,0.0160599931623943,-0.0397362220918161,-0.0200285239599902,0.0213796333386291,-0.0213796333386291
TSLA_2017-11-21,TSLA,2017-11-21,20.724000930786133,21.21533393859864,20.58066749572754,21.187332153320312,108919500.0,-0.0991014342421719,0.0244664402527903,-0.0373174969946908,0.0293774258669874,0.0212784370362047,-0.0212784370362047
TSLA_2017-11-22,TSLA,2017-11-22,21.11800003051757,21.161333084106445,20.78933334350586,20.84000015258789,73764000.0,-0.1142719749464119,-0.0133509890860681,-0.06381148201624,-0.0163933806398551,0.0213600653971171,-0.0213600653971171
TSLA_2017-11-24,TSLA,2017-11-24,20.91933250427246,21.0939998626709,20.733333587646484,21.036666870117188,48661500.0,-0.0933773626456189,-0.0294950040331851,-0.061436183339402,0.0094369825378755,0.0213481062944485,-0.0213481062944485
TSLA_2017-11-27,TSLA,2017-11-27,20.88333320617676,21.1560001373291,20.63400077819824,21.12066650390625,68338500.0,-0.0834635510106075,-0.0545807359155452,-0.0690221434630763,0.0039930105994303,0.0213465209522708,-0.0213465209522708
TSLA_2017-11-28,TSLA,2017-11-28,21.09066772460937,21.33333206176757,20.92799949645996,21.170000076293945,74242500.0,-0.0858187454328731,-0.0687956025100084,-0.0773071739714408,0.0023357961917807,0.0213371437943483,-0.0213371437943483
TSLA_2017-11-29,TSLA,2017-11-29,21.15333366394043,21.200000762939453,20.082000732421875,20.502666473388672,131511000.0,-0.1292259182524154,-0.0964538849710269,-0.1128399016117212,-0.0315226074870236,0.0215478465863665,-0.0215478465863665
TSLA_2017-11-30,TSLA,2017-11-30,20.570667266845703,20.71333312988281,20.30266761779785,20.59000015258789,65274000.0,-0.1322000767387586,-0.0912167483442307,-0.1117084125414947,0.0042596254156781,0.0215272969314782,-0.0215272969314782
TSLA_2017-12-01,TSLA,2017-12-01,20.362667083740234,20.6879997253418,20.33666610717773,20.435333251953125,64393500.0,-0.1375070136924987,-0.1174421407291804,-0.1274745772108396,-0.0075117483967248,0.0215382315730188,-0.0215382315730188
TSLA_2017-12-04,TSLA,2017-12-04,20.433332443237305,20.551332473754883,20.040666580200195,20.34666633605957,87526500.0,-0.126977321324986,-0.1350432064345085,-0.1310102638797473,-0.0043389023707298,0.0214632595392195,-0.0214632595392195
TSLA_2017-12-05,TSLA,2017-12-05,20.13333320617676,20.53333282470703,20.06666755676269,20.24666786193848,69697500.0,-0.1185091988205473,-0.1555678893717672,-0.1370385440961573,-0.0049147350464909,0.0214068331785057,-0.0214068331785057
TSLA_2017-12-06,TSLA,2017-12-06,20.00666618347168,20.892667770385746,20.0,20.88400077819824,107929500.0,-0.1065286092496045,-0.1533513634474801,-0.1299399863485423,0.0314784102058529,0.0216784252483415,-0.0216784252483415
TSLA_2017-12-07,TSLA,2017-12-07,20.799999237060547,21.242000579833984,20.73666763305664,20.74933242797852,71709000.0,-0.0936517616869538,-0.1289600591357086,-0.1113059104113312,-0.0064483980655807,0.0215513542174607,-0.0215513542174607
TSLA_2017-12-08,TSLA,2017-12-08,20.97333335876465,21.131999969482425,20.750667572021484,21.0086669921875,52027500.0,-0.1335203026899153,-0.1222249946187968,-0.1278726486543561,0.0124984533892422,0.0202019104237645,-0.0202019104237645
TSLA_2017-12-11,TSLA,2017-12-11,20.97533226013184,21.93400001525879,20.916667938232425,21.92733383178711,119070000.0,-0.0932873340241853,-0.1251230080047,-0.1092051710144426,0.043727992829875,0.0210093679799283,-0.0210093679799283
TSLA_2017-12-12,TSLA,2017-12-12,22.030000686645508,22.762666702270508,22.00200080871582,22.735332489013672,130998000.0,-0.0688092322696334,-0.1041086638580549,-0.0864589480638441,0.0368489239697369,0.02151262827051,-0.02151262827051
TSLA_2017-12-13,TSLA,2017-12-13,22.728666305541992,22.94799995422364,22.433332443237305,22.60199928283692,93322500.0,-0.1022402784959247,-0.0967389948871427,-0.0994896366915337,-0.0058645813181391,0.0211249617979947,-0.0211249617979947
TSLA_2017-12-14,TSLA,2017-12-14,22.733999252319336,23.16266632080078,22.459999084472656,22.525999069213867,86998500.0,-0.1103710328080931,-0.090226217246237,-0.100298625027165,-0.0033625438472058,0.0211058010748441,-0.0211058010748441
TSLA_2017-12-15,TSLA,2017-12-15,22.80266761779785,22.926666259765625,22.38400077819824,22.89666748046875,103998000.0,-0.1079220904104015,-0.0712547117326,-0.0895884010715007,0.0164551374665318,0.021141322971281,-0.021141322971281
TSLA_2017-12-18,TSLA,2017-12-18,22.99333381652832,23.115333557128903,22.505332946777344,22.591333389282227,82143000.0,-0.096587556952549,-0.0896464618321599,-0.0931170093923545,-0.0133353070461882,0.0209703245014851,-0.0209703245014851
TSLA_2017-12-19,TSLA,2017-12-19,22.68400001525879,22.766000747680664,22.020000457763672,22.07333374023437,102375000.0,-0.1144927937665496,-0.1203506379876214,-0.1174217158770855,-0.0229291312788825,0.0211443582951774,-0.0211443582951774
TSLA_2017-12-20,TSLA,2017-12-20,22.179332733154297,22.206666946411133,21.66933250427246,21.93199920654297,89307000.0,-0.1023248232314321,-0.1401688856711739,-0.121246854451303,-0.006402953688585,0.0210254996680669,-0.0210254996680669
TSLA_2017-12-21,TSLA,2017-12-21,21.9726676940918,22.24933242797852,21.81399917602539,22.11066627502441,65778000.0,-0.0553419573914649,-0.1350632629658732,-0.0952026101786691,0.0081464104935833,0.0204076018691903,-0.0204076018691903
TSLA_2017-12-22,TSLA,2017-12-22,21.96733283996582,22.06133270263672,21.65466690063477,21.68000030517578,63237000.0,-0.0573639311894887,-0.1385202261109248,-0.0979420786502068,-0.0194777472777967,0.0204370229647829,-0.0204370229647829
TSLA_2017-12-26,TSLA,2017-12-26,21.588666915893555,21.59600067138672,21.10533332824707,21.152666091918945,65676000.0,-0.0809848084444637,-0.1244032923435247,-0.1026940503939942,-0.0243235334794226,0.0206507386788284,-0.0206507386788284
TSLA_2017-12-27,TSLA,2017-12-27,21.06666755676269,21.178667068481445,20.71666717529297,20.775999069213867,70681500.0,-0.0860193165413145,-0.1605430518308807,-0.1232811841860976,-0.0178070707998826,0.020709518196675,-0.020709518196675
TSLA_2017-12-28,TSLA,2017-12-28,20.78333282470703,21.05466651916504,20.63599967956543,21.02400016784668,64744500.0,-0.0713780594243582,-0.1258211711105115,-0.0985996152674348,0.0119369036264689,0.0207721454717222,-0.0207721454717222
TSLA_2017-12-29,TSLA,2017-12-29,21.07866668701172,21.0939998626709,20.666667938232425,20.75666618347168,56658000.0,-0.0872178367462208,-0.1389894997185338,-0.1131036682323773,-0.0127156574505669,0.0208127044693539,-0.0208127044693539
TSLA_2018-01-02,TSLA,2018-01-02,20.799999237060547,21.474000930786133,20.733333587646484,21.368667602539062,65283000.0,-0.0614879915867346,-0.0910044185126087,-0.0762462050496717,0.0294845720241294,0.0211679883974301,-0.0211679883974301
TSLA_2018-01-03,TSLA,2018-01-03,21.39999961853028,21.683332443237305,21.036666870117188,21.14999961853028,67822500.0,-0.0887286922041764,-0.0300834699015724,-0.0594060810528744,-0.0102331127085715,0.0210417987756551,-0.0210417987756551
TSLA_2018-01-04,TSLA,2018-01-04,20.857999801635746,21.23666763305664,20.3786678314209,20.974666595458984,149194500.0,-0.1137714561608139,0.0187481628190047,-0.0475116466709046,-0.0082899775997007,0.0208865815756211,-0.0208865815756211
TSLA_2018-01-05,TSLA,2018-01-05,21.107999801635746,21.14933204650879,20.799999237060547,21.10533332824707,68868000.0,-0.1090535797851217,0.0107273293927052,-0.0491631251962082,0.0062297406346556,0.0209080622712009,-0.0209080622712009
TSLA_2018-01-08,TSLA,2018-01-08,21.06666755676269,22.468000411987305,21.03333282470703,22.42733383178711,147891000.0,-0.0573581874415778,0.0644202257533166,0.0035310191558693,0.0626382195902441,0.0224118361262443,-0.0224118361262443
TSLA_2018-01-09,TSLA,2018-01-09,22.3439998626709,22.58666610717773,21.82666778564453,22.246000289916992,107199000.0,-0.0269726533463723,0.0197726395205526,-0.0036000069129098,-0.0080853811349214,0.02189018623956,-0.02189018623956
TSLA_2018-01-10,TSLA,2018-01-10,22.14666748046875,22.46666717529297,22.0,22.31999969482422,64648500.0,-0.0584661991117223,0.0160232736815153,-0.0212214627151035,0.0033264139145394,0.0213754404876508,-0.0213754404876508
TSLA_2018-01-11,TSLA,2018-01-11,22.34933280944824,22.98733329772949,22.21733283996582,22.530000686645508,99682500.0,-0.046954261068593,0.0449584257748076,-0.0009979176468926,0.0094086467156173,0.02141172162503,-0.02141172162503
TSLA_2018-01-12,TSLA,2018-01-12,22.57533264160156,22.694000244140625,22.244667053222656,22.4146671295166,72376500.0,-0.0547120769870006,0.0257490328183203,-0.0144815220843401,-0.0051191102358585,0.0214143910794175,-0.0214143910794175
TSLA_2018-01-16,TSLA,2018-01-16,22.502666473388672,23.0,22.31999969482422,22.67066764831543,97114500.0,-0.0436200401800054,0.0641174612107435,0.010248710515369,0.0114211162414148,0.0214684847361916,-0.0214684847361916
TSLA_2018-01-17,TSLA,2018-01-17,22.69799995422364,23.26666641235352,22.64999961853028,23.143999099731445,106552500.0,-0.0098117747172066,0.0576406672465881,0.0239144462646907,0.020878584555104,0.0215639892729037,-0.0215639892729037
TSLA_2018-01-18,TSLA,2018-01-18,23.044666290283203,23.48666763305664,22.916000366210938,22.971332550048828,85287000.0,-0.0314266173967562,0.0593678534349824,0.013970618019113,-0.0074605321638048,0.0215023033626076,-0.0215023033626076
TSLA_2018-01-19,TSLA,2018-01-19,23.0,23.37266731262207,22.84000015258789,23.334667205810547,73324500.0,-0.0267760397031855,0.0609238661965356,0.017073913246675,0.015816873268893,0.0215518775416926,-0.0215518775416926
TSLA_2018-01-22,TSLA,2018-01-22,23.293333053588867,23.85533332824707,23.280000686645508,23.437332153320312,93156000.0,-0.0007106813066419,0.0705236926501675,0.0349065056717627,0.0043996748101984,0.0213805195138207,-0.0213805195138207
TSLA_2018-01-23,TSLA,2018-01-23,24.0,24.03333282470703,23.39999961853028,23.519332885742188,81981000.0,0.0222833981326167,0.0299836066696614,0.026133502401139,0.0034987229726255,0.0212407855817873,-0.0212407855817873
TSLA_2018-01-24,TSLA,2018-01-24,23.6386661529541,23.64999961853028,22.90133285522461,23.05933380126953,79312500.0,0.0263189148317237,0.0185218384684595,0.0224203766500916,-0.019558338950656,0.0211760269612511,-0.0211760269612511
TSLA_2018-01-25,TSLA,2018-01-25,23.218000411987305,23.280000686645508,22.426666259765625,22.50933265686035,101104500.0,0.0008893308874895,-0.0180601822467962,-0.0085854256796533,-0.0238515626318267,0.0213993956885608,-0.0213993956885608
TSLA_2018-01-26,TSLA,2018-01-26,22.76666641235352,22.933332443237305,22.38066673278809,22.856666564941406,68091000.0,0.0522034810281628,0.0250852336105791,0.0386443573193709,0.0154306621780364,0.0210242843380425,-0.0210242843380425
TSLA_2018-01-29,TSLA,2018-01-29,22.656667709350582,23.38999938964844,22.552000045776367,23.302000045776367,71206500.0,0.0716190773922613,0.0431551942975927,0.057387135844927,0.0194837457846119,0.021152509010603,-0.021152509010603
TSLA_2018-01-30,TSLA,2018-01-30,23.00933265686035,23.218000411987305,22.81133270263672,23.05466651916504,70765500.0,0.0777573759371084,0.0690944955712387,0.0734259357541735,-0.0106142616996586,0.0210888435430209,-0.0210888435430209
TSLA_2018-01-31,TSLA,2018-01-31,23.16733360290528,23.746000289916992,23.012666702270508,23.62066650390625,93211500.0,0.1069419939402591,0.1087085771869653,0.1078252855636122,0.0245503436048706,0.021282605497456,-0.021282605497456
TSLA_2018-02-01,TSLA,2018-02-01,23.39999961853028,23.977333068847656,23.242000579833984,23.28333282470703,62965500.0,0.0534491711248703,0.071680613301347,0.0625648922131086,-0.0142812938467858,0.0209266174063974,-0.0209266174063974
TSLA_2018-02-02,TSLA,2018-02-02,23.22933387756348,23.46333312988281,22.700666427612305,22.916667938232425,55572000.0,0.0706055544016299,-0.009622826196712,0.0304913641024589,-0.0157479553822947,0.0206229116828444,-0.0206229116828444
TSLA_2018-02-05,TSLA,2018-02-05,22.531333923339844,22.96466636657715,22.200000762939453,22.20866775512696,66961500.0,0.1131792431950802,-0.0666274198873912,0.0232759116538444,-0.0308945517303713,0.0190869973191608,-0.0190869973191608
TSLA_2018-02-06,TSLA,2018-02-06,21.680667877197266,22.4146671295166,21.56666755676269,22.264667510986328,76326000.0,0.0910843556379836,-0.0596896703914929,0.0156973426232453,0.0025215270216485,0.0188981680561216,-0.0188981680561216
TSLA_2018-02-07,TSLA,2018-02-07,22.59933280944824,23.06666755676269,22.37733268737793,23.0,104538000.0,0.139441183007198,-0.055363873681941,0.0420386546626284,0.0330268794111041,0.0192393254305136,-0.0192393254305136
TSLA_2018-02-08,TSLA,2018-02-08,22.88733291625977,23.2413330078125,20.97333335876465,21.01533317565918,154719000.0,0.029995074422586,-0.1328638389761798,-0.0514343822767968,-0.0862898619278617,0.0222039070224828,-0.0222039070224828
TSLA_2018-02-09,TSLA,2018-02-09,21.32866668701172,21.398666381835938,19.65066719055176,20.69466781616211,194005500.0,0.0198101323764696,-0.1265615478182887,-0.0533757077209095,-0.0152586379105555,0.0222821851273067,-0.0222821851273067
TSLA_2018-02-12,TSLA,2018-02-12,21.07533264160156,21.2053337097168,20.416667938232425,21.048667907714844,93417000.0,0.0420476611167914,-0.1177521970525077,-0.0378522679678581,0.0171058600552296,0.0223688031911405,-0.0223688031911405
TSLA_2018-02-13,TSLA,2018-02-13,21.001333236694336,21.612667083740234,20.833999633789062,21.577333450317383,68403000.0,0.0682200865927094,-0.1103353004243327,-0.0210576069158116,0.0251163420374345,0.0225753398159554,-0.0225753398159554
TSLA_2018-02-14,TSLA,2018-02-14,21.389333724975582,21.744667053222656,21.23466682434082,21.48733329772949,59260500.0,0.0219086869238096,-0.1104517712751329,-0.0442715421756616,-0.0041710507368819,0.0220054598118086,-0.0220054598118086
TSLA_2018-02-15,TSLA,2018-02-15,21.63333320617676,22.274667739868164,21.49333381652832,22.271333694458008,88693500.0,0.0821833710895068,-0.0794687331685984,0.0013573189604541,0.0364866307915168,0.0222821271442138,-0.0222821271442138
TSLA_2018-02-16,TSLA,2018-02-16,22.166667938232425,22.87466621398925,22.10933303833008,22.36599922180176,84639000.0,0.0777064171195243,-0.0466867390296079,0.0155098390449581,0.0042505549349884,0.022267418411475,-0.022267418411475
TSLA_2018-02-20,TSLA,2018-02-20,22.29800033569336,22.7226676940918,22.100000381469727,22.31800079345703,60141000.0,0.0712641034707097,-0.0365221369452302,0.0173709832627397,-0.002146044443118,0.0222697314019778,-0.0222697314019778
TSLA_2018-02-21,TSLA,2018-02-21,22.402000427246094,22.645999908447266,22.211332321166992,22.21999931335449,48294000.0,0.0579273406379248,-0.0134967524519092,0.0222152940930077,-0.0043911406317036,0.0222638662409049,-0.0222638662409049
TSLA_2018-02-22,TSLA,2018-02-22,22.368667602539062,23.16266632080078,22.31666755676269,23.077999114990234,104547000.0,0.1212346675476276,0.0141203869199408,0.0676775272337842,0.038613853652105,0.0225880989322048,-0.0225880989322048
TSLA_2018-02-23,TSLA,2018-02-23,23.18866729736328,23.666000366210938,23.13999938964844,23.46999931335449,87261000.0,0.1077373566202601,-0.0020410041844398,0.0528481762179101,0.0169858832393157,0.0223996475129196,-0.0223996475129196
TSLA_2018-02-26,TSLA,2018-02-26,23.56666755676269,23.933332443237305,23.49066734313965,23.827999114990234,65100000.0,0.1433780681633678,0.0127219982039266,0.0780500331836472,0.015253507120132,0.0223381520851672,-0.0223381520851672
TSLA_2018-02-27,TSLA,2018-02-27,23.75,23.99933242797852,23.333999633789062,23.39933204650879,71961000.0,0.1123117645480136,0.0084470255348254,0.0603793950414195,-0.0179900572604844,0.0224652260999114,-0.0224652260999114
TSLA_2018-02-28,TSLA,2018-02-28,23.50466728210449,23.682666778564453,22.814666748046875,22.87066650390625,91045500.0,0.0828572336804021,-0.0075218762800876,0.0376676787001572,-0.022593189478732,0.0226747842404903,-0.0226747842404903
TSLA_2018-03-01,TSLA,2018-03-01,23.000667572021484,23.244667053222656,22.00466728210449,22.062000274658203,103284000.0,0.0421351060533587,-0.0472996213196947,-0.0025822576331679,-0.0353582274967775,0.0231453114890719,-0.0231453114890719
TSLA_2018-03-02,TSLA,2018-03-02,21.798667907714844,22.347999572753903,21.531333923339844,22.341333389282227,76392000.0,0.0896794042999256,-0.0511354173214773,0.0192719934892241,0.0126612778146359,0.0228134232221117,-0.0228134232221117
TSLA_2018-03-05,TSLA,2018-03-05,22.159332275390625,22.51666641235352,21.952667236328125,22.22333335876465,57357000.0,0.0793265271526222,-0.0633605225631324,0.0079830022947449,-0.0052816914935877,0.0228272957723233,-0.0228272957723233
TSLA_2018-03-06,TSLA,2018-03-06,22.25,22.42466735839844,21.802000045776367,21.8799991607666,64285500.0,0.0706945118536495,-0.0765334930482936,-0.002919490597322,-0.0154492664289104,0.0228994620472663,-0.0228994620472663
TSLA_2018-03-07,TSLA,2018-03-07,21.69599914550781,22.166667938232425,21.44933319091797,22.15333366394043,75109500.0,0.0887942672298593,-0.049457912296989,0.0196681774664351,0.0124924366388436,0.0229302501722155,-0.0229302501722155
TSLA_2018-03-08,TSLA,2018-03-08,22.19066619873047,22.21999931335449,21.751333236694336,21.940000534057617,53493000.0,0.0836351286871464,-0.0447856022273679,0.0194247632298892,-0.0096298432154281,0.02295957131134,-0.02295957131134
TSLA_2018-03-09,TSLA,2018-03-09,21.606666564941406,21.89933204650879,21.4913330078125,21.81133270263672,82602000.0,0.0444039403315175,-0.0668549589268059,-0.0112255092976442,-0.005864531827206,0.0226541089046074,-0.0226541089046074
TSLA_2018-03-12,TSLA,2018-03-12,21.90733337402344,23.1473331451416,21.76666641235352,23.03400039672852,123960000.0,0.1101080228330304,0.0061444508318959,0.0581262368324632,0.0560565331225264,0.0236710220245557,-0.0236710220245557
TSLA_2018-03-13,TSLA,2018-03-13,21.90733337402344,23.1473331451416,21.76666641235352,22.78933334350586,89487000.0,0.084758654700964,-0.0600786492202141,0.0123400027403749,-0.0106219957023795,0.0236838481192009,-0.0236838481192009
TSLA_2018-03-14,TSLA,2018-03-14,22.450666427612305,22.65399932861328,21.595333099365234,21.775333404541016,119511000.0,-0.0069320068008335,-0.0995726723911314,-0.0532523395959824,-0.0444944976529467,0.0237589610626368,-0.0237589610626368
TSLA_2018-03-15,TSLA,2018-03-15,21.95866775512696,22.190000534057617,21.406667709350582,21.706666946411133,98472000.0,-0.0452452385774264,-0.1109411807166907,-0.0780932096470586,-0.0031534055921992,0.0232928315812627,-0.0232928315812627
TSLA_2018-03-16,TSLA,2018-03-16,21.52866744995117,21.82666778564453,21.271333694458008,21.42333221435547,91759500.0,-0.052148796826858,-0.1490573678119773,-0.1006030823194176,-0.0130528898220603,0.0233372656972347,-0.0233372656972347
TSLA_2018-03-19,TSLA,2018-03-19,21.100000381469727,21.38333320617676,20.64466667175293,20.90399932861328,112264500.0,-0.0720056737824056,-0.1744293660070919,-0.1232175198947487,-0.0242414616244521,0.0235249092643391,-0.0235249092643391
TSLA_2018-03-20,TSLA,2018-03-20,20.9913330078125,21.08333206176757,20.583999633789062,20.703332901000977,71464500.0,-0.0957927428233268,-0.1933766801820889,-0.1445847115027079,-0.0095994275764079,0.0234435552266788,-0.0234435552266788
TSLA_2018-03-21,TSLA,2018-03-21,20.683332443237305,21.496000289916992,20.679332733154297,21.10199928283692,89376000.0,-0.0659250200411754,-0.1561450403658995,-0.1110350302035374,0.0192561450729833,0.0235336792152596,-0.0235336792152596
TSLA_2018-03-22,TSLA,2018-03-22,20.926000595092773,21.25466728210449,20.545333862304688,20.606666564941406,74097000.0,-0.0664452045419665,-0.1733305012081166,-0.1198878528750416,-0.0234732601047138,0.0235420270978299,-0.0235420270978299
TSLA_2018-03-23,TSLA,2018-03-23,20.75,20.75,20.030000686645508,20.1026668548584,99823500.0,-0.083409284053723,-0.1771992670384976,-0.1303042755461103,-0.0244580902250572,0.0237203516019501,-0.0237203516019501
TSLA_2018-03-26,TSLA,2018-03-26,20.48933219909668,20.506000518798828,19.42399978637696,20.27866744995117,125628000.0,-0.082855885131902,-0.1336124356587651,-0.1082341603953335,0.0087550868928734,0.023724303447914,-0.023724303447914
TSLA_2018-03-27,TSLA,2018-03-27,20.26666641235352,20.284666061401367,18.478666305541992,18.61199951171875,208080000.0,-0.1415129497357337,-0.1907591418141603,-0.166136045774947,-0.0821882375824666,0.0257381950297356,-0.0257381950297356
TSLA_2018-03-28,TSLA,2018-03-28,17.6386661529541,17.91200065612793,16.80666732788086,17.185333251953125,315021000.0,-0.1875571061693012,-0.2533526382982463,-0.2204548722337737,-0.0766530355251378,0.0272663542550607,-0.0272663542550607
TSLA_2018-03-29,TSLA,2018-03-29,17.099332809448242,18.06399917602539,16.547332763671875,17.742000579833984,227560500.0,-0.1460338190848159,-0.2194914063165367,-0.1827626127006763,0.0323920007671421,0.0275562244054743,-0.0275562244054743
TSLA_2018-04-02,TSLA,2018-04-02,17.083999633789062,17.35533332824707,16.305999755859375,16.832000732421875,241710000.0,-0.1993911435482146,-0.2565370500796976,-0.2279640968139561,-0.0512907123025595,0.0281802323301053,-0.0281802323301053
TSLA_2018-04-03,TSLA,2018-04-03,17.988000869750977,18.22333335876465,16.965999603271484,17.8353328704834,282666000.0,-0.1407419325996826,-0.2156845624450767,-0.1782132475223796,0.0596086082701328,0.0292366520919293,-0.0292366520919293
TSLA_2018-04-04,TSLA,2018-04-04,16.851999282836914,19.224666595458984,16.799999237060547,19.12933349609375,298450500.0,-0.1047952145682321,-0.1598395588832654,-0.1323173867257487,0.0725526478819948,0.0304620296041267,-0.0304620296041267
TSLA_2018-04-05,TSLA,2018-04-05,19.28933334350586,20.41733360290528,19.21333312988281,20.381332397460938,286816500.0,-0.0363436044885734,-0.121847576196493,-0.0790955903425332,0.0654491648453328,0.0315757974111638,-0.0315757974111638
TSLA_2018-04-06,TSLA,2018-04-06,20.06666755676269,20.618667602539062,19.700000762939453,19.953332901000977,202804500.0,-0.0486936795781596,-0.1569251849075382,-0.1028094322428489,-0.0209995837422916,0.0316694726403187,-0.0316694726403187
TSLA_2018-04-09,TSLA,2018-04-09,20.024667739868164,20.63333320617676,19.28066635131836,19.310667037963867,153747000.0,-0.0850337809107827,-0.1848141224849199,-0.1349239516978513,-0.0322084468908384,0.0319110840413814,-0.0319110840413814
TSLA_2018-04-10,TSLA,2018-04-10,19.93133354187012,20.47333335876465,19.57866668701172,20.31333351135254,164847000.0,-0.0942599925738082,-0.1462115976930957,-0.120235795133452,0.051922933134183,0.0315939185090057,-0.0315939185090057
TSLA_2018-04-11,TSLA,2018-04-11,20.04933357238769,20.59866714477539,19.977333068847656,20.062000274658203,112243500.0,-0.0981749522069675,-0.1224995666001647,-0.1103372594035661,-0.0123728208643781,0.0316138732449278,-0.0316138732449278
TSLA_2018-04-12,TSLA,2018-04-12,20.15466690063477,20.26333236694336,19.57866668701172,19.60533332824707,114132000.0,-0.1216248388751838,-0.1729800959402985,-0.1473024674077411,-0.0227627823825714,0.0317250551283021,-0.0317250551283021
TSLA_2018-04-13,TSLA,2018-04-13,20.239999771118164,20.26333236694336,19.73200035095215,20.022666931152344,109908000.0,-0.1112886675134177,-0.1530174514336099,-0.1321530594735138,0.0212867384562132,0.0318264117643009,-0.0318264117643009
TSLA_2018-04-16,TSLA,2018-04-16,19.933332443237305,19.977333068847656,19.267332077026367,19.41399955749512,95077500.0,-0.1338707175387883,-0.1812584495215017,-0.157564583530145,-0.0303989161758579,0.0320331477783117,-0.0320331477783117
TSLA_2018-04-17,TSLA,2018-04-17,19.257999420166016,19.47800064086914,18.833999633789062,19.179332733154297,105000000.0,-0.154002298005571,-0.1909047517587603,-0.1724535248821657,-0.0120875053924798,0.032013923050833,-0.032013923050833
TSLA_2018-04-18,TSLA,2018-04-18,19.405332565307617,20.016000747680664,19.21066665649414,19.55666732788086,98365500.0,-0.1550005146643914,-0.1632914592506599,-0.1591459869575257,0.0196740209879295,0.0320003083841605,-0.0320003083841605
TSLA_2018-04-19,TSLA,2018-04-19,19.405332565307617,20.067333221435547,19.23666763305664,20.005332946777344,91359000.0,-0.1291174378677992,-0.1564863309454347,-0.142801884406617,0.0229418239505891,0.0321480228110491,-0.0321480228110491
TSLA_2018-04-20,TSLA,2018-04-20,19.67799949645996,19.998666763305664,19.31666755676269,19.34933280944824,84418500.0,-0.1707902821673806,-0.1929932344943341,-0.1818917583308574,-0.0327912631633946,0.0323042447163677,-0.0323042447163677
TSLA_2018-04-23,TSLA,2018-04-23,19.41933250427246,19.44133377075196,18.82200050354004,18.891332626342773,73401000.0,-0.1939640355497337,-0.1945368702421497,-0.1942504528959417,-0.0236700762561603,0.0324016535244598,-0.0324016535244598
TSLA_2018-04-24,TSLA,2018-04-24,19.0,19.139333724975582,18.56399917602539,18.8973331451416,85279500.0,-0.1965191684243101,-0.1786148851623831,-0.1875670267933466,0.0003176334310297,0.0323940035364522,-0.0323940035364522
TSLA_2018-04-25,TSLA,2018-04-25,18.89999961853028,19.01066780090332,18.483333587646484,18.71266746520996,60204000.0,-0.1884992156980816,-0.1671413956701625,-0.177820305684122,-0.0097720497656103,0.0323364785985672,-0.0323364785985672
TSLA_2018-04-26,TSLA,2018-04-26,18.58333206176757,19.05266761779785,18.433332443237305,19.03199958801269,65340000.0,-0.1544840587616375,-0.1537321153192293,-0.1541080870404334,0.0170650241819572,0.0323175793422165,-0.0323175793422165
TSLA_2018-04-27,TSLA,2018-04-27,19.024667739868164,19.631332397460938,18.92200088500977,19.60533332824707,65469000.0,-0.1422487932549787,-0.0974711944067813,-0.11985999383088,0.0301247242877986,0.0324989692729329,-0.0324989692729329
TSLA_2018-04-30,TSLA,2018-04-30,19.573999404907227,19.915332794189453,19.5,19.59333229064941,63423000.0,-0.1591566280937835,-0.0989362015664622,-0.1290464148301228,-0.000612131270442,0.0323840231330853,-0.0323840231330853
TSLA_2018-05-01,TSLA,2018-05-01,19.567333221435547,20.05466651916504,19.54800033569336,19.994667053222656,69384000.0,-0.1327279864750438,-0.0652911904796509,-0.0990095884773473,0.020483231571833,0.032490966327482,-0.032490966327482
TSLA_2018-05-02,TSLA,2018-05-02,19.90466690063477,20.456666946411133,19.85199928283692,20.07666778564453,134556000.0,-0.1500380489972894,-0.0591414231837067,-0.1045897360904981,0.0041011301765416,0.0323258627778638,-0.0323258627778638
TSLA_2018-05-03,TSLA,2018-05-03,18.586000442504883,19.202667236328125,18.34866714477539,18.96333312988281,260281500.0,-0.1855404347542577,-0.1420082460771506,-0.1637743404157042,-0.0554541554230325,0.0329863894329057,-0.0329863894329057
TSLA_2018-05-04,TSLA,2018-05-04,18.86666679382324,19.790666580200195,18.634666442871094,19.606000900268555,128541000.0,-0.1444654627316306,-0.0840599724180554,-0.114262717574843,0.0338900216530508,0.0332616898467347,-0.0332616898467347
TSLA_2018-05-07,TSLA,2018-05-07,19.83333206176757,20.3973331451416,19.67799949645996,20.18466758728028,130173000.0,-0.0911355958026537,0.0117289896313494,-0.0397033030856521,0.0295147740712282,0.0332838221386613,-0.0332838221386613
TSLA_2018-05-08,TSLA,2018-05-08,20.053333282470703,20.51666641235352,19.933332443237305,20.131332397460938,88950000.0,-0.0958170658723159,-0.0134601459384344,-0.0546386059053752,-0.0026423615642277,0.0332814527861302,-0.0332814527861302
TSLA_2018-05-09,TSLA,2018-05-09,20.027332305908203,20.46733283996582,20.003332138061523,20.456666946411133,85911000.0,-0.1105796979821246,0.0134421211218671,-0.0485687884301287,0.0161606068851769,0.0330700947753213,-0.0330700947753213
TSLA_2018-05-10,TSLA,2018-05-10,20.5,20.86599922180176,20.27400016784668,20.334667205810547,84774000.0,-0.0323890163510235,-0.0033654528843607,-0.0178772346176921,-0.0059638132116135,0.0312388686646263,-0.0312388686646263
TSLA_2018-05-11,TSLA,2018-05-11,20.51333236694336,20.59199905395508,19.93866729736328,20.070667266845703,70194000.0,-0.0301527212159006,-0.0109399182382288,-0.0205463197270647,-0.0129827518834144,0.0312222983218305,-0.0312222983218305
TSLA_2018-05-14,TSLA,2018-05-14,20.221332550048828,20.32933235168457,19.44133377075196,19.46466636657715,109302000.0,-0.0752542416499962,-0.0363708453837051,-0.0558125435168507,-0.0301933608988473,0.0313725386002164,-0.0313725386002164
TSLA_2018-05-15,TSLA,2018-05-15,19.000667572021484,19.13066673278809,18.700000762939453,18.94533348083496,142788000.0,-0.1219798533281556,-0.0620812428920589,-0.0920305481101073,-0.0266808007885476,0.0313622998138169,-0.0313622998138169
TSLA_2018-05-16,TSLA,2018-05-16,18.92200088500977,19.253999710083008,18.770666122436523,19.09866714477539,85110000.0,-0.1111662447757768,-0.0916930643052553,-0.1014296545405161,0.0080934792779203,0.031384000033288,-0.031384000033288
TSLA_2018-05-17,TSLA,2018-05-17,19.059999465942383,19.279333114624023,18.93133354187012,18.96933364868164,66309000.0,-0.1482623398794494,-0.078263667686854,-0.1132630037831517,-0.0067718597907042,0.0310131242173546,-0.0310131242173546
TSLA_2018-05-18,TSLA,2018-05-18,18.976667404174805,18.976667404174805,18.26666641235352,18.454666137695312,108778500.0,-0.1748785308144779,-0.110761297755673,-0.1428199142850754,-0.0271315545668678,0.0311616436148091,-0.0311616436148091
TSLA_2018-05-21,TSLA,2018-05-21,18.755332946777344,19.432666778564453,18.753332138061523,18.965999603271484,137739000.0,-0.1501927175828514,-0.0896319634785131,-0.1199123405306822,0.0277075435426994,0.0313942804493203,-0.0313942804493203
TSLA_2018-05-22,TSLA,2018-05-22,19.18400001525879,19.200000762939453,18.22800064086914,18.333999633789062,134187000.0,-0.174887479732274,-0.1270909057061088,-0.1509891927191914,-0.0333227872351851,0.0316390754301978,-0.0316390754301978
TSLA_2018-05-23,TSLA,2018-05-23,18.517332077026367,18.6606674194336,18.26666641235352,18.60466766357422,89776500.0,-0.1938353246798756,-0.0961002182787991,-0.1449677714793373,0.0147631741677534,0.0312791872951287,-0.0312791872951287
TSLA_2018-05-24,TSLA,2018-05-24,18.559999465942383,18.74066734313965,18.326000213623047,18.523332595825195,62650500.0,-0.210765524595249,-0.1257354884615633,-0.1682505065284061,-0.0043717560141247,0.0311754007601547,-0.0311754007601547
TSLA_2018-05-25,TSLA,2018-05-25,18.5086669921875,18.642667770385746,18.374000549316406,18.59000015258789,58126500.0,-0.2198253800969427,-0.1079654502651525,-0.1638954151810476,0.0035991124392875,0.0310981893975577,-0.0310981893975577
TSLA_2018-05-29,TSLA,2018-05-29,18.567333221435547,19.100000381469727,18.40999984741211,18.91733360290528,84999000.0,-0.1915438626493711,-0.1007447273038507,-0.1461442949766109,0.0176080391409692,0.0311532018351252,-0.0311532018351252
TSLA_2018-05-30,TSLA,2018-05-30,18.88599967956543,19.66733360290528,18.773332595825195,19.44799995422364,112345500.0,-0.149653117852863,-0.0791957275293965,-0.1144244226911297,0.0280518577542483,0.0312897251683461,-0.0312897251683461
TSLA_2018-05-31,TSLA,2018-05-31,19.1473331451416,19.357999801635746,18.86199951171875,18.98200035095215,88795500.0,-0.1396065581253724,-0.1033537892043707,-0.1214801736648716,-0.0239613124418116,0.0311267838420899,-0.0311267838420899
TSLA_2018-06-01,TSLA,2018-06-01,19.05733299255371,19.46333312988281,18.922666549682617,19.454666137695312,81366000.0,-0.1292074739358095,-0.0511153189295453,-0.0901613964326774,0.0249007363820565,0.0312570946981678,-0.0312570946981678
TSLA_2018-06-04,TSLA,2018-06-04,19.62266731262207,19.933332443237305,19.56999969482422,19.78266716003418,71967000.0,-0.1098244875928072,-0.0392099556372388,-0.074517221615023,0.0168597610474194,0.0313406726934637,-0.0313406726934637
TSLA_2018-06-05,TSLA,2018-06-05,19.84666633605957,19.85333251953125,19.11599922180176,19.408666610717773,89928000.0,-0.1129493896179034,-0.0502397797274594,-0.0815945846726814,-0.0189054664010107,0.0313687450435867,-0.0313687450435867
TSLA_2018-06-06,TSLA,2018-06-06,20.03333282470703,21.47800064086914,19.832000732421875,21.299999237060547,281509500.0,-0.0385194589593023,0.0468545011381753,0.0041675210894365,0.0974478393738984,0.0337145947186779,-0.0337145947186779
TSLA_2018-06-07,TSLA,2018-06-07,21.07666778564453,22.0,20.905332565307617,21.07266616821289,215179500.0,-0.0395321032238972,0.040796752922845,0.0006323248494738,-0.0106729144126969,0.0337196225710986,-0.0337196225710986
TSLA_2018-06-08,TSLA,2018-06-08,21.26666641235352,21.631999969482425,21.1433334350586,21.17733383178711,123078000.0,-0.0290674063567407,0.01404582659732,-0.0075107898797103,0.0049669872212043,0.0337172827435915,-0.0337172827435915
TSLA_2018-06-11,TSLA,2018-06-11,21.500667572021484,22.310667037963867,21.5,22.13999938964844,197752500.0,-0.0388122337276268,0.0670222507879212,0.0141050085301471,0.0454573538627594,0.0334589673574966,-0.0334589673574966
TSLA_2018-06-12,TSLA,2018-06-12,22.979999542236328,23.6646671295166,22.53333282470703,22.851333618164062,335211000.0,0.0027205830782175,0.0877098307408934,0.0452152069095554,0.0321289181628525,0.0336745280978098,-0.0336745280978098
TSLA_2018-06-13,TSLA,2018-06-13,23.11400032043457,23.14666748046875,22.65333366394043,22.985332489013672,142047000.0,0.0555674194279074,0.0482502188976949,0.0519088191628012,0.0058639409449212,0.0331809328720444,-0.0331809328720444
TSLA_2018-06-14,TSLA,2018-06-14,23.17533302307129,23.916667938232425,23.106666564941406,23.847999572753903,164715000.0,0.0986486148071115,0.0489399961174046,0.073794305462258,0.0375311988265805,0.0334854295016925,-0.0334854295016925
TSLA_2018-06-15,TSLA,2018-06-15,23.589332580566406,24.31133270263672,23.416667938232425,23.87800025939941,162724500.0,0.1145791896649535,0.0564552259556716,0.0855172078103125,0.0012579959402458,0.0334298569084608,-0.0334298569084608
TSLA_2018-06-18,TSLA,2018-06-18,23.69333267211914,24.915332794189453,23.63333320617676,24.722000122070312,181098000.0,0.1826445137811965,0.097487398721316,0.1400659562512562,0.0353463377796332,0.033510491216524,-0.033510491216524
TSLA_2018-06-19,TSLA,2018-06-19,24.3439998626709,24.666667938232425,23.08333206176757,23.503332138061523,191428500.0,0.1352438880468938,0.0264957622374639,0.0808698251421788,-0.049294878164847,0.0341229590944593,-0.0341229590944593
TSLA_2018-06-20,TSLA,2018-06-20,23.86933326721192,24.29199981689453,23.46666717529297,24.14800071716309,125755500.0,0.1443465803168517,0.0689055090754127,0.1066260446961322,0.0274288162765476,0.0342027930677907,-0.0342027930677907
TSLA_2018-06-21,TSLA,2018-06-21,24.13333320617676,24.41399955749512,23.084667205810547,23.16733360290528,119506500.0,0.1242640108672596,0.0495620587060128,0.0869130347866362,-0.0406106959223669,0.0344814628948321,-0.0344814628948321
TSLA_2018-06-22,TSLA,2018-06-22,23.43600082397461,23.483333587646484,22.13333320617676,22.242000579833984,153991500.0,0.1064203938920946,0.0141346609751167,0.0602775274336057,-0.0399412827963618,0.0347305831542249,-0.0347305831542249
TSLA_2018-06-25,TSLA,2018-06-25,22.007999420166016,22.564666748046875,21.83333206176757,22.200666427612305,103969500.0,0.0947793528546554,0.004070440549752,0.0494248967022037,-0.0018583828407574,0.0347240099096938,-0.0347240099096938
TSLA_2018-06-26,TSLA,2018-06-26,22.40333366394043,22.90333366394043,21.71999931335449,22.799999237060547,111787500.0,0.2250161097793328,0.0516604666106661,0.1383382881949995,0.0269961629936845,0.0331414751102665,-0.0331414751102665
TSLA_2018-06-27,TSLA,2018-06-27,23.0,23.38599967956543,22.63333320617676,22.96666717529297,125005500.0,0.336410928934578,0.0857575624505808,0.2110842456925794,0.0073099975355046,0.0315031938410805,-0.0315031938410805
TSLA_2018-06-28,TSLA,2018-06-28,23.24399948120117,23.801332473754883,23.073999404907227,23.32866668701172,125970000.0,0.3148836616276342,0.1228661788679239,0.2188749202477791,0.0157619522656808,0.0313400425692349,-0.0313400425692349
TSLA_2018-06-29,TSLA,2018-06-29,23.55533218383789,23.59066772460937,22.827333450317383,22.86333274841309,97386000.0,0.3583253180576231,0.0874872795796213,0.2229062988186222,-0.0199468724398941,0.0306764857880941,-0.0306764857880941
TSLA_2018-07-02,TSLA,2018-07-02,24.00466728210449,24.318666458129883,21.989999771118164,22.33799934387207,281397000.0,0.2524576640136817,0.0761843518811122,0.164321007947397,-0.0229771140682664,0.030078330507986,-0.030078330507986
TSLA_2018-07-03,TSLA,2018-07-03,22.11666679382324,22.166000366210938,20.645999908447266,20.724000930786133,184239000.0,0.0833624148493212,-0.0301687818699716,0.0265968164896748,-0.0722534900391024,0.0302888259684173,-0.0302888259684173
TSLA_2018-07-05,TSLA,2018-07-05,20.91733360290528,20.959333419799805,19.74799919128418,20.61066627502441,262146000.0,0.0112521533475429,-0.0255003949519384,-0.0071241208021977,-0.0054687633020398,0.0291796811901941,-0.0291796811901941
TSLA_2018-07-06,TSLA,2018-07-06,20.32999992370605,20.80466651916504,20.13333320617676,20.59333229064941,132982500.0,0.0320748114023761,-0.0181807087647406,0.0069470513188177,-0.0008410200885162,0.0290492971012936,-0.0290492971012936
TSLA_2018-07-09,TSLA,2018-07-09,20.79933357238769,21.23466682434082,20.53333282470703,21.233999252319336,113952000.0,0.0995994706228577,0.006096370148301,0.0528479203855793,0.0311104076128965,0.0289800801208592,-0.0289800801208592
TSLA_2018-07-10,TSLA,2018-07-10,21.63733291625977,21.845333099365234,21.280000686645508,21.49799919128418,142072500.0,0.0583196095938445,-0.0414375889471867,0.0084410103233288,0.0124328882104489,0.0283001954823011,-0.0283001954823011
TSLA_2018-07-11,TSLA,2018-07-11,21.053333282470703,21.46266746520996,21.00466728210449,21.263999938964844,73261500.0,0.0599142482230437,-0.0441427824397377,0.0078857328916529,-0.0108846990939606,0.0282892239962245,-0.0282892239962245
TSLA_2018-07-12,TSLA,2018-07-12,21.428667068481445,21.548667907714844,20.851333618164062,21.11400032043457,85818000.0,0.0769518664604307,-0.0540322307741476,0.0114598178431415,-0.0070541581527852,0.0281424092650315,-0.0281424092650315
TSLA_2018-07-13,TSLA,2018-07-13,21.038667678833008,21.30533218383789,20.61666679382324,21.257999420166016,88047000.0,0.0616967007073205,-0.0564581104177889,0.0026192951447658,0.0068200766101191,0.0280377285751632,-0.0280377285751632
TSLA_2018-07-16,TSLA,2018-07-16,20.78066635131836,21.01066780090332,20.416667938232425,20.67333221435547,117280500.0,0.0648672445433409,-0.0776872975672285,-0.0064100265119438,-0.0275033973919442,0.0279871951826728,-0.0279871951826728
TSLA_2018-07-17,TSLA,2018-07-17,20.58733367919922,21.64933204650879,20.56666755676269,21.512666702270508,104943000.0,0.1216587668393018,-0.0510792608320456,0.0352897530036281,0.0405998645604026,0.028362871572065,-0.028362871572065
TSLA_2018-07-18,TSLA,2018-07-18,21.666667938232425,21.700000762939453,21.08333206176757,21.59000015258789,84363000.0,0.1039713357402272,-0.0671447894742437,0.0184132731329917,0.0035947868010812,0.0282754760001756,-0.0282754760001756
TSLA_2018-07-19,TSLA,2018-07-19,21.088666915893555,21.56933212280273,20.93400001525879,21.34866714477539,88729500.0,0.067148804849781,-0.0706387146561068,-0.0017449549031628,-0.0111779993565017,0.0281938252706827,-0.0281938252706827
TSLA_2018-07-20,TSLA,2018-07-20,21.415332794189453,21.54933357238769,20.78066635131836,20.905332565307617,77433000.0,0.0804161968364918,-0.1041083902794209,-0.0118460967214645,-0.0207663821100076,0.0279984945904852,-0.0279984945904852
TSLA_2018-07-23,TSLA,2018-07-23,20.12266731262207,20.36666679382324,19.52400016784668,20.21333312988281,164893500.0,0.0699792084385084,-0.1375582767845343,-0.0337895341730129,-0.0331015750772212,0.028160606754944,-0.028160606754944
TSLA_2018-07-24,TSLA,2018-07-24,20.294666290283203,20.514667510986328,19.503332138061523,19.82866668701172,143862000.0,0.0492838610991814,-0.156920530725079,-0.0538183348129487,-0.019030332127778,0.0282785549111527,-0.0282785549111527
TSLA_2018-07-25,TSLA,2018-07-25,19.78266716003418,20.641332626342773,19.63333320617676,20.582666397094727,106131000.0,0.0999322483211659,-0.1074041178084014,-0.0037359347436177,0.038025739298795,0.028619766438015,-0.028619766438015
TSLA_2018-07-26,TSLA,2018-07-26,20.32333374023437,20.71333312988281,20.24266624450684,20.44333267211914,69457500.0,0.0741557962724723,-0.0917841508780377,-0.0088141773027826,-0.006769469139103,0.0285737612084899,-0.0285737612084899
TSLA_2018-07-27,TSLA,2018-07-27,20.483333587646484,20.512666702270508,19.689332962036133,19.812000274658203,85549500.0,0.0105413635642384,-0.1332069259370152,-0.0613327811863884,-0.0308820683783107,0.0286229929887055,-0.0286229929887055
TSLA_2018-07-30,TSLA,2018-07-30,19.726667404174805,19.739999771118164,19.07533264160156,19.344667434692383,102211500.0,-0.0126912998906112,-0.1698280234876781,-0.0912596616891446,-0.0235883723746759,0.0287841953902448,-0.0287841953902448
TSLA_2018-07-31,TSLA,2018-07-31,19.483333587646484,19.88800048828125,19.271333694458008,19.8759994506836,76153500.0,-0.0059349626689547,-0.1378752134991436,-0.0719050880840492,0.0274665882877023,0.0288768494802312,-0.0288768494802312
TSLA_2018-08-01,TSLA,2018-08-01,19.86599922180176,20.200000762939453,19.53333282470703,20.05599975585937,151941000.0,-0.0010294551867784,-0.1509130467363134,-0.0759712509615459,0.0090561637226036,0.028894073163504,-0.028894073163504
TSLA_2018-08-02,TSLA,2018-08-02,21.895999908447266,23.332666397094727,21.54400062561035,23.30266761779785,348225000.0,0.2288276253016423,0.0008304134651333,0.1148290193833878,0.1618801307070201,0.0345410702710585,-0.0345410702710585
TSLA_2018-08-03,TSLA,2018-08-03,23.187332153320312,23.666667938232425,22.8353328704834,23.211332321166992,204847500.0,0.1838891796056712,0.0128580814509673,0.0983736305283192,-0.0039195210663821,0.0343384511352371,-0.0343384511352371
TSLA_2018-08-06,TSLA,2018-08-06,23.03066635131836,23.665332794189453,22.788000106811523,22.79933357238769,128464500.0,0.1295372328427686,0.0265961841463622,0.0780667084945654,-0.0177498966056157,0.0342714478715089,-0.0342714478715089
TSLA_2018-08-07,TSLA,2018-08-07,22.922666549682617,25.83066749572754,22.61000061035156,25.30466651916504,463137000.0,0.2569792212241544,0.1365391603839871,0.1967591908040707,0.1098862358771557,0.0368359741153475,-0.0368359741153475
TSLA_2018-08-08,TSLA,2018-08-08,24.606000900268555,25.50933265686035,24.474666595458984,24.689332962036133,368568000.0,0.2069088784948698,0.0734492592189623,0.1401790688569161,-0.024316999264261,0.0369781138900911,-0.0369781138900911
TSLA_2018-08-09,TSLA,2018-08-09,24.3700008392334,24.46733283996582,23.048667907714844,23.49666786193848,257757000.0,0.1554980282748077,0.1180725837434395,0.1367853060091236,-0.0483068984460443,0.037536015438393,-0.037536015438393
TSLA_2018-08-10,TSLA,2018-08-10,23.600000381469727,24.0,23.06666755676269,23.69933319091797,173280000.0,0.1807944836027639,0.1451903167254165,0.1629924001640902,0.0086252795575232,0.0374866435708198,-0.0374866435708198
TSLA_2018-08-13,TSLA,2018-08-13,24.07533264160156,24.21266746520996,23.26799964904785,23.76066780090332,156958500.0,0.2207076840373103,0.1288442529987592,0.1747759685180347,0.0025880310425296,0.0372408480597774,-0.0372408480597774
TSLA_2018-08-14,TSLA,2018-08-14,23.89666748046875,23.946666717529297,23.13999938964844,23.176000595092773,104796000.0,0.223309192131009,0.0740901162998839,0.1486996542154465,-0.0246065140386466,0.0372143480945422,-0.0372143480945422
TSLA_2018-08-15,TSLA,2018-08-15,22.79400062561035,22.965999603271484,22.142667770385746,22.57933235168457,136519500.0,0.1822464981731117,0.0508205945718946,0.1165335463725032,-0.0257450909599363,0.0373960150169305,-0.0373960150169305
TSLA_2018-08-16,TSLA,2018-08-16,22.6606674194336,22.818666458129883,22.25466728210449,22.36333274841309,90960000.0,0.1789203122571114,0.0041308282304608,0.0915255702437861,-0.0095662528859213,0.0374098361575672,-0.0374098361575672
TSLA_2018-08-17,TSLA,2018-08-17,21.56666755676269,21.784666061401367,20.235332489013672,20.36666679382324,284379000.0,0.1036052693590861,-0.0893915987455471,0.0071068353067694,-0.0892830231098509,0.0390099848522558,-0.0390099848522558
TSLA_2018-08-20,TSLA,2018-08-20,19.446666717529297,20.56666755676269,19.21333312988281,20.562667846679688,261034500.0,0.0841858207743919,-0.0786509940125083,0.0027674133809418,0.0096236195564358,0.038886290798971,-0.038886290798971
TSLA_2018-08-21,TSLA,2018-08-21,20.707332611083984,21.652666091918945,20.600000381469727,21.459999084472656,197583000.0,0.1705028642480424,-0.0342034316997058,0.0681497162741682,0.0436388529194602,0.0389673607159784,-0.0389673607159784
TSLA_2018-08-22,TSLA,2018-08-22,21.391332626342773,21.59199905395508,20.97800064086914,21.44266700744629,89190000.0,0.1525423294407211,-0.0708610871937213,0.0408406211234999,-0.0008076457486387,0.0389423798692332,-0.0389423798692332
TSLA_2018-08-23,TSLA,2018-08-23,21.275999069213867,21.821332931518555,21.206666946411133,21.34000015258789,77209500.0,0.1520605183862819,-0.0907541211368772,0.0306531986247023,-0.0047879703967209,0.0389436823897824,-0.0389436823897824
TSLA_2018-08-24,TSLA,2018-08-24,21.3799991607666,21.59000015258789,21.293333053588867,21.521333694458008,54039000.0,0.1576833522221381,-0.0968048307119963,0.0304392607550709,0.0084973542911679,0.0389498421174309,-0.0389498421174309
TSLA_2018-08-27,TSLA,2018-08-27,21.200000762939453,21.496000289916992,20.58733367919922,21.284666061401367,196189500.0,0.1251409161665635,-0.0903729209408322,0.0173839976128656,-0.0109968850637535,0.0389441314793978,-0.0389441314793978
TSLA_2018-08-28,TSLA,2018-08-28,21.227333068847656,21.2586669921875,20.746000289916992,20.790666580200195,114736500.0,0.0690388024031725,-0.090946187482153,-0.0109536925394902,-0.0232091722640184,0.0389392123131968,-0.0389392123131968
TSLA_2018-08-29,TSLA,2018-08-29,20.68466758728028,20.790000915527344,20.246000289916992,20.333999633789062,111711000.0,0.0712253323064076,-0.0783247493135983,-0.0035497085035953,-0.0219649978344627,0.0389187315158845,-0.0389187315158845
TSLA_2018-08-30,TSLA,2018-08-30,20.15066719055176,20.30666732788086,19.847999572753903,20.209999084472656,108250500.0,0.0388252844552192,-0.0953987064098883,-0.0282867109773345,-0.0060981878405443,0.038817974472721,-0.038817974472721
TSLA_2018-08-31,TSLA,2018-08-31,20.13333320617676,20.35400009155273,19.906667709350582,20.11066627502441,80626500.0,0.016580126043513,-0.0950652653962473,-0.0392425696763671,-0.0049150328524538,0.0387743162600153,-0.0387743162600153
TSLA_2018-09-04,TSLA,2018-09-04,19.79599952697754,19.87933349609375,19.200000762939453,19.26333236694336,125257500.0,-0.0074881106821711,-0.1195917227691321,-0.0635399167256516,-0.0421335572125405,0.039075688904637,-0.039075688904637
TSLA_2018-09-05,TSLA,2018-09-05,19.003332138061523,19.118667602539062,18.478666305541992,18.715999603271484,115812000.0,-0.1213145411429442,-0.1551610296135243,-0.1382377853782342,-0.0284131921334191,0.0372180257648251,-0.0372180257648251
TSLA_2018-09-06,TSLA,2018-09-06,18.98666763305664,19.411333084106445,18.59199905395508,18.729999542236328,112212000.0,-0.1111708697549797,-0.1463081546802326,-0.1287395122176061,0.0007480198365892,0.0371998894329029,-0.0371998894329029
TSLA_2018-09-07,TSLA,2018-09-07,17.34000015258789,17.889999389648438,16.816667556762695,17.549333572387695,337378500.0,-0.1713152509289813,-0.1954029672718623,-0.1833591091004218,-0.0630360917621071,0.0379959032092244,-0.0379959032092244
TSLA_2018-09-10,TSLA,2018-09-10,18.21733283996582,19.068666458129883,18.06666755676269,19.03333282470703,214252500.0,-0.1403191802432448,-0.1736853131508019,-0.1570022466970234,0.0845615730191757,0.0390920416142142,-0.0390920416142142
TSLA_2018-09-11,TSLA,2018-09-11,18.631332397460938,18.799999237060547,18.23666763305664,18.62933349609375,137550000.0,-0.1847594627350033,-0.1825415331246431,-0.1836504979298232,-0.0212258847325389,0.038925658680348,-0.038925658680348
TSLA_2018-09-12,TSLA,2018-09-12,18.762666702270508,19.5,18.57666778564453,19.36933326721192,150231000.0,-0.1573176817664088,-0.1104919999446414,-0.1339048408555251,0.039722289113206,0.0392753606903614,-0.0392753606903614
TSLA_2018-09-13,TSLA,2018-09-13,19.20133209228516,19.666667938232425,19.011999130249023,19.297332763671875,95104500.0,-0.1908196448594841,-0.1109951236957457,-0.1509073842776149,-0.0037172422275333,0.0389485817525612,-0.0389485817525612
TSLA_2018-09-14,TSLA,2018-09-14,19.250667572021484,19.82200050354004,19.101333618164062,19.68000030517578,101484000.0,-0.1758103655506543,-0.0813753851051941,-0.1285928753279242,0.0198300742486181,0.0390486497634198,-0.0390486497634198
TSLA_2018-09-17,TSLA,2018-09-17,19.336000442504883,20.058000564575195,19.20866775512696,19.6560001373291,103314000.0,-0.2049186942693439,-0.0597014557676494,-0.1323100750184966,-0.0012195207050056,0.0387501185972117,-0.0387501185972117
TSLA_2018-09-18,TSLA,2018-09-18,19.779333114624023,20.176000595092773,18.36666679382324,18.997333526611328,248212500.0,-0.1917174375523178,-0.0824021611663872,-0.1370597993593525,-0.0335096970958443,0.0384955993692893,-0.0384955993692893
TSLA_2018-09-19,TSLA,2018-09-19,18.700666427612305,20.0,18.700000762939453,19.93466758728028,124423500.0,-0.1744795844273848,-0.0553185354577315,-0.1148990599425582,0.0493402960660738,0.0388690614643791,-0.0388690614643791
TSLA_2018-09-20,TSLA,2018-09-20,20.23733329772949,20.398666381835938,19.55533218383789,19.8886661529541,110241000.0,-0.1415211394694131,-0.0348431130151275,-0.0881821262422703,-0.0023076098021083,0.0385587671650646,-0.0385587671650646
TSLA_2018-09-21,TSLA,2018-09-21,19.84666633605957,20.038667678833008,19.69133377075196,19.940000534057617,75757500.0,-0.1034978862406607,-0.0080917781692964,-0.0557948322049785,0.0025810871734046,0.0382496887234863,-0.0382496887234863
TSLA_2018-09-24,TSLA,2018-09-24,19.898666381835938,20.200000762939453,19.57200050354004,19.978666305541992,72645000.0,-0.1000870910481622,-0.0147939279121567,-0.0574405094801594,0.0019391058399589,0.0382513633968857,-0.0382513633968857
TSLA_2018-09-25,TSLA,2018-09-25,20.0,20.30666732788086,19.76666641235352,20.06599998474121,67225500.0,-0.1199122519212774,0.0781216694158504,-0.0208952912527135,0.0043713468088204,0.0380903846469079,-0.0380903846469079
TSLA_2018-09-26,TSLA,2018-09-26,20.12733268737793,20.926000595092773,20.073999404907227,20.6386661529541,117648000.0,-0.1013643383504628,0.2009465193587969,0.049791090504167,0.0285391293057093,0.0382616100796958,-0.0382616100796958
TSLA_2018-09-27,TSLA,2018-09-27,20.86000061035156,20.997333526611328,20.46066665649414,20.501333236694336,127636500.0,-0.1211956726138792,0.1555254518476727,0.0171648896168967,-0.006654156583666,0.0382074332303207,-0.0382074332303207
TSLA_2018-09-28,TSLA,2018-09-28,18.017332077026367,18.53333282470703,17.37066650390625,17.65133285522461,504745500.0,-0.2279632611107511,0.0486770489039092,-0.0896431061034209,-0.1390153678575718,0.0419077675563997,-0.0419077675563997
TSLA_2018-10-01,TSLA,2018-10-01,20.384666442871094,20.762666702270508,20.06999969482422,20.71333312988281,326664000.0,-0.0727310529908736,0.1613650992834767,0.0443170231463015,0.1734713349848751,0.047368534270399,-0.047368534270399
TSLA_2018-10-02,TSLA,2018-10-02,20.93000030517578,21.12266731262207,19.94333267211914,20.06800079345703,176152500.0,-0.0316541260309728,0.0490695244324617,0.0087076992007444,-0.031155407600468,0.0466365146483287,-0.0466365146483287
TSLA_2018-10-03,TSLA,2018-10-03,20.222000122070312,20.30666732788086,19.4379997253418,19.65333366394043,119925000.0,-0.0464484067768375,-0.0357188980250967,-0.0410836524009671,-0.0206631011122842,0.04670725833276,-0.04670725833276
TSLA_2018-10-04,TSLA,2018-10-04,19.59666633605957,19.600000381469727,18.51133346557617,18.788667678833008,147213000.0,-0.0876334430166907,-0.0583694577716158,-0.0730014503941532,-0.0439958940245285,0.0470393247606082,-0.0470393247606082
TSLA_2018-10-05,TSLA,2018-10-05,18.309999465942383,18.32533264160156,17.333332061767578,17.463333129882812,269167500.0,-0.1775768227939756,-0.095663909716287,-0.1366203662551313,-0.0705390382971803,0.0476800626080726,-0.0476800626080726
TSLA_2018-10-08,TSLA,2018-10-08,17.634666442871094,17.85066795349121,16.600000381469727,16.70400047302246,202090500.0,-0.222997436905911,-0.1776829507728471,-0.200340193839379,-0.0434815422240901,0.0479266040844909,-0.0479266040844909
TSLA_2018-10-09,TSLA,2018-10-09,17.016666412353516,17.784666061401367,16.886667251586914,17.520000457763672,180909000.0,-0.1760722108703802,-0.1267071967946047,-0.1513897038324925,0.0488505724158161,0.048355070217106,-0.048355070217106
TSLA_2018-10-10,TSLA,2018-10-10,17.640666961669922,17.700666427612305,16.51799964904785,17.125333786010742,192229500.0,-0.1889109819972634,-0.1264961681963948,-0.1577035750968291,-0.0225266359270007,0.048420651299186,-0.048420651299186
TSLA_2018-10-11,TSLA,2018-10-11,17.16866683959961,17.483333587646484,16.601999282836914,16.815332412719727,122515500.0,-0.2089880105665933,-0.160185180598618,-0.1845865955826057,-0.0181019171459447,0.048447589255048,-0.048447589255048
TSLA_2018-10-12,TSLA,2018-10-12,17.399999618530273,17.465999603271484,16.80066680908203,17.25200080871582,108021000.0,-0.1654949173246435,-0.1113628720540802,-0.1384288946893618,0.0259684664732398,0.0484725238131279,-0.0484725238131279
TSLA_2018-10-15,TSLA,2018-10-15,17.270666122436523,17.552000045776367,16.96933364868164,17.305999755859375,93000000.0,-0.1955437233621598,-0.0976745647702639,-0.1466091440662119,0.0031300107009195,0.048173537579681,-0.048173537579681
TSLA_2018-10-16,TSLA,2018-10-16,17.713333129882812,18.492000579833984,17.482667922973633,18.439332962036133,142896000.0,-0.1459317817639803,-0.0571331683007055,-0.1015324750323429,0.065487878317636,0.048921797230157,-0.048921797230157
TSLA_2018-10-17,TSLA,2018-10-17,18.82666778564453,18.84666633605957,17.719999313354492,18.118667602539062,129832500.0,-0.1512974800877345,-0.0943081202026284,-0.1228028001451815,-0.017390290644313,0.0489481667347234,-0.0489481667347234
TSLA_2018-10-18,TSLA,2018-10-18,17.952667236328125,18.06666755676269,17.53333282470703,17.5939998626709,81318000.0,-0.1583965570646731,-0.0907180089393167,-0.1245572830019949,-0.0289573025664778,0.049011125921944,-0.049011125921944
TSLA_2018-10-19,TSLA,2018-10-19,17.826000213623047,17.977333068847656,16.899999618530273,17.333332061767578,140632500.0,-0.1424802653579938,-0.0824717131073464,-0.1124759892326701,-0.0148157214356001,0.0488754278534051,-0.0488754278534051
TSLA_2018-10-22,TSLA,2018-10-22,17.3786678314209,17.457332611083984,16.839332580566406,17.39666748046875,84004500.0,-0.1226506675880527,-0.0794115049540027,-0.1010310862710277,0.0036539667315824,0.0488261954493814,-0.0488261954493814
TSLA_2018-10-23,TSLA,2018-10-23,17.591333389282227,19.86199951171875,17.47333335876465,19.60933303833008,285417000.0,-0.047288982874543,0.0479175710671486,0.0003142940963027,0.1271890470025649,0.051207899194842,-0.051207899194842
TSLA_2018-10-24,TSLA,2018-10-24,20.06999969482422,20.29599952697754,19.048667907714844,19.233333587646484,300874500.0,-0.0591879564784888,0.0105787097515808,-0.024304623363454,-0.0191745150102063,0.0512600501429142,-0.0512600501429142
TSLA_2018-10-25,TSLA,2018-10-25,21.14800071716309,21.39999961853028,20.067333221435547,20.99066734313965,312610500.0,0.0594925828861963,0.0706610793960136,0.0650768311411049,0.0913691715211497,0.052363308805891,-0.052363308805891
TSLA_2018-10-26,TSLA,2018-10-26,20.549999237060547,22.65999984741211,20.44333267211914,22.059999465942383,411382500.0,0.140365919466797,0.1258931935978111,0.133129556532304,0.0509432170650936,0.0526120755609041,-0.0526120755609041
TSLA_2018-10-29,TSLA,2018-10-29,22.49799919128418,23.143999099731445,21.76666641235352,22.32333374023437,217290000.0,0.1231301246321274,0.1164643892700574,0.1197972569510924,0.0119371840737594,0.0525338551240404,-0.0525338551240404
TSLA_2018-10-30,TSLA,2018-10-30,21.892667770385746,22.52666664123535,21.483999252319336,21.99333381652832,136900500.0,0.096596234755286,0.0954673380736153,0.0960317864144506,-0.0147827348525133,0.0525765426526588,-0.0525765426526588
TSLA_2018-10-31,TSLA,2018-10-31,22.16933250427246,22.799999237060547,21.940000534057617,22.488000869750977,114364500.0,-0.0349602355150385,0.1858675221137113,0.0754536432993364,0.0224916812225577,0.0485522809992489,-0.0485522809992489
TSLA_2018-11-01,TSLA,2018-11-01,22.55066680908203,23.189332962036133,22.315332412719727,22.95199966430664,120001500.0,-0.0111726743330394,0.1706619713555279,0.0797446485112442,0.0206331722078416,0.0486141665754888,-0.0486141665754888
TSLA_2018-11-02,TSLA,2018-11-02,22.916000366210938,23.280000686645508,22.727333068847656,23.0939998626709,117120000.0,0.0129243378692471,0.1441357536759231,0.0785300457725851,0.0061868334106456,0.0485590920034883,-0.0485590920034883
TSLA_2018-11-05,TSLA,2018-11-05,22.700000762939453,22.930667877197266,22.00933265686035,22.76000022888184,117465000.0,-0.1005611470262191,0.1305759489497298,0.0150074009617553,-0.0144626152149994,0.0465619516737547,-0.0465619516737547
TSLA_2018-11-06,TSLA,2018-11-06,22.60466766357422,23.253332138061523,22.4060001373291,22.73733329772949,101443500.0,-0.0790624707159225,0.1114876806320821,0.0162126049580798,-0.0009959108490511,0.0464632324352184,-0.0464632324352184
TSLA_2018-11-07,TSLA,2018-11-07,22.889333724975582,23.41200065612793,22.71999931335449,23.21066665649414,110617500.0,-0.0121719899657611,0.1414333178691897,0.0646306639517143,0.0208174526258941,0.0461253677164841,-0.0461253677164841
TSLA_2018-11-08,TSLA,2018-11-08,23.233333587646484,23.838666915893555,23.22933387756348,23.426666259765625,106360500.0,-0.011505257508968,0.1672091390037451,0.0778519407473885,0.0093060490880407,0.0461273023672192,-0.0461273023672192
TSLA_2018-11-09,TSLA,2018-11-09,23.26666641235352,23.600000381469727,23.01533317565918,23.367332458496094,76482000.0,-0.0165540525082494,0.2005000249385331,0.0919729862151418,-0.0025327462564075,0.0461286909946578,-0.0461286909946578
TSLA_2018-11-12,TSLA,2018-11-12,23.224666595458984,23.318666458129883,22.022666931152344,22.0853328704834,104122500.0,-0.0470602216346296,0.1657399904216439,0.0593398843935071,-0.0548628984626173,0.0465526323871183,-0.0465526323871183
TSLA_2018-11-13,TSLA,2018-11-13,22.21066665649414,22.979999542236328,22.14666748046875,22.582000732421875,81729000.0,0.0001181780176553,0.182386213720646,0.0912521958691506,0.0224885839326542,0.0465142914504072,-0.0465142914504072
TSLA_2018-11-14,TSLA,2018-11-14,22.84666633605957,23.14066696166992,22.476667404174805,22.933332443237305,75604500.0,0.0254881372663322,0.2089687950019878,0.11722846613416,0.0155580417775387,0.0465295226579397,-0.0465295226579397
TSLA_2018-11-15,TSLA,2018-11-15,22.82200050354004,23.238666534423828,22.6026668548584,23.22933387756348,69385500.0,0.1405564844124824,0.2587241461992899,0.1996403153058862,0.0129070397884307,0.0450740394808022,-0.0450740394808022
TSLA_2018-11-16,TSLA,2018-11-16,23.012666702270508,23.71333312988281,23.007999420166016,23.62066650390625,108093000.0,0.1487160459930467,0.2454216491616858,0.1970688475773663,0.0168464850694984,0.0451001594285076,-0.0451001594285076
TSLA_2018-11-19,TSLA,2018-11-19,23.756000518798828,24.450000762939453,23.525333404541016,23.564666748046875,145633500.0,0.0980739866432263,0.2852987465221628,0.1916863665826945,-0.0023707949075066,0.04480605455429,-0.04480605455429
TSLA_2018-11-20,TSLA,2018-11-20,22.78333282470703,23.31999969482422,22.23666763305664,23.166000366210938,120070500.0,0.0803693569538805,0.2451714153199995,0.16277038613694,-0.0169179724075232,0.0448708905447622,-0.0448708905447622
TSLA_2018-11-21,TSLA,2018-11-21,23.46666717529297,23.540000915527344,22.49333381652832,22.54599952697754,70302000.0,0.056513559782866,0.217167559365585,0.1368405595742255,-0.0267633959005589,0.0450112653840214,-0.0450112653840214
TSLA_2018-11-23,TSLA,2018-11-23,22.290000915527344,22.5,21.703332901000977,21.722000122070312,63039000.0,0.0093240702672612,0.168477673145496,0.0889008717063786,-0.0365474772551673,0.0452610191907823,-0.0452610191907823
TSLA_2018-11-26,TSLA,2018-11-26,21.666667938232425,23.08133316040039,21.666667938232425,23.06666755676269,119881500.0,0.0837223139992264,0.219340317243238,0.1515313156212322,0.0619034815917411,0.0458736324526797,-0.0458736324526797
TSLA_2018-11-27,TSLA,2018-11-27,22.670000076293945,23.13066673278809,22.36666679382324,22.92799949645996,95374500.0,0.1028025199680338,0.1789386852338277,0.1408706026009307,-0.0060116208794137,0.0457704968379794,-0.0457704968379794
TSLA_2018-11-28,TSLA,2018-11-28,23.06599998474121,23.21866607666016,22.81399917602539,23.19133377075196,61914000.0,0.1405200250035836,0.2217539427865762,0.1811369838950799,0.0114852704150074,0.0456752839538922,-0.0456752839538922
TSLA_2018-11-29,TSLA,2018-11-29,23.13333320617676,23.166667938232425,22.63666725158692,22.744667053222656,46210500.0,0.1254165306072372,0.1691111475386693,0.1472638390729532,-0.0192600702462668,0.0457480534404249,-0.0457480534404249
TSLA_2018-11-30,TSLA,2018-11-30,22.788667678833008,23.440000534057617,22.55066680908203,23.365333557128903,84436500.0,0.1618378644245361,0.1811012826588209,0.1714695735416785,0.0272884409542633,0.0458393076076038,-0.0458393076076038
TSLA_2018-12-03,TSLA,2018-12-03,24.0,24.39999961853028,23.46666717529297,23.89933204650879,124597500.0,0.2406644702616971,0.2313742373889404,0.2360193538253188,0.0228543062770425,0.0455283573271131,-0.0455283573271131
TSLA_2018-12-04,TSLA,2018-12-04,23.73666763305664,24.57866668701172,23.46666717529297,23.979999542236328,126928500.0,0.2812566814782746,0.1258216150784064,0.2035391482783405,0.0033753033587113,0.0453342492915569,-0.0453342492915569
TSLA_2018-12-06,TSLA,2018-12-06,23.733999252319336,24.492000579833984,23.38400077819824,24.20400047302246,117637500.0,0.2922584658073379,0.1485969682153005,0.2204277170113192,0.0093411565914167,0.0453343818579621,-0.0453343818579621
TSLA_2018-12-07,TSLA,2018-12-07,24.600000381469727,25.29933357238769,23.84333229064941,23.86466789245605,172668000.0,0.3598617744667507,0.1268967133452494,0.243379243906,-0.0140196898832747,0.0445607014719681,-0.0445607014719681
TSLA_2018-12-10,TSLA,2018-12-10,24.0,24.398666381835938,23.541332244873047,24.34333229064941,99202500.0,0.2789842175748382,0.0995182006206891,0.1892512090977637,0.0200574506358277,0.0434501285995987,-0.0434501285995987
TSLA_2018-12-11,TSLA,2018-12-11,24.6606674194336,24.81133270263672,24.01533317565918,24.450666427612305,94632000.0,0.3124820827722681,0.0699885983099457,0.1912353405411069,0.0044091801270824,0.0433220895431321,-0.0433220895431321
TSLA_2018-12-12,TSLA,2018-12-12,24.62800025939941,24.79400062561035,24.3439998626709,24.440000534057617,75405000.0,0.2617884259046352,0.0632867958616318,0.1625376108831335,-0.0004362209752549,0.0431012766021781,-0.0431012766021781
TSLA_2018-12-13,TSLA,2018-12-13,24.676666259765625,25.16266632080078,24.450000762939453,25.11933326721192,110488500.0,0.3016997517138862,0.0533098673781637,0.177504809546025,0.0277959377377117,0.0431860551107488,-0.0431860551107488
TSLA_2018-12-14,TSLA,2018-12-14,25.0,25.19133377075196,24.288667678833008,24.38066673278809,95064000.0,0.238854997699164,0.021051447689419,0.1299532226942915,-0.0294062954046637,0.0433602238594674,-0.0433602238594674
TSLA_2018-12-17,TSLA,2018-12-17,24.13333320617676,24.3799991607666,22.92533302307129,23.22800064086914,115110000.0,0.1817257060736574,-0.060431982599475,0.0606468617370912,-0.0472778740857319,0.043840616668966,-0.043840616668966
TSLA_2018-12-18,TSLA,2018-12-18,23.36933326721192,23.43666648864746,22.246000289916992,22.46866607666016,106500000.0,0.1827273572465426,-0.0440221010077892,0.0693526281193767,-0.0326904831780032,0.0438295581018254,-0.0438295581018254
TSLA_2018-12-19,TSLA,2018-12-19,22.50666618347168,23.13400077819824,21.98266792297364,22.19799995422364,124113000.0,0.1135375022951235,-0.0807520583496378,0.0163927219727428,-0.0120463814590969,0.043477081700464,-0.043477081700464
TSLA_2018-12-20,TSLA,2018-12-20,21.803333282470703,22.019332885742188,20.791332244873047,21.025333404541016,136078500.0,0.0571515074387269,-0.0924577784858093,-0.0176531355235411,-0.0528275769033641,0.0440317842084835,-0.0440317842084835
TSLA_2018-12-21,TSLA,2018-12-21,21.15999984741211,21.564666748046875,20.82933235168457,21.31800079345703,120252000.0,0.0691073331239777,-0.0415430160187438,0.0137821585526169,0.013919750202525,0.0440581216391176,-0.0440581216391176
TSLA_2018-12-24,TSLA,2018-12-24,20.89999961853028,20.96666717529297,19.68000030517578,19.69266700744629,83398500.0,-0.0143152347469944,-0.1129695555916585,-0.0636423951693265,-0.0762423175492887,0.0451473823922808,-0.0451473823922808
TSLA_2018-12-26,TSLA,2018-12-26,20.0,21.79800033569336,19.606000900268555,21.73933219909668,122446500.0,0.0833914190983713,-0.0465204856779026,0.0184354667102343,0.1039303204018275,0.0469811568895112,-0.0469811568895112
TSLA_2018-12-27,TSLA,2018-12-27,21.32266616821289,21.47800064086914,20.100000381469727,21.07533264160156,128626500.0,0.0211576894267924,-0.0823512841134418,-0.0305967973433247,-0.0305436961638918,0.0470393356792658,-0.0470393356792658
TSLA_2018-12-28,TSLA,2018-12-28,21.540000915527344,22.416000366210938,21.227333068847656,22.257999420166016,149085000.0,0.0856854607059167,-0.045894918951446,0.0198952708772353,0.0561161618977219,0.0475282491470579,-0.0475282491470579
TSLA_2018-12-31,TSLA,2018-12-31,22.519332885742188,22.61400032043457,21.68400001525879,22.18666648864746,94534500.0,0.2569400096084211,-0.0295961340024933,0.1136719378029638,-0.0032048222381534,0.0439566463968413,-0.0439566463968413
TSLA_2019-01-02,TSLA,2019-01-02,20.406667709350582,21.0086669921875,19.920000076293945,20.67466735839844,174879000.0,-0.0018667092950185,-0.0744619945532376,-0.038164351924128,-0.0681489998068292,0.0392716097134792,-0.0392716097134792
TSLA_2019-01-03,TSLA,2019-01-03,20.46666717529297,20.62666702270508,19.82533264160156,20.02400016784668,104478000.0,-0.0021925764336573,-0.0337772983738666,-0.017984937403762,-0.0314717126651833,0.039275770019768,-0.039275770019768
TSLA_2019-01-04,TSLA,2019-01-04,20.39999961853028,21.200000762939453,20.18199920654297,21.179332733154297,110911500.0,0.0776458129347155,0.0275908818541681,0.0526183473944418,0.0576973909120706,0.0398249239384596,-0.0398249239384596
TSLA_2019-01-07,TSLA,2019-01-07,21.44799995422364,22.44933319091797,21.183332443237305,22.33066749572754,113268000.0,0.1885178809610266,0.0843639669655105,0.1364409239632685,0.0543612387169749,0.0399223032343475,-0.0399223032343475
TSLA_2019-01-08,TSLA,2019-01-08,22.797332763671875,22.93400001525879,21.801332473754883,22.356666564941406,105127500.0,0.2802061553006307,0.0528712137210536,0.1665386845108422,0.001164276402344,0.0387828559081998,-0.0387828559081998
TSLA_2019-01-09,TSLA,2019-01-09,22.36666679382324,22.89999961853028,22.097999572753903,22.568666458129883,81493500.0,0.3510934997026047,0.0498031122486868,0.2004483059756457,0.0094826253535007,0.0382935581765466,-0.0382935581765466
TSLA_2019-01-10,TSLA,2019-01-10,22.293333053588867,23.025999069213867,22.11933326721192,22.99799919128418,90846000.0,0.3126711524195784,0.0815462404672933,0.1971086964434358,0.0190233983895684,0.0379315496283235,-0.0379315496283235
TSLA_2019-01-11,TSLA,2019-01-11,22.80599975585937,23.227333068847656,22.584667205810547,23.15066719055176,75586500.0,0.3518374286790815,0.0964604925266607,0.2241489606028711,0.0066383165769237,0.0377675377975868,-0.0377675377975868
TSLA_2019-01-14,TSLA,2019-01-14,22.82533264160156,22.83333206176757,22.26666641235352,22.293333053588867,78709500.0,0.3257741510197789,0.0487032487375411,0.18723869987866,-0.0370328047095243,0.0380326015687976,-0.0380326015687976
TSLA_2019-01-15,TSLA,2019-01-15,22.33333206176757,23.253332138061523,22.299999237060547,22.96199989318848,90849000.0,0.3309760501279326,0.1107062787509296,0.2208411644394311,0.0299940272722911,0.0380714469110321,-0.0380714469110321
TSLA_2019-01-16,TSLA,2019-01-16,22.985332489013672,23.46666717529297,22.89999961853028,23.06999969482422,70375500.0,0.3330636785091423,0.0723914433346073,0.2027275609218748,0.0047034144298456,0.0380705515449798,-0.0380705515449798
TSLA_2019-01-17,TSLA,2019-01-17,23.08066749572754,23.433332443237305,22.94333267211914,23.15399932861328,55150500.0,0.2556852992613101,0.0724409062052702,0.1640631027332901,0.0036410765019605,0.037282009918438,-0.037282009918438
TSLA_2019-01-18,TSLA,2019-01-18,21.53333282470703,21.808666229248047,19.98200035095215,20.15066719055176,362262000.0,0.1121495041792115,-0.0561159132839266,0.0280167954476424,-0.1297111611448506,0.0408504307986841,-0.0408504307986841
TSLA_2019-01-22,TSLA,2019-01-22,20.321332931518555,20.53333282470703,19.700000762939453,19.92799949645996,181000500.0,0.132658841196259,-0.0467504195780907,0.0429542108090841,-0.0110501400269369,0.0406899469340591,-0.0406899469340591
TSLA_2019-01-23,TSLA,2019-01-23,19.5,19.63333320617676,18.779333114624023,19.172666549682617,187950000.0,0.1061154590104513,-0.0514841651059369,0.0273156469522572,-0.0379030994511778,0.0409541941652328,-0.0409541941652328
TSLA_2019-01-24,TSLA,2019-01-24,18.868667602539062,19.57866668701172,18.618667602539062,19.43400001525879,120183000.0,0.1171105061976585,-0.0199038431571118,0.0486033315202733,0.0136305226452966,0.0409783015454217,-0.0409783015454217
TSLA_2019-01-25,TSLA,2019-01-25,19.6259994506836,19.90133285522461,19.303333282470703,19.80266761779785,108744000.0,0.0098593143932974,-0.037895905430745,-0.0140182955187238,0.0189702378434495,0.0378170272219298,-0.0378170272219298
TSLA_2019-01-28,TSLA,2019-01-28,19.527332305908203,19.83066749572754,19.183332443237305,19.7586669921875,96349500.0,0.0273136948489489,-0.0334909034115262,-0.0030886042812886,-0.0022219544588429,0.0377323451196937,-0.0377323451196937
TSLA_2019-01-29,TSLA,2019-01-29,19.68466758728028,19.90399932861328,19.453332901000977,19.83066749572754,69325500.0,-0.0552626473684377,0.000942217888681,-0.0271602147398783,0.0036439960027925,0.0359240332118441,-0.0359240332118441
TSLA_2019-01-30,TSLA,2019-01-30,20.030000686645508,20.600000381469727,19.89933204650879,20.584667205810547,168754500.0,-0.0668781639097293,0.0641003405876272,-0.001388911661051,0.038021902704256,0.0356629382444889,-0.0356629382444889
TSLA_2019-01-31,TSLA,2019-01-31,20.06666755676269,20.770666122436523,19.600000381469727,20.468000411987305,188538000.0,-0.0831118393801152,0.0297847141107332,-0.0266635626346909,-0.0056676550879729,0.0356331738611108,-0.0356331738611108
TSLA_2019-02-01,TSLA,2019-02-01,20.3613338470459,21.07333374023437,20.233333587646484,20.81399917602539,109251000.0,-0.0536223680475691,0.0377941478556593,-0.0079141100959548,0.0169043754677398,0.035655413124262,-0.035655413124262
TSLA_2019-02-04,TSLA,2019-02-04,20.865333557128903,21.020000457763672,20.125333786010746,20.85933303833008,110281500.0,-0.0724238602112313,-0.104852140516377,-0.0886380003638042,0.0021780467041099,0.0355381997364374,-0.0355381997364374
TSLA_2019-02-05,TSLA,2019-02-05,20.832666397094727,21.496000289916992,20.81666755676269,21.42333221435547,101142000.0,-0.0666028002923183,-0.0770313432280231,-0.0718170717601707,0.0270382171370968,0.0356089016681561,-0.0356089016681561
TSLA_2019-02-06,TSLA,2019-02-06,21.30599975585937,21.61599922180176,21.041332244873047,21.14800071716309,75577500.0,-0.0842642745769354,-0.0724289966626275,-0.0783466356197815,-0.0128519454600943,0.035632367053795,-0.035632367053795
TSLA_2019-02-07,TSLA,2019-02-07,20.88666725158692,20.979999542236328,20.200000762939453,20.500667572021484,97809000.0,-0.0992676904279342,-0.1898463646420766,-0.1445570275350054,-0.0306096615845227,0.0357902296558905,-0.0357902296558905
TSLA_2019-02-08,TSLA,2019-02-08,20.4553337097168,20.49666786193848,19.89999961853028,20.38666725158692,87663000.0,-0.1033835417444182,-0.1742722542186644,-0.1388278979815413,-0.00556081015577,0.0357948048335097,-0.0357948048335097
TSLA_2019-02-11,TSLA,2019-02-11,20.773332595825195,21.239999771118164,20.700000762939453,20.856000900268555,106945500.0,-0.1014475711134634,-0.1123847422615808,-0.1069161566875221,0.023021597541653,0.0358176332601021,-0.0358176332601021
TSLA_2019-02-12,TSLA,2019-02-12,21.07999992370605,21.21266746520996,20.641332626342773,20.78733253479004,82764000.0,-0.112663649864195,-0.1228726830695753,-0.1177681664668852,-0.0032924991616025,0.0357940120756035,-0.0357940120756035
TSLA_2019-02-13,TSLA,2019-02-13,20.82333374023437,20.850000381469727,20.3713321685791,20.544666290283203,77124000.0,-0.1207953955902485,-0.1353497947771422,-0.1280725951836954,-0.0116737558366715,0.035817792470636,-0.035817792470636
TSLA_2019-02-14,TSLA,2019-02-14,20.22533226013184,20.45133209228516,20.06666755676269,20.251333236694336,78012000.0,-0.0830415210195978,-0.1261937902701685,-0.1046176556448831,-0.0142778203084078,0.0352003802160858,-0.0352003802160858
TSLA_2019-02-15,TSLA,2019-02-15,20.299999237060547,20.53333282470703,20.26000022888184,20.525333404541016,58573500.0,-0.0910755141783349,-0.090968099284402,-0.0910218067313685,0.0135299816878331,0.0351229725029646,-0.0351229725029646
TSLA_2019-02-19,TSLA,2019-02-19,20.437332153320312,20.769332885742188,20.36466789245605,20.3759994506836,62526000.0,-0.1115116173754252,-0.0888657035195485,-0.1001886604474869,-0.0072755921141031,0.0350681848190458,-0.0350681848190458
TSLA_2019-02-20,TSLA,2019-02-20,20.29400062561035,20.420000076293945,19.933332443237305,20.17066764831543,107131500.0,-0.1316725759494259,-0.0096235259059302,-0.0706480509276781,-0.0100771401601742,0.0350379557436892,-0.0350379557436892
TSLA_2019-02-21,TSLA,2019-02-21,20.12066650390625,20.215999603271484,19.36666679382324,19.415332794189453,133638000.0,-0.1780362001648574,-0.0557969939039548,-0.1169165970344061,-0.0374471915008256,0.035243387214615,-0.035243387214615
TSLA_2019-02-22,TSLA,2019-02-22,19.632667541503903,19.76666641235352,19.47333335876465,19.6473331451416,86109000.0,-0.1662375982138578,-0.0844671955574595,-0.1253523968856587,0.0119493368159819,0.0352903006652271,-0.0352903006652271
TSLA_2019-02-25,TSLA,2019-02-25,19.86066627502441,20.19333267211914,19.799999237060547,19.917999267578125,99397500.0,-0.1402055187467848,-0.0711043891759686,-0.1056549539613767,0.0137762270551946,0.035296554348862,-0.035296554348862
TSLA_2019-02-26,TSLA,2019-02-26,19.481332778930664,20.13400077819824,19.251333236694336,19.85733222961425,128737500.0,-0.1192525216788968,-0.0694783464091886,-0.0943654340440427,-0.0030458399535452,0.0351518994531439,-0.0351518994531439
TSLA_2019-02-27,TSLA,2019-02-27,20.118667602539062,21.08666610717773,20.036666870117188,20.98266792297364,167758500.0,-0.0340361014152414,-0.0250293861491994,-0.0295327437822204,0.0566710412228042,0.0356074054256516,-0.0356074054256516
TSLA_2019-02-28,TSLA,2019-02-28,21.26133346557617,21.33333206176757,20.720666885375977,21.32533264160156,157810500.0,-0.0754913951430581,0.0019106045677614,-0.0367903952876483,0.0163308460051803,0.0347846535267367,-0.0347846535267367
TSLA_2019-03-01,TSLA,2019-03-01,20.46266746520996,20.47533226013184,19.459999084472656,19.652666091918945,343671000.0,-0.1428529953102415,-0.0547361232450822,-0.0987945592776619,-0.0784356604323052,0.0361355590279786,-0.0361355590279786
TSLA_2019-03-04,TSLA,2019-03-04,19.87466621398925,19.933332443237305,18.85199928283692,19.02400016784668,256452000.0,-0.1796935719221533,-0.064424092138054,-0.1220588320301036,-0.0319888365849134,0.0362927207660574,-0.0362927207660574
TSLA_2019-03-05,TSLA,2019-03-05,18.799999237060547,18.933332443237305,18.00666618347168,18.43600082397461,281470500.0,-0.1894363289278203,-0.0877782454656819,-0.1386072871967511,-0.0309082915624587,0.0364090695628347,-0.0364090695628347
TSLA_2019-03-06,TSLA,2019-03-06,18.43199920654297,18.767332077026367,18.292667388916016,18.416000366210938,155032500.0,-0.2118237764000545,-0.0842670195824437,-0.1480453979912491,-0.0010848588017886,0.036207506279612,-0.036207506279612
TSLA_2019-03-07,TSLA,2019-03-07,18.589332580566406,18.979999542236328,18.28333282470703,18.439332962036133,141637500.0,-0.2284582294537496,-0.0427755379604642,-0.1356168837071069,0.001266974118224,0.0360596205289215,-0.0360596205289215
TSLA_2019-03-08,TSLA,2019-03-08,18.46066665649414,19.03933334350586,18.392667770385746,18.94266700744629,132294000.0,-0.2100639128836391,0.0121108895586417,-0.0989765116624987,0.0272967599449744,0.0362581337553099,-0.0362581337553099
TSLA_2019-03-11,TSLA,2019-03-11,18.90133285522461,19.41866683959961,18.700000762939453,19.39466667175293,110884500.0,-0.1986999548537427,0.0354867669920531,-0.0816065939308448,0.0238614585860037,0.0363842837950153,-0.0363842837950153
TSLA_2019-03-12,TSLA,2019-03-12,19.09933280944824,19.204666137695312,18.73733329772949,18.89066696166992,112561500.0,-0.2084253153323153,0.0764321553151563,-0.0659965800085795,-0.0259865105501944,0.0364746744101692,-0.0364746744101692
TSLA_2019-03-13,TSLA,2019-03-13,18.926666259765625,19.465999603271484,18.84666633605957,19.263999938964844,102670500.0,-0.208653946429331,0.0121191131570181,-0.0982674166361564,0.0197628266938607,0.0364716842924353,-0.0364716842924353
TSLA_2019-03-14,TSLA,2019-03-14,19.49666786193848,19.69266700744629,19.21933364868164,19.33066749572754,106551000.0,-0.2094012016826959,0.0376467574527477,-0.0858772221149741,0.0034607328163371,0.0364687544833731,-0.0364687544833731
TSLA_2019-03-15,TSLA,2019-03-15,18.90066719055176,18.9146671295166,18.293333053588867,18.36199951171875,221782500.0,-0.24869070742732,-0.0520066303571929,-0.1503486688922565,-0.0501104260482926,0.0369450534232201,-0.0369450534232201
TSLA_2019-03-18,TSLA,2019-03-18,18.39999961853028,18.536666870117188,17.81999969482422,17.965999603271484,154215000.0,-0.2847740259602205,-0.0689905271730965,-0.1768822765666585,-0.0215662737707043,0.0367862664637661,-0.0367862664637661
TSLA_2019-03-19,TSLA,2019-03-19,17.833332061767578,18.21999931335449,17.56399917602539,17.83133316040039,177009000.0,-0.2686281570626572,-0.0939363372006247,-0.1812822471316409,-0.0074956276213304,0.0366515686026529,-0.0366515686026529
TSLA_2019-03-20,TSLA,2019-03-20,17.979333877563477,18.33133316040039,17.753332138061523,18.239999771118164,103623000.0,-0.2147408615520142,-0.072039090166762,-0.1433899758593881,0.0229184552294348,0.0363894428158517,-0.0363894428158517
TSLA_2019-03-21,TSLA,2019-03-21,18.17333221435547,18.43000030517578,17.89666748046875,18.26799964904785,89206500.0,-0.1869566450131121,-0.0383913814294953,-0.1126740132213037,0.0015350810461096,0.0361965475114332,-0.0361965475114332
TSLA_2019-03-22,TSLA,2019-03-22,18.17200088500977,18.18666648864746,17.600000381469727,17.635332107543945,131184000.0,-0.2055440965892763,-0.1153435576324067,-0.1604438271108415,-0.0346325571304071,0.0364026421899214,-0.0364026421899214
TSLA_2019-03-25,TSLA,2019-03-25,17.31399917602539,17.545333862304688,16.964000701904297,17.3613338470459,153225000.0,-0.1742659432313102,-0.1270739971434843,-0.1506699701873973,-0.0155368925760597,0.0358784833457884,-0.0358784833457884
TSLA_2019-03-26,TSLA,2019-03-26,17.62933349609375,18.017332077026367,17.6286678314209,17.851333618164062,110263500.0,-0.1626168986895322,-0.10474758575488,-0.1336822422222061,0.0282236247188771,0.0360283097608138,-0.0360283097608138
TSLA_2019-03-27,TSLA,2019-03-27,17.916667938232422,18.357999801635746,17.8786678314209,18.32200050354004,131688000.0,-0.0696028883943432,-0.0829217414549039,-0.0762623149246236,0.0263659228740795,0.034927944405927,-0.034927944405927
TSLA_2019-03-28,TSLA,2019-03-28,18.477333068847656,18.68866729736328,18.34000015258789,18.57466697692871,101611500.0,-0.1455732491313357,-0.074321389860787,-0.1099473194960614,0.0137903321932477,0.0323291649656858,-0.0323291649656858
TSLA_2019-03-29,TSLA,2019-03-29,18.57999992370605,18.67733383178711,18.299999237060547,18.65733337402344,89869500.0,-0.1147312504479819,-0.0960010091857154,-0.1053661298168486,0.0044504914783887,0.032130248323746,-0.032130248323746
TSLA_2019-04-01,TSLA,2019-04-01,18.841333389282227,19.280000686645508,18.75200080871582,19.27866744995117,121656000.0,-0.1338544365094887,-0.0596383548634182,-0.0967463956864534,0.0333024051975621,0.0315955522912538,-0.0315955522912538
TSLA_2019-04-02,TSLA,2019-04-02,19.21999931335449,19.29599952697754,18.92533302307129,19.058666229248047,82183500.0,-0.1409855897459836,0.0797295810784555,-0.030628004333764,-0.0114116404193527,0.0316184630630409,-0.0316184630630409
TSLA_2019-04-03,TSLA,2019-04-03,19.15466690063477,19.744667053222656,19.14466667175293,19.45400047302246,118791000.0,-0.059041669895604,-0.0607981655566349,-0.0599199177261194,0.0207430173244611,0.0305809127986737,-0.0305809127986737
TSLA_2019-04-04,TSLA,2019-04-04,17.459333419799805,18.07999992370605,17.37266731262207,17.851999282836914,355810500.0,-0.108469879484791,-0.1104246274169284,-0.1094472534508597,-0.0823481623950352,0.0320487405241006,-0.0320487405241006
TSLA_2019-04-05,TSLA,2019-04-05,17.99066734313965,18.406667709350582,17.74066734313965,18.33066749572754,195574500.0,-0.1345021239959762,-0.0672998378203741,-0.1009009809081752,0.0268131431839582,0.0313605748456495,-0.0313605748456495
TSLA_2019-04-08,TSLA,2019-04-08,18.512666702270508,18.74399948120117,18.029333114624023,18.21333312988281,156156000.0,-0.1843802638963876,-0.0306213595761428,-0.1075008117362652,-0.0064009870820076,0.0305291680385734,-0.0305291680385734
TSLA_2019-04-09,TSLA,2019-04-09,18.11000061035156,18.33333206176757,17.974000930786133,18.15399932861328,88560000.0,-0.1879827309728963,0.0395495060189063,-0.0742166124769949,-0.0032577124047754,0.0305250972497935,-0.0305250972497935
TSLA_2019-04-10,TSLA,2019-04-10,18.44933319091797,18.558666229248047,18.19266700744629,18.40399932861328,105919500.0,-0.1845331507398997,0.1017719592582853,-0.0413805957408072,0.0137710702459905,0.0305577480205509,-0.0305577480205509
TSLA_2019-04-11,TSLA,2019-04-11,17.886667251586914,18.03333282470703,17.706666946411133,17.89466667175293,147538500.0,-0.221903326332202,0.021385057317349,-0.1002591345074264,-0.0276751073375923,0.0305872903564255,-0.0305872903564255
TSLA_2019-04-12,TSLA,2019-04-12,18.014667510986328,18.1299991607666,17.788667678833008,17.84666633605957,101190000.0,-0.2291079047888891,0.0421207877792177,-0.0934935585048356,-0.0026823822188948,0.0305600038983515,-0.0305600038983515
TSLA_2019-04-15,TSLA,2019-04-15,17.908666610717773,17.92533302307129,17.242000579833984,17.7586669921875,150579000.0,-0.20340906631148,0.0560996688209507,-0.0736546987452646,-0.0049308561170477,0.03026048935995,-0.03026048935995
TSLA_2019-04-16,TSLA,2019-04-16,17.71666717529297,18.33333206176757,17.648000717163086,18.224000930786133,109093500.0,-0.2063408668426934,0.0563412981976705,-0.0749997843225114,0.0262032020085372,0.030197252415626,-0.030197252415626
TSLA_2019-04-17,TSLA,2019-04-17,18.31666755676269,18.31933212280273,17.902666091918945,18.082000732421875,76897500.0,-0.2162114880097465,0.0448399969669341,-0.0856857455214061,-0.0077919332260554,0.0301855650571356,-0.0301855650571356
TSLA_2019-04-18,TSLA,2019-04-18,18.082000732421875,18.32266616821289,17.983333587646484,18.21733283996582,88144500.0,-0.2132100989804737,-0.0120394876825196,-0.1126247933314966,0.0074843547208405,0.0302038906780597,-0.0302038906780597
TSLA_2019-04-22,TSLA,2019-04-22,17.933332443237305,17.978666305541992,17.498666763305664,17.516666412353516,182206500.0,-0.1307153134578728,-0.0332254668715918,-0.0819703901647323,-0.038461526380808,0.0259315176503292,-0.0259315176503292
TSLA_2019-04-23,TSLA,2019-04-23,17.343332290649414,17.706666946411133,17.049999237060547,17.593332290649414,164158500.0,-0.1171551216781835,-3.794316395899777e-05,-0.0585965324210712,0.004376739071872,0.0259164074465994,-0.0259164074465994
TSLA_2019-04-24,TSLA,2019-04-24,17.59000015258789,17.687999725341797,17.200000762939453,17.243999481201172,160912500.0,-0.1005946180456245,-0.0051538031030656,-0.0528742105743451,-0.0198559774622063,0.0256070080815062,-0.0256070080815062
TSLA_2019-04-25,TSLA,2019-04-25,17.0,17.266666412353516,16.404666900634766,16.5086669921875,327741000.0,-0.1505265524737283,-0.0510442870324565,-0.1007854197530924,-0.0426428039397303,0.0260534776074843,-0.0260534776074843
TSLA_2019-04-26,TSLA,2019-04-26,16.433332443237305,16.44533348083496,15.408666610717772,15.675999641418455,335410500.0,-0.2083894986284833,-0.2005847618184257,-0.2044871302234545,-0.0504381941414829,0.026603533831953,-0.026603533831953
TSLA_2019-04-29,TSLA,2019-04-29,15.723999977111816,16.26533317565918,15.477999687194824,16.097999572753906,250717500.0,-0.1852689465782792,-0.1630156312011556,-0.1741422888897174,0.0269201289224618,0.0268754039252003,-0.0268754039252003
TSLA_2019-04-30,TSLA,2019-04-30,16.137332916259766,16.28066635131836,15.800000190734863,15.912667274475098,141969000.0,-0.1975727857923371,-0.2419170379699331,-0.2197449118811351,-0.0115127533356682,0.0268838456859857,-0.0268838456859857
TSLA_2019-05-01,TSLA,2019-05-01,15.923333168029783,16.0,15.43333339691162,15.600666999816896,160566000.0,-0.2421219714733493,-0.2928074624887372,-0.2674647169810433,-0.0196070381713233,0.0264378933346101,-0.0264378933346101
TSLA_2019-05-02,TSLA,2019-05-02,16.368000030517578,16.475332260131836,15.847999572753906,16.273332595825195,272389500.0,-0.2049378411046668,-0.2710169195519835,-0.2379773803283251,0.0431177459281832,0.0270957682958503,-0.0270957682958503
TSLA_2019-05-03,TSLA,2019-05-03,16.257333755493164,17.107332229614258,16.232667922973633,17.00200080871582,355602000.0,-0.1831458882587264,-0.2269475400796872,-0.2050467141692068,0.0447768278931113,0.0276522722164945,-0.0276522722164945
TSLA_2019-05-06,TSLA,2019-05-06,16.667999267578125,17.22333335876465,16.566667556762695,17.022666931152344,162508500.0,-0.1839304305716615,-0.2430333389905793,-0.2134818847811204,0.0012155112018303,0.0276497294800896,-0.0276497294800896
TSLA_2019-05-07,TSLA,2019-05-07,17.1200008392334,17.1473331451416,16.34000015258789,16.470666885375977,151971000.0,-0.2311809049789547,-0.2823864096255623,-0.2567836573022585,-0.032427353951582,0.0276283156496667,-0.0276283156496667
TSLA_2019-05-08,TSLA,2019-05-08,16.46266746520996,16.706666946411133,16.280000686645508,16.32266616821289,92646000.0,-0.2281697742252344,-0.2932074882966974,-0.2606886312609659,-0.0089857149193207,0.0276121370672706,-0.0276121370672706
TSLA_2019-05-09,TSLA,2019-05-09,16.133333206176758,16.245332717895508,15.79599952697754,16.131999969482422,100671000.0,-0.2130987972558147,-0.2912126622471936,-0.2521557297515042,-0.0116810695486608,0.0274171446984966,-0.0274171446984966
TSLA_2019-05-10,TSLA,2019-05-10,15.983332633972168,16.132667541503906,15.73466682434082,15.968000411987305,105124500.0,-0.2167429715249638,-0.2977188572249217,-0.2572309143749428,-0.0101661020211605,0.0274290765374684,-0.0274290765374684
TSLA_2019-05-13,TSLA,2019-05-13,15.46733283996582,15.498000144958496,14.966667175292969,15.133999824523926,162522000.0,-0.2743575387777697,-0.3479722039655606,-0.3111648713716651,-0.0522294943603137,0.0278903434004413,-0.0278903434004413
TSLA_2019-05-14,TSLA,2019-05-14,15.286666870117188,15.633333206176758,15.199999809265137,15.487333297729492,108786000.0,-0.2549629313039745,-0.3389015267473897,-0.2969322290256821,0.0233469986323777,0.0281129170106492,-0.0281129170106492
TSLA_2019-05-15,TSLA,2019-05-15,15.288000106811523,15.496000289916992,15.016667366027832,15.463333129882812,109440000.0,-0.2473310147073869,-0.338249962534319,-0.292790488620853,-0.0015496643215006,0.0280988247325669,-0.0280988247325669
TSLA_2019-05-16,TSLA,2019-05-16,15.29933261871338,15.399999618530272,15.100000381469728,15.222000122070312,112249500.0,-0.2483457783170117,-0.310764288166369,-0.2795550332416904,-0.0156067909670861,0.0281070820408304,-0.0281070820408304
TSLA_2019-05-17,TSLA,2019-05-17,14.797332763671877,14.815999984741213,13.928000450134276,14.0686674118042,266800500.0,-0.3145705780013467,-0.376996415042833,-0.3457834965220898,-0.075767487913359,0.0294230924408352,-0.0294230924408352
TSLA_2019-05-20,TSLA,2019-05-20,13.520000457763672,13.733332633972168,13.016667366027832,13.690667152404783,307893000.0,-0.3280983744851117,-0.4030232114634541,-0.3655607929742829,-0.026868234803977,0.0295449789147594,-0.0295449789147594
TSLA_2019-05-21,TSLA,2019-05-21,13.184000015258787,13.826666831970217,13.06933307647705,13.67199993133545,270058500.0,-0.3221840660055058,-0.411433836054127,-0.3668089510298164,-0.0013634997375606,0.0295452920276836,-0.0295452920276836
TSLA_2019-05-22,TSLA,2019-05-22,13.273332595825195,13.595999717712402,12.785332679748535,12.84866714477539,280278000.0,-0.3382206073428372,-0.4560412957589257,-0.3971309515508814,-0.060220362104671,0.0300743394556134,-0.0300743394556134
TSLA_2019-05-23,TSLA,2019-05-23,12.956000328063965,13.29800033569336,12.414667129516602,13.03266716003418,398206500.0,-0.3366699152624232,-0.4469403153721928,-0.391805115317308,0.0143205527223582,0.0300987392436442,-0.0300987392436442
TSLA_2019-05-24,TSLA,2019-05-24,13.321999549865724,13.33199977874756,12.583333015441896,12.708666801452637,212049000.0,-0.3619506341613641,-0.4514086764848272,-0.4066796553230956,-0.0248606332535766,0.0300820620954232,-0.0300820620954232
TSLA_2019-05-28,TSLA,2019-05-28,12.74666690826416,13.0,12.523332595825195,12.579999923706056,154693500.0,-0.3664808656952991,-0.4420296199929664,-0.4042552428441328,-0.0101243411096334,0.030081586926961,-0.030081586926961
TSLA_2019-05-29,TSLA,2019-05-29,12.473333358764648,12.826000213623049,12.336000442504885,12.657333374023438,179529000.0,-0.396771972921275,-0.4173035032274425,-0.4070377380743587,0.0061473331308732,0.0290177494416533,-0.0290177494416533
TSLA_2019-05-30,TSLA,2019-05-30,12.583333015441896,12.817333221435549,12.468000411987305,12.54800033569336,118897500.0,-0.4115918121148243,-0.4560115671318749,-0.4338016896233496,-0.0086379204133519,0.0288561278151048,-0.0288561278151048
TSLA_2019-05-31,TSLA,2019-05-31,12.34000015258789,12.661333084106444,12.273332595825195,12.343999862670898,156100500.0,-0.3718918438375811,-0.4616189753241756,-0.4167554095808783,-0.0162576081897425,0.027435312741714,-0.027435312741714
TSLA_2019-06-03,TSLA,2019-06-03,12.36733341217041,12.445332527160645,11.79933261871338,11.9313325881958,195966000.0,-0.3728273505610305,-0.4855262441505995,-0.429176797355815,-0.0334305961654318,0.0274571047680702,-0.0274571047680702
TSLA_2019-06-04,TSLA,2019-06-04,12.07333278656006,12.932000160217283,11.973999977111816,12.90666675567627,207112500.0,-0.2999204719663423,-0.4325409677145595,-0.3662307198404509,0.0817456189634182,0.0294695669096147,-0.0294695669096147
TSLA_2019-06-05,TSLA,2019-06-05,13.245332717895508,13.41866683959961,12.789999961853027,13.105999946594238,202662000.0,-0.2883362464175072,-0.4390835502283887,-0.363709898322948,0.0154442037352753,0.0295802788760331,-0.0295802788760331
TSLA_2019-06-06,TSLA,2019-06-06,13.629332542419434,14.06666660308838,13.453332901000977,13.729999542236328,303633000.0,-0.2553960834426944,-0.4255069758637039,-0.3404515296531991,0.0476117502048552,0.0303047876616182,-0.0303047876616182
TSLA_2019-06-07,TSLA,2019-06-07,13.666666984558104,14.055999755859377,13.56666660308838,13.633333206176758,240052500.0,-0.2802843865218373,-0.431470664452509,-0.3558775254871731,-0.0070405199768728,0.0300365043445479,-0.0300365043445479
TSLA_2019-06-10,TSLA,2019-06-10,14.016667366027832,14.46266746520996,13.934000015258787,14.19200038909912,158775000.0,-0.2682524206632102,-0.4136506316417658,-0.340951526152488,0.0409780333593878,0.0303750729738685,-0.0303750729738685
TSLA_2019-06-11,TSLA,2019-06-11,14.609333038330078,14.726667404174805,14.233332633972168,14.473333358764648,174802500.0,-0.2338368259769893,-0.3935246271187429,-0.3136807265478661,0.0198233485028382,0.0304004266794242,-0.0304004266794242
TSLA_2019-06-12,TSLA,2019-06-12,14.863332748413086,14.892000198364258,13.93333339691162,13.95066738128662,227962500.0,-0.2758166826470483,-0.4269203897510263,-0.3513685361990373,-0.0361123429221311,0.030517905910332,-0.030517905910332
TSLA_2019-06-13,TSLA,2019-06-13,14.025333404541016,14.326666831970217,13.833999633789062,14.260666847229004,122524500.0,-0.2622775778238959,-0.4167575395358412,-0.3395175586798686,0.0222211208589357,0.0306893483866457,-0.0306893483866457
TSLA_2019-06-14,TSLA,2019-06-14,14.083333015441896,14.44333267211914,14.026666641235352,14.32800006866455,111501000.0,-0.219692819427409,-0.4137479641746241,-0.3167203918010166,0.0047216039864665,0.0301433077615882,-0.0301433077615882
TSLA_2019-06-17,TSLA,2019-06-17,14.36533260345459,15.133333206176758,14.284667015075684,15.001999855041504,184752000.0,-0.1649782819593437,-0.4027707783700014,-0.2838745301646725,0.047040744217401,0.0307132500245986,-0.0307132500245986
TSLA_2019-06-18,TSLA,2019-06-18,15.248000144958496,15.649333000183104,14.837332725524902,14.982666969299316,190737000.0,-0.1597562092231755,-0.3854693502228948,-0.2726127797230352,-0.0012886872369679,0.0307065642395722,-0.0307065642395722
TSLA_2019-06-19,TSLA,2019-06-19,15.007332801818848,15.184666633605955,14.737333297729492,15.095333099365234,98626500.0,-0.1724049732024833,-0.3501234422731443,-0.2612642077378138,0.0075197646918789,0.030563606729082,-0.030563606729082
TSLA_2019-06-20,TSLA,2019-06-20,14.866666793823242,15.126667022705078,14.423333168029783,14.641332626342772,177952500.0,-0.1985256783653434,-0.3483666286023187,-0.273446153483831,-0.030075551830092,0.030754563654902,-0.030754563654902
TSLA_2019-06-21,TSLA,2019-06-21,14.414667129516602,14.812000274658203,14.366666793823242,14.790666580200195,123031500.0,-0.1613049025669822,-0.3336937286827069,-0.2474993156248446,0.0101994782625689,0.0305295743633588,-0.0305295743633588
TSLA_2019-06-24,TSLA,2019-06-24,14.88266658782959,15.057332992553713,14.73466682434082,14.90933322906494,86262000.0,-0.1412334236288058,-0.2908871910756551,-0.2160603073522304,0.0080230764598263,0.0305094368230611,-0.0305094368230611
TSLA_2019-06-25,TSLA,2019-06-25,14.959333419799805,15.022666931152344,14.63266658782959,14.650667190551758,92731500.0,-0.1792956479372256,-0.3127560444106759,-0.2460258461739508,-0.0173492693830819,0.0303221103409735,-0.0303221103409735
TSLA_2019-06-26,TSLA,2019-06-26,14.687333106994627,15.148667335510254,14.539999961853027,14.618000030517578,127608000.0,-0.2021613563599019,-0.2576932304298779,-0.2299272933948899,-0.0022297387285711,0.0300935293633744,-0.0300935293633744
TSLA_2019-06-27,TSLA,2019-06-27,14.630000114440918,14.859999656677246,14.489999771118164,14.855999946594238,95095500.0,-0.2002010068311517,-0.3166303449187119,-0.2584156758749318,0.0162812912559717,0.0301177455495204,-0.0301177455495204
TSLA_2019-06-28,TSLA,2019-06-28,14.732666969299316,15.011333465576172,14.720000267028809,14.897333145141602,102771000.0,-0.2015293479247617,-0.2931388842833694,-0.2473341161040655,0.0027822562396304,0.0301117413961076,-0.0301117413961076
TSLA_2019-07-01,TSLA,2019-07-01,15.347332954406738,15.539999961853027,15.085332870483398,15.14466667175293,123201000.0,-0.2144339482451475,-0.3195854494437771,-0.2670096988444623,0.0166025371253772,0.0298584075124688,-0.0298584075124688
TSLA_2019-07-02,TSLA,2019-07-02,15.259332656860352,15.276666641235352,14.814666748046877,14.970000267028809,138885000.0,-0.2145305402297584,-0.3252704152429252,-0.2699004777363418,-0.0115331957123824,0.029858938686894,-0.029858938686894
TSLA_2019-07-03,TSLA,2019-07-03,15.959333419799805,16.10466766357422,15.633999824523926,15.65999984741211,213016500.0,-0.1950241869723209,-0.2425513031990466,-0.2187877450856837,0.0460921555160565,0.0303559670007772,-0.0303559670007772
TSLA_2019-07-05,TSLA,2019-07-05,15.637999534606934,15.696666717529297,15.386667251586914,15.539999961853027,105985500.0,-0.1295092658448998,-0.2239312908713308,-0.1767202783581153,-0.007662828015858,0.0286148942786821,-0.0286148942786821
TSLA_2019-07-08,TSLA,2019-07-08,15.416000366210938,15.483332633972168,15.244000434875488,15.355999946594238,88207500.0,-0.1622781903510403,-0.2749535530665783,-0.2186158717088093,-0.0118404128513812,0.0284052042553111,-0.0284052042553111
TSLA_2019-07-09,TSLA,2019-07-09,15.264666557312012,15.399999618530272,15.152000427246094,15.337332725524902,92862000.0,-0.1579063197191085,-0.3131717747147796,-0.235539047216944,-0.0012156304463569,0.0284009642243792,-0.0284009642243792
TSLA_2019-07-10,TSLA,2019-07-10,15.609999656677246,15.929332733154297,15.542667388916016,15.928000450134276,137185500.0,-0.1226175476921228,-0.2875502971846545,-0.2050839224383887,0.0385117631063949,0.0288626831372197,-0.0288626831372197
TSLA_2019-07-11,TSLA,2019-07-11,15.87600040435791,16.100000381469727,15.720000267028809,15.90666675567627,112716000.0,-0.1356951023712725,-0.2951880083306282,-0.2154415553509504,-0.0013393830898482,0.0287950520609641,-0.0287950520609641
TSLA_2019-07-12,TSLA,2019-07-12,15.983332633972168,16.358667373657227,15.980667114257812,16.338666915893555,138007500.0,-0.0869532685018128,-0.2895613753180055,-0.1882573219099091,0.0271584340611854,0.028832208092293,-0.028832208092293
TSLA_2019-07-15,TSLA,2019-07-15,16.53333282470703,16.961332321166992,16.323999404907227,16.899999618530273,165001500.0,-0.0530444565782314,-0.2699994570598167,-0.1615219568190241,0.0343560894855305,0.0291736479198846,-0.0291736479198846
TSLA_2019-07-16,TSLA,2019-07-16,16.6200008392334,16.902000427246094,16.528667449951172,16.825332641601562,122235000.0,-0.0525565545542655,-0.245275141175314,-0.1489158478647897,-0.0044181644150359,0.0291724481096554,-0.0291724481096554
TSLA_2019-07-17,TSLA,2019-07-17,17.044666290283203,17.220666885375977,16.889999389648438,16.99066734313965,146470500.0,-0.0676763347593443,-0.2600528080230584,-0.1638645713912013,0.0098265338974212,0.029003706525647,-0.029003706525647
TSLA_2019-07-18,TSLA,2019-07-18,17.003332138061523,17.049999237060547,16.792667388916016,16.902666091918945,71379000.0,-0.0652214684621889,-0.2673313257255448,-0.1662763970938668,-0.005179387568684,0.0289952659847987,-0.0289952659847987
TSLA_2019-07-19,TSLA,2019-07-19,17.04599952697754,17.33066749572754,16.974666595458984,17.211999893188477,105726000.0,-0.055185517858674,-0.2566295071142113,-0.1559075124864427,0.0183008881313357,0.0290761572758052,-0.0290761572758052
TSLA_2019-07-22,TSLA,2019-07-22,17.25,17.476667404174805,16.945999145507812,17.045333862304688,102636000.0,-0.0269076626198934,-0.1541057325239881,-0.0905066975719408,-0.0096831299046048,0.0286934381044183,-0.0286934381044183
TSLA_2019-07-23,TSLA,2019-07-23,17.11400032043457,17.365333557128906,16.96666717529297,17.344667434692383,75346500.0,-0.0141340396378003,-0.1296332861824131,-0.0718836629101067,0.0175610272468562,0.0287740454562116,-0.0287740454562116
TSLA_2019-07-24,TSLA,2019-07-24,17.277999877929688,17.738000869750977,17.21066665649414,17.658666610717773,166092000.0,0.0240470390856053,-0.0789665816719639,-0.0274597712931792,0.0181034993728006,0.0287451106941436,-0.0287451106941436
TSLA_2019-07-25,TSLA,2019-07-25,15.56666660308838,15.633333206176758,15.036666870117188,15.254667282104492,336274500.0,-0.0759600827054326,-0.2150526258038928,-0.1455063542546627,-0.13613708110635,0.0331059465493737,-0.0331059465493737
TSLA_2019-07-26,TSLA,2019-07-26,15.128000259399414,15.350666999816896,14.81666660308838,15.202667236328123,150415500.0,-0.0301947190557285,-0.2322919553189607,-0.1312433371873446,-0.0034087958009658,0.0324908315422818,-0.0324908315422818
TSLA_2019-07-29,TSLA,2019-07-29,15.13933277130127,15.72933292388916,15.0686674118042,15.718000411987305,139099500.0,-0.0236053653156852,-0.2045009707283319,-0.1140531680220086,0.0338975501895975,0.0325956367067962,-0.0325956367067962
TSLA_2019-07-30,TSLA,2019-07-30,15.526666641235352,16.224000930786133,15.478667259216309,16.150667190551758,121635000.0,0.0149566324721956,-0.1855711768637453,-0.0853072721957748,0.0275268333899827,0.032740963683274,-0.032740963683274
TSLA_2019-07-31,TSLA,2019-07-31,16.200000762939453,16.44533348083496,15.776666641235352,16.107332229614258,137673000.0,0.0324771517655821,-0.2175082517210891,-0.0925155499777534,-0.0026831684676686,0.0326402922508639,-0.0326402922508639
TSLA_2019-08-01,TSLA,2019-08-01,16.176666259765625,16.30066680908203,15.451333045959473,15.59000015258789,123892500.0,-0.041990934506716,-0.238323244147609,-0.1401570893271626,-0.03211780012057,0.0324519531825954,-0.0324519531825954
TSLA_2019-08-02,TSLA,2019-08-02,15.423333168029783,15.751333236694336,15.281999588012695,15.62266731262207,92047500.0,-0.0811277161795366,-0.2494153967961599,-0.1652715564878483,0.0020953918995798,0.0319404306834208,-0.0319404306834208
TSLA_2019-08-05,TSLA,2019-08-05,15.30666732788086,15.424667358398438,15.052000045776367,15.221332550048828,105424500.0,-0.1058197512991916,-0.2702867094514067,-0.1880532303752992,-0.0256892600054915,0.0320921993741136,-0.0320921993741136
TSLA_2019-08-06,TSLA,2019-08-06,15.458666801452637,15.5,15.050000190734863,15.383333206176758,83463000.0,-0.0660163724253717,-0.2819355526836014,-0.1739759625544865,0.010643000906475,0.0318754143636624,-0.0318754143636624
TSLA_2019-08-07,TSLA,2019-08-07,15.100000381469728,15.571332931518556,15.053333282470703,15.56133270263672,71647500.0,-0.0466427149664315,-0.2641700314485233,-0.1554063732074774,0.0115709316098342,0.0318930803208176,-0.0318930803208176
TSLA_2019-08-08,TSLA,2019-08-08,15.630000114440918,15.986666679382324,15.510000228881836,15.886667251586914,79114500.0,-0.0152078302975213,-0.2250658572080637,-0.1201368437527925,0.0209065994003887,0.031968754070832,-0.031968754070832
TSLA_2019-08-09,TSLA,2019-08-09,15.736666679382324,15.93066692352295,15.587332725524902,15.667332649230955,58473000.0,-0.0188293934743786,-0.2314912263056928,-0.1251603098900357,-0.013806206102419,0.031991209514315,-0.031991209514315
TSLA_2019-08-12,TSLA,2019-08-12,15.53266716003418,15.718000411987305,15.25,15.267333030700684,69958500.0,0.0088101762734724,-0.2679645007828853,-0.1295771622547064,-0.0255308052420719,0.0314576408132237,-0.0314576408132237
TSLA_2019-08-13,TSLA,2019-08-13,15.253999710083008,15.733332633972168,15.170000076293944,15.666666984558104,72721500.0,0.0115793780233879,-0.2463358654441064,-0.1173782437103592,0.0261561042163951,0.0314923169670499,-0.0314923169670499
TSLA_2019-08-14,TSLA,2019-08-14,15.413999557495115,15.43333339691162,14.446000099182127,14.641332626342772,143439000.0,-0.0531580414543051,-0.2873414238289414,-0.1702497326416233,-0.0654468726006595,0.0325757402872614,-0.0325757402872614
TSLA_2019-08-15,TSLA,2019-08-15,14.723999977111816,14.77066707611084,14.103333473205566,14.37600040435791,122394000.0,-0.0555774346950497,-0.2901207917358565,-0.1728491132154531,-0.0181221360620872,0.0325963017547957,-0.0325963017547957
TSLA_2019-08-16,TSLA,2019-08-16,14.444000244140623,14.815999984741213,14.40133285522461,14.662667274475098,76477500.0,0.0422214730993291,-0.2856307380989419,-0.1217046324998064,0.0199406554016434,0.0312271589125634,-0.0312271589125634
TSLA_2019-08-19,TSLA,2019-08-19,14.947333335876465,15.18866729736328,14.779999732971191,15.121999740600586,79644000.0,0.1045480524989892,-0.2578523680666249,-0.0766521577838178,0.0313266650280674,0.0312457161483126,-0.0312457161483126
TSLA_2019-08-20,TSLA,2019-08-20,15.174667358398438,15.272666931152344,14.969332695007324,15.057332992553713,61878000.0,0.1013262922890423,-0.2535034905594094,-0.0760885991351835,-0.0042763357463398,0.0312530383235521,-0.0312530383235521
TSLA_2019-08-21,TSLA,2019-08-21,14.800666809082031,14.881333351135254,14.506667137145996,14.722000122070312,116914500.0,0.1457997904519357,-0.2417333105680137,-0.047966760058039,-0.0222704027764566,0.0303876559111793,-0.0303876559111793
TSLA_2019-08-22,TSLA,2019-08-22,14.853333473205566,15.026666641235352,14.54800033569336,14.8100004196167,98385000.0,0.1363752513401761,-0.2462081082348358,-0.0549164284473298,0.0059774688776468,0.0303540461143048,-0.0303540461143048
TSLA_2019-08-23,TSLA,2019-08-23,14.664667129516602,14.744667053222656,14.06666660308838,14.09333324432373,128079000.0,0.1089545004604906,-0.2924322842372827,-0.091738891888396,-0.0483907599586359,0.0308370246885579,-0.0308370246885579
TSLA_2019-08-26,TSLA,2019-08-26,14.239999771118164,14.334667205810549,14.102666854858398,14.333333015441896,75778500.0,0.1393746504268109,-0.2781843578128855,-0.0694048536930372,0.017029312154726,0.030852831453126,-0.030852831453126
TSLA_2019-08-27,TSLA,2019-08-27,14.38266658782959,14.58666706085205,14.135333061218262,14.272000312805176,81243000.0,0.1275677025380013,-0.3198195594003108,-0.0961259284311547,-0.0042790258602548,0.0308612125228234,-0.0308612125228234
TSLA_2019-08-28,TSLA,2019-08-28,14.246000289916992,14.483332633972168,14.154000282287598,14.37266731262207,48382500.0,0.1454149607996393,-0.3260284585393147,-0.0903067488698377,0.0070534611554466,0.030834088626888,-0.030834088626888
TSLA_2019-08-29,TSLA,2019-08-29,14.600000381469728,14.893333435058594,14.533332824707031,14.780667304992676,77692500.0,0.1973969110037361,-0.2479052340348674,-0.0252541615155656,0.0283872146690753,0.030905750438587,-0.030905750438587
TSLA_2019-08-30,TSLA,2019-08-30,15.276666641235352,15.496000289916992,14.947333335876465,15.040666580200195,139809000.0,0.2606024070673043,-0.2093846484704565,0.0256088792984238,0.0175904964128172,0.0305933854699084,-0.0305933854699084
TSLA_2019-09-03,TSLA,2019-09-03,14.93866729736328,15.263333320617676,14.87733268737793,15.000666618347168,80311500.0,0.1622417237781375,-0.1863383625563768,-0.0120483193891196,-0.0026594540634046,0.0289444915232018,-0.0289444915232018
TSLA_2019-09-04,TSLA,2019-09-04,15.12600040435791,15.230667114257812,14.61400032043457,14.711999893188477,86415000.0,0.1225392914038259,-0.2011294743357214,-0.0392950914659477,-0.0192435931350961,0.029030215428458,-0.029030215428458
TSLA_2019-09-05,TSLA,2019-09-05,14.833333015441896,15.31999969482422,14.723333358764648,15.305333137512209,110929500.0,0.1147366094536148,-0.1699627546710267,-0.0276130726087059,0.0403298836753283,0.0288607609842955,-0.0288607609842955
TSLA_2019-09-06,TSLA,2019-09-06,15.146666526794434,15.309332847595217,15.011333465576172,15.16333293914795,62841000.0,0.1122249203355496,-0.1995143591349992,-0.0436447193997248,-0.0092778247352374,0.0288736269101154,-0.0288736269101154
TSLA_2019-09-09,TSLA,2019-09-09,15.333333015441896,15.583999633789062,15.281999588012695,15.452667236328123,72040500.0,0.0888293977357359,-0.2032517238961405,-0.0572111630802023,0.0190811807892963,0.028527992406466,-0.028527992406466
TSLA_2019-09-10,TSLA,2019-09-10,15.386667251586914,15.702667236328123,15.262666702270508,15.702667236328123,73255500.0,0.0849378541273648,-0.1687605700640639,-0.0419113579683495,0.0161784367822448,0.0284944608242338,-0.0284944608242338
TSLA_2019-09-11,TSLA,2019-09-11,15.825332641601562,16.544666290283203,15.733332633972168,16.47333335876465,150642000.0,0.1808276198213947,-0.1448643370557523,0.0179816413828212,0.0490786763062511,0.0286913497185492,-0.0286913497185492
TSLA_2019-09-12,TSLA,2019-09-12,16.51333236694336,16.899999618530273,16.293333053588867,16.391332626342773,128718000.0,0.1494085656680059,-0.152055528865437,-0.0013234815987155,-0.0049777862583134,0.0286029079880978,-0.0286029079880978
TSLA_2019-09-13,TSLA,2019-09-13,16.464000701904297,16.56333351135254,16.32466697692871,16.34666633605957,79696500.0,0.1408896048102246,-0.109755649125956,0.0155669778421342,-0.002724994440746,0.028609512595295,-0.028609512595295
TSLA_2019-09-16,TSLA,2019-09-16,16.399999618530273,16.495332717895508,16.077999114990234,16.187332153320312,70921500.0,0.079011619099601,-0.0990018640336209,-0.0099951224670099,-0.0097471973467628,0.0280735152019137,-0.0280735152019137
TSLA_2019-09-17,TSLA,2019-09-17,16.1646671295166,16.373332977294922,16.024667739868164,16.319332122802734,57981000.0,0.089214100282837,-0.0847946154107809,0.002209742436028,0.008154522822672,0.0280829924034559,-0.0280829924034559
TSLA_2019-09-18,TSLA,2019-09-18,16.333332061767578,16.544666290283203,16.158000946044922,16.232667922973633,62553000.0,0.0753434731199289,-0.1100510895467777,-0.0173538082134244,-0.0053105236891408,0.0280870766581469,-0.0280870766581469
TSLA_2019-09-19,TSLA,2019-09-19,16.399999618530273,16.529333114624023,16.32266616821289,16.440000534057617,71937000.0,0.1228486472931207,-0.1000656421123542,0.0113915025903832,0.0127725529819131,0.0278263105300365,-0.0278263105300365
TSLA_2019-09-20,TSLA,2019-09-20,16.432666778564453,16.463333129882812,15.87733268737793,16.041332244873047,95295000.0,0.0845577620110156,-0.0903867221184355,-0.0029144800537099,-0.0242498951480371,0.0280052278474707,-0.0280052278474707
TSLA_2019-09-23,TSLA,2019-09-23,16.0,16.345333099365234,15.947999954223633,16.082000732421875,65103000.0,0.0786532492996321,-0.0736886420072906,0.0024823036461707,0.0025352312967537,0.0279937451917205,-0.0279937451917205
TSLA_2019-09-24,TSLA,2019-09-24,16.101333618164062,16.132667541503906,14.84066677093506,14.880666732788086,193372500.0,0.0156989124962618,-0.1664114821288908,-0.0753562848163144,-0.0747005313345035,0.0295113840655722,-0.0295113840655722
TSLA_2019-09-25,TSLA,2019-09-25,14.970666885375977,15.26533317565918,14.557332992553713,15.24666690826416,141406500.0,0.043006353566434,-0.1678492255625517,-0.0624214359980588,0.024595683919836,0.029661674753001,-0.029661674753001
TSLA_2019-09-26,TSLA,2019-09-26,15.37733268737793,16.220666885375977,15.15999984741211,16.17066764831543,178267500.0,0.0884940567075447,-0.1294235493750305,-0.0204647463337429,0.0606034581597918,0.030539734080562,-0.030539734080562
TSLA_2019-09-27,TSLA,2019-09-27,16.14666748046875,16.58066749572754,15.915332794189451,16.142000198364258,166746000.0,0.0835496555723178,-0.1348173999592715,-0.0256338721934768,-0.0017728055869207,0.0305428165782676,-0.0305428165782676
TSLA_2019-09-30,TSLA,2019-09-30,16.200000762939453,16.26533317565918,15.740667343139648,16.058000564575195,88197000.0,0.060307295803728,-0.1670585839886008,-0.0533756440924363,-0.0052037933810442,0.0304953075914856,-0.0304953075914856
TSLA_2019-10-01,TSLA,2019-10-01,16.100000381469727,16.39666748046875,15.94200038909912,16.312667846679688,92439000.0,0.0896905514830272,-0.14408135120989,-0.0271953998634313,0.015859214917846,0.0305031555477573,-0.0305031555477573
TSLA_2019-10-02,TSLA,2019-10-02,16.21933364868164,16.309999465942383,15.961999893188477,16.208667755126953,84471000.0,0.0350362652018489,-0.1668208409060092,-0.0658922878520801,-0.0063754189400664,0.0299873191139628,-0.0299873191139628
TSLA_2019-10-03,TSLA,2019-10-03,15.457332611083984,15.631999969482422,14.95199966430664,15.535332679748535,226267500.0,-0.0003003399045012,-0.1297707089488652,-0.0650355244266832,-0.0415416668137599,0.0304455522304277,-0.0304455522304277
TSLA_2019-10-04,TSLA,2019-10-04,15.440667152404783,15.652000427246094,15.204667091369627,15.428667068481444,119925000.0,0.0047321647655593,-0.1583139527200788,-0.0767908939772597,-0.0068660010999402,0.0304195553072287,-0.0304195553072287
TSLA_2019-10-07,TSLA,2019-10-07,15.31999969482422,15.904000282287598,15.236666679382324,15.847999572753906,120963000.0,0.0332956750934363,-0.12986824214224,-0.0482862835244018,0.0271787901321105,0.0306028160006775,-0.0306028160006775
TSLA_2019-10-08,TSLA,2019-10-08,15.724666595458984,16.262666702270508,15.633333206176758,16.003332138061523,130173000.0,0.0047295131716682,-0.1184679558273421,-0.0568692213278369,0.0098013988828387,0.0302468670387683,-0.0302468670387683
TSLA_2019-10-09,TSLA,2019-10-09,16.08799934387207,16.48666763305664,16.043333053588867,16.302000045776367,103416000.0,0.0248533081237163,-0.1142142664376687,-0.0446804791569762,0.0186628575310578,0.0303316609019219,-0.0303316609019219
TSLA_2019-10-10,TSLA,2019-10-10,16.351999282836914,16.618667602539062,16.10533332824707,16.31599998474121,94249500.0,-0.0013873182719879,-0.0882199549155992,-0.0448036365937935,0.0008587865860343,0.0301442730488303,-0.0301442730488303
TSLA_2019-10-11,TSLA,2019-10-11,16.476667404174805,16.738666534423828,16.45400047302246,16.525999069213867,127131000.0,-0.0221302105182492,-0.0740007821055782,-0.0480654963119137,0.0128707455668697,0.0298747302984464,-0.0298747302984464
TSLA_2019-10-14,TSLA,2019-10-14,16.52666664123535,17.23666763305664,16.475332260131836,17.130666732788086,153075000.0,0.0181472840799337,-0.0353630292000907,-0.0086078725600785,0.0365888719369862,0.0302194175687002,-0.0302194175687002
TSLA_2019-10-15,TSLA,2019-10-15,17.18000030517578,17.333332061767578,16.941333770751953,17.19266700744629,96492000.0,0.0118888599386417,-0.056592069285817,-0.0223516046735876,0.0036192563678525,0.0301994658567444,-0.0301994658567444
TSLA_2019-10-16,TSLA,2019-10-16,17.159332275390625,17.47333335876465,17.128000259399414,17.316667556762695,100261500.0,0.0244932641153978,-0.0423256909998295,-0.0089162134422158,0.0072124091778604,0.0302012180971784,-0.0302012180971784
TSLA_2019-10-17,TSLA,2019-10-17,17.5,17.652000427246094,17.344667434692383,17.46466636657715,71539500.0,0.0146796697046611,-0.0413159533286588,-0.0133181418119988,0.0085466103295754,0.030135242864984,-0.030135242864984
TSLA_2019-10-18,TSLA,2019-10-18,17.3799991607666,17.520000457763672,17.00666618347168,17.1299991607666,86247000.0,0.0049670660103142,-0.0220742487459953,-0.0085535913678405,-0.0191625307226602,0.0302114676098651,-0.0302114676098651
TSLA_2019-10-21,TSLA,2019-10-21,17.222000122070312,17.299999237060547,16.678667068481445,16.899999618530273,75304500.0,-0.0256371485839328,-0.0394088317474476,-0.0325229901656902,-0.0134267106540847,0.0301821996766918,-0.0301821996766918
TSLA_2019-10-22,TSLA,2019-10-22,16.954666137695312,17.222000122070312,16.72333335876465,17.038667678833008,69012000.0,-0.035110178223109,-0.0119074349655374,-0.0235088065943232,0.0082052108540102,0.0301124029688752,-0.0301124029688752
TSLA_2019-10-23,TSLA,2019-10-23,16.96666717529297,17.076000213623047,16.75666618347168,16.978666305541992,78916500.0,0.1130145280493892,0.0284698524464097,0.0707421902478995,-0.0035214826899614,0.0245759177528363,-0.0245759177528363
TSLA_2019-10-24,TSLA,2019-10-24,19.891332626342773,20.32866668701172,19.280000686645508,19.978666305541992,445813500.0,0.314155338334394,0.274474787097801,0.2943150627160975,0.1766923235319593,0.0329759171865342,-0.0329759171865342
TSLA_2019-10-25,TSLA,2019-10-25,19.847999572753903,22.0,19.74066734313965,21.875333786010746,450091500.0,0.3917377028014048,0.3588852259031649,0.3753114643522849,0.0949346393529095,0.0346946746350426,-0.0346946746350426
TSLA_2019-10-28,TSLA,2019-10-28,21.836000442504883,22.7226676940918,21.50666618347168,21.84733390808105,283054500.0,0.3527202096556034,0.3729523486691339,0.3628362791623687,-0.0012799748887764,0.0345937723872702,-0.0345937723872702
TSLA_2019-10-29,TSLA,2019-10-29,21.332666397094727,21.6200008392334,20.983333587646484,21.08133316040039,190264500.0,0.3088035225126322,0.3513097331446033,0.3300566278286178,-0.0350615205911841,0.0349540002591777,-0.0349540002591777
TSLA_2019-10-30,TSLA,2019-10-30,20.86666679382324,21.252666473388672,20.6646671295166,21.000667572021484,144627000.0,0.3470601261370378,0.2904958126038088,0.3187779693704233,-0.0038263988223681,0.0346517328934329,-0.0346517328934329
TSLA_2019-10-31,TSLA,2019-10-31,20.87333297729492,21.26666641235352,20.86666679382324,20.994667053222656,76005000.0,0.3438593188411796,0.2348350814370068,0.2893472001390932,-0.0002857299073112,0.034656589828617,-0.034656589828617
TSLA_2019-11-01,TSLA,2019-11-01,21.08799934387207,21.09866714477539,20.65333366394043,20.88733291625977,95758500.0,0.3722407580007025,0.2270305822664537,0.2996356701335781,-0.00511244768449,0.0344565112346645,-0.0344565112346645
TSLA_2019-11-04,TSLA,2019-11-04,20.98666763305664,21.46266746520996,20.617332458496094,21.1646671295166,131805000.0,0.3758180262921502,0.2849915110789076,0.3304047686855289,0.0132776268932326,0.0344643345368292,-0.0344643345368292
TSLA_2019-11-05,TSLA,2019-11-05,21.308000564575195,21.567333221435547,21.07466697692871,21.14800071716309,104151000.0,0.3590096119196628,0.2956217139542534,0.3273156629369581,-0.0007874639488314,0.0344651853646194,-0.0344651853646194
TSLA_2019-11-06,TSLA,2019-11-06,21.200000762939453,21.781333923339844,20.96666717529297,21.77199935913086,119113500.0,0.3704573158323097,0.3496156335431353,0.3600364746877225,0.0295062710803366,0.0345443662476601,-0.0345443662476601
TSLA_2019-11-07,TSLA,2019-11-07,21.94266700744629,22.76666641235352,21.86800003051757,22.36933326721192,217009500.0,0.4277690892271915,0.4008850632555774,0.4143270762413844,0.0274358775337069,0.0345618898430527,-0.0345618898430527
TSLA_2019-11-08,TSLA,2019-11-08,22.299999237060547,22.497333526611328,22.166667938232425,22.47599983215332,91038000.0,0.4721628058389056,0.4851328196615962,0.4786478127502509,0.0047684284402766,0.0343227570298746,-0.0343227570298746
TSLA_2019-11-11,TSLA,2019-11-11,22.93000030517578,23.279333114624023,22.799999237060547,23.006000518798828,149800500.0,0.4684680884245997,0.48547203553575,0.4769700619801749,0.023580739037349,0.0343007529624533,-0.0343007529624533
TSLA_2019-11-12,TSLA,2019-11-12,23.12666702270508,23.357999801635746,22.93600082397461,23.32866668701172,110391000.0,0.5933431254091341,0.5086441254977032,0.5509936254534187,0.0140253047438312,0.0330440264653608,-0.0330440264653608
TSLA_2019-11-13,TSLA,2019-11-13,23.666667938232425,23.755332946777344,23.011999130249023,23.073999404907227,126301500.0,0.6050360848565797,0.5158322966672648,0.5604341907619222,-0.01091649537975,0.032964761132165,-0.032964761132165
TSLA_2019-11-14,TSLA,2019-11-14,23.073999404907227,23.589332580566406,22.86066627502441,23.290000915527344,96973500.0,0.5883877387077305,0.6554518088888832,0.6219197737983069,0.0093612514601253,0.0329301284131336,-0.0329301284131336
TSLA_2019-11-15,TSLA,2019-11-15,23.3759994506836,23.520000457763672,23.224000930786133,23.47800064086914,72135000.0,0.5525724800691398,0.7148909092238942,0.633731694646517,0.008072121852793,0.032793117249774,-0.032793117249774
TSLA_2019-11-18,TSLA,2019-11-18,23.527999877929688,23.543333053588867,23.07333374023437,23.332666397094727,66006000.0,0.5495882576704259,0.7066022903948073,0.6280952740326166,-0.0061902308462086,0.032805097159173,-0.032805097159173
TSLA_2019-11-19,TSLA,2019-11-19,23.450000762939453,23.99933242797852,23.18666648864746,23.968000411987305,115872000.0,0.6280396830085582,0.8654075276386415,0.7467236053235998,0.0272293789350919,0.0326735649764292,-0.0326735649764292
TSLA_2019-11-20,TSLA,2019-11-20,24.0,24.07999992370605,23.30466651916504,23.481332778930664,100876500.0,0.5855052068619988,0.8017288779489617,0.6936170424054803,-0.0203048908833145,0.0328704527279138,-0.0328704527279138
TSLA_2019-11-21,TSLA,2019-11-21,23.63400077819824,24.05599975585937,23.600000381469727,23.655332565307617,91650000.0,0.6784767772971738,0.8613543761021216,0.7699155766996477,0.0074101324662916,0.0320726999616259,-0.0320726999616259
TSLA_2019-11-22,TSLA,2019-11-22,22.67733383178711,22.733333587646484,22.0,22.202667236328125,253059000.0,0.5490233299127472,0.7649179150223111,0.6569706224675291,-0.0614096345916497,0.0332465269912426,-0.0332465269912426
TSLA_2019-11-25,TSLA,2019-11-25,22.954666137695312,22.971332550048828,22.297332763671875,22.422666549682617,185092500.0,0.5710948751566709,0.7715158388496355,0.6713053570031532,0.009908688492819,0.0332135596261579,-0.0332135596261579
TSLA_2019-11-26,TSLA,2019-11-26,22.351333618164062,22.36666679382324,21.80666732788086,21.92799949645996,119211000.0,0.5256736289444897,0.7475293998904962,0.6366015144174929,-0.0220610270471893,0.0334247879388476,-0.0334247879388476
TSLA_2019-11-27,TSLA,2019-11-27,22.07466697692871,22.261999130249023,21.90466690063477,22.086000442504883,83334000.0,0.49424920991521,0.7892093882222457,0.6417292990687279,0.0072054427979364,0.0333151205743574,-0.0333151205743574
TSLA_2019-11-29,TSLA,2019-11-29,22.073999404907227,22.083999633789062,21.83333206176757,21.996000289916992,36984000.0,0.4624352034286116,0.8435493376220704,0.652992270525341,-0.0040749864522633,0.0333149812484958,-0.0333149812484958
TSLA_2019-12-02,TSLA,2019-12-02,21.959999084472656,22.42533302307129,21.91266632080078,22.32466697692871,91117500.0,0.4882449923674479,0.7297004253333237,0.6089727088503858,0.0149421114147911,0.033310116009375,-0.033310116009375
TSLA_2019-12-03,TSLA,2019-12-03,22.17466735839844,22.527332305908203,22.145999908447266,22.413333892822266,98605500.0,0.5234729510295495,0.7101582469216061,0.6168155989755778,0.0039717016153113,0.0331447759609384,-0.0331447759609384
TSLA_2019-12-04,TSLA,2019-12-04,22.51666641235352,22.52400016784668,22.190000534057617,22.20199966430664,82995000.0,0.4506054500631042,0.6170430010582799,0.5338242255606921,-0.0094289510666373,0.0329352703657894,-0.0329352703657894
TSLA_2019-12-05,TSLA,2019-12-05,22.18866729736328,22.294666290283203,21.81666755676269,22.024667739868164,55869000.0,0.4524951623930882,0.6155013162804239,0.533998239336756,-0.0079872050770078,0.0329257420128646,-0.0329257420128646
TSLA_2019-12-06,TSLA,2019-12-06,22.33333206176757,22.59066772460937,22.31800079345703,22.392667770385746,114186000.0,0.4491134396359855,0.5778373137296109,0.5134753766827982,0.016708539482366,0.032912416728148,-0.032912416728148
TSLA_2019-12-09,TSLA,2019-12-09,22.439332962036133,22.96333312988281,22.338666915893555,22.635332107543945,135346500.0,0.4414960061802175,0.5639335836783319,0.5027147949292747,0.0108367765576875,0.0328937297645765,-0.0328937297645765
TSLA_2019-12-10,TSLA,2019-12-10,22.66399955749512,23.381999969482425,22.62066650390625,23.256000518798828,132424500.0,0.4117361685287244,0.667017059699549,0.5393766141141367,0.0274203359732472,0.0325511235552096,-0.0325511235552096
TSLA_2019-12-11,TSLA,2019-12-11,23.45866775512696,23.812667846679688,23.4060001373291,23.51333236694336,103467000.0,0.4344979083125131,0.6488241832472403,0.5416610457798767,0.0110651807019233,0.0325267223325874,-0.0325267223325874
TSLA_2019-12-12,TSLA,2019-12-12,23.661333084106445,24.182666778564453,23.548667907714844,23.978666305541992,116458500.0,0.4668841837584203,0.6735529167105132,0.5702185502344668,0.0197902165178778,0.0325503205550507,-0.0325503205550507
TSLA_2019-12-13,TSLA,2019-12-13,24.06999969482422,24.34733390808105,23.642667770385746,23.892667770385746,98563500.0,0.4760102247908053,0.592632182459093,0.5343212036249492,-0.003586460316868,0.0325096556333629,-0.0325096556333629
TSLA_2019-12-16,TSLA,2019-12-16,24.170000076293945,25.573999404907227,24.166667938232425,25.433332443237305,272613000.0,0.558478757087107,0.6975170372105473,0.6279978971488271,0.0644827395441025,0.0333150613380828,-0.0333150613380828
TSLA_2019-12-17,TSLA,2019-12-17,25.266000747680664,25.700000762939453,25.059999465942383,25.266000747680664,127452000.0,0.5564909519230916,0.6737623861207216,0.6151266690219066,-0.0065792281027307,0.0333233668305836,-0.0333233668305836
TSLA_2019-12-18,TSLA,2019-12-18,25.375333786010746,26.347999572753903,25.371999740600582,26.209999084472656,211815000.0,0.5942821309631472,0.7901375341555639,0.6922098325593555,0.0373623964559823,0.0335286806204678,-0.0335286806204678
TSLA_2019-12-19,TSLA,2019-12-19,26.488000869750977,27.12333297729492,26.433332443237305,26.93600082397461,271606500.0,0.6791623297113365,0.8211485383649304,0.7501554340381335,0.0276994187280248,0.0333621696741205,-0.0333621696741205
TSLA_2019-12-20,TSLA,2019-12-20,27.3526668548584,27.53333282470703,26.679332733154297,27.03933334350586,221290500.0,0.6813413824185208,0.813584345327673,0.7474628638730969,0.0038362235064708,0.0333586421513238,-0.0333586421513238
TSLA_2019-12-23,TSLA,2019-12-23,27.45199966430664,28.13400077819824,27.33333206176757,27.94799995422364,199794000.0,0.8781416488982292,0.9076264302998676,0.8928840395990484,0.033605362941983,0.0317371783391844,-0.0317371783391844
TSLA_2019-12-24,TSLA,2019-12-24,27.89066696166992,28.36466789245605,27.512666702270508,28.350000381469727,120820500.0,0.859422820216736,0.9393898154524728,0.8994063178346043,0.0143838710428125,0.0316901896863592,-0.0316901896863592
TSLA_2019-12-26,TSLA,2019-12-26,28.527332305908203,28.898666381835938,28.42333221435547,28.72933387756348,159508500.0,0.776632511555968,0.9338539297820694,0.8552432206690187,0.0133803700525414,0.0310343359293332,-0.0310343359293332
TSLA_2019-12-27,TSLA,2019-12-27,29.0,29.020666122436523,28.40733337402344,28.691999435424805,149185500.0,0.7774748533538176,0.9259822651399854,0.8517285592469015,-0.001299523417347,0.0310315928294905,-0.0310315928294905
TSLA_2019-12-30,TSLA,2019-12-30,28.586000442504883,28.600000381469727,27.28400039672852,27.64666748046875,188796000.0,0.7216755827907224,0.8255051814401384,0.7735903821154304,-0.0364328724217604,0.031517812419437,-0.031517812419437
TSLA_2019-12-31,TSLA,2019-12-31,27.0,28.086000442504883,26.80533218383789,27.8886661529541,154285500.0,0.7096324411846966,0.8629703176678261,0.7863013794262613,0.0087532673750394,0.0315060312476666,-0.0315060312476666
TSLA_2020-01-02,TSLA,2020-01-02,28.299999237060547,28.71333312988281,28.11400032043457,28.68400001525879,142981500.0,0.7696704287239013,0.8316730711845415,0.8006717499542214,0.0285181750157113,0.031537878979583,-0.031537878979583
TSLA_2020-01-03,TSLA,2020-01-03,29.36666679382324,30.26666641235352,29.12800025939941,29.53400039672852,266677500.0,0.9010858026380272,0.9005148307096142,0.9008003166738208,0.0296332582979208,0.0309468956699603,-0.0309468956699603
TSLA_2020-01-06,TSLA,2020-01-06,29.36466789245605,30.10400009155273,29.33333206176757,30.1026668548584,151995000.0,0.9510866830715294,0.9603195467277128,0.9557031148996212,0.0192546370451349,0.0308827456430672,-0.0308827456430672
TSLA_2020-01-07,TSLA,2020-01-07,30.76000022888184,31.441999435424805,30.224000930786133,31.270666122436523,268231500.0,0.9731617216975116,1.038859473289957,1.0060105974937343,0.0388005246581539,0.0310147121734865,-0.0310147121734865
TSLA_2020-01-08,TSLA,2020-01-08,31.57999992370605,33.232666015625,31.21533393859864,32.80933380126953,467164500.0,1.0501563998186012,1.0598526415155232,1.0550045206670622,0.0492048257881216,0.0313793061143476,-0.0313793061143476
TSLA_2020-01-09,TSLA,2020-01-09,33.13999938964844,33.25333404541016,31.524667739868164,32.089332580566406,426606000.0,0.9684291798833806,1.0173511568107363,0.9928901683470586,-0.0219450119000973,0.0316544032580712,-0.0316544032580712
TSLA_2020-01-10,TSLA,2020-01-10,32.11933135986328,32.3293342590332,31.57999992370605,31.87666702270508,194392500.0,0.9537059973349024,0.9509955853067074,0.9523507913208048,-0.0066272976331741,0.0317081376481854,-0.0317081376481854
TSLA_2020-01-13,TSLA,2020-01-13,32.900001525878906,35.04199981689453,32.79999923706055,34.990665435791016,397764000.0,1.1173101419916454,1.070453622816946,1.0938818824042955,0.0976889588509331,0.033530459285729,-0.033530459285729
TSLA_2020-01-14,TSLA,2020-01-14,36.28400039672852,36.49399948120117,34.99333190917969,35.861331939697266,434943000.0,1.0933996615005477,1.1313891798506348,1.1123944206755911,0.0248828221202008,0.0334271022504422,-0.0334271022504422
TSLA_2020-01-15,TSLA,2020-01-15,35.31733322143555,35.85599899291992,34.452667236328125,34.56666564941406,260532000.0,1.0105470334790376,1.0344501455601218,1.0224985895195795,-0.0361020135130578,0.0339640786167053,-0.0339640786167053
TSLA_2020-01-16,TSLA,2020-01-16,32.91666793823242,34.297332763671875,32.81133270263672,34.232666015625,326050500.0,0.9768622284520374,1.025282037133267,1.0010721327926522,-0.0096624776360147,0.034066311457824,-0.034066311457824
TSLA_2020-01-17,TSLA,2020-01-17,33.840667724609375,34.37799835205078,33.54399871826172,34.03333282470703,204436500.0,0.948696419980746,0.9773026397807192,0.9629995298807326,-0.0058228941569139,0.0341338816796011,-0.0341338816796011
TSLA_2020-01-21,TSLA,2020-01-21,35.349998474121094,36.571998596191406,35.227333068847656,36.47999954223633,267052500.0,1.129597275508785,1.1401751257516226,1.1348862006302038,0.0718903061927893,0.0347500981666463,-0.0347500981666463
TSLA_2020-01-22,TSLA,2020-01-22,38.1259994506836,39.633331298828125,37.27333450317383,37.97066879272461,470535000.0,1.2467851863790025,1.1891840207196247,1.2179846035493136,0.0408626444406172,0.0347665308938017,-0.0347665308938017
TSLA_2020-01-23,TSLA,2020-01-23,37.61666870117188,38.79999923706055,37.040000915527344,38.14666748046875,294765000.0,1.2388292441349762,1.1602235503622884,1.1995263972486323,0.004635122144013,0.0347782022483413,-0.0347782022483413
TSLA_2020-01-24,TSLA,2020-01-24,38.04199981689453,38.25733184814453,36.95066833496094,37.654666900634766,215304000.0,1.2177635288317044,1.4684030273677675,1.343083278099736,-0.0128976031808254,0.0348718916713565,-0.0348718916713565
TSLA_2020-01-27,TSLA,2020-01-27,36.13266754150391,37.62933349609375,35.95199966430664,37.20133209228516,204121500.0,0.8620528279190329,1.4470266640704517,1.1545397459947422,-0.0120392728355793,0.0280469890480327,-0.0280469890480327
TSLA_2020-01-28,TSLA,2020-01-28,37.89933395385742,38.45399856567383,37.2053337097168,37.79333114624024,176827500.0,0.7276687759804168,1.4044617734847002,1.0660652747325583,0.0159133832220446,0.0258843306686999,-0.0258843306686999
TSLA_2020-01-29,TSLA,2020-01-29,38.37933349609375,39.31999969482422,37.82866668701172,38.732666015625,267022500.0,0.7728783831741721,1.3982084181812535,1.0855434006777127,0.0248545137699036,0.0259256427392553,-0.0259256427392553
TSLA_2020-01-30,TSLA,2020-01-30,42.16133117675781,43.391998291015625,41.20000076293945,42.72066879272461,435085500.0,1.0264690315208336,1.6522498067172289,1.3393594191190312,0.1029622586653555,0.0278625319872403,-0.0278625319872403
TSLA_2020-01-31,TSLA,2020-01-31,42.66666793823242,43.53333282470703,42.167999267578125,43.37133407592773,235789500.0,1.0652359705798098,1.7819970270319865,1.423616498805898,0.0152306904735051,0.0277952034817717,-0.0277952034817717
TSLA_2020-02-03,TSLA,2020-02-03,44.91266632080078,52.40933227539063,44.90133285522461,52.0,705975000.0,1.4768194641132957,2.3284969179358685,1.902658191024582,0.1989485937639492,0.0363869364885416,-0.0363869364885416
TSLA_2020-02-04,TSLA,2020-02-04,58.86399841308594,64.59933471679688,55.59199905395508,59.137332916259766,914082000.0,1.8312534277760395,2.885161349823479,2.358207388799759,0.1372564022357647,0.0394063143023913,-0.0394063143023913
TSLA_2020-02-05,TSLA,2020-02-05,54.88399887084961,56.39866638183594,46.94066619873047,48.97999954223633,726357000.0,1.3142343436116692,2.1839653270053168,1.749099835308493,-0.1717583947927872,0.0460516969141907,-0.0460516969141907
TSLA_2020-02-06,TSLA,2020-02-06,46.66133117675781,53.05533218383789,45.79999923706055,49.93066787719727,598212000.0,1.3610112627183253,2.208636999884785,1.784824131301555,0.0194093169425444,0.0460143063293187,-0.0460143063293187
TSLA_2020-02-07,TSLA,2020-02-07,48.70333480834961,51.31666564941406,48.66666793823242,49.87133407592773,255952500.0,1.2906180205729436,2.139194224071515,1.7149061223222293,-0.0011883238056313,0.0460180973974725,-0.0460180973974725
TSLA_2020-02-10,TSLA,2020-02-10,53.33333206176758,54.66600036621094,50.15999984741211,51.41866683959961,370338000.0,1.2986231295041342,2.2819030520886745,1.7902630907964043,0.0310264963298576,0.0460368890125366,-0.0460368890125366
TSLA_2020-02-11,TSLA,2020-02-11,51.25266647338867,52.23400115966797,50.53333282470703,51.62533187866211,175462500.0,1.2969092482733005,2.3814243636953534,1.839166805984327,0.0040192609370288,0.046039493947931,-0.046039493947931
TSLA_2020-02-12,TSLA,2020-02-12,51.858001708984375,52.650001525878906,50.891334533691406,51.15266799926758,180337500.0,1.2234489631289605,2.265063848595643,1.7442564058623018,-0.0091556579336954,0.0461178777201146,-0.0461178777201146
TSLA_2020-02-13,TSLA,2020-02-13,49.45600128173828,54.53333282470703,49.0,53.59999847412109,394339500.0,1.2976023102067376,2.6608688458920504,1.979235578049394,0.0478436525517798,0.0463170108718777,-0.0463170108718777
TSLA_2020-02-14,TSLA,2020-02-14,52.4813346862793,54.198001861572266,52.36666870117188,53.33533477783203,235405500.0,1.3114906888005304,2.7100259653348417,2.010758327067686,-0.0049377556683484,0.0462705497638111,-0.0462705497638111
TSLA_2020-02-18,TSLA,2020-02-18,56.106666564941406,57.33333206176758,55.490665435791016,57.22666549682617,245725500.0,1.4571345318700009,2.9028823627776688,2.180008447323835,0.0729597130158357,0.0468484573597675,-0.0468484573597675
TSLA_2020-02-19,TSLA,2020-02-19,61.56666564941406,62.98533248901367,60.06800079345703,61.16133117675781,381345000.0,1.605048535107871,3.0445266648529072,2.324787599980389,0.0687558089532556,0.0473161550085529,-0.0473161550085529
TSLA_2020-02-20,TSLA,2020-02-20,60.79666519165039,60.79999923706055,57.3293342590332,59.96066665649414,264523500.0,1.5698163097193285,2.982157177911017,2.2759867438151726,-0.0196311050979861,0.0474497594636522,-0.0474497594636522
TSLA_2020-02-21,TSLA,2020-02-21,60.46533203125,60.87066650390625,58.6966667175293,60.06666564941406,214722000.0,1.506119184618023,3.080061482907192,2.293090333762608,0.0017678087791648,0.0474625983258908,-0.0474625983258908
TSLA_2020-02-24,TSLA,2020-02-24,55.93333435058594,57.56666564941406,54.81333160400391,55.58599853515625,227883000.0,1.3672420581268057,2.753274609062765,2.0602583335947853,-0.0745949032764651,0.04860738470794,-0.04860738470794
TSLA_2020-02-25,TSLA,2020-02-25,56.59999847412109,57.106666564941406,52.46666717529297,53.32733154296875,259357500.0,1.254347149664572,2.78386933867806,2.019108244171316,-0.0406337396414488,0.0491014510394686,-0.0491014510394686
TSLA_2020-02-26,TSLA,2020-02-26,52.16666793823242,54.22066879272461,51.740665435791016,51.91999816894531,211282500.0,1.3384577004331053,2.622325533984994,1.9803916172090497,-0.0263904705767898,0.0484257752551323,-0.0484257752551323
TSLA_2020-02-27,TSLA,2020-02-27,48.66666793823242,49.31800079345703,44.59999847412109,45.26666641235352,364158000.0,1.0187905087940692,2.17171142238129,1.5952509655876796,-0.1281458395846268,0.0516620729166302,-0.0516620729166302
TSLA_2020-02-28,TSLA,2020-02-28,41.97999954223633,46.03466796875,40.76800155639648,44.53266525268555,363343500.0,1.030858549585194,2.098427333218586,1.56464294140189,-0.0162150478009942,0.0516041751840609,-0.0516041751840609
TSLA_2020-03-02,TSLA,2020-03-02,47.41733169555664,49.5793342590332,45.77799987792969,49.574668884277344,302925000.0,1.2446195730789742,2.3540210236334733,1.7993202983562238,0.1132203429321523,0.0531309411301912,-0.0531309411301912
TSLA_2020-03-03,TSLA,2020-03-03,53.66666793823242,53.79866790771485,47.740665435791016,49.70066833496094,386760000.0,1.259532082191498,2.304419260273198,1.781975671232348,0.0025416095259802,0.0531005721443168,-0.0531005721443168
TSLA_2020-03-04,TSLA,2020-03-04,50.93066787719727,51.10133361816406,48.31533432006836,49.96666717529297,225735000.0,1.238181972744799,2.3309631129445427,1.7845725428446708,0.0053520173720666,0.0531127402621071,-0.0531127402621071
TSLA_2020-03-05,TSLA,2020-03-05,48.2513313293457,49.71666717529297,47.87133407592773,48.30266571044922,162790500.0,1.1550861617208072,2.2832154745197437,1.7191508181202753,-0.0333022304450705,0.053435692057114,-0.053435692057114
TSLA_2020-03-06,TSLA,2020-03-06,46.0,47.133331298828125,45.61800003051758,46.89866638183594,189943500.0,1.1123622687569554,2.064204219566504,1.5882832441617294,-0.0290667048694489,0.0536294592304773,-0.0536294592304773
TSLA_2020-03-09,TSLA,2020-03-09,40.35933303833008,44.20000076293945,40.33333206176758,40.53333282470703,256105500.0,0.8403606948101754,1.6731150062701623,1.2567378505401687,-0.1357252572024996,0.0567716612733779,-0.0567716612733779
TSLA_2020-03-10,TSLA,2020-03-10,43.96200180053711,44.53333282470703,40.53333282470703,43.02199935913086,233916000.0,0.921253858641504,1.7841147875098995,1.3526843230757015,0.0613980238236631,0.0571182428900234,-0.0571182428900234
TSLA_2020-03-11,TSLA,2020-03-11,42.68000030517578,43.571998596191406,40.86666870117188,42.28200149536133,199837500.0,0.8679647064365141,1.6926636640138375,1.2803141852251758,-0.0172004526705585,0.0572367695581828,-0.0572367695581828
TSLA_2020-03-12,TSLA,2020-03-12,38.72600173950195,39.633331298828125,36.41666793823242,37.369998931884766,283636500.0,0.6068970630473192,1.2685147030064825,0.9377058830269008,-0.116172423011135,0.059413536680118,-0.059413536680118
TSLA_2020-03-13,TSLA,2020-03-13,39.66666793823242,40.50466537475586,33.46666717529297,36.44133377075195,339604500.0,0.54981578969996,1.2232075085942982,0.8865116491471291,-0.0248505535904755,0.0595684627053685,-0.0595684627053685
TSLA_2020-03-16,TSLA,2020-03-16,31.299999237060547,32.9913330078125,29.47800064086914,29.67133331298828,307342500.0,0.2374054893174184,0.81513054117557,0.5262680152464942,-0.1857780645558401,0.0643882276863055,-0.0643882276863055
TSLA_2020-03-17,TSLA,2020-03-17,29.333999633789062,31.456666946411133,26.39999961853028,28.68000030517578,359919000.0,0.2003682711699441,0.7717558417612997,0.4860620564656219,-0.033410463808802,0.0645652778122309,-0.0645652778122309
TSLA_2020-03-18,TSLA,2020-03-18,25.933332443237305,26.99066734313965,23.367332458496094,24.08133316040039,356793000.0,-0.053158558197371,0.4756322733791256,0.2112368575908773,-0.1603440409986845,0.067376449657789,-0.067376449657789
TSLA_2020-03-19,TSLA,2020-03-19,24.979999542236328,30.13333320617676,23.8973331451416,28.50933265686035,452932500.0,0.1283674429352423,0.7562937153733,0.4423305791542712,0.1838768421567878,0.0711769891398858,-0.0711769891398858
TSLA_2020-03-20,TSLA,2020-03-20,29.21333312988281,31.799999237060547,28.38599967956543,28.50200080871582,424282500.0,0.0874476079474948,0.7336982897093092,0.410572948828402,-0.0002571736151377,0.0710541229582042,-0.0710541229582042
TSLA_2020-03-23,TSLA,2020-03-23,28.906667709350582,29.46666717529297,27.36666679382324,28.952667236328125,246817500.0,0.0748688131371961,0.8048792204015134,0.4398740167693548,0.0158117470642444,0.0710055440862203,-0.0710055440862203
TSLA_2020-03-24,TSLA,2020-03-24,31.81999969482422,34.24599838256836,31.600000381469727,33.66666793823242,343428000.0,0.2450997778138,1.093437781678448,0.669268779746124,0.1628174932356298,0.0737824970953648,-0.0737824970953648
TSLA_2020-03-25,TSLA,2020-03-25,36.34999847412109,37.133331298828125,34.07400131225586,35.95000076293945,318340500.0,0.2863174760921134,1.4158864255542505,0.851101950823182,0.0678217645089267,0.0741127651067377,-0.0741127651067377
TSLA_2020-03-26,TSLA,2020-03-26,36.49266815185547,37.33333206176758,34.150001525878906,35.21066665649414,260710500.0,0.2419988071502361,1.309400924697114,0.7756998659236751,-0.020565621439638,0.0741853293515326,-0.0741853293515326
TSLA_2020-03-27,TSLA,2020-03-27,33.66666793823242,35.0533332824707,32.935333251953125,34.29066848754883,215661000.0,0.1935768728118176,1.1205474772787776,0.6570621750452976,-0.026128393930185,0.0742903708259172,-0.0742903708259172
TSLA_2020-03-30,TSLA,2020-03-30,34.017333984375,34.44333267211914,32.7486686706543,33.47533416748047,179971500.0,0.1667131892575559,1.0738033549815391,0.6202582721195475,-0.0237771485955257,0.0743777197823668,-0.0743777197823668
TSLA_2020-03-31,TSLA,2020-03-31,33.41666793823242,36.19733428955078,33.133331298828125,34.93333435058594,266572500.0,0.2635640217854438,1.1754473236008431,0.7195056726931435,0.0435544623934431,0.0743383883439675,-0.0743383883439675
TSLA_2020-04-01,TSLA,2020-04-01,33.599998474121094,34.26333236694336,31.67333221435547,32.104000091552734,200298000.0,0.1511486392170866,0.9680410582311492,0.5595948487241179,-0.0809923905527714,0.0751492518841405,-0.0751492518841405
TSLA_2020-04-02,TSLA,2020-04-02,32.06866836547852,32.95066833496094,29.76000022888184,30.29800033569336,297876000.0,0.0562683140278894,0.8692468001332077,0.4627575570805485,-0.0562546645498724,0.0754802716566422,-0.0754802716566422
TSLA_2020-04-03,TSLA,2020-04-03,33.96666717529297,34.36600112915039,31.22599983215332,32.000667572021484,338431500.0,0.0835195754776991,1.0598636818210363,0.5716916286493678,0.0561973469358718,0.075701394210885,-0.075701394210885
TSLA_2020-04-06,TSLA,2020-04-06,34.08000183105469,34.733333587646484,33.19733428955078,34.41600036621094,223527000.0,0.1432874214151691,1.2306528628463242,0.6869701421307467,0.0754775752334993,0.0762124372038559,-0.0762124372038559
TSLA_2020-04-07,TSLA,2020-04-07,36.33333206176758,37.66666793823242,35.48933410644531,36.36333465576172,268797000.0,0.1628576926818721,1.2945062869813584,0.7286819898316153,0.056582237006908,0.0763723696266359,-0.0763723696266359
TSLA_2020-04-08,TSLA,2020-04-08,36.9466667175293,37.14733123779297,35.55533218383789,36.589332580566406,189840000.0,0.1152110799381915,1.286357132683897,0.7007841063110443,0.0062149944977303,0.076165429917116,-0.076165429917116
TSLA_2020-04-09,TSLA,2020-04-09,37.4726676940918,38.345333099365234,37.14066696166992,38.20000076293945,204750000.0,0.1904267770927004,1.3432708045438,0.7668487908182502,0.0440201574824166,0.0762479095634529,-0.0762479095634529
TSLA_2020-04-13,TSLA,2020-04-13,39.34400177001953,43.46666717529297,38.70199966430664,43.39666748046875,337131000.0,0.3613928786707285,1.6597614317880294,1.010577155229379,0.1360383930298492,0.077976264126056,-0.077976264126056
TSLA_2020-04-14,TSLA,2020-04-14,46.59799957275391,49.45866775512695,46.1619987487793,47.32600021362305,458647500.0,0.3525321574826223,1.8637300544077984,1.10813110594521,0.0905445731500638,0.0778486928199241,-0.0778486928199241
TSLA_2020-04-15,TSLA,2020-04-15,49.46666717529297,50.20866775512695,47.33333206176758,48.65533447265625,353655000.0,0.3567631719444437,1.840247564884907,1.0985053684146755,0.0280888782705652,0.0778610838803876,-0.0778610838803876
TSLA_2020-04-16,TSLA,2020-04-16,47.79600143432617,50.630001068115234,47.11466598510742,49.68066787719727,309868500.0,0.4372421216750886,1.889642884124968,1.1634425029000282,0.0210734016250007,0.0776734444245281,-0.0776734444245281
TSLA_2020-04-17,TSLA,2020-04-17,51.48533248901367,51.663333892822266,49.84400177001953,50.25933456420898,196923000.0,0.4681688695022712,1.9023675831081683,1.1852682263052197,0.0116477235862062,0.0776383033688975,-0.0776383033688975
TSLA_2020-04-20,TSLA,2020-04-20,48.8466682434082,51.03799819946289,47.48066711425781,49.75733184814453,221199000.0,0.4620176079852636,1.8490284786296969,1.1555230433074803,-0.0099882483605728,0.0776529899718877,-0.0776529899718877
TSLA_2020-04-21,TSLA,2020-04-21,48.67466735839844,50.22200012207031,44.91933441162109,45.78133392333984,303136500.0,0.25497079215515,1.6725823798167094,0.9637765859859296,-0.0799077799617377,0.0780253782522985,-0.0780253782522985
TSLA_2020-04-22,TSLA,2020-04-22,46.93199920654297,48.93333435058594,45.91400146484375,48.80733489990234,212482500.0,0.2853957133684748,1.8880080474313596,1.086701880399917,0.0660968284941083,0.0782683597596141,-0.0782683597596141
TSLA_2020-04-23,TSLA,2020-04-23,48.50666809082031,48.93333435058594,46.87533187866211,47.04199981689453,198550500.0,0.233187665501324,1.760896609030905,0.9970421372661146,-0.0361694627790737,0.0784570725778684,-0.0784570725778684
TSLA_2020-04-24,TSLA,2020-04-24,47.387332916259766,48.71533203125,46.54533386230469,48.34333419799805,198180000.0,0.2838603598743585,1.8472986822420991,1.0655795210582288,0.0276632453162877,0.0784627626322104,-0.0784627626322104
TSLA_2020-04-27,TSLA,2020-04-27,49.17399978637695,53.29933166503906,49.0,53.25,310221000.0,0.4314003559846455,1.6653430807455196,1.0483717183650825,0.1014962224555282,0.0793170937076133,-0.0793170937076133
TSLA_2020-04-28,TSLA,2020-04-28,53.042667388916016,53.66666793823242,50.44599914550781,51.27466583251953,228330000.0,0.3567119985828622,1.3439489579495985,0.8503304782662303,-0.0370954773235768,0.0795215805950711,-0.0795215805950711
TSLA_2020-04-29,TSLA,2020-04-29,52.678001403808594,53.54666519165039,52.21066665649414,53.367332458496094,243240000.0,0.3778378291070223,1.4427389027434692,0.9102883659252458,0.0408128769246769,0.0796015661850888,-0.0796015661850888
TSLA_2020-04-30,TSLA,2020-04-30,57.01266860961914,57.98799896240234,50.900001525878906,52.12533187866211,427078500.0,0.2201431614183702,1.4725823306362522,0.8463627460273112,-0.0232726749233698,0.0787630442834972,-0.0787630442834972
TSLA_2020-05-01,TSLA,2020-05-01,50.33333206176758,51.51800155639648,45.5359992980957,46.75466537475586,487977000.0,0.0780084673647605,1.226341863391314,0.6521751653780373,-0.1030337133662409,0.0799455889085559,-0.0799455889085559
TSLA_2020-05-04,TSLA,2020-05-04,46.73333358764648,50.79999923706055,46.53333282470703,50.74599838256836,288556500.0,-0.0241154157198392,1.417089933073214,0.6964872586766875,0.085367587936316,0.0767013607656429,-0.0767013607656429
TSLA_2020-05-05,TSLA,2020-05-05,52.65266799926758,53.26133346557617,50.8120002746582,51.2140007019043,254875500.0,-0.1339818998191065,1.451916714653248,0.6589674074170706,0.0092224477644073,0.074745943921886,-0.074745943921886
TSLA_2020-05-06,TSLA,2020-05-06,51.76666641235352,52.6533317565918,50.740665435791016,52.172000885009766,166848000.0,0.065169484944991,1.4650518038268512,0.7651106443859211,0.0187058259455572,0.0714443432178764,-0.0714443432178764
TSLA_2020-05-07,TSLA,2020-05-07,51.81399917602539,53.09333419799805,51.4900016784668,52.00266647338867,172915500.0,0.0414975141387534,1.458987360974735,0.7502424375567442,-0.003245695176505,0.0714202082987458,-0.0714202082987458
TSLA_2020-05-08,TSLA,2020-05-08,52.917999267578125,54.93333435058594,52.46733474731445,54.62799835205078,241297500.0,0.0953787253591644,1.5090942476599234,0.8022364865095439,0.0504845627484422,0.0716654768234288,-0.0716654768234288
TSLA_2020-05-11,TSLA,2020-05-11,52.70066833496094,54.93333435058594,52.33333206176758,54.08599853515625,247794000.0,0.0518747734918405,1.4178636836902667,0.7348692285910536,-0.0099216488475673,0.0716021059038664,-0.0716021059038664
TSLA_2020-05-12,TSLA,2020-05-12,55.133331298828125,56.21933364868164,53.86666870117188,53.96066665649414,238603500.0,0.0452362182062267,1.4008127362280915,0.7230244772171591,-0.0023172703112921,0.0716056069251679,-0.0716056069251679
TSLA_2020-05-13,TSLA,2020-05-13,54.72200012207031,55.06666564941406,50.88666534423828,52.73066711425781,285982500.0,0.0308488134971343,1.292039725512922,0.6614442695050282,-0.0227943726134135,0.0716643223291281,-0.0716643223291281
TSLA_2020-05-14,TSLA,2020-05-14,52.0,53.55733489990234,50.93333435058594,53.55533218383789,205233000.0,-0.0008333263349766,1.295687657694339,0.6474271656796812,0.0156391928020402,0.0714541108289853,-0.0714541108289853
TSLA_2020-05-15,TSLA,2020-05-15,52.68999862670898,53.66999816894531,52.436668395996094,53.27799987792969,157776000.0,-0.0010749890319649,1.3090058616625808,0.653965436315308,-0.0051784256506188,0.0714545227267624,-0.0714545227267624
TSLA_2020-05-18,TSLA,2020-05-18,55.185333251953125,55.64799880981445,53.59199905395508,54.242000579833984,174987000.0,-0.0521551429054994,1.3289823292222835,0.6384135931583921,0.0180937855045799,0.0709144943034489,-0.0709144943034489
TSLA_2020-05-19,TSLA,2020-05-19,54.34466552734375,54.80466842651367,53.73866653442383,53.867332458496094,144547500.0,-0.1192583382003553,1.2943747758796365,0.5875582188396405,-0.0069073433378705,0.0703985207136291,-0.0703985207136291
TSLA_2020-05-20,TSLA,2020-05-20,54.70000076293945,55.06666564941406,54.119998931884766,54.37066650390625,109639500.0,-0.0932277852181361,1.3302380267467515,0.6185051207643077,0.009343957133908,0.0703598494515379,-0.0703598494515379
TSLA_2020-05-21,TSLA,2020-05-21,54.400001525878906,55.5,53.06666564941406,55.17333221435547,183819000.0,-0.0814650419189088,1.3019580801893342,0.6102465191352127,0.014762844784909,0.0703814496422482,-0.0703814496422482
TSLA_2020-05-22,TSLA,2020-05-22,54.81133270263672,55.45199966430664,54.133331298828125,54.45866775512695,149812500.0,-0.0202808406745863,1.3192323991077557,0.6494757792165846,-0.012953077701596,0.0697374620189084,-0.0697374620189084
TSLA_2020-05-26,TSLA,2020-05-26,55.633331298828125,55.63999938964844,54.38066864013672,54.5913314819336,121345500.0,0.0237026662012214,1.3077811876547458,0.6657419269279836,0.0024360442933193,0.0695226102242415,-0.0695226102242415
TSLA_2020-05-27,TSLA,2020-05-27,54.7239990234375,55.18066787719727,52.33333206176758,54.68199920654297,173242500.0,0.053197248362957,1.4628572155093145,0.7580272319361357,0.001660844719264,0.0694225397017753,-0.0694225397017753
TSLA_2020-05-28,TSLA,2020-05-28,54.23400115966797,54.98333358764648,53.44599914550781,53.72066879272461,108834000.0,0.1867599947245937,1.3958198135665092,0.7912899041455514,-0.0175803816204168,0.0674165106168018,-0.0674165106168018
TSLA_2020-05-29,TSLA,2020-05-29,53.91666793823242,55.66666793823242,53.61399841308594,55.66666793823242,176467500.0,0.2500187810985654,1.538611328736085,0.8943150549173252,0.0362244028088376,0.0674743192859569,-0.0674743192859569
TSLA_2020-06-01,TSLA,2020-06-01,57.20000076293945,59.93333435058594,56.93999862670898,59.87333297729492,224092500.0,0.2077404514200156,1.7109178564566028,0.9593291539383092,0.07556883131087,0.0666695614781848,-0.0666695614781848
TSLA_2020-06-02,TSLA,2020-06-02,59.64666748046875,60.57733154296875,58.06666564941406,58.77066802978516,203484000.0,0.1824925096317893,1.671879762464167,0.9271861360479782,-0.0184166287841017,0.0667353652410755,-0.0667353652410755
TSLA_2020-06-03,TSLA,2020-06-03,59.20800018310547,59.86266708374024,58.67333221435547,58.86399841308594,119242500.0,0.1780653331665962,1.6367245914090711,0.9073949622878336,0.001588043601163,0.0667366214177077,-0.0667366214177077
TSLA_2020-06-04,TSLA,2020-06-04,59.32533264160156,59.71666717529297,57.22933197021485,57.62533187866211,133315500.0,0.1930052106046837,1.5710290202349717,0.8820171154198277,-0.021042854169221,0.0666414725213389,-0.0666414725213389
TSLA_2020-06-05,TSLA,2020-06-05,58.52266693115234,59.10133361816406,57.74666595458984,59.04399871826172,117178500.0,0.2589696738398028,1.6594000365284505,0.9591848551841266,0.0246188055382796,0.0665417954986699,-0.0665417954986699
TSLA_2020-06-08,TSLA,2020-06-08,61.26666641235352,63.33333206176758,60.61066818237305,63.32799911499024,212620500.0,0.5623684188236491,1.875321428815766,1.2188449238197077,0.0725560681818036,0.0645373614886339,-0.0645373614886339
TSLA_2020-06-09,TSLA,2020-06-09,62.66733169555664,63.62933349609375,61.595333099365234,62.711334228515625,170823000.0,0.4576573651314037,1.800529837335917,1.1290936012336603,-0.0097376341443361,0.0642304770791907,-0.0642304770791907
TSLA_2020-06-10,TSLA,2020-06-10,66.12533569335938,68.49866485595703,65.5,68.336669921875,278451000.0,0.6162118041969247,2.0190266083659374,1.3176192062814311,0.0897020572526978,0.0649607284853736,-0.0649607284853736
TSLA_2020-06-11,TSLA,2020-06-11,66.01333618164062,67.9306640625,64.80000305175781,64.85600280761719,238747500.0,0.7355098919277963,1.7887857482283458,1.262147820078071,-0.0509341048991272,0.0634229550278312,-0.0634229550278312
TSLA_2020-06-12,TSLA,2020-06-12,65.33333587646484,65.8653335571289,60.84000015258789,62.35200119018555,251451000.0,0.7110241239366946,1.6517722038346307,1.1813981638856623,-0.0386086331107897,0.0635711224882444,-0.0635711224882444
TSLA_2020-06-15,TSLA,2020-06-15,61.18600082397461,66.5893325805664,60.56666564941406,66.05999755859375,235458000.0,1.2263912734139506,1.7549487830908197,1.490670028252385,0.0594687627923617,0.0586747731441171,-0.0586747731441171
TSLA_2020-06-16,TSLA,2020-06-16,67.4566650390625,67.52532958984375,64.15933227539062,65.47533416748047,210766500.0,1.282961418088422,1.7403944505784827,1.5116779343334523,-0.0088504906557814,0.0584327347142244,-0.0584327347142244
TSLA_2020-06-17,TSLA,2020-06-17,65.84733581542969,67.0,65.50466918945312,66.11933135986328,148362000.0,1.7456673980405135,1.599711677871153,1.6726895379558333,0.0098357221169047,0.0539664277517151,-0.0539664277517151
TSLA_2020-06-18,TSLA,2020-06-18,66.86666870117188,67.94667053222656,66.2979965209961,66.9306640625,146278500.0,1.347675579364855,1.6490406903294348,1.4983581348471449,0.012270733625858,0.049588720007133,-0.049588720007133
TSLA_2020-06-19,TSLA,2020-06-19,67.51866912841797,67.73133087158203,66.0893325805664,66.72666931152344,130195500.0,1.341122286794639,1.5458478306873995,1.4434850587410193,-0.0030478518902198,0.0496036483449455,-0.0496036483449455
TSLA_2020-06-22,TSLA,2020-06-22,66.663330078125,67.2586669921875,66.00133514404297,66.28800201416016,95436000.0,1.2895300620519627,1.460944460439724,1.3752372612458434,-0.0065740925163715,0.0496762239751347,-0.0496762239751347
TSLA_2020-06-23,TSLA,2020-06-23,66.59200286865234,67.46666717529297,66.267333984375,66.78533172607422,95479500.0,0.983722649613082,1.4699326302774511,1.226827639945267,0.0075025599927995,0.0459034645782307,-0.0459034645782307
TSLA_2020-06-24,TSLA,2020-06-24,66.27400207519531,66.72533416748047,63.542667388916016,64.0566635131836,164394000.0,0.7818264855009143,1.291994547663617,1.0369105165822656,-0.0408572981876094,0.0458120701884862,-0.0458120701884862
TSLA_2020-06-25,TSLA,2020-06-25,63.61800003051758,65.73200225830078,62.47666549682617,65.73200225830078,138817500.0,0.8668207250821076,1.3185891137153165,1.0927049193987122,0.0261540119830372,0.0456835037977685,-0.0456835037977685
TSLA_2020-06-26,TSLA,2020-06-26,66.31866455078125,66.33333587646484,63.65800094604492,63.982666015625,132823500.0,0.8658914753690945,1.2270849121772724,1.0464881937731834,-0.0266131592310482,0.0456898936678051,-0.0456898936678051
TSLA_2020-06-29,TSLA,2020-06-29,64.60066986083984,67.33333587646484,63.23466873168945,67.29000091552734,135396000.0,1.0101367944190995,1.3452531102606675,1.1776949523398836,0.0516911080118898,0.0457536661077641,-0.0457536661077641
TSLA_2020-06-30,TSLA,2020-06-30,67.0999984741211,72.51266479492188,66.91533660888672,71.98733520507812,253777500.0,1.0607061004433058,1.603834087993942,1.332270094218624,0.0698073149894527,0.0461619358602785,-0.0461619358602785
TSLA_2020-07-01,TSLA,2020-07-01,72.19999694824219,75.68866729736328,72.03333282470703,74.64199829101562,199903500.0,1.325006169890199,1.676427688640433,1.500716929265316,0.0368768072658178,0.0446730020122181,-0.0446730020122181
TSLA_2020-07-02,TSLA,2020-07-02,81.43199920654297,81.86666870117188,79.04000091552734,80.57733154296875,258751500.0,1.6594933873587192,1.809138596433716,1.7343159918962174,0.0795173412803385,0.044481690173684,-0.044481690173684
TSLA_2020-07-06,TSLA,2020-07-06,85.11266326904297,91.85266876220705,84.40266418457031,91.43866729736328,308548500.0,1.857398743059631,2.096047473050483,1.976723108055057,0.1347939370342961,0.046658985268124,-0.046658985268124
TSLA_2020-07-07,TSLA,2020-07-07,93.6673355102539,95.3000030517578,89.11399841308594,92.65733337402344,322345500.0,1.692274883428723,2.078044009216049,1.8851594463223864,0.0133276885225916,0.0460742882220829,-0.0460742882220829
TSLA_2020-07-08,TSLA,2020-07-08,93.66666412353516,94.48400115966795,87.42266845703125,91.05867004394533,244669500.0,1.5041342029262217,1.9119517213805448,1.7080429621533832,-0.0172535003098448,0.0459866847029151,-0.0459866847029151
TSLA_2020-07-09,TSLA,2020-07-09,93.1326675415039,93.90399932861328,90.08533477783205,92.9520034790039,175764000.0,1.54041265372447,1.833096339048713,1.6867544963865917,0.0207924564914558,0.0459749017956699,-0.0459749017956699
TSLA_2020-07-10,TSLA,2020-07-10,93.06666564941406,103.2613296508789,91.73400115966795,102.97666931152344,350064000.0,1.6957242736871474,2.2090623590559515,1.9523933163715492,0.1078477650541864,0.0472885502987301,-0.0472885502987301
TSLA_2020-07-13,TSLA,2020-07-13,110.5999984741211,119.66600036621094,98.0739974975586,99.8040008544922,584781000.0,1.2998079495253942,2.130942164794202,1.715375057159798,-0.0308095851054701,0.0451337622018647,-0.0451337622018647
TSLA_2020-07-14,TSLA,2020-07-14,103.73332977294922,106.0,95.4000015258789,101.12000274658205,351271500.0,1.1366691097946218,1.8899136808969943,1.513291395345808,0.0131858630999019,0.0440653355623184,-0.0440653355623184
TSLA_2020-07-15,TSLA,2020-07-15,102.86666870117188,103.33333587646484,97.13333129882812,103.06732940673828,245517000.0,1.118315093788143,1.8740519058257925,1.4961834998069676,0.0192575811636046,0.0440307902180814,-0.0440307902180814
TSLA_2020-07-16,TSLA,2020-07-16,98.47733306884766,102.11399841308594,97.73332977294922,100.04266357421876,214512000.0,1.0137141437290729,1.894194788380307,1.45395446605469,-0.0293465043668995,0.0443373642688959,-0.0443373642688959
TSLA_2020-07-17,TSLA,2020-07-17,100.89666748046876,102.50066375732422,99.33333587646484,100.05599975585938,139950000.0,0.9907943593648758,1.922822304000228,1.456808331682552,0.0001333049437524,0.0443630678170214,-0.0443630678170214
TSLA_2020-07-20,TSLA,2020-07-20,101.267333984375,110.0,99.1999969482422,109.53333282470705,256821000.0,1.2013506101772935,2.2184133534283075,1.7098819818028006,0.0947202875586945,0.0454758595203888,-0.0454758595203888
TSLA_2020-07-21,TSLA,2020-07-21,109.32866668701172,111.66666412353516,103.86666870117188,104.55733489990234,241608000.0,1.2838420364723766,1.8661550496689692,1.574998543070673,-0.0454290743875026,0.0445300258648595,-0.0445300258648595
TSLA_2020-07-22,TSLA,2020-07-22,106.5999984741211,108.4280014038086,104.13333129882812,106.15533447265624,212416500.0,1.174987318819341,1.7957193762411734,1.4853533475302572,0.0152834765182541,0.0440312796348104,-0.0440312796348104
TSLA_2020-07-23,TSLA,2020-07-23,111.93000030517578,112.5999984741211,98.71800231933594,100.87133026123048,364927500.0,1.1442823573372798,1.644302554420436,1.394292455878858,-0.0497761533857427,0.0443105330402326,-0.0443105330402326
TSLA_2020-07-24,TSLA,2020-07-24,94.40066528320312,97.66666412353516,91.10266876220705,94.46666717529295,290949000.0,0.9540784420948136,1.5087638518905733,1.2314211469926934,-0.0634933937061315,0.0453052725446742,-0.0453052725446742
TSLA_2020-07-27,TSLA,2020-07-27,95.66666412353516,103.1959991455078,94.1999969482422,102.63999938964844,240730500.0,0.9275117256272007,1.7590409702273533,1.3432763479272771,0.0865208063198523,0.0448635468573823,-0.0448635468573823
TSLA_2020-07-28,TSLA,2020-07-28,100.26667022705078,104.3133316040039,98.29467010498048,98.43267059326172,237130500.0,0.9197135465451154,1.604498402439818,1.2621059744924668,-0.0409911225779979,0.0449341508653267,-0.0449341508653267
TSLA_2020-07-29,TSLA,2020-07-29,100.06666564941406,102.32066345214844,99.13333129882812,99.94066619873048,141403500.0,0.8726936797235385,1.5802681942527217,1.2264809369881302,0.0153200720490458,0.0447793196077798,-0.0447793196077798
TSLA_2020-07-30,TSLA,2020-07-30,99.1999969482422,100.8826675415039,98.06666564941406,99.16600036621094,114315000.0,0.9024531219686156,1.321265166689035,1.1118591443288253,-0.0077512574408813,0.0446303151166649,-0.0446303151166649
TSLA_2020-07-31,TSLA,2020-07-31,101.0,101.13666534423828,94.73200225830078,95.38400268554688,183123000.0,1.0400959331225872,1.199240690142561,1.119668311632574,-0.0381380479871881,0.0426560090101377,-0.0426560090101377
TSLA_2020-08-03,TSLA,2020-08-03,96.61333465576172,100.65399932861328,96.29199981689452,99.0,132139500.0,0.9508927433775204,0.9038461538461536,0.9273694486118372,0.0379098927770311,0.0417534275014816,-0.0417534275014816
TSLA_2020-08-04,TSLA,2020-08-04,99.6673355102539,101.82733154296876,97.46666717529295,99.13333129882812,126225000.0,0.9356685660205032,0.6763240141249502,0.8059962900727267,0.0013467807962437,0.0417721304827266,-0.0417721304827266
TSLA_2020-08-05,TSLA,2020-08-05,99.5326690673828,99.98933410644533,97.88733673095705,99.00133514404295,74217000.0,0.8975951365608512,1.021260434244642,0.9594277854027464,-0.0013315012524625,0.0417916607336038,-0.0417916607336038
TSLA_2020-08-06,TSLA,2020-08-06,99.38866424560548,101.15399932861328,98.48400115966795,99.30533599853516,89884500.0,0.9096200778349064,0.988864564014508,0.9492423209247072,0.003070674289896,0.0417643718867224,-0.0417643718867224
TSLA_2020-08-07,TSLA,2020-08-07,99.96932983398438,99.98332977294922,94.33399963378906,96.84733581542967,133446000.0,0.7728516280478717,0.9419439565819973,0.8573977923149344,-0.0247519446804121,0.0416971961417432,-0.0416971961417432
TSLA_2020-08-10,TSLA,2020-08-10,96.53333282470705,97.16666412353516,92.38933563232422,94.5713348388672,112834500.0,0.7485363569167576,0.8392412843740624,0.79388882064541,-0.0235009146859759,0.0418364872818152,-0.0418364872818152
TSLA_2020-08-11,TSLA,2020-08-11,93.06666564941406,94.66666412353516,91.0,91.6259994506836,129387000.0,0.6980145933696771,0.7748263520327052,0.7364204727011912,-0.0311440606522255,0.0421271550831971,-0.0421271550831971
TSLA_2020-08-12,TSLA,2020-08-12,98.0,105.66666412353516,95.66666412353516,103.65066528320312,327441000.0,0.9656619374568294,1.0263002759638504,0.99598110671034,0.1312363947417745,0.044630632371755,-0.044630632371755
TSLA_2020-08-13,TSLA,2020-08-13,107.4000015258789,110.07866668701172,104.48400115966795,108.06666564941406,306379500.0,1.017850720792033,1.0161691926463456,1.0170099567191897,0.0426046504780761,0.0447977099981781,-0.0447977099981781
TSLA_2020-08-14,TSLA,2020-08-14,110.99933624267578,111.25333404541016,108.44266510009766,110.04733276367188,188664000.0,1.0655304819214653,1.0633100593082108,1.064420270614838,0.0183281967881143,0.0447488446427274,-0.0447488446427274
TSLA_2020-08-17,TSLA,2020-08-17,111.8000030517578,123.05733489990234,111.52200317382812,122.3759994506836,303634500.0,1.2561114660689778,1.138443650145414,1.197277558107196,0.1120305815451947,0.0464691057823392,-0.0464691057823392
TSLA_2020-08-18,TSLA,2020-08-18,126.59933471679688,128.25999450683594,123.00733184814452,125.80599975585938,247117500.0,1.33547855470272,1.056953263366306,1.196215909034513,0.0280283741956939,0.046423734446047,-0.046423734446047
TSLA_2020-08-19,TSLA,2020-08-19,124.33333587646484,127.4000015258789,122.74732971191406,125.23533630371094,183079500.0,1.3033621685456702,1.0886248150169142,1.1959934917812922,-0.0045360591168615,0.0464818725819649,-0.0464818725819649
TSLA_2020-08-20,TSLA,2020-08-20,124.04533386230467,134.79933166503906,123.8040008544922,133.45533752441406,309177000.0,1.41883772772547,1.2217870108412767,1.3203123692833734,0.0656364366744592,0.0469287893545492,-0.0469287893545492
TSLA_2020-08-21,TSLA,2020-08-21,136.3173370361328,139.69932556152344,135.00332641601562,136.6653289794922,322344000.0,1.5095239125938034,1.4586286579534238,1.4840762852736136,0.0240529267290705,0.0468025953624761,-0.0468025953624761
TSLA_2020-08-24,TSLA,2020-08-24,141.7519989013672,141.93333435058594,128.50132751464844,134.27999877929688,300954000.0,1.4597311539055493,1.518033340391317,1.488882247148433,-0.0174538064482562,0.0469606875680517,-0.0469606875680517
TSLA_2020-08-25,TSLA,2020-08-25,131.65933227539062,135.19667053222656,131.1999969482422,134.8893280029297,159883500.0,1.46679583702546,1.5980225878284116,1.5324092124269355,0.0045377511853743,0.0469484730341966,-0.0469484730341966
TSLA_2020-08-26,TSLA,2020-08-26,137.3333282470703,144.39999389648438,136.90866088867188,143.54466247558594,213591000.0,1.6720565045352935,2.171089763226121,1.9215731338807076,0.0641661916535625,0.0471491783550465,-0.0471491783550465
TSLA_2020-08-27,TSLA,2020-08-27,145.36399841308594,153.0399932861328,142.8333282470703,149.25,355395000.0,1.6811376633070148,2.3514724338444903,2.0163050485757523,0.0397460792064241,0.047174684303091,-0.047174684303091
TSLA_2020-08-28,TSLA,2020-08-28,153.00799560546875,154.5659942626953,145.76800537109375,147.55999755859375,301218000.0,1.4645362170592913,1.9765200833321663,1.7205281501957288,-0.0113232994399078,0.0466976287170176,-0.0466976287170176
TSLA_2020-08-31,TSLA,2020-08-31,148.20333862304688,166.7133331298828,146.70333862304688,166.10667419433594,355123200.0,1.8263533453482703,2.3421416604470795,2.084247502897675,0.1256890549105465,0.0485060143582522,-0.0485060143582522
TSLA_2020-09-01,TSLA,2020-09-01,167.3800048828125,167.49667358398438,156.836669921875,158.35000610351562,269523300.0,1.690099387953115,2.169112831720243,1.929606109836679,-0.046696908046846,0.0491426927106469,-0.0491426927106469
TSLA_2020-09-02,TSLA,2020-09-02,159.663330078125,159.67999267578125,135.0399932861328,149.1233367919922,288528300.0,1.587808728043275,2.0872692966039064,1.8375390123235908,-0.0582675652408364,0.0498262355366645,-0.0498262355366645
TSLA_2020-09-03,TSLA,2020-09-03,135.7433319091797,143.93333435058594,134.0,135.6666717529297,262788300.0,1.2977216092745651,1.8927618250030664,1.5952417171388158,-0.0902384920331604,0.0515902363692856,-0.0515902363692856
TSLA_2020-09-04,TSLA,2020-09-04,134.27000427246094,142.6666717529297,124.00666809082033,139.44000244140625,330965700.0,1.2018697004497605,2.440131682347394,1.8210006913985768,0.0278132472752659,0.0510845102047765,-0.0510845102047765
TSLA_2020-09-08,TSLA,2020-09-08,118.66666412353516,122.913330078125,109.95999908447266,110.06999969482422,346397100.0,0.7551851040792243,1.5584584941300106,1.1568217991046177,-0.2106282432039079,0.058336023413068,-0.058336023413068
TSLA_2020-09-09,TSLA,2020-09-09,118.86666870117188,123.0,113.836669921875,122.09333038330078,238397400.0,0.786644425648519,1.887595810635771,1.337120118142145,0.1092334943382573,0.0588127892594083,-0.0588127892594083
TSLA_2020-09-10,TSLA,2020-09-10,128.73666381835938,132.99667358398438,120.1866683959961,123.77999877929688,254791800.0,0.9085357317882564,2.312282641616174,1.6104091867022152,0.0138145825877706,0.0582767851446108,-0.0582767851446108
TSLA_2020-09-11,TSLA,2020-09-11,127.3133316040039,127.5,120.16666412353516,124.23999786376952,182152500.0,0.9925583059445636,2.409315329821581,1.7009368178830724,0.0037162634432792,0.0579268382017034,-0.0579268382017034
TSLA_2020-09-14,TSLA,2020-09-14,126.98332977294922,140.0,124.43333435058594,139.8733367919922,249061800.0,1.1173681798569195,3.714090038237825,2.4157291090473723,0.1258317707423402,0.0593767593190972,-0.0593767593190972
TSLA_2020-09-15,TSLA,2020-09-15,145.52000427246094,153.97999572753906,143.56666564941406,149.9199981689453,291894600.0,1.2897171900713391,4.2273360032667,2.75852659666902,0.0718268514026634,0.0597507778295827,-0.0597507778295827
TSLA_2020-09-16,TSLA,2020-09-16,146.6233367919922,152.59666442871094,145.10333251953125,147.25332641601562,216837900.0,1.2270843244703995,5.114832822385457,3.1709585734279284,-0.017787298462508,0.0598905327435105,-0.0598905327435105
TSLA_2020-09-17,TSLA,2020-09-17,138.53334045410156,145.92999267578125,136.0,141.14332580566406,230337600.0,1.108799124925223,3.950776207372921,2.529787666149072,-0.0414931245294233,0.0603054275357277,-0.0603054275357277
TSLA_2020-09-18,TSLA,2020-09-18,149.31333923339844,150.3333282470703,142.93333435058594,147.38333129882812,259220400.0,1.2087619960580829,4.170981935196591,2.6898719656273364,0.0442104184349159,0.0603874028246252,-0.0603874028246252
TSLA_2020-09-21,TSLA,2020-09-21,151.0433349609375,151.89332580566406,135.69000244140625,149.79666137695312,328430400.0,1.259785433643847,4.173846684114719,2.716816058879283,0.016374511668703,0.0603276224747874,-0.0603276224747874
TSLA_2020-09-22,TSLA,2020-09-22,143.1999969482422,145.9199981689453,139.1999969482422,141.41000366210938,238742400.0,1.117381167501191,3.2002969798363043,2.158839073668748,-0.0559869468234628,0.0609787909681411,-0.0609787909681411
TSLA_2020-09-23,TSLA,2020-09-23,135.05332946777344,137.38333129882812,125.2933349609375,126.7866668701172,285222600.0,0.9792892716621596,2.5267500467154504,1.753019659188805,-0.1034109073848392,0.0623767584901659,-0.0623767584901659
TSLA_2020-09-24,TSLA,2020-09-24,121.26667022705078,133.1666717529297,117.0999984741211,129.26333618164062,289683300.0,0.9665205948494742,2.6711414027657927,1.8188309988076332,0.0195341463945935,0.0623595245855732,-0.0623595245855732
TSLA_2020-09-25,TSLA,2020-09-25,131.1566619873047,136.2433319091797,130.43333435058594,135.77999877929688,201625500.0,1.122137248018682,2.9596778006412885,2.040907524329985,0.0504138512137659,0.0623309134536181,-0.0623309134536181
TSLA_2020-09-28,TSLA,2020-09-28,141.5399932861328,142.69332885742188,138.51666259765625,140.39999389648438,149158800.0,1.086491187193411,3.1941327066086647,2.140311946901038,0.0340255940397897,0.0621979730039983,-0.0621979730039983
TSLA_2020-09-29,TSLA,2020-09-29,138.6666717529297,142.8333282470703,137.1999969482422,139.69000244140625,150657900.0,0.9404802531369748,2.998759495429134,1.9696198742830544,-0.0050569194155491,0.0618221095632745,-0.0618221095632745
TSLA_2020-09-30,TSLA,2020-09-30,140.44000244140625,144.64332580566406,140.1566619873047,143.00332641601562,144436800.0,0.9158560822349848,3.454377211818004,2.1851166470264944,0.023719120314277,0.0617605511798047,-0.0617605511798047
TSLA_2020-10-01,TSLA,2020-10-01,146.9199981689453,149.6266632080078,144.80667114257812,149.3866729736328,152224500.0,0.8539540850142291,3.930578629562027,2.392266357288128,0.044637748768495,0.0613026361790016,-0.0613026361790016
TSLA_2020-10-02,TSLA,2020-10-02,140.4633331298828,146.3766632080078,138.3333282470703,138.3633270263672,214290000.0,0.513181798422351,3.323763768832737,1.918472783627544,-0.0737906918190171,0.0601703941130788,-0.0601703941130788
TSLA_2020-10-05,TSLA,2020-10-05,141.11666870117188,144.54666137695312,139.77667236328125,141.89332580566406,134168400.0,0.5313771791045734,3.1228883163591723,1.8271327477318728,0.0255125317897579,0.0602060442923309,-0.0602060442923309
TSLA_2020-10-06,TSLA,2020-10-06,141.26333618164062,142.92666625976562,135.35000610351562,137.9933319091797,147438900.0,0.5154332019409407,2.7948481132303096,1.6551406575856251,-0.0274853935119243,0.0602906490997419,-0.0602906490997419
TSLA_2020-10-07,TSLA,2020-10-07,139.9566650390625,143.3000030517578,137.9499969482422,141.76666259765625,129383100.0,0.5251598383210605,2.8745353522231887,1.6998475952721246,0.0273442972661894,0.0603179509069793,-0.0603179509069793
TSLA_2020-10-08,TSLA,2020-10-08,146.14666748046875,146.3333282470703,141.76666259765625,141.97332763671875,121263300.0,0.378694111840258,2.716579183277326,1.5476366475587922,0.0014577830589765,0.0589669617263799,-0.0589669617263799
TSLA_2020-10-09,TSLA,2020-10-09,143.3766632080078,144.8633270263672,142.15333557128906,144.6666717529297,86777100.0,0.4495077403143825,2.333589424073608,1.391548582193995,0.0189707754339791,0.0587874152725815,-0.0587874152725815
TSLA_2020-10-12,TSLA,2020-10-12,147.3333282470703,149.5800018310547,146.19332885742188,147.43333435058594,116373300.0,0.4580036624412504,2.1152713875056453,1.286637524973448,0.0191243951639483,0.0588012077113914,-0.0588012077113914
TSLA_2020-10-13,TSLA,2020-10-13,147.78334045410156,149.6300048828125,145.53334045410156,148.88333129882812,103391100.0,0.4445249736828294,2.059959055106257,1.2522420143945434,0.0098349328842701,0.0587834100078626,-0.0587834100078626
TSLA_2020-10-14,TSLA,2020-10-14,149.92666625976562,155.3000030517578,149.11666870117188,153.76666259765625,143639100.0,0.5370108821980855,2.0951005525477844,1.3160557173729348,0.0327997181163728,0.0586749786470608,-0.0586749786470608
TSLA_2020-10-15,TSLA,2020-10-15,150.10333251953125,152.19000244140625,147.5,149.6266632080078,107017200.0,0.4954291953816145,1.977092006995273,1.2362606011884438,-0.0269239074303192,0.0588365520696004,-0.0588365520696004
TSLA_2020-10-16,TSLA,2020-10-16,151.47999572753906,151.98333740234375,146.28334045410156,146.55667114257812,98327700.0,0.338009785360241,1.9454286574259565,1.141719221393099,-0.0205176804695688,0.0578851746575525,-0.0578851746575525
TSLA_2020-10-19,TSLA,2020-10-19,148.74667358398438,149.0,142.9566650390625,143.61000061035156,108863400.0,0.3735047928281279,2.136867983157161,1.2551863879926444,-0.0201060143441705,0.0576073293000187,-0.0576073293000187
TSLA_2020-10-20,TSLA,2020-10-20,143.9166717529297,143.9166717529297,139.68333435058594,140.64666748046875,94968900.0,0.3249137990017532,1.8816707113575708,1.103292255179662,-0.0206345875446588,0.0576988376916424,-0.0576988376916424
TSLA_2020-10-21,TSLA,2020-10-21,140.89999389648438,144.31666564941406,140.4166717529297,140.8800048828125,97111500.0,0.3966307821852846,1.994770745954071,1.1957007640696775,0.0016590325709362,0.0572569907635008,-0.0572569907635008
TSLA_2020-10-22,TSLA,2020-10-22,147.30667114257812,148.41000366210938,141.50332641601562,141.92999267578125,119979600.0,0.5024346356203617,1.935875132122325,1.2191548838713435,0.007453064711647,0.0565421356787856,-0.0565421356787856
TSLA_2020-10-23,TSLA,2020-10-23,140.6133270263672,140.9633331298828,135.7933349609375,140.2100067138672,101151000.0,0.366036706426635,1.633051769274501,0.999544237850568,-0.0121185517556048,0.0556946028374864,-0.0556946028374864
TSLA_2020-10-26,TSLA,2020-10-26,137.2100067138672,141.9199981689453,136.6666717529297,140.0933380126953,84717600.0,0.4232402429837711,1.7322135744441072,1.0777269087139392,-0.0008320996760948,0.0553708922298194,-0.0553708922298194
TSLA_2020-10-27,TSLA,2020-10-27,141.25332641601562,143.5,140.03334045410156,141.55999755859375,68059500.0,0.4164404035200633,1.6525589913770808,1.034499697448572,0.0104691598237565,0.0553627346483886,-0.0553627346483886
TSLA_2020-10-28,TSLA,2020-10-28,138.82666015625,139.53334045410156,135.3333282470703,135.33999633789062,76354200.0,0.3647822422815525,1.5964342376358671,0.98060823995871,-0.0439389751905624,0.0557057995196573,-0.0557057995196573
TSLA_2020-10-29,TSLA,2020-10-29,136.65333557128906,139.35333251953125,135.48666381835938,136.94332885742188,67965900.0,0.4357054118276409,1.9289767718316595,1.1823410918296502,0.0118467013663008,0.0554148447998705,-0.0554148447998705
TSLA_2020-10-30,TSLA,2020-10-30,135.63333129882812,135.8633270263672,126.37000274658205,129.34666442871094,127533900.0,0.306531963926373,1.5489037274147417,0.9277178456705572,-0.0554730521894949,0.0558303065847516,-0.0558303065847516
TSLA_2020-11-02,TSLA,2020-11-02,131.3333282470703,135.66000366210938,130.76666259765625,133.50332641601562,87063300.0,0.3467047325745804,1.6067740185556634,0.976739375565122,0.0321358266613487,0.0559251935995375,-0.0559251935995375
TSLA_2020-11-03,TSLA,2020-11-03,136.57666015625,142.58999633789062,135.56333923339844,141.3000030517578,103055100.0,0.4272535097246113,1.7083493186928278,1.0678014142087195,0.0584006170111943,0.0562986611852849,-0.0562986611852849
TSLA_2020-11-04,TSLA,2020-11-04,143.5399932861328,145.13333129882812,139.03334045410156,140.32666015625,96429300.0,0.4130827789386861,1.6984512463040595,1.055767012621373,-0.0068884846035798,0.0563245818688037,-0.0563245818688037
TSLA_2020-11-05,TSLA,2020-11-05,142.76666259765625,146.6666717529297,141.3333282470703,146.02999877929688,85243500.0,0.507837025662728,1.673171325777028,1.090504175719878,0.0406433005438622,0.0563307193487162,-0.0563307193487162
TSLA_2020-11-06,TSLA,2020-11-06,145.36666870117188,145.52333068847656,141.42666625976562,143.31666564941406,65118000.0,0.5154345224544019,1.6497923590383063,1.082613440746354,-0.0185806557047475,0.0562895435710176,-0.0562895435710176
TSLA_2020-11-09,TSLA,2020-11-09,146.5,150.8333282470703,140.3333282470703,140.4199981689453,104499000.0,0.5325344226615984,1.6022658145207669,1.0674001185911828,-0.0202116583395449,0.0561830002315605,-0.0561830002315605
TSLA_2020-11-10,TSLA,2020-11-10,140.02999877929688,140.02999877929688,132.00999450683594,136.7866668701172,90852600.0,0.3196892320601809,1.5940628927323304,0.9568760623962556,-0.0258747425310226,0.0540900390491619,-0.0540900390491619
TSLA_2020-11-11,TSLA,2020-11-11,138.81666564941406,139.56666564941406,136.86000061035156,139.0433349609375,52073100.0,0.2866440740571827,1.5962556722390842,0.9414498731481334,0.0164977197153513,0.0539039454202484,-0.0539039454202484
TSLA_2020-11-12,TSLA,2020-11-12,138.35000610351562,141.0,136.5066680908203,137.25332641601562,59565300.0,0.2472208364265309,1.5761726553265856,0.9116967458765582,-0.01287374576728,0.0539273319043562,-0.0539273319043562
TSLA_2020-11-13,TSLA,2020-11-13,136.9499969482422,137.50999450683594,133.8866729736328,136.1666717529297,59313300.0,0.1126909881361468,1.5103548965255815,0.8115229423308643,-0.0079171462831602,0.0521760502673715,-0.0521760502673715
TSLA_2020-11-16,TSLA,2020-11-16,136.30999755859375,137.48333740234375,134.69667053222656,136.02999877929688,80515800.0,0.0812679764341788,1.5252781708488308,0.8032730736415048,-0.0010037182511209,0.0520802786139837,-0.0520802786139837
TSLA_2020-11-17,TSLA,2020-11-17,153.38999938964844,154.0,144.336669921875,147.20333862304688,183564900.0,0.1754137687310621,1.707403607282818,0.94140868800694,0.0821387925017795,0.0530244565993088,-0.0530244565993088
TSLA_2020-11-18,TSLA,2020-11-18,149.4499969482422,165.3333282470703,147.8333282470703,162.2133331298828,234132000.0,0.2154877889406845,1.9400677214793407,1.077777755210013,0.1019677586611877,0.0538960662109319,-0.0538960662109319
TSLA_2020-11-19,TSLA,2020-11-19,164.0,169.5366668701172,162.52333068847656,166.42333984375,187425900.0,0.2177436741744738,2.055956869750679,1.1368502719625764,0.0259535183245156,0.0539076766914689,-0.0539076766914689
TSLA_2020-11-20,TSLA,2020-11-20,165.99667358398438,167.5,163.02000427246094,163.20333862304688,98735700.0,0.2153957410387568,1.989546768557151,1.1024712547979538,-0.0193482550207578,0.0539207055727599,-0.0539207055727599
TSLA_2020-11-23,TSLA,2020-11-23,167.8333282470703,175.3333282470703,167.26333618164062,173.9499969482422,150780900.0,0.2895756804753608,2.1811199201258944,1.2353478003006275,0.0658482750160953,0.054470536664709,-0.054470536664709
TSLA_2020-11-24,TSLA,2020-11-24,180.13333129882812,186.663330078125,175.39999389648438,185.1266632080078,160945500.0,0.2896798809185548,2.446097514576727,1.3678886977476408,0.0642521785331859,0.0544720302602241,-0.0544720302602241
TSLA_2020-11-25,TSLA,2020-11-25,183.35333251953125,191.3333282470703,181.7899932861328,191.3333282470703,146790600.0,0.2819653483890807,2.4371255786204635,1.359545463504772,0.0335265862383566,0.0544146565538662,-0.0544146565538662
TSLA_2020-11-27,TSLA,2020-11-27,193.72000122070312,199.5933380126953,192.8166656494141,195.2533264160156,112683300.0,0.3232131312450286,2.261106684841802,1.2921599080434154,0.0204877958527087,0.0544041050270452,-0.0544041050270452
TSLA_2020-11-30,TSLA,2020-11-30,200.7366638183593,202.6000061035156,184.836669921875,189.1999969482422,189009300.0,0.1390270611696691,2.219292944779103,1.179160002974386,-0.0310024396453861,0.0523862020052305,-0.0523862020052305
TSLA_2020-12-01,TSLA,2020-12-01,199.19667053222656,199.2833404541016,190.683334350586,194.9199981689453,120310500.0,0.2309440521367796,2.3113618412576784,1.271152946697229,0.0302325650790993,0.0520938354930968,-0.0520938354930968
TSLA_2020-12-02,TSLA,2020-12-02,185.47999572753903,190.51333618164065,180.40333557128903,189.606674194336,143327100.0,0.2714755334291696,2.2903354829014844,1.280905508165327,-0.0272589986893189,0.0516338798916048,-0.0516338798916048
TSLA_2020-12-03,TSLA,2020-12-03,196.67333984375,199.6566619873047,194.1433258056641,197.7933349609375,127656000.0,0.4579360752738906,2.349931225097768,1.403933650185829,0.0431770706457868,0.0503779554272899,-0.0503779554272899
TSLA_2020-12-04,TSLA,2020-12-04,197.0033264160156,199.67999267578125,195.1666717529297,199.67999267578125,88203900.0,0.4320136917645873,2.1531075585256474,1.2925606251451174,0.0095385302806909,0.0503104884262215,-0.0503104884262215
TSLA_2020-12-07,TSLA,2020-12-07,201.63999938964844,216.26333618164065,201.01666259765625,213.9199981689453,168929100.0,0.94349049479469,2.4111855663832014,1.6773380305889458,0.0713141326897253,0.0425856462411992,-0.0425856462411992
TSLA_2020-12-08,TSLA,2020-12-08,208.5033264160156,217.0933380126953,206.1666717529297,216.6266632080078,192795000.0,0.7742710640124921,2.169991506107386,1.4721312850599388,0.012652697560912,0.0407069381364588,-0.0407069381364588
TSLA_2020-12-09,TSLA,2020-12-09,217.89666748046875,218.106674194336,196.0,201.4933319091797,213873600.0,0.6278343342727593,2.106779992391309,1.3673071633320344,-0.0698590426253157,0.041925578940924,-0.041925578940924
TSLA_2020-12-10,TSLA,2020-12-10,191.4566650390625,209.25,188.77999877929688,209.02333068847656,201249600.0,0.682415762093564,2.352311500811584,1.5173636314525738,0.0373709576785941,0.0420762076598691,-0.0420762076598691
TSLA_2020-12-11,TSLA,2020-12-11,205.0033264160156,208.0,198.933334350586,203.3300018310547,139425000.0,0.4536723473854769,2.077959572291923,1.2658159598387,-0.0272377673758681,0.0395752696797362,-0.0395752696797362
TSLA_2020-12-14,TSLA,2020-12-14,206.3333282470703,214.25,203.3999938964844,213.27667236328125,156121800.0,0.4226032215057733,2.2573590509326342,1.3399811362192038,0.0489188533057269,0.0390694811081834,-0.0390694811081834
TSLA_2020-12-15,TSLA,2020-12-15,214.4266662597656,215.63333129882807,207.933334350586,211.0833282470703,135214500.0,0.4334706956006149,2.1924601157598094,1.3129654056802122,-0.0102840319661164,0.0390060607058705,-0.0390060607058705
TSLA_2020-12-16,TSLA,2020-12-16,209.4100036621093,210.8333282470703,201.6666717529297,207.58999633789065,126287400.0,0.4707744425954294,2.101567857507624,1.2861711500515267,-0.0165495396447925,0.0386360811224373,-0.0386360811224373
TSLA_2020-12-17,TSLA,2020-12-17,209.39666748046875,219.606674194336,206.5,218.63333129882807,168810300.0,0.4834332306923943,2.276550943643023,1.3799920871677087,0.0531978185642547,0.0387924259718059,-0.0387924259718059
TSLA_2020-12-18,TSLA,2020-12-18,222.96665954589844,231.6666717529297,209.51333618164065,231.6666717529297,666378600.0,0.5465409550748013,2.4948507228116794,1.5206958389432403,0.0596127789695875,0.0393392303477223,-0.0393392303477223
TSLA_2020-12-21,TSLA,2020-12-21,222.0800018310547,222.8333282470703,215.356674194336,216.6199951171875,174135900.0,0.5318576444901864,2.243526527736256,1.387692086113221,-0.0649496818937741,0.039588700303404,-0.039588700303404
TSLA_2020-12-22,TSLA,2020-12-22,216.0,216.6266632080078,204.7433319091797,213.44667053222656,155148000.0,0.6835103863948533,2.3321540465231507,1.507832216459002,-0.0146492690263622,0.0370751972437099,-0.0370751972437099
TSLA_2020-12-23,TSLA,2020-12-23,210.7333374023437,217.1666717529297,207.52333068847656,215.32666015625,99519000.0,0.665798412116436,2.275826884294523,1.4708126482054795,0.0088077720741002,0.0370505366106988,-0.0370505366106988
TSLA_2020-12-24,TSLA,2020-12-24,214.3300018310547,222.02999877929688,213.6666717529297,220.58999633789065,68596800.0,0.6246133327519607,2.447652467060705,1.5361328999063328,0.0244434951892225,0.036723128651669,-0.036723128651669
TSLA_2020-12-28,TSLA,2020-12-28,224.836669921875,227.13333129882807,220.26666259765625,221.22999572753903,96835800.0,0.5757122887815072,2.287709804094974,1.4317110464382408,0.002901307404113,0.0365817839777187,-0.0365817839777187
TSLA_2020-12-29,TSLA,2020-12-29,220.3333282470703,223.3000030517578,218.3333282470703,221.9966735839844,68732400.0,0.5892094616943124,2.0838295785162546,1.3365195201052835,0.0034655239852265,0.0365488532396411,-0.0365488532396411
TSLA_2020-12-30,TSLA,2020-12-30,224.0,232.1999969482422,222.7866668701172,231.5933380126953,128538000.0,0.6194961601030147,2.1027215684895637,1.361108864296289,0.0432288658824446,0.0367659240069084,-0.0367659240069084
TSLA_2020-12-31,TSLA,2020-12-31,233.3300018310547,239.5733337402344,230.3733367919922,235.22332763671875,148949700.0,0.5745937904262475,1.9192245899987803,1.2469091902125138,0.0156739811912225,0.0364847489977364,-0.0364847489977364
TSLA_2021-01-04,TSLA,2021-01-04,239.82000732421875,248.163330078125,239.06333923339844,243.2566680908203,145914600.0,0.7581007433021911,1.660326044557682,1.2092133939299363,0.0341519718082907,0.0350955553557496,-0.0350955553557496
TSLA_2021-01-05,TSLA,2021-01-05,241.22000122070312,246.94667053222656,239.7333374023437,245.0366668701172,96735600.0,0.7269076292264613,1.6445469338189849,1.185727281522723,0.0073173689061312,0.0350372718939886,-0.0350372718939886
TSLA_2021-01-06,TSLA,2021-01-06,252.8300018310547,258.0,249.6999969482422,251.9933319091797,134100000.0,0.8261268745581787,1.7673732966621034,1.296750085610141,0.0283903022674965,0.0347973063331078,-0.0347973063331078
TSLA_2021-01-07,TSLA,2021-01-07,259.2099914550781,272.3299865722656,258.3999938964844,272.0133361816406,154496700.0,0.9187397883071676,1.9263848653147455,1.4225623268109566,0.079446563608581,0.0358157541224235,-0.0358157541224235
TSLA_2021-01-08,TSLA,2021-01-08,285.3333435058594,294.8299865722656,279.4633178710937,293.3399963378906,225166500.0,1.0661627167638756,1.848606371706225,1.4573845442350506,0.0784029947046744,0.0367832898756897,-0.0367832898756897
TSLA_2021-01-11,TSLA,2021-01-11,283.1333312988281,284.8099975585937,267.8733215332031,270.39666748046875,177904800.0,0.8691013223990403,1.7092768342492568,1.2891890783241484,-0.0782141172150082,0.0384945920342078,-0.0384945920342078
TSLA_2021-01-12,TSLA,2021-01-12,277.0,289.3333435058594,275.7799987792969,283.14666748046875,138812100.0,0.9205064358591132,1.8001054172245796,1.3603059265418462,0.0471529479960064,0.0387546287764461,-0.0387546287764461
TSLA_2021-01-13,TSLA,2021-01-13,284.2533264160156,286.8233337402344,277.3333435058594,284.8033447265625,99937500.0,0.9129296895897993,1.7632747095118075,1.3381021995508031,0.0058509508899942,0.0387600491709653,-0.0387600491709653
TSLA_2021-01-14,TSLA,2021-01-14,281.1300048828125,287.6666564941406,279.5833435058594,281.6666564941406,93798900.0,0.8317797351897125,1.8154653867765156,1.323622560983114,-0.0110135231572978,0.0387571289561277,-0.0387571289561277
TSLA_2021-01-15,TSLA,2021-01-15,284.0,286.6333312988281,273.0333251953125,275.3866577148437,116332800.0,0.8404918736442515,1.7523252817102235,1.2964085776772376,-0.022295854459534,0.0386895990345367,-0.0386895990345367
TSLA_2021-01-19,TSLA,2021-01-19,279.26666259765625,283.3333435058594,277.6666564941406,281.51666259765625,76101000.0,0.920872386107773,1.5701460490404755,1.2455092175741242,0.022259629183488,0.038512159158339,-0.038512159158339
TSLA_2021-01-20,TSLA,2021-01-20,286.2466735839844,286.5,279.09332275390625,283.4833374023437,76997700.0,0.9739804762726942,1.7112716451096963,1.3426260606911953,0.0069859978679067,0.0383083783722167,-0.0383083783722167
TSLA_2021-01-21,TSLA,2021-01-21,285.0,285.239990234375,280.47332763671875,281.663330078125,61563300.0,1.0026306710554582,1.6533130103855171,1.3279718407204877,-0.0064201562634899,0.0381572179064134,-0.0381572179064134
TSLA_2021-01-22,TSLA,2021-01-22,278.10333251953125,282.6666564941406,276.2066650390625,282.2133178710937,60199500.0,1.003217689450293,1.7977554885043618,1.4004865889773277,0.0019526425140827,0.0381559780617479,-0.0381559780617479
TSLA_2021-01-25,TSLA,2021-01-25,285.0,300.1333312988281,279.6066589355469,293.6000061035156,123520200.0,1.0686255284617876,2.107974642089464,1.5883000852756255,0.0403478061146038,0.0383202790783305,-0.0383202790783305
TSLA_2021-01-26,TSLA,2021-01-26,297.1266784667969,298.6333312988281,290.5333251953125,294.36334228515625,69394800.0,1.0994460323069282,1.8679203432930231,1.4836831877999757,0.0025999188207492,0.0382135995008754,-0.0382135995008754
TSLA_2021-01-27,TSLA,2021-01-27,290.1166687011719,297.1666564941406,286.2200012207031,288.0533447265625,82002000.0,1.056153053476811,1.92639977144216,1.4912764124594855,-0.0214360847706407,0.038417632734786,-0.038417632734786
TSLA_2021-01-28,TSLA,2021-01-28,273.3333435058594,282.6666564941406,267.0,278.4766540527344,79134000.0,0.967198776882352,1.7864198293314135,1.3768093031068829,-0.0332462401466606,0.0388423334109042,-0.0388423334109042
TSLA_2021-01-29,TSLA,2021-01-29,276.6666564941406,280.8033447265625,260.0333251953125,264.510009765625,104972400.0,0.954411237792912,1.667345751455275,1.3108784946240934,-0.0501537349140389,0.0389930853013857,-0.0389930853013857
TSLA_2021-02-01,TSLA,2021-02-01,271.42999267578125,280.6666564941406,265.1866760253906,279.9366760253906,76174200.0,1.0441789925878453,1.934838842402744,1.489508917495295,0.0583216728676345,0.0394380990946279,-0.0394380990946279
TSLA_2021-02-02,TSLA,2021-02-02,281.5599975585937,293.5,280.7333374023437,290.92999267578125,73038600.0,1.249226866117808,1.9386867947048607,1.5939568304113343,0.0392707265317158,0.0386148429535418,-0.0386148429535418
TSLA_2021-02-03,TSLA,2021-02-03,292.3399963378906,292.6933288574219,284.35333251953125,284.89666748046875,55030500.0,1.1340042613821444,1.873873638137656,1.5039389497599005,-0.0207380653325632,0.0387813842320824,-0.0387813842320824
TSLA_2021-02-04,TSLA,2021-02-04,285.0,285.5,277.8066711425781,283.3299865722656,47438100.0,1.0051661744726403,1.861880460097148,1.4335233172848942,-0.0054991198109066,0.0384042645024811,-0.0384042645024811
TSLA_2021-02-05,TSLA,2021-02-05,281.6666564941406,288.25665283203125,279.6566772460937,284.07666015625,55699800.0,1.024395505743087,1.860638426926428,1.4425169663347577,0.0026353496607176,0.038348128612227,-0.038348128612227
TSLA_2021-02-08,TSLA,2021-02-08,289.8900146484375,292.5899963378906,284.9166564941406,287.8066711425781,60485100.0,0.9708736119183023,1.971756204952051,1.4713149084351766,0.0131302972383458,0.0381726243698259,-0.0381726243698259
TSLA_2021-02-09,TSLA,2021-02-09,285.0400085449219,286.6000061035156,280.5833435058594,283.1533203125,45473100.0,0.9757180299265332,1.994071309186268,1.4848946695564005,-0.0161683216431521,0.038143124901971,-0.038143124901971
TSLA_2021-02-10,TSLA,2021-02-10,281.2133178710937,281.6066589355469,266.67333984375,268.2733459472656,108648300.0,0.9105066902542932,1.9279172675399845,1.419211978897139,-0.0525509443039983,0.0387899253133726,-0.0387899253133726
TSLA_2021-02-11,TSLA,2021-02-11,270.8133239746094,276.6266784667969,267.24334716796875,270.5533447265625,64868400.0,0.9779219050893356,1.6102422400023553,1.2940820725458455,0.0084987898117356,0.0385026882412938,-0.0385026882412938
TSLA_2021-02-12,TSLA,2021-02-12,267.086669921875,272.4433288574219,261.77667236328125,272.0400085449219,71304900.0,0.9565123968103048,1.5173350811753936,1.2369237389928491,0.0054949009034128,0.0385051014710762,-0.0385051014710762
TSLA_2021-02-16,TSLA,2021-02-16,272.6666564941406,273.6666564941406,264.14666748046875,265.4066772460937,59406900.0,0.9336994168115424,1.4117502040331873,1.1727248104223649,-0.0243836608236719,0.0386493247346468,-0.0386493247346468
TSLA_2021-02-17,TSLA,2021-02-17,259.6966552734375,266.61334228515625,254.0033264160156,266.04998779296875,77989500.0,0.9538554065249418,1.1740373029613904,1.063946354743166,0.0024238672272685,0.0385885209766788,-0.0385885209766788
TSLA_2021-02-18,TSLA,2021-02-18,260.29998779296875,264.89666748046875,258.75665283203125,262.4599914550781,53871300.0,0.9294272867039332,1.0862279379712505,1.007827612337592,-0.0134936910453242,0.038685310767271,-0.038685310767271
TSLA_2021-02-19,TSLA,2021-02-19,265.0,265.5966796875,259.1233215332031,260.4333190917969,56874900.0,0.769207964492608,1.0795514012132674,0.9243796828529376,-0.0077218335337335,0.0376714760317643,-0.0376714760317643
TSLA_2021-02-22,TSLA,2021-02-22,254.2133331298828,256.1666564941406,236.7333374023437,238.1666717529297,111809100.0,0.4682311691495278,0.7846170574433557,0.6264241132964418,-0.0854984585555993,0.0376768478664823,-0.0376768478664823
TSLA_2021-02-23,TSLA,2021-02-23,220.7100067138672,237.8699951171875,206.3333282470703,232.94667053222656,199820700.0,0.399723564921443,0.7045045167760304,0.5521140408487367,-0.0219174294299173,0.0377672321332044,-0.0377672321332044
TSLA_2021-02-24,TSLA,2021-02-24,237.2833404541016,248.3333282470703,231.38999938964844,247.33999633789065,110301000.0,0.5155326994209073,0.841971988281141,0.6787523438510241,0.0617880726639228,0.0382671197269799,-0.0382671197269799
TSLA_2021-02-25,TSLA,2021-02-25,242.0500030517578,245.7366638183593,223.52667236328125,227.4066619873047,117071700.0,0.3073105258804243,0.6858758610048499,0.4965931934426371,-0.0805908249604527,0.0390945579818849,-0.0390945579818849
TSLA_2021-02-26,TSLA,2021-02-26,233.3333282470703,235.5666656494141,219.836669921875,225.1666717529297,123267600.0,0.2162843960512215,0.5686175150624357,0.3924509555568286,-0.0098501522110203,0.0383920675614772,-0.0383920675614772
TSLA_2021-03-01,TSLA,2021-03-01,230.0366668701172,239.6666717529297,228.3500061035156,239.47666931152344,81408600.0,0.2516202561546685,0.6045337977321503,0.4280770269434094,0.0635529114819255,0.0389488732659645,-0.0389488732659645
TSLA_2021-03-02,TSLA,2021-03-02,239.4266662597656,240.3699951171875,228.3333282470703,228.81333923339844,71196600.0,0.1718793396936979,0.5506461305174546,0.3612627351055762,-0.044527636486599,0.0393725416720725,-0.0393725416720725
TSLA_2021-03-03,TSLA,2021-03-03,229.3300018310547,233.5666656494141,217.2366638183593,217.7333374023437,90624000.0,0.1508104699489352,0.3108042675492215,0.2308073687490783,-0.0484237582833958,0.0396772445705853,-0.0396772445705853
TSLA_2021-03-04,TSLA,2021-03-04,218.6000061035156,222.8166656494141,200.0,207.14666748046875,197758500.0,0.0627266028441375,0.3081569908185166,0.1854417968313271,-0.0486221818311273,0.0400466625723824,-0.0400466625723824
TSLA_2021-03-05,TSLA,2021-03-05,208.6866607666016,209.27999877929688,179.8300018310547,199.3166656494141,268189500.0,0.0512112323911442,0.3365893624512648,0.1939002974212045,-0.0377993135312829,0.0401915982126579,-0.0401915982126579
TSLA_2021-03-08,TSLA,2021-03-08,200.183334350586,206.7100067138672,186.26333618164065,187.6666717529297,155361000.0,-0.0511982024571644,0.3832923689224141,0.1660470832326248,-0.0584496728285433,0.0405335371075916,-0.0405335371075916
TSLA_2021-03-09,TSLA,2021-03-09,202.72666931152344,226.02999877929688,198.40333557128903,224.52667236328125,202569900.0,0.1244324949863322,0.6102027282854434,0.3673176116358878,0.1964120760817838,0.0474859831688794,-0.0474859831688794
TSLA_2021-03-10,TSLA,2021-03-10,233.433334350586,239.2833404541016,218.35333251953125,222.6866607666016,181817100.0,0.0409810334363069,1.0231367437450165,0.5320588885906616,-0.0081950691083264,0.0466894529137581,-0.0466894529137581
TSLA_2021-03-11,TSLA,2021-03-11,233.13333129882807,234.1666717529297,225.72666931152344,233.1999969482422,108761700.0,0.0765064350565214,0.9100142179440288,0.4932603265002752,0.0472113423653142,0.0470222606988842,-0.0470222606988842
TSLA_2021-03-12,TSLA,2021-03-12,223.3333282470703,231.6266632080078,222.04666137695312,231.2433319091797,100751400.0,0.1476475658926985,0.8681801114046936,0.5079138386486961,-0.008390501992574,0.0461316093755632,-0.0461316093755632
TSLA_2021-03-15,TSLA,2021-03-15,231.3633270263672,237.72666931152344,228.01333618164065,235.97999572753903,88006800.0,0.128964862201139,0.8993882790169847,0.5141765706090619,0.0204834612062225,0.0459786939122179,-0.0459786939122179
TSLA_2021-03-16,TSLA,2021-03-16,234.4499969482422,235.97332763671875,223.6666717529297,225.6266632080078,96587100.0,0.1096575083665185,0.6130784349810767,0.3613679716737976,-0.0438737719594042,0.0462020202018014,-0.0462020202018014
TSLA_2021-03-17,TSLA,2021-03-17,218.9566650390625,234.57666015625,217.0033264160156,233.9366607666016,121117500.0,0.0968694239946199,0.5604099761459285,0.3286397000702742,0.0368307426101173,0.0460316540978816,-0.0460316540978816
TSLA_2021-03-18,TSLA,2021-03-18,228.0966644287109,229.7433319091797,217.3333282470703,217.72000122070312,99674400.0,0.0314410097128308,0.4785404616640523,0.2549907356884415,-0.0693207276395118,0.0468886640148532,-0.0468886640148532
TSLA_2021-03-19,TSLA,2021-03-19,215.5333404541016,219.07666015625,208.2066650390625,218.2899932861328,128682000.0,0.0515438948745197,0.5465838858486984,0.2990638903616091,0.0026180050626212,0.0468315151162724,-0.0468315151162724
TSLA_2021-03-22,TSLA,2021-03-22,228.19667053222656,233.2066650390625,222.9166717529297,223.3333282470703,118536600.0,0.0214971656897926,0.5153228406423331,0.2684100031660629,0.0231038302993886,0.0464512412130935,-0.0464512412130935
TSLA_2021-03-23,TSLA,2021-03-23,225.2566680908203,225.933334350586,219.1699981689453,220.72000122070312,91475700.0,-0.0472518142096032,0.4734640891980646,0.2131061374942306,-0.0117014645636592,0.0458744021133358,-0.0458744021133358
TSLA_2021-03-24,TSLA,2021-03-24,222.6366729736328,222.67333984375,210.0366668701172,210.08999633789065,101385600.0,-0.030144949342115,0.4856798733976979,0.2277674620277914,-0.0481605872781021,0.0455371254549372,-0.0455371254549372
TSLA_2021-03-25,TSLA,2021-03-25,204.3333282470703,215.1666717529297,203.1666717529297,213.4633331298828,117674700.0,7.806445335822865e-05,0.6836418087128904,0.3418599365831243,0.0160566274015578,0.0455366298091812,-0.0455366298091812
TSLA_2021-03-26,TSLA,2021-03-26,213.9566650390625,214.606674194336,199.9633331298828,206.2366638183593,101558400.0,-0.0422149135239204,0.5954768762006566,0.276630981338368,-0.0338543824157679,0.0457353226633271,-0.0457353226633271
TSLA_2021-03-29,TSLA,2021-03-29,205.2133331298828,205.4933319091797,198.67333984375,203.76333618164065,85911000.0,-0.0762802503993681,0.5006874209274892,0.2122035852640605,-0.0119926670211121,0.0456556009319025,-0.0456556009319025
TSLA_2021-03-30,TSLA,2021-03-30,200.5833282470703,212.55332946777344,197.0033264160156,211.8733367919922,118297200.0,-0.0422938078752678,0.5090694159730837,0.2333878040489079,0.0398010788512122,0.0459326954186143,-0.0459326954186143
TSLA_2021-03-31,TSLA,2021-03-31,215.5399932861328,224.0,213.70333862304688,222.6433258056641,100011900.0,0.0029128914917504,0.5938386564138911,0.2983757739528208,0.0508322055844403,0.0463705368670338,-0.0463705368670338
TSLA_2021-04-01,TSLA,2021-04-01,229.4566650390625,230.80667114257807,219.80667114257807,220.5833282470703,105895200.0,-0.0475402697681288,0.5425048757632684,0.2474823029975698,-0.00925245592312,0.0460714805868481,-0.0460714805868481
TSLA_2021-04-05,TSLA,2021-04-05,235.90333557128903,236.05332946777344,228.2333374023437,230.3500061035156,125528400.0,-0.0207178496374711,0.5419715930361007,0.2606268716993147,0.0442765912277189,0.0463659981148838,-0.0463659981148838
TSLA_2021-04-06,TSLA,2021-04-06,230.1000061035156,232.183334350586,227.1233367919922,230.5399932861328,84815400.0,-0.0522767778761966,0.6661929012606063,0.3069580616922048,0.0008247761127986,0.0461678284609511,-0.0461678284609511
TSLA_2021-04-07,TSLA,2021-04-07,229.0,230.4600067138672,222.6133270263672,223.6566619873047,78928200.0,-0.0872522678173102,0.5762310222654379,0.2444893772240638,-0.0298574282089308,0.0463123057085494,-0.0463123057085494
TSLA_2021-04-08,TSLA,2021-04-08,225.7933349609375,229.8500061035156,223.88333129882807,227.933334350586,71772900.0,-0.0954787072193842,0.651770641356789,0.2781459670687023,0.0191215961343644,0.0462339523786947,-0.0462339523786947
TSLA_2021-04-09,TSLA,2021-04-09,225.92333984375,226.9900054931641,223.1433258056641,225.67333984375,64311300.0,-0.1703592808660913,0.5918646578020024,0.2107526884679555,-0.009915155733035,0.0450962664308029,-0.0450962664308029
TSLA_2021-04-12,TSLA,2021-04-12,228.5666656494141,234.933334350586,227.3633270263672,233.9933319091797,87407100.0,-0.2023135786786848,0.6481499434029021,0.2229181823621086,0.0368674123012944,0.0441966520322398,-0.0441966520322398
TSLA_2021-04-13,TSLA,2021-04-13,237.5666656494141,254.3333282470703,236.8866729736328,254.106674194336,133958400.0,-0.0602448004922597,0.7564976861312911,0.3481264428195156,0.085956903647848,0.0445080826437378,-0.0445080826437378
TSLA_2021-04-14,TSLA,2021-04-14,256.8999938964844,260.2633361816406,242.6766662597656,244.07666015625,147052200.0,-0.1379850508991555,0.6555052575549376,0.258760103327891,-0.0394716670464752,0.0443643847831576,-0.0443643847831576
TSLA_2021-04-15,TSLA,2021-04-15,247.6999969482422,247.89666748046875,240.4366607666016,246.2833404541016,83546700.0,-0.135251235583078,0.6542035854892247,0.2594761749530733,0.0090409312239807,0.0443746330725133,-0.0443746330725133
TSLA_2021-04-16,TSLA,2021-04-16,242.88333129882807,249.80332946777344,241.5333404541016,246.5933380126953,83938500.0,-0.1245206618276981,0.6036853102413238,0.2395823242068128,0.0012587029151958,0.0443585345755604,-0.0443585345755604
TSLA_2021-04-19,TSLA,2021-04-19,239.86666870117188,241.8000030517578,230.6000061035156,238.2100067138672,119058600.0,-0.1349980108312728,0.5920291317511552,0.2285155604599412,-0.0339965846863086,0.0444727545593542,-0.0444727545593542
TSLA_2021-04-20,TSLA,2021-04-20,239.13999938964844,245.75,236.89666748046875,239.663330078125,106827000.0,-0.1486708890810774,0.6352945806538397,0.2433118457863811,0.0061010172675219,0.0443808527852136,-0.0443808527852136
TSLA_2021-04-21,TSLA,2021-04-21,234.92333984375,248.27999877929688,232.6666717529297,248.0399932861328,93646500.0,-0.1250279626343846,0.727177719044267,0.3010748782049411,0.0349517934398941,0.0446075361593693,-0.0446075361593693
TSLA_2021-04-22,TSLA,2021-04-22,247.1666717529297,251.2566680908203,239.3466644287109,239.89666748046875,106770900.0,-0.1482857657973134,0.7056690483888117,0.2786916412957491,-0.0328306967669932,0.0447814346821592,-0.0447814346821592
TSLA_2021-04-23,TSLA,2021-04-23,239.933334350586,245.7866668701172,238.4866638183593,243.13333129882807,85110000.0,-0.1384767624259183,0.725818589380888,0.2936709134774848,0.0134919082134512,0.0448197372325018,-0.0448197372325018
TSLA_2021-04-26,TSLA,2021-04-26,247.0,249.76666259765625,244.20333862304688,246.0666656494141,93115500.0,-0.1618982951837627,0.7337185820302137,0.2859101434232254,0.0120647150060257,0.0445355113909232,-0.0445355113909232
TSLA_2021-04-27,TSLA,2021-04-27,239.32000732421875,241.3333282470703,234.4499969482422,234.913330078125,88311000.0,-0.2019613303257058,0.6754391186751962,0.2367388941747452,-0.0453264790736829,0.0448662885056949,-0.0448662885056949
TSLA_2021-04-28,TSLA,2021-04-28,232.1366729736328,236.1666717529297,231.1999969482422,231.46665954589844,66813000.0,-0.1964451592616622,0.652231739420206,0.2278932900792718,-0.0146720943042283,0.0448286022161861,-0.0448286022161861
TSLA_2021-04-29,TSLA,2021-04-29,233.1699981689453,234.0833282470703,222.8333282470703,225.6666717529297,86536200.0,-0.1896388136357175,0.5941415346487482,0.2022513605065153,-0.0250575517197484,0.0447498433210463,-0.0447498433210463
TSLA_2021-04-30,TSLA,2021-04-30,222.52999877929688,238.4900054931641,222.04666137695312,236.47999572753903,122276100.0,-0.1059695777219266,0.7473031042290093,0.3206667632535413,0.047917239575582,0.0447668689310887,-0.0447668689310887
TSLA_2021-05-03,TSLA,2021-05-03,234.6000061035156,235.3333282470703,226.8333282470703,228.3000030517578,81129300.0,-0.1844584057608418,0.6671129945252876,0.2413272943822229,-0.0345906327113005,0.0443151980853994,-0.0443151980853994
TSLA_2021-05-04,TSLA,2021-05-04,226.31333923339844,227.8166656494141,219.2333374023437,224.5333404541016,89217900.0,-0.2282220942949444,0.7359036001879471,0.2538407529465013,-0.0164987408992819,0.0440275546442526,-0.0440275546442526
TSLA_2021-05-05,TSLA,2021-05-05,227.0200042724609,228.433334350586,222.44667053222656,223.64666748046875,65705700.0,-0.2149902297618101,0.6752141949149153,0.2301119825765525,-0.0039489590803736,0.0439703480485841,-0.0439703480485841
TSLA_2021-05-06,TSLA,2021-05-06,226.9199981689453,227.0066680908203,216.6666717529297,221.17999267578125,83353800.0,-0.2193555106834147,0.5653219242660852,0.1729832067913352,-0.0110293385207849,0.043981108598662,-0.043981108598662
TSLA_2021-05-07,TSLA,2021-05-07,221.933334350586,230.0,220.0733337402344,224.1233367919922,70407600.0,-0.2110462835323459,0.5971543578564247,0.1930540371620394,0.0133074609534211,0.0440237074156831,-0.0440237074156831
TSLA_2021-05-10,TSLA,2021-05-10,221.63333129882807,221.683334350586,209.20333862304688,209.67999267578125,94177200.0,-0.2714554119146642,0.4358693037632775,0.0822069459243066,-0.0644437313978407,0.0446504033623353,-0.0446504033623353
TSLA_2021-05-11,TSLA,2021-05-11,199.7466735839844,209.0333404541016,198.5333404541016,205.7333374023437,139511700.0,-0.2734207136427442,0.4355157962271836,0.0810475412922197,-0.0188222787642886,0.044663256855195,-0.044663256855195
TSLA_2021-05-12,TSLA,2021-05-12,200.8300018310547,206.80332946777344,195.58999633789065,196.6300048828125,101470800.0,-0.2670535189080469,0.4002991557245181,0.0666228184082355,-0.0442482129268539,0.0445300571742394,-0.0445300571742394
TSLA_2021-05-13,TSLA,2021-05-13,200.51333618164065,202.15333557128903,186.5500030517578,190.56333923339844,132554700.0,-0.2956533602421614,0.3931426475530961,0.0487446436554673,-0.0308532039808964,0.0446281506543184,-0.0446281506543184
TSLA_2021-05-14,TSLA,2021-05-14,194.47000122070312,197.6233367919922,190.15333557128903,196.5800018310547,100112700.0,-0.2773856945435528,0.4138038467380072,0.0682090760972272,0.0315730329971135,0.0448437132141262,-0.0448437132141262
TSLA_2021-05-17,TSLA,2021-05-17,191.8500061035156,196.57666015625,187.0666656494141,192.27667236328125,97171200.0,-0.2755394311914916,0.4008889794079711,0.0626747741082397,-0.0218909829468402,0.0448267014592303,-0.0448267014592303
TSLA_2021-05-18,TSLA,2021-05-18,189.3333282470703,198.75,187.7933349609375,192.6233367919922,110491800.0,-0.2759881765456601,0.4146144156442437,0.0693131195492918,0.0018029458511532,0.0448253018194181,-0.0448253018194181
TSLA_2021-05-19,TSLA,2021-05-19,184.183334350586,188.7366638183593,182.32666015625,187.82000732421875,118735200.0,-0.2843861409773555,0.3807249063417919,0.0481693826822182,-0.0249363838658884,0.0448868873148444,-0.0448868873148444
TSLA_2021-05-20,TSLA,2021-05-20,191.6666717529297,196.2833404541016,190.356674194336,195.5933380126953,92463300.0,-0.2489696069044334,0.3287289530406905,0.0398796730681285,0.0413871280233637,0.0452521016507711,-0.0452521016507711
TSLA_2021-05-21,TSLA,2021-05-21,198.70333862304688,198.8933258056641,193.3333282470703,193.6266632080078,78091800.0,-0.1870119283151715,0.1936544269944358,0.0033212493396321,-0.0100549171289251,0.0440304784886027,-0.0440304784886027
TSLA_2021-05-24,TSLA,2021-05-24,193.86666870117188,204.82666015625,191.21665954589844,202.14666748046875,103674300.0,-0.1322191168536012,0.2146533513283552,0.041217117237377,0.0440022264046771,0.0443404075129422,-0.0443404075129422
TSLA_2021-05-25,TSLA,2021-05-25,202.4366607666016,204.663330078125,198.57000732421875,201.56333923339844,84017700.0,-0.1850758380458484,0.2350442149896958,0.0249841884719236,-0.0028856683829658,0.0435983481822505,-0.0435983481822505
TSLA_2021-05-26,TSLA,2021-05-26,202.5200042724609,208.72332763671875,200.5,206.3766632080078,85917900.0,-0.0924774964616951,0.1864137213489805,0.0469681124436426,0.0238799575007826,0.0425482395822784,-0.0425482395822784
TSLA_2021-05-27,TSLA,2021-05-27,206.7466735839844,210.3766632080078,205.40333557128903,210.2833404541016,79111800.0,-0.066099175259646,0.1358890005910591,0.0348949126657065,0.0189298401542437,0.0426026908858284,-0.0426026908858284
TSLA_2021-05-28,TSLA,2021-05-28,209.5,211.8633270263672,207.4600067138672,208.4066619873047,68211000.0,-0.1297412704692385,0.0892334539761281,-0.0202539082465552,-0.0089245228021594,0.0418241079796039,-0.0418241079796039
TSLA_2021-06-01,TSLA,2021-06-01,209.26666259765625,211.26666259765625,206.8500061035156,207.96665954589844,54254700.0,-0.0911077988606057,0.0651119925239851,-0.0129979031683102,-0.0021112685996239,0.0414580678815645,-0.0414580678815645
TSLA_2021-06-02,TSLA,2021-06-02,206.7100067138672,207.7866668701172,199.7133331298828,201.7066650390625,69908400.0,-0.0736068833302542,0.0661028979521689,-0.0037519926890426,-0.0301009523377681,0.0411812420380823,-0.0411812420380823
TSLA_2021-06-03,TSLA,2021-06-03,200.6000061035156,201.51666259765625,190.4066619873047,190.94667053222656,90335700.0,-0.0782054432508292,-0.0203844021857362,-0.0492949227182827,-0.0533447643128309,0.0412746056094145,-0.0412746056094145
TSLA_2021-06-04,TSLA,2021-06-04,193.2366638183593,200.20333862304688,192.3999938964844,199.683334350586,72110700.0,0.0018396289140059,0.0531450709689786,0.0274923499414923,0.0457544705755155,0.0413985477822782,-0.0413985477822782
TSLA_2021-06-07,TSLA,2021-06-07,197.27667236328125,203.3333282470703,194.2933349609375,201.7100067138672,67631100.0,0.0748312677459643,0.0198018388926157,0.04731655331929,0.0101494316983055,0.0407104067885705,-0.0407104067885705
TSLA_2021-06-08,TSLA,2021-06-08,207.6699981689453,207.69667053222656,198.5,201.19667053222656,78160200.0,-0.103907484957097,0.0075955424282687,-0.0481559712644141,-0.0025449217418787,0.0322096184278929,-0.0322096184278929
TSLA_2021-06-09,TSLA,2021-06-09,200.72332763671875,203.92999267578125,199.2100067138672,199.5933380126953,49753800.0,-0.1037032154256892,-0.066972046928195,-0.0853376311769421,-0.007968981371759,0.0322088424913982,-0.0322088424913982
TSLA_2021-06-10,TSLA,2021-06-10,201.2933349609375,205.52999877929688,200.1666717529297,203.3733367919922,71758800.0,-0.1279016318463757,-0.0611804946803321,-0.0945410632633539,0.0189385017402556,0.0317162572817345,-0.0317162572817345
TSLA_2021-06-11,TSLA,2021-06-11,203.4100036621093,204.1866607666016,200.5066680908203,203.29666137695312,48615900.0,-0.1208539519885596,0.008949822064515,-0.0559520649620223,-0.0003770180312155,0.0317049588792465,-0.0317049588792465
TSLA_2021-06-14,TSLA,2021-06-14,204.07666015625,208.4966735839844,203.0599975585937,205.89666748046875,61272000.0,-0.1274825357730927,-0.0149584412309825,-0.0712204885020376,0.0127892218490233,0.0316334608030061,-0.0316334608030061
TSLA_2021-06-15,TSLA,2021-06-15,205.56333923339844,205.5966644287109,199.4100036621093,199.7866668701172,53292300.0,-0.1145254553273628,-0.0174265230365837,-0.0659759891819732,-0.0296750825796204,0.0313774721387785,-0.0313774721387785
TSLA_2021-06-16,TSLA,2021-06-16,199.17999267578125,202.8333282470703,197.8333282470703,201.6233367919922,66432300.0,-0.1381285167904845,-0.0546395226545899,-0.0963840197225372,0.009193155632698,0.0310249261614194,-0.0310249261614194
TSLA_2021-06-17,TSLA,2021-06-17,200.6300048828125,207.1566619873047,200.44667053222656,205.5333404541016,68104200.0,-0.0559740065142103,-0.0262928760838588,-0.0411334412990346,0.0193926145867886,0.0299078819786681,-0.0299078819786681
TSLA_2021-06-18,TSLA,2021-06-18,204.4566650390625,209.4499969482422,203.933334350586,207.7700042724609,73682700.0,-0.0481927222375346,0.0008671320282565,-0.023662795104639,0.0108822433062085,0.0299397758436889,-0.0299397758436889
TSLA_2021-06-21,TSLA,2021-06-21,208.1600036621093,210.4633331298828,202.9600067138672,206.94332885742188,74438100.0,-0.0733880586399376,-0.0534685282063799,-0.0634282934231588,-0.003978800587379,0.0297917351640982,-0.0297917351640982
TSLA_2021-06-22,TSLA,2021-06-22,206.0833282470703,209.52333068847656,205.1666717529297,207.90333557128903,57476700.0,-0.0580675316171206,-0.1025755496111414,-0.080321540614131,0.0046389836249738,0.0297661862425939,-0.0297661862425939
TSLA_2021-06-23,TSLA,2021-06-23,210.6666717529297,219.0666656494141,210.01333618164065,218.856674194336,93297600.0,0.0417282022431271,0.0103253583582554,0.0260267803006912,0.0526847661820755,0.0298739961157778,-0.0298739961157778
TSLA_2021-06-24,TSLA,2021-06-24,224.9966735839844,232.5399932861328,222.5366668701172,226.606674194336,137947200.0,0.0615718909273099,0.0616547619566758,0.0616133264419929,0.0354113029841545,0.0301288666845536,-0.0301288666845536
TSLA_2021-06-25,TSLA,2021-06-25,229.8600006103516,231.2700042724609,222.8999938964844,223.9566650390625,97490100.0,0.0859207130906165,0.0400786640936621,0.0629996885921393,-0.0116943120263124,0.029838682577485,-0.029838682577485
TSLA_2021-06-28,TSLA,2021-06-28,223.8800048828125,231.5666656494141,223.44000244140625,229.5733337402344,64884600.0,0.126666543855495,0.0407241377736071,0.0836953408145511,0.0250792656704021,0.0299288055630333,-0.0299288055630333
TSLA_2021-06-29,TSLA,2021-06-29,228.21665954589844,229.1699981689453,225.29666137695312,226.9199981689453,52143900.0,0.0710172483464743,0.0257198506138107,0.0483685494801425,-0.011557681931349,0.0295893207889884,-0.0295893207889884
TSLA_2021-06-30,TSLA,2021-06-30,226.58999633789065,230.9366607666016,226.04666137695312,226.5666656494141,56774700.0,0.0176216368918891,0.0205858582998128,0.0191037475958509,-0.0015570796861551,0.028909408306877,-0.028909408306877
TSLA_2021-07-01,TSLA,2021-07-01,227.97332763671875,229.3300018310547,224.26666259765625,225.97332763671875,55903500.0,0.0244352074677702,-0.0242667186552165,8.424440627685659e-05,-0.0026188230779432,0.0288846941496827,-0.0288846941496827
TSLA_2021-07-02,TSLA,2021-07-02,226.32666015625,233.3333282470703,224.4199981689453,226.3000030517578,81163500.0,-0.0175819533077753,-0.0379355426802829,-0.0277587479940291,0.0014456370513082,0.0283436766826931,-0.0283436766826931
TSLA_2021-07-06,TSLA,2021-07-06,227.2366638183593,228.0,217.13333129882807,219.8600006103516,69853500.0,-0.0463259867563448,-0.0961809913129844,-0.0712534890346646,-0.0284578097859473,0.0285709874912482,-0.0285709874912482
TSLA_2021-07-07,TSLA,2021-07-07,221.42333984375,221.8999938964844,212.77333068847656,214.88333129882807,56376000.0,-0.0392267800588681,-0.1230564223568713,-0.0811416012078697,-0.0226356285713992,0.0284649915663792,-0.0284649915663792
TSLA_2021-07-08,TSLA,2021-07-08,209.4566650390625,218.1433258056641,206.82000732421875,217.60333251953125,68319900.0,-0.0453202769155567,-0.1364718626842191,-0.0908960697998879,0.0126580372905733,0.0284056742093736,-0.0284056742093736
TSLA_2021-07-09,TSLA,2021-07-09,217.72666931152344,219.6366729736328,214.89666748046875,218.9833374023437,54421500.0,-0.0296446290290127,-0.1949536722121794,-0.112299150620596,0.0063418370795795,0.0283911328731305,-0.0283911328731305
TSLA_2021-07-12,TSLA,2021-07-12,220.7333374023437,229.0800018310547,220.72000122070312,228.5666656494141,77781000.0,-0.0231915423208378,-0.2208131570775157,-0.1220023496991767,0.0437628194032986,0.0285487311504868,-0.0285487311504868
TSLA_2021-07-13,TSLA,2021-07-13,228.77333068847656,231.0933380126953,222.1000061035156,222.8466644287109,62898300.0,-0.1230192393204046,-0.1758527702830969,-0.1494360048017508,-0.025025526817094,0.0265123125816127,-0.0265123125816127
TSLA_2021-07-14,TSLA,2021-07-14,223.5833282470703,226.20333862304688,217.6133270263672,217.7933349609375,64923600.0,-0.1076847133949094,-0.2308108836352074,-0.1692477985150584,-0.0226762625356233,0.0262094445002159,-0.0262094445002159
TSLA_2021-07-15,TSLA,2021-07-15,219.4633331298828,222.04666137695312,212.6266632080078,216.86666870117188,60628800.0,-0.1194423938650934,-0.238538898096917,-0.1789906459810052,-0.0042547962265779,0.0261769668228084,-0.0261769668228084
TSLA_2021-07-16,TSLA,2021-07-16,218.22666931152344,218.8999938964844,214.0666656494141,214.7400054931641,49113000.0,-0.1291735323275088,-0.2376094204191641,-0.1833914763733364,-0.0098063165757306,0.0261940507417788,-0.0261940507417788
TSLA_2021-07-19,TSLA,2021-07-19,209.9633331298828,215.7333374023437,207.0966644287109,215.4066619873047,63891300.0,-0.0957279043023301,-0.2178028384717419,-0.156765371387036,0.0031044820577776,0.0258748915345824,-0.0258748915345824
TSLA_2021-07-20,TSLA,2021-07-20,217.3300018310547,220.79666137695312,213.5,220.1666717529297,46461300.0,-0.0813501937023065,-0.2179266771587442,-0.1496384354305254,0.0220977834283766,0.0260263996138975,-0.0260263996138975
TSLA_2021-07-21,TSLA,2021-07-21,219.8699951171875,221.6199951171875,216.76333618164065,218.42999267578125,41859900.0,-0.1193759128036832,-0.2294785482726034,-0.1744272305381433,-0.0078880198502402,0.0256282020900794,-0.0256282020900794
TSLA_2021-07-22,TSLA,2021-07-22,218.81333923339844,220.72332763671875,214.86666870117188,216.4199981689453,45317100.0,-0.097861589984091,-0.2316358749684708,-0.1647487324762809,-0.0092020078479763,0.0253363891827129,-0.0253363891827129
TSLA_2021-07-23,TSLA,2021-07-23,215.45333862304688,216.26666259765625,212.433334350586,214.4600067138672,43814700.0,-0.1179325123042028,-0.2400783622414805,-0.1790054372728416,-0.0090564248759862,0.025283024191055,-0.025283024191055
TSLA_2021-07-26,TSLA,2021-07-26,216.9900054931641,222.7333374023437,215.70333862304688,219.2066650390625,76009800.0,-0.1091574128477061,-0.2533833089847552,-0.1812703609162307,0.0221330699272443,0.0254028120657795,-0.0254028120657795
TSLA_2021-07-27,TSLA,2021-07-27,221.13333129882807,222.1666717529297,209.0800018310547,214.9266662597656,98439900.0,-0.0850810118425908,-0.2698592678311099,-0.1774701398368504,-0.0195249481968726,0.0248878562756405,-0.0248878562756405
TSLA_2021-07-28,TSLA,2021-07-28,215.6666717529297,218.3233337402344,213.13333129882807,215.6600036621093,48019800.0,-0.0682891260227254,-0.2513192170470136,-0.1598041715348695,0.0034120354402993,0.0248330895663932,-0.0248330895663932
TSLA_2021-07-29,TSLA,2021-07-29,216.5966644287109,227.89666748046875,216.26666259765625,225.7833404541016,91183800.0,0.0005169957099364,-0.1892198603788681,-0.0943514323344658,0.0469411880742305,0.0253509227248265,-0.0253509227248265
TSLA_2021-07-30,TSLA,2021-07-30,223.9199981689453,232.509994506836,223.0,229.0666656494141,88969200.0,-0.0313486561741409,-0.1339962300391439,-0.0826724431066424,0.0145419285085826,0.024680167675694,-0.024680167675694
TSLA_2021-08-02,TSLA,2021-08-02,233.3333282470703,242.31333923339844,232.8000030517578,236.55667114257807,100847400.0,0.036165869384366,-0.1549636349860707,-0.0593988828008523,0.0326979286660042,0.0246240434058487,-0.0246240434058487
TSLA_2021-08-03,TSLA,2021-08-03,239.6666717529297,240.88333129882807,233.6699981689453,236.5800018310547,64860900.0,0.0536519937421748,-0.1868146709277079,-0.0665813385927665,9.862621233192036e-05,0.0245238841219938,-0.0245238841219938
TSLA_2021-08-04,TSLA,2021-08-04,237.0,241.63333129882807,236.3099975585937,236.97332763671875,51007800.0,0.0595880113322673,-0.1682130586769162,-0.0543125236723244,0.0016625488317687,0.0245153436099591,-0.0245153436099591
TSLA_2021-08-05,TSLA,2021-08-05,238.6666717529297,240.3166656494141,237.1366729736328,238.2100067138672,38758800.0,0.0769961777829044,-0.1592488687987504,-0.0411263455079229,0.0052186424923073,0.0244698767869597,-0.0244698767869597
TSLA_2021-08-06,TSLA,2021-08-06,237.3000030517578,238.77667236328125,232.5433349609375,233.0333404541016,46869000.0,0.0397549125835956,-0.1796814975016715,-0.0699632924590379,-0.0217315230840982,0.0245944348552299,-0.0245944348552299
TSLA_2021-08-09,TSLA,2021-08-09,236.72332763671875,239.6766662597656,235.0433349609375,237.9199981689453,44145900.0,0.1346814502079381,-0.1733339702501863,-0.0193262600211241,0.0209697792827467,0.0232508314721874,-0.0232508314721874
TSLA_2021-08-10,TSLA,2021-08-10,237.9966735839844,238.8633270263672,233.9600067138672,236.663330078125,40296900.0,0.1503402076995079,-0.1641866328216341,-0.006923212561063,-0.0052818934956782,0.0231148743996775,-0.0231148743996775
TSLA_2021-08-11,TSLA,2021-08-11,237.57000732421875,238.3933258056641,234.7366638183593,235.94000244140625,29401800.0,0.199918611516191,-0.1205238760924655,0.0396973677118627,-0.0030563570472872,0.0223412019752928,-0.0223412019752928
TSLA_2021-08-12,TSLA,2021-08-12,235.44667053222656,240.933334350586,233.13333129882807,240.75,52377300.0,0.2633594739076956,-0.1101569997468837,0.0766012370804059,0.020386528392057,0.0220139665085409,-0.0220139665085409
TSLA_2021-08-13,TSLA,2021-08-13,241.2366638183593,243.3000030517578,238.1133270263672,239.05667114257807,50194500.0,0.2160782832224652,-0.1212444359885295,0.0474169236169678,-0.0070335570401741,0.0217687328648154,-0.0217687328648154
TSLA_2021-08-16,TSLA,2021-08-16,235.02333068847656,236.5,225.46665954589844,228.72332763671875,68032200.0,0.1895531830537216,-0.1382156243769291,0.0256687793383962,-0.0432254973537061,0.0223263969000276,-0.0223263969000276
TSLA_2021-08-17,TSLA,2021-08-17,224.22000122070312,224.8600006103516,216.27999877929688,221.90333557128903,71163900.0,0.1520064975871298,-0.1659336750506944,-0.0069635887317823,-0.0298176497163503,0.0227060146314642,-0.0227060146314642
TSLA_2021-08-18,TSLA,2021-08-18,223.25,231.92333984375,223.11666870117188,229.663330078125,61048200.0,0.2227841610168581,-0.1249587077829593,0.0489127266169494,0.0349701571040286,0.0227926664551164,-0.0227926664551164
TSLA_2021-08-19,TSLA,2021-08-19,226.07000732421875,228.8500061035156,222.52999877929688,224.4900054931641,42940500.0,0.1477385056877203,-0.1380134989024333,0.0048625033926434,-0.0225256882899028,0.0224974192075502,-0.0224974192075502
TSLA_2021-08-20,TSLA,2021-08-20,227.61666870117188,230.7100067138672,224.5666656494141,226.7533264160156,44525700.0,0.1710852351590686,-0.0479216728894549,0.0615817811348068,0.0100820565168564,0.0224600845730601,-0.0224600845730601
TSLA_2021-08-23,TSLA,2021-08-23,228.47999572753903,237.3766632080078,226.9166717529297,235.433334350586,60794700.0,0.1646659194781599,0.0106748201752702,0.087670369826715,0.0382795175345984,0.022301598070826,-0.022301598070826
TSLA_2021-08-24,TSLA,2021-08-24,236.8933258056641,238.4066619873047,234.2133331298828,236.163330078125,39249300.0,0.171658154584658,-0.0451874602783499,0.063235347153154,0.0031006472789956,0.0222903104961313,-0.0222903104961313
TSLA_2021-08-25,TSLA,2021-08-25,235.6766662597656,238.9900054931641,234.6666717529297,237.0666656494141,37936800.0,0.1487086861680369,0.0424789827074136,0.0955938344377252,0.0038250458739308,0.0221264512616207,-0.0221264512616207
TSLA_2021-08-26,TSLA,2021-08-26,236.10333251953125,238.46665954589844,232.5399932861328,233.72000122070312,39642900.0,0.1114527699435945,0.0379866585102737,0.0747197142269341,-0.0141169759972081,0.0221210176099428,-0.0221210176099428
TSLA_2021-08-27,TSLA,2021-08-27,235.0,238.3333282470703,234.0333404541016,237.30667114257807,41501400.0,0.1386712347853538,-0.0090614178624746,0.0648049084614396,0.0153460119080182,0.0221404661396834,-0.0221404661396834
TSLA_2021-08-30,TSLA,2021-08-30,238.2400054931641,243.6666717529297,237.57666015625,243.6366729736328,55812600.0,0.1715179418932868,0.0647835208816824,0.1181507313874846,0.0266743526449433,0.0223439713463146,-0.0223439713463146
TSLA_2021-08-31,TSLA,2021-08-31,244.3333282470703,246.79666137695312,242.14666748046875,245.2400054931641,62566200.0,0.215824997382565,0.1263319086502199,0.1710784530163924,0.0065808340754383,0.0219482641700993,-0.0219482641700993
TSLA_2021-09-01,TSLA,2021-09-01,244.69332885742188,247.3300018310547,243.7566680908203,244.69667053222656,39612900.0,0.2814922085322691,0.1812725423415189,0.231382375436894,-0.0022155233598405,0.0207298003203433,-0.0207298003203433
TSLA_2021-09-02,TSLA,2021-09-02,244.8333282470703,246.9900054931641,243.51333618164065,244.1300048828125,38331900.0,0.222585779012439,0.2248348831613627,0.2237103310869008,-0.0023157881477566,0.0200473493851678,-0.0200473493851678
TSLA_2021-09-03,TSLA,2021-09-03,244.0833282470703,244.6666717529297,241.3999938964844,244.52333068847656,45738300.0,0.2122518593504465,0.3029662028130431,0.2576090310817448,0.0016111325842673,0.0200297801975269,-0.0200297801975269
TSLA_2021-09-07,TSLA,2021-09-07,246.6666717529297,253.3999938964844,246.4199981689453,250.97332763671875,60119400.0,0.2474029862065696,0.1177884791818726,0.1825957326942211,0.0263778385893962,0.0202251826950044,-0.0202251826950044
TSLA_2021-09-08,TSLA,2021-09-08,253.8600006103516,254.8166656494141,246.92333984375,251.2899932861328,56379000.0,0.2590099238189467,0.1284465464660698,0.1937282351425082,0.0012617502122473,0.0201725398892675,-0.0201725398892675
TSLA_2021-09-09,TSLA,2021-09-09,251.1366729736328,254.0333404541016,250.5433349609375,251.6199951171875,42233100.0,0.2372319748804703,0.0789879863207441,0.1581099806006072,0.0013132310870769,0.0200820885671423,-0.0200820885671423
TSLA_2021-09-10,TSLA,2021-09-10,253.1999969482422,254.20333862304688,244.83999633789065,245.42333984375,45552600.0,0.2072177584298125,0.0613207214127993,0.1342692399213059,-0.0246270383661343,0.0203892502131899,-0.0203892502131899
TSLA_2021-09-13,TSLA,2021-09-13,246.7366638183593,248.259994506836,236.2833404541016,247.6666717529297,68857500.0,0.2028687728829958,0.049524011513603,0.1261963921982994,0.0091406624594381,0.0203667342183779,-0.0203667342183779
TSLA_2021-09-14,TSLA,2021-09-14,247.52333068847656,251.4900054931641,245.46665954589844,248.163330078125,55574700.0,0.2421416001672316,0.0998847678270204,0.171013183997126,0.0020053498586631,0.0199298872795058,-0.0199298872795058
TSLA_2021-09-15,TSLA,2021-09-15,248.3333282470703,252.2866668701172,246.1199951171875,251.94332885742188,46073100.0,0.2495742450554872,0.0769724079663833,0.1632733265109353,0.015231899000174,0.0199714948572545,-0.0199714948572545
TSLA_2021-09-16,TSLA,2021-09-16,250.94332885742188,252.97000122070312,249.20333862304688,252.3300018310547,41770200.0,0.2276840403292304,0.1589656458584498,0.1933248430938401,0.0015347617076681,0.0198722027367471,-0.0198722027367471
TSLA_2021-09-17,TSLA,2021-09-17,252.38333129882807,253.67999267578125,250.0,253.163330078125,84612600.0,0.218478725861396,0.1597569190736127,0.1891178224675044,0.0033025333532406,0.019849438352437,-0.019849438352437
TSLA_2021-09-20,TSLA,2021-09-20,244.85333251953125,247.3333282470703,239.5399932861328,243.38999938964844,74273100.0,0.1761190888996344,0.089805992235918,0.1329625405677762,-0.0386048433059422,0.0205231466865329,-0.0205231466865329
TSLA_2021-09-21,TSLA,2021-09-21,244.92999267578125,248.2466735839844,243.47999572753903,246.4600067138672,48992100.0,0.1854547981956607,0.1166183642207667,0.1510365812082137,0.0126135310896808,0.0205593299847223,-0.0205593299847223
TSLA_2021-09-22,TSLA,2021-09-22,247.8433380126953,251.22332763671875,246.3733367919922,250.64666748046875,45378900.0,0.1452548495638039,0.1930442755463246,0.1691495625550643,0.0169871810945057,0.0196366252718364,-0.0196366252718364
TSLA_2021-09-23,TSLA,2021-09-23,251.6666717529297,252.7333374023437,249.30667114257807,251.2133331298828,35842500.0,0.1085875295731331,0.1768453600273862,0.1427164448002597,0.0022608146164888,0.0191749824432409,-0.0191749824432409
TSLA_2021-09-24,TSLA,2021-09-24,248.6300048828125,258.26666259765625,248.1866607666016,258.1300048828125,64119000.0,0.1525890727020313,0.2516203477290426,0.202104710215537,0.0275330599166629,0.0193650840401043,-0.0193650840401043
TSLA_2021-09-27,TSLA,2021-09-27,257.7066650390625,266.3333435058594,256.4366760253906,263.78668212890625,84212100.0,0.149030150110486,0.2945738280107419,0.221801989060614,0.0219140632204373,0.0193094288458722,-0.0193094288458722
TSLA_2021-09-28,TSLA,2021-09-28,262.3999938964844,265.2133178710937,255.3933258056641,259.1866760253906,76144200.0,0.1421940689089125,0.2233095487604868,0.1827518088346996,-0.0174383561231787,0.0193919813114698,-0.0193919813114698
TSLA_2021-09-29,TSLA,2021-09-29,259.9333190917969,264.5,256.8933410644531,260.4366760253906,62828700.0,0.1494924695956221,0.1697484085047973,0.1596204390502097,0.0048227787753933,0.0193881868571145,-0.0193881868571145
TSLA_2021-09-30,TSLA,2021-09-30,260.3333435058594,263.0433349609375,258.3333435058594,258.49334716796875,53868000.0,0.143910875992985,0.1718625755725125,0.1578867257827487,-0.0074618094773734,0.0194179791689317,-0.0194179791689317
TSLA_2021-10-01,TSLA,2021-10-01,259.4666748046875,260.260009765625,254.52999877929688,258.4066772460937,51094200.0,0.1418765963825137,0.1218001753816748,0.1318383858820943,-0.0003352887910834,0.0194205711485853,-0.0194205711485853
TSLA_2021-10-04,TSLA,2021-10-04,265.5,268.989990234375,258.7066650390625,260.510009765625,91449900.0,0.1848904259184265,0.1299992077396097,0.1574448168290181,0.0081396213981275,0.0190293142018057,-0.0190293142018057
TSLA_2021-10-05,TSLA,2021-10-05,261.6000061035156,265.7699890136719,258.0666809082031,260.1966552734375,55297800.0,0.2108740761822718,0.1633753851168846,0.1871247306495782,-0.001202850103416,0.0187555129446159,-0.0187555129446159
TSLA_2021-10-06,TSLA,2021-10-06,258.7333374023437,262.2200012207031,257.739990234375,260.9166564941406,43898400.0,0.1990471537044209,0.1447060046637265,0.1718765791840737,0.0027671424905384,0.0187165446101208,-0.0187165446101208
TSLA_2021-10-07,TSLA,2021-10-07,261.82000732421875,268.3333435058594,261.1266784667969,264.53668212890625,57587400.0,0.2080219676388721,0.1722106045493197,0.1901162860940959,0.0138742603994963,0.0187618676410517,-0.0187618676410517
TSLA_2021-10-08,TSLA,2021-10-08,265.4033203125,265.4599914550781,260.3033447265625,261.8299865722656,50215800.0,0.1455300615614365,0.1189634526589424,0.1322467571101895,-0.0102318345223733,0.0180995412468078,-0.0180995412468078
TSLA_2021-10-11,TSLA,2021-10-11,262.54998779296875,267.0799865722656,261.8333435058594,263.9800109863281,42600900.0,0.1845813876688105,0.0388550864446841,0.1117182370567473,0.0082115285655759,0.0177710301681445,-0.0177710301681445
TSLA_2021-10-12,TSLA,2021-10-12,266.9766540527344,270.7733459472656,265.5233459472656,268.5733337402344,66060000.0,0.2331568079822303,0.1003646705436824,0.1667607392629564,0.0174002673033608,0.0175586634503065,-0.0175586634503065
TSLA_2021-10-13,TSLA,2021-10-13,270.1566772460937,271.8033447265625,268.59332275390625,270.3599853515625,42360300.0,0.2466645380351229,0.097759941265487,0.1722122396503049,0.00665237902232,0.0175348875402534,-0.0175348875402534
TSLA_2021-10-14,TSLA,2021-10-14,271.8299865722656,273.4166564941406,271.1166687011719,272.7733459472656,36741600.0,0.2702493199663671,0.1061667283696954,0.1882080241680312,0.0089264710995042,0.0174615822641803,-0.0174615822641803
TSLA_2021-10-15,TSLA,2021-10-15,274.5799865722656,281.07000732421875,274.1166687011719,281.010009765625,56773800.0,0.3045557977319511,0.1796734051696169,0.242114601450784,0.0301959995019152,0.017771165328201,-0.017771165328201
TSLA_2021-10-18,TSLA,2021-10-18,283.92999267578125,291.7533264160156,283.8233337402344,290.03668212890625,72621600.0,0.3173505318479104,0.2101838109082463,0.2637671713780783,0.0321222449364344,0.0179760239838424,-0.0179760239838424
TSLA_2021-10-19,TSLA,2021-10-19,292.510009765625,292.6499938964844,287.5033264160156,288.0899963378906,52143300.0,0.3189122647891433,0.1614659092719661,0.2401890870305547,-0.0067118606402704,0.0179635114735011,-0.0179635114735011
TSLA_2021-10-20,TSLA,2021-10-20,288.45001220703125,289.8299865722656,285.7933349609375,288.6000061035156,42096300.0,0.3335181986196303,0.2030179874299924,0.2682680930248113,0.0017703140411262,0.0178809123222291,-0.0178809123222291
TSLA_2021-10-21,TSLA,2021-10-21,285.3333435058594,300.0,285.1666564941406,298.0,94444500.0,0.3895364668042371,0.2256649403357078,0.3076007035699725,0.0325710107334951,0.0181304041491072,-0.0181304041491072
TSLA_2021-10-22,TSLA,2021-10-22,298.5,303.3333435058594,296.9866638183594,303.2266540527344,68642400.0,0.3832912151585335,0.2322947248968681,0.3077929700277008,0.0175391075595112,0.0180711474862548,-0.0180711474862548
TSLA_2021-10-25,TSLA,2021-10-25,316.84332275390625,348.3399963378906,314.7333374023437,341.6199951171875,188556300.0,0.5894723584662,0.4542384419120666,0.5218554001891333,0.1266159836258198,0.0234184925055951,-0.0234184925055951
TSLA_2021-10-26,TSLA,2021-10-26,341.5633239746094,364.9800109863281,333.8133239746094,339.4766540527344,187245000.0,0.5741289450435971,0.466633055139495,0.5203810000915461,-0.0062740503925067,0.0234784409723985,-0.0234784409723985
TSLA_2021-10-27,TSLA,2021-10-27,346.5533447265625,356.9599914550781,343.59332275390625,345.9533386230469,115579500.0,0.5322358944962728,0.5330280538803382,0.5326319741883055,0.0190784388057105,0.0229804523253581,-0.0229804523253581
TSLA_2021-10-28,TSLA,2021-10-28,356.10333251953125,360.3333435058594,351.3999938964844,359.0133361816406,81639600.0,0.5672875630499181,0.5181552041098592,0.5427213835798886,0.0377507487297992,0.0232865183443684,-0.0232865183443684
TSLA_2021-10-29,TSLA,2021-10-29,360.6199951171875,371.7366638183594,357.7366638183594,371.3333435058594,89755200.0,0.5697436969851861,0.6265148424972842,0.5981292697412351,0.0343162943617936,0.023315732018538,-0.023315732018538
TSLA_2021-11-01,TSLA,2021-11-01,381.6666564941406,403.25,372.88665771484375,402.86334228515625,168146100.0,0.7028630449197772,0.794225042349594,0.7485440436346856,0.0849102277797451,0.0252528890562104,-0.0252528890562104
TSLA_2021-11-02,TSLA,2021-11-02,386.4533386230469,402.86334228515625,382.0,390.6666564941406,128213400.0,0.6485680493672878,0.7468029409749997,0.6976854951711438,-0.0302749952920325,0.0257145849258976,-0.0257145849258976
TSLA_2021-11-03,TSLA,2021-11-03,392.4433288574219,405.1300048828125,384.2066650390625,404.6199951171875,103885500.0,0.6985852135221526,0.8293697826019168,0.7639774980620347,0.0357167380197345,0.0259420726478243,-0.0259420726478243
TSLA_2021-11-04,TSLA,2021-11-04,411.4700012207031,414.4966735839844,405.6666564941406,409.9700012207031,76192200.0,0.7592761637532768,0.8292160338536916,0.7942460988034842,0.0132222978796836,0.0256514729859646,-0.0256514729859646
TSLA_2021-11-05,TSLA,2021-11-05,409.3333435058594,413.2900085449219,402.6666564941406,407.36334228515625,64886400.0,0.7121862198228937,0.9427859429346884,0.8274860813787911,-0.006358169933862,0.0256823363950101,-0.0256823363950101
TSLA_2021-11-08,TSLA,2021-11-08,383.2633361816406,399.0,377.6666564941406,387.6466674804688,100337100.0,0.6379667578940205,0.8842190204806972,0.7610928891873588,-0.0484007095338629,0.026623312382161,-0.026623312382161
TSLA_2021-11-09,TSLA,2021-11-09,391.2000122070313,391.5,337.17333984375,341.1666564941406,177317400.0,0.4459890351949391,0.7350691553787483,0.5905290952868437,-0.1199030325435985,0.031111924004181,-0.031111924004181
TSLA_2021-11-10,TSLA,2021-11-10,336.8033447265625,359.3666687011719,329.10333251953125,355.9833374023437,128408100.0,0.4786431460118119,0.8680578270427026,0.6733504865272573,0.0434294519296247,0.031413625566478,-0.031413625566478
TSLA_2021-11-11,TSLA,2021-11-11,367.5899963378906,368.3233337402344,351.5599975585937,354.5033264160156,67189800.0,0.4829258883329088,0.803353968430033,0.6431399283814709,-0.0041575288246014,0.0313954112729862,-0.0313954112729862
TSLA_2021-11-12,TSLA,2021-11-12,349.1666564941406,351.5,339.7333374023437,344.47332763671875,76719300.0,0.5060699369670143,0.7915502874206295,0.6488101121938219,-0.0282931020159921,0.0310666122595549,-0.0310666122595549
TSLA_2021-11-15,TSLA,2021-11-15,339.2099914550781,343.99334716796875,326.20001220703125,337.7966613769531,104326800.0,0.522269417479901,0.753664260015021,0.637966838747461,-0.0193822444993675,0.0308945090610274,-0.0308945090610274
TSLA_2021-11-16,TSLA,2021-11-16,334.4366760253906,352.3999938964844,334.0599975585937,351.57666015625,79627200.0,0.530834983698327,0.8718807711968148,0.7013578774475709,0.0407937684260282,0.0309876295356456,-0.0309876295356456
TSLA_2021-11-17,TSLA,2021-11-17,354.5033264160156,373.21331787109375,351.8333435058594,363.0033264160156,94336200.0,0.6170133080916576,0.8559084379062762,0.7364608729989669,0.0325012082846662,0.0309101296864124,-0.0309101296864124
TSLA_2021-11-18,TSLA,2021-11-18,368.8500061035156,370.6666564941406,358.3399963378906,365.4599914550781,62696700.0,0.6117072998725617,0.8874466222788464,0.749576961075704,0.0067676102677005,0.0309095690193875,-0.0309095690193875
TSLA_2021-11-19,TSLA,2021-11-19,366.2900085449219,379.5733337402344,364.23333740234375,379.0199890136719,64926900.0,0.6098824325754553,0.8749752035872296,0.7424288180813424,0.0371039180092043,0.0308913893603492,-0.0308913893603492
TSLA_2021-11-22,TSLA,2021-11-22,387.4433288574219,400.6499938964844,377.4766540527344,385.6233215332031,99217500.0,0.6328670560566512,0.913162001581419,0.7730145288190351,0.0174221220804611,0.0309070286462387,-0.0309070286462387
TSLA_2021-11-23,TSLA,2021-11-23,389.1700134277344,393.5,354.2333374023437,369.6766662597656,108515100.0,0.5593785201604926,0.7912716511322171,0.6753250856463549,-0.0413529327272921,0.0315299678966173,-0.0315299678966173
TSLA_2021-11-24,TSLA,2021-11-24,360.1300048828125,377.5899963378906,354.0,372.0,67680600.0,0.5916481176496242,0.7690417091371828,0.6803449133934035,0.0062847724844008,0.0314082117410055,-0.0314082117410055
TSLA_2021-11-26,TSLA,2021-11-26,366.489990234375,369.5933227539063,360.3333435058594,360.6400146484375,35042700.0,0.5197213500658755,0.7304629862091754,0.6250921681375254,-0.030537595031082,0.0317625119247539,-0.0317625119247539
TSLA_2021-11-29,TSLA,2021-11-29,366.9966735839844,380.8900146484375,366.7300109863281,378.9966735839844,58393500.0,0.555581386653563,0.8223915045398873,0.6889864455967252,0.0509002279002275,0.0321468798059582,-0.0321468798059582
TSLA_2021-11-30,TSLA,2021-11-30,381.4566650390625,389.3333435058594,372.6666564941406,381.586669921875,81276000.0,0.555972359218168,0.8917900895737727,0.7238812243959704,0.0068338234037736,0.0321467731005436,-0.0321467731005436
TSLA_2021-12-01,TSLA,2021-12-01,386.8999938964844,390.9466552734375,363.586669921875,365.0,68450400.0,0.4916426905446165,0.9115284858470364,0.7015855881958265,-0.0434676345619486,0.0327631165292862,-0.0327631165292862
TSLA_2021-12-02,TSLA,2021-12-02,366.3533325195313,371.0,352.2166748046875,361.5333251953125,73114800.0,0.4809049193639922,0.8105332944839798,0.645719106923986,-0.0094977391909246,0.0328081468906598,-0.0328081468906598
TSLA_2021-12-03,TSLA,2021-12-03,361.5966796875,363.5266723632813,333.4033203125,338.3233337402344,92322000.0,0.3836034900541221,0.6772759034218765,0.5304396967379993,-0.0641987607713322,0.0340013989072229,-0.0340013989072229
TSLA_2021-12-06,TSLA,2021-12-06,333.836669921875,340.5466613769531,316.8333435058594,336.336669921875,81663000.0,0.3401291407695672,0.6716810920984027,0.505905116433985,-0.005872086315763,0.0339283136993041,-0.0339283136993041
TSLA_2021-12-07,TSLA,2021-12-07,348.0666809082031,352.5566711425781,342.2699890136719,350.5833435058594,56084700.0,0.3951345173807443,0.7564882024447139,0.5758113599127291,0.042358371411876,0.034244492508607,-0.034244492508607
TSLA_2021-12-08,TSLA,2021-12-08,350.9033203125,357.4599914550781,344.3333435058594,356.32000732421875,41906400.0,0.4161037049470932,0.7520487835072431,0.5840762442271682,0.0163631955842291,0.03426463032353,-0.03426463032353
TSLA_2021-12-09,TSLA,2021-12-09,353.5466613769531,354.163330078125,334.1199951171875,334.6000061035156,59438400.0,0.3633585392348599,0.6458706396712515,0.5046145894530557,-0.0609564458190524,0.0350862175342907,-0.0350862175342907
TSLA_2021-12-10,TSLA,2021-12-10,336.25,340.32666015625,327.510009765625,339.010009765625,59664300.0,0.3688156237017579,0.6465055695852062,0.5076605966434821,0.0131799270223116,0.0350965938575301,-0.0350965938575301
TSLA_2021-12-13,TSLA,2021-12-13,333.6966552734375,335.0,317.1400146484375,322.1366577148437,78595500.0,0.2980832325768312,0.612403183663238,0.4552432081200346,-0.0497724302077295,0.0357817698982848,-0.0357817698982848
TSLA_2021-12-14,TSLA,2021-12-14,315.0,322.1366577148437,310.0,319.5033264160156,70806300.0,0.2681555326945246,0.5846544923796997,0.4264050125371121,-0.0081745781976763,0.0357930264193213,-0.0357930264193213
TSLA_2021-12-15,TSLA,2021-12-15,317.7366638183594,326.25,309.4166564941406,325.3299865722656,75169200.0,0.2893036270418903,0.582857486057919,0.4360805565499046,0.0182366181335567,0.0358332175776401,-0.0358332175776401
TSLA_2021-12-16,TSLA,2021-12-16,331.5,331.6600036621094,307.2833251953125,308.97332763671875,82771500.0,0.2204505587020484,0.487093041744101,0.3537718002230747,-0.0502771327902586,0.0364960228212042,-0.0364960228212042
TSLA_2021-12-17,TSLA,2021-12-17,304.92333984375,320.2200012207031,303.0133361816406,310.8566589355469,100437300.0,0.2771956929828065,0.5021342347774755,0.389664963880141,0.0060954494461815,0.0360900941756545,-0.0360900941756545
TSLA_2021-12-20,TSLA,2021-12-20,303.5666809082031,307.2300109863281,297.7966613769531,299.9800109863281,56480100.0,0.2171549249959896,0.4428821459839756,0.3300185354899826,-0.0349892712173617,0.0364150662072667,-0.0364150662072667
TSLA_2021-12-21,TSLA,2021-12-21,305.6233215332031,313.1666564941406,295.3733215332031,312.84332275390625,71517900.0,0.2481447525261195,0.4294438307881525,0.338794291657136,0.0428805630257957,0.0367114721047845,-0.0367114721047845
TSLA_2021-12-22,TSLA,2021-12-22,321.8866577148437,338.5533447265625,319.01666259765625,336.2900085449219,93634200.0,0.3386630572313316,0.4840251715468997,0.4113441143891156,0.0749470552371662,0.0377766016357621,-0.0377766016357621
TSLA_2021-12-23,TSLA,2021-12-23,335.6000061035156,357.6600036621094,332.5199890136719,355.6666564941406,92713200.0,0.3778586362155318,0.5881048078301456,0.4829817220228387,0.0576188630553096,0.0382488506788303,-0.0382488506788303
TSLA_2021-12-27,TSLA,2021-12-27,357.8900146484375,372.3333435058594,356.9066772460937,364.6466674804688,71145900.0,0.3823543498768247,0.5883668261448511,0.4853605880108379,0.0252483914990668,0.038273777209251,-0.038273777209251
TSLA_2021-12-28,TSLA,2021-12-28,369.8299865722656,373.0,359.47332763671875,362.8233337402344,60324000.0,0.3998533385438811,0.5989041806271609,0.499378759585521,-0.0050002753427935,0.0381835591295986,-0.0381835591295986
TSLA_2021-12-29,TSLA,2021-12-29,366.21331787109375,368.0,354.7133178710937,362.0633239746094,56154000.0,0.3902163454862668,0.5980432202452095,0.4941297828657381,-0.002094710276184,0.0381971505989523,-0.0381971505989523
TSLA_2021-12-30,TSLA,2021-12-30,353.77667236328125,365.1833190917969,351.04998779296875,356.7799987792969,47040900.0,0.3802289408534045,0.5788588968024877,0.4795439188279461,-0.0145922683836461,0.0382480965074304,-0.0382480965074304
TSLA_2021-12-31,TSLA,2021-12-31,357.8133239746094,360.6666564941406,351.5299987792969,352.260009765625,40733700.0,0.3632001058167318,0.5566062970182923,0.459903201417512,-0.0126688408238599,0.0383117681302965,-0.0383117681302965
TSLA_2022-01-03,TSLA,2022-01-03,382.5833435058594,400.3566589355469,378.6799926757813,399.9266662597656,103931400.0,0.5351681366085344,0.8190060272424835,0.6770870819255089,0.1353166841897706,0.0416500356771538,-0.0416500356771538
TSLA_2022-01-04,TSLA,2022-01-04,396.51666259765625,402.6666564941406,374.3500061035156,383.1966552734375,100248300.0,0.472719374008635,0.7832777114784397,0.6279985427435374,-0.041832696836128,0.0421017693014522,-0.0421017693014522
TSLA_2022-01-05,TSLA,2022-01-05,382.2166748046875,390.11334228515625,360.336669921875,362.7066650390625,80119800.0,0.3901246088028411,0.6668249554795183,0.5284747821411797,-0.0534712136768363,0.0427842018688095,-0.0427842018688095
TSLA_2022-01-06,TSLA,2022-01-06,359.0,362.6666564941406,340.1666564941406,354.8999938964844,90336600.0,0.3415908562864069,0.6206712259774245,0.4811310411319157,-0.0215233738308541,0.0429131433478607,-0.0429131433478607
TSLA_2022-01-07,TSLA,2022-01-07,360.1233215332031,360.30999755859375,336.6666564941406,342.32000732421875,84164700.0,0.3074133020655283,0.4976812404013657,0.402547271233447,-0.0354465674517168,0.0431796697983236,-0.0431796697983236
TSLA_2022-01-10,TSLA,2022-01-10,333.3333435058594,353.0333251953125,326.6666564941406,352.7066650390625,91815000.0,0.3361112597928093,0.5827325302052886,0.4594218949990489,0.0303419534138018,0.0432946655687859,-0.0432946655687859
TSLA_2022-01-11,TSLA,2022-01-11,351.22332763671875,358.6166687011719,346.2733459472656,354.79998779296875,66063300.0,0.321054413153814,0.6290672432955957,0.4750608282247048,0.0059350246575986,0.0432680219885013,-0.0432680219885013
TSLA_2022-01-12,TSLA,2022-01-12,359.6166687011719,371.61334228515625,357.5299987792969,368.739990234375,83739000.0,0.3638852278930409,0.7003073475642061,0.5320962877286235,0.0392897489318417,0.0434788520410974,-0.0434788520410974
TSLA_2022-01-13,TSLA,2022-01-13,369.6900024414063,371.8666687011719,342.17999267578125,343.85333251953125,97209900.0,0.2605825958743317,0.6012541851708078,0.4309183905225697,-0.0674910733143576,0.044447060087716,-0.044447060087716
TSLA_2022-01-14,TSLA,2022-01-14,339.9599914550781,350.6666564941406,337.7933349609375,349.8699951171875,72924300.0,0.2450445996887968,0.6242301509588761,0.4346373753238365,0.017497758575059,0.0443580286572594,-0.0443580286572594
TSLA_2022-01-18,TSLA,2022-01-18,342.2033386230469,356.92999267578125,338.6866760253906,343.5033264160156,66743400.0,0.1843444211768572,0.5601967531284386,0.3722705871526479,-0.0181972412325309,0.0443046135343846,-0.0443046135343846
TSLA_2022-01-19,TSLA,2022-01-19,347.2366638183594,351.5566711425781,331.6666564941406,331.8833312988281,75442500.0,0.1520126888042785,0.5194036644566815,0.33570817663048,-0.0338278969185718,0.0445379566945039,-0.0445379566945039
TSLA_2022-01-20,TSLA,2022-01-20,336.57666015625,347.2200012207031,331.3333435058594,332.0899963378906,70488600.0,0.1506929636681155,0.5344700080749891,0.3425814858715523,0.0006227038828787,0.044538791820279,-0.044538791820279
TSLA_2022-01-21,TSLA,2022-01-21,332.11334228515625,334.8500061035156,313.5,314.6333312988281,103416000.0,0.0558165479826446,0.4670955956772504,0.2614560718299475,-0.052566067125072,0.0449230992745091,-0.0449230992745091
TSLA_2022-01-24,TSLA,2022-01-24,301.586669921875,311.1700134277344,283.8233337402344,310.0,151565700.0,0.0223375678118575,0.4141905764806839,0.2182640721462707,-0.0147261298721956,0.044925218427689,-0.044925218427689
TSLA_2022-01-25,TSLA,2022-01-25,304.7333374023437,317.086669921875,301.07000732421875,306.1333312988281,86595900.0,-0.103877595941614,0.4243617910530839,0.1602420975557349,-0.0124731248424899,0.0419909495918673,-0.0419909495918673
TSLA_2022-01-26,TSLA,2022-01-26,317.4766540527344,329.2300109863281,302.0,312.4700012207031,104867400.0,-0.0795537852444958,0.448901029002454,0.184673621878979,0.0206990525827113,0.0420724376202163,-0.0420724376202163
TSLA_2022-01-27,TSLA,2022-01-27,311.1199951171875,311.7966613769531,276.3333435058594,276.3666687011719,147109500.0,-0.2011446693905073,0.2240348120695519,0.0114450713395222,-0.1155417556197044,0.0444180429378682,-0.0444180429378682
TSLA_2022-01-28,TSLA,2022-01-28,277.1866760253906,285.8333435058594,264.0033264160156,282.1166687011719,134789100.0,-0.2141888886310433,0.231591981755,0.0087015465619783,0.0208056927668702,0.0442207322729995,-0.0442207322729995
TSLA_2022-01-31,TSLA,2022-01-31,290.9033203125,312.663330078125,287.3500061035156,312.239990234375,104436000.0,-0.1591382899083823,0.3199373694525016,0.0803995397720596,0.1067761138393095,0.0461052174465277,-0.0461052174465277
TSLA_2022-02-01,TSLA,2022-02-01,311.7366638183594,314.5666809082031,301.6666564941406,310.4166564941406,73138200.0,-0.2294740575467392,0.3121001525556408,0.0413130475044508,-0.0058395266373975,0.04475337106864,-0.04475337106864
TSLA_2022-02-02,TSLA,2022-02-02,309.3933410644531,310.5,296.4700012207031,301.8866577148437,66792900.0,-0.2272525625197001,0.273926735660468,0.0233370865703839,-0.0274791915989145,0.0447274108220469,-0.0447274108220469
TSLA_2022-02-03,TSLA,2022-02-03,294.0,312.3333435058594,293.50665283203125,297.0466613769531,78855600.0,-0.265862624285482,0.2469948910826374,-0.0094338666014223,-0.0160324950248789,0.044477571095814,-0.044477571095814
TSLA_2022-02-04,TSLA,2022-02-04,299.0733337402344,312.1666564941406,293.72332763671875,307.7733459472656,73625400.0,-0.2492783739521004,0.3207266623201708,0.0357241441840351,0.0361111096842132,0.0447127133334146,-0.0447127133334146
TSLA_2022-02-07,TSLA,2022-02-07,307.92999267578125,315.92333984375,300.9033203125,302.4466552734375,60994500.0,-0.2575506338473543,0.2712115736428018,0.0068304698977237,-0.0173071864213375,0.0447450475307156,-0.0447450475307156
TSLA_2022-02-08,TSLA,2022-02-08,301.84332275390625,308.7633361816406,298.26666259765625,307.3333435058594,50729100.0,-0.2071817732798023,0.2986099004201685,0.045714063570183,0.0161571905234128,0.0444437404510595,-0.0444437404510595
TSLA_2022-02-09,TSLA,2022-02-09,311.6666564941406,315.42333984375,306.6666564941406,310.6666564941406,52259400.0,-0.08939912332999,0.3167188831037335,0.1136598798868717,0.010845920427172,0.0418604046523367,-0.0418604046523367
TSLA_2022-02-10,TSLA,2022-02-10,302.7900085449219,314.60333251953125,298.8999938964844,301.51666259765625,66126900.0,-0.1530034388748018,0.2524056598033488,0.0497011104642735,-0.0294527710174682,0.0416295932931541,-0.0416295932931541
TSLA_2022-02-11,TSLA,2022-02-11,303.2099914550781,305.32000732421875,283.5666809082031,286.6666564941406,79645800.0,-0.1913569348070588,0.1991577357954885,0.0039004004942148,-0.0492510296962641,0.0420564900256085,-0.0420564900256085
TSLA_2022-02-14,TSLA,2022-02-14,287.19000244140625,299.6266784667969,284.3833312988281,291.9200134277344,67756500.0,-0.1525613450815763,0.2763018815964015,0.0618702682574126,0.018325664372135,0.0420054817625567,-0.0420054817625567
TSLA_2022-02-15,TSLA,2022-02-15,300.0,307.6666564941406,297.7933349609375,307.4766540527344,57286200.0,-0.0897581616130425,0.3856333130871479,0.1479375757370526,0.0532907642827684,0.0425086552120482,-0.0425086552120482
TSLA_2022-02-16,TSLA,2022-02-16,304.6833190917969,308.8099975585937,300.4033203125,307.7966613769531,51294300.0,-0.1245247587249958,0.3402081267055101,0.1078416839902571,0.0010407532409399,0.0421779207179992,-0.0421779207179992
TSLA_2022-02-17,TSLA,2022-02-17,304.4200134277344,306.1666564941406,291.3666687011719,292.1166687011719,55178400.0,-0.1952782593336485,0.301245763968174,0.0529837523172627,-0.0509426990066609,0.0424108091372794,-0.0424108091372794
TSLA_2022-02-18,TSLA,2022-02-18,295.3333435058594,295.6233215332031,279.2033386230469,285.6600036621094,68501700.0,-0.2183549216297118,0.259783078718854,0.020714078544571,-0.0221030352967207,0.0424642920918946,-0.0424642920918946
TSLA_2022-02-22,TSLA,2022-02-22,278.0433349609375,285.57666015625,267.0333251953125,273.84332275390625,83288100.0,-0.2774963572065634,0.1631459220049256,-0.0571752176008188,-0.0413662422345285,0.0424191347131075,-0.0424191347131075
TSLA_2022-02-23,TSLA,2022-02-23,276.8099975585937,278.4333190917969,253.5200042724609,254.67999267578125,95256900.0,-0.3395627845764181,0.0784061716589563,-0.1305783064587308,-0.0699791759952694,0.0431217235539021,-0.0431217235539021
TSLA_2022-02-24,TSLA,2022-02-24,233.4633331298828,267.49334716796875,233.3333282470703,266.92333984375,135322200.0,-0.2779545905767625,0.125942102035085,-0.0760062442708387,0.0480734550026278,0.043398660997765,-0.043398660997765
TSLA_2022-02-25,TSLA,2022-02-25,269.74334716796875,273.1666564941406,260.79998779296875,269.9566650390625,76067700.0,-0.2743100402175739,0.15504305848493,-0.0596334908663219,0.0113640313248295,0.043423232191905,-0.043423232191905
TSLA_2022-02-28,TSLA,2022-02-28,271.6700134277344,292.28668212890625,271.57000732421875,290.1433410644531,99006900.0,-0.1954765714301187,0.2226514310258469,0.013587429797864,0.0747774685335871,0.0444072281939129,-0.0444072281939129
TSLA_2022-03-01,TSLA,2022-03-01,289.8933410644531,296.6266784667969,284.59332275390625,288.1233215332031,74766900.0,-0.2397734818921676,0.1825942212089919,-0.0285896303415878,-0.0069621433455585,0.0438805520814097,-0.0438805520814097
TSLA_2022-03-02,TSLA,2022-03-02,290.7099914550781,295.49334716796875,281.42333984375,293.2966613769531,74643300.0,-0.231376029364438,0.1959576529414513,-0.0177091882114933,0.0179552971145164,0.0439447198542416,-0.0439447198542416
TSLA_2022-03-03,TSLA,2022-03-03,292.92333984375,295.4800109863281,277.5333251953125,279.7633361816406,61623600.0,-0.2335251063516695,0.1433066725964944,-0.0451092168775875,-0.0461421044882577,0.0439854946499565,-0.0439854946499565
TSLA_2022-03-04,TSLA,2022-03-04,283.0333251953125,285.2166748046875,275.0533447265625,279.42999267578125,66999600.0,-0.2270975503438757,0.144595039884235,-0.0412512552298203,-0.0011915196265851,0.0439789688744479,-0.0439789688744479
TSLA_2022-03-07,TSLA,2022-03-07,285.4333190917969,288.7133178710937,268.19000244140625,268.1933288574219,72494100.0,-0.2072869290672647,0.0968005715540532,-0.0552431787566057,-0.0402128050420025,0.0435434883789481,-0.0435434883789481
TSLA_2022-03-08,TSLA,2022-03-08,265.1766662597656,283.3299865722656,260.72332763671875,274.79998779296875,80399100.0,-0.1829615609359518,0.0949370213186113,-0.0440122698086702,0.0246339421032322,0.0436776860229791,-0.0436776860229791
TSLA_2022-03-09,TSLA,2022-03-09,279.82666015625,286.85333251953125,277.336669921875,286.3233337402344,59184000.0,-0.1832945316883002,0.1394139893752579,-0.0219402711565211,0.0419335751788576,0.0436707173589775,-0.0436707173589775
TSLA_2022-03-10,TSLA,2022-03-10,283.8166809082031,284.8166809082031,270.1199951171875,279.4333190917969,58648500.0,-0.215779879467902,0.1105370181795601,-0.0526214306441709,-0.0240637553301487,0.0436893968132145,-0.0436893968132145
TSLA_2022-03-11,TSLA,2022-03-11,280.0666809082031,281.26666259765625,264.5899963378906,265.1166687011719,67037100.0,-0.2076608969960616,0.0802422820501087,-0.0637093074729764,-0.0512345859010529,0.0434978487891377,-0.0434978487891377
TSLA_2022-03-14,TSLA,2022-03-14,260.2033386230469,266.8999938964844,252.01333618164065,255.4566650390625,71152200.0,-0.2464627660532125,0.0314535388673695,-0.1075046135929214,-0.0364368023686874,0.0436533856118698,-0.0436533856118698
TSLA_2022-03-15,TSLA,2022-03-15,258.42333984375,268.5233459472656,252.19000244140625,267.2966613769531,66841200.0,-0.1702382980158535,0.077099752380034,-0.0465692728179097,0.0463483555462533,0.0436916593484313,-0.0436916593484313
TSLA_2022-03-16,TSLA,2022-03-16,269.6666564941406,280.6666564941406,267.4200134277344,280.07666015625,84028800.0,-0.1233998615977768,0.1116653154755653,-0.0058672730611057,0.0478120404252786,0.0441317690977742,-0.0441317690977742
TSLA_2022-03-17,TSLA,2022-03-17,276.9966735839844,291.6666564941406,275.239990234375,290.5333251953125,66582900.0,-0.1069580512499843,0.1514022236239529,0.0222220861869842,0.0373350104690226,0.0443321482596653,-0.0443321482596653
TSLA_2022-03-18,TSLA,2022-03-18,291.4966735839844,302.6166687011719,289.1300048828125,301.7966613769531,100414200.0,-0.0232274621070325,0.19210258959629,0.0844375637446287,0.0387677942765043,0.044149513434066,-0.044149513434066
TSLA_2022-03-21,TSLA,2022-03-21,304.99334716796875,314.2833251953125,302.36334228515625,307.0533447265625,81981600.0,-0.0122349452702988,0.2615692735797004,0.1246671641547007,0.017417963888751,0.0441953582251176,-0.0441953582251176
TSLA_2022-03-22,TSLA,2022-03-22,310.0,332.6199951171875,307.25,331.32666015625,105868500.0,0.1044957931258643,0.3443424942404975,0.2244191436831809,0.0790524377817913,0.045035119120159,-0.045035119120159
TSLA_2022-03-23,TSLA,2022-03-23,326.64666748046875,346.8999938964844,325.4666748046875,333.03668212890625,120676200.0,0.0645478356298012,0.3287097948543744,0.1966288152420878,0.0051611360578402,0.0447403017208761,-0.0447403017208761
TSLA_2022-03-24,TSLA,2022-03-24,336.57666015625,341.4966735839844,329.6000061035156,337.97332763671875,68920800.0,0.005005557848954,0.3453638126045608,0.1751846852267574,0.0148231284201352,0.0437896601399637,-0.0437896601399637
TSLA_2022-03-25,TSLA,2022-03-25,336.0,340.6000061035156,332.44000244140625,336.8800048828125,62031600.0,-0.0528209526203861,0.3050788304744016,0.1261289389270077,-0.0032349379803172,0.0431879577893628,-0.0431879577893628
TSLA_2022-03-28,TSLA,2022-03-28,355.0333251953125,365.9599914550781,351.20001220703125,363.9466552734375,102506100.0,-0.0019196999985439,0.379700644233379,0.1888904721174175,0.0803450783611821,0.0442512380788874,-0.0442512380788874
TSLA_2022-03-29,TSLA,2022-03-29,369.3299865722656,371.5899963378906,357.7033386230469,366.5233459472656,73614900.0,0.0101978342155917,0.4141288108164942,0.2121633225160429,0.0070798580959405,0.0442513285989113,-0.0442513285989113
TSLA_2022-03-30,TSLA,2022-03-30,363.7233276367188,371.3166809082031,361.3333435058594,364.663330078125,59865000.0,0.0071810811296035,0.4001996018509046,0.2036903414902541,-0.0050747541451513,0.0442564075227479,-0.0442564075227479
TSLA_2022-03-31,TSLA,2022-03-31,364.8566589355469,367.71331787109375,358.8800048828125,359.20001220703125,48992700.0,0.006782929076782,0.3895909358689351,0.1981869324728585,-0.0149818131423394,0.0442586579024227,-0.0442586579024227
TSLA_2022-04-01,TSLA,2022-04-01,360.3833312988281,364.9166564941406,355.5466613769531,361.5299987792969,54263100.0,0.0263157575560155,0.3990737493017398,0.2126947534288776,0.0064865993682725,0.0442285971656463,-0.0442285971656463
TSLA_2022-04-04,TSLA,2022-04-04,363.1266784667969,383.3033447265625,357.510009765625,381.8166809082031,82035900.0,-0.0452832653569529,0.4656507105109513,0.2101837225769992,0.0561134129875917,0.0413945091868332,-0.0413945091868332
TSLA_2022-04-05,TSLA,2022-04-05,378.76666259765625,384.2900085449219,362.4333190917969,363.7533264160156,80075100.0,-0.0507398188106514,0.397993859812501,0.1736270205009247,-0.0473089715442011,0.0414896432114164,-0.0414896432114164
TSLA_2022-04-06,TSLA,2022-04-06,357.8233337402344,359.6666564941406,342.5666809082031,348.586669921875,89348400.0,-0.0389295165438077,0.3360077298464967,0.1485391066513445,-0.0416948942943683,0.0412707025527113,-0.0412707025527113
TSLA_2022-04-07,TSLA,2022-04-07,350.7966613769531,358.86334228515625,340.5133361816406,352.4200134277344,79447200.0,-0.0069878289980285,0.3322160487973589,0.1626141098996651,0.0109968161052127,0.0411978160662218,-0.0411978160662218
TSLA_2022-04-08,TSLA,2022-04-08,347.7366638183594,349.4800109863281,340.8133239746094,341.8299865722656,55013700.0,-0.0014314697986349,0.3055417794092878,0.1520551548053264,-0.0300494479654184,0.041126937352128,-0.041126937352128
TSLA_2022-04-11,TSLA,2022-04-11,326.79998779296875,336.1566772460937,324.8800048828125,325.3099975585937,59357100.0,-0.0776755026090437,0.2323281461468003,0.0773263217688782,-0.0483280860738046,0.0414091660752985,-0.0414091660752985
TSLA_2022-04-12,TSLA,2022-04-12,332.5466613769531,340.39666748046875,325.5333251953125,328.9833374023437,65976000.0,-0.0727639551264287,0.2249292691155191,0.0760826569945452,0.0112918135664994,0.0414279596097287,-0.0414279596097287
TSLA_2022-04-13,TSLA,2022-04-13,327.02667236328125,342.0799865722656,324.3666687011719,340.7900085449219,55121100.0,-0.0757986180768942,0.2605046124032582,0.0923529971631819,0.0358883560359128,0.0413776478900635,-0.0413776478900635
TSLA_2022-04-14,TSLA,2022-04-14,333.0966796875,337.57000732421875,327.39666748046875,328.3333435058594,58422300.0,-0.0451354910535594,0.2036855813959732,0.0792750451712069,-0.0365523188084326,0.0407474208933294,-0.0407474208933294
TSLA_2022-04-18,TSLA,2022-04-18,329.6766662597656,338.3066711425781,324.4700012207031,334.7633361816406,51715200.0,-0.0431779207887974,0.191286162584914,0.0740541208980583,0.019583733431163,0.0407626441511863,-0.0407626441511863
TSLA_2022-04-19,TSLA,2022-04-19,335.0199890136719,344.9800109863281,331.77667236328125,342.7166748046875,49847700.0,-0.0022900844062727,0.1816321724862641,0.0896710440399957,0.0237580934452494,0.0408013158989024,-0.0408013158989024
TSLA_2022-04-20,TSLA,2022-04-20,343.3333435058594,344.6666564941406,325.0833435058594,325.7333374023437,70711200.0,-0.0185305898684829,0.1306652141447581,0.0560673121381375,-0.0495550367137009,0.0410637602641766,-0.0410637602641766
TSLA_2022-04-21,TSLA,2022-04-21,358.24334716796875,364.0733337402344,332.1400146484375,336.260009765625,105416400.0,0.0125568775745099,0.1651420743387461,0.088849475956628,0.0323168406624552,0.0412585588301733,-0.0412585588301733
TSLA_2022-04-22,TSLA,2022-04-22,338.3033447265625,344.95001220703125,331.3333435058594,335.01666259765625,69696600.0,0.0647843990803018,0.1242169885827391,0.0945006938315204,-0.0036975766723952,0.040690006565157,-0.040690006565157
TSLA_2022-04-25,TSLA,2022-04-25,326.3233337402344,336.2066650390625,325.1000061035156,332.67333984375,68341200.0,0.0731398059475807,0.0971111391345382,0.0851254725410595,-0.0069946453878937,0.0406509632873595,-0.0406509632873595
TSLA_2022-04-26,TSLA,2022-04-26,331.8099975585937,333.3333435058594,291.6666564941406,292.1400146484375,136133700.0,-0.0457098761216929,-0.1448392400209965,-0.0952745580713447,-0.1218412188194887,0.0435108575690067,-0.0435108575690067
TSLA_2022-04-27,TSLA,2022-04-27,299.52667236328125,306.0,292.4533386230469,293.836669921875,76956300.0,-0.0596323846322357,-0.1344421879560815,-0.0970372862941586,0.0058076784704732,0.0434380813166444,-0.0434380813166444
TSLA_2022-04-28,TSLA,2022-04-28,299.99334716796875,300.0,273.8999938964844,292.5033264160156,124948500.0,0.0583885813389888,-0.1545006399411301,-0.0480560293010706,-0.004537702888526,0.0408516645602667,-0.0408516645602667
TSLA_2022-04-29,TSLA,2022-04-29,300.75,311.4666748046875,290.0,290.2533264160156,88133100.0,0.0288414638961387,-0.191524945833311,-0.0813417409685861,-0.0076922202135913,0.0407947073448757,-0.0407947073448757
TSLA_2022-05-02,TSLA,2022-05-02,286.92333984375,302.1199951171875,282.6766662597656,300.9800109863281,75781500.0,-0.0360619382533122,-0.1894613929772808,-0.1127616656152965,0.0369562847143329,0.0387809742388993,-0.0387809742388993
TSLA_2022-05-03,TSLA,2022-05-03,301.0599975585937,308.02667236328125,296.1966552734375,303.0833435058594,63709500.0,-0.0236240963068928,-0.2476770366182143,-0.1356505664625536,0.0069882797619633,0.0387826222318878,-0.0387826222318878
TSLA_2022-05-04,TSLA,2022-05-04,301.3133239746094,318.5,295.09332275390625,317.5400085449219,81643800.0,0.0518517477670843,-0.1871842573038109,-0.0676662547683633,0.0476986457646855,0.0390675207872071,-0.0390675207872071
TSLA_2022-05-05,TSLA,2022-05-05,313.00665283203125,315.20001220703125,285.8999938964844,291.09332275390625,92519100.0,-0.0200417624471869,-0.2805760311731535,-0.1503088968101702,-0.0832861531754801,0.0404503819001059,-0.0404503819001059
TSLA_2022-05-06,TSLA,2022-05-06,295.6666564941406,296.0,281.03668212890625,288.54998779296875,72903000.0,-0.0624594637821256,-0.2961680441646976,-0.1793137539734116,-0.0087371806981902,0.0402073448783038,-0.0402073448783038
TSLA_2022-05-09,TSLA,2022-05-09,278.8166809082031,281.8766784667969,260.3833312988281,262.3699951171875,90810300.0,-0.1325081942798054,-0.3559312587004275,-0.2442197264901164,-0.0907294880724968,0.0417453294047949,-0.0417453294047949
TSLA_2022-05-10,TSLA,2022-05-10,273.10333251953125,275.1199951171875,258.0833435058594,266.67999267578125,84401700.0,-0.1322777098193481,-0.3120539526133868,-0.2221658312163675,0.0164271739863726,0.0417471730185339,-0.0417471730185339
TSLA_2022-05-11,TSLA,2022-05-11,265.0,269.92333984375,242.3999938964844,244.6666717529297,97224600.0,-0.2124463097714374,-0.2828529192531693,-0.2476496145123033,-0.0825458284364604,0.042946932900942,-0.042946932900942
TSLA_2022-05-12,TSLA,2022-05-12,233.6666717529297,253.22000122070312,226.6666717529297,242.6666717529297,140313000.0,-0.1951798959888859,-0.3183201395781621,-0.256750017783524,-0.0081743867510473,0.0428179194861416,-0.0428179194861416
TSLA_2022-05-13,TSLA,2022-05-13,257.82666015625,262.45001220703125,250.52333068847656,256.5299987792969,92150700.0,-0.1051278794799761,-0.2763678655069809,-0.1907478724934785,0.057129093691457,0.0430425108342661,-0.0430425108342661
TSLA_2022-05-16,TSLA,2022-05-16,255.72000122070312,256.586669921875,239.69667053222656,241.4566650390625,86098500.0,-0.1728670391458591,-0.2990555562150737,-0.2359612976804664,-0.0587585616183726,0.0435812754328044,-0.0435812754328044
TSLA_2022-05-17,TSLA,2022-05-17,249.1199951171875,254.82666015625,242.9499969482422,253.8699951171875,80236200.0,-0.1743438346585916,-0.2484532141841106,-0.2113985244213511,0.0514101777895292,0.0435433798140402,-0.0435433798140402
TSLA_2022-05-18,TSLA,2022-05-18,248.17333984375,253.5,233.60333251953125,236.60333251953125,87811800.0,-0.2312998735559144,-0.327022071333238,-0.2791609724445762,-0.068013798124059,0.044325434519296,-0.044325434519296
TSLA_2022-05-19,TSLA,2022-05-19,235.6666717529297,244.6666717529297,231.3699951171875,236.47332763671875,90296700.0,-0.1904832795466898,-0.348564295618296,-0.2695237875824929,-0.0005494634476534,0.0439023903699088,-0.0439023903699088
TSLA_2022-05-20,TSLA,2022-05-20,237.9966735839844,240.52667236328125,211.0,221.3000030517578,144973200.0,-0.2253028067817266,-0.3944617516936605,-0.3098822792376935,-0.0641650571614186,0.044522532926781,-0.044522532926781
TSLA_2022-05-23,TSLA,2022-05-23,218.33999633789065,226.65333557128903,212.6866607666016,224.96665954589844,88903500.0,-0.1784840423220091,-0.4064517279647129,-0.292467885143361,0.0165687141598596,0.0443162635171095,-0.0443162635171095
TSLA_2022-05-24,TSLA,2022-05-24,217.8433380126953,217.97332763671875,206.856674194336,209.3866729736328,89092500.0,-0.1778440435240973,-0.4570176094611433,-0.3174308264926203,-0.0692546469050758,0.0442984634815814,-0.0442984634815814
TSLA_2022-05-25,TSLA,2022-05-25,207.9499969482422,223.106674194336,207.6699981689453,219.6000061035156,92139300.0,-0.1772918537881934,-0.4059673597326634,-0.2916296067604284,0.0487773791179579,0.0443114154217657,-0.0443114154217657
TSLA_2022-05-26,TSLA,2022-05-26,220.47332763671875,239.55667114257807,217.8866729736328,235.9100036621093,106003200.0,-0.1261189879198822,-0.3658333234889535,-0.2459761557044178,0.0742713893682929,0.0453173360581676,-0.0453173360581676
TSLA_2022-05-27,TSLA,2022-05-27,241.0833282470703,253.26666259765625,240.1766662597656,253.2100067138672,89295000.0,-0.1272934068212218,-0.2978870995202688,-0.2125902531707453,0.0733330625374262,0.045278671195179,-0.045278671195179
TSLA_2022-05-31,TSLA,2022-05-31,257.9466552734375,259.6000061035156,244.7433319091797,252.7533264160156,101914500.0,-0.1227599172776838,-0.3330988263673867,-0.2279293718225353,-0.0018035633890554,0.0452726281983523,-0.0452726281983523
TSLA_2022-06-01,TSLA,2022-06-01,251.72000122070312,257.32666015625,243.63999938964844,246.7899932861328,77247900.0,-0.1585652829203147,-0.3532531067276016,-0.2559091948239581,-0.0235934902002734,0.045293876234959,-0.045293876234959
TSLA_2022-06-02,TSLA,2022-06-02,244.1566619873047,264.2099914550781,242.0666656494141,258.3333435058594,93473100.0,-0.0766004329526135,-0.29223741505244,-0.1844189240025268,0.0467739800387407,0.0453365905406822,-0.0453365905406822
TSLA_2022-06-03,TSLA,2022-06-03,243.22666931152344,247.79666137695312,233.4166717529297,234.51666259765625,112393800.0,-0.1607319588281895,-0.3513276750602108,-0.2560298169442002,-0.0921935998852696,0.0467937538780734,-0.0467937538780734
TSLA_2022-06-06,TSLA,2022-06-06,244.35333251953125,244.86666870117188,234.3500061035156,238.27999877929688,84204600.0,-0.1115364435258852,-0.2957033257355848,-0.203619884630735,0.0160472016783606,0.0465829423640582,-0.0465829423640582
TSLA_2022-06-07,TSLA,2022-06-07,234.0,239.9966735839844,230.0933380126953,238.8866729736328,72808500.0,-0.1306889243619349,-0.2897394356995866,-0.2102141800307607,0.0025460558898939,0.0464714958348606,-0.0464714958348606
TSLA_2022-06-08,TSLA,2022-06-08,240.086669921875,249.9633331298828,239.1766662597656,241.86666870117188,76210500.0,-0.1552673491829193,-0.3101022248162526,-0.2326847869995859,0.0124745164326014,0.0461783755119586,-0.0461783755119586
TSLA_2022-06-09,TSLA,2022-06-09,249.33999633789065,255.54666137695312,239.32666015625,239.7066650390625,96491400.0,-0.1421686368034147,-0.32727138495776,-0.2347200108805873,-0.0089305553084624,0.0460989724985369,-0.0460989724985369
TSLA_2022-06-10,TSLA,2022-06-10,235.1566619873047,239.5,227.913330078125,232.22999572753903,97536600.0,-0.1240460403140524,-0.3059474253096883,-0.2149967328118703,-0.0311909112343833,0.0458175705081884,-0.0458175705081884
TSLA_2022-06-13,TSLA,2022-06-13,223.1666717529297,226.63333129882807,214.683334350586,215.7366638183593,102767400.0,-0.1554862591454778,-0.3636274516864293,-0.2595568554159536,-0.0710215399070598,0.0464512099972413,-0.0464512099972413
TSLA_2022-06-14,TSLA,2022-06-14,218.2866668701172,226.3300018310547,211.7366638183593,220.88999938964844,97988700.0,-0.1736148208819564,-0.3142972272805384,-0.2439560240812474,0.0238871570556409,0.0461625695703801,-0.0461625695703801
TSLA_2022-06-15,TSLA,2022-06-15,220.9166717529297,235.663330078125,218.1499938964844,233.0,119131800.0,-0.1680849097885798,-0.270743116781771,-0.2194140132851754,0.0548236708036273,0.046292759516762,-0.046292759516762
TSLA_2022-06-16,TSLA,2022-06-16,222.7366638183593,225.1666717529297,208.69332885742188,213.1000061035156,107390700.0,-0.2665212985110812,-0.344972751055705,-0.3057470247833931,-0.0854076991265425,0.0471914502742221,-0.0471914502742221
TSLA_2022-06-17,TSLA,2022-06-17,213.433334350586,220.97000122070312,213.19667053222656,216.759994506836,92641800.0,-0.2817680834577019,-0.2984507880832494,-0.2901094357704756,0.0171749802838696,0.0469551814561832,-0.0469551814561832
TSLA_2022-06-21,TSLA,2022-06-21,224.60333251953125,243.57666015625,224.3333282470703,237.0366668701172,122793000.0,-0.2280277321805325,-0.2374727706274921,-0.2327502514040123,0.0935443480214783,0.0484737408237173,-0.0484737408237173
TSLA_2022-06-22,TSLA,2022-06-22,234.5033264160156,246.8333282470703,233.82666015625,236.086669921875,101107500.0,-0.2874504278933089,-0.2129919952145249,-0.2502212115539169,-0.0040078058841535,0.0473239954182556,-0.0473239954182556
TSLA_2022-06-23,TSLA,2022-06-23,237.9066619873047,239.3166656494141,228.6366729736328,235.07000732421875,104202600.0,-0.2941618147840189,-0.2486014876234605,-0.2713816512037397,-0.0043063108899484,0.047308674603103,-0.047308674603103
TSLA_2022-06-24,TSLA,2022-06-24,237.47000122070312,246.0666656494141,236.086669921875,245.7066650390625,95770800.0,-0.2729998347586528,-0.269360793375338,-0.2711803140669954,0.0452488934505932,0.0476620078516056,-0.0476620078516056
TSLA_2022-06-27,TSLA,2022-06-27,249.36666870117188,252.07000732421875,242.5666656494141,244.9199981689453,89178300.0,-0.2729755562247054,-0.3113776799232227,-0.292176618073964,-0.0032016505127857,0.0476620156644624,-0.0476620156644624
TSLA_2022-06-28,TSLA,2022-06-28,244.4833374023437,249.97000122070312,232.3433380126953,232.663330078125,90391200.0,-0.3607213400455014,-0.3619485632880851,-0.3613349516667932,-0.0500435578248114,0.0467668389407447,-0.0467668389407447
TSLA_2022-06-29,TSLA,2022-06-29,230.5,231.17333984375,222.27333068847656,228.4900054931641,82897200.0,-0.3766017689742508,-0.370244457163957,-0.3734231130691039,-0.0179371823809088,0.0467603576163157,-0.0467603576163157
TSLA_2022-06-30,TSLA,2022-06-30,224.509994506836,229.4566650390625,218.8633270263672,224.47332763671875,94600500.0,-0.3844367965689671,-0.3800163872647302,-0.3822265919168486,-0.0175792277993774,0.046781269141571,-0.046781269141571
TSLA_2022-07-01,TSLA,2022-07-01,227.0,230.22999572753903,222.1199951171875,227.26333618164065,74460300.0,-0.3673069920424907,-0.363015480242139,-0.3651612361423149,0.01242913166698,0.0468292816022012,-0.0468292816022012
TSLA_2022-07-05,TSLA,2022-07-05,223.0,233.14666748046875,216.1666717529297,233.0666656494141,84581100.0,-0.355332430403115,-0.3383675149373776,-0.3468499726702463,0.0255357048139746,0.046973411542773,-0.046973411542773
TSLA_2022-07-06,TSLA,2022-07-06,230.77999877929688,234.56333923339844,227.1866607666016,231.7333374023437,71853600.0,-0.3930769686354868,-0.4205604253160122,-0.4068186969757495,-0.0057208020003857,0.0462992129289364,-0.0462992129289364
TSLA_2022-07-07,TSLA,2022-07-07,233.9199981689453,245.3633270263672,232.2100067138672,244.5433349609375,81930600.0,-0.3277220654712051,-0.3618333260595952,-0.3447776957654001,0.0552790448805933,0.0466549316126459,-0.0466549316126459
TSLA_2022-07-08,TSLA,2022-07-08,242.3333282470703,254.97999572753903,241.1600036621093,250.76333618164065,101854200.0,-0.2806284410191544,-0.3086332280256439,-0.2946308345223992,0.0254351696876005,0.0465743287594643,-0.0465743287594643
TSLA_2022-07-11,TSLA,2022-07-11,252.10333251953125,253.06333923339844,233.6266632080078,234.3433380126953,99241200.0,-0.3350453178484182,-0.3396919074587318,-0.337368612653575,-0.0654800594814686,0.0471666678485186,-0.0471666678485186
TSLA_2022-07-12,TSLA,2022-07-12,236.8466644287109,239.77333068847656,228.3699951171875,233.07000732421875,87930900.0,-0.3181698023004021,-0.3191458216362064,-0.3186578119683043,-0.0054336116369887,0.0470605201778437,-0.0470605201778437
TSLA_2022-07-13,TSLA,2022-07-13,225.5,242.0599975585937,225.0333404541016,237.0399932861328,97954500.0,-0.2713411974268083,-0.3279401361471848,-0.2996406667869966,0.0170334484796728,0.0468085941427006,-0.0468085941427006
TSLA_2022-07-14,TSLA,2022-07-14,234.89666748046875,238.65333557128903,229.3333282470703,238.31333923339844,78557400.0,-0.2756066580297854,-0.3283163826587899,-0.3019615203442877,0.0053718612189148,0.0467835145150505,-0.0467835145150505
TSLA_2022-07-15,TSLA,2022-07-15,240.0,243.6233367919922,236.88999938964844,240.0666656494141,69683100.0,-0.2955583801460856,-0.3489540814468612,-0.3222562307964734,0.00735723154086,0.0465284920531162,-0.0465284920531162
TSLA_2022-07-18,TSLA,2022-07-18,244.9366607666016,250.51666259765625,239.60333251953125,240.54666137695312,82537500.0,-0.2673705971849905,-0.3004381850413219,-0.2839043911131562,0.0019994268102179,0.0463527868176595,-0.0463527868176595
TSLA_2022-07-19,TSLA,2022-07-19,245.0,247.13999938964844,236.97666931152344,245.52999877929688,80890200.0,-0.2665564826188918,-0.2982250487154303,-0.2823907656671611,0.0207167182193168,0.0463622431041558,-0.0463622431041558
TSLA_2022-07-20,TSLA,2022-07-20,246.7833404541016,250.663330078125,243.4833374023437,247.5,88864200.0,-0.2778291276867429,-0.279482959940092,-0.2786560438134174,0.0080234644666532,0.0462534838460786,-0.0462534838460786
TSLA_2022-07-21,TSLA,2022-07-21,255.106674194336,273.26666259765625,254.86666870117188,271.7066650390625,142032300.0,-0.165861660934471,-0.1813187363892719,-0.1735901986618715,0.0978047072285352,0.0476224215238452,-0.0476224215238452
TSLA_2022-07-22,TSLA,2022-07-22,276.2200012207031,280.78668212890625,270.7133178710937,272.24334716796875,103472700.0,-0.1903784593424481,-0.180212140774725,-0.1852953000585865,0.0019752262198982,0.0474254586878337,-0.0474254586878337
TSLA_2022-07-25,TSLA,2022-07-25,272.2166748046875,274.14666748046875,267.3999938964844,268.4333190917969,64073400.0,-0.1987463638064586,-0.1468376284747531,-0.1727919961406058,-0.0139949354715402,0.047448365792205,-0.047448365792205
TSLA_2022-07-26,TSLA,2022-07-26,266.5133361816406,267.3099975585937,256.2633361816406,258.8599853515625,66820800.0,-0.2218793803160065,-0.164967789188508,-0.1934235847522573,-0.0356637312112531,0.0476304149550258,-0.0476304149550258
TSLA_2022-07-27,TSLA,2022-07-27,263.8099975585937,275.9266662597656,261.7900085449219,274.82000732421875,88110000.0,-0.0592866654883335,-0.1022865554748864,-0.0807866104816099,0.0616550369922206,0.0458118015719324,-0.0458118015719324
TSLA_2022-07-28,TSLA,2022-07-28,280.0666809082031,283.29998779296875,272.79998779296875,280.8999938964844,84723000.0,-0.0440267582287473,-0.1010337222801759,-0.0725302402544616,0.0221235223427265,0.0458907979615173,-0.0458907979615173
TSLA_2022-07-29,TSLA,2022-07-29,280.70001220703125,298.32000732421875,279.1000061035156,297.1499938964844,95313000.0,0.0158858620084887,0.0752019962935002,0.0455439291509944,0.0578497698579101,0.0464537142065921,-0.0464537142065921
TSLA_2022-08-01,TSLA,2022-08-01,301.27667236328125,311.8766784667969,295.0,297.27667236328125,117042900.0,0.0241972970094377,0.0537366463736581,0.0389669716915479,0.0004263115241422,0.0464395648238883,-0.0464395648238883
TSLA_2022-08-02,TSLA,2022-08-02,294.0033264160156,307.8333435058594,292.6666564941406,300.586669921875,95577600.0,-0.0013068677323923,-0.0373216778022339,-0.0193142727673131,0.0111344005982036,0.0462346370226575,-0.0462346370226575
TSLA_2022-08-03,TSLA,2022-08-03,305.0,309.54998779296875,301.1499938964844,307.39666748046875,80091000.0,0.0142314781297969,-0.0097288239870236,0.0022513270713866,0.0226556871612562,0.0463092214699693,-0.0463092214699693
TSLA_2022-08-04,TSLA,2022-08-04,311.0,313.6066589355469,305.0,308.6333312988281,72256200.0,-0.0280489922731539,0.0223483662214618,-0.002850313025846,0.0040230228534861,0.0459286057238387,-0.0459286057238387
TSLA_2022-08-05,TSLA,2022-08-05,302.6700134277344,304.6066589355469,285.5433349609375,288.1700134277344,113172900.0,-0.0100425159138509,-0.0298830086427204,-0.0199627622782856,-0.0663030068235908,0.0454759365031693,-0.0454759365031693
TSLA_2022-08-08,TSLA,2022-08-08,295.0,305.20001220703125,289.086669921875,290.42333984375,98994000.0,0.0064922964132141,-0.0563726727215956,-0.0249401881541907,0.0078194340528796,0.0454673872864824,-0.0454673872864824
TSLA_2022-08-09,TSLA,2022-08-09,290.2933349609375,292.39666748046875,279.35333251953125,283.3333435058594,86244600.0,0.0798999457971885,-0.0631956460232567,0.0083521498869658,-0.024412625864385,0.0440520668787817,-0.0440520668787817
TSLA_2022-08-10,TSLA,2022-08-10,297.0666809082031,297.510009765625,283.3699951171875,294.3566589355469,94918800.0,0.1037823122089769,-0.0422234841891312,0.0307794140099228,0.038905817766766,0.044259860661308,-0.044259860661308
TSLA_2022-08-11,TSLA,2022-08-11,296.5133361816406,298.2366638183594,285.8333435058594,286.6300048828125,70155000.0,0.1715122571833502,-0.0773711987072596,0.0470705292380453,-0.0262492925442064,0.0430665577528961,-0.0430665577528961
TSLA_2022-08-12,TSLA,2022-08-12,289.4166564941406,300.1600036621094,285.0333251953125,300.0299987792969,79657200.0,0.2363873316924685,-0.0049306191092436,0.1157283562916124,0.0467501436284136,0.0433826008565172,-0.0433826008565172
TSLA_2022-08-15,TSLA,2022-08-15,301.78668212890625,313.1333312988281,301.2300109863281,309.32000732421875,89359200.0,0.2057849327412941,0.0790233196532961,0.1424041261972951,0.0309635989158392,0.0429922039746839,-0.0429922039746839
TSLA_2022-08-16,TSLA,2022-08-16,311.6666564941406,314.6666564941406,302.8833312988281,306.5633239746094,88136400.0,0.2696411752602232,0.0501620645153197,0.1599016198877715,-0.0089120757931442,0.0422733547259678,-0.0422733547259678
TSLA_2022-08-17,TSLA,2022-08-17,303.39666748046875,309.6566772460937,300.0333251953125,303.9966735839844,68766000.0,0.1974501888009969,-0.0113178689272231,0.0930661599368868,-0.0083723335112244,0.0418765608086534,-0.0418765608086534
TSLA_2022-08-18,TSLA,2022-08-18,306.0,306.5,301.85333251953125,302.8699951171875,47500500.0,0.2800749334001289,-0.0160062368374165,0.1320343482813561,-0.0037062197211366,0.0408712656831712,-0.0408712656831712
TSLA_2022-08-19,TSLA,2022-08-19,299.0,300.3599853515625,292.5,296.6666564941406,61395300.0,0.2545459543322943,0.0155759266090469,0.1350609404706706,-0.0204818526861555,0.0409899343070065,-0.0409899343070065
TSLA_2022-08-22,TSLA,2022-08-22,291.913330078125,292.3999938964844,286.2966613769531,289.913330078125,55843200.0,0.3100466610039758,0.0148894712647509,0.1624680661343633,-0.0227640224075839,0.0401965910378208,-0.0401965910378208
TSLA_2022-08-23,TSLA,2022-08-23,291.4533386230469,298.82666015625,287.92333984375,296.4533386230469,63984900.0,0.317765660126911,0.082565518274329,0.20016558920062,0.0225584954757323,0.0402312441026953,-0.0402312441026953
TSLA_2022-08-24,TSLA,2022-08-24,297.5633239746094,303.64666748046875,296.5,297.0966796875,57259800.0,0.418890111143378,0.1665489564612836,0.2927195338023308,0.0021701258870663,0.0390898250505786,-0.0390898250505786
TSLA_2022-08-25,TSLA,2022-08-25,302.3599853515625,302.9599914550781,291.6000061035156,296.07000732421875,53230000.0,0.3482240395961398,0.1091949002943333,0.2287094699452365,-0.0034556844067095,0.0387270365835099,-0.0387270365835099
TSLA_2022-08-26,TSLA,2022-08-26,297.42999267578125,302.0,287.4700012207031,288.0899963378906,57163900.0,0.2211860110456276,0.0671712672706348,0.1441786391581312,-0.0269531218594168,0.0379188171567273,-0.0379188171567273
TSLA_2022-08-29,TSLA,2022-08-29,282.8299865722656,287.739990234375,280.70001220703125,284.82000732421875,41864700.0,0.1248370908424307,-0.0183472545697742,0.0532449181363282,-0.0113505816072718,0.0369046431794652,-0.0369046431794652
TSLA_2022-08-30,TSLA,2022-08-30,287.8699951171875,288.4800109863281,272.6499938964844,277.70001220703125,50541800.0,0.0986997328373633,-0.0361765554787646,0.0312615886792993,-0.0249982267189629,0.0370640321751025,-0.0370640321751025
TSLA_2022-08-31,TSLA,2022-08-31,280.6199951171875,281.25,271.8099975585937,275.6099853515625,52107300.0,0.1167794191396376,-0.0603030254158236,0.0282381968619069,-0.0075262036859782,0.0369389476251187,-0.0369389476251187
TSLA_2022-09-01,TSLA,2022-09-01,272.5799865722656,277.5799865722656,266.1499938964844,277.1600036621094,54287000.0,0.0728773912834948,-0.0093054813938914,0.0317859549448016,0.005623955563764,0.03650338779603,-0.03650338779603
TSLA_2022-09-02,TSLA,2022-09-02,281.07000732421875,282.3500061035156,269.0799865722656,270.2099914550781,50890100.0,0.152199542932514,-0.0329957465639737,0.0596018981842701,-0.0250758122211028,0.0346490043475406,-0.0346490043475406
TSLA_2022-09-06,TSLA,2022-09-06,272.67999267578125,275.989990234375,265.739990234375,274.4200134277344,55860000.0,0.1516703660969531,0.0232171493483448,0.087443757722649,0.0155805562554711,0.0346461850965073,-0.0346461850965073
TSLA_2022-09-07,TSLA,2022-09-07,273.1000061035156,283.8399963378906,272.2699890136719,283.70001220703125,50028900.0,0.1875924624658518,0.032387280965848,0.1099898717158499,0.033816771099826,0.0348653292865107,-0.0348653292865107
TSLA_2022-09-08,TSLA,2022-09-08,281.29998779296875,289.5,279.760009765625,289.260009765625,53713100.0,0.1959482111320099,0.0102565026294885,0.1031023568807492,0.0195981576290391,0.0349069965437032,-0.0349069965437032
TSLA_2022-09-09,TSLA,2022-09-09,291.6700134277344,299.8500061035156,291.25,299.67999267578125,54338100.0,0.2501946603234646,0.0724561897263695,0.1613254250249171,0.0360228948294618,0.0351088869903747,-0.0351088869903747
TSLA_2022-09-12,TSLA,2022-09-12,300.7200012207031,305.489990234375,300.3999938964844,304.4200134277344,48674600.0,0.3108556992133411,0.1482492403028175,0.2295524697580793,0.0158169409630266,0.03484409809539,-0.03484409809539
TSLA_2022-09-13,TSLA,2022-09-13,292.8999938964844,297.3999938964844,290.3999938964844,292.1300048828125,68229600.0,0.3541045815410077,0.1435599256654438,0.2488322536032258,-0.0403718809632054,0.0339699513575987,-0.0339699513575987
TSLA_2022-09-14,TSLA,2022-09-14,292.239990234375,306.0,291.6400146484375,302.6099853515625,72628700.0,0.3699578350659531,0.1321128509151448,0.2510353429905489,0.0358743720041836,0.0341085310574813,-0.0341085310574813
TSLA_2022-09-15,TSLA,2022-09-15,301.8299865722656,309.1199951171875,300.7200012207031,303.75,64795500.0,0.303648068669528,0.0845245006511541,0.194086284660341,0.0037672737306175,0.0335210719506159,-0.0335210719506159
TSLA_2022-09-16,TSLA,2022-09-16,299.6099853515625,303.7099914550781,295.6000061035156,303.3500061035156,87087800.0,0.4235100770300313,0.044114322856378,0.2338121999432046,-0.0013168523341049,0.03148483022742,-0.03148483022742
TSLA_2022-09-19,TSLA,2022-09-19,300.0899963378906,309.8399963378906,297.79998779296875,309.07000732421875,60231200.0,0.4258627752201367,0.0241001537726788,0.2249814644964077,0.018856110452001,0.0314950768290632,-0.0314950768290632
TSLA_2022-09-20,TSLA,2022-09-20,306.9100036621094,313.3299865722656,305.5799865722656,308.7300109863281,61642800.0,0.3024567678193639,0.005460504790328,0.1539586363048459,-0.0011000625419275,0.0294489464292296,-0.0294489464292296
TSLA_2022-09-21,TSLA,2022-09-21,308.2900085449219,313.79998779296875,300.6300048828125,300.79998779296875,62555700.0,0.2741083090057921,-0.0921346696003431,0.0909868197027244,-0.0256859485996343,0.0296772290564115,-0.0296772290564115
TSLA_2022-09-22,TSLA,2022-09-22,299.8599853515625,301.2900085449219,285.82000732421875,288.5899963378906,70545400.0,0.2276768083809806,-0.1334588295406208,0.0471089894201798,-0.0405917285591177,0.0301942075192548,-0.0301942075192548
TSLA_2022-09-23,TSLA,2022-09-23,283.0899963378906,284.5,272.82000732421875,275.3299865722656,63748400.0,0.1205637687056377,-0.1853499549875347,-0.0323930931409484,-0.0459475724518868,0.030356102916794,-0.030356102916794
TSLA_2022-09-26,TSLA,2022-09-26,271.8299865722656,284.0899963378906,270.3099975585937,276.010009765625,58076900.0,0.1269394570844062,-0.1806874680447769,-0.0268740054801853,0.0024698479153155,0.0303480559531027,-0.0303480559531027
TSLA_2022-09-27,TSLA,2022-09-27,283.8399963378906,288.6700134277344,277.510009765625,282.94000244140625,61925200.0,0.2160919485954193,-0.2225783687204653,-0.0032432100625229,0.0251077585253733,0.0297260595288347,-0.0297260595288347
TSLA_2022-09-28,TSLA,2022-09-28,283.0799865722656,289.0,277.57000732421875,287.8099975585937,54664800.0,0.2596174477627395,-0.214756711295539,0.0224303682336002,0.0172121123742337,0.0296461659409592,-0.0296461659409592
TSLA_2022-09-29,TSLA,2022-09-29,282.760009765625,283.6499938964844,265.7799987792969,268.2099914550781,77620600.0,0.1948412503116696,-0.264499692366608,-0.0348292210274691,-0.0681005047419358,0.0308988731742809,-0.0308988731742809
TSLA_2022-09-30,TSLA,2022-09-30,266.1499938964844,275.57000732421875,262.4700012207031,265.25,67726600.0,0.1671482274993905,-0.2615534772111352,-0.0472026248558723,-0.0110360968993725,0.0309284428352877,-0.0309284428352877
TSLA_2022-10-03,TSLA,2022-10-03,254.5,255.1600036621093,241.009994506836,242.3999938964844,98363500.0,0.0400457449419635,-0.3295162373386827,-0.1447352461983596,-0.086145169099022,0.0327580687523076,-0.0327580687523076
TSLA_2022-10-04,TSLA,2022-10-04,250.5200042724609,257.5,242.009994506836,249.44000244140625,109578500.0,0.076409657917797,-0.3467021874264918,-0.1351462647543473,0.0290429402730441,0.0329327454281734,-0.0329327454281734
TSLA_2022-10-05,TSLA,2022-10-05,245.009994506836,246.6699981689453,233.2700042724609,240.8099975585937,86982700.0,-0.0152665677964199,-0.3379854421367262,-0.1766260049665731,-0.0345975176328815,0.0325186013825353,-0.0325186013825353
TSLA_2022-10-06,TSLA,2022-10-06,239.44000244140625,244.5800018310547,235.3500061035156,238.1300048828125,69298400.0,-0.0503794992170513,-0.3168700199115989,-0.1836247595643251,-0.011129075632041,0.0323883949032787,-0.0323883949032787
TSLA_2022-10-07,TSLA,2022-10-07,233.94000244140625,234.57000732421875,222.0200042724609,223.07000732421875,83916800.0,-0.0481060429712998,-0.3670336563619691,-0.2075698496666345,-0.0632427550068921,0.0323169248261041,-0.0323169248261041
TSLA_2022-10-10,TSLA,2022-10-10,223.92999267578125,226.9900054931641,218.3600006103516,222.9600067138672,67925000.0,-0.0433775273207408,-0.3477459103292225,-0.1955617188249817,-0.0004931214719139,0.0323101785073398,-0.0323101785073398
TSLA_2022-10-11,TSLA,2022-10-11,220.9499969482422,225.75,215.0,216.5,77013200.0,-0.0866520159800158,-0.3344809516313596,-0.2105664838056877,-0.0289738362008463,0.0324343411879102,-0.0324343411879102
TSLA_2022-10-12,TSLA,2022-10-12,215.3300018310547,219.3000030517578,211.509994506836,217.2400054931641,66860700.0,-0.0884270003853859,-0.3396625883593566,-0.2140447943723712,0.0034180392293954,0.0324291629564738,-0.0324291629564738
TSLA_2022-10-13,TSLA,2022-10-13,208.3000030517578,222.9900054931641,206.22000122070312,221.72000122070312,91483000.0,-0.0764232067750041,-0.3493940677211001,-0.2129086372480521,0.0206223329693295,0.0325268853127511,-0.0325268853127511
TSLA_2022-10-14,TSLA,2022-10-14,224.009994506836,226.259994506836,204.1600036621093,204.9900054931641,94124500.0,-0.1478160440068188,-0.3756649772321833,-0.261740510619501,-0.0754555098116104,0.0338582671415835,-0.0338582671415835
TSLA_2022-10-17,TSLA,2022-10-17,210.0399932861328,221.8600006103516,209.4499969482422,219.3500061035156,79428800.0,-0.1066264521888996,-0.344760962758187,-0.2256937074735433,0.0700521987684437,0.0349445267281588,-0.0349445267281588
TSLA_2022-10-18,TSLA,2022-10-18,229.5,229.82000732421875,217.25,220.19000244140625,75891900.0,-0.1103434244791666,-0.3575159347968948,-0.2339296796380307,0.0038294794370521,0.0349306923474206,-0.0349306923474206
TSLA_2022-10-19,TSLA,2022-10-19,219.8000030517578,222.92999267578125,217.77999877929688,222.0399932861328,66571500.0,-0.182795191077809,-0.3183381380092807,-0.2505666645435448,0.0084017931069275,0.0325783382675431,-0.0325783382675431
TSLA_2022-10-20,TSLA,2022-10-20,208.27999877929688,215.5500030517578,202.0,207.27999877929688,117798100.0,-0.2386223540977505,-0.3835722573024008,-0.3110973057000757,-0.0664744863679374,0.0335478685650297,-0.0335478685650297
TSLA_2022-10-21,TSLA,2022-10-21,206.4199981689453,214.6600036621093,203.8000030517578,214.44000244140625,75713800.0,-0.2011423799141953,-0.3599124271053303,-0.2805274035097628,0.0345426654972775,0.0338648182058765,-0.0338648182058765
TSLA_2022-10-24,TSLA,2022-10-24,205.82000732421875,213.5,198.58999633789065,211.25,100446800.0,-0.1839217648370894,-0.3649926979444163,-0.2744572313907529,-0.0148759671940308,0.0336418363700656,-0.0336418363700656
TSLA_2022-10-25,TSLA,2022-10-25,210.1000061035156,224.3500061035156,210.0,222.4199981689453,96507900.0,-0.1906702851275837,-0.2386527452029929,-0.2146615151652883,0.0528757309772558,0.0333883680791043,-0.0333883680791043
TSLA_2022-10-26,TSLA,2022-10-26,219.3999938964844,230.6000061035156,218.1999969482422,224.63999938964844,85012500.0,-0.2002847836570923,-0.2354936521388719,-0.2178892178979821,0.0099811223764909,0.0332770555980696,-0.0332770555980696
TSLA_2022-10-27,TSLA,2022-10-27,229.7700042724609,233.8099975585937,222.8500061035156,225.08999633789065,61638800.0,-0.2425037827316821,-0.2304703023522054,-0.2364870425419438,0.0020031915485436,0.0323614894004154,-0.0323614894004154
TSLA_2022-10-28,TSLA,2022-10-28,225.3999938964844,228.8600006103516,216.3500061035156,228.5200042724609,69152400.0,-0.2312884746193525,-0.212687733525139,-0.2219881040722457,0.0152383846033803,0.0324469426393584,-0.0324469426393584
TSLA_2022-10-31,TSLA,2022-10-31,226.19000244140625,229.8500061035156,221.94000244140625,227.5399932861328,61554300.0,-0.2430136927054271,-0.2440029736842932,-0.2435083331948602,-0.004288512900427,0.0323918035065052,-0.0323918035065052
TSLA_2022-11-01,TSLA,2022-11-01,234.0500030517578,237.3999938964844,227.27999877929688,227.82000732421875,62688800.0,-0.2588728785139029,-0.2483255440930741,-0.2535992113034885,0.0012306146011606,0.0322206724760942,-0.0322206724760942
TSLA_2022-11-02,TSLA,2022-11-02,226.0399932861328,227.8699951171875,214.82000732421875,214.97999572753903,63070300.0,-0.3034453057197867,-0.3229829629574814,-0.313214134338634,-0.0563603335259603,0.0328630503344445,-0.0328630503344445
TSLA_2022-11-03,TSLA,2022-11-03,211.3600006103516,221.1999969482422,210.13999938964844,215.3099975585937,56538800.0,-0.2528369104143867,-0.2603403076317923,-0.2565886090230895,0.0015350350619267,0.0319261588453606,-0.0319261588453606
TSLA_2022-11-04,TSLA,2022-11-04,222.6000061035156,223.8000030517578,203.0800018310547,207.47000122070312,98622200.0,-0.2856290361087246,-0.280991128062149,-0.2833100820854368,-0.0364125977743184,0.0321452526116164,-0.0321452526116164
TSLA_2022-11-07,TSLA,2022-11-07,208.6499938964844,208.8999938964844,196.6600036621093,197.0800018310547,93916500.0,-0.3044235479225231,-0.248847027103732,-0.2766352875131276,-0.0500795263340059,0.0325577189353152,-0.0325577189353152
TSLA_2022-11-08,TSLA,2022-11-08,194.0200042724609,195.1999969482422,186.75,191.3000030517578,128803400.0,-0.3501081180105208,-0.282660835811809,-0.3163844769111649,-0.0293281851308877,0.0321992210041904,-0.0321992210041904
TSLA_2022-11-09,TSLA,2022-11-09,190.77999877929688,195.88999938964844,177.1199951171875,177.58999633789062,127062700.0,-0.3804207748225885,-0.2741553434084994,-0.327288059115544,-0.0716675718513074,0.0331475649975982,-0.0331475649975982
TSLA_2022-11-10,TSLA,2022-11-10,189.8999938964844,191.0,180.02999877929688,190.72000122070312,132703000.0,-0.3643302269884104,-0.2140659455086436,-0.289198086248527,0.0739343721694254,0.0340241564761575,-0.0340241564761575
TSLA_2022-11-11,TSLA,2022-11-11,186.0,196.5200042724609,182.58999633789065,195.97000122070312,114403600.0,-0.3664489959251358,-0.2360737451634105,-0.3012613705442731,0.0275272649244828,0.0339656877223882,-0.0339656877223882
TSLA_2022-11-14,TSLA,2022-11-14,192.7700042724609,195.72999572753903,186.33999633789065,190.9499969482422,92226600.0,-0.3771270663673476,-0.2091748765048561,-0.2931509714361018,-0.0256161873816971,0.0340487765161634,-0.0340487765161634
TSLA_2022-11-15,TSLA,2022-11-15,195.8800048828125,200.82000732421875,192.0599975585937,194.4199981689453,91293800.0,-0.3604535343205544,-0.2341749639251373,-0.2973142491228459,0.018172303095892,0.0341943056054206,-0.0341943056054206
TSLA_2022-11-16,TSLA,2022-11-16,191.509994506836,192.57000732421875,185.6600036621093,186.9199981689453,66567600.0,-0.3828375171445373,-0.2099857758617354,-0.2964116465031363,-0.0385762785239958,0.0344299613758675,-0.0344299613758675
TSLA_2022-11-17,TSLA,2022-11-17,183.9600067138672,186.1600036621093,180.8999938964844,183.1699981689453,64336000.0,-0.3825730187087505,-0.2254094785254617,-0.3039912486171061,-0.0200620588312364,0.034427358693235,-0.034427358693235
TSLA_2022-11-18,TSLA,2022-11-18,185.0500030517578,185.19000244140625,176.5500030517578,180.19000244140625,76048900.0,-0.3784694122452073,-0.1857659287999952,-0.2821176705226013,-0.0162690165274254,0.0343891993015736,-0.0343891993015736
TSLA_2022-11-21,TSLA,2022-11-21,175.85000610351562,176.77000427246094,167.5399932861328,167.8699951171875,92882700.0,-0.4337388949744925,-0.253800561131868,-0.3437697280531802,-0.0683723134319005,0.0350337053996586,-0.0350337053996586
TSLA_2022-11-22,TSLA,2022-11-22,168.6300048828125,170.9199981689453,166.19000244140625,169.91000366210938,78452300.0,-0.4280986113987253,-0.1885347751644851,-0.3083166932816052,0.0121523119333968,0.0351046672380863,-0.0351046672380863
TSLA_2022-11-23,TSLA,2022-11-23,173.57000732421875,183.6199951171875,172.5,183.1999969482422,109536700.0,-0.3812274380510805,-0.1657559569379751,-0.2734916974945278,0.0782178388540435,0.0367527137107576,-0.0367527137107576
TSLA_2022-11-25,TSLA,2022-11-25,185.0599975585937,185.1999969482422,180.6300048828125,182.8600006103516,50672700.0,-0.3652677880703586,-0.2248739020314734,-0.295070845050916,-0.0018558752377416,0.0366679862757279,-0.0366679862757279
TSLA_2022-11-28,TSLA,2022-11-28,179.9600067138672,188.5,179.0,182.9199981689453,92905200.0,-0.3577698424790705,-0.2775956979628815,-0.317682770220976,0.0003281065207998,0.0366726994925521,-0.0366726994925521
TSLA_2022-11-29,TSLA,2022-11-29,184.9900054931641,186.3800048828125,178.75,180.8300018310547,83357100.0,-0.3488296943385005,-0.2845593591380861,-0.3166945267382933,-0.0114257399891306,0.0366010956382888,-0.0366010956382888
TSLA_2022-11-30,TSLA,2022-11-30,182.42999267578125,194.759994506836,180.6300048828125,194.6999969482422,109186400.0,-0.2935669703697896,-0.2110701315085191,-0.2523185509391544,0.0767018469100382,0.0380582482905366,-0.0380582482905366
TSLA_2022-12-01,TSLA,2022-12-01,197.0800018310547,198.9199981689453,191.8000030517578,194.6999969482422,80046200.0,-0.2975176996115054,-0.2463226221363634,-0.2719201608739344,0.0,0.0380400337989667,-0.0380400337989667
TSLA_2022-12-02,TSLA,2022-12-02,191.77999877929688,196.25,191.1100006103516,194.8600006103516,73645900.0,-0.2788571600885947,-0.1690995494650237,-0.2239783547768092,0.0008217959148295,0.0379580347330069,-0.0379580347330069
TSLA_2022-12-05,TSLA,2022-12-05,189.44000244140625,191.2700042724609,180.5500030517578,182.4499969482422,93122700.0,-0.3351432547892923,-0.2343041888411555,-0.2847237218152239,-0.0636867680552093,0.038591432627879,-0.038591432627879
TSLA_2022-12-06,TSLA,2022-12-06,181.22000122070312,183.6499938964844,175.3300018310547,179.82000732421875,92150800.0,-0.3661614395948832,-0.2472581032426767,-0.30670977141878,-0.0144148515648894,0.0382715309906104,-0.0382715309906104
TSLA_2022-12-07,TSLA,2022-12-07,175.02999877929688,179.3800048828125,172.22000122070312,174.0399932861328,84213300.0,-0.3983268083716447,-0.2804300227859815,-0.3393784155788131,-0.0321433311236856,0.0382579270189123,-0.0382579270189123
TSLA_2022-12-08,TSLA,2022-12-08,172.1999969482422,175.1999969482422,169.05999755859375,173.44000244140625,97624500.0,-0.421249310330009,-0.2764489781160547,-0.3488491442230318,-0.0034474308657329,0.0378580040365056,-0.0378580040365056
TSLA_2022-12-09,TSLA,2022-12-09,173.83999633789062,182.5,173.36000061035156,179.0500030517578,104872300.0,-0.4118323528217631,-0.2289970876035065,-0.3204147202126348,0.0323454827685834,0.038081860454349,-0.038081860454349
TSLA_2022-12-12,TSLA,2022-12-12,176.10000610351562,177.3699951171875,167.52000427246094,167.82000732421875,109794500.0,-0.4255297144449798,-0.222107154370776,-0.3238184344078779,-0.0627198857086465,0.0384932419697711,-0.0384932419697711
TSLA_2022-12-13,TSLA,2022-12-13,174.8699951171875,175.0500030517578,156.91000366210938,160.9499969482422,175862700.0,-0.4681272768932073,-0.2713567957219851,-0.3697420363075962,-0.040936777953442,0.0382962739842375,-0.0382962739842375
TSLA_2022-12-14,TSLA,2022-12-14,159.25,161.6199951171875,155.30999755859375,156.8000030517578,140682300.0,-0.4837859981835134,-0.327038613511769,-0.4054123058476412,-0.025784367661833,0.0383152981941093,-0.0383152981941093
TSLA_2022-12-15,TSLA,2022-12-15,153.44000244140625,160.92999267578125,153.27999877929688,157.6699981689453,122334500.0,-0.4802373660901072,-0.2601126529655967,-0.370175009527852,0.0055484381393815,0.0383493140197965,-0.0383493140197965
TSLA_2022-12-16,TSLA,2022-12-16,159.63999938964844,160.99000549316406,150.0399932861328,150.22999572753906,139032200.0,-0.5139289087667904,-0.3069293248999356,-0.410429116833363,-0.0471871790943652,0.0384612619899541,-0.0384612619899541
TSLA_2022-12-19,TSLA,2022-12-19,154.0,155.25,145.82000732421875,149.8699951171875,139390600.0,-0.5145596806789723,-0.3677349707279344,-0.4411473257034533,-0.0023963297649589,0.0384564151648865,-0.0384564151648865
TSLA_2022-12-20,TSLA,2022-12-20,146.0500030517578,148.47000122070312,137.66000366210938,137.8000030517578,159563300.0,-0.5418882691358311,-0.4163160372529372,-0.4791021531943841,-0.0805364146171608,0.039410817577033,-0.039410817577033
TSLA_2022-12-21,TSLA,2022-12-21,139.33999633789062,141.25999450683594,135.88999938964844,137.57000732421875,145417400.0,-0.5233029243219253,-0.4147700555669944,-0.4690364899444598,-0.0016690545895901,0.0392528879318391,-0.0392528879318391
TSLA_2022-12-22,TSLA,2022-12-22,136.0,136.6300048828125,122.26000213623048,125.3499984741211,210090300.0,-0.5447281277471003,-0.4898388350426191,-0.5172834813948597,-0.0888275655993685,0.0402295451925494,-0.0402295451925494
TSLA_2022-12-23,TSLA,2022-12-23,126.37000274658205,128.6199951171875,121.0199966430664,123.1500015258789,166989700.0,-0.5538205240076176,-0.4971827435629398,-0.5255016337852787,-0.0175508334664749,0.0401956101025579,-0.0401956101025579
TSLA_2022-12-27,TSLA,2022-12-27,117.5,119.66999816894533,108.76000213623048,109.0999984741211,208643400.0,-0.6144058898256548,-0.5310821071911638,-0.5727439985084093,-0.1140885333144338,0.0419159911034872,-0.0419159911034872
TSLA_2022-12-28,TSLA,2022-12-28,110.3499984741211,116.2699966430664,108.23999786376952,112.70999908447266,221070500.0,-0.6083874777090513,-0.5067180341599462,-0.5575527559344988,0.0330889153147684,0.0421545482806275,-0.0421545482806275
TSLA_2022-12-29,TSLA,2022-12-29,120.38999938964844,123.56999969482422,117.5,121.81999969482422,221923300.0,-0.5458036479777169,-0.4573074628626958,-0.5015555554202064,0.0808269069678893,0.0432272089719409,-0.0432272089719409
TSLA_2022-12-30,TSLA,2022-12-30,119.9499969482422,124.4800033569336,119.75,123.18000030517578,157777300.0,-0.5356079159088567,-0.4579856021882741,-0.4967967590485654,0.0111640175156668,0.0433215910725291,-0.0433215910725291
TSLA_2023-01-03,TSLA,2023-01-03,118.47000122070312,118.8000030517578,104.63999938964844,108.0999984741211,231402800.0,-0.5540428993563233,-0.5361842150488891,-0.5451135572026062,-0.1224224857419573,0.0445577446246059,-0.0445577446246059
TSLA_2023-01-04,TSLA,2023-01-04,109.11000061035156,114.58999633789062,107.5199966430664,113.63999938964844,180389000.0,-0.5444195065851853,-0.5096087569293382,-0.5270141317572618,0.0512488528559378,0.0449714899358271,-0.0449714899358271
TSLA_2023-01-05,TSLA,2023-01-05,110.51000213623048,111.75,107.16000366210938,110.33999633789062,157986300.0,-0.5417964475870949,-0.5487916431845671,-0.545294045385831,-0.0290390977603121,0.0449306587082029,-0.0449306587082029
TSLA_2023-01-06,TSLA,2023-01-06,103.0,114.38999938964844,101.80999755859376,113.05999755859376,220911100.0,-0.5252173382592742,-0.5491366509947107,-0.5371769946269924,0.0246510903659427,0.0451584341674043,-0.0451584341674043
TSLA_2023-01-09,TSLA,2023-01-09,118.95999908447266,123.5199966430664,117.11000061035156,119.7699966430664,190284000.0,-0.4630833697468438,-0.4889123042338076,-0.4759978369903257,0.059349011404278,0.0454992810169489,-0.0454992810169489
TSLA_2023-01-10,TSLA,2023-01-10,121.06999969482422,122.76000213623048,114.91999816894533,118.8499984741211,167642500.0,-0.466944766347062,-0.4900673843083062,-0.4785060753276841,-0.0076813742567518,0.0454871563609906,-0.0454871563609906
TSLA_2023-01-11,TSLA,2023-01-11,122.08999633789062,125.9499969482422,120.51000213623048,123.22000122070312,183810800.0,-0.4308544978258516,-0.4801721029752001,-0.4555133004005258,0.036769060182475,0.045772471976042,-0.045772471976042
TSLA_2023-01-12,TSLA,2023-01-12,122.55999755859376,124.12999725341795,117.0,123.55999755859376,169400900.0,-0.4312281604021509,-0.4815229480814667,-0.4563755542418088,0.0027592625752508,0.0457699295074786,-0.0457699295074786
TSLA_2023-01-13,TSLA,2023-01-13,116.5500030517578,122.62999725341795,115.5999984741211,122.4000015258789,180714100.0,-0.4479523685188858,-0.4901416188092183,-0.4690469936640521,-0.0093881195826729,0.0456245599262198,-0.0456245599262198
TSLA_2023-01-17,TSLA,2023-01-17,125.6999969482422,131.6999969482422,125.0199966430664,131.49000549316406,186477000.0,-0.3585540662003205,-0.4533700665788489,-0.4059620663895847,0.0742647373690046,0.0459705385189926,-0.0459705385189926
TSLA_2023-01-18,TSLA,2023-01-18,136.55999755859375,136.67999267578125,127.01000213623048,128.77999877929688,195680300.0,-0.4129017770871497,-0.4755019776827547,-0.4442018773849522,-0.0206099825131429,0.0449603300666419,-0.0449603300666419
TSLA_2023-01-19,TSLA,2023-01-19,127.26000213623048,129.99000549316406,124.30999755859376,127.16999816894533,170291900.0,-0.4224533504749564,-0.4861818255800189,-0.4543175880274877,-0.012501946153228,0.044941571879984,-0.044941571879984
TSLA_2023-01-20,TSLA,2023-01-20,128.67999267578125,133.50999450683594,127.3499984741211,133.4199981689453,138858100.0,-0.3991172662439552,-0.5089557403762477,-0.4540365033101015,0.0491468120625184,0.0454666536415452,-0.0454666536415452
TSLA_2023-01-23,TSLA,2023-01-23,135.8699951171875,145.3800048828125,134.27000427246094,143.75,203119200.0,-0.3064936277182295,-0.4719797508538965,-0.389236689286063,0.0774246887484899,0.0460425592274501,-0.0460425592274501
TSLA_2023-01-24,TSLA,2023-01-24,143.0,146.5,141.10000610351562,143.88999938964844,158699100.0,-0.3289964663707507,-0.4639637140557727,-0.3964800902132617,0.0009739087975544,0.0457741242586592,-0.0457741242586592
TSLA_2023-01-25,TSLA,2023-01-25,141.91000366210938,146.41000366210938,138.07000732421875,144.42999267578125,192734300.0,-0.3163077269785502,-0.4420536164381365,-0.3791806717083434,0.0037528201294276,0.045771232630497,-0.045771232630497
TSLA_2023-01-26,TSLA,2023-01-26,159.97000122070312,161.4199981689453,154.75999450683594,160.27000427246094,234815100.0,-0.2794262854425374,-0.4168182810526509,-0.3481222832475942,0.1096725915664733,0.0474573342646773,-0.0474573342646773
TSLA_2023-01-27,TSLA,2023-01-27,162.42999267578125,180.67999267578125,161.1699981689453,177.89999389648438,306590600.0,-0.2080662643347473,-0.3666785412532154,-0.2873724027939813,0.1100018041682475,0.0495614304518079,-0.0495614304518079
TSLA_2023-01-30,TSLA,2023-01-30,178.0500030517578,179.77000427246094,166.5,166.66000366210938,230878800.0,-0.2595850265512018,-0.4391384584037134,-0.3493617424774576,-0.0631815099494341,0.0501432456798684,-0.0501432456798684
TSLA_2023-01-31,TSLA,2023-01-31,164.57000732421875,174.3000030517578,162.77999877929688,173.22000122070312,196813500.0,-0.2419919570184517,-0.4173104810288547,-0.3296512190236532,0.0393615589490423,0.0503803354054657,-0.0503803354054657
TSLA_2023-02-01,TSLA,2023-02-01,173.88999938964844,183.8099975585937,169.92999267578125,181.4100036621093,213806300.0,-0.2027335456849328,-0.3964802108182,-0.2996068782515664,0.0472809282051158,0.0507786713846473,-0.0507786713846473
TSLA_2023-02-02,TSLA,2023-02-02,187.3300018310547,196.75,182.6100006103516,188.2700042724609,217448300.0,-0.1736019742790756,-0.3875340099956577,-0.2805679921373666,0.0378148970391341,0.0510284728764339,-0.0510284728764339
TSLA_2023-02-03,TSLA,2023-02-03,183.9499969482422,199.0,183.69000244140625,189.97999572753903,232662000.0,-0.1162898897425063,-0.3844475743172578,-0.2503687320298821,0.0090826547844735,0.05056254988166,-0.05056254988166
TSLA_2023-02-06,TSLA,2023-02-06,193.009994506836,198.1699981689453,189.9199981689453,194.759994506836,186188100.0,-0.0954437939936593,-0.3241489904164619,-0.2097963922050606,0.0251605373554815,0.0506668812577694,-0.0506668812577694
TSLA_2023-02-07,TSLA,2023-02-07,196.42999267578125,197.5,189.5500030517578,196.8099975585937,186010300.0,-0.0513809398919774,-0.3223340876649962,-0.1868575137784868,0.0105257912794085,0.0504723624276588,-0.0504723624276588
TSLA_2023-02-08,TSLA,2023-02-08,196.1000061035156,203.0,194.3099975585937,201.2899932861328,180673600.0,0.0213618399429846,-0.2895647550851349,-0.1341014575710751,0.0227630495559827,0.0501299818021759,-0.0501299818021759
TSLA_2023-02-09,TSLA,2023-02-09,207.77999877929688,214.0,204.7700042724609,207.32000732421875,215431400.0,0.0837428333345431,-0.2956843304516032,-0.10597074855853,0.0299568495166786,0.0500968821107993,-0.0500968821107993
TSLA_2023-02-10,TSLA,2023-02-10,202.22999572753903,206.1999969482422,192.88999938964844,196.88999938964844,204754100.0,0.1086773098133115,-0.3130865714140914,-0.1022046308003899,-0.0503087380189952,0.0496570673174952,-0.0496570673174952
TSLA_2023-02-13,TSLA,2023-02-13,194.4199981689453,196.3000030517578,187.6100006103516,194.63999938964844,172475500.0,0.0205536815428657,-0.3512648729075045,-0.1653555956823194,-0.0114277007820352,0.0488443506278409,-0.0488443506278409
TSLA_2023-02-14,TSLA,2023-02-14,191.94000244140625,209.82000732421875,189.44000244140625,209.25,216455700.0,0.0677654676561481,-0.3235161158499804,-0.1278753240969161,0.0750616556523096,0.0496139069215601,-0.0496139069215601
TSLA_2023-02-15,TSLA,2023-02-15,211.759994506836,214.6600036621093,206.1100006103516,214.2400054931641,181006400.0,0.1219691485579586,-0.301155784992375,-0.0895933182172082,0.0238470991310111,0.0495570272726027,-0.0495570272726027
TSLA_2023-02-16,TSLA,2023-02-16,210.77999877929688,217.6499938964844,201.83999633789065,202.0399932861328,229586500.0,0.0391934738656152,-0.3353874866321005,-0.1480970063832426,-0.0569455372209676,0.0500879771169743,-0.0500879771169743
TSLA_2023-02-17,TSLA,2023-02-17,199.9900054931641,208.44000244140625,197.5,208.3099975585937,213738500.0,0.1144339803080636,-0.3122131577345796,-0.0988895887132579,0.0310334808989087,0.0499493756467709,-0.0499493756467709
TSLA_2023-02-21,TSLA,2023-02-21,204.9900054931641,209.7100067138672,197.22000122070312,197.3699951171875,180018600.0,0.0775235960593554,-0.3347078588149804,-0.1285921313778125,-0.0525178943383597,0.0503563237481457,-0.0503563237481457
TSLA_2023-02-22,TSLA,2023-02-22,197.92999267578125,201.9900054931641,191.77999877929688,200.8600006103516,191828500.0,0.1147122364664308,-0.3071722484915598,-0.0962300060125644,0.0176825534757292,0.0503345332791699,-0.0503345332791699
TSLA_2023-02-23,TSLA,2023-02-23,203.9100036621093,205.13999938964844,196.3300018310547,202.07000732421875,146360000.0,0.2037291547137816,-0.3183749987003539,-0.0573229219932861,0.0060241297928422,0.0494993265864291,-0.0494993265864291
TSLA_2023-02-24,TSLA,2023-02-24,196.3300018310547,197.6699981689453,192.8000030517578,196.8800048828125,142228100.0,0.1587310966947941,-0.3373200767847693,-0.0892944900449875,-0.0256841800034132,0.0496301607478669,-0.0496301607478669
TSLA_2023-02-27,TSLA,2023-02-27,202.02999877929688,209.4199981689453,201.259994506836,207.6300048828125,161028300.0,0.1333515739166322,-0.2987131430187653,-0.0826807845510665,0.0546017865369246,0.0491439772049794,-0.0491439772049794
TSLA_2023-02-28,TSLA,2023-02-28,210.58999633789065,211.22999572753903,203.75,205.7100067138672,153144900.0,0.1249590179768493,-0.2859522741893573,-0.0804966281062539,-0.0092472095737269,0.0491650238870653,-0.0491650238870653
TSLA_2023-03-01,TSLA,2023-03-01,206.2100067138672,207.1999969482422,198.5200042724609,202.7700042724609,156852800.0,0.1085174191024322,-0.2880766833151506,-0.0897796321063591,-0.0142919758176649,0.0492126449609603,-0.0492126449609603
TSLA_2023-03-02,TSLA,2023-03-02,186.7400054931641,193.75,186.009994506836,190.8999938964844,181500700.0,0.0556876180028902,-0.3125675711019976,-0.1284399765495537,-0.0585392815794728,0.0497874670944976,-0.0497874670944976
TSLA_2023-03-03,TSLA,2023-03-03,194.8000030517578,200.47999572753903,192.8800048828125,197.7899932861328,154193300.0,0.0158705515476307,-0.2823554885580944,-0.1332424685052318,0.0360921928231412,0.0490634815923914,-0.0490634815923914
TSLA_2023-03-06,TSLA,2023-03-06,198.5399932861328,198.6000061035156,192.3000030517578,193.8099975585937,128100100.0,-0.0045711320164277,-0.300728838945785,-0.1526499854811064,-0.0201223310715292,0.0491384691126116,-0.0491384691126116
TSLA_2023-03-07,TSLA,2023-03-07,191.3800048828125,194.1999969482422,186.1000061035156,187.7100067138672,148125800.0,-0.0366929789289171,-0.3053180391182033,-0.1710055090235602,-0.0314740773002812,0.0493098339459569,-0.0493098339459569
TSLA_2023-03-08,TSLA,2023-03-08,185.0399932861328,186.5,180.0,182.0,151897800.0,-0.0024664124733849,-0.3367830657586941,-0.1696247391160395,-0.0304192984371427,0.0487855081270508,-0.0487855081270508
TSLA_2023-03-09,TSLA,2023-03-09,180.25,185.17999267578125,172.50999450683594,172.9199981689453,170023800.0,-0.0383717543890018,-0.3904829371570268,-0.2144273457730143,-0.0498901199508499,0.0491711444485475,-0.0491711444485475
TSLA_2023-03-10,TSLA,2023-03-10,175.1300048828125,178.2899932861328,168.44000244140625,173.44000244140625,191488900.0,-0.0034474308657329,-0.4004010351035483,-0.2019242329846406,0.0030071956856769,0.0489929922008858,-0.0489929922008858
TSLA_2023-03-13,TSLA,2023-03-13,167.4600067138672,177.35000610351562,163.91000366210938,174.47999572753906,167790300.0,0.0059962711686663,-0.4177789642556951,-0.2058913465435144,0.0059962711686663,0.0489931954723477,-0.0489931954723477
TSLA_2023-03-14,TSLA,2023-03-14,177.30999755859375,183.8000030517578,177.13999938964844,183.259994506836,143717900.0,0.0235129370752438,-0.398002803943967,-0.1872449334343616,0.0503209479269326,0.0492287839848628,-0.0492287839848628
TSLA_2023-03-15,TSLA,2023-03-15,180.8000030517578,182.33999633789065,176.02999877929688,180.4499969482422,145995600.0,0.0752591411798893,-0.3822955741207432,-0.1535182164704269,-0.0153333932272325,0.0485885116200719,-0.0485885116200719
TSLA_2023-03-16,TSLA,2023-03-16,180.3699951171875,185.8099975585937,178.83999633789062,184.1300048828125,121136800.0,0.1440199339800203,-0.3915270024255934,-0.1237535342227865,0.0203935051083754,0.0483214890921604,-0.0483214890921604
TSLA_2023-03-17,TSLA,2023-03-17,184.5200042724609,186.22000122070312,177.3300018310547,180.1300048828125,133197100.0,0.1487882740879393,-0.4069794077932098,-0.1290955668526352,-0.0217237815343879,0.0482847700866811,-0.0482847700866811
TSLA_2023-03-20,TSLA,2023-03-20,178.0800018310547,186.44000244140625,176.35000610351562,183.25,129684400.0,0.1622375983263817,-0.3959123246647719,-0.116837363169195,0.0173207962727657,0.0483161476332882,-0.0483161476332882
TSLA_2023-03-21,TSLA,2023-03-21,188.27999877929688,198.0,188.0399932861328,197.5800018310547,153391400.0,0.3151834350670608,-0.3607273525451128,-0.0227719587390259,0.0781991914382247,0.0487729311392253,-0.0487729311392253
TSLA_2023-03-22,TSLA,2023-03-22,199.3000030517578,200.6600036621093,190.9499969482422,191.1499938964844,150376400.0,0.2754387143805465,-0.3808506232167065,-0.0527059544180799,-0.0325438195919666,0.0489993883947898,-0.0489993883947898
TSLA_2023-03-23,TSLA,2023-03-23,195.259994506836,199.3099975585937,188.6499938964844,192.22000122070312,144193900.0,0.3949201521316738,-0.360970714689649,0.0169747187210124,0.0055977366381616,0.0477585331846941,-0.0477585331846941
TSLA_2023-03-24,TSLA,2023-03-24,191.6499938964844,192.3600006103516,187.1499938964844,190.4100036621093,116312400.0,0.3840953225608225,-0.3402058072755543,0.0219447576426341,-0.009416281069084,0.0477896749258144,-0.0477896749258144
TSLA_2023-03-27,TSLA,2023-03-27,194.4199981689453,197.38999938964844,189.94000244140625,191.8099975585937,120851600.0,0.530195451882622,-0.3033450517085269,0.1134252000870475,0.0073525228168618,0.0462119019332075,-0.0462119019332075
TSLA_2023-03-28,TSLA,2023-03-28,192.0,192.3500061035156,185.42999267578125,189.19000244140625,98654600.0,0.536256598434955,-0.3145538359204519,0.1108513812572515,-0.0136593251161848,0.0461800202832141,-0.0461800202832141
TSLA_2023-03-29,TSLA,2023-03-29,193.1300048828125,195.2899932861328,189.44000244140625,193.8800048828125,123660000.0,0.7770853125062283,-0.3147663702202629,0.2311594711429827,0.024789906342217,0.0435003429057041,-0.0435003429057041
TSLA_2023-03-30,TSLA,2023-03-30,195.5800018310547,197.3300018310547,194.4199981689453,195.27999877929688,110252200.0,0.732588061090663,-0.3214968193051012,0.2055456208927809,0.007220929756684,0.0434017753219524,-0.0434017753219524
TSLA_2023-03-31,TSLA,2023-03-31,197.52999877929688,207.7899932861328,197.1999969482422,207.4600067138672,170222100.0,0.7030044921489322,-0.226501572188394,0.2382514599802691,0.0623720197189063,0.0429740359174689,-0.0429740359174689
TSLA_2023-04-03,TSLA,2023-04-03,199.9100036621093,202.69000244140625,192.1999969482422,194.7700042724609,169545900.0,0.5811820408339214,-0.2657115767296478,0.1577352320521368,-0.0611684277968263,0.0438825644658785,-0.0438825644658785
TSLA_2023-04-04,TSLA,2023-04-04,197.32000732421875,198.7400054931641,190.32000732421875,192.5800018310547,126463800.0,0.7814986544810907,-0.2055280252470017,0.2879853146170444,-0.0112440437098448,0.0406602967041845,-0.0406602967041845
TSLA_2023-04-05,TSLA,2023-04-05,190.5200042724609,190.67999267578125,183.759994506836,185.5200042724609,133882500.0,0.632523805604315,-0.2562539991313551,0.1881349032364799,-0.036660076287606,0.040730540566074,-0.040730540566074
TSLA_2023-04-06,TSLA,2023-04-06,183.0800018310547,186.38999938964844,179.74000549316406,185.0599975585937,123857900.0,0.6771796601469009,-0.2315103216860211,0.2228346692304398,-0.0024795531655531,0.0404711661262975,-0.0404711661262975
TSLA_2023-04-10,TSLA,2023-04-10,179.94000244140625,185.1000061035156,176.11000061035156,184.509994506836,142154600.0,0.6319653147985698,-0.2251711639713934,0.2033970754135881,-0.0029720256079845,0.0404488742067228,-0.0404488742067228
TSLA_2023-04-11,TSLA,2023-04-11,186.69000244140625,189.19000244140625,185.6499938964844,186.7899932861328,115770900.0,0.5595725016407627,-0.1626395877835568,0.1984664569286029,0.0123570475701919,0.0399277828928963,-0.0399277828928963
TSLA_2023-04-12,TSLA,2023-04-12,190.7400054931641,191.5800018310547,180.3099975585937,180.5399932861328,150256300.0,0.51905759868768,-0.1902583967992679,0.164399600944206,-0.0334600365364646,0.0402205361075369,-0.0402205361075369
TSLA_2023-04-13,TSLA,2023-04-13,182.9600067138672,186.5,180.94000244140625,185.8999938964844,112933000.0,0.5086835907712193,-0.141339520108617,0.1836720353313011,0.0296887161276042,0.0401470888643345,-0.0401470888643345
TSLA_2023-04-14,TSLA,2023-04-14,183.9499969482422,186.27999877929688,182.009994506836,185.0,96438700.0,0.4972483300047865,-0.1484073130083703,0.1744205084982081,-0.0048412798603185,0.0401724528337938,-0.0401724528337938
TSLA_2023-04-17,TSLA,2023-04-17,186.32000732421875,189.69000244140625,182.69000244140625,187.0399932861328,116662200.0,0.5281045012616861,-0.1564135294228569,0.1858454859194145,0.0110269907358531,0.0401187262449672,-0.0401187262449672
TSLA_2023-04-18,TSLA,2023-04-18,187.1499938964844,187.69000244140625,183.5800018310547,184.3099975585937,92067000.0,0.4017034744756753,-0.1008830059046953,0.15041023428549,-0.0145957860646561,0.0392881771496468,-0.0392881771496468
TSLA_2023-04-19,TSLA,2023-04-19,179.10000610351562,183.5,177.64999389648438,180.58999633789065,125732700.0,0.4023140087723229,-0.176703937483974,0.1128050356441744,-0.0201833935759259,0.0392835322240488,-0.0392835322240488
TSLA_2023-04-20,TSLA,2023-04-20,166.1699981689453,169.6999969482422,160.55999755859375,162.99000549316406,210970800.0,0.2816702668866273,-0.2597756315637601,0.0109473176614335,-0.0974582823059387,0.0413378385076154,-0.0413378385076154
TSLA_2023-04-21,TSLA,2023-04-21,164.8000030517578,166.0,161.32000732421875,165.0800018310547,123539000.0,0.2372957884620816,-0.2565303241640635,-0.0096172678509909,0.0128228496684006,0.0409606321578208,-0.0409606321578208
TSLA_2023-04-24,TSLA,2023-04-24,164.64999389648438,165.64999389648438,158.61000061035156,162.5500030517578,140006600.0,0.1307826299252716,-0.2157950404812849,-0.0425062052780066,-0.0153258950280732,0.0399405548697575,-0.0399405548697575
TSLA_2023-04-25,TSLA,2023-04-25,159.82000732421875,163.47000122070312,158.75,160.6699981689453,121999300.0,0.1166168521125454,-0.2507461465225131,-0.0670646472049838,-0.0115657019225886,0.0399806766119444,-0.0399806766119444
TSLA_2023-04-26,TSLA,2023-04-26,160.2899932861328,160.6699981689453,153.13999938964844,153.75,153364100.0,0.0645295838596382,-0.272189349112426,-0.1038298826263938,-0.0430696349524377,0.0403907083766642,-0.0403907083766642
TSLA_2023-04-27,TSLA,2023-04-27,152.63999938964844,160.47999572753906,152.3699951171875,160.19000244140625,127015200.0,-0.0004991690829351,-0.2797859735628202,-0.1401425713228776,0.0418861947408537,0.0383202335006836,-0.0383202335006836
TSLA_2023-04-28,TSLA,2023-04-28,160.89999389648438,165.0,157.32000732421875,164.30999755859375,122515800.0,-0.0763912130643371,-0.2685630430687881,-0.1724771280665626,0.0257194272700913,0.0358337905291992,-0.0358337905291992
TSLA_2023-05-01,TSLA,2023-05-01,163.1699981689453,163.27999877929688,158.8300018310547,161.8300018310547,109015000.0,-0.0289811695963186,-0.2810431184683752,-0.1550121440323469,-0.0150933951943775,0.0349818125677775,-0.0349818125677775
TSLA_2023-05-02,TSLA,2023-05-02,161.8800048828125,165.49000549316406,158.92999267578125,160.30999755859375,128259700.0,-0.0745295206738884,-0.2984859331288187,-0.1865077269013536,-0.0093925987472197,0.0346376891925584,-0.0346376891925584
TSLA_2023-05-03,TSLA,2023-05-03,160.00999450683594,165.0,159.91000366210938,160.61000061035156,119728000.0,-0.1146574203840457,-0.294146060695433,-0.2044017405397393,0.0018713932775662,0.0340926755560138,-0.0340926755560138
TSLA_2023-05-04,TSLA,2023-05-04,162.7100067138672,162.9499969482422,159.64999389648438,161.1999969482422,95108500.0,-0.1437829006740951,-0.2924238795285756,-0.2181033901013354,0.0036734719858571,0.0337293896567676,-0.0337293896567676
TSLA_2023-05-05,TSLA,2023-05-05,163.97000122070312,170.7899932861328,163.50999450683594,170.05999755859375,107607300.0,-0.1048531351559438,-0.2089496653720093,-0.1569014002639766,0.0549627839831554,0.034457747716449,-0.034457747716449
TSLA_2023-05-08,TSLA,2023-05-08,173.72000122070312,173.8000030517578,169.19000244140625,171.7899932861328,112249400.0,-0.1179400383475414,-0.2021271876175536,-0.1600336129825475,0.0101728551827304,0.0343245058185429,-0.0343245058185429
TSLA_2023-05-09,TSLA,2023-05-09,168.9499969482422,169.82000732421875,166.55999755859375,169.14999389648438,88965000.0,-0.1405416594950898,-0.1847014368282312,-0.1626215481616605,-0.0153675970244161,0.0343343263795916,-0.0343343263795916
TSLA_2023-05-10,TSLA,2023-05-10,172.5500030517578,174.42999267578125,166.67999267578125,168.5399932861328,119840700.0,-0.1627005866776796,-0.1448143306259331,-0.1537574586518064,-0.0036062703657255,0.0341902460989484,-0.0341902460989484
TSLA_2023-05-11,TSLA,2023-05-11,168.6999969482422,173.57000732421875,166.7899932861328,172.0800018310547,103889900.0,-0.1699787972612491,-0.1004704700161609,-0.135224633638705,0.0210039675207056,0.0340726772992592,-0.0340726772992592
TSLA_2023-05-12,TSLA,2023-05-12,176.07000732421875,177.3800048828125,167.22999572753906,167.97999572753906,157849600.0,-0.1468332762036126,-0.0541134118391846,-0.1004733440213986,-0.0238261625981439,0.0336323499682083,-0.0336323499682083
TSLA_2023-05-15,TSLA,2023-05-15,167.66000366210938,169.75999450683594,164.5500030517578,166.35000610351562,105592500.0,-0.1453452187363568,-0.1277789165331763,-0.1365620676347665,-0.0097034746129369,0.0336252216260589,-0.0336252216260589
TSLA_2023-05-16,TSLA,2023-05-16,165.64999389648438,169.52000427246094,164.35000610351562,166.52000427246094,98288800.0,-0.2042054754004256,-0.1502780872827334,-0.1772417813415795,0.001021930644472,0.0321524383780637,-0.0321524383780637
TSLA_2023-05-17,TSLA,2023-05-17,168.41000366210938,174.5,167.19000244140625,173.86000061035156,125473600.0,-0.1884802270699203,-0.0894998513276904,-0.1389900391988053,0.044078766211661,0.0325248802476207,-0.0325248802476207
TSLA_2023-05-18,TSLA,2023-05-18,174.22000122070312,177.05999755859375,172.4499969482422,176.88999938964844,109520300.0,-0.1244802748575946,-0.0901656153913951,-0.1073229451244948,0.0174278084013561,0.0318705491880967,-0.0318705491880967
TSLA_2023-05-19,TSLA,2023-05-19,177.1699981689453,181.9499969482422,176.30999755859375,180.13999938964844,136196700.0,-0.1352311386832096,-0.0362721958362575,-0.0857516672597336,0.0183730002329922,0.0317008870785006,-0.0317008870785006
TSLA_2023-05-22,TSLA,2023-05-22,180.6999969482422,189.32000732421875,180.11000061035156,188.8699951171875,132001400.0,-0.0430663232015239,0.0311186166141947,-0.0059738532936645,0.0484622835412351,0.0316483045742008,-0.0316483045742008
TSLA_2023-05-23,TSLA,2023-05-23,186.1999969482422,192.9600067138672,185.259994506836,185.7700042724609,156952100.0,-0.0751269356369452,0.0309673220237018,-0.0220798068066216,-0.0164133579968758,0.031629028770683,-0.031629028770683
TSLA_2023-05-24,TSLA,2023-05-24,182.22999572753903,184.22000122070312,178.22000122070312,182.8999938964844,137605100.0,-0.0948681780219679,0.0895335629741616,-0.0026673075239031,-0.0154492668890031,0.0316705813502238,-0.0316705813502238
TSLA_2023-05-25,TSLA,2023-05-25,186.5399932861328,186.77999877929688,180.5800018310547,184.47000122070312,96870700.0,-0.0630333368261347,0.0856924091859148,0.01132953617989,0.0085839659738167,0.0315352799621659,-0.0315352799621659
TSLA_2023-05-26,TSLA,2023-05-26,184.6199951171875,198.6000061035156,184.52999877929688,193.1699981689453,162061500.0,-0.0696431458547067,0.0544214049496947,-0.007610870452506,0.0471621233299248,0.0313387707075218,-0.0313387707075218
TSLA_2023-05-30,TSLA,2023-05-30,200.1000061035156,204.47999572753903,197.52999877929688,201.1600036621093,128818700.0,-0.0221185304713287,0.1000765776587324,0.0389790235937018,0.0413625592426416,0.0317609128880417,-0.0317609128880417
TSLA_2023-05-31,TSLA,2023-05-31,199.77999877929688,203.9499969482422,195.1199951171875,203.92999267578125,150711700.0,0.0057207100600622,0.1148589258536458,0.060289817956854,0.013770078361724,0.0317519761985727,-0.0317519761985727
TSLA_2023-06-01,TSLA,2023-06-01,202.58999633789065,209.8000030517578,199.3699951171875,207.5200042724609,148029900.0,0.0870613457692863,0.1475972027381942,0.1173292742537402,0.0176041373295552,0.0309028186905109,-0.0309028186905109
TSLA_2023-06-02,TSLA,2023-06-02,210.1499938964844,217.25,209.75,213.97000122070312,164398400.0,0.0818039763577094,0.0989728021289264,0.0903883892433179,0.0310813262116831,0.0308194632844302,-0.0308194632844302
TSLA_2023-06-05,TSLA,2023-06-05,217.8000030517578,221.2899932861328,214.5200042724609,217.6100006103516,151143100.0,0.1228006983724487,0.1176682281520511,0.1202344632622499,0.0170117276668795,0.0307500477873254,-0.0307500477873254
TSLA_2023-06-06,TSLA,2023-06-06,216.13999938964844,221.9100036621093,212.52999877929688,221.3099975585937,146911600.0,0.1789994653611841,0.1357384628214817,0.1573689640913329,0.0170028810158742,0.0304965714003788,-0.0304965714003788
TSLA_2023-06-07,TSLA,2023-06-07,228.0,230.8300018310547,223.1999969482422,224.57000732421875,185710800.0,0.233901139144059,0.2308578299835502,0.2323794845638046,0.0147305128624473,0.0302260299358284,-0.0302260299358284
TSLA_2023-06-08,TSLA,2023-06-08,224.22000122070312,235.22999572753903,223.009994506836,234.8600006103516,164489700.0,0.3582003417608761,0.3060838118357694,0.3321420767983227,0.0458208707776228,0.0298876856243447,-0.0298876856243447
TSLA_2023-06-09,TSLA,2023-06-09,249.07000732421875,252.4199981689453,242.0200042724609,244.3999938964844,200242400.0,0.4091327863019995,0.4042748984405859,0.4067038423712927,0.0406199151040636,0.0302147698338917,-0.0302147698338917
TSLA_2023-06-12,TSLA,2023-06-12,247.94000244140625,250.97000122070312,244.58999633789065,249.8300018310547,150337900.0,0.431854699384445,0.4404404884360833,0.4361475939102641,0.0222177089614419,0.030284556587274,-0.030284556587274
TSLA_2023-06-13,TSLA,2023-06-13,253.509994506836,259.67999267578125,251.33999633789065,258.7099914550781,162384300.0,0.4117101342891707,0.4449035858451959,0.4283068600671833,0.035544128242966,0.0299928901669494,-0.0299928901669494
TSLA_2023-06-14,TSLA,2023-06-14,260.1700134277344,261.57000732421875,250.5,256.7900085449219,170575500.0,0.4230535488375542,0.5301513367760622,0.4766024428068082,-0.0074213713175806,0.0299188813619509,-0.0299188813619509
TSLA_2023-06-15,TSLA,2023-06-15,248.3999938964844,258.95001220703125,247.2899932861328,255.8999938964844,160171200.0,0.3897788905146073,0.5899347545733471,0.4898568225439772,-0.0034659239799891,0.0298854854685307,-0.0298854854685307
TSLA_2023-06-16,TSLA,2023-06-16,258.9200134277344,263.6000061035156,257.2099914550781,260.5400085449219,167915600.0,0.4463998305802625,0.6616071650133879,0.5540034977968252,0.0181321405201535,0.0297174148292904,-0.0297174148292904
TSLA_2023-06-20,TSLA,2023-06-20,261.5,274.75,261.1199951171875,274.45001220703125,165611200.0,0.4976808305977149,0.7406609716133485,0.6191709011055317,0.0533891272200177,0.0302751196834059,-0.0302751196834059
TSLA_2023-06-21,TSLA,2023-06-21,275.1300048828125,276.989990234375,257.7799987792969,259.4599914550781,211797100.0,0.3131895386706966,0.7270851283630557,0.5201373335168762,-0.0546184007477668,0.0298504302136963,-0.0298504302136963
TSLA_2023-06-22,TSLA,2023-06-22,250.7700042724609,265.0,248.25,264.6099853515625,166875900.0,0.3843054867941022,0.7655968103866062,0.5749511485903542,0.0198488941111987,0.0295219424371336,-0.0295219424371336
TSLA_2023-06-23,TSLA,2023-06-23,259.2900085449219,262.45001220703125,252.8000030517578,256.6000061035156,177460800.0,0.3349287507749658,0.8621190161159606,0.5985238834454633,-0.0302708880672237,0.0298660104040871,-0.0298660104040871
TSLA_2023-06-26,TSLA,2023-06-26,250.07000732421875,258.3699951171875,240.6999969482422,241.0500030517578,179990600.0,0.2659524101449595,0.7521988094662386,0.5090756098055991,-0.0606001663362577,0.0309423508704468,-0.0309423508704468
TSLA_2023-06-27,TSLA,2023-06-27,243.2400054931641,250.38999938964844,240.8500061035156,250.2100067138672,164968200.0,0.3044680146947689,0.9960910232122886,0.6502795189535288,0.0380004295629174,0.0312318629010928,-0.0312318629010928
TSLA_2023-06-28,TSLA,2023-06-28,249.6999969482422,259.8800048828125,248.88999938964844,256.239990234375,159770800.0,0.3544055548798606,1.0807144706411425,0.7175600127605015,0.0240996896954786,0.0312359140996946,-0.0312359140996946
TSLA_2023-06-29,TSLA,2023-06-29,258.0299987792969,260.739990234375,253.6100006103516,257.5,131283400.0,0.3281410847685997,1.3602200146783678,0.8441805497234838,0.0049173033626503,0.0311362267772338,-0.0311362267772338
TSLA_2023-06-30,TSLA,2023-06-30,260.6000061035156,264.45001220703125,259.8900146484375,261.7699890136719,112620800.0,0.3404854089000748,1.3225090155265051,0.83149721221329,0.0165824816064927,0.0311693344171363,-0.0311693344171363
TSLA_2023-07-03,TSLA,2023-07-03,276.489990234375,284.25,275.1099853515625,279.82000732421875,119685900.0,0.3487901198718839,1.2969956331079149,0.8228928764898994,0.0689537344542736,0.0313745919553123,-0.0313745919553123
TSLA_2023-07-05,TSLA,2023-07-05,278.82000732421875,283.8500061035156,277.6000061035156,282.4800109863281,131530900.0,0.4503260501610451,1.2932295038682415,0.8717777770146433,0.009506123909958,0.0302031012634996,-0.0302031012634996
TSLA_2023-07-06,TSLA,2023-07-06,278.0899963378906,279.9700012207031,272.8800048828125,276.5400085449219,120332100.0,0.4359746905990949,1.5581869791711882,0.9970808348851417,-0.021028045208104,0.0303200676485545,-0.0303200676485545
TSLA_2023-07-07,TSLA,2023-07-07,278.42999267578125,280.7799987792969,273.7699890136719,274.42999267578125,113879200.0,0.4792474469370114,1.414906671504077,0.9470770592205442,-0.0076300564256251,0.0298752697478026,-0.0298752697478026
TSLA_2023-07-10,TSLA,2023-07-10,276.4700012207031,277.5199890136719,265.1000061035156,269.6099853515625,119425400.0,0.4568787901674893,1.443447474168338,0.9501631321679136,-0.0175637045981094,0.0300099786009622,-0.0300099786009622
TSLA_2023-07-11,TSLA,2023-07-11,268.6499938964844,270.8999938964844,266.3699951171875,269.7900085449219,91972400.0,0.4621972607284768,1.3862552129023546,0.9242262368154156,0.0006677170844566,0.0299950713161126,-0.0299950713161126
TSLA_2023-07-12,TSLA,2023-07-12,276.3299865722656,276.5199890136719,271.4599914550781,271.989990234375,95672100.0,0.4561272017271782,1.2709359427048188,0.8635315722159985,0.0081544224017726,0.0299864968673516,-0.0299864968673516
TSLA_2023-07-13,TSLA,2023-07-13,274.5899963378906,279.45001220703125,270.6000061035156,277.8999938964844,112681500.0,0.5392710990968543,1.3382414595234136,0.938756279310134,0.0217287542714961,0.0296061289580145,-0.0296061289580145
TSLA_2023-07-14,TSLA,2023-07-14,277.010009765625,285.29998779296875,276.3099975585937,281.3800048828125,120062400.0,0.5136095434166323,1.2835578809873909,0.8985837122020115,0.0125225299127729,0.029475501404534,-0.029475501404534
TSLA_2023-07-17,TSLA,2023-07-17,286.6300048828125,292.2300109863281,283.57000732421875,290.3800048828125,131569600.0,0.5696216480152028,1.3501133912301229,0.9598675196226628,0.0319852151674682,0.0296011301666671,-0.0296011301666671
TSLA_2023-07-18,TSLA,2023-07-18,290.1499938964844,295.260009765625,286.010009765625,293.3399963378906,112120300.0,0.5683276671697728,1.3965685676553692,0.982448117412571,0.0101935099018704,0.0295997676416254,-0.0295997676416254
TSLA_2023-07-19,TSLA,2023-07-19,296.0400085449219,299.2900085449219,289.5199890136719,291.260009765625,142355400.0,0.5802724411248013,1.2150733713427906,0.8976729062337959,-0.0070907022507415,0.029523988103342,-0.029523988103342
TSLA_2023-07-20,TSLA,2023-07-20,279.5599975585937,280.92999267578125,261.20001220703125,262.8999938964844,175158300.0,0.4557838154256819,1.0414660381154557,0.7486249267705687,-0.0973700986000849,0.0321825572424469,-0.0321825572424469
TSLA_2023-07-21,TSLA,2023-07-21,268.0,268.0,255.8000030517578,260.0199890136719,161796100.0,0.5953124746938998,1.0446645652084965,0.8199885199511981,-0.0109547544681438,0.0294008618304375,-0.0294008618304375
TSLA_2023-07-24,TSLA,2023-07-24,255.8500061035156,269.8500061035156,254.1199951171875,269.0599975585937,136508500.0,0.629876390684522,1.0166391939077375,0.8232577922961297,0.0347665907502461,0.0295898553158466,-0.0295898553158466
TSLA_2023-07-25,TSLA,2023-07-25,272.3800048828125,272.8999938964844,265.0,265.2799987792969,112757300.0,0.6319901187256738,0.8454260784646739,0.7387080985951738,-0.0140489066141229,0.0295738996293437,-0.0295738996293437
TSLA_2023-07-26,TSLA,2023-07-26,263.25,268.0400085449219,261.75,264.3500061035156,95856200.0,0.6452978721363416,0.8371673307723508,0.7412326014543462,-0.0035057022016762,0.0295041938755466,-0.0295041938755466
TSLA_2023-07-27,TSLA,2023-07-27,268.3099975585937,269.1300048828125,255.3000030517578,255.7100067138672,103697300.0,0.6631545152121443,0.7704771839730622,0.7168158495926032,-0.0326839386803915,0.0292399917651374,-0.0292399917651374
TSLA_2023-07-28,TSLA,2023-07-28,259.8599853515625,267.25,258.2300109863281,266.44000244140625,111446000.0,0.6632748509936739,0.6624445956116345,0.6628597233026542,0.0419615793117773,0.0292413802389795,-0.0292413802389795
TSLA_2023-07-31,TSLA,2023-07-31,267.4800109863281,269.0799865722656,263.7799987792969,267.42999267578125,84582200.0,0.6275941613377141,0.5032602689766936,0.5654272151572038,0.0037156216232685,0.0291640987421293,-0.0291640987421293
TSLA_2023-08-01,TSLA,2023-08-01,266.260009765625,266.4700012207031,260.25,261.07000732421875,83166000.0,0.6132361389748202,0.5664826688322806,0.5898594039035504,-0.0237818701183342,0.0292961924085915,-0.0292961924085915
TSLA_2023-08-02,TSLA,2023-08-02,255.57000732421875,259.5199890136719,250.4900054931641,254.1100006103516,101752900.0,0.5851163650443802,0.4669784021452861,0.5260473835948332,-0.0266595415735505,0.0295417096338487,-0.0295417096338487
TSLA_2023-08-03,TSLA,2023-08-03,252.0399932861328,260.489990234375,252.0,259.32000732421875,97569100.0,0.614594398473,0.4294691697775559,0.522031784125278,0.0205029581730475,0.0295749288311151,-0.0295749288311151
TSLA_2023-08-04,TSLA,2023-08-04,260.9700012207031,264.7699890136719,253.1100006103516,253.8600006103516,99539900.0,0.574813929381528,0.3483826145930822,0.4615982719873051,-0.0210550923941656,0.0297974487826895,-0.0297974487826895
TSLA_2023-08-07,TSLA,2023-08-07,251.4499969482422,253.6499938964844,242.759994506836,251.4499969482422,111097900.0,0.4785957930030295,0.3235603884782729,0.4010780907406512,-0.0094934359738244,0.0292491344303271,-0.0292491344303271
TSLA_2023-08-08,TSLA,2023-08-08,247.4499969482422,250.9199981689453,245.009994506836,249.6999969482422,96642200.0,0.453518870172739,0.2820907988856911,0.3678048345292151,-0.0069596342065584,0.0292954788101412,-0.0292954788101412
TSLA_2023-08-09,TSLA,2023-08-09,250.8699951171875,251.1000061035156,241.8999938964844,242.19000244140625,101596300.0,0.4318061553677652,0.2305777422170951,0.3311919487924302,-0.0300760696780969,0.0295292659740916,-0.0295292659740916
TSLA_2023-08-10,TSLA,2023-08-10,245.3999938964844,251.8000030517578,243.0,245.33999633789065,109498600.0,0.4556782135464627,0.2188385141885367,0.3372583638674997,0.0130062920216802,0.029514940588609,-0.029514940588609
TSLA_2023-08-11,TSLA,2023-08-11,241.7700042724609,243.7899932861328,238.0200042724609,242.6499938964844,99038600.0,0.4100999030364618,0.17041281750012,0.2902563602682909,-0.0109643860828199,0.0295347920950529,-0.0295347920950529
TSLA_2023-08-14,TSLA,2023-08-14,235.6999969482422,240.6600036621093,233.75,239.759994506836,98595300.0,0.4273127789318613,0.2177357674340134,0.3225242731829374,-0.0119101564489686,0.0293790799773618,-0.0293790799773618
TSLA_2023-08-15,TSLA,2023-08-15,238.72999572753903,240.5,232.6100006103516,232.9600067138672,88197600.0,0.4004207884964053,0.1968763226694538,0.2986485555829296,-0.0283616447646145,0.0296338160847835,-0.0296338160847835
TSLA_2023-08-16,TSLA,2023-08-16,228.0200042724609,233.97000122070312,225.3800048828125,225.6000061035156,112484500.0,0.3547922190440713,0.0781362298853791,0.2164642244647252,-0.0315934083028744,0.0300011789297141,-0.0300011789297141
TSLA_2023-08-17,TSLA,2023-08-17,226.0599975585937,226.7400054931641,218.8300018310547,219.22000122070312,120718400.0,0.260899576964863,0.0232449383861592,0.1420722576755111,-0.0282801627225357,0.0298766114250591,-0.0298766114250591
TSLA_2023-08-18,TSLA,2023-08-18,214.1199951171875,217.5800018310547,212.3600006103516,215.4900054931641,136276600.0,0.2182147449641209,0.0665710386754128,0.1423928918197669,-0.017014851321818,0.0299443968474261,-0.0299443968474261
TSLA_2023-08-21,TSLA,2023-08-21,221.5500030517578,232.1300048828125,220.5800018310547,231.27999877929688,135702700.0,0.2838903051122534,0.1102683572075897,0.1970793311599216,0.073274828918382,0.0311561446133575,-0.0311561446133575
TSLA_2023-08-22,TSLA,2023-08-22,240.25,240.82000732421875,229.5500030517578,233.19000244140625,130442800.0,0.23465880483938,0.18148658970656,0.20807269727297,0.0082584039786857,0.0306478018030358,-0.0306478018030358
TSLA_2023-08-23,TSLA,2023-08-23,229.33999633789065,238.97999572753903,229.2899932861328,236.8600006103516,101077600.0,0.2750174687134052,0.1792293134053924,0.2271233910593988,0.0157382311871088,0.0305731112862578,-0.0305731112862578
TSLA_2023-08-24,TSLA,2023-08-24,238.6600036621093,238.9199981689453,228.17999267578125,230.0399932861328,99777400.0,0.2577364732790979,0.1384173056273343,0.1980768894532161,-0.0287934109036759,0.0307579934652712,-0.0307579934652712
TSLA_2023-08-25,TSLA,2023-08-25,231.3099975585937,239.0,230.3500061035156,238.58999633789065,106612200.0,0.2933810091562661,0.2118548883615931,0.2526179487589296,0.0371674634902419,0.0310345551206266,-0.0310345551206266
TSLA_2023-08-28,TSLA,2023-08-28,242.5800018310547,244.3800048828125,235.3500061035156,238.82000732421875,107673700.0,0.2363203892322254,0.1502191480417778,0.1932697686370016,0.0009640428763089,0.0305539680392643,-0.0305539680392643
TSLA_2023-08-29,TSLA,2023-08-29,238.5800018310547,257.4800109863281,237.7700042724609,257.17999267578125,134047600.0,0.2784847285435994,0.2502065251181793,0.2643456268308893,0.0768779197240256,0.0315683370103076,-0.0315683370103076
TSLA_2023-08-30,TSLA,2023-08-30,254.1999969482422,260.510009765625,250.58999633789065,256.8999938964844,121988400.0,0.2597460065862782,0.2669526482392794,0.2633493274127788,-0.0010887269121663,0.031552695505587,-0.031552695505587
TSLA_2023-08-31,TSLA,2023-08-31,255.97999572753903,261.17999267578125,255.0500030517578,258.0799865722656,108861700.0,0.2436390769991629,0.3519119686939833,0.2977755228465731,0.0045931985356788,0.0315058449905864,-0.0315058449905864
TSLA_2023-09-01,TSLA,2023-09-01,257.260009765625,259.0799865722656,242.009994506836,245.009994506836,132541600.0,0.1450670332712487,0.2387380697889625,0.1919025515301056,-0.0506431832976319,0.0320487711438832,-0.0320487711438832
TSLA_2023-09-05,TSLA,2023-09-05,245.0,258.0,244.8600006103516,256.489990234375,129469600.0,0.1786682115480584,0.3234094910755651,0.2510388513118118,0.0468552140113562,0.0324819621841021,-0.0324819621841021
TSLA_2023-09-06,TSLA,2023-09-06,255.13999938964844,255.38999938964844,245.0599975585937,251.9199981689453,116959800.0,0.138312778220728,0.3420701569360425,0.2401914675783852,-0.0178174285135015,0.0325383450748176,-0.0325383450748176
TSLA_2023-09-07,TSLA,2023-09-07,245.07000732421875,252.8099975585937,243.2700042724609,251.4900054931641,115312900.0,0.1198735240279886,0.3818132169954071,0.2508433705116979,-0.0017068620153484,0.0325052307338597,-0.0325052307338597
TSLA_2023-09-08,TSLA,2023-09-08,251.22000122070312,256.5199890136719,246.6699981689453,248.5,118367700.0,0.0580771495963592,0.4370807461911488,0.247578947893754,-0.0118891623040875,0.0320697849220668,-0.0320697849220668
TSLA_2023-09-11,TSLA,2023-09-11,264.2699890136719,274.8500061035156,260.6099853515625,273.5799865722656,174667900.0,0.1193944083654126,0.5773753616308324,0.3483848849981225,0.1009254992847712,0.0340952683062147,-0.0340952683062147
TSLA_2023-09-12,TSLA,2023-09-12,270.760009765625,278.3900146484375,266.6000061035156,267.4800109863281,135999900.0,0.070648076795873,0.5330124801470888,0.3018302784714809,-0.0222968633867017,0.0341383417878413,-0.0341383417878413
TSLA_2023-09-13,TSLA,2023-09-13,270.07000732421875,274.9800109863281,268.1000061035156,271.29998779296875,111673700.0,0.0486645153017861,0.4804103237209727,0.2645374195113794,0.0142813543058957,0.0339021752504687,-0.0339021752504687
TSLA_2023-09-14,TSLA,2023-09-14,271.32000732421875,276.7099914550781,270.4200134277344,276.0400085449219,107709800.0,0.0749639758535716,0.5297313007109521,0.3023476382822618,0.0174715111140006,0.0339437313608384,-0.0339437313608384
TSLA_2023-09-15,TSLA,2023-09-15,277.54998779296875,278.9800109863281,271.0,274.3900146484375,133692300.0,0.0722548698435396,0.4901971833600393,0.2812260266017895,-0.0059773722844812,0.0339513838209313,-0.0339513838209313
TSLA_2023-09-18,TSLA,2023-09-18,271.1600036621094,271.44000244140625,263.760009765625,265.2799987792969,101543300.0,0.0181929457239491,0.4727141041931384,0.2454535249585437,-0.0332009744626197,0.0341652781783803,-0.0341652781783803
TSLA_2023-09-19,TSLA,2023-09-19,264.3500061035156,267.8500061035156,261.20001220703125,266.5,103704000.0,-0.0289670681487679,0.4542974079126876,0.2126651698819598,0.0045989189773711,0.0335018254485608,-0.0335018254485608
TSLA_2023-09-20,TSLA,2023-09-20,267.0400085449219,273.92999267578125,262.4599914550781,262.5899963378906,122514600.0,0.0120635357507687,0.3290312476179862,0.1705473916843775,-0.0146716835351196,0.0328209364129731,-0.0328209364129731
TSLA_2023-09-21,TSLA,2023-09-21,257.8500061035156,260.8599853515625,254.2100067138672,255.6999969482422,119951500.0,-0.0336721548564482,0.3376929380741402,0.152010391608846,-0.0262386209898972,0.0329011402197963,-0.0329011402197963
TSLA_2023-09-22,TSLA,2023-09-22,257.3999938964844,257.7900085449219,244.47999572753903,244.8800048828125,127524100.0,-0.0456742047620027,0.2739569416693854,0.1141413684536913,-0.0423151826146475,0.0331140877070222,-0.0331140877070222
TSLA_2023-09-25,TSLA,2023-09-25,243.3800048828125,247.1000061035156,238.3099975585937,246.9900054931641,104636600.0,0.0246422002331643,0.2971482629214084,0.1608952315772863,0.0086164675280913,0.032214008053171,-0.032214008053171
TSLA_2023-09-26,TSLA,2023-09-26,242.97999572753903,249.5500030517578,241.6600036621093,244.1199951171875,101993600.0,-0.0243396004686736,0.2727177843929342,0.1241890919621303,-0.0116199453910941,0.0318971371074182,-0.0318971371074182
TSLA_2023-09-27,TSLA,2023-09-27,244.259994506836,245.3300018310547,234.5800018310547,240.5,136597200.0,-0.0614267516166313,0.2712088212720696,0.1048910348277191,-0.014828753029631,0.0318017288748861,-0.0318017288748861
TSLA_2023-09-28,TSLA,2023-09-28,240.0200042724609,247.5500030517578,238.6499938964844,246.3800048828125,117058900.0,-0.0431844470570388,0.270786046409132,0.1138007996760466,0.024449084751819,0.0319503809298175,-0.0319503809298175
TSLA_2023-09-29,TSLA,2023-09-29,250.0,254.7700042724609,246.3500061035156,250.22000122070312,128522700.0,-0.0441226583554829,0.2813396291726671,0.118608485408592,0.0155856654833539,0.0319421800694237,-0.0319421800694237
TSLA_2023-10-02,TSLA,2023-10-02,244.8099975585937,254.27999877929688,242.6199951171875,251.6000061035156,123810400.0,-0.1008505485027935,0.2127638964676557,0.055956673982431,0.0055151661581012,0.030702243847033,-0.030702243847033
TSLA_2023-10-03,TSLA,2023-10-03,248.6100006103516,250.0200042724609,244.4499969482422,246.52999877929688,101985300.0,-0.1272656853895803,0.2657493113489368,0.0692418129796782,-0.020151062008054,0.0307623429397018,-0.0307623429397018
TSLA_2023-10-04,TSLA,2023-10-04,248.13999938964844,261.8599853515625,247.6000061035156,261.1600036621094,129721600.0,-0.0556158400505514,0.3561117518900956,0.150247955919772,0.0593437105230745,0.0316027848992099,-0.0316027848992099
TSLA_2023-10-05,TSLA,2023-10-05,260.0,263.6000061035156,256.25,260.04998779296875,119159200.0,-0.0523995381940683,0.4017355638427573,0.1746680128243444,-0.004250328739376,0.0315932169058175,-0.0315932169058175
TSLA_2023-10-06,TSLA,2023-10-06,253.97999572753903,261.6499938964844,250.6499938964844,260.5299987792969,118121800.0,-0.033678228053852,0.4078136940254084,0.1870677329857782,0.0018458412184594,0.0315173641934243,-0.0315173641934243
TSLA_2023-10-09,TSLA,2023-10-09,255.3099975585937,261.3599853515625,252.0500030517578,259.6700134277344,101377900.0,-0.0375106371498648,0.4073493098397645,0.1849193363449498,-0.0033009072106549,0.0315198539374659,-0.0315198539374659
TSLA_2023-10-10,TSLA,2023-10-10,257.75,268.94000244140625,257.6499938964844,263.6199951171875,122656000.0,-0.0307731733435301,0.4113175469381984,0.1902721867973341,0.0152115434405073,0.0315622538342983,-0.0315622538342983
TSLA_2023-10-11,TSLA,2023-10-11,266.20001220703125,268.6000061035156,260.8999938964844,262.989990234375,103706300.0,-0.0536524073032662,0.4566854991379638,0.2015165459173488,-0.0023898220714724,0.0314403568863039,-0.0314403568863039
TSLA_2023-10-12,TSLA,2023-10-12,262.9200134277344,265.4100036621094,256.6300048828125,258.8699951171875,111508100.0,-0.0799986117528138,0.3925228812074912,0.1562621347273387,-0.0156659769199419,0.0314541646358575,-0.0314541646358575
TSLA_2023-10-13,TSLA,2023-10-13,258.8999938964844,259.6000061035156,250.22000122070312,251.1199951171875,102073800.0,-0.1352021802653699,0.3574053790118243,0.1111015993732272,-0.0299378071857716,0.0313792801387143,-0.0313792801387143
TSLA_2023-10-16,TSLA,2023-10-16,250.0500030517578,255.3999938964844,248.47999572753903,253.9199981689453,88917200.0,-0.1343833049058146,0.3575706120802722,0.1115936535872287,0.01115006015531,0.031385419255093,-0.031385419255093
TSLA_2023-10-17,TSLA,2023-10-17,250.1000061035156,257.17999267578125,247.0800018310547,254.8500061035156,93562900.0,-0.1250085917782132,0.3827248086338704,0.1288581084278285,0.003662602163188,0.0313854674516122,-0.0313854674516122
TSLA_2023-10-18,TSLA,2023-10-18,252.6999969482422,254.6300048828125,242.0800018310547,242.67999267578125,125147800.0,-0.0769113795744881,0.3438174738190807,0.1334530471222962,-0.0477536320826733,0.0295110239440666,-0.0295110239440666
TSLA_2023-10-19,TSLA,2023-10-19,225.9499969482422,230.6100006103516,216.77999877929688,220.1100006103516,170772700.0,-0.1534881551018826,0.3504509061421144,0.0984813755201158,-0.0930031018073377,0.031693870207482,-0.031693870207482
TSLA_2023-10-20,TSLA,2023-10-20,217.009994506836,218.8600006103516,210.4199981689453,211.9900054931641,138010100.0,-0.2121087957454596,0.2841652722424719,0.0360282382485061,-0.0368906233004917,0.0316333178266734,-0.0316333178266734
TSLA_2023-10-23,TSLA,2023-10-23,210.0,216.97999572753903,202.509994506836,212.0800018310547,150683400.0,-0.2005428120968237,0.3047062310021977,0.0520817094526869,0.0004245310418349,0.0316064635684899,-0.0316064635684899
TSLA_2023-10-24,TSLA,2023-10-24,216.5,222.0500030517578,214.1100006103516,216.5200042724609,118231100.0,-0.180934370065137,0.3476069380718423,0.0833362840033526,0.0209355073702006,0.0317505773632759,-0.0317505773632759
TSLA_2023-10-25,TSLA,2023-10-25,215.8800048828125,220.1000061035156,212.1999969482422,212.4199981689453,107065100.0,-0.1692933690833705,0.3815934840256605,0.1061500574711449,-0.0189359228829327,0.0315878052034541,-0.0315878052034541
TSLA_2023-10-26,TSLA,2023-10-26,211.32000732421875,214.8000030517578,204.8800048828125,205.759994506836,115112600.0,-0.2277436097378605,0.2844746324421723,0.0283655113521558,-0.0313529974555991,0.0312740427749664,-0.0312740427749664
TSLA_2023-10-27,TSLA,2023-10-27,210.6000061035156,212.4100036621093,205.7700042724609,207.3000030517578,94881200.0,-0.224843851740003,0.2616396210330027,0.0183978846464998,0.0074844896288654,0.0312918958395666,-0.0312918958395666
TSLA_2023-10-30,TSLA,2023-10-30,209.27999877929688,210.8800048828125,194.6699981689453,197.3600006103516,136448200.0,-0.2440341859520718,0.2195513710516365,-0.0122414074502176,-0.0479498422338394,0.0316894477178316,-0.0316894477178316
TSLA_2023-10-31,TSLA,2023-10-31,196.1199951171875,202.8000030517578,194.07000732421875,200.83999633789065,118068300.0,-0.2096336395439404,0.2528226523394654,0.0215945063977625,0.0176327306281764,0.0316686176039016,-0.0316686176039016
TSLA_2023-11-01,TSLA,2023-11-01,204.0399932861328,205.9900054931641,197.8500061035156,205.6600036621093,121661700.0,-0.2069258142316039,0.2804931379151878,0.0367836618417919,0.0239992402514761,0.0317139240250096,-0.0317139240250096
TSLA_2023-11-02,TSLA,2023-11-02,212.97000122070312,219.1999969482422,211.4499969482422,218.509994506836,125987600.0,-0.1392500040121489,0.3555210833967621,0.1081355396923066,0.0624817203924525,0.0326860798247089,-0.0326860798247089
TSLA_2023-11-03,TSLA,2023-11-03,221.1499938964844,226.3699951171875,218.3999938964844,219.9600067138672,119534800.0,-0.1252336075424841,0.29342590774812,0.0840961501028179,0.0066359079377755,0.0326884669395998,-0.0326884669395998
TSLA_2023-11-06,TSLA,2023-11-06,223.97999572753903,226.32000732421875,215.0,219.2700042724609,117335800.0,-0.1218662116447234,0.2763840319106687,0.0772589101329726,-0.0031369449915678,0.0326819062659186,-0.0326819062659186
TSLA_2023-11-07,TSLA,2023-11-07,219.97999572753903,223.1199951171875,215.72000122070312,222.17999267578125,116900100.0,-0.0826211221103814,0.3135087241667293,0.1154438010281739,0.0132712561983829,0.0325273769399378,-0.0325273769399378
TSLA_2023-11-08,TSLA,2023-11-08,223.1499938964844,224.1499938964844,217.63999938964844,222.1100006103516,106584800.0,-0.0946849110389075,0.3178474513955402,0.1115812701783163,-0.0003150241594066,0.0324790989763943,-0.0324790989763943
TSLA_2023-11-09,TSLA,2023-11-09,219.75,220.8000030517578,206.67999267578125,209.97999572753903,142110500.0,-0.134638363860345,0.2202463592120014,0.0428039976758282,-0.0546126011862575,0.0331522737998387,-0.0331522737998387
TSLA_2023-11-10,TSLA,2023-11-10,210.02999877929688,215.3800048828125,205.69000244140625,214.6499938964844,130994000.0,-0.1047297346748798,0.2778306902962622,0.0865504778106911,0.0222402050860357,0.0332625812324283,-0.0332625812324283
TSLA_2023-11-13,TSLA,2023-11-13,215.6000061035156,225.3999938964844,211.6100006103516,223.7100067138672,140447600.0,-0.0397063862183061,0.3448151398002221,0.152554376790958,0.0422083068949539,0.0335208729912043,-0.0335208729912043
TSLA_2023-11-14,TSLA,2023-11-14,235.02999877929688,238.13999938964844,230.72000122070312,237.4100036621093,149771600.0,0.0523492785420169,0.4257146142853669,0.2390319464136919,0.0612399827324885,0.034148415523031,-0.034148415523031
TSLA_2023-11-15,TSLA,2023-11-15,239.2899932861328,246.6999969482422,236.4499969482422,242.83999633789065,150354000.0,0.1077456207721108,0.396755984616234,0.2522508026941724,0.022871793909365,0.0340397710342175,-0.0340397710342175
TSLA_2023-11-16,TSLA,2023-11-16,239.4900054931641,240.8800048828125,230.9600067138672,233.58999633789065,136816800.0,0.0839945722925916,0.3205381714279109,0.2022663718602513,-0.0380909246396521,0.034333870842661,-0.034333870842661
TSLA_2023-11-17,TSLA,2023-11-17,232.0,237.38999938964844,226.5399932861328,234.3000030517578,142532800.0,0.0130577840211025,0.3006550674231967,0.1568564257221496,0.0030395424675639,0.0330954366891946,-0.0330954366891946
TSLA_2023-11-20,TSLA,2023-11-20,234.0399932861328,237.1000061035156,231.0200042724609,235.6000061035156,116320100.0,0.010334935618498,0.2474189240982067,0.1288769298583524,0.005548455120893,0.0330872700446221,-0.0330872700446221
TSLA_2023-11-21,TSLA,2023-11-21,235.0399932861328,243.6199951171875,233.33999633789065,241.1999969482422,122288000.0,0.0183230445271767,0.2983796705655692,0.1583513575463729,0.023769060694617,0.0331615317326709,-0.0331615317326709
TSLA_2023-11-22,TSLA,2023-11-22,242.0399932861328,244.009994506836,231.3999938964844,234.2100067138672,117950600.0,0.0181273411121498,0.2805358913594202,0.149331616235785,-0.0289800593814889,0.0331642289097358,-0.0331642289097358
TSLA_2023-11-24,TSLA,2023-11-24,233.75,238.75,232.3300018310547,235.4499969482422,65125200.0,-0.0131606498086432,0.2763592746256109,0.1315993124084838,0.0052943520721977,0.03284241004332,-0.03284241004332
TSLA_2023-11-27,TSLA,2023-11-27,236.88999938964844,238.3300018310547,232.1000061035156,236.0800018310547,112031800.0,-0.0114730986061996,0.2221359634977091,0.1053314324457547,0.0026757481035388,0.0328436614166918,-0.0328436614166918
TSLA_2023-11-28,TSLA,2023-11-28,236.67999267578125,247.0,234.009994506836,246.72000122070312,148549900.0,-0.040671870880192,0.2264863627419766,0.0929072459308922,0.0450694650420355,0.031878473133571,-0.031878473133571
TSLA_2023-11-29,TSLA,2023-11-29,249.2100067138672,252.75,242.759994506836,244.13999938964844,135401300.0,-0.0496691117555162,0.197175541401579,0.0737532148230313,-0.0104572058134303,0.0319047151366129,-0.0319047151366129
TSLA_2023-11-30,TSLA,2023-11-30,245.13999938964844,245.22000122070312,236.9100036621093,240.0800018310547,132353200.0,-0.0697457597556512,0.1569005247120394,0.043577382478194,-0.0166297926138435,0.0319641102897249,-0.0319641102897249
TSLA_2023-12-01,TSLA,2023-12-01,233.13999938964844,240.19000244140625,231.8999938964844,238.8300018310547,121331700.0,-0.0252234309388912,0.1161845140371302,0.0454805415491195,-0.0052065977610231,0.0313239958580754,-0.0313239958580754
TSLA_2023-12-04,TSLA,2023-12-04,235.75,239.3699951171875,233.2899932861328,235.5800018310547,104099800.0,-0.0815236040369966,0.0825789309788194,0.0005276634709113,-0.0136080055900975,0.0307893008721995,-0.0307893008721995
TSLA_2023-12-05,TSLA,2023-12-05,233.8699951171875,246.6600036621093,233.6999969482422,238.72000122070312,137971100.0,-0.0523975748022587,0.0786679492755404,0.0131351872366408,0.0133288028068709,0.0307630642913963,-0.0307630642913963
TSLA_2023-12-06,TSLA,2023-12-06,242.9199981689453,246.57000732421875,239.1699981689453,239.3699951171875,126436200.0,-0.0481928112896956,0.0659036706161813,0.0088554296632428,0.0027228296462826,0.0307650676136402,-0.0307650676136402
TSLA_2023-12-07,TSLA,2023-12-07,241.5500030517578,244.0800018310547,236.97999572753903,242.63999938964844,107142300.0,-0.0235814913897447,0.0331261124034669,0.0047723105068611,0.0136608778842981,0.0307784937678235,-0.0307784937678235
TSLA_2023-12-08,TSLA,2023-12-08,240.2700042724609,245.2700042724609,239.2700042724609,243.83999633789065,103126800.0,-0.1087067464509843,-0.0022913157634157,-0.0554990311072,0.0049455858525417,0.027952256461489,-0.027952256461489
TSLA_2023-12-11,TSLA,2023-12-11,242.7400054931641,243.44000244140625,237.4499969482422,239.7400054931641,97913900.0,-0.1037087047771279,-0.0403874485207499,-0.0720480766489389,-0.0168142671682343,0.0278947415198218,-0.0278947415198218
TSLA_2023-12-12,TSLA,2023-12-12,238.5500030517578,238.9900054931641,233.8699951171875,237.009994506836,95328300.0,-0.1263914295208141,-0.0838776918749583,-0.1051345606978862,-0.0113873818460638,0.0278501640451471,-0.0278501640451471
TSLA_2023-12-13,TSLA,2023-12-13,234.19000244140625,240.3000030517578,228.1999969482422,239.2899932861328,146286300.0,-0.1331329304491326,-0.0681491283790649,-0.1006410294140988,0.0096198423363578,0.0277802050245514,-0.0277802050245514
TSLA_2023-12-14,TSLA,2023-12-14,241.22000122070312,253.8800048828125,240.7899932861328,251.0500030517578,160829200.0,-0.0850614466659221,-0.0189526805799319,-0.052007063622927,0.0491454306305356,0.0285076990852134,-0.0285076990852134
TSLA_2023-12-15,TSLA,2023-12-15,251.2100067138672,254.1300048828125,248.3000030517578,253.5,135932800.0,-0.044405906338598,-0.0270208348584898,-0.0357133705985439,0.0097589998743679,0.0282377331872886,-0.0282377331872886
TSLA_2023-12-18,TSLA,2023-12-18,253.77999877929688,258.739990234375,251.3600006103516,252.0800018310547,116416500.0,-0.0541088111405076,-0.0815085056695197,-0.0678086584050137,-0.0056015706861748,0.0282382854860824,-0.0282382854860824
TSLA_2023-12-19,TSLA,2023-12-19,253.47999572753903,258.3399963378906,253.009994506836,257.2200012207031,106737400.0,-0.02045011307391,-0.0086332779933157,-0.0145416955336128,0.0203903496997484,0.0282996713983974,-0.0282996713983974
TSLA_2023-12-20,TSLA,2023-12-20,256.4100036621094,259.8399963378906,247.0,247.13999938964844,125097000.0,-0.0334767213952155,-0.0660216429047578,-0.0497491821499866,-0.0391882504595967,0.028539844025795,-0.028539844025795
TSLA_2023-12-21,TSLA,2023-12-21,251.8999938964844,254.8000030517578,248.5500030517578,254.5,109594200.0,0.0392845268105541,-0.0081839674729721,0.015550279668791,0.0297806936494628,0.0282654180401134,-0.0282654180401134
TSLA_2023-12-22,TSLA,2023-12-22,256.760009765625,258.2200012207031,251.3699951171875,252.5399932861328,93370100.0,0.0224704954432755,0.0476664181244912,0.0350684567838833,-0.0077014016261971,0.0282693364007546,-0.0282693364007546
TSLA_2023-12-26,TSLA,2023-12-26,254.4900054931641,257.9700012207031,252.9100036621093,256.6099853515625,86892400.0,0.0511633233008188,0.0255784279843536,0.0383708756425862,0.0161162278198776,0.0282895714303239,-0.0282895714303239
TSLA_2023-12-27,TSLA,2023-12-27,258.3500061035156,263.3399963378906,257.5199890136719,261.44000244140625,106494400.0,0.0870686172199843,0.0202935232797774,0.0536810702498808,0.0188224050721428,0.0282999419868406,-0.0282999419868406
TSLA_2023-12-28,TSLA,2023-12-28,263.6600036621094,265.1300048828125,252.7100067138672,253.17999267578125,113619900.0,0.0275995927356325,-0.0167767274726942,0.0054114326314691,-0.0315942843042017,0.0284544679288786,-0.0284544679288786
TSLA_2023-12-29,TSLA,2023-12-29,255.1000061035156,255.19000244140625,247.42999267578125,248.47999572753903,100891600.0,-0.0069539025044977,-0.0507697361955373,-0.0288618193500175,-0.0185638560874,0.0284941565586808,-0.0284941565586808
TSLA_2024-01-02,TSLA,2024-01-02,250.0800018310547,251.25,244.4100036621093,248.4199981689453,104654200.0,-0.0126391409277706,-0.1122150251353943,-0.0624270830315825,-0.0002414583049957,0.0284863646801799,-0.0284863646801799
TSLA_2024-01-03,TSLA,2024-01-03,244.97999572753903,245.67999267578125,236.32000732421875,238.4499969482422,121082600.0,-0.0327749234213408,-0.1558694857181132,-0.094322204569727,-0.0401336498437727,0.0288258492222875,-0.0288258492222875
TSLA_2024-01-04,TSLA,2024-01-04,239.25,242.6999969482422,237.72999572753903,237.92999267578125,102629300.0,-0.0889493439293379,-0.1396181914953138,-0.1142837677123259,-0.0021807686270334,0.0278029480888912,-0.0278029480888912
TSLA_2024-01-05,TSLA,2024-01-05,236.8600006103516,240.1199951171875,234.8999938964844,237.4900054931641,92488900.0,-0.0867524835946739,-0.1346062317111928,-0.1106793576529333,-0.0018492295892124,0.0278001964622762,-0.0278001964622762
TSLA_2024-01-08,TSLA,2024-01-08,236.13999938964844,241.25,235.3000030517578,240.4499969482422,85166600.0,-0.0770736649335537,-0.1081561885228273,-0.0926149267281905,0.0124636464129572,0.0278502084733518,-0.0278502084733518
TSLA_2024-01-09,TSLA,2024-01-09,238.1100006103516,238.9600067138672,232.0399932861328,234.9600067138672,96705700.0,-0.0951592615091997,-0.1291004141291438,-0.1121298378191718,-0.0228321493202461,0.0279858916824645,-0.0279858916824645
TSLA_2024-01-10,TSLA,2024-01-10,235.1000061035156,235.5,231.2899932861328,233.94000244140625,91628500.0,-0.1125862727620018,-0.1398948092177249,-0.1262405409898633,-0.0043411825132567,0.0279093031206969,-0.0279093031206969
TSLA_2024-01-11,TSLA,2024-01-11,230.57000732421875,230.92999267578125,225.3699951171875,227.22000122070312,105873600.0,-0.1360127394270553,-0.1823677358361481,-0.1591902376316017,-0.0287253191013634,0.0281191723204205,-0.0281191723204205
TSLA_2024-01-12,TSLA,2024-01-12,220.0800018310547,225.33999633789065,217.1499938964844,218.88999938964844,123043800.0,-0.1544404391456822,-0.2220840301683466,-0.1882622346570144,-0.0366605130987724,0.0284075697274675,-0.0284075697274675
TSLA_2024-01-16,TSLA,2024-01-16,215.1000061035156,223.4900054931641,212.17999267578125,219.9100036621093,115355000.0,-0.1242831796030968,-0.2426820030158154,-0.1834825913094561,0.0046598943547215,0.0281974894390602,-0.0281974894390602
TSLA_2024-01-17,TSLA,2024-01-17,214.8600006103516,215.6699981689453,212.009994506836,215.5500030517578,103164400.0,-0.1511105678712949,-0.2651871352603706,-0.2081488515658328,-0.0198262950195325,0.0282396801131045,-0.0282396801131045
TSLA_2024-01-18,TSLA,2024-01-18,216.8800048828125,217.4499969482422,208.7400054931641,211.8800048828125,108595400.0,-0.1686089864296469,-0.2725400062531381,-0.2205744963413925,-0.017026203279914,0.0282906404468663,-0.0282906404468663
TSLA_2024-01-19,TSLA,2024-01-19,209.9900054931641,213.19000244140625,207.5599975585937,212.19000244140625,102260300.0,-0.1256386647213617,-0.1928870012642334,-0.1592628329927976,0.001463080760099,0.0276949401983978,-0.0276949401983978
TSLA_2024-01-22,TSLA,2024-01-22,212.259994506836,217.8000030517578,206.2700042724609,208.8000030517578,117952500.0,-0.0513833879752479,-0.1969848016539256,-0.1241840948145868,-0.015976244642273,0.0251881325170412,-0.0251881325170412
TSLA_2024-01-23,TSLA,2024-01-23,211.3000030517578,215.6499938964844,207.75,209.13999938964844,106605900.0,-0.0134440588219502,-0.2227012514407548,-0.1180726551313525,0.0016283349277841,0.0247549522174261,-0.0247549522174261
TSLA_2024-01-24,TSLA,2024-01-24,211.8800048828125,212.72999572753903,206.7700042724609,207.8300018310547,123369900.0,-0.0200396075221915,-0.2165636203731984,-0.118301613947695,-0.0062637351172268,0.024767814548817,-0.024767814548817
TSLA_2024-01-25,TSLA,2024-01-25,189.6999969482422,193.0,180.05999755859375,182.6300048828125,198076800.0,-0.156521331613325,-0.3091356131412486,-0.2328284723772868,-0.1212529313680481,0.0289523688338815,-0.0289523688338815
TSLA_2024-01-26,TSLA,2024-01-26,185.5,186.77999877929688,182.1000061035156,183.25,107343200.0,-0.1373222786008375,-0.2833678964896671,-0.2103450875452523,0.0033948152034783,0.0288817402657332,-0.0288817402657332
TSLA_2024-01-29,TSLA,2024-01-29,185.6300048828125,191.47999572753903,183.6699981689453,190.92999267578125,125013100.0,-0.0720742720984182,-0.2834034269393564,-0.1777388495188873,0.0419099191038541,0.02915132338875,-0.02915132338875
TSLA_2024-01-30,TSLA,2024-01-30,195.3300018310547,196.3600006103516,190.6100006103516,191.58999633789065,109982300.0,-0.0757839193564543,-0.2835882227683983,-0.1796860710624263,0.0034567835721344,0.0291373642151658,-0.0291373642151658
TSLA_2024-01-31,TSLA,2024-01-31,187.0,193.97000122070312,185.8500061035156,187.2899932861328,103221400.0,-0.0510235472896051,-0.2826062434144711,-0.1668148953520381,-0.0224437764703241,0.0286450374015702,-0.0286450374015702
TSLA_2024-02-01,TSLA,2024-02-01,188.5,189.8800048828125,184.27999877929688,188.8600006103516,91843300.0,-0.0596494520313776,-0.2567785598491787,-0.1582140059402781,0.0083827613887528,0.0285746376340588,-0.0285746376340588
TSLA_2024-02-02,TSLA,2024-02-02,185.0399932861328,188.69000244140625,182.0,187.9100036621093,110612700.0,-0.0863074962750778,-0.2753740615656702,-0.180840778920374,-0.0050301649114271,0.0284056809211633,-0.0284056809211633
TSLA_2024-02-05,TSLA,2024-02-05,184.259994506836,184.67999267578125,175.00999450683594,181.0599975585937,134294400.0,-0.1713880275031113,-0.2867722479978176,-0.2290801377504644,-0.0364536531851329,0.0275602367567722,-0.0275602367567722
TSLA_2024-02-06,TSLA,2024-02-06,177.2100067138672,186.4900054931641,177.11000061035156,185.1000061035156,122676000.0,-0.1584833585484423,-0.263869523364456,-0.2111764409564491,0.0223130928940529,0.0277152854101638,-0.0277152854101638
TSLA_2024-02-07,TSLA,2024-02-07,188.17999267578125,189.7899932861328,182.67999267578125,187.5800018310547,111535200.0,-0.1445250231400954,-0.2487785177268694,-0.1966517704334824,0.0133981396313525,0.0277858980646722,-0.0277858980646722
TSLA_2024-02-08,TSLA,2024-02-08,189.0,191.6199951171875,185.5800018310547,189.5599975585937,83034000.0,-0.1468178782631821,-0.217308742525594,-0.1820633103943881,0.010555473441792,0.0277637865608308,-0.0277637865608308
TSLA_2024-02-09,TSLA,2024-02-09,190.17999267578125,194.1199951171875,189.47999572753903,193.57000732421875,84476300.0,-0.1284948593386421,-0.2110132460521133,-0.1697540526953777,0.0211543037416717,0.0279177428116887,-0.0279177428116887
TSLA_2024-02-12,TSLA,2024-02-12,192.1100006103516,194.72999572753903,187.27999877929688,188.1300048828125,95498600.0,-0.1040574878050676,-0.2246857217599205,-0.164371604782494,-0.0281035399884784,0.0273017007274784,-0.0273017007274784
TSLA_2024-02-13,TSLA,2024-02-13,183.9900054931641,187.259994506836,182.1100006103516,184.0200042724609,86759500.0,-0.142697370114042,-0.2324824470780752,-0.1875899085960586,-0.0218465981166148,0.0272518066504982,-0.0272518066504982
TSLA_2024-02-14,TSLA,2024-02-14,185.3000030517578,188.88999938964844,183.3500061035156,188.7100067138672,81203000.0,-0.1564525454811961,-0.1899467665037888,-0.1731996559924924,0.0254863728535852,0.026892685907617,-0.026892685907617
TSLA_2024-02-15,TSLA,2024-02-15,189.1600036621093,200.8800048828125,188.8600006103516,200.4499969482422,120831800.0,-0.155680073053998,-0.1114805340197262,-0.1335803035368621,0.0622118055041767,0.0269299923163131,-0.0269299923163131
TSLA_2024-02-16,TSLA,2024-02-16,202.0599975585937,203.1699981689453,197.3999938964844,199.9499969482422,111346700.0,-0.1766183496806299,-0.0879025826346043,-0.1322604661576171,-0.0024943876658132,0.0267362445732936,-0.0267362445732936
TSLA_2024-02-20,TSLA,2024-02-20,196.1300048828125,198.6000061035156,189.1300048828125,193.759994506836,104545800.0,-0.1705124468320128,-0.1008399945816392,-0.135676220706826,-0.0309577521174381,0.0265987859744932,-0.0265987859744932
TSLA_2024-02-21,TSLA,2024-02-21,193.3600006103516,199.44000244140625,191.9499969482422,194.7700042724609,103500300.0,-0.1687153148289314,-0.1578605789499172,-0.1632879468894243,0.005212684735028,0.0266076336189704,-0.0266076336189704
TSLA_2024-02-22,TSLA,2024-02-22,194.0,198.32000732421875,191.3600006103516,197.4100036621093,92739500.0,-0.1620967803567321,-0.1534371045271866,-0.1577669424419593,0.0135544454060561,0.0266660967479626,-0.0266660967479626
TSLA_2024-02-23,TSLA,2024-02-23,195.3099975585937,197.57000732421875,191.5,191.97000122070312,78841900.0,-0.2041044624809969,-0.1895212331080549,-0.1968128477945259,-0.0275568732105256,0.0266363301310098,-0.0266363301310098
TSLA_2024-02-26,TSLA,2024-02-26,192.2899932861328,201.77999877929688,192.0,199.3999938964844,111747100.0,-0.1486273507515413,-0.1331942283250599,-0.1409107895383006,0.0387039257620216,0.0269453767125141,-0.0269453767125141
TSLA_2024-02-27,TSLA,2024-02-27,204.0399932861328,205.6000061035156,198.259994506836,199.72999572753903,108645400.0,-0.151709499612163,-0.1628735538237662,-0.1572915267179646,0.0016549741281635,0.026932981095155,-0.026932981095155
TSLA_2024-02-28,TSLA,2024-02-28,200.4199981689453,205.3000030517578,198.44000244140625,202.0399932861328,99806200.0,-0.1441884457849244,-0.1540072561347588,-0.1490978509598416,0.0115656016021996,0.0269824099417599,-0.0269824099417599
TSLA_2024-02-29,TSLA,2024-02-29,204.17999267578125,205.27999877929688,198.4499969482422,201.8800048828125,85907000.0,-0.1817444719359378,-0.2150244551203627,-0.1983844635281502,-0.0007918650199801,0.026299246989333,-0.026299246989333
TSLA_2024-03-01,TSLA,2024-03-01,200.5200042724609,204.5200042724609,198.5,202.63999938964844,82243100.0,-0.1699844355851162,-0.211210571412857,-0.1905975034989866,0.003764585340074,0.0262937571038198,-0.0262937571038198
TSLA_2024-03-04,TSLA,2024-03-04,198.72999572753903,199.75,186.72000122070312,188.13999938964844,134334900.0,-0.2163445603351697,-0.2710012043612422,-0.2436728823482059,-0.0715554680402388,0.0276423326129913,-0.0276423326129913
TSLA_2024-03-05,TSLA,2024-03-05,183.0500030517578,184.58999633789065,177.57000732421875,180.7400054931641,119660800.0,-0.2432273830445419,-0.2623157848847619,-0.2527715839646519,-0.0393323797198411,0.0280087301402878,-0.0280087301402878
TSLA_2024-03-06,TSLA,2024-03-06,179.99000549316406,181.5800018310547,173.6999969482422,176.5399932861328,107920900.0,-0.2506155364887984,-0.3117080587635626,-0.2811617976261805,-0.0232378669878381,0.0280880776811841,-0.0280880776811841
TSLA_2024-03-07,TSLA,2024-03-07,174.35000610351562,180.0399932861328,173.6999969482422,178.64999389648438,102129000.0,-0.2516337425312025,-0.2908463194864101,-0.2712400310088063,0.0119519694720489,0.0280747749127072,-0.0280747749127072
TSLA_2024-03-08,TSLA,2024-03-08,181.5,182.72999572753903,174.6999969482422,175.33999633789062,85544600.0,-0.2674938383482438,-0.3027953695652663,-0.285144603956755,-0.0185278347141263,0.0281179788107038,-0.0281179788107038
TSLA_2024-03-11,TSLA,2024-03-11,175.4499969482422,182.8699951171875,174.8000030517578,177.77000427246094,85391500.0,-0.267350788329894,-0.2846277494065958,-0.2759892688682449,0.0138588341811503,0.0281200553557884,-0.0281200553557884
TSLA_2024-03-12,TSLA,2024-03-12,177.77000427246094,179.42999267578125,172.41000366210938,177.5399932861328,87391700.0,-0.2718996228981463,-0.3510490459826235,-0.3114743344403849,-0.001293868373742,0.0280971349960921,-0.0280971349960921
TSLA_2024-03-13,TSLA,2024-03-13,173.0500030517578,176.0500030517578,169.14999389648438,169.47999572753906,106524500.0,-0.2930675237997707,-0.3663825752713843,-0.3297250495355775,-0.0453982080848895,0.0285246683571218,-0.0285246683571218
TSLA_2024-03-14,TSLA,2024-03-14,167.77000427246094,171.1699981689453,160.50999450683594,162.5,126325700.0,-0.3143749049987296,-0.4010320408712842,-0.3577034729350069,-0.0411847763954413,0.0288758298876319,-0.0288758298876319
TSLA_2024-03-15,TSLA,2024-03-15,163.16000366210938,165.17999267578125,160.75999450683594,163.57000732421875,97146800.0,-0.3164360737449281,-0.4074409423965806,-0.3619385080707543,0.0065846604567307,0.0288526306971304,-0.0288526306971304
TSLA_2024-03-18,TSLA,2024-03-18,170.02000427246094,174.72000122070312,165.89999389648438,173.8000030517578,108214400.0,-0.3077076242220707,-0.3665950152215296,-0.3371513197218002,0.0625420020142308,0.0293083820964474,-0.0293083820964474
TSLA_2024-03-19,TSLA,2024-03-19,172.36000061035156,172.82000732421875,167.4199981689453,171.32000732421875,77271400.0,-0.3241814306736933,-0.3541917667650827,-0.339186598719388,-0.0142692501955855,0.0292644041055455,-0.0292644041055455
TSLA_2024-03-20,TSLA,2024-03-20,173.0,176.25,170.82000732421875,175.66000366210938,83846700.0,-0.303157718239634,-0.3408630256581262,-0.3220103719488801,0.0253326882579294,0.0295256142393451,-0.0295256142393451
TSLA_2024-03-21,TSLA,2024-03-21,176.38999938964844,178.17999267578125,171.8000030517578,172.82000732421875,73178000.0,-0.3281237598007257,-0.3418637048844745,-0.3349937323426001,-0.0161675753084549,0.02937184679316,-0.02937184679316
TSLA_2024-03-22,TSLA,2024-03-22,166.69000244140625,171.1999969482422,166.3000030517578,170.8300018310547,75580600.0,-0.3087723466337033,-0.3319123822061154,-0.3203423644199094,-0.0115149022614651,0.0290707410566661,-0.0290707410566661
TSLA_2024-03-25,TSLA,2024-03-25,168.75999450683594,175.24000549316406,168.72999572753906,172.6300048828125,74228600.0,-0.3216895682404224,-0.2950424638980846,-0.3083660160692535,0.0105368087131318,0.0287947074258057,-0.0287947074258057
TSLA_2024-03-26,TSLA,2024-03-26,178.5800018310547,184.25,177.3800048828125,177.6699981689453,113186200.0,-0.2964678748223388,-0.2806591594093363,-0.2885635171158375,0.0291953492647709,0.029127159166725,-0.029127159166725
TSLA_2024-03-27,TSLA,2024-03-27,181.4100036621093,181.9100036621093,176.0,179.8300018310547,81804000.0,-0.2992088691144158,-0.2633540659185701,-0.2812814675164929,0.0121573911429628,0.0290848034381889,-0.0290848034381889
TSLA_2024-03-28,TSLA,2024-03-28,177.4499969482422,179.57000732421875,175.3000030517578,175.7899932861328,77654800.0,-0.3276086610902984,-0.2690644769807367,-0.2983365690355176,-0.0224657093020403,0.028999783758371,-0.028999783758371
TSLA_2024-04-01,TSLA,2024-04-01,176.1699981689453,176.75,170.2100067138672,175.22000122070312,81562100.0,-0.3079231918412787,-0.2888221537943216,-0.2983726728178001,-0.0032424602491559,0.028813331173369,-0.028813331173369
TSLA_2024-04-02,TSLA,2024-04-02,164.75,167.69000244140625,163.42999267578125,166.6300048828125,116650600.0,-0.3294027376532794,-0.3340660056354216,-0.3317343716443505,-0.0490240627670744,0.0292892995906478,-0.0292892995906478
TSLA_2024-04-03,TSLA,2024-04-03,164.02000427246094,168.82000732421875,163.27999877929688,168.3800048828125,82950100.0,-0.322196255841284,-0.3307631128850766,-0.3264796843631803,0.0105023102005592,0.0293539284200408,-0.0293539284200408
TSLA_2024-04-04,TSLA,2024-04-04,170.07000732421875,177.19000244140625,168.00999450683594,171.11000061035156,123162000.0,-0.282407201508614,-0.3059262505268748,-0.2941667260177444,0.0162133011543683,0.0291461487202348,-0.0291461487202348
TSLA_2024-04-05,TSLA,2024-04-05,169.0800018310547,170.86000061035156,160.50999450683594,164.89999389648438,143157600.0,-0.3069390199948951,-0.3685863394693732,-0.3377626797321342,-0.0362924825651101,0.0294118610807202,-0.0294118610807202
TSLA_2024-04-08,TSLA,2024-04-08,169.33999633789062,174.5,167.7899932861328,172.97999572753906,104423300.0,-0.2716325246263127,-0.3348202120845625,-0.3032263683554376,0.0489994064895289,0.0301971674902457,-0.0301971674902457
TSLA_2024-04-09,TSLA,2024-04-09,172.91000366210938,179.22000122070312,171.9199981689453,176.8800048828125,102951700.0,-0.2643792591900651,-0.3210762456854226,-0.2927277524377438,0.0225460125540548,0.0303153297084346,-0.0303153297084346
TSLA_2024-04-10,TSLA,2024-04-10,173.0399932861328,174.92999267578125,170.00999450683594,171.75999450683594,84532400.0,-0.2689819986428406,-0.3385451318019191,-0.3037635652223799,-0.0289462360619489,0.0303849952068329,-0.0303849952068329
TSLA_2024-04-11,TSLA,2024-04-11,172.5500030517578,175.8800048828125,168.50999450683594,174.60000610351562,94516000.0,-0.2536547649765593,-0.3376829931815287,-0.295668879079044,0.0165347676263849,0.0305003348041499,-0.0305003348041499
TSLA_2024-04-12,TSLA,2024-04-12,172.33999633789062,173.80999755859375,170.36000061035156,171.0500030517578,64722700.0,-0.2472053422549994,-0.3495950058809495,-0.2984001740679745,-0.0203322046257725,0.0304095242782996,-0.0304095242782996
TSLA_2024-04-15,TSLA,2024-04-15,170.24000549316406,170.69000244140625,161.3800048828125,161.47999572753906,100245300.0,-0.2622778739192795,-0.3762120030386723,-0.3192449384789759,-0.0559485948756339,0.0308374037990277,-0.0308374037990277
TSLA_2024-04-16,TSLA,2024-04-16,156.74000549316406,158.19000244140625,153.75,157.11000061035156,97000000.0,-0.2855713792277028,-0.374362839816739,-0.3299671095222209,-0.0270621453604746,0.0309468935120407,-0.0309468935120407
TSLA_2024-04-17,TSLA,2024-04-17,157.63999938964844,158.3300018310547,153.77999877929688,155.4499969482422,82439700.0,-0.2788216434823451,-0.3877993144722151,-0.3333104789772801,-0.0105658688540543,0.0308965255606139,-0.0308965255606139
TSLA_2024-04-18,TSLA,2024-04-18,151.25,152.1999969482422,148.6999969482422,149.92999267578125,96098800.0,-0.2923825315243636,-0.4116931956639533,-0.3520378635941585,-0.0355098384099605,0.0311025816117008,-0.0311025816117008
TSLA_2024-04-19,TSLA,2024-04-19,148.97000122070312,150.94000244140625,146.22000122070312,147.0500030517578,87074500.0,-0.3069890128665985,-0.3940579879272718,-0.3505235003969352,-0.0192088959161848,0.031142437885911,-0.031142437885911
TSLA_2024-04-22,TSLA,2024-04-22,140.55999755859375,144.44000244140625,138.8000030517578,142.0500030517578,107097600.0,-0.3196839033735735,-0.3546408493123355,-0.3371623763429545,-0.0340020394167562,0.0313242295961579,-0.0313242295961579
TSLA_2024-04-23,TSLA,2024-04-23,143.3300018310547,147.25999450683594,141.11000061035156,144.67999267578125,124545100.0,-0.3082146260972863,-0.3175150293561992,-0.3128648277267428,0.0185145340902608,0.0314590583008191,-0.0314590583008191
TSLA_2024-04-24,TSLA,2024-04-24,162.83999633789062,167.97000122070312,157.50999450683594,162.1300048828125,181178000.0,-0.2198912406563503,-0.2355243140182209,-0.2277077773372856,0.1206110940725275,0.0352332464612351,-0.0352332464612351
TSLA_2024-04-25,TSLA,2024-04-25,158.9600067138672,170.8800048828125,158.36000061035156,170.17999267578125,126427500.0,-0.0681706832073951,-0.2140218487081086,-0.1410962659577518,0.0496514374300258,0.0324783117236514,-0.0324783117236514
TSLA_2024-04-26,TSLA,2024-04-26,168.85000610351562,172.1199951171875,166.3699951171875,168.2899932861328,109815700.0,-0.0816371444140091,-0.2077488243254494,-0.1446929843697292,-0.0111058847748876,0.0325008606652477,-0.0325008606652477
TSLA_2024-04-29,TSLA,2024-04-29,188.4199981689453,198.8699951171875,184.5399932861328,194.0500030517578,243869700.0,0.0163411223781622,-0.0569109242209332,-0.0202849009213855,0.1530691710339953,0.0374929936962981,-0.0374929936962981
TSLA_2024-04-30,TSLA,2024-04-30,186.97999572753903,190.9499969482422,182.83999633789065,183.27999877929688,127031800.0,-0.0433738593738378,-0.1158707376693271,-0.0796222985215824,-0.0555011806394474,0.0381587076029992,-0.0381587076029992
TSLA_2024-05-01,TSLA,2024-05-01,182.0,185.8600006103516,179.00999450683594,179.99000549316406,92829700.0,-0.0389769237794577,-0.0880117301553984,-0.063494326967428,-0.0179506400482606,0.0381202809035457,-0.0381202809035457
TSLA_2024-05-02,TSLA,2024-05-02,182.8600006103516,184.6000061035156,176.02000427246094,180.00999450683594,89148000.0,-0.0468601401827517,-0.1037144105301146,-0.0752872753564332,0.0001110562423569,0.0381054005771894,-0.0381054005771894
TSLA_2024-05-03,TSLA,2024-05-03,182.1000061035156,184.77999877929688,178.4199981689453,181.19000244140625,75491500.0,-0.0357618066613771,-0.1189827909412382,-0.0773722988013076,0.0065552356567928,0.0381090303096234,-0.0381090303096234
TSLA_2024-05-06,TSLA,2024-05-06,183.8000030517578,187.5599975585937,182.1999969482422,184.759994506836,84390300.0,0.0204351982665023,-0.1544551775591397,-0.0670099896463187,0.0197030300641682,0.0378960672808549,-0.0378960672808549
TSLA_2024-05-07,TSLA,2024-05-07,182.3999938964844,183.259994506836,177.39999389648438,177.80999755859375,75045900.0,-0.039384161558833,-0.191625785909817,-0.115504973734325,-0.0376163517800121,0.0381041824055318,-0.0381041824055318
TSLA_2024-05-08,TSLA,2024-05-08,171.58999633789062,176.05999755859375,170.14999389648438,174.72000122070312,79969500.0,-0.0685574180873184,-0.2031741787919189,-0.1358657984396186,-0.0173780798623113,0.0381276253120018,-0.0381276253120018
TSLA_2024-05-09,TSLA,2024-05-09,175.00999450683594,175.6199951171875,171.3699951171875,171.97000122070312,65950300.0,-0.0927938202386473,-0.2259879066984561,-0.1593908634685517,-0.015739468754503,0.0381493007235974,-0.0381493007235974
TSLA_2024-05-10,TSLA,2024-05-10,173.0500030517578,173.05999755859375,167.75,168.47000122070312,72627200.0,-0.1296688802696305,-0.2415019550774272,-0.1855854176735288,-0.0203523868997835,0.0381215307779787,-0.0381215307779787
TSLA_2024-05-13,TSLA,2024-05-13,170.0,175.39999389648438,169.0,171.88999938964844,67018900.0,-0.0863233140470074,-0.1813982146533355,-0.1338607643501714,0.020300339194899,0.0380646495833414,-0.0380646495833414
TSLA_2024-05-14,TSLA,2024-05-14,174.5,179.49000549316406,174.07000732421875,177.5500030517578,86407400.0,-0.0351592276409448,-0.1728394684353831,-0.1039993480381639,0.0329280567933392,0.0382001388038166,-0.0382001388038166
TSLA_2024-05-15,TSLA,2024-05-15,179.89999389648438,180.0,173.11000061035156,173.99000549316406,79663000.0,-0.078003289157964,-0.2222520214944909,-0.1501276553262275,-0.0200506758513316,0.0381433417523907,-0.0381433417523907
TSLA_2024-05-16,TSLA,2024-05-16,174.10000610351562,175.7899932861328,171.42999267578125,174.83999633789062,59812200.0,-0.1277625392878617,-0.2635525308919612,-0.1956575350899114,0.0048852854640548,0.0372952103102435,-0.0372952103102435
TSLA_2024-05-17,TSLA,2024-05-17,173.5500030517578,179.6300048828125,172.75,177.4600067138672,77445800.0,-0.1124780724062557,-0.2692307305632344,-0.190854401484745,0.0149851889204641,0.0373527081910823,-0.0373527081910823
TSLA_2024-05-20,TSLA,2024-05-20,177.55999755859375,177.75,173.52000427246094,174.9499969482422,61727400.0,-0.0970788505979761,-0.2510381450788886,-0.1740584978384324,-0.0141440869529103,0.0371966037834979,-0.0371966037834979
TSLA_2024-05-21,TSLA,2024-05-21,175.50999450683594,186.8800048828125,174.7100067138672,186.6000061035156,115266500.0,-0.0419469014207979,-0.2035851315704212,-0.1227660164956095,0.0665905079079252,0.0381524342957612,-0.0381524342957612
TSLA_2024-05-22,TSLA,2024-05-22,182.8500061035156,183.8000030517578,178.1199951171875,180.11000061035156,88313500.0,-0.0876348854203393,-0.2355263330035033,-0.1615806092119213,-0.0347803069714999,0.0383611559938821,-0.0383611559938821
TSLA_2024-05-23,TSLA,2024-05-23,181.8000030517578,181.8999938964844,173.25999450683594,173.74000549316406,71975500.0,-0.0949627317373431,-0.2796848769013624,-0.1873238043193528,-0.0353672483238078,0.0384616626998583,-0.0384616626998583
TSLA_2024-05-24,TSLA,2024-05-24,174.83999633789062,180.0800018310547,173.72999572753906,179.24000549316406,65584500.0,-0.101103254866628,-0.2347038966949846,-0.1679035757808063,0.0316564972148363,0.0383547838968836,-0.0383547838968836
TSLA_2024-05-28,TSLA,2024-05-28,176.39999389648438,178.25,173.16000366210938,176.75,59736600.0,-0.1150553057583154,-0.24930982250616,-0.1821825641322377,-0.0138920186166755,0.0383874939441829,-0.0383874939441829
TSLA_2024-05-29,TSLA,2024-05-29,174.19000244140625,178.14999389648438,173.92999267578125,176.19000244140625,54782600.0,-0.1279449203312798,-0.2536851869075609,-0.1908150536194203,-0.003168303018918,0.0383531069018771,-0.0383531069018771
TSLA_2024-05-30,TSLA,2024-05-30,178.5800018310547,182.6699981689453,175.3800048828125,178.7899932861328,77618400.0,-0.114374930841135,-0.2753323913686414,-0.1948536611048882,0.0147567444730083,0.0384075334330073,-0.0384075334330073
TSLA_2024-05-31,TSLA,2024-05-31,178.5,180.32000732421875,173.82000732421875,178.0800018310547,67314600.0,-0.1212001462325722,-0.2705824433675111,-0.1958912948000417,-0.003971091681523,0.0384036940717911,-0.0384036940717911
TSLA_2024-06-03,TSLA,2024-06-03,178.1300048828125,182.63999938964844,174.49000549316406,176.2899932861328,68568900.0,-0.0629850438075828,-0.2657031325325096,-0.1643440881700462,-0.0100517100545634,0.0373576315848765,-0.0373576315848765
TSLA_2024-06-04,TSLA,2024-06-04,174.77999877929688,177.75999450683594,174.0,174.77000427246094,60056300.0,-0.0330308788273714,-0.2682242476550704,-0.1506275632412209,-0.0086220946823953,0.0370400428507584,-0.0370400428507584
TSLA_2024-06-05,TSLA,2024-06-05,175.35000610351562,176.14999389648438,172.1300048828125,175.0,57953800.0,-0.0087231978288161,-0.2571525654138479,-0.132937881621332,0.0013159908560766,0.0369193151074836,-0.0369193151074836
TSLA_2024-06-06,TSLA,2024-06-06,174.60000610351562,179.72999572753906,172.72999572753906,177.94000244140625,69887000.0,-0.0039742036346752,-0.2546079024317033,-0.1292910530331892,0.0168000139508928,0.0369485962046776,-0.0369485962046776
TSLA_2024-06-07,TSLA,2024-06-07,176.1300048828125,179.35000610351562,175.5800018310547,177.47999572753906,56244900.0,0.0122048559047789,-0.2585537061959214,-0.1231744251455712,-0.0025851787543875,0.0368701014600956,-0.0368701014600956
TSLA_2024-06-10,TSLA,2024-06-10,176.05999755859375,178.57000732421875,173.1699981689453,173.7899932861328,50774600.0,-0.0223885407586992,-0.283753735067199,-0.1530711379129491,-0.0207910893071634,0.0369311087740538,-0.0369311087740538
TSLA_2024-06-11,TSLA,2024-06-11,173.9199981689453,174.75,167.41000366210938,170.66000366210938,64761900.0,-0.0387517735957964,-0.3001148038666114,-0.1694332887312039,-0.018010183238054,0.0370026315782111,-0.0370026315782111
TSLA_2024-06-12,TSLA,2024-06-12,171.1199951171875,180.5500030517578,169.8000030517578,177.2899932861328,90389400.0,0.0460821203415022,-0.2604905763581955,-0.1072042280083466,0.0388491121630947,0.0368567447717441,-0.0368567447717441
TSLA_2024-06-13,TSLA,2024-06-13,188.38999938964844,191.0800018310547,181.22999572753903,182.47000122070312,118984100.0,0.1228923152043268,-0.2301168497118368,-0.053612267253755,0.0292177118322192,0.0366125059133211,-0.0366125059133211
TSLA_2024-06-14,TSLA,2024-06-14,185.8000030517578,186.0,176.9199981689453,178.00999450683594,82038200.0,0.0882801646758815,-0.2560909377686381,-0.0839053865463783,-0.0244424107197361,0.0367647167600833,-0.0367647167600833
TSLA_2024-06-17,TSLA,2024-06-17,177.9199981689453,188.8099975585937,177.0,187.44000244140625,109786100.0,0.0784810077683739,-0.2533758209006569,-0.0874474065661414,0.0529745981999238,0.0365295435370545,-0.0365295435370545
TSLA_2024-06-18,TSLA,2024-06-18,186.5599975585937,187.1999969482422,182.3699951171875,184.8600006103516,68982300.0,0.0790333452444276,-0.2707692283615321,-0.0958679415585522,-0.0137644141989443,0.0365260097156427,-0.0365260097156427
TSLA_2024-06-20,TSLA,2024-06-20,184.67999267578125,185.2100067138672,179.66000366210938,181.57000732421875,55893100.0,0.0336445607360771,-0.2797127657674808,-0.1230341025157018,-0.0177972155970479,0.0364827526454317,-0.0364827526454317
TSLA_2024-06-21,TSLA,2024-06-21,182.3000030517578,183.9499969482422,180.69000244140625,183.009994506836,61937300.0,0.0589630063115338,-0.2885079168092862,-0.1147724552488761,0.0079307546650364,0.0364244809939679,-0.0364244809939679
TSLA_2024-06-24,TSLA,2024-06-24,184.97000122070312,188.8000030517578,182.5500030517578,182.5800018310547,61992100.0,0.0687818291521202,-0.2612284442746416,-0.0962233075612606,-0.0023495584322594,0.0363897929601625,-0.0363897929601625
TSLA_2024-06-25,TSLA,2024-06-25,184.3999938964844,187.97000122070312,182.009994506836,187.3500061035156,62905700.0,0.0852690772423692,-0.2638506636404102,-0.0892907931990205,0.026125557150967,0.0365037850910729,-0.0365037850910729
TSLA_2024-06-26,TSLA,2024-06-26,186.5399932861328,197.759994506836,186.3600006103516,196.3699951171875,95737100.0,0.1052512925140038,-0.222420209322266,-0.058584458404131,0.0481451226037759,0.0368088645307697,-0.0368088645307697
TSLA_2024-06-27,TSLA,2024-06-27,195.1699981689453,198.72000122070312,194.0500030517578,197.4199981689453,72746500.0,0.0978145813200621,-0.2306612780540294,-0.0664233483669836,0.0053470646120412,0.0367892396764681,-0.0367892396764681
TSLA_2024-06-28,TSLA,2024-06-28,199.5500030517578,203.1999969482422,195.259994506836,197.8800048828125,95438100.0,0.1256613711835339,-0.2431150434709729,-0.0587268361437194,0.0023300917745603,0.0366543211745719,-0.0366543211745719
TSLA_2024-07-01,TSLA,2024-07-01,201.0200042724609,213.22999572753903,200.8500061035156,209.8600006103516,135691400.0,0.1976943222709872,-0.1711035362928722,0.0132953929890575,0.0605417193851083,0.0373666504837528,-0.0373666504837528
TSLA_2024-07-02,TSLA,2024-07-02,218.88999938964844,231.3000030517578,218.0599975585937,231.259994506836,205047900.0,0.3878652567373832,-0.0693013583257823,0.1592819492058004,0.1019727143535937,0.0387580932506435,-0.0387580932506435
TSLA_2024-07-03,TSLA,2024-07-03,234.5599975585937,248.3500061035156,234.25,246.38999938964844,166561500.0,0.4632972576591181,-0.0081716399414684,0.2275628088588248,0.0654242205405102,0.0394737431843724,-0.0394737431843724
TSLA_2024-07-05,TSLA,2024-07-05,249.8099975585937,252.3699951171875,242.4600067138672,251.5200042724609,154501200.0,0.469931642658441,0.0548123610463107,0.2623720018523758,0.0208206700577149,0.0394957297547608,-0.0394957297547608
TSLA_2024-07-08,TSLA,2024-07-08,247.7100067138672,259.44000244140625,244.57000732421875,252.94000244140625,157219600.0,0.5338994045093102,0.0630858245184691,0.2984926145138896,0.0056456669243973,0.0391080091145556,-0.0391080091145556
TSLA_2024-07-09,TSLA,2024-07-09,251.0,265.6099853515625,250.3000030517578,262.3299865722656,160210900.0,0.5165336631494766,0.1045937955473941,0.3105637293484353,0.0371233653839888,0.0389331600234165,-0.0389331600234165
TSLA_2024-07-10,TSLA,2024-07-10,262.79998779296875,267.5899963378906,257.8599853515625,263.260009765625,128519400.0,0.4883537002389921,0.0948638515570152,0.2916087758980037,0.0035452416458809,0.0388871006238418,-0.0388871006238418
TSLA_2024-07-11,TSLA,2024-07-11,263.29998779296875,271.0,239.6499938964844,241.02999877929688,221707300.0,0.403295333534166,0.0258341500339744,0.2145647417840702,-0.0844412753996288,0.0403177912326138,-0.0403177912326138
TSLA_2024-07-12,TSLA,2024-07-12,235.8000030517578,251.83999633789065,233.08999633789065,248.22999572753903,155955800.0,0.4217066841359111,0.0610840093058131,0.2413953467208621,0.0298717876808145,0.0404080267241572,-0.0404080267241572
TSLA_2024-07-15,TSLA,2024-07-15,255.97000122070312,265.6000061035156,251.72999572753903,252.63999938964844,146912900.0,0.4769950007729751,0.1118739460979687,0.2944344734354719,0.0177657967933491,0.0402867469876199,-0.0402867469876199
TSLA_2024-07-16,TSLA,2024-07-16,255.3099975585937,258.6199951171875,245.8000030517578,256.5599975585937,126332500.0,0.5888035939230554,0.1720955652336062,0.3804495795783308,0.0155161422514864,0.0394843378157549,-0.0394843378157549
TSLA_2024-07-17,TSLA,2024-07-17,252.72999572753903,258.4700012207031,246.17999267578125,248.5,115584800.0,0.5816943481294021,0.1300077116174265,0.3558510298734143,-0.0314156440415187,0.0395506529307747,-0.0395506529307747
TSLA_2024-07-18,TSLA,2024-07-18,251.08999633789065,257.1400146484375,247.1999969482422,249.22999572753903,110869000.0,0.6032808016749034,0.1562514135882149,0.3797661076315591,0.0029376085615253,0.0394846867667246,-0.0394846867667246
TSLA_2024-07-19,TSLA,2024-07-19,247.7899932861328,249.44000244140625,236.8300018310547,239.1999969482422,87403900.0,0.5954112494723083,0.1289408695291467,0.3621760595007275,-0.0402439471622098,0.0395737384881478,-0.0395737384881478
TSLA_2024-07-22,TSLA,2024-07-22,244.2100067138672,253.2100067138672,243.75,251.509994506836,101225400.0,0.7103705493859185,0.1853055827938334,0.447838066089876,0.0514632011523705,0.0397857236490072,-0.0397857236490072
TSLA_2024-07-23,TSLA,2024-07-23,253.6000061035156,255.759994506836,245.6300048828125,246.3800048828125,111928200.0,0.7344596944009967,0.1799808490507506,0.4572202717258736,-0.0203967624987724,0.039583250836461,-0.039583250836461
TSLA_2024-07-24,TSLA,2024-07-24,225.4199981689453,225.9900054931641,214.7100067138672,215.9900054931641,167942900.0,0.4928809540181833,0.0327532089677087,0.262817081492946,-0.1233460458940368,0.0429549767266221,-0.0429549767266221
TSLA_2024-07-25,TSLA,2024-07-25,216.8000030517578,226.0,216.22999572753903,220.25,100636500.0,0.3584777238438783,0.0597603717438328,0.2091190477938556,0.0197231093962388,0.0404702122409842,-0.0404702122409842
TSLA_2024-07-26,TSLA,2024-07-26,221.19000244140625,222.27999877929688,215.3300018310547,219.8000030517578,94604100.0,0.2915737014427437,0.2035262398026875,0.2475499706227156,-0.0020431189477511,0.0400863631266406,-0.0400863631266406
TSLA_2024-07-29,TSLA,2024-07-29,224.8999938964844,234.2700042724609,224.6999969482422,232.1000061035156,129201800.0,0.3791670055443561,0.2665757495416949,0.3228713775430255,0.0559599767105618,0.0405436724169603,-0.0405436724169603
TSLA_2024-07-30,TSLA,2024-07-30,232.25,232.4100036621093,220.0,222.6199951171875,100560300.0,0.1472300521315084,0.1659770788092949,0.1566035654704016,-0.0408445098536536,0.0363341054358145,-0.0363341054358145
TSLA_2024-07-31,TSLA,2024-07-31,227.8999938964844,234.67999267578125,226.7899932861328,232.07000732421875,67497000.0,0.2662047624938828,0.2112845751869894,0.2387446688404361,0.042449072025434,0.035890459186394,-0.035890459186394
TSLA_2024-08-01,TSLA,2024-08-01,227.69000244140625,231.8699951171875,214.3300018310547,216.8600006103516,83861900.0,0.2048446802152457,0.1578835409484109,0.1813641105818283,-0.0655405965175743,0.0368561291374997,-0.0368561291374997
TSLA_2024-08-02,TSLA,2024-08-02,214.8800048828125,216.1300048828125,205.77999877929688,207.6699981689453,82880100.0,0.1536581551368192,0.0995975722641331,0.1266278637004761,-0.0423775819217054,0.0373076673081475,-0.0373076673081475
TSLA_2024-08-05,TSLA,2024-08-05,185.22000122070312,203.8800048828125,182.0,198.8800048828125,100308800.0,0.0976323318232024,0.0583790165872644,0.0780056742052334,-0.0423267364743842,0.03773757438252,-0.03773757438252
TSLA_2024-08-06,TSLA,2024-08-06,200.75,202.8999938964844,192.6699981689453,200.63999938964844,73783900.0,0.0859493686671704,0.1081409593232671,0.0970451639952187,0.0088495296843591,0.0376810507685207,-0.0376810507685207
TSLA_2024-08-07,TSLA,2024-08-07,200.7700042724609,203.4900054931641,191.47999572753903,191.759994506836,71159800.0,0.0784545140306034,0.0359804872161693,0.0572175006233863,-0.0442583976765631,0.0378028185467413,-0.0378028185467413
TSLA_2024-08-08,TSLA,2024-08-08,195.6999969482422,200.6999969482422,192.0399932861328,198.83999633789065,65033900.0,0.1380494216384511,0.0600276916351529,0.099038556636802,0.0369211620456229,0.0379746031241541,-0.0379746031241541
TSLA_2024-08-09,TSLA,2024-08-09,197.0500030517578,200.8800048828125,195.1100006103516,200.0,58648300.0,0.1629935371304887,0.0550749239072936,0.1090342305188911,0.0058338547750631,0.037902195452032,-0.037902195452032
TSLA_2024-08-12,TSLA,2024-08-12,199.0200042724609,199.259994506836,194.6699981689453,197.4900054931641,64044900.0,0.1722562121575785,0.0202510617379869,0.0962536369477827,-0.0125499725341795,0.037836974920461,-0.037836974920461
TSLA_2024-08-13,TSLA,2024-08-13,198.47000122070312,208.4900054931641,197.0599975585937,207.8300018310547,76247400.0,0.2090872218804058,0.1047148059157998,0.1569010138981028,0.0523570613716373,0.0382830680474564,-0.0382830680474564
TSLA_2024-08-14,TSLA,2024-08-14,207.38999938964844,208.44000244140625,198.75,201.3800048828125,70250000.0,0.1342157218893878,0.0943375731295401,0.1142766475094639,-0.0310349655555765,0.0383447743526389,-0.0383447743526389
TSLA_2024-08-15,TSLA,2024-08-15,205.0200042724609,215.8800048828125,204.82000732421875,214.13999938964844,89848500.0,0.2307603461628826,0.1347569909969832,0.1827586685799329,0.0633627678888044,0.0389803064425842,-0.0389803064425842
TSLA_2024-08-16,TSLA,2024-08-16,211.1499938964844,219.8000030517578,210.8000030517578,216.1199951171875,88765100.0,0.2361015765495691,0.078174100311867,0.157137838430718,0.0092462675501192,0.038985677206135,-0.038985677206135
TSLA_2024-08-19,TSLA,2024-08-19,217.07000732421875,222.97999572753903,214.08999633789065,222.72000122070312,76435200.0,0.2550433494562649,0.1138784927231333,0.1844609210896991,0.0305386186036922,0.0391046323298651,-0.0391046323298651
TSLA_2024-08-20,TSLA,2024-08-20,224.8800048828125,228.22000122070312,219.5599975585937,221.1000061035156,74001200.0,0.2637897111191525,0.1411024585661568,0.2024460848426547,-0.007273684933138,0.039061722479354,-0.039061722479354
TSLA_2024-08-21,TSLA,2024-08-21,222.6699981689453,224.6600036621093,218.8600006103516,223.2700042724609,70146000.0,0.196516596835494,0.1463264330996869,0.1714215149675905,0.0098145549934058,0.0382521918859837,-0.0382521918859837
TSLA_2024-08-22,TSLA,2024-08-22,223.82000732421875,224.8000030517578,210.32000732421875,210.6600036621093,79514500.0,0.1696185828006815,0.067119192311444,0.1183688875560627,-0.0564787045686772,0.0386982264045188,-0.0386982264045188
TSLA_2024-08-23,TSLA,2024-08-23,214.4600067138672,221.47999572753903,214.2100067138672,220.32000732421875,81525200.0,0.2681017633148828,0.1476793557495597,0.2078905595322212,0.0458558981020609,0.0387444280331089,-0.0387444280331089
TSLA_2024-08-26,TSLA,2024-08-26,218.75,219.08999633789065,211.009994506836,213.2100067138672,59301200.0,0.1895224290316075,0.0692578397196543,0.1293901343756309,-0.0322712435275504,0.038859314272547,-0.038859314272547
TSLA_2024-08-27,TSLA,2024-08-27,213.25,215.6600036621093,206.94000244140625,209.2100067138672,62821400.0,0.183649260050168,0.047464132524492,0.11555669628733,-0.0187608455233908,0.0388992996334541,-0.0388992996334541
TSLA_2024-08-28,TSLA,2024-08-28,209.72000122070312,211.83999633789065,202.58999633789065,205.75,64116400.0,0.167773410233218,0.018362734295942,0.09306807226458,-0.0165384379467057,0.0389722898808013,-0.0389722898808013
TSLA_2024-08-29,TSLA,2024-08-29,209.8000030517578,214.88999938964844,205.97000122070312,206.27999877929688,62308800.0,0.1537558393951583,0.0217950950567813,0.0877754672259698,0.0025759357438486,0.0389443323905743,-0.0389443323905743
TSLA_2024-08-30,TSLA,2024-08-30,208.6300048828125,214.57000732421875,207.02999877929688,214.1100006103516,63370600.0,0.2023247889085195,0.0566028486737604,0.12946381879114,0.0379581242844206,0.039180391284979,-0.039180391284979
TSLA_2024-09-03,TSLA,2024-09-03,215.259994506836,219.8999938964844,209.63999938964844,210.6000061035156,76714200.0,0.1946225771402401,0.1193792217855345,0.1570008994628873,-0.0163934169204158,0.0392243911383848,-0.0392243911383848
TSLA_2024-09-04,TSLA,2024-09-04,210.58999633789065,222.22000122070312,210.57000732421875,219.4100036621093,80651800.0,0.2554214012609166,0.2139537290785784,0.2346875651697475,0.0418328456945216,0.0394852324397234,-0.0394852324397234
TSLA_2024-09-05,TSLA,2024-09-05,223.4900054931641,235.0,222.25,230.1699981689453,119355000.0,0.3152571323939732,0.303783884232339,0.3095205083131561,0.04904058305111,0.0398810948685391,-0.0398810948685391
TSLA_2024-09-06,TSLA,2024-09-06,232.6000061035156,233.6000061035156,210.509994506836,210.72999572753903,112177000.0,0.1842755582569477,0.1795690060288659,0.1819222821429068,-0.0844593239607938,0.041414948648689,-0.041414948648689
TSLA_2024-09-09,TSLA,2024-09-09,216.1999969482422,219.8699951171875,213.6699981689453,216.2700042724609,67443500.0,0.2185598911353981,0.2334322390180487,0.2259960650767234,0.0262896059281696,0.0415057252020981,-0.0415057252020981
TSLA_2024-09-10,TSLA,2024-09-10,220.07000732421875,226.3999938964844,218.63999938964844,226.1699981689453,78891100.0,0.3013982789939611,0.2722618705814039,0.2868300747876825,0.0457760840657874,0.0417112299850602,-0.0417112299850602
TSLA_2024-09-11,TSLA,2024-09-11,224.5500030517578,228.47000122070312,216.8000030517578,228.1300048828125,83548600.0,0.3367514355296059,0.2849499465461067,0.3108506910378563,0.0086660774184694,0.0416085647480384,-0.0416085647480384
TSLA_2024-09-12,TSLA,2024-09-12,224.6600036621093,231.4499969482422,223.8300018310547,229.8099975585937,71894900.0,0.2962378377875931,0.3559712258197296,0.3261045318036614,0.0073641898909535,0.0413898134975899,-0.0413898134975899
TSLA_2024-09-13,TSLA,2024-09-13,228.0,232.6699981689453,226.32000732421875,230.2899932861328,59515100.0,0.2620704321012741,0.4171691894531251,0.3396198107771996,0.0020886633855723,0.0412745461378361,-0.0412745461378361
TSLA_2024-09-16,TSLA,2024-09-16,229.3000030517578,229.9600067138672,223.52999877929688,226.77999877929688,54323000.0,0.2739734047381708,0.3864399867011501,0.3302066957196604,-0.0152416284214086,0.0411864906506115,-0.0411864906506115
TSLA_2024-09-17,TSLA,2024-09-17,229.4499969482422,234.57000732421875,226.5500030517578,227.8699951171875,66761600.0,0.2156956474027984,0.3111046669505961,0.2634001571766973,0.0048064041968332,0.0407202532089625,-0.0407202532089625
TSLA_2024-09-18,TSLA,2024-09-18,230.08999633789065,235.67999267578125,226.8800048828125,227.1999969482422,78010200.0,0.2290381704971156,0.3261731685445936,0.2776056695208546,-0.0029402649901351,0.0406671859241758,-0.0406671859241758
TSLA_2024-09-19,TSLA,2024-09-19,234.0,244.2400054931641,232.1300048828125,243.9199981689453,102694600.0,0.3433936681700513,0.38859155803126,0.3659926131006557,0.0735915556570718,0.0414949080366307,-0.0414949080366307
TSLA_2024-09-20,TSLA,2024-09-20,241.5200042724609,243.9900054931641,235.9199981689453,238.25,99879100.0,0.3018414685057029,0.3786019552298212,0.340221711867762,-0.0232453190042176,0.04165170535314,-0.04165170535314
TSLA_2024-09-23,TSLA,2024-09-23,242.6100006103516,250.0,241.9199981689453,250.0,86927200.0,0.3692627751824131,0.4634431734493678,0.4163529743158904,0.0493179433368311,0.0420106005491461,-0.0420106005491461
TSLA_2024-09-24,TSLA,2024-09-24,254.0800018310547,257.19000244140625,249.0500030517578,254.2700042724609,88491000.0,0.3571923991930394,0.472918942712587,0.4150556709528132,0.0170800170898437,0.0419557090873242,-0.0419557090873242
TSLA_2024-09-25,TSLA,2024-09-25,252.5399932861328,257.04998779296875,252.27999877929688,257.0199890136719,65034300.0,0.3088557081253189,0.4466144631198405,0.3777350856225797,0.0108152149093616,0.0416092716807435,-0.0416092716807435
TSLA_2024-09-26,TSLA,2024-09-26,260.6000061035156,261.75,251.52999877929688,254.22000122070312,67142200.0,0.2877114961937661,0.41366845705499,0.350689976624378,-0.0108940468160233,0.0416582689449529,-0.0416582689449529
TSLA_2024-09-27,TSLA,2024-09-27,257.3800048828125,260.70001220703125,254.1199951171875,260.4599914550781,70988100.0,0.3162521984438318,0.4816542545236248,0.3989532264837283,0.0245456305735665,0.0417302556630597,-0.0417302556630597
TSLA_2024-09-30,TSLA,2024-09-30,259.0400085449219,264.8599853515625,255.7700042724609,261.6300048828125,80705700.0,0.2466882880105514,0.4931514841919748,0.3699198861012631,0.0044921042237542,0.0411252675814655,-0.0411252675814655
TSLA_2024-10-01,TSLA,2024-10-01,262.6700134277344,263.9800109863281,248.52999877929688,258.0199890136719,87397600.0,0.1157138940693214,0.5484605500379844,0.3320872220536529,-0.0137981722347083,0.0392358014513425,-0.0392358014513425
TSLA_2024-10-02,TSLA,2024-10-02,247.5500030517578,251.1600036621093,241.5,249.0200042724609,93983900.0,0.0106741543460671,0.4789167184415481,0.2447954363938076,-0.0348809593226285,0.0386727455005878,-0.0386727455005878
TSLA_2024-10-03,TSLA,2024-10-03,244.47999572753903,249.7899932861328,237.8099975585937,240.6600036621093,80729200.0,-0.0431774826092458,0.406463694720776,0.1816431060557651,-0.0335716025496677,0.0388280981832763,-0.0388280981832763
TSLA_2024-10-04,TSLA,2024-10-04,246.69000244140625,250.9600067138672,244.5800018310547,250.0800018310547,86573200.0,-0.0113070316389124,0.5165555554116144,0.2526242618863509,0.0391423503099885,0.0391340297364984,-0.0391340297364984
TSLA_2024-10-07,TSLA,2024-10-07,249.0,249.8300018310547,240.6999969482422,240.8300018310547,68113300.0,-0.0819577853913707,0.3922419226462823,0.1551420686274557,-0.0369881635167652,0.0391319140861191,-0.0391319140861191
TSLA_2024-10-08,TSLA,2024-10-08,243.5599975585937,246.2100067138672,240.5599975585937,244.5,56303200.0,-0.0712603854353977,0.3822930418957613,0.1555163282301818,0.0152389575262299,0.0391795488504141,-0.0391795488504141
TSLA_2024-10-09,TSLA,2024-10-09,243.82000732421875,247.42999267578125,239.509994506836,241.0500030517578,66289500.0,8.299494901975457e-05,0.4034117999588325,0.2017473974539261,-0.0141104169662257,0.0377212649009044,-0.0377212649009044
TSLA_2024-10-10,TSLA,2024-10-10,241.8099975585937,242.7899932861328,232.33999633789065,238.7700042724609,83087100.0,-0.0381097837404853,0.3675257498610889,0.1647079830603017,-0.0094586133600145,0.0375559844286705,-0.0375559844286705
TSLA_2024-10-11,TSLA,2024-10-11,220.1300048828125,223.33999633789065,214.3800048828125,217.8000030517578,142628900.0,-0.1379037223799096,0.2733118922298643,0.0677040849249773,-0.0878251071971929,0.0390795760478046,-0.0390795760478046
TSLA_2024-10-14,TSLA,2024-10-14,220.1300048828125,221.9100036621093,213.7400054931641,219.1600036621093,86291900.0,-0.1457748450747584,0.3571959961647026,0.1057105755449721,0.0062442635045707,0.0390315518799163,-0.0390315518799163
TSLA_2024-10-15,TSLA,2024-10-15,220.009994506836,224.259994506836,217.1199951171875,219.57000732421875,62988800.0,-0.116418481592681,0.3975558937764516,0.1405687060918852,0.0018707960177879,0.0388481630755199,-0.0388481630755199
TSLA_2024-10-16,TSLA,2024-10-16,221.3999938964844,222.82000732421875,218.92999267578125,221.3300018310547,49632800.0,-0.1119447673825944,0.4238019052824269,0.1559285689499162,0.008015641700267,0.0388621667525894,-0.0388621667525894
TSLA_2024-10-17,TSLA,2024-10-17,221.58999633789065,222.0800018310547,217.8999938964844,220.88999938964844,50791800.0,-0.0765468135125254,0.4732876020831662,0.1983703942853203,-0.0019879927608824,0.0385386164315974,-0.0385386164315974
TSLA_2024-10-18,TSLA,2024-10-18,220.7100067138672,222.27999877929688,219.22999572753903,220.6999969482422,49611900.0,-0.1225000923681242,0.5008499991024242,0.18917495336715,-0.0008601676940163,0.0379597492963211,-0.0379597492963211
TSLA_2024-10-21,TSLA,2024-10-21,218.8999938964844,220.47999572753903,215.72999572753903,218.8500061035156,47329000.0,-0.1117379585749711,0.5406547089180609,0.2144583751715448,-0.0083823782071027,0.0378926361530861,-0.0378926361530861
TSLA_2024-10-22,TSLA,2024-10-22,217.3099975585937,218.22000122070312,215.259994506836,217.97000122070312,43268700.0,0.0091670710550617,0.5065662998004166,0.2578666854277391,-0.0040210411618459,0.0345186551179544,-0.0345186551179544
TSLA_2024-10-23,TSLA,2024-10-23,217.1300048828125,218.72000122070312,212.1100006103516,213.6499938964844,80938900.0,-0.0299659754983682,0.3177696136560937,0.1439018190788627,-0.0198192746709422,0.0345273248748195,-0.0345273248748195
TSLA_2024-10-24,TSLA,2024-10-24,244.67999267578125,262.1199951171875,242.6499938964844,260.4800109863281,204491900.0,0.1850773765685123,0.5306147737506497,0.357846075159581,0.219190350702904,0.0442004728841823,-0.0442004728841823
TSLA_2024-10-25,TSLA,2024-10-25,256.010009765625,269.489990234375,255.32000732421875,269.19000244140625,161611900.0,0.1598017895843944,0.5995603611660947,0.3796810753752445,0.0334382335984133,0.0438600837143442,-0.0438600837143442
TSLA_2024-10-28,TSLA,2024-10-28,270.0,273.5400085449219,262.239990234375,262.510009765625,107653600.0,0.1791843299045952,0.3527957002691066,0.2659900150868509,-0.0248151588662185,0.0436460672542826,-0.0436460672542826
TSLA_2024-10-29,TSLA,2024-10-29,264.510009765625,264.9800109863281,255.509994506836,259.5199890136719,80521800.0,0.1182831939635504,0.4159755060135182,0.2671293499885343,-0.0113901209124279,0.0433978415352804,-0.0433978415352804
TSLA_2024-10-30,TSLA,2024-10-30,258.0400085449219,263.3500061035156,255.82000732421875,257.54998779296875,53993600.0,0.1876325143783794,0.4309127169994469,0.3092726156889132,-0.0075909421397183,0.0425345022414019,-0.0425345022414019
TSLA_2024-10-31,TSLA,2024-10-31,257.989990234375,259.75,249.25,249.8500061035156,66575300.0,0.2031107444815194,0.3879785219038349,0.2955446331926772,-0.0298970376797018,0.0423456419925331,-0.0423456419925331
TSLA_2024-11-01,TSLA,2024-11-01,252.0399932861328,254.0,246.6300048828125,248.97999572753903,57544800.0,0.2519106477005937,0.3741376034698984,0.313024125585246,-0.0034821306973117,0.0419443794390727,-0.0419443794390727
TSLA_2024-11-04,TSLA,2024-11-04,244.5599975585937,248.8999938964844,238.8800048828125,242.83999633789065,68802400.0,0.2103269391777094,0.3143537754809022,0.2623403573293058,-0.024660613282231,0.0420991804858436,-0.0420991804858436
TSLA_2024-11-05,TSLA,2024-11-05,247.33999633789065,255.27999877929688,246.2100067138672,251.44000244140625,69282500.0,0.3112224115778368,0.4140937286642119,0.3626580701210243,0.0354142902042768,0.0418260685709907,-0.0418260685709907
TSLA_2024-11-06,TSLA,2024-11-06,284.6700134277344,289.5899963378906,275.6199951171875,288.5299987792969,165228700.0,0.4510662044521223,0.6513850547358402,0.5512256295939812,0.1475103244422446,0.0453537518509847,-0.0453537518509847
TSLA_2024-11-07,TSLA,2024-11-07,288.8900146484375,299.75,285.5199890136719,296.9100036621094,117309200.0,0.4845500183105469,0.7265220768421148,0.6055360475763308,0.0290437906570073,0.0454392710036377,-0.0454392710036377
TSLA_2024-11-08,TSLA,2024-11-08,299.1400146484375,328.7099914550781,297.6600036621094,321.2200012207031,204782800.0,0.6265126957618208,0.906689611759964,0.7666011537608924,0.081876653729253,0.0463242785210328,-0.0463242785210328
TSLA_2024-11-11,TSLA,2024-11-11,346.29998779296875,358.6400146484375,336.0,350.0,210521600.0,0.6840686951661363,1.036185940094184,0.8601273176301601,0.0895959114311899,0.0471203989388384,-0.0471203989388384
TSLA_2024-11-12,TSLA,2024-11-12,342.739990234375,345.8399963378906,323.3099975585937,328.489990234375,155726000.0,0.6311946681376368,0.8501266380638501,0.7406606531007435,-0.0614571707589285,0.0476932636148632,-0.0476932636148632
TSLA_2024-11-13,TSLA,2024-11-13,335.8500061035156,344.6000061035156,322.5,330.239990234375,125405600.0,0.542168633490427,0.8980400011962175,0.7201043173433223,0.0053274073853859,0.0471812809014309,-0.0471812809014309
TSLA_2024-11-14,TSLA,2024-11-14,327.69000244140625,329.9800109863281,310.3699951171875,311.17999267578125,120726100.0,0.4398482311044336,0.7797986684602989,0.6098234497823662,-0.0577155950890946,0.0479001127163856,-0.0479001127163856
TSLA_2024-11-15,TSLA,2024-11-15,310.57000732421875,324.67999267578125,309.2200012207031,320.7200012207031,114440300.0,0.440014365404423,0.8072804524223047,0.6236474089133639,0.0306575254497856,0.0479010624916967,-0.0479010624916967
TSLA_2024-11-18,TSLA,2024-11-18,340.7300109863281,348.54998779296875,330.010009765625,338.739990234375,126085600.0,0.5320668515756719,0.936210323768048,0.7341385876718599,0.0561860468479837,0.048264545406433,-0.048264545406433
TSLA_2024-11-19,TSLA,2024-11-19,335.760009765625,347.3800048828125,332.75,346.0,88852500.0,0.5496931669234404,0.8542335942264541,0.7019633805749472,0.0214323964542886,0.0482942241805715,-0.0482942241805715
TSLA_2024-11-20,TSLA,2024-11-20,345.0,346.6000061035156,334.29998779296875,342.0299987792969,66340700.0,0.6236114726737596,0.8990061496876103,0.7613088111806849,-0.0114739919673501,0.0476526348735207,-0.0476526348735207
TSLA_2024-11-21,TSLA,2024-11-21,343.8099975585937,347.989990234375,335.2799987792969,339.6400146484375,58011700.0,0.5415759048547493,0.9548751232300434,0.7482255140423963,-0.006987644766217,0.0474542205817944,-0.0474542205817944
TSLA_2024-11-22,TSLA,2024-11-22,341.0899963378906,361.5299987792969,337.70001220703125,352.5599975585937,89140700.0,0.6535809129809627,0.966971584209418,0.8102762485951903,0.0380402259831773,0.0473197695094741,-0.0473197695094741
TSLA_2024-11-25,TSLA,2024-11-25,360.1400146484375,361.9299926757813,338.20001220703125,338.5899963378906,95890900.0,0.6184216121219008,0.9156435436372878,0.7670325778795943,-0.0396244648214275,0.047589855620861,-0.047589855620861
TSLA_2024-11-26,TSLA,2024-11-26,341.0,346.9599914550781,335.6600036621094,338.2300109863281,62295900.0,0.6438882672482533,0.9196890078868688,0.781788637567561,-0.0010631895668981,0.0474971779638774,-0.0474971779638774
TSLA_2024-11-27,TSLA,2024-11-27,341.79998779296875,342.54998779296875,326.5899963378906,332.8900146484375,57896400.0,0.6137774705176493,0.8619051800940858,0.7378413253058675,-0.0157880618645235,0.047593336139047,-0.047593336139047
TSLA_2024-11-29,TSLA,2024-11-29,336.0799865722656,345.45001220703125,334.6499938964844,345.1600036621094,37167600.0,0.6120685753966688,0.9382300096198576,0.7751492925082631,0.0368589878751097,0.0475826319447503,-0.0475826319447503
TSLA_2024-12-02,TSLA,2024-12-02,352.3800048828125,360.0,351.1499938964844,357.0899963378906,77986500.0,0.6955839790544509,1.025582902815731,0.860583440935091,0.034563659025395,0.0475828833676887,-0.0475828833676887
TSLA_2024-12-03,TSLA,2024-12-03,351.79998779296875,355.69000244140625,348.20001220703125,351.4200134277344,58267200.0,0.6016590290428148,1.0107570225831295,0.8062080258129721,-0.0158783022999925,0.0475053478886472,-0.0475053478886472
TSLA_2024-12-04,TSLA,2024-12-04,353.0,358.1000061035156,348.6000061035156,357.92999267578125,50810900.0,0.5550679737724107,1.0453142438616072,0.800191108817009,0.0185247823097747,0.0472407652737524,-0.0472407652737524
TSLA_2024-12-05,TSLA,2024-12-05,359.8699951171875,375.4299926757813,359.5,369.489990234375,81403600.0,0.7533810929892624,1.076486372737036,0.9149337328631492,0.0322968116535151,0.0458209332504264,-0.0458209332504264
TSLA_2024-12-06,TSLA,2024-12-06,377.4200134277344,389.489990234375,370.7999877929688,389.2200012207031,81455800.0,0.79969479600304,1.1930358946944066,0.9963653453487232,0.053397958017247,0.0461034725242559,-0.0461034725242559
TSLA_2024-12-09,TSLA,2024-12-09,397.6099853515625,404.7999877929688,378.010009765625,389.7900085449219,96359200.0,0.7234381735006032,1.2428794729461807,0.983158823223392,0.0014644862094215,0.0458919433585982,-0.0458919433585982
TSLA_2024-12-10,TSLA,2024-12-10,392.6799926757813,409.7300109863281,390.8500061035156,400.989990234375,97563600.0,0.7577257776343733,1.3496424565201417,1.0536841170772573,0.0287333729544849,0.045954569552602,-0.045954569552602
TSLA_2024-12-11,TSLA,2024-12-11,409.7000122070313,424.8800048828125,402.3800048828125,424.7699890136719,104287600.0,0.8483529590803378,1.395905043146597,1.1221290011134673,0.0593032229193493,0.0463710155837971,-0.0463710155837971
TSLA_2024-12-12,TSLA,2024-12-12,424.8399963378906,429.2999877929688,415.0,418.1000061035156,87752200.0,0.8155370111285336,1.291335580130844,1.0534362956296888,-0.015702575706076,0.0464789583199929,-0.0464789583199929
TSLA_2024-12-13,TSLA,2024-12-13,420.0,436.2999877929688,415.7099914550781,436.2300109863281,89000200.0,0.9235823852828784,1.4505928006732005,1.1870875929780396,0.0433628429039625,0.0465415570214003,-0.0465415570214003
TSLA_2024-12-16,TSLA,2024-12-16,441.0899963378906,463.1900024414063,436.1499938964844,463.0199890136719,114083800.0,1.0319480358770052,1.4702303829643406,1.251089209420673,0.0614125056796777,0.0469558787687631,-0.0469558787687631
TSLA_2024-12-17,TSLA,2024-12-17,475.8999938964844,483.989990234375,457.510009765625,479.8599853515625,131223000.0,1.1120598230504295,1.5958021409023613,1.3539309819763954,0.0363699121797382,0.0470106516374645,-0.0470106516374645
TSLA_2024-12-18,TSLA,2024-12-18,466.5,488.5400085449219,427.010009765625,440.1300048828125,149340800.0,0.8044031165413794,1.4240237215879965,1.114213419064688,-0.0827949436951747,0.0478787477274512,-0.0478787477274512
TSLA_2024-12-19,TSLA,2024-12-19,451.8800048828125,456.3599853515625,420.0199890136719,436.1700134277344,118566100.0,0.830724085740753,1.3833125322095023,1.1070183089751278,-0.0089973221801419,0.0477503254613042,-0.0477503254613042
TSLA_2024-12-20,TSLA,2024-12-20,425.510009765625,447.0799865722656,417.6400146484375,421.05999755859375,132216200.0,0.684239990234375,1.3061671231015204,0.9952035566679476,-0.0346424912395865,0.0478270566692941,-0.0478270566692941
TSLA_2024-12-23,TSLA,2024-12-23,431.0,434.510009765625,415.4100036621094,430.6000061035156,72698100.0,0.6934754350423096,1.298371988659548,0.9959237118509288,0.0226571239258943,0.0478466979185045,-0.0478466979185045
TSLA_2024-12-24,TSLA,2024-12-24,435.8999938964844,462.7799987792969,435.1400146484375,462.2799987792969,59551800.0,0.7986149659149913,1.3541274648574624,1.0763712153862268,0.0735717422822457,0.0485236895201288,-0.0485236895201288
TSLA_2024-12-26,TSLA,2024-12-26,465.1600036621094,465.3299865722656,451.0199890136719,454.1300048828125,76366400.0,0.7863661501934929,1.3003242280155605,1.043345189104527,-0.0176299946309711,0.0485788994579294,-0.0485788994579294
TSLA_2024-12-27,TSLA,2024-12-27,449.5199890136719,450.0,426.5,431.6600036621094,82666800.0,0.6572986939399419,1.1814230493765394,0.9193608716582408,-0.0494792261667481,0.0491223702572606,-0.0491223702572606
TSLA_2024-12-30,TSLA,2024-12-30,419.3999938964844,427.0,415.75,417.4100036621094,64941000.0,0.5954209986315322,0.9889926734400292,0.7922068360357807,-0.0330120925707874,0.0494065528224743,-0.0494065528224743
TSLA_2024-12-31,TSLA,2024-12-31,423.7900085449219,427.9299926757813,402.5400085449219,403.8399963378906,76825100.0,0.5651500408229693,0.7462596468493525,0.6557048438361609,-0.0325100194177511,0.0495991608523648,-0.0495991608523648
TSLA_2025-01-02,TSLA,2025-01-02,390.1000061035156,392.7300109863281,373.0400085449219,379.2799987792969,109710700.0,0.5230904837842436,0.5393481866911825,0.531219335237713,-0.0608161593237648,0.0500686609436279,-0.0500686609436279
TSLA_2025-01-03,TSLA,2025-01-03,381.4800109863281,411.8800048828125,379.4500122070313,410.4400024414063,95423300.0,0.7054765901926563,0.631838404379137,0.6686574972858966,0.0821556732820003,0.0506430470236413,-0.0506430470236413
TSLA_2025-01-06,TSLA,2025-01-06,423.2000122070313,426.4299926757813,401.7000122070313,411.0499877929688,85516500.0,0.6436739634649389,0.6250888899559841,0.6343814267104615,0.0014861742226248,0.0505121759633039,-0.0505121759633039
TSLA_2025-01-07,TSLA,2025-01-07,405.8299865722656,414.3299865722656,390.0,394.3599853515625,75699500.0,0.6375035599933727,0.5032973946458301,0.5704004773196014,-0.0406033400731116,0.0505674214148951,-0.0505674214148951
TSLA_2025-01-08,TSLA,2025-01-08,392.9500122070313,402.5,387.3999938964844,394.9400024414063,73038800.0,0.6152965335026843,0.5001898799328213,0.5577432067177528,0.001470780787576,0.0505700369897973,-0.0505700369897973
TSLA_2025-01-10,TSLA,2025-01-10,391.3999938964844,399.2799987792969,377.2900085449219,394.739990234375,62287300.0,0.6375855019160368,0.6377214132412838,0.6376534575786603,-0.0005064369418009,0.0504994473695279,-0.0504994473695279
TSLA_2025-01-13,TSLA,2025-01-13,383.2099914550781,403.7900085449219,380.0700073242188,403.30999755859375,67580500.0,0.6891150075047783,0.6247431998559627,0.6569291036803705,0.0217105120743665,0.0504677943966759,-0.0504677943966759
TSLA_2025-01-14,TSLA,2025-01-14,414.3399963378906,422.6400146484375,394.5400085449219,396.3599853515625,84565000.0,0.8198346179883746,0.5688726500519568,0.6943536340201657,-0.0172324322459215,0.0490342066192992,-0.0490342066192992
TSLA_2025-01-15,TSLA,2025-01-15,409.8999938964844,429.7999877929688,405.6600036621094,428.2200012207031,81375500.0,0.953914920903692,0.6690832760196974,0.8114990984616948,0.0803815143975279,0.0498097054177062,-0.0498097054177062
TSLA_2025-01-16,TSLA,2025-01-16,423.489990234375,424.0,409.1300048828125,413.8200073242188,68335200.0,0.8846836704485281,0.6652716592523895,0.7749776648504588,-0.0336275602620966,0.0501241979276138,-0.0501241979276138
TSLA_2025-01-17,TSLA,2025-01-17,421.5,439.739990234375,419.75,426.5,94991400.0,0.9269868362697408,0.7112707431342031,0.8191287897019719,0.0306413234047591,0.0501814133583177,-0.0501814133583177
TSLA_2025-01-21,TSLA,2025-01-21,432.6400146484375,433.2000122070313,406.30999755859375,424.0700073242188,87320900.0,0.919824385422548,0.7728679462148094,0.8463461658186787,-0.0056975209279747,0.0501998407060902,-0.0501998407060902
TSLA_2025-01-22,TSLA,2025-01-22,416.80999755859375,428.0,414.5899963378906,415.1099853515625,60963300.0,0.8808789809313531,0.6504711320339991,0.7656750564826761,-0.0211286387103675,0.0503456292051225,-0.0503456292051225
TSLA_2025-01-23,TSLA,2025-01-23,416.05999755859375,420.7300109863281,408.9500122070313,412.3800048828125,50690600.0,0.8843042877858436,0.6737559733345886,0.7790301305602161,-0.0065765232470569,0.0503347758540833,-0.0503347758540833
TSLA_2025-01-24,TSLA,2025-01-24,414.4500122070313,418.8800048828125,405.7799987792969,406.5799865722656,56427100.0,0.8653024925232145,0.8824018530113587,0.8738521727672866,-0.0140647418445883,0.0503999250383815,-0.0503999250383815
TSLA_2025-01-27,TSLA,2025-01-27,394.7999877929688,406.6900024414063,389.0,397.1499938964844,58125500.0,0.8588813725354356,0.8031781788716656,0.8310297757035506,-0.0231934502120535,0.0504351285812986,-0.0504351285812986
TSLA_2025-01-28,TSLA,2025-01-28,396.9100036621094,400.5899963378906,386.5,398.0899963378906,48910700.0,0.5282938404006181,0.8111464550077812,0.6697201477041996,0.0023668700890153,0.042829234188099,-0.042829234188099
TSLA_2025-01-29,TSLA,2025-01-29,395.2099914550781,398.5899963378906,384.4800109863281,389.1000061035156,68033600.0,0.4454474630357412,0.6764325543790752,0.5609400087074082,-0.0225828087042521,0.0428664747551699,-0.0428664747551699
TSLA_2025-01-30,TSLA,2025-01-30,410.7799987792969,412.5,384.4100036621094,400.2799987792969,98092900.0,0.5248180407927152,0.7980415396585958,0.6614297902256555,0.0287329542544569,0.0427612697662835,-0.0427612697662835
TSLA_2025-01-31,TSLA,2025-01-31,401.5299987792969,419.989990234375,401.3399963378906,404.6000061035156,83283600.0,0.559032148703585,0.7434394507441018,0.6512357997238434,0.0107924636189495,0.0426936617138378,-0.0426936617138378
TSLA_2025-02-03,TSLA,2025-02-03,386.6799926757813,389.1700134277344,374.3599853515625,383.6799926757813,93732100.0,0.4897301916558505,0.7692520132616227,0.6294911024587366,-0.0517054204452532,0.0433100008104923,-0.0433100008104923
TSLA_2025-02-04,TSLA,2025-02-04,382.6300048828125,394.0,381.3999938964844,392.2099914550781,57072200.0,0.5697817965735059,0.8886213459490879,0.7292015712612969,0.022232065633156,0.0430862248507875,-0.0430862248507875
TSLA_2025-02-05,TSLA,2025-02-05,387.510009765625,388.3900146484375,375.5299987792969,378.1700134277344,57223300.0,0.5188770982290847,0.9014984118215716,0.7101877550253282,-0.0357970942434592,0.0434171527869744,-0.0434171527869744
TSLA_2025-02-06,TSLA,2025-02-06,373.0299987792969,375.3999938964844,363.1799926757813,374.3200073242188,77918200.0,0.5414265070379312,0.8656300262306071,0.7035282666342692,-0.0101806223836181,0.0432819197725912,-0.0432819197725912
TSLA_2025-02-07,TSLA,2025-02-07,370.1900024414063,380.5499877929688,360.3399963378906,361.6199951171875,70298300.0,0.4381959577074725,0.885794771986689,0.6619953648470808,-0.033928221731496,0.0434496076055116,-0.0434496076055116
TSLA_2025-02-10,TSLA,2025-02-10,356.2099914550781,362.7000122070313,350.510009765625,350.7300109863281,77514900.0,0.2155755466335736,0.7638805946783933,0.4897280706559834,-0.0301144413414704,0.0397721081889286,-0.0397721081889286
TSLA_2025-02-11,TSLA,2025-02-11,345.79998779296875,349.3699951171875,325.1000061035156,328.5,118543400.0,0.1063958638922815,0.6425000000000001,0.3744479319461408,-0.0633821181250289,0.0405262484426854,-0.0405262484426854
TSLA_2025-02-12,TSLA,2025-02-12,329.94000244140625,346.3999938964844,329.1199951171875,336.510009765625,105382700.0,0.047599802275128,0.7039343784780692,0.3757670903765986,0.0243835913717656,0.0393377771821586,-0.0393377771821586
TSLA_2025-02-13,TSLA,2025-02-13,345.0,358.69000244140625,342.8500061035156,355.94000244140625,89441500.0,0.016971435546875,0.7126497584826583,0.3648105970147667,0.0577397168343194,0.0383801412850555,-0.0383801412850555
TSLA_2025-02-14,TSLA,2025-02-14,360.6199951171875,362.0,347.5,355.8399963378906,68277300.0,0.0832597854321273,0.7670075862048062,0.4251336858184668,-0.0002809633725618,0.0375393912576789,-0.0375393912576789
TSLA_2025-02-18,TSLA,2025-02-18,355.010009765625,359.1000061035156,350.0199890136719,354.1099853515625,51631700.0,0.0722807528556632,0.6536377433495044,0.3629592481025838,-0.0048617665358937,0.0375466017715868,-0.0375466017715868
TSLA_2025-02-19,TSLA,2025-02-19,354.0,367.3399963378906,353.6700134277344,360.55999755859375,67094400.0,0.1586863103189979,0.6683324343177319,0.4135093723183649,0.0182147142804449,0.0368169584858733,-0.0368169584858733
TSLA_2025-02-20,TSLA,2025-02-20,361.510009765625,362.2999877929688,348.0,354.3999938964844,45965400.0,0.1050136958954561,0.5912355960580913,0.3481246459767737,-0.0170845454399258,0.0367298274657439,-0.0367298274657439
TSLA_2025-02-21,TSLA,2025-02-21,353.44000244140625,354.9800109863281,334.4200134277344,337.79998779296875,74058600.0,-0.0027749969549089,0.5278153707278326,0.2625201868864618,-0.0468397471484276,0.0365827600729217,-0.0365827600729217
TSLA_2025-02-24,TSLA,2025-02-24,338.1400146484375,342.3999938964844,324.70001220703125,330.5299987792969,76052300.0,-0.0447109861870032,0.480404857143033,0.2178469354780149,-0.0215215786749155,0.0365887240986551,-0.0365887240986551
TSLA_2025-02-25,TSLA,2025-02-25,327.0199890136719,328.8900146484375,297.25,302.79998779296875,134228800.0,-0.1146975736816647,0.4373871761563648,0.16134480123735,-0.0838955952220366,0.0380608386656856,-0.0380608386656856
TSLA_2025-02-26,TSLA,2025-02-26,303.7099914550781,309.0,288.0400085449219,290.79998779296875,100118300.0,-0.1437993897922281,0.3198982304182343,0.088049420313003,-0.039630120487999,0.0383616183821727,-0.0383616183821727
TSLA_2025-02-27,TSLA,2025-02-27,291.1600036621094,297.2300109863281,280.8800048828125,281.95001220703125,101748200.0,-0.200277926708992,0.3224051560835732,0.0610636146872906,-0.0304332048054902,0.0381860274508153,-0.0381860274508153
TSLA_2025-02-28,TSLA,2025-02-28,279.5,293.8800048828125,273.6000061035156,292.9800109863281,115697000.0,-0.1347056494428935,0.4004110777886054,0.1328527141728559,0.0391204053972438,0.038250767674179,-0.038250767674179
TSLA_2025-03-03,TSLA,2025-03-03,300.3399963378906,303.94000244140625,277.29998779296875,284.6499938964844,115551400.0,-0.1584129596708363,0.3834750614652946,0.1125310508972291,-0.0284320321437644,0.0383999861570167,-0.0383999861570167
TSLA_2025-03-04,TSLA,2025-03-04,270.92999267578125,284.3500061035156,261.8399963378906,272.0400085449219,126706600.0,-0.1827931251340742,0.3187900434107669,0.0679984591383463,-0.0442999670540946,0.0387315780457622,-0.0387315780457622
TSLA_2025-03-05,TSLA,2025-03-05,272.9200134277344,279.54998779296875,267.7099914550781,279.1000061035156,94042900.0,-0.1913894914176165,0.3035355906211787,0.0560730496017811,0.0259520560830592,0.0385770499779713,-0.0385770499779713
TSLA_2025-03-06,TSLA,2025-03-06,272.0599975585937,272.6499938964844,260.0199890136719,263.45001220703125,98451600.0,-0.2622307684090205,0.2509496893249776,-0.0056405395420214,-0.0560730689868919,0.0388564640784718,-0.0388564640784718
TSLA_2025-03-07,TSLA,2025-03-07,259.32000732421875,266.25,250.72999572753903,262.6700134277344,102369600.0,-0.2525468004350026,0.1971651658702187,-0.0276908172823919,-0.0029607088371812,0.0388272407425264,-0.0388272407425264
TSLA_2025-03-10,TSLA,2025-03-10,252.5399932861328,253.3699951171875,220.0,222.1499938964844,189076900.0,-0.3793479215425475,-0.034843829935534,-0.2070958757390407,-0.1542620682219511,0.043088637726967,-0.043088637726967
TSLA_2025-03-11,TSLA,2025-03-11,225.3099975585937,237.0599975585937,217.0200042724609,230.5800018310547,174896400.0,-0.3759506132093237,0.0941963958903149,-0.1408771086595044,0.0379473696429559,0.0431767249760002,-0.0431767249760002
TSLA_2025-03-12,TSLA,2025-03-12,247.22000122070312,251.83999633789065,241.1000061035156,248.08999633789065,142215700.0,-0.3625970002574101,0.1471308615934659,-0.1077330693319721,0.0759389121683913,0.0437705832629055,-0.0437705832629055
TSLA_2025-03-13,TSLA,2025-03-13,248.1300048828125,248.2899932861328,232.6000061035156,240.67999267578125,114813500.0,-0.3825393483680233,0.0641552576571062,-0.1591920453554585,-0.029868208196582,0.0438604220881155,-0.0438604220881155
TSLA_2025-03-14,TSLA,2025-03-14,247.3099975585937,251.5800018310547,240.72999572753903,249.97999572753903,100242300.0,-0.3765929279645409,0.095778680476295,-0.1404071237441229,0.0386405323864447,0.0440068889651724,-0.0440068889651724
TSLA_2025-03-17,TSLA,2025-03-17,245.0599975585937,245.3999938964844,232.8000030517578,238.009994506836,111900600.0,-0.4396732333668345,0.0356816371583292,-0.2019957981042526,-0.047883836408052,0.0434906144417107,-0.0434906144417107
TSLA_2025-03-18,TSLA,2025-03-18,228.1600036621093,230.1000061035156,222.27999877929688,225.3099975585937,111477600.0,-0.4611097960548459,-0.021624889802969,-0.2413673429289075,-0.0533590909682473,0.0438525766799754,-0.0438525766799754
TSLA_2025-03-19,TSLA,2025-03-19,231.6100006103516,241.4100036621093,229.1999969482422,235.8600006103516,111993800.0,-0.4593219295548566,0.040038812417013,-0.2096415585689218,0.04682438935722,0.0439211076203355,-0.0439211076203355
TSLA_2025-03-20,TSLA,2025-03-20,233.3500061035156,238.0,230.0500030517578,236.259994506836,99028300.0,-0.4897412636328757,0.0368192371502607,-0.2264610132413075,0.0016958954271573,0.0430176032716248,-0.0430176032716248
TSLA_2025-03-21,TSLA,2025-03-21,234.9900054931641,249.5200042724609,234.5500030517578,248.7100067138672,132728700.0,-0.481702966894284,0.094674340028821,-0.1935143134327315,0.0526962350651833,0.043347504235138,-0.043347504235138
TSLA_2025-03-24,TSLA,2025-03-24,258.0799865722656,278.6400146484375,256.3299865722656,278.3900146484375,169079900.0,-0.3674823084998245,0.1413168938104754,-0.1130827073446745,0.1193358012680052,0.0452681872280758,-0.0452681872280758
TSLA_2025-03-25,TSLA,2025-03-25,283.6000061035156,288.20001220703125,271.2799987792969,288.1400146484375,150361500.0,-0.33938600596582,0.2094019502557713,-0.0649920278550243,0.0350228078845167,0.0455635332693022,-0.0455635332693022
TSLA_2025-03-26,TSLA,2025-03-26,282.6600036621094,284.8999938964844,266.510009765625,272.0599975585937,153629800.0,-0.3538688093476881,0.0882399902343746,-0.1328144095566567,-0.0558062617906894,0.0458587001007684,-0.0458587001007684
TSLA_2025-03-27,TSLA,2025-03-27,272.4800109863281,291.8500061035156,271.82000732421875,273.1300048828125,162572100.0,-0.3656990222681222,0.0741731242122538,-0.1457629490279341,0.0039329829222261,0.0457313604708374,-0.0457313604708374
TSLA_2025-03-28,TSLA,2025-03-28,275.5799865722656,276.1000061035156,260.57000732421875,263.54998779296875,123809400.0,-0.4298910000672696,0.0254065794818376,-0.202242210292716,-0.0350749347145293,0.0447132514310818,-0.0447132514310818
TSLA_2025-03-31,TSLA,2025-03-31,249.3099975585937,260.5599975585937,243.3600006103516,259.1600036621094,134008900.0,-0.4293264024054407,0.0194319975520633,-0.2049472024266886,-0.0166571213591097,0.0447100003625566,-0.0447100003625566
TSLA_2025-04-01,TSLA,2025-04-01,263.79998779296875,277.45001220703125,259.25,268.4599914550781,146486900.0,-0.3780753621426074,0.0307148900501279,-0.1736802360462397,0.0358851198547365,0.0447222440600062,-0.0447222440600062
TSLA_2025-04-02,TSLA,2025-04-02,254.6000061035156,284.989990234375,251.2700042724609,282.760009765625,212787800.0,-0.3225844917830064,0.0807629266080429,-0.1209107825874817,0.0532668507997762,0.0452161295148281,-0.0452161295148281
TSLA_2025-04-03,TSLA,2025-04-03,265.2900085449219,276.29998779296875,261.510009765625,267.2799987792969,136174300.0,-0.3381537212681994,0.0358887301756079,-0.1511324955462957,-0.0547461113725354,0.0455189355705304,-0.0455189355705304
TSLA_2025-04-04,TSLA,2025-04-04,255.3800048828125,261.0,236.0,239.42999267578125,181229400.0,-0.3687249698207639,-0.0385110088833944,-0.2036179893520792,-0.1041978682681468,0.0466824930462613,-0.0466824930462613
TSLA_2025-04-07,TSLA,2025-04-07,223.77999877929688,252.0,214.25,233.2899932861328,183453800.0,-0.4316099992728246,-0.0306241596602154,-0.23111707946652,-0.0256442366348095,0.045348655472603,-0.045348655472603
TSLA_2025-04-08,TSLA,2025-04-08,245.0,250.44000244140625,217.8000030517578,221.8600006103516,171603500.0,-0.460260291451232,-0.1128438940102357,-0.2865520927307339,-0.0489947833371584,0.0456252670807765,-0.0456252670807765
TSLA_2025-04-09,TSLA,2025-04-09,224.69000244140625,274.69000244140625,223.8800048828125,272.20001220703125,219433400.0,-0.309767668328795,0.1302579003341246,-0.0897548839973351,0.2268998983962451,0.0542422516024502,-0.0542422516024502
TSLA_2025-04-10,TSLA,2025-04-10,260.0,262.489990234375,239.3300018310547,252.3999938964844,181722600.0,-0.3609156015186617,0.0323108134825538,-0.1643023940180539,-0.0727406958949261,0.0549131390097961,-0.0549131390097961
TSLA_2025-04-11,TSLA,2025-04-11,251.83999633789065,257.739990234375,241.3600006103516,252.3099975585937,128948100.0,-0.3608197704803463,0.0467122769727497,-0.1570537467537983,-0.0003565623615966,0.0549133679550192,-0.0549133679550192
TSLA_2025-04-14,TSLA,2025-04-14,258.3599853515625,261.79998779296875,245.92999267578125,252.3500061035156,100135200.0,-0.3743026266864271,0.0568748234202756,-0.1587139016330757,0.0001585690036425,0.0548073189210733,-0.0548073189210733
TSLA_2025-04-15,TSLA,2025-04-15,249.9100036621093,258.75,247.5399932861328,254.1100006103516,79594300.0,-0.3588908820224078,0.1667125668036153,-0.0960891576093962,0.0069744183248168,0.0548119641679449,-0.0548119641679449
TSLA_2025-04-16,TSLA,2025-04-16,247.6100006103516,251.97000122070312,233.88999938964844,241.5500030517578,112378700.0,-0.4359207828611822,0.1021627989392097,-0.1668789919609862,-0.0494274035985426,0.0539613360707863,-0.0539613360707863
TSLA_2025-04-17,TSLA,2025-04-17,243.47000122070312,244.33999633789065,237.67999267578125,241.3699951171875,83404800.0,-0.4167271015292417,0.0992849071630204,-0.1587210971831106,-0.0007452201709629,0.0538649510327498,-0.0538649510327498
TSLA_2025-04-21,TSLA,2025-04-21,230.259994506836,232.2100067138672,222.7899932861328,227.5,97768000.0,-0.4665885111371629,0.0278769173537303,-0.2193557968917163,-0.0574636259591979,0.0540120757155062,-0.0540120757155062
TSLA_2025-04-22,TSLA,2025-04-22,230.9600067138672,242.7899932861328,229.8500061035156,237.97000122070312,120858500.0,-0.4388426507164762,0.0773235632135871,-0.1807595437514445,0.046021983387706,0.0544470580228441,-0.0544470580228441
TSLA_2025-04-23,TSLA,2025-04-23,254.8600006103516,259.45001220703125,244.42999267578125,250.7400054931641,150381900.0,-0.3959672994114829,0.1361124103321431,-0.1299274445396698,0.0536622440095613,0.054962576268106,-0.054962576268106
TSLA_2025-04-24,TSLA,2025-04-24,250.5,259.5400085449219,249.1999969482422,259.510009765625,94464200.0,-0.3707017636818476,0.1857893649903637,-0.0924561993457419,0.0349764859229853,0.0552106275882018,-0.0552106275882018
TSLA_2025-04-25,TSLA,2025-04-25,261.69000244140625,286.8500061035156,259.6300048828125,284.95001220703125,167560700.0,-0.2991538648782356,0.3072900427178888,0.0040680889198266,0.098030910115499,0.056727334371345,-0.056727334371345
TSLA_2025-04-28,TSLA,2025-04-28,288.9800109863281,294.8599853515625,272.4200134277344,285.8800048828125,151731800.0,-0.2801711965849204,0.3380763540827634,0.0289525787489214,0.0032637046356942,0.0566814603894062,-0.0566814603894062
TSLA_2025-04-29,TSLA,2025-04-29,285.5,293.32000732421875,279.4700012207031,292.0299987792969,108906600.0,-0.2664221621599659,0.1211224910253274,-0.0726498355673192,0.0215125010194587,0.0567655522440128,-0.0567655522440128
TSLA_2025-04-30,TSLA,2025-04-30,279.8999938964844,284.45001220703125,270.7799987792969,282.1600036621094,128961100.0,-0.2748393748751473,0.0481815858801304,-0.1133288944975084,-0.033797880897321,0.0568443532741138,-0.0568443532741138
TSLA_2025-05-01,TSLA,2025-05-01,280.010009765625,290.8699951171875,279.8099975585937,280.5199890136719,99659000.0,-0.2991905919127807,0.068606828608656,-0.1152918816520623,-0.0058123569150553,0.0566945036782472,-0.0566945036782472
TSLA_2025-05-02,TSLA,2025-05-02,284.8999938964844,294.7799987792969,279.8099975585937,287.2099914550781,114454700.0,-0.2901384401324097,0.1066969929624477,-0.091720723584981,0.0238485765842526,0.0567735581269928,-0.0567735581269928
TSLA_2025-05-05,TSLA,2025-05-05,284.57000732421875,284.8500061035156,274.3999938964844,280.260009765625,94618900.0,-0.2695475002199258,0.088177142492865,-0.0906851788635303,-0.0241982587522208,0.0565049134046099,-0.0565049134046099
TSLA_2025-05-06,TSLA,2025-05-06,273.1099853515625,277.7300109863281,271.3500061035156,275.3500061035156,76715800.0,-0.2979525965619034,0.10206123424882,-0.0979456811565416,-0.0175194586848672,0.056435547522921,-0.056435547522921
TSLA_2025-05-07,TSLA,2025-05-07,276.8800048828125,277.9200134277344,271.0,276.2200012207031,71592600.0,-0.2695877742472385,0.1094064019624012,-0.0800906861424186,0.0031595972322602,0.0562955432566424,-0.0562955432566424
TSLA_2025-05-08,TSLA,2025-05-08,279.6300048828125,289.79998779296875,279.4100036621094,284.82000732421875,97539400.0,-0.2391002304145588,0.1728710740380532,-0.0331145781882528,0.0311346248117785,0.0564562909046074,-0.0564562909046074
TSLA_2025-05-09,TSLA,2025-05-09,290.2099914550781,307.0400085449219,290.0,298.260009765625,132387800.0,-0.1752115098918407,0.1862074724372042,0.0054979812726817,0.0471877048514612,0.0566594044074625,-0.0566594044074625
TSLA_2025-05-12,TSLA,2025-05-12,321.989990234375,322.2099914550781,311.5,318.3800048828125,112826700.0,-0.0922362075960949,0.1034554681655426,0.0056096302847238,0.0674579040381508,0.0571958303340325,-0.0571958303340325
TSLA_2025-05-13,TSLA,2025-05-13,320.0,337.5899963378906,316.79998779296875,334.07000732421875,136992600.0,0.016955882265506,0.1251557818994819,0.071055832082494,0.0492807406268536,0.0569415242428184,-0.0569415242428184
TSLA_2025-05-14,TSLA,2025-05-14,342.5,350.0,337.0,347.67999267578125,136997300.0,0.0331936126296392,0.0823734243027352,0.0577835184661872,0.0407399199364637,0.0570831272885314,-0.0570831272885314
TSLA_2025-05-15,TSLA,2025-05-15,340.3399963378906,346.1400146484375,334.7200012207031,342.82000732421875,97882600.0,-0.0368601309973505,-0.0205142647879463,-0.0286871978926484,-0.0139783290782985,0.0566690440102546,-0.0566690440102546
TSLA_2025-05-16,TSLA,2025-05-16,346.239990234375,351.6199951171875,342.3299865722656,349.9800109863281,95895700.0,-0.0164680345432504,0.0654206258663168,0.0244762956615332,0.0208856061756566,0.0567243387662119,-0.0567243387662119
TSLA_2025-05-19,TSLA,2025-05-19,336.29998779296875,343.0,333.3699951171875,342.0899963378906,88869900.0,-0.0339442249891325,0.0358830137292141,0.0009693943700407,-0.0225441865271148,0.0567989528962527,-0.0567989528962527
TSLA_2025-05-20,TSLA,2025-05-20,347.8699951171875,354.989990234375,341.6300048828125,343.82000732421875,131715500.0,-0.046427752240193,0.104891109379404,0.0292316785696055,0.0050571808730102,0.0567588343395397,-0.0567588343395397
TSLA_2025-05-21,TSLA,2025-05-21,344.42999267578125,347.3500061035156,332.20001220703125,334.6199951171875,102354800.0,-0.0558126386003109,0.0433399658380491,-0.0062363363811309,-0.0267582223577691,0.0568210431015005,-0.0568210431015005
TSLA_2025-05-22,TSLA,2025-05-22,331.8999938964844,347.2699890136719,331.3900146484375,341.0400085449219,97113400.0,0.0095915360243852,0.0067899225862158,0.0081907293053005,0.0191859826711371,0.0565393075245453,-0.0565393075245453
TSLA_2025-05-23,TSLA,2025-05-23,337.9200134277344,343.17999267578125,333.2099914550781,339.3399963378906,84654800.0,0.0266541542103002,-0.0192485654974259,0.0037027943564371,-0.0049847881903489,0.0564681387366879,-0.0564681387366879
TSLA_2025-05-27,TSLA,2025-05-27,347.3500061035156,363.7900085449219,347.32000732421875,362.8900146484375,120146400.0,0.1984479170341104,0.0609888487664529,0.1297183829002817,0.0693994771164476,0.0560100558963729,-0.0560100558963729
TSLA_2025-05-28,TSLA,2025-05-28,364.8399963378906,365.0,355.9100036621094,356.8999938964844,91404300.0,0.2273040195262134,0.0508184504287951,0.1390612349775043,-0.0165064358625468,0.0557922886794879,-0.0557922886794879
TSLA_2025-05-29,TSLA,2025-05-29,365.2900085449219,367.7099914550781,356.0,358.42999267578125,88087800.0,0.271253687382684,0.0166496345525188,0.1439516609676014,0.0042869117552875,0.0556102792979672,-0.0556102792979672
TSLA_2025-05-30,TSLA,2025-05-30,355.5199890136719,363.6799926757813,345.2900085449219,346.4599914550781,123474900.0,0.1825379836962517,0.0232434366115581,0.1028907101539049,-0.0333956461939574,0.0556495600383365,-0.0556495600383365
TSLA_2025-06-02,TSLA,2025-06-02,343.5,348.0199890136719,333.3299865722656,342.69000244140625,81873800.0,0.2038995601244546,0.0131862676587217,0.1085429138915882,-0.0108814555984906,0.0555275933714905,-0.0555275933714905
TSLA_2025-06-03,TSLA,2025-06-03,346.6000061035156,355.3999938964844,343.0400085449219,344.2699890136719,99324500.0,0.265512344508042,0.0341853881596678,0.1498488663338549,0.0046105417753929,0.0551760424022059,-0.0551760424022059
TSLA_2025-06-04,TSLA,2025-06-04,345.1000061035156,345.6000061035156,327.3299865722656,332.04998779296875,98912100.0,0.1897168775761848,-0.0379824305540758,0.0758672235110545,-0.0354954007339217,0.0553463151363346,-0.0553463151363346
TSLA_2025-06-05,TSLA,2025-06-05,322.489990234375,324.54998779296875,273.2099914550781,284.70001220703125,287499800.0,0.0806604631443355,-0.2027219604952514,-0.0610307486754579,-0.1425989378908212,0.0578824676898778,-0.0578824676898778
TSLA_2025-06-06,TSLA,2025-06-06,298.8299865722656,305.5,291.1400146484375,295.1400146484375,164747700.0,0.123615180876504,-0.1601502379740539,-0.0182675285487749,0.0366701861389959,0.0580333300107419,-0.0580333300107419
TSLA_2025-06-09,TSLA,2025-06-09,285.9599914550781,309.8299865722656,281.8500061035156,308.5799865722656,140908900.0,0.3890614226892805,-0.1378761409028319,0.1255926408932243,0.0455376135284042,0.0546331266421477,-0.0546331266421477
TSLA_2025-06-10,TSLA,2025-06-10,314.94000244140625,327.8299865722656,310.6700134277344,326.0899963378906,151256500.0,0.414216296939818,-0.1174591871053255,0.1483785549172462,0.0567438282700305,0.0548575991764797,-0.0548575991764797
TSLA_2025-06-11,TSLA,2025-06-11,334.3999938964844,335.5,322.5,326.42999267578125,122611400.0,0.3157724918145994,-0.161322666738592,0.0772249125380036,0.0010426457165473,0.0541455612268622,-0.0541455612268622
TSLA_2025-06-12,TSLA,2025-06-12,323.0799865722656,332.5599975585937,316.8599853515625,319.1099853515625,105127500.0,0.325868352428587,-0.1813284631312292,0.0722699446486789,-0.0224244324616615,0.0540746104376401,-0.0540746104376401
TSLA_2025-06-13,TSLA,2025-06-13,313.9700012207031,332.989990234375,313.29998779296875,325.3099975585937,128964300.0,0.301344120003743,-0.1887328724379056,0.0563056237829187,0.0194290761544195,0.0539409424957273,-0.0539409424957273
TSLA_2025-06-16,TSLA,2025-06-16,331.2900085449219,332.04998779296875,326.4100036621094,329.1300048828125,83925900.0,0.3828411095289505,-0.225157112330224,0.0788419985993632,0.0117426680793317,0.0535090269794726,-0.0535090269794726
TSLA_2025-06-17,TSLA,2025-06-17,326.0899963378906,327.260009765625,314.739990234375,316.3500061035156,88282700.0,0.4040655520456708,-0.243362828305743,0.0803513618699638,-0.0388296374979462,0.0532775453694206,-0.0532775453694206
TSLA_2025-06-18,TSLA,2025-06-18,317.3099975585937,329.32000732421875,315.45001220703125,322.04998779296875,95137700.0,0.365428588822086,-0.2617427052650394,0.0518429417785233,0.0180179597897272,0.0530513007278902,-0.0530513007278902
TSLA_2025-06-20,TSLA,2025-06-20,327.95001220703125,332.3599853515625,317.7799987792969,322.1600036621094,108688000.0,0.3635825410670106,-0.3042200956628748,0.0296812227020679,0.0003416111576173,0.0530534725503237,-0.0530534725503237
TSLA_2025-06-23,TSLA,2025-06-23,327.5400085449219,357.5400085449219,327.4800109863281,348.67999267578125,190716800.0,0.4019540157743886,-0.2733713930734902,0.0642913113504491,0.0823193093872907,0.053599923225348,-0.053599923225348
TSLA_2025-06-24,TSLA,2025-06-24,356.1700134277344,356.260009765625,340.44000244140625,340.4700012207031,114736200.0,0.2229964557121879,-0.2264331051200303,-0.0017183247039211,-0.0235459206938556,0.0517503495202188,-0.0517503495202188
TSLA_2025-06-25,TSLA,2025-06-25,342.70001220703125,343.0,320.3999938964844,327.54998779296875,119845100.0,0.1367736903623599,-0.2490313920967471,-0.0561288508671936,-0.037947582404945,0.0518722969238973,-0.0518722969238973
TSLA_2025-06-26,TSLA,2025-06-26,324.6099853515625,331.04998779296875,323.6099853515625,325.7799987792969,80440900.0,0.1974564496904161,-0.2262860384072412,-0.0144147943584125,-0.00540372181235,0.0513314271355458,-0.0513314271355458
TSLA_2025-06-27,TSLA,2025-06-27,324.510009765625,329.3399963378906,317.5,323.6300048828125,89067000.0,0.1848936370856333,-0.2484208074883019,-0.0317635852013343,-0.0065995269953356,0.0513492175890344,-0.0513492175890344
TSLA_2025-06-30,TSLA,2025-06-30,319.8999938964844,325.5799865722656,316.6000061035156,317.6600036621094,76695100.0,0.2053121547159648,-0.312840692868117,-0.053764269076076,-0.0184469954288227,0.0511878232486964,-0.0511878232486964
TSLA_2025-07-01,TSLA,2025-07-01,298.4599914550781,305.8900146484375,293.2099914550781,300.7099914550781,145085700.0,0.1603256181734789,-0.3378328050958098,-0.0887535934611654,-0.0533589750413172,0.0516361888123686,-0.0516361888123686
TSLA_2025-07-02,TSLA,2025-07-02,312.6300048828125,316.8299865722656,303.82000732421875,315.6499938964844,119483700.0,0.1757803916540117,-0.2687532057207555,-0.0464864070333719,0.0496824278073184,0.0518041376117661,-0.0518041376117661
TSLA_2025-07-03,TSLA,2025-07-03,317.989990234375,318.45001220703125,312.760009765625,315.3500061035156,58042300.0,0.1152567379132003,-0.2445077900941028,-0.0646255260904512,-0.0009503811144286,0.0514190422833856,-0.0514190422833856
TSLA_2025-07-07,TSLA,2025-07-07,291.3699951171875,296.1499938964844,288.7699890136719,293.94000244140625,131177900.0,0.0997455993110938,-0.2721374675442788,-0.0861959341165924,-0.0678928278031534,0.0516831745804534,-0.0516831745804534
TSLA_2025-07-08,TSLA,2025-07-08,297.0,304.04998779296875,294.3500061035156,297.8099975585937,103246700.0,0.2438291219507591,-0.2148017335027218,0.0145136942240186,0.0131659355142004,0.0498471469931124,-0.0498471469931124
TSLA_2025-07-09,TSLA,2025-07-09,297.54998779296875,300.1499938964844,293.54998779296875,295.8800048828125,75586800.0,0.2682927403573301,-0.2791150883860259,-0.0054111740143479,-0.0064806174796112,0.0497175794257478,-0.0497175794257478
TSLA_2025-07-10,TSLA,2025-07-10,300.04998779296875,310.4800109863281,300.0,309.8699951171875,104365300.0,0.3966915814690099,-0.2461500928853988,0.0752707442918055,0.0472826483827995,0.0495116954437611,-0.0495116954437611
TSLA_2025-07-11,TSLA,2025-07-11,307.8900146484375,314.0899963378906,305.6499938964844,313.510009765625,79236400.0,0.151763393482782,-0.2050156673828397,-0.0266261369500288,0.0117469090450688,0.0406991251685088,-0.0406991251685088
TSLA_2025-07-14,TSLA,2025-07-14,317.7300109863281,322.6000061035156,312.6700134277344,316.8999938964844,78043400.0,0.2555467573681995,-0.1975996558021494,0.028973550783025,0.010813001260769,0.0395335050815129,-0.0395335050815129
TSLA_2025-07-15,TSLA,2025-07-15,319.67999267578125,321.20001220703125,310.5,310.7799987792969,77556300.0,0.2317387411774072,-0.2126969487059754,0.0095208962357158,-0.0193120707953897,0.0396422524701463,-0.0396422524701463
TSLA_2025-07-16,TSLA,2025-07-16,312.79998779296875,323.5,312.6199951171875,321.6700134277344,97284800.0,0.2746978626811813,-0.2024248955519595,0.0361364835646109,0.0350409121925865,0.0398295262337222,-0.0398295262337222
TSLA_2025-07-17,TSLA,2025-07-17,323.1499938964844,324.3399963378906,317.0599975585937,319.4100036621094,73922900.0,0.2569753370387331,-0.1941416503515111,0.031416843343611,-0.007025863995037,0.039855396910021,-0.039855396910021
TSLA_2025-07-18,TSLA,2025-07-18,321.6600036621094,330.8999938964844,321.4200134277344,329.6499938964844,94255000.0,0.3647277571172254,-0.2301854351577008,0.0672711609797622,0.0320590780406724,0.0393990681742173,-0.0393990681742173
TSLA_2025-07-21,TSLA,2025-07-21,334.3999938964844,338.0,326.8800048828125,328.489990234375,75768800.0,0.3609396233151924,-0.2062008012652457,0.0773694110249733,-0.0035188948387289,0.0394079594322073,-0.0394079594322073
TSLA_2025-07-22,TSLA,2025-07-22,329.739990234375,335.4100036621094,321.54998779296875,332.1099853515625,77370400.0,0.4598241114354395,-0.221313047241354,0.1192555320970427,0.0110201078413521,0.0385738803770388,-0.0385738803770388
TSLA_2025-07-23,TSLA,2025-07-23,330.8999938964844,336.20001220703125,328.6700134277344,332.5599975585937,92553800.0,0.3974870607752105,-0.2157898653173601,0.0908485977289252,0.0013550095657461,0.0382498086648518,-0.0382498086648518
TSLA_2025-07-24,TSLA,2025-07-24,310.0,310.1499938964844,300.4100036621094,305.29998779296875,156966000.0,0.2175958407295006,-0.2645322960988137,-0.0234682276846565,-0.0819702007630127,0.0393288508590532,-0.0393288508590532
TSLA_2025-07-25,TSLA,2025-07-25,308.739990234375,323.6300048828125,308.010009765625,316.0599975585937,148227000.0,0.2179106225769151,-0.2335709932192042,-0.0078301853211445,0.0352440556693423,0.0393322749866681,-0.0393322749866681
TSLA_2025-07-28,TSLA,2025-07-28,318.45001220703125,330.489990234375,315.69000244140625,325.5899963378906,112673800.0,0.1426214507453056,-0.1991981723379289,-0.0282883607963116,0.0301524990600248,0.0376040617166084,-0.0376040617166084
TSLA_2025-07-29,TSLA,2025-07-29,325.54998779296875,326.25,318.25,321.20001220703125,87358900.0,0.12354836547137,-0.1912375245037753,-0.0338445795162026,-0.013483166498468,0.0376600907712347,-0.0376600907712347
TSLA_2025-07-30,TSLA,2025-07-30,322.17999267578125,324.45001220703125,311.6199951171875,319.0400085449219,83931900.0,0.0924905313787229,-0.1985731581304864,-0.0530413133758817,-0.0067247932130124,0.0375989137350853,-0.0375989137350853
TSLA_2025-07-31,TSLA,2025-07-31,319.6099853515625,321.3699951171875,306.1000061035156,308.2699890136719,85270900.0,0.0925360965859272,-0.2077358412282827,-0.0575998723211777,-0.0337575828823786,0.0375982932481958,-0.0375982932481958
TSLA_2025-08-01,TSLA,2025-08-01,306.2099914550781,309.3099975585937,297.82000732421875,302.6300048828125,89121400.0,0.0788179692537456,-0.2439542175334267,-0.0825681241398405,-0.0182955990912538,0.0376735679396625,-0.0376735679396625
TSLA_2025-08-04,TSLA,2025-08-04,309.0799865722656,312.1199951171875,303.0,309.260009765625,78683900.0,0.0767731588961648,-0.2356401258024157,-0.0794334834531254,0.0219079561703732,0.0376561364075574,-0.0376561364075574
TSLA_2025-08-05,TSLA,2025-08-05,308.95001220703125,312.45001220703125,305.5,308.7200012207031,57961300.0,0.1015485280218129,-0.1953711240774057,-0.0469112980277964,-0.0017461311772288,0.0375112477203602,-0.0375112477203602
TSLA_2025-08-06,TSLA,2025-08-06,307.8900146484375,320.4700012207031,306.92999267578125,319.9100036621094,78523600.0,0.1618303852219338,-0.1843399948194579,-0.011254804798762,0.0362464446655872,0.0376656724440456,-0.0376656724440456
TSLA_2025-08-07,TSLA,2025-08-07,319.7900085449219,322.3999938964844,316.1600036621094,322.2699890136719,66658700.0,0.1667148924388508,-0.1478171785948454,0.0094488569220027,0.0073770289285954,0.0376695337336793,-0.0376695337336793
TSLA_2025-08-08,TSLA,2025-08-08,321.42999267578125,335.1499938964844,320.9800109863281,329.6499938964844,91200300.0,0.1573976034669304,-0.1193364302032707,0.0190305866318298,0.022900068682782,0.0375851050621732,-0.0375851050621732
TSLA_2025-08-11,TSLA,2025-08-11,335.0,346.6400146484375,334.1499938964844,339.0299987792969,105320200.0,0.1366927770360808,-0.0624688807115603,0.0371119481622602,0.0284544366949328,0.0373031878097502,-0.0373031878097502
TSLA_2025-08-12,TSLA,2025-08-12,345.0,345.260009765625,332.94000244140625,340.8399963378906,80522100.0,0.0705446042798607,-0.0281983700813758,0.0211731170992424,0.0053387533997308,0.0363742347776887,-0.0363742347776887
TSLA_2025-08-13,TSLA,2025-08-13,341.5,348.9800109863281,338.20001220703125,339.3800048828125,67838900.0,0.0158948646755958,0.0331202583951675,0.0245075615353816,-0.0042835097722239,0.0358677919132362,-0.0358677919132362
TSLA_2025-08-14,TSLA,2025-08-14,335.760009765625,340.4700012207031,330.3999938964844,335.5799865722656,75000700.0,-0.0348021351772148,-0.0027637311413325,-0.0187829331592737,-0.0111969422354715,0.035532614391425,-0.035532614391425
TSLA_2025-08-15,TSLA,2025-08-15,337.6600036621094,339.29998779296875,327.0199890136719,330.5599975585937,74319800.0,-0.0357622352945995,-0.071304165614233,-0.0535332004544162,-0.0149591430196655,0.035539085354305,-0.035539085354305
TSLA_2025-08-18,TSLA,2025-08-18,329.6199951171875,336.2699890136719,329.5899963378906,335.1600036621094,56956600.0,-0.0423452964712253,-0.0581159872094434,-0.0502306418403343,0.0139157978505861,0.0354840139818808,-0.0354840139818808
TSLA_2025-08-19,TSLA,2025-08-19,335.7900085449219,340.54998779296875,327.8500061035156,329.3099975585937,75956000.0,-0.037358586676337,-0.070034703394052,-0.0536966450351945,-0.0174543681811548,0.0354377398062632,-0.0354377398062632
TSLA_2025-08-20,TSLA,2025-08-20,329.2200012207031,331.3699951171875,314.6000061035156,323.8999938964844,77481800.0,-0.0579373305898106,-0.1016751827999218,-0.0798062566948662,-0.0164283006960538,0.0354919175375583,-0.0354919175375583
TSLA_2025-08-21,TSLA,2025-08-21,322.0799865722656,324.8999938964844,318.67999267578125,320.1099853515625,55744400.0,-0.0433626501026737,-0.0967551047840523,-0.070058877443363,-0.0117011689297318,0.0353614112445757,-0.0353614112445757
TSLA_2025-08-22,TSLA,2025-08-22,321.6600036621094,340.25,319.69000244140625,340.010009765625,94016300.0,-0.0030201699316495,0.0065423980240364,0.0017611140461934,0.0621662095051711,0.0361448859333555,-0.0361448859333555
TSLA_2025-08-25,TSLA,2025-08-25,338.8999938964844,349.5299987792969,335.0299987792969,346.6000061035156,86670000.0,0.0213945006305593,0.048618907159919,0.0350067038952391,0.0193817715614703,0.0362143576024972,-0.0362143576024972
TSLA_2025-08-26,TSLA,2025-08-26,344.92999267578125,351.8999938964844,343.7200012207031,351.6700134277344,76651600.0,-0.0309184622552177,0.1613937503464471,0.0652376440456146,0.0146278339149956,0.035188653833483,-0.035188653833483
TSLA_2025-08-27,TSLA,2025-08-27,351.94000244140625,355.3900146484375,349.1600036621094,349.6000061035156,65519000.0,-0.0204538748047332,0.2022008967634785,0.0908735109793726,-0.0058862207330171,0.0351330788475527,-0.0351330788475527
TSLA_2025-08-28,TSLA,2025-08-28,350.9100036621094,353.54998779296875,340.260009765625,345.9800109863281,67903200.0,-0.0347347653484868,0.2270969888530478,0.0961811117522805,-0.010354676927882,0.0351546712300701,-0.0351546712300701
TSLA_2025-08-29,TSLA,2025-08-29,347.2300109863281,348.75,331.70001220703125,333.8699951171875,81145700.0,-0.0363389616359874,0.1395657812736155,0.051613409818814,-0.0350020679940933,0.035179904947015,-0.035179904947015
TSLA_2025-09-02,TSLA,2025-09-02,328.2300109863281,333.3299865722656,325.6000061035156,329.3599853515625,58392000.0,-0.0388981790973693,0.1570700594194896,0.0590859401610601,-0.0135082811620792,0.0351946088348913,-0.0351946088348913
TSLA_2025-09-03,TSLA,2025-09-03,335.20001220703125,343.3299865722656,328.510009765625,334.0899963378906,88733300.0,-0.0295697940588628,0.2280914051019906,0.0992608055215639,0.01436121932444,0.0352366437973477,-0.0352366437973477
TSLA_2025-09-04,TSLA,2025-09-04,336.1499938964844,338.8900146484375,331.4800109863281,338.5299987792969,60711000.0,0.0195151670668585,0.2129344012043454,0.116224784135602,0.013289839534482,0.0349757312248076,-0.0349757312248076
TSLA_2025-09-05,TSLA,2025-09-05,348.0,355.8699951171875,344.67999267578125,350.8399963378906,108989800.0,0.2323146515454413,0.3317137220786472,0.2820141868120442,0.036363092201525,0.03005184012572,-0.03005184012572
TSLA_2025-09-08,TSLA,2025-09-08,354.6400146484375,358.44000244140625,344.8399963378906,346.3999938964844,75208300.0,0.173680208388911,0.3187648996400791,0.2462225540144951,-0.0126553485570388,0.0298224187137027,-0.0298224187137027
TSLA_2025-09-09,TSLA,2025-09-09,348.44000244140625,350.7699890136719,343.82000732421875,346.9700012207031,53816000.0,0.1244086341271748,0.5618726570048043,0.3431406455659895,0.0016455177086092,0.0293207122259767,-0.0293207122259767
TSLA_2025-09-10,TSLA,2025-09-10,350.54998779296875,356.3299865722656,346.07000732421875,347.7900085449219,72121700.0,0.0665460837521245,0.5083268530795946,0.2874364684158595,0.0023633378140295,0.0284800696658444,-0.0284800696658444
TSLA_2025-09-11,TSLA,2025-09-11,350.1700134277344,368.989990234375,347.6000061035156,368.80999755859375,103756000.0,0.1298287713559012,0.4865976178107816,0.3082131945833414,0.0604387374485395,0.0294344002150019,-0.0294344002150019
TSLA_2025-09-12,TSLA,2025-09-12,370.9400024414063,396.6900024414063,370.239990234375,395.9400024414063,168156400.0,0.2407634377382468,0.6450889749476394,0.4429262063429431,0.0735609258490948,0.0305919421347506,-0.0305919421347506
TSLA_2025-09-15,TSLA,2025-09-15,423.1300048828125,425.7000122070313,402.4299926757813,410.0400085449219,163823700.0,0.2604592899763767,0.6402912855148506,0.4503752877456136,0.0356114714769244,0.0307918090166964,-0.0307918090166964
TSLA_2025-09-16,TSLA,2025-09-16,414.5,423.25,411.4299926757813,421.6199951171875,104285700.0,0.2810135474196777,0.7714381952354441,0.5262258713275609,0.0282411138692506,0.0309273178331373,-0.0309273178331373
TSLA_2025-09-17,TSLA,2025-09-17,415.75,428.30999755859375,409.6700134277344,425.8599853515625,106133500.0,0.3461671475745544,0.8901069192050128,0.6181370333897837,0.0100564258893758,0.0304343294644571,-0.0304343294644571
TSLA_2025-09-18,TSLA,2025-09-18,428.8699951171875,432.2200012207031,416.55999755859375,416.8500061035156,90454500.0,0.2943642971708151,0.7673620157076375,0.5308631564392263,-0.0211571398064291,0.0305677973534662,-0.0305677973534662
TSLA_2025-09-19,TSLA,2025-09-19,421.8200073242188,429.4700012207031,421.7200012207031,426.0700073242188,93131000.0,0.3225416019398026,0.8033946382399109,0.5629681200898567,0.0221182705666402,0.0306423347526357,-0.0306423347526357
TSLA_2025-09-22,TSLA,2025-09-22,431.1099853515625,444.9800109863281,429.1300048828125,434.2099914550781,97108800.0,0.2452965486288358,0.7458484971801824,0.4955725229045091,0.0191048043535839,0.0290607447852361,-0.0290607447852361
TSLA_2025-09-23,TSLA,2025-09-23,439.8800048828125,440.9700012207031,423.7200012207031,425.8500061035156,83422700.0,0.2507710064813215,0.5296885078342222,0.3902297571577718,-0.0192533233137897,0.0290003151918668,-0.0290003151918668
TSLA_2025-09-24,TSLA,2025-09-24,429.8299865722656,444.2099914550781,429.0299987792969,442.7900085449219,93133600.0,0.351824225451633,0.5367182134878918,0.4442712194697624,0.0397792701622938,0.0288410667723883,-0.0288410667723883
TSLA_2025-09-25,TSLA,2025-09-25,435.239990234375,435.3500061035156,419.0799865722656,423.3900146484375,96746400.0,0.2996194248722665,0.5562376624562448,0.4279285436642557,-0.0438130796135979,0.0294681244066871,-0.0294681244066871
TSLA_2025-09-26,TSLA,2025-09-26,428.2999877929688,440.4700012207031,421.0199890136719,440.3999938964844,101628200.0,0.3608132350273105,0.6124189434457767,0.4866160892365436,0.0401756741055197,0.029769202457733,-0.029769202457733
TSLA_2025-09-29,TSLA,2025-09-29,444.3500061035156,450.9800109863281,439.5,443.2099914550781,79491500.0,0.3952338548938461,0.6816923239747634,0.5384630894343048,0.0063805576692497,0.0296131650594983,-0.0296131650594983
TSLA_2025-09-30,TSLA,2025-09-30,441.5199890136719,445.0,433.1199951171875,444.7200012207031,74358000.0,0.4788999828997637,0.7160055368749156,0.5974527598873397,0.0034069849388267,0.0286335627372037,-0.0286335627372037
TSLA_2025-10-01,TSLA,2025-10-01,443.7999877929688,462.2900085449219,440.75,459.4599914550781,98122300.0,0.4555995575458664,0.7114654178626849,0.5835324877042757,0.0331444283907076,0.0283064801732454,-0.0283064801732454
TSLA_2025-10-02,TSLA,2025-10-02,470.5400085449219,470.75,435.5700073242188,436.0,137009000.0,0.3825907453982424,0.5419436445818242,0.4622671949900333,-0.0510599222813328,0.029205296533647,-0.029205296533647
TSLA_2025-10-03,TSLA,2025-10-03,443.2900085449219,446.7699890136719,416.5799865722656,429.8299865722656,133188200.0,0.4623051745328457,0.6081636805423378,0.5352344275375918,-0.0141514069443449,0.0277745731284393,-0.0277745731284393
TSLA_2025-10-06,TSLA,2025-10-06,440.75,453.5499877929688,436.6900024414063,453.25,85324900.0,0.5219435335135911,0.8930376889488458,0.7074906112312185,0.0544866904575465,0.028416681025774,-0.028416681025774
TSLA_2025-10-07,TSLA,2025-10-07,447.8200073242188,452.6799926757813,432.4500122070313,433.0899963378906,102296100.0,0.4637352615612606,0.8564448060431844,0.6600900338022225,-0.0444787725584321,0.0291042033415578,-0.0291042033415578
TSLA_2025-10-08,TSLA,2025-10-08,437.5700073242188,441.3299865722656,425.2300109863281,438.6900024414063,71192100.0,0.4157227526192115,0.9773280502773868,0.6965254014482991,0.0129303520073611,0.0286456554138701,-0.0286456554138701
TSLA_2025-10-09,TSLA,2025-10-09,431.80999755859375,436.3500061035156,426.1799926757813,435.5400085449219,69339900.0,0.3892379668212971,0.6000734350212176,0.4946557009212573,-0.0071804551709727,0.0286829685092757,-0.0286829685092757
TSLA_2025-10-10,TSLA,2025-10-10,436.5400085449219,443.1300048828125,411.4500122070313,413.489990234375,112107900.0,0.3047964600764297,0.6382329644744669,0.4715147122754483,-0.0506268491480562,0.0295359375630594,-0.0295359375630594
TSLA_2025-10-13,TSLA,2025-10-13,423.5299987792969,436.8900146484375,419.7000122070313,435.8999938964844,79552800.0,0.402599895773996,0.7276366299962242,0.5651182628851101,0.054197209585187,0.0300215925057564,-0.0300215925057564
TSLA_2025-10-14,TSLA,2025-10-14,426.7900085449219,434.2000122070313,417.8599853515625,429.239990234375,72669400.0,0.3344109563100665,0.7009707939467931,0.5176908751284298,-0.0152787422697027,0.029900985115944,-0.029900985115944
TSLA_2025-10-15,TSLA,2025-10-15,434.8999938964844,440.510009765625,426.3299865722656,435.1499938964844,71558200.0,0.3623555583963849,0.7124473371818874,0.5374014477891361,0.0137685299519327,0.0298805289538823,-0.0298805289538823
TSLA_2025-10-16,TSLA,2025-10-16,434.7300109863281,439.3500061035156,421.30999755859375,428.75,77189900.0,0.3006218957632824,0.7749948026625781,0.5378083492129303,-0.014707558281632,0.0297872973780136,-0.0297872973780136
TSLA_2025-10-17,TSLA,2025-10-17,425.5,441.4599914550781,423.6000061035156,439.30999755859375,89331600.0,0.3373619002671879,0.8200688007857166,0.5787153505264523,0.0246297319150874,0.029874275283027,-0.029874275283027
TSLA_2025-10-20,TSLA,2025-10-20,443.8699951171875,449.7999877929688,440.6099853515625,447.4299926757813,63719000.0,0.3472343874338623,0.9667252425309067,0.6569798149823846,0.0184835199797712,0.0299130485298172,-0.0299130485298172
TSLA_2025-10-21,TSLA,2025-10-21,445.760009765625,449.2999877929688,442.0499877929688,442.6000061035156,54412200.0,0.330887687493244,0.8598983226168506,0.5953930050550473,-0.0107949548562463,0.0299772206228821,-0.0299772206228821
TSLA_2025-10-22,TSLA,2025-10-22,443.4500122070313,445.5400085449219,429.0,438.9700012207031,84023500.0,0.4378317024970837,0.7506979006294658,0.5942648015632748,-0.0082015472949711,0.027894074853994,-0.027894074853994
TSLA_2025-10-23,TSLA,2025-10-23,420.0,449.3999938964844,413.8999938964844,448.9800109863281,126709800.0,0.4205531052789832,0.7301067168538966,0.5753299110664399,0.0228034028243133,0.0277284060402238,-0.0277284060402238
TSLA_2025-10-24,TSLA,2025-10-24,446.8299865722656,451.6799926757813,430.1700134277344,433.7200012207031,94727800.0,0.3321048131054904,0.5220915340954,0.4270981736004452,-0.0339881718388788,0.02800209124486,-0.02800209124486
TSLA_2025-10-27,TSLA,2025-10-27,439.9800109863281,460.1600036621094,438.6900024414063,452.4200134277344,105867500.0,0.4085304988597713,0.5825521397104694,0.4955413192851203,0.0431154019976025,0.0283075870372433,-0.0283075870372433
TSLA_2025-10-28,TSLA,2025-10-28,454.7799987792969,467.0,451.6000061035156,460.5499877929688,80185700.0,0.4435493212699117,0.5770639650655607,0.5103066431677362,0.0179699706554494,0.0283017234771391,-0.0283017234771391
TSLA_2025-10-29,TSLA,2025-10-29,462.5,465.7000122070313,452.6499938964844,461.510009765625,67983500.0,0.4970967859772977,0.6356322787629738,0.5663645323701357,0.0020845119924044,0.0278413239858739,-0.0278413239858739
TSLA_2025-10-30,TSLA,2025-10-30,451.0499877929688,455.05999755859375,439.6099853515625,440.1000061035156,72447900.0,0.4542510623622258,0.5688721778827184,0.5115616201224721,-0.046391201077052,0.028467825146365,-0.028467825146365
TSLA_2025-10-31,TSLA,2025-10-31,446.75,458.0,443.6900024414063,456.55999755859375,83135800.0,0.4762982058514489,0.5896382825874054,0.5329682442194271,0.0374005708402707,0.0286705090610821,-0.0286705090610821
TSLA_2025-11-03,TSLA,2025-11-03,455.989990234375,474.0700073242188,453.7999877929688,468.3699951171875,84595200.0,0.517135246389012,0.6711980974698266,0.5941666719294193,0.0258673506696742,0.028751752471817,-0.028751752471817
TSLA_2025-11-04,TSLA,2025-11-04,454.4599914550781,460.2200012207031,443.6000061035156,444.260009765625,87756600.0,0.3887030873684549,0.6134374429561806,0.5010702651623178,-0.0514763661270191,0.0294307698119162,-0.0294307698119162
TSLA_2025-11-05,TSLA,2025-11-05,452.0499877929688,466.3299865722656,440.7099914550781,462.0700073242188,85573000.0,0.4337978188363549,0.6728332679827167,0.5533155434095358,0.0400891306151767,0.0297485801904107,-0.0297485801904107
TSLA_2025-11-06,TSLA,2025-11-06,461.9599914550781,467.4500122070313,435.0899963378906,445.9100036621094,109622900.0,0.3526771179074635,0.5655852545306528,0.4591311862190581,-0.0349730634015604,0.03011489954155,-0.03011489954155
TSLA_2025-11-07,TSLA,2025-11-07,437.9200134277344,439.3599853515625,421.8800048828125,429.5199890136719,103471500.0,0.2669085053245761,0.4400857471680228,0.3534971262462995,-0.0367563286623574,0.0304235993992602,-0.0304235993992602
TSLA_2025-11-10,TSLA,2025-11-10,439.6000061035156,449.6700134277344,433.3599853515625,445.2300109863281,76515900.0,0.3062727842097228,0.3984232808533496,0.3523480325315362,0.0365757645150157,0.0306955257752625,-0.0306955257752625
TSLA_2025-11-11,TSLA,2025-11-11,439.3999938964844,442.489990234375,432.3599853515625,439.6199951171875,60533200.0,0.2953620979202582,0.3159517031725967,0.3056569005464274,-0.0126002644267232,0.0307526646442492,-0.0307526646442492
TSLA_2025-11-12,TSLA,2025-11-12,442.1499938964844,442.3299865722656,426.55999755859375,430.6000061035156,58513500.0,0.2831516280271018,0.2384952116156393,0.2608234198213706,-0.020517695086338,0.0308520473577416,-0.0308520473577416
TSLA_2025-11-13,TSLA,2025-11-13,423.1300048828125,424.5,396.3399963378906,401.989990234375,118948000.0,0.216087830358602,0.1725978112304187,0.1943428207945103,-0.066442209622874,0.0320331563087155,-0.0320331563087155
TSLA_2025-11-14,TSLA,2025-11-14,386.2999877929688,412.1900024414063,382.7799987792969,404.3500061035156,105506700.0,0.2064387208658702,0.1553517155564392,0.1808952182111547,0.0058708324248686,0.0320074524790583,-0.0320074524790583
TSLA_2025-11-17,TSLA,2025-11-17,398.739990234375,423.9599914550781,398.739990234375,408.9200134277344,102214300.0,0.2417479470995283,0.1953579987876468,0.2185529729435875,0.0113021077166715,0.0319088953493279,-0.0319088953493279
TSLA_2025-11-18,TSLA,2025-11-18,405.3800048828125,408.8999938964844,393.7099914550781,401.25,80688600.0,0.2388082975025804,0.167035051632773,0.2029216745676767,-0.0187567572529434,0.0319342101584036,-0.0319342101584036
TSLA_2025-11-19,TSLA,2025-11-19,406.1799926757813,411.7799987792969,398.5,403.989990234375,72047700.0,0.2620349527387933,0.2073097726658366,0.2346723627023149,0.0068286360981308,0.0318734194299526,-0.0318734194299526
TSLA_2025-11-20,TSLA,2025-11-20,414.6300048828125,428.9400024414063,394.739990234375,395.2300109863281,113548800.0,0.1624069869553759,0.1588963203250339,0.1606516536402049,-0.0216836541988695,0.0311564799950108,-0.0311564799950108
TSLA_2025-11-21,TSLA,2025-11-21,402.3200073242188,402.7999877929688,383.760009765625,391.0899963378906,100460600.0,0.1283611928762851,0.1525019171287756,0.1404315550025303,-0.010474950113494,0.0311283187989552,-0.0311283187989552
TSLA_2025-11-24,TSLA,2025-11-24,402.1700134277344,421.7200012207031,401.0899963378906,417.7799987792969,96806400.0,0.1879886906113694,0.1512579071210762,0.1696232988662228,0.0682451678419993,0.0321832503475863,-0.0321832503475863
TSLA_2025-11-25,TSLA,2025-11-25,414.4200134277344,420.4800109863281,405.9500122070313,419.3999938964844,71915600.0,0.1996567121692245,0.1751190839698573,0.1873878980695409,0.003877627272538,0.0321620646563638,-0.0321620646563638
TSLA_2025-11-26,TSLA,2025-11-26,423.9500122070313,426.9400024414063,416.8900146484375,426.5799865722656,63463000.0,0.2329613648955069,0.1901347412021115,0.2115480530488092,0.0171196775876762,0.0321588008007022,-0.0321588008007022
TSLA_2025-11-28,TSLA,2025-11-28,426.5899963378906,432.9299926757813,426.2000122070313,430.1700134277344,36252900.0,0.2884356777156505,0.2416152630527039,0.2650254703841772,0.0084158351738814,0.0317759846137627,-0.0317759846137627
TSLA_2025-12-01,TSLA,2025-12-01,425.3200073242188,433.6600036621094,425.2900085449219,430.1400146484375,57463600.0,0.3059874720036233,0.2551869374187057,0.2805872047111645,-6.973703038437584e-05,0.0316979751941453,-0.0316979751941453
TSLA_2025-12-02,TSLA,2025-12-02,430.80999755859375,436.7999877929688,422.1199951171875,429.239990234375,69336600.0,0.2848034809167166,0.2468121065798991,0.2658077937483079,-0.0020923987153301,0.0316852043314036,-0.0316852043314036
TSLA_2025-12-03,TSLA,2025-12-03,432.1000061035156,447.9200134277344,431.1099853515625,446.739990234375,87483000.0,0.3196466837363656,0.3453998092387065,0.332523246487536,0.0407697334781054,0.031996080684193,-0.031996080684193
TSLA_2025-12-04,TSLA,2025-12-04,449.9400024414063,454.6300048828125,445.3900146484375,454.5299987792969,71906500.0,0.2955478381134842,0.596522582685268,0.4460352103993761,0.0174374551533542,0.0317841993543715,-0.0317841993543715
TSLA_2025-12-05,TSLA,2025-12-05,453.0299987792969,458.8699951171875,451.6600036621094,455.0,56427500.0,0.3135104157535546,0.5416411784826372,0.4275757971180959,0.0010340378456106,0.031710939203811,-0.031710939203811
TSLA_2025-12-08,TSLA,2025-12-08,447.4500122070313,449.75,435.25,439.5799865722656,69165800.0,0.266910640763593,0.4245252631421754,0.3457179519528842,-0.033890139401614,0.0320823990005686,-0.0320823990005686
TSLA_2025-12-09,TSLA,2025-12-09,437.5400085449219,452.3900146484375,435.7000122070313,445.1700134277344,62367400.0,0.2799965568022766,0.365175314873672,0.3225859358379743,0.0127167455894849,0.0320989994191555,-0.0320989994191555
TSLA_2025-12-10,TSLA,2025-12-10,446.0700073242188,456.8800048828125,443.6099853515625,451.4500122070313,63257500.0,0.2240720566022842,0.3829918277620501,0.3035319421821671,0.0141069672032534,0.0313163419525138,-0.0313163419525138
TSLA_2025-12-11,TSLA,2025-12-11,448.9500122070313,449.2699890136719,440.3299865722656,446.8900146484375,55979500.0,0.1286811433370416,0.4004262955172026,0.2645537194271221,-0.0101007806740353,0.0300543804484833,-0.0300543804484833
TSLA_2025-12-12,TSLA,2025-12-12,448.0899963378906,463.010009765625,441.6700134277344,458.9599914550781,95656700.0,0.1193053894515194,0.4108388764547941,0.2650721329531568,0.0270088308330986,0.0299201513243927,-0.0299201513243927
TSLA_2025-12-15,TSLA,2025-12-15,469.4400024414063,481.7699890136719,467.6600036621094,475.30999755859375,114542200.0,0.1273421637094876,0.4441405842892658,0.2857413739993767,0.0356240334842257,0.030037891289974,-0.030037891289974
TSLA_2025-12-16,TSLA,2025-12-16,472.2099914550781,491.5,465.8299865722656,489.8800048828125,107608100.0,0.15033114576003,0.5485379972539486,0.3494345715069893,0.0306536942186297,0.0302345795387164,-0.0302345795387164
TSLA_2025-12-17,TSLA,2025-12-17,488.2200012207031,495.2799987792969,466.2000122070313,467.260009765625,106490400.0,0.1209307974667299,0.4508928038401454,0.2859118006534377,-0.0461745629373024,0.0307131595205545,-0.0307131595205545
TSLA_2025-12-18,TSLA,2025-12-18,478.1600036621094,490.8599853515625,473.1199951171875,483.3699951171875,95168400.0,0.1344849128264647,0.5004034939860498,0.3174442034062572,0.0344775607046774,0.0308809388594906,-0.0308809388594906
TSLA_2025-12-19,TSLA,2025-12-19,488.1199951171875,490.489990234375,474.7200012207031,481.2000122070313,103305400.0,0.1082195750366896,0.3800620119161046,0.2441407934763971,-0.0044892792934532,0.0308190189522524,-0.0308190189522524
TSLA_2025-12-22,TSLA,2025-12-22,489.8800048828125,498.8299865722656,485.3299865722656,488.7300109863281,86916100.0,0.1476576352743497,0.4354568955680717,0.2915572654212107,0.015648376118613,0.0307425675980375,-0.0307425675980375
TSLA_2025-12-23,TSLA,2025-12-23,489.3999938964844,491.9700012207031,482.8399963378906,485.55999755859375,58223600.0,0.09659203728246,0.4823996814357898,0.2894958593591249,-0.0064862262526846,0.030392035037541,-0.030392035037541
TSLA_2025-12-24,TSLA,2025-12-24,488.4800109863281,490.8999938964844,476.7999877929688,485.3999938964844,41285400.0,0.1464606559026597,0.489962538262896,0.3182115970827779,-0.0003295239783216,0.0298251329763947,-0.0298251329763947
TSLA_2025-12-26,TSLA,2025-12-26,485.2300109863281,489.0899963378906,473.8200073242188,475.1900024414063,58780700.0,0.0789963874365977,0.4683125645703778,0.2736544760034878,-0.0210341812597044,0.0295776376092009,-0.0295776376092009
TSLA_2025-12-29,TSLA,2025-12-29,469.0,469.3999938964844,459.0,459.6400146484375,66263000.0,0.037070516256682,0.4469558941935616,0.2420132052251218,-0.0327237267473576,0.0298852436652669,-0.0298852436652669
TSLA_2025-12-30,TSLA,2025-12-30,461.0899963378906,463.1199951171875,453.8299865722656,454.4299926757813,59238500.0,0.0218339436688825,0.5111902018183083,0.2665120727435954,-0.0113350052358717,0.0299239290069281,-0.0299239290069281
TSLA_2025-12-31,TSLA,2025-12-31,456.1000061035156,456.5499877929688,449.2999877929688,449.7200012207031,49078000.0,-0.0211987777293276,0.424742626062544,0.2017719241666081,-0.0103646139801308,0.0296660052838793,-0.0296660052838793
TSLA_2026-01-02,TSLA,2026-01-02,457.7999877929688,458.3399963378906,435.2999877929688,438.0700073242188,85535400.0,0.0047477232206853,0.3891549035848745,0.1969513134027799,-0.0259049939181312,0.0291308634430964,-0.0291308634430964
TSLA_2026-01-05,TSLA,2026-01-05,447.989990234375,457.5499877929688,444.5700073242188,451.6700134277344,67940800.0,0.0508108497260391,0.5366061430096432,0.2937084963678411,0.0310452801518779,0.0293203109155943,-0.0293203109155943
TSLA_2026-01-06,TSLA,2026-01-06,446.3800048828125,448.25,428.7799987792969,432.9599914550781,89093800.0,-0.044765600760997,0.4538128169115405,0.2045236080752717,-0.0414240959470951,0.0289976464724068,-0.0289976464724068
TSLA_2026-01-07,TSLA,2026-01-07,435.8999938964844,438.3699951171875,431.2900085449219,431.4100036621094,59828800.0,-0.0038790844627834,0.45805730885051,0.2270891121938633,-0.003579979267275,0.028445464282833,-0.028445464282833
TSLA_2026-01-08,TSLA,2026-01-08,427.8900146484375,436.8900146484375,424.3699951171875,435.7999877929688,57041100.0,-0.0065878288366589,0.4063962134447925,0.1999041923040667,0.0101758978549273,0.0284279075822391,-0.0284279075822391
TSLA_2026-01-09,TSLA,2026-01-09,435.9500122070313,449.0499877929688,430.3900146484375,445.010009765625,67331500.0,0.0217431258550531,0.4194443427765106,0.2205937343157819,0.0211335985099465,0.0285314680244357,-0.0285314680244357
TSLA_2026-01-12,TSLA,2026-01-12,441.2300109863281,454.2999877929688,438.0,448.9599914550781,61649600.0,0.085782006961276,0.4167245190977544,0.2512532630295152,0.0088761636879437,0.0277784607874917,-0.0277784607874917
TSLA_2026-01-13,TSLA,2026-01-13,450.2000122070313,451.80999755859375,443.9500122070313,447.2000122070313,53719200.0,0.0259234192905963,0.4389600809690919,0.2324417501298441,-0.0039201249143442,0.0269594732099511,-0.0269594732099511
TSLA_2026-01-14,TSLA,2026-01-14,442.80999755859375,443.9100036621094,434.2200012207031,439.2000122070313,57259500.0,0.0232038537863583,0.3653744330311999,0.1942891434087791,-0.0178890871682185,0.0269865208713701,-0.0269865208713701
TSLA_2026-01-15,TSLA,2026-01-15,441.1300048828125,445.3599853515625,437.6499938964844,438.5700073242188,49465800.0,0.0078593898097307,0.3730628417892756,0.1904611157995032,-0.0014344373071545,0.0269359154306826,-0.0269359154306826
TSLA_2026-01-16,TSLA,2026-01-16,439.5,447.25,435.260009765625,437.5,60220600.0,0.0204081632653061,0.3271651997584515,0.1737866815118788,-0.0024397640202235,0.0268685927661347,-0.0268685927661347
TSLA_2026-01-20,TSLA,2026-01-20,429.3599853515625,430.7300109863281,417.4400024414063,419.25,63187300.0,-0.0456625109150132,0.2762945978989144,0.1153160434919505,-0.0417142857142857,0.0272125844458005,-0.0272125844458005
TSLA_2026-01-21,TSLA,2026-01-21,421.6600036621094,438.2000122070313,419.6199951171875,431.4400024414063,68124000.0,-0.0357374125474904,0.2990877163319729,0.1316751518922412,0.0290757362943501,0.0273632906335616,-0.0273632906335616
TSLA_2026-01-22,TSLA,2026-01-22,435.1600036621094,449.5,432.6300048828125,449.3599853515625,71546700.0,0.0152733374487705,0.351214784250742,0.1832440608497563,0.0415352837213789,0.0278270668945918,-0.0278270668945918
TSLA_2026-01-23,TSLA,2026-01-23,447.4299926757813,452.4299926757813,444.0400085449219,449.05999755859375,56771400.0,0.02298561703495,0.4708811513713917,0.2469333842031709,-0.0006675890216037,0.027804712959611,-0.027804712959611
TSLA_2026-01-26,TSLA,2026-01-26,445.0,445.0400085449219,434.2799987792969,435.2000122070313,49397400.0,-0.0306917868103406,0.3769537922189931,0.1731310027043262,-0.0308644400011469,0.0279397091583082,-0.0279397091583082
TSLA_2026-01-27,TSLA,2026-01-27,437.4100036621094,437.5199890136719,430.6900024414063,430.8999938964844,37733100.0,-0.0065019074893521,0.3234435908445576,0.1584708416776027,-0.0098805565026072,0.0276316166149276,-0.0276316166149276
TSLA_2026-01-28,TSLA,2026-01-28,431.9100036621094,438.260009765625,430.1000061035156,431.4599914550781,54857400.0,-0.0463286798783586,0.343275140279192,0.1484732302004167,0.0012995998294869,0.0270826737587789,-0.0270826737587789
TSLA_2026-01-29,TSLA,2026-01-29,437.7999877929688,440.2300109863281,414.6199951171875,416.55999755859375,81686100.0,-0.0955162119212776,0.3056669583806783,0.1050753732297003,-0.0345338946636393,0.0273153919984007,-0.0273153919984007
TSLA_2026-01-30,TSLA,2026-01-30,425.3500061035156,439.8800048828125,422.7000122070313,430.4100036621094,82626100.0,-0.0673875006943177,0.3962111752727917,0.1644118372892369,0.0332485264660284,0.0276563299436287,-0.0276563299436287
TSLA_2026-02-02,TSLA,2026-02-02,421.2900085449219,427.1499938964844,414.5,421.80999755859375,58739500.0,-0.0415587554902689,0.39381419804005,0.1761277212748905,-0.0199809624087339,0.0271485324246986,-0.0271485324246986
TSLA_2026-02-03,TSLA,2026-02-03,424.2699890136719,428.55999755859375,413.6900024414063,421.9599914550781,56886500.0,-0.0757841385328007,0.3644182181034776,0.1443170397853384,0.0003555958781265,0.0267163140527703,-0.0267163140527703
TSLA_2026-02-04,TSLA,2026-02-04,420.4599914550781,423.8999938964844,399.1799926757813,406.010009765625,74606900.0,-0.1331425710478312,0.3151399590574939,0.0909986940048313,-0.0377997488208574,0.0268911154740844,-0.0268911154740844
TSLA_2026-02-05,TSLA,2026-02-05,397.0199890136719,402.1000061035156,387.5299987792969,397.2099914550781,72819800.0,-0.1059064900650605,0.2416304176427486,0.067861963788844,-0.0216743875739093,0.0262598152844786,-0.0262598152844786
TSLA_2026-02-06,TSLA,2026-02-06,400.8699951171875,414.5499877929688,397.75,411.1099853515625,62677100.0,-0.1102863660590275,0.2756694677335336,0.082691550837253,0.0349940691208829,0.0261374262447894,-0.0261374262447894
TSLA_2026-02-09,TSLA,2026-02-09,409.9100036621094,421.25,407.2900085449219,417.3200073242188,54484300.0,-0.0641160684960877,0.2659487791626178,0.100916355333265,0.0151055002163125,0.025863597759507,-0.025863597759507
TSLA_2026-02-10,TSLA,2026-02-10,418.0799865722656,427.25,417.0,425.2099914550781,64450200.0,-0.0100344516409841,0.2541957731943451,0.1220806607766805,0.018906316477488,0.0255617488263159,-0.0255617488263159
TSLA_2026-02-11,TSLA,2026-02-11,427.9599914550781,436.3500061035156,420.0299987792969,428.2699890136719,57362000.0,-0.0380927196149341,0.2565133013002025,0.1092102908426342,0.0071964385129388,0.0251514099497691,-0.0251514099497691
TSLA_2026-02-12,TSLA,2026-02-12,430.2999877929688,436.2300109863281,414.0,417.0700073242188,61933400.0,-0.0512942724248873,0.2289174415806629,0.0888115845778877,-0.0261516846306396,0.0253156735008345,-0.0253156735008345
TSLA_2026-02-13,TSLA,2026-02-13,414.30999755859375,424.05999755859375,410.8800048828125,417.4400024414063,51434100.0,-0.0305620145740213,0.2439359292706584,0.1066869573483185,0.0008871295242764,0.0251862585320653,-0.0251862585320653
TSLA_2026-02-17,TSLA,2026-02-17,412.3599853515625,413.7200012207031,400.510009765625,410.6300048828125,59678800.0,0.0214931089289065,0.242225338563617,0.1318592237462618,-0.0163137157885334,0.0238135480980708,-0.0238135480980708
TSLA_2026-02-18,TSLA,2026-02-18,411.1099853515625,416.8999938964844,409.5799865722656,411.3200073242188,45921400.0,0.0172375444923793,0.2272347619941248,0.1222361532432521,0.0016803507615164,0.0238044836522013,-0.0238044836522013
TSLA_2026-02-19,TSLA,2026-02-19,407.25,415.25,404.1099853515625,411.7099914550781,51019600.0,0.0068227964778662,0.2502201406193964,0.1285214685486313,0.0009481282794783,0.0237647566619374,-0.0237647566619374
TSLA_2026-02-20,TSLA,2026-02-20,408.2999877929688,414.7000122070313,405.5,411.8200073242188,57912200.0,0.0263426973812306,0.2714418495970485,0.1488922734891395,0.0002672169037041,0.0236381365741916,-0.0236381365741916
TSLA_2026-02-23,TSLA,2026-02-23,407.2900085449219,407.7000122070313,394.0400085449219,399.8299865722656,69680000.0,-0.0102972939000195,0.2490394079183446,0.1193710570091625,-0.0291147116184514,0.0239195962114452,-0.0239195962114452
TSLA_2026-02-24,TSLA,2026-02-24,399.5,410.8200073242188,397.6400146484375,409.3800048828125,58579500.0,0.0358019216738423,0.2040233908554793,0.1199126562646608,0.0238851977872369,0.023938724693601,-0.023938724693601
TSLA_2026-02-25,TSLA,2026-02-25,412.1499938964844,420.3399963378906,412.1499938964844,417.3999938964844,54809700.0,0.0672735119920138,0.2042700131165711,0.1357717625542924,0.0195905733499799,0.024009106476479,-0.024009106476479
TSLA_2026-02-26,TSLA,2026-02-26,414.4200134277344,416.80999755859375,403.6600036621094,408.5799865722656,53602500.0,-0.0220211887450634,0.1618277674284158,0.0699032893416762,-0.021130827631028,0.02258918379119,-0.02258918379119
TSLA_2026-02-27,TSLA,2026-02-27,402.9400024414063,407.1199951171875,398.1099853515625,402.510009765625,56890100.0,-0.0402717796296109,0.151344401425562,0.0555363108979755,-0.0148562754078191,0.0226591519988084,-0.0226591519988084
TSLA_2026-03-02,TSLA,2026-03-02,390.6000061035156,404.5400085449219,388.25,403.3200073242188,55088300.0,-0.0545266538051859,0.1657321073966799,0.055602726795747,0.0020123662491411,0.0225504409518332,-0.0225504409518332
TSLA_2026-03-03,TSLA,2026-03-03,395.0899963378906,396.3399963378906,385.3900146484375,392.4299926757813,62617300.0,-0.0877328023197812,0.1753976051008698,0.0438324013905443,-0.0270009284207993,0.0227615418777381,-0.0227615418777381
TSLA_2026-03-04,TSLA,2026-03-04,397.8500061035156,408.3299865722656,394.5799865722656,405.9400024414063,68305500.0,-0.0562607787764418,0.2325115997564228,0.0881254104899905,0.0344265474550176,0.0231999042138607,-0.0231999042138607
TSLA_2026-03-05,TSLA,2026-03-05,401.5700073242188,408.6199951171875,399.4200134277344,405.5499877929688,51925900.0,-0.0551905763218169,0.2138944363446466,0.0793519300114148,-0.0009607691927178,0.023199210298721,-0.023199210298721
TSLA_2026-03-06,TSLA,2026-03-06,398.0899963378906,402.3500061035156,394.2099914550781,396.7300109863281,64054600.0,-0.1119442636460862,0.1719198074524983,0.029987771903206,-0.0217481865913486,0.022731926271972,-0.022731926271972
TSLA_2026-03-09,TSLA,2026-03-09,390.0499877929688,401.5899963378906,381.3999938964844,398.6799926757813,67018900.0,-0.1228741914802289,0.1363584449813311,0.006742126750551,0.0049151353198746,0.0226169871804857,-0.0226169871804857
TSLA_2026-03-10,TSLA,2026-03-10,402.2200012207031,406.5899963378906,398.1900024414063,399.239990234375,59258700.0,-0.1225494720123626,0.1525404078202177,0.0149954679039275,0.0014046291985589,0.0226177914050839,-0.0226177914050839
TSLA_2026-03-11,TSLA,2026-03-11,402.2799987792969,416.3800048828125,402.1499938964844,407.8200073242188,62559900.0,-0.0722507398385061,0.1753754096591473,0.0515623349103205,0.0214908759135248,0.0224266939619086,-0.0224266939619086
TSLA_2026-03-12,TSLA,2026-03-12,405.1799926757813,406.5,394.6499938964844,395.010009765625,60973800.0,-0.1126760611656786,0.1357715864761652,0.0115477626552433,-0.0314109100302423,0.0226808910562488,-0.0226808910562488
TSLA_2026-03-13,TSLA,2026-03-13,399.1700134277344,400.2000122070313,389.9500122070313,391.2000122070313,58504100.0,-0.133458851192521,0.0607088061512768,-0.036375022520622,-0.0096453190157239,0.0226121838790172,-0.0226121838790172
TSLA_2026-03-16,TSLA,2026-03-16,396.2200012207031,403.7300109863281,394.4200134277344,395.55999755859375,58068300.0,-0.1148605146844116,-0.0009597537012411,-0.0579101341928263,0.0111451564813731,0.0226481137916692,-0.0226481137916692
TSLA_2026-03-17,TSLA,2026-03-17,395.6900024414063,400.1199951171875,393.0,399.2699890136719,46890500.0,-0.130054914486481,-0.0262657772578552,-0.0781603458721681,0.009379086555709,0.0223954015249794,-0.0223954015249794
TSLA_2026-03-18,TSLA,2026-03-18,399.0,403.0700073242188,392.30999755859375,392.7799987792969,50853100.0,-0.173634047680899,-0.0684028192967334,-0.1210184334888162,-0.0162546407517565,0.0219402473849141,-0.0219402473849141
TSLA_2026-03-19,TSLA,2026-03-19,387.2699890136719,387.2699890136719,378.7300109863281,380.2999877929688,67078300.0,-0.2236874663134231,-0.106983513656448,-0.1653354899849356,-0.031773539959046,0.0218150248819653,-0.0218150248819653
TSLA_2026-03-20,TSLA,2026-03-20,379.8500061035156,379.8900146484375,364.4599914550781,367.9599914550781,78628600.0,-0.2125155507323539,-0.1172844282897689,-0.1648999895110614,-0.0324480587272815,0.0214502322840552,-0.0214502322840552
TSLA_2026-03-23,TSLA,2026-03-23,373.0899963378906,385.3299865722656,372.7300109863281,380.8500061035156,74606000.0,-0.2120942343324746,-0.1061327961212086,-0.1591135152268416,0.0350310222518068,0.0214661688380756,-0.0214661688380756
TSLA_2026-03-24,TSLA,2026-03-24,376.55999755859375,387.4800109863281,376.30999755859375,383.0299987792969,60004900.0,-0.2040108290468991,-0.1178692192325476,-0.1609400241397234,0.0057240190123266,0.0214975006127984,-0.0214975006127984
TSLA_2026-03-25,TSLA,2026-03-25,389.989990234375,396.2300109863281,385.010009765625,385.9500122070313,55157300.0,-0.2103001585105687,-0.0936949473397105,-0.1519975529251396,0.0076234588336172,0.0214064705135484,-0.0214064705135484
TSLA_2026-03-26,TSLA,2026-03-26,381.6000061035156,384.4400024414063,371.8699951171875,372.1099853515625,55522900.0,-0.2336477732462731,-0.1596242503881809,-0.196636011817227,-0.035859635750043,0.0217887055247969,-0.0217887055247969
TSLA_2026-03-27,TSLA,2026-03-27,369.6900024414063,369.8599853515625,359.4700012207031,361.8299865722656,62065700.0,-0.2545735658797126,-0.1453979214112745,-0.1999857436454935,-0.0276262373598615,0.0219854391563565,-0.0219854391563565
TSLA_2026-03-30,TSLA,2026-03-30,365.8599853515625,367.2900085449219,352.1400146484375,355.2799987792969,67954400.0,-0.2523411752057958,-0.1932788290119614,-0.2228100021088786,-0.0181023907250444,0.0219527712426554,-0.0219527712426554
TSLA_2026-03-31,TSLA,2026-03-31,361.510009765625,373.3299865722656,361.0,371.75,75534900.0,-0.1912148895819296,-0.1612328079980142,-0.1762238487899719,0.0463578058919507,0.0225578313173186,-0.0225578313173186
TSLA_2026-04-01,TSLA,2026-04-01,378.6300048828125,383.1400146484375,374.0799865722656,381.260009765625,58683800.0,-0.1610148627719657,-0.1426965085466991,-0.1518556856593324,0.0255817344065232,0.0228187725568634,-0.0228187725568634
TSLA_2026-04-02,TSLA,2026-04-02,364.2000122070313,370.2799987792969,359.0299987792969,360.5899963378906,83031200.0,-0.1981899951989713,-0.2151873872718994,-0.2066886912354353,-0.0542150052412814,0.0237129730583844,-0.0237129730583844
TSLA_2026-04-06,TSLA,2026-04-06,362.5899963378906,367.7200012207031,346.6400146484375,352.82000732421875,77697600.0,-0.1946035989104041,-0.1907797997150946,-0.1926916993127493,-0.0215479882763885,0.0236520281639644,-0.0236520281639644
TSLA_2026-04-07,TSLA,2026-04-07,346.44000244140625,348.0199890136719,337.239990234375,346.6499938964844,74515400.0,-0.2325149255188552,-0.1935183567324159,-0.2130166411256355,-0.0174877084622486,0.0233080614753607,-0.0233080614753607
TSLA_2026-04-08,TSLA,2026-04-08,363.7900085449219,364.5,339.6700134277344,343.25,78838600.0,-0.2072015734146327,-0.2426916712630998,-0.2249466223388663,-0.0098081464195832,0.0228229375781827,-0.0228229375781827
TSLA_2026-04-09,TSLA,2026-04-09,343.1499938964844,348.8800048828125,337.25,345.6199951171875,62164000.0,-0.1988595716758452,-0.2019672630638651,-0.2004134173698551,0.0069045742671158,0.0228599625320931,-0.0228599625320931
TSLA_2026-04-10,TSLA,2026-04-10,346.2900085449219,350.3599853515625,342.739990234375,348.95001220703125,51336000.0,-0.1992886140859565,-0.2045635636439223,-0.2019260888649394,0.0096349086768392,0.0228549368226735,-0.0228549368226735
TSLA_2026-04-13,TSLA,2026-04-13,350.07000732421875,356.3500061035156,348.57000732421875,352.4200134277344,53617500.0,-0.2080627273679873,-0.190843535579842,-0.1994531314739147,0.009944121218842,0.0227052666279608,-0.0227052666279608
TSLA_2026-04-14,TSLA,2026-04-14,357.6700134277344,367.6300048828125,354.7699890136719,364.2000122070313,59979600.0,-0.1887918319254683,-0.1192047672046549,-0.1539982995650616,0.0334260210273571,0.0231268381852519,-0.0231268381852519
TSLA_2026-04-15,TSLA,2026-04-15,366.8299865722656,394.6499938964844,362.5,391.9500122070313,113810400.0,-0.1235465082555096,-0.10082583690031,-0.1121861725779098,0.0761943961282058,0.0251889973614188,-0.0251889973614188
TSLA_2026-04-16,TSLA,2026-04-16,393.80999755859375,394.05999755859375,381.7999877929688,388.8999938964844,63515100.0,-0.114526450165116,-0.0939800513830597,-0.1042532507740879,-0.0077816512707132,0.025116826964197,-0.025116826964197
TSLA_2026-04-17,TSLA,2026-04-17,395.9200134277344,409.2799987792969,391.6499938964844,400.6199951171875,90640000.0,-0.0865312528747006,-0.0793519459120365,-0.0829415993933685,0.0301362854323488,0.0254335354865915,-0.0254335354865915
TSLA_2026-04-20,TSLA,2026-04-20,402.5799865722656,406.7999877929688,388.3299865722656,392.5,64603900.0,-0.1028571428571428,-0.0845481049562681,-0.0937026239067055,-0.0202685717541688,0.0255474054669464,-0.0255474054669464
TSLA_2026-04-21,TSLA,2026-04-21,393.0,393.9500122070313,385.2200012207031,386.4200134277344,50530600.0,-0.0783064676738596,-0.1203933086539991,-0.0993498881639293,-0.0154904116490843,0.0250895214765554,-0.0250895214765554
TSLA_2026-04-22,TSLA,2026-04-22,387.5700073242188,393.010009765625,385.2999877929688,387.510009765625,62362800.0,-0.1018217884924739,-0.1339203537782854,-0.1178710711353797,0.0028207553957204,0.0247985033465112,-0.0247985033465112
TSLA_2026-04-23,TSLA,2026-04-23,375.2799987792969,386.0,368.3900146484375,373.7200012207031,93969500.0,-0.1683282592945642,-0.1556258561521637,-0.1619770577233639,-0.0355861995752377,0.0245469823920364,-0.0245469823920364
TSLA_2026-04-24,TSLA,2026-04-24,373.5,382.760009765625,370.7300109863281,376.2999877929688,62893300.0,-0.162027368639379,-0.1427660506491544,-0.1523967096442667,0.0069035282132037,0.0245752442737979,-0.0245752442737979
TSLA_2026-04-27,TSLA,2026-04-27,372.0899963378906,380.7799987792969,364.0199890136719,378.6700134277344,66735800.0,-0.129894295022227,-0.156599393821866,-0.1432468444220465,0.0062982346841571,0.024328350861007,-0.024328350861007
TSLA_2026-04-28,TSLA,2026-04-28,374.6799926757813,382.2900085449219,372.5400085449219,376.0199890136719,50864400.0,-0.1273613498727419,-0.1330351656475025,-0.1301982577601222,-0.0069982420579712,0.0243158391762421,-0.0243158391762421
TSLA_2026-04-29,TSLA,2026-04-29,375.3999938964844,376.3999938964844,370.0400085449219,372.7999877929688,45384800.0,-0.1359569944464173,-0.1759869662518441,-0.1559719803491307,-0.0085633777851793,0.0243268469863655,-0.0243268469863655
TSLA_2026-04-30,TSLA,2026-04-30,372.75,384.75,368.1700134277344,381.6300048828125,50941500.0,-0.0838534493962492,-0.1713602974746646,-0.1276068734354569,0.0236856689350197,0.0241774308614041,-0.0241774308614041
TSLA_2026-05-01,TSLA,2026-05-01,382.4750061035156,387.39990234375,378.9100036621094,382.4249877929688,4954629.0,-0.1114867578840265,-0.1713614446040271,-0.1414241012440268,0.0020831247543033,0.0237787812553487,-0.0237787812553487
