asset_id,ticker,date,Open,High,Low,Close,Volume,return_3m,return_6m,momentum_score,returns,volatility,low_vol_score
VTC_2017-11-09,VTC,2017-11-09,84.75,84.87999725341797,84.69000244140625,84.76000213623047,20600.0,,,,,,
VTC_2017-11-10,VTC,2017-11-10,84.73999786376953,84.73999786376953,84.4000015258789,84.4000015258789,36300.0,,,,-0.0042472935497683,,
VTC_2017-11-13,VTC,2017-11-13,84.69999694824219,84.69999694824219,84.32599639892578,84.375,20400.0,,,,-0.0002962266045841,,
VTC_2017-11-14,VTC,2017-11-14,84.41999816894531,84.4800033569336,84.33000183105469,84.38500213623047,58200.0,,,,0.0001185438368056,,
VTC_2017-11-15,VTC,2017-11-15,84.7699966430664,84.7699966430664,84.37999725341797,84.61000061035156,30100.0,,,,0.0026663325048905,,
VTC_2017-11-16,VTC,2017-11-16,84.55000305175781,84.62999725341797,84.41999816894531,84.41999816894531,28300.0,,,,-0.0022456262857301,,
VTC_2017-11-17,VTC,2017-11-17,84.7300033569336,84.7300033569336,84.58000183105469,84.64399719238281,12000.0,,,,0.002653388157972,,
VTC_2017-11-20,VTC,2017-11-20,84.80000305175781,84.80999755859375,84.51000213623047,84.55000305175781,34700.0,,,,-0.0011104643417461,,
VTC_2017-11-21,VTC,2017-11-21,84.7300033569336,84.9000015258789,84.7300033569336,84.75,6200.0,,,,0.0023654280428559,,
VTC_2017-11-22,VTC,2017-11-22,84.97000122070312,85.08799743652344,84.87699890136719,85.08000183105469,14500.0,,,,0.0038938269150996,,
VTC_2017-11-24,VTC,2017-11-24,85.08999633789062,85.11599731445312,84.97000122070312,85.05000305175781,7100.0,,,,-0.0003525949535878,,
VTC_2017-11-27,VTC,2017-11-27,85.08999633789062,85.08999633789062,84.9000015258789,85.01000213623047,25100.0,,,,-0.0004703223291244,,
VTC_2017-11-28,VTC,2017-11-28,85.13999938964844,85.13999938964844,85.01000213623047,85.01000213623047,4600.0,,,,0.0,,
VTC_2017-11-29,VTC,2017-11-29,85.0199966430664,85.0199966430664,84.6719970703125,84.83999633789062,15500.0,,,,-0.0019998328910451,,
VTC_2017-11-30,VTC,2017-11-30,84.81999969482422,84.91999816894531,84.69000244140625,84.69000244140625,21000.0,,,,-0.0017679620810802,,
VTC_2017-12-01,VTC,2017-12-01,84.81999969482422,84.91799926757812,84.5,84.75,11600.0,,,,0.0007084373227554,,
VTC_2017-12-04,VTC,2017-12-04,85.0199966430664,85.0199966430664,84.64600372314453,84.77999877929688,11400.0,,,,0.0003539678973083,,
VTC_2017-12-05,VTC,2017-12-05,84.81999969482422,84.9800033569336,84.66999816894531,84.88999938964844,12400.0,,,,0.0012974830376906,,
VTC_2017-12-06,VTC,2017-12-06,85.2300033569336,85.2300033569336,85.02999877929688,85.02999877929688,19600.0,,,,0.0016491858953353,,
VTC_2017-12-07,VTC,2017-12-07,85.19999694824219,85.19999694824219,84.9000015258789,84.91000366210938,14000.0,,,,-0.0014112092074581,,
VTC_2017-12-08,VTC,2017-12-08,84.9000015258789,84.94999694824219,84.81999969482422,84.86799621582031,4200.0,,,,-0.0004947290599141,,
VTC_2017-12-11,VTC,2017-12-11,85.0,85.02999877929688,84.86000061035156,84.88999938964844,11500.0,,,,0.0002592635010749,,
VTC_2017-12-12,VTC,2017-12-12,84.88999938964844,84.88999938964844,84.69999694824219,84.79000091552734,18400.0,,,,-0.0011779770861123,,
VTC_2017-12-13,VTC,2017-12-13,84.98999786376953,85.19000244140625,84.86000061035156,85.16999816894531,12200.0,,,,0.004481628132031,,
VTC_2017-12-14,VTC,2017-12-14,85.13999938964844,85.23999786376953,85.05999755859375,85.23999786376953,9200.0,,,,0.0008218820750161,,
VTC_2017-12-15,VTC,2017-12-15,85.30000305175781,85.3550033569336,85.18000030517578,85.3499984741211,8000.0,,,,0.0012904811486196,,
VTC_2017-12-18,VTC,2017-12-18,85.48999786376953,85.48999786376953,85.06999969482422,85.11000061035156,16200.0,,,,-0.0028119258120701,,
VTC_2017-12-19,VTC,2017-12-19,85.23999786376953,85.23999786376953,84.69999694824219,84.80000305175781,13400.0,,,,-0.0036423164889044,,
VTC_2017-12-20,VTC,2017-12-20,84.56999969482422,84.66500091552734,84.54100036621094,84.5999984741211,8200.0,,,,-0.0023585444627242,,
VTC_2017-12-21,VTC,2017-12-21,84.66000366210938,84.76000213623047,84.5999984741211,84.72100067138672,8100.0,,,,0.0014302860454853,,
VTC_2017-12-22,VTC,2017-12-22,84.70999908447266,85.44999694824219,84.68000030517578,84.7300033569336,5700.0,,,,0.0001062627385834,,
VTC_2017-12-26,VTC,2017-12-26,88.98999786376953,88.98999786376953,84.51000213623047,84.51000213623047,10900.0,,,,-0.0025964972499333,,
VTC_2017-12-27,VTC,2017-12-27,84.79000091552734,84.94999694824219,84.73999786376953,84.94000244140625,5800.0,,,,0.0050881587304023,,
VTC_2017-12-28,VTC,2017-12-28,85.11000061035156,85.1500015258789,84.8010025024414,84.98999786376953,13900.0,,,,0.0005885969028287,,
VTC_2017-12-29,VTC,2017-12-29,84.91000366210938,85.05699920654297,84.86199951171875,85.0,4800.0,,,,0.0001176860393208,,
VTC_2018-01-02,VTC,2018-01-02,85.05999755859375,85.05999755859375,84.5199966430664,84.62999725341797,27500.0,,,,-0.0043529734892003,,
VTC_2018-01-03,VTC,2018-01-03,84.68000030517578,84.83999633789062,84.68000030517578,84.77999877929688,8400.0,,,,0.0017724392147826,,
VTC_2018-01-04,VTC,2018-01-04,84.7699966430664,84.80000305175781,84.5999984741211,84.80000305175781,27400.0,,,,0.0002359550925803,,
VTC_2018-01-05,VTC,2018-01-05,84.7699966430664,84.83799743652344,84.5999984741211,84.69999694824219,18000.0,,,,-0.001179317215998,,
VTC_2018-01-08,VTC,2018-01-08,84.86000061035156,84.86000061035156,84.63800048828125,84.70999908447266,11900.0,,,,0.0001180889798211,,
VTC_2018-01-09,VTC,2018-01-09,84.68000030517578,84.68000030517578,84.41000366210938,84.43000030517578,23400.0,,,,-0.0033053805019837,,
VTC_2018-01-10,VTC,2018-01-10,84.3499984741211,84.53800201416016,84.23100280761719,84.5199966430664,11700.0,,,,0.0010659284326108,,
VTC_2018-01-11,VTC,2018-01-11,84.4800033569336,84.69999694824219,84.4800033569336,84.58999633789062,12300.0,,,,0.0008282027638955,,
VTC_2018-01-12,VTC,2018-01-12,84.5,84.76000213623047,84.5,84.73999786376953,19800.0,,,,0.0017732773657979,,
VTC_2018-01-16,VTC,2018-01-16,84.87999725341797,84.87999725341797,84.65499877929688,84.72000122070312,12900.0,,,,-0.0002359764405299,,
VTC_2018-01-17,VTC,2018-01-17,84.87999725341797,84.87999725341797,84.5199966430664,84.55000305175781,17600.0,,,,-0.0020065883675148,,
VTC_2018-01-18,VTC,2018-01-18,85.0999984741211,85.0999984741211,84.2699966430664,84.27999877929688,14400.0,,,,-0.0031934271166809,,
VTC_2018-01-19,VTC,2018-01-19,84.27999877929688,84.27999877929688,84.12000274658203,84.12999725341797,15100.0,,,,-0.0017797998107678,,
VTC_2018-01-22,VTC,2018-01-22,84.18000030517578,84.21900177001953,84.07099914550781,84.08200073242188,11900.0,,,,-0.0005705042501251,,
VTC_2018-01-23,VTC,2018-01-23,84.30000305175781,84.38999938964844,84.26000213623047,84.33999633789062,19700.0,,,,0.0030683809046097,,
VTC_2018-01-24,VTC,2018-01-24,84.25,84.25,84.11599731445312,84.2229995727539,6400.0,,,,-0.0013872038204506,,
VTC_2018-01-25,VTC,2018-01-25,84.41999816894531,84.58999633789062,84.20700073242188,84.58000183105469,14800.0,,,,0.004238773970433,,
VTC_2018-01-26,VTC,2018-01-26,84.63999938964844,84.63999938964844,84.36299896240234,84.47100067138672,11900.0,,,,-0.001288734420764,,
VTC_2018-01-29,VTC,2018-01-29,84.37999725341797,84.37999725341797,84.16000366210938,84.25,20700.0,,,,-0.0026162904384957,,
VTC_2018-01-30,VTC,2018-01-30,84.22000122070312,84.22000122070312,84.0199966430664,84.0999984741211,10100.0,,,,-0.0017804335415894,,
VTC_2018-01-31,VTC,2018-01-31,84.30000305175781,84.30999755859375,84.05999755859375,84.2699966430664,9600.0,,,,0.0020213813558822,,
VTC_2018-02-01,VTC,2018-02-01,84.11000061035156,84.11000061035156,83.72000122070312,83.72000122070312,15200.0,,,,-0.0065265864990221,,
VTC_2018-02-02,VTC,2018-02-02,83.62999725341797,83.62999725341797,83.29000091552734,83.31999969482422,15600.0,,,,-0.0047778490211008,,
VTC_2018-02-05,VTC,2018-02-05,83.31999969482422,83.5999984741211,83.06999969482422,83.46399688720703,25300.0,,,,0.0017282428337761,,
VTC_2018-02-06,VTC,2018-02-06,83.55000305175781,83.55000305175781,83.19999694824219,83.375,5100.0,,,,-0.0010662907424299,,
VTC_2018-02-07,VTC,2018-02-07,83.2699966430664,83.44999694824219,83.12999725341797,83.12999725341797,4200.0,,,,-0.0029385636771458,,
VTC_2018-02-08,VTC,2018-02-08,83.0,83.02899932861328,82.7300033569336,82.7699966430664,13400.0,,,,-0.0043305740676752,,
VTC_2018-02-09,VTC,2018-02-09,82.56999969482422,82.75,82.52999877929688,82.58300018310547,27600.0,,,,-0.0022592300053766,,
VTC_2018-02-12,VTC,2018-02-12,82.72000122070312,82.81300354003906,82.61000061035156,82.6500015258789,5600.0,-0.0248938244121356,,,0.0008113212480156,0.0023920852572725,-0.0023920852572725
VTC_2018-02-13,VTC,2018-02-13,82.75,82.75,82.42900085449219,82.44000244140625,9100.0,-0.0232227375478385,,,-0.0025408237216656,0.002357193138094,-0.002357193138094
VTC_2018-02-14,VTC,2018-02-14,82.36000061035156,82.5,82.20500183105469,82.37000274658203,6000.0,-0.0237629304108796,,,-0.0008490986505486,0.0023579424976815,-0.0023579424976815
VTC_2018-02-15,VTC,2018-02-15,82.19999694824219,82.75,82.05000305175781,82.54000091552734,14900.0,-0.0218640892812276,,,0.002063835902353,0.0023772202796255,-0.0023772202796255
VTC_2018-02-16,VTC,2018-02-16,82.79000091552734,82.79000091552734,82.55999755859375,82.63800048828125,8400.0,-0.0233069389888297,,,0.0011872979363569,0.0023541623360442,-0.0023541623360442
VTC_2018-02-20,VTC,2018-02-20,82.58999633789062,82.58999633789062,82.4000015258789,82.4729995727539,6700.0,-0.0230632390241821,,,-0.0019966711991142,0.0023511728146039,-0.0023511728146039
VTC_2018-02-21,VTC,2018-02-21,82.5999984741211,82.5999984741211,82.13999938964844,82.1500015258789,6700.0,-0.0294645308495467,,,-0.0039164095952405,0.0023606985637561,-0.0023606985637561
VTC_2018-02-22,VTC,2018-02-22,82.44000244140625,82.47000122070312,82.24600219726562,82.26799774169922,25300.0,-0.0269900086066424,,,0.0014363507441097,0.0023713687759325,-0.0023713687759325
VTC_2018-02-23,VTC,2018-02-23,82.5,82.56500244140625,82.40499877929688,82.52999877929688,4300.0,-0.0261947046690633,,,0.0031847260756274,0.0023891343420147,-0.0023891343420147
VTC_2018-02-26,VTC,2018-02-26,82.68000030517578,82.7509994506836,82.58999633789062,82.62999725341797,4100.0,-0.028796480076502,,,0.0012116621301365,0.0023343201440443,-0.0023343201440443
VTC_2018-02-27,VTC,2018-02-27,82.54000091552734,82.5999984741211,82.26000213623047,82.29100036621094,4100.0,-0.0324397717407236,,,-0.0041025886297365,0.0023788967411081,-0.0023788967411081
VTC_2018-02-28,VTC,2018-02-28,82.37999725341797,82.51000213623047,82.37999725341797,82.44999694824219,5300.0,-0.0301141644942651,,,0.001932126007992,0.0023988864068403,-0.0023988864068403
VTC_2018-03-01,VTC,2018-03-01,83.90599822998047,83.90599822998047,82.08999633789062,82.3499984741211,9800.0,-0.0312904787115128,,,-0.0012128378147044,0.0023998190795977,-0.0023998190795977
VTC_2018-03-02,VTC,2018-03-02,82.18000030517578,82.18000030517578,82.0,82.0,9100.0,-0.0334747343290754,,,-0.0042501333406955,0.0024389063022417,-0.0024389063022417
VTC_2018-03-05,VTC,2018-03-05,82.19999694824219,82.25,81.98999786376953,82.0530014038086,7900.0,-0.0311370995581455,,,0.0006463585830316,0.0024382261046005,-0.0024382261046005
VTC_2018-03-06,VTC,2018-03-06,81.19999694824219,82.22000122070312,81.19999694824219,82.08999633789062,5600.0,-0.0313864738891961,,,0.0004508663113975,0.0024363839887913,-0.0024363839887913
VTC_2018-03-07,VTC,2018-03-07,82.12999725341797,82.15899658203125,82.02999877929688,82.02999877929688,2900.0,-0.0324368959612623,,,-0.0007308753961541,0.0024340611025797,-0.0024340611025797
VTC_2018-03-08,VTC,2018-03-08,82.02999877929688,82.2699966430664,82.02999877929688,82.16000366210938,1600.0,-0.0321592148329307,,,0.0015848456021836,0.0024377889785355,-0.0024377889785355
VTC_2018-03-09,VTC,2018-03-09,82.0,82.0999984741211,81.97799682617188,82.0999984741211,7000.0,-0.0344584305214547,,,-0.0007303454882384,0.0024220877648617,-0.0024220877648617
VTC_2018-03-12,VTC,2018-03-12,82.12999725341797,82.12999725341797,82.01499938964844,82.0199966430664,10800.0,-0.0340361193545987,,,-0.000974443758119,0.0024202176700253,-0.0024202176700253
VTC_2018-03-13,VTC,2018-03-13,82.12999725341797,82.12999725341797,81.9489974975586,82.12000274658203,5800.0,-0.0323796200189538,,,0.0012192892905229,0.0024304229782079,-0.0024304229782079
VTC_2018-03-14,VTC,2018-03-14,82.1500015258789,82.25,82.08999633789062,82.2020034790039,2900.0,-0.0316644590643301,,,0.0009985476093434,0.0024360215746802,-0.0024360215746802
VTC_2018-03-15,VTC,2018-03-15,82.20999908447266,82.33000183105469,82.20999908447266,82.23999786376953,3100.0,-0.03007433688199,,,0.0004622075272815,0.0024375065807521,-0.0024375065807521
VTC_2018-03-16,VTC,2018-03-16,82.22000122070312,82.23999786376953,82.08999633789062,82.22000122070312,3300.0,-0.034636574047947,,,-0.0002431498490494,0.0023535750354465,-0.0023535750354465
VTC_2018-03-19,VTC,2018-03-19,82.1500015258789,82.20500183105469,82.02999877929688,82.05799865722656,6800.0,-0.0373298836964829,,,-0.0019703546712642,0.0023534875110616,-0.0023534875110616
VTC_2018-03-20,VTC,2018-03-20,81.87000274658203,81.88200378417969,81.83000183105469,81.83000183105469,6500.0,-0.0412419063385655,,,-0.0027784838760723,0.0023565734628075,-0.0023565734628075
VTC_2018-03-21,VTC,2018-03-21,81.68000030517578,81.76799774169922,81.59500122070312,81.64199829101562,3600.0,-0.0407472951999267,,,-0.0022974891339635,0.0023498980396336,-0.0023498980396336
VTC_2018-03-22,VTC,2018-03-22,82.0999984741211,82.0999984741211,81.8550033569336,81.96299743652344,3000.0,-0.0334552536926537,,,0.0039317894248938,0.0023881613639592,-0.0023881613639592
VTC_2018-03-23,VTC,2018-03-23,81.81999969482422,81.8550033569336,81.78299713134766,81.81500244140625,1900.0,-0.0329195754485358,,,-0.0018056318063746,0.0023823688640046,-0.0023823688640046
VTC_2018-03-26,VTC,2018-03-26,81.83000183105469,81.9739990234375,81.72100067138672,81.79000091552734,2700.0,-0.0345959057687249,,,-0.0003055860799712,0.0023693528508891,-0.0023693528508891
VTC_2018-03-27,VTC,2018-03-27,82.0199966430664,82.08999633789062,82.0199966430664,82.08000183105469,3600.0,-0.0312758340716158,,,0.003545676883252,0.0024238554159527,-0.0024238554159527
VTC_2018-03-28,VTC,2018-03-28,82.37000274658203,82.37000274658203,82.30000305175781,82.30000305175781,900.0,-0.0261507398959726,,,0.0026803267031592,0.0024413973746481,-0.0024413973746481
VTC_2018-03-29,VTC,2018-03-29,82.32499694824219,82.63999938964844,82.32499694824219,82.58999633789062,1000.0,-0.0276666592414653,,,0.0035236120945274,0.0023919456744526,-0.0023919456744526
VTC_2018-04-02,VTC,2018-04-02,82.33999633789062,82.38999938964844,82.21700286865234,82.37000274658203,2200.0,-0.0308270994592456,,,-0.0026636832675056,0.00240439830461,-0.00240439830461
VTC_2018-04-03,VTC,2018-04-03,82.22000122070312,82.33000183105469,82.08000183105469,82.19999694824219,4000.0,-0.0329412123736213,,,-0.0020639285258114,0.0024111464511476,-0.0024111464511476
VTC_2018-04-04,VTC,2018-04-04,82.16000366210938,82.33999633789062,82.16000366210938,82.25,4000.0,-0.0281223836778731,,,0.0006083096546742,0.0023648013401761,-0.0023648013401761
VTC_2018-04-05,VTC,2018-04-05,82.13999938964844,82.1780014038086,82.12799835205078,82.1500015258789,2800.0,-0.0310214353772815,,,-0.0012157869194053,0.0023494253905663,-0.0023494253905663
VTC_2018-04-06,VTC,2018-04-06,82.43000030517578,82.61000061035156,82.33999633789062,82.61000061035156,15100.0,-0.0258254995588806,,,0.0055995018372305,0.0024704868436088,-0.0024704868436088
VTC_2018-04-09,VTC,2018-04-09,82.4000015258789,82.51100158691406,82.25,82.43000030517578,11900.0,-0.0268004335874243,,,-0.0021789166426083,0.0024786892827497,-0.0024786892827497
VTC_2018-04-10,VTC,2018-04-10,82.61000061035156,82.63999938964844,82.42900085449219,82.42900085449219,5000.0,-0.0269271426588715,,,-1.2124841439975498e-05,0.0024782807543658,-0.0024782807543658
VTC_2018-04-11,VTC,2018-04-11,82.81999969482422,82.81999969482422,82.63999938964844,82.6500015258789,1700.0,-0.021082539060322,,,0.0026811033628424,0.002481026280969,-0.002481026280969
VTC_2018-04-12,VTC,2018-04-12,82.41999816894531,82.62999725341797,82.31500244140625,82.6050033569336,4500.0,-0.0226572806695669,,,-0.0005444424454271,0.0024746460689576,-0.0024746460689576
VTC_2018-04-13,VTC,2018-04-13,82.3499984741211,82.46900177001953,82.3499984741211,82.35199737548828,1200.0,-0.026457016896688,,,-0.0030628408832825,0.0024929834522931,-0.0024929834522931
VTC_2018-04-16,VTC,2018-04-16,82.30000305175781,82.41000366210938,82.30000305175781,82.36000061035156,2100.0,-0.0280858781380207,,,9.71832513885218e-05,0.0024780719030662,-0.0024780719030662
VTC_2018-04-17,VTC,2018-04-17,82.40899658203125,82.5199966430664,82.3499984741211,82.51000213623047,2900.0,-0.0260859189403859,,,0.0018212909758046,0.0024944261221314,-0.0024944261221314
VTC_2018-04-18,VTC,2018-04-18,82.31199645996094,82.31199645996094,82.24700164794922,82.24700164794922,2500.0,-0.0272383361405533,,,-0.0031874982604777,0.0025109507120282,-0.0025109507120282
VTC_2018-04-19,VTC,2018-04-19,81.94999694824219,81.94999694824219,81.7750015258789,81.79499816894531,1900.0,-0.0294850575028958,,,-0.0054956833677495,0.0025678499704033,-0.0025678499704033
VTC_2018-04-20,VTC,2018-04-20,81.76000213623047,81.76000213623047,81.625,81.625,4500.0,-0.0297753160014063,,,-0.0020783443089538,0.0025705769508384,-0.0025705769508384
VTC_2018-04-23,VTC,2018-04-23,81.55999755859375,81.62999725341797,81.44999694824219,81.47000122070312,3600.0,-0.0310649067453929,,,-0.0018989130694869,0.0025768018021173,-0.0025768018021173
VTC_2018-04-24,VTC,2018-04-24,81.51000213623047,81.51000213623047,81.37999725341797,81.37999725341797,1600.0,-0.0350960305074479,,,-0.001104749796693,0.0025369873765745,-0.0025369873765745
VTC_2018-04-25,VTC,2018-04-25,81.23899841308594,81.23899841308594,81.12899780273438,81.18499755859375,3600.0,-0.0360709310944911,,,-0.0023961624650463,0.0025454398964212,-0.0025454398964212
VTC_2018-04-26,VTC,2018-04-26,81.37999725341797,81.37999725341797,81.23999786376953,81.33000183105469,1400.0,-0.0384251587803432,,,0.0017860968999388,0.0024886770239963,-0.0024886770239963
VTC_2018-04-27,VTC,2018-04-27,81.47599792480469,81.47599792480469,81.42400360107422,81.42400360107422,500.0,-0.0360715162137841,,,0.0011558068105641,0.0024971045809275,-0.0024971045809275
VTC_2018-04-30,VTC,2018-04-30,81.5999984741211,81.5999984741211,81.48999786376953,81.48999786376953,2000.0,-0.0327596692727651,,,0.000810501323647,0.0024893415162623,-0.0024893415162623
VTC_2018-05-01,VTC,2018-05-01,81.16999816894531,81.25,80.88200378417969,81.01499938964844,8700.0,-0.0366825105879397,,,-0.0058289174938398,0.0025731054149229,-0.0025731054149229
VTC_2018-05-02,VTC,2018-05-02,81.02999877929688,81.0989990234375,81.0,81.01000213623047,11100.0,-0.0386851149483719,,,-6.168306431664217e-05,0.0025523104791817,-0.0025523104791817
VTC_2018-05-03,VTC,2018-05-03,81.08999633789062,81.17500305175781,81.08999633789062,81.08999633789062,4800.0,-0.0314142958010627,,,0.0009874608017617,0.0024453000363659,-0.0024453000363659
VTC_2018-05-04,VTC,2018-05-04,81.22000122070312,81.22000122070312,80.95099639892578,81.04000091552734,4800.0,-0.0273643637499737,,,-0.000616542417328,0.00238340004773,-0.00238340004773
VTC_2018-05-07,VTC,2018-05-07,81.05000305175781,81.11000061035156,81.02100372314453,81.05500030517578,5300.0,-0.0288627033436555,,,0.0001850862472727,0.0023686673278259,-0.0023686673278259
VTC_2018-05-08,VTC,2018-05-08,81.0,81.0,80.88999938964844,80.93499755859375,2000.0,-0.0292653965985757,,,-0.001480510099688,0.0023709455319317,-0.0023709455319317
VTC_2018-05-09,VTC,2018-05-09,80.94999694824219,80.94999694824219,80.86000061035156,80.94000244140625,2000.0,-0.0263442185055728,,,6.183830188999373e-05,0.0023505777788738,-0.0023505777788738
VTC_2018-05-10,VTC,2018-05-10,81.06999969482422,81.18000030517578,81.04000091552734,81.18000030517578,4400.0,-0.0192098151791313,,,0.0029651328951127,0.002334520188515,-0.002334520188515
VTC_2018-05-11,VTC,2018-05-11,81.38999938964844,81.38999938964844,81.19999694824219,81.33000183105469,2000.0,-0.0151725942297155,,,0.0018477645394803,0.0023364156161048,-0.0023364156161048
VTC_2018-05-14,VTC,2018-05-14,81.22000122070312,81.3499984741211,81.22000122070312,81.2300033569336,8100.0,-0.0171808607710756,-0.0416469878519267,-0.0294139243115011,-0.0012295397992099,0.0023357526185078,-0.0023357526185078
VTC_2018-05-15,VTC,2018-05-15,80.86000061035156,80.95999908447266,80.69999694824219,80.69999694824219,6800.0,-0.0211063251047421,-0.0438389160040739,-0.032472620554408,-0.0065247616248702,0.002449327013371,-0.002449327013371
VTC_2018-05-16,VTC,2018-05-16,80.83999633789062,80.83999633789062,80.65499877929688,80.68000030517578,2600.0,-0.0205172075398089,-0.0437925889756944,-0.0321548982577516,-0.0002477898862776,0.0024484651550256,-0.0024484651550256
VTC_2018-05-17,VTC,2018-05-17,80.56999969482422,80.66000366210938,80.56999969482422,80.5999984741211,2200.0,-0.0235037850725453,-0.0448539854985,-0.0341788852855227,-0.0009915943325741,0.0024305583541983,-0.0024305583541983
VTC_2018-05-18,VTC,2018-05-18,80.73999786376953,80.73999786376953,80.73999786376953,80.73999786376953,1100.0,-0.022967673628319,-0.0457393064491782,-0.0343534900387486,0.0017369651649978,0.0024372326792324,-0.0024372326792324
VTC_2018-05-21,VTC,2018-05-21,80.66999816894531,80.80000305175781,80.66999816894531,80.7969970703125,6700.0,-0.0203218327346383,-0.0429163844730521,-0.0316191086038452,0.0007059599709073,0.0024318435826205,-0.0024318435826205
VTC_2018-05-22,VTC,2018-05-22,80.80999755859375,80.86000061035156,80.70999908447266,80.72799682617188,2400.0,-0.0173098560352317,-0.0462643600976271,-0.0317871080664294,-0.0008539951562874,0.0023890866377081,-0.0023890866377081
VTC_2018-05-23,VTC,2018-05-23,80.75,81.13999938964844,80.75,81.13999938964844,5400.0,-0.0137112654132219,-0.0403312068483536,-0.0270212361307878,0.005103589580746,0.0024745856245202,-0.0024745856245202
VTC_2018-05-24,VTC,2018-05-24,81.2750015258789,81.31999969482422,81.26000213623047,81.26000213623047,1700.0,-0.015388303184914,-0.0411799157966906,-0.0282841094908023,0.0014789591753108,0.0024459413051962,-0.0024459413051962
VTC_2018-05-25,VTC,2018-05-25,81.46299743652344,81.46299743652344,81.46299743652344,81.46299743652344,1300.0,-0.0141231980598457,-0.0425129797448008,-0.0283180889023232,0.0024980961722429,0.0024635888983069,-0.0024635888983069
VTC_2018-05-29,VTC,2018-05-29,81.70999908447266,82.04000091552734,81.4800033569336,82.04000091552734,3000.0,-0.0030501446034997,-0.0353909703495096,-0.0192205574765046,0.0070830131122232,0.0025797913984265,-0.0025797913984265
VTC_2018-05-30,VTC,2018-05-30,81.75,81.75,81.45999908447266,81.63500213623047,2400.0,-0.0098847160967553,-0.0397012106245037,-0.0247929633606295,-0.0049366013502837,0.002639333354527,-0.002639333354527
VTC_2018-05-31,VTC,2018-05-31,81.62699890136719,81.75299835205078,81.55000305175781,81.75299835205078,1600.0,-0.0072495462432573,-0.0383131831823773,-0.0227813647128173,0.0014454120503777,0.0026433821564144,-0.0026433821564144
VTC_2018-06-01,VTC,2018-06-01,81.27999877929688,81.33000183105469,81.05999755859375,81.23899841308594,5900.0,-0.0092805071574885,-0.042444578975028,-0.0258625430662582,-0.0062872304297809,0.0027065224613859,-0.0027065224613859
VTC_2018-06-04,VTC,2018-06-04,81.20999908447266,81.20999908447266,80.97000122070312,80.97000122070312,3200.0,-0.0131987881561539,-0.0439249157334343,-0.0285618519447941,-0.0033111830233923,0.0027336644367653,-0.0027336644367653
VTC_2018-06-05,VTC,2018-06-05,81.01000213623047,81.16000366210938,80.98999786376953,81.12100219726562,6400.0,-0.0118040465812243,-0.0428200330706121,-0.0273120398259182,0.0018649002628876,0.0027449364693573,-0.0027449364693573
VTC_2018-06-06,VTC,2018-06-06,81.0,81.0,80.77799987792969,80.8949966430664,5500.0,-0.0138364275645573,-0.0458245127644325,-0.0298304701644949,-0.0027860301041354,0.0027636793828416,-0.0027636793828416
VTC_2018-06-07,VTC,2018-06-07,80.86000061035156,81.12000274658203,80.83999633789062,81.01000213623047,2300.0,-0.0139970968186465,-0.0457061760079491,-0.0298516364132978,0.001421663859775,0.0027620390367353,-0.0027620390367353
VTC_2018-06-08,VTC,2018-06-08,80.98400115966797,81.02300262451172,80.9800033569336,80.9800033569336,2800.0,-0.0136418409013799,-0.0476301949959497,-0.0306360179486648,-0.0003703095729639,0.0027613383736616,-0.0027613383736616
VTC_2018-06-11,VTC,2018-06-11,80.91999816894531,80.9800033569336,80.7699966430664,80.97000122070312,2900.0,-0.0128017003820743,-0.046402099534527,-0.0296018999583007,-0.0001235136554191,0.0027596405885234,-0.0027596405885234
VTC_2018-06-12,VTC,2018-06-12,80.77999877929688,81.05999755859375,80.77999877929688,81.0,1300.0,-0.0136386106809847,-0.0455766176685019,-0.0296076141747433,0.0003704925138274,0.0027546634459723,-0.0027546634459723
VTC_2018-06-13,VTC,2018-06-13,81.01000213623047,81.12100219726562,80.75,80.91000366210938,10100.0,-0.0157173762464869,-0.0468841530940614,-0.0313007646702742,-0.0011110658998843,0.0027525046664333,-0.0027525046664333
VTC_2018-06-14,VTC,2018-06-14,81.0199966430664,81.1500015258789,81.0199966430664,81.14800262451172,1700.0,-0.0132781525732369,-0.0429531578215689,-0.0281156551974029,0.0029415270254622,0.0027804012363615,-0.0027804012363615
VTC_2018-06-15,VTC,2018-06-15,81.31999969482422,81.3499984741211,81.15399932861328,81.15399932861328,9300.0,-0.0129652380961218,-0.0471527407147033,-0.0300589894054125,7.389835741622441e-05,0.0027806241496046,-0.0027806241496046
VTC_2018-06-18,VTC,2018-06-18,81.16000366210938,81.16000366210938,80.93299865722656,80.9990005493164,2800.0,-0.0129054830149321,-0.0497536065314206,-0.0313295447731764,-0.0019099339598686,0.002780015207353,-0.002780015207353
VTC_2018-06-19,VTC,2018-06-19,80.51000213623047,81.19999694824219,80.51000213623047,81.12999725341797,4700.0,-0.0085543756809628,-0.0494434832589091,-0.0289989294699359,0.0016172632157578,0.0027694587946279,-0.0027694587946279
VTC_2018-06-20,VTC,2018-06-20,81.13999938964844,81.13999938964844,80.76899719238281,80.76899719238281,3400.0,-0.0106930393291081,-0.0510046220989073,-0.0308488307140077,-0.0044496496148956,0.0028095765028564,-0.0028095765028564
VTC_2018-06-21,VTC,2018-06-21,80.84300231933594,80.8499984741211,80.69999694824219,80.69999694824219,2100.0,-0.0154093984820331,-0.0483491268392193,-0.0318792626606262,-0.0008542912075071,0.0027612578621428,-0.0027612578621428
VTC_2018-06-22,VTC,2018-06-22,80.66999816894531,80.77999877929688,80.6500015258789,80.6500015258789,3200.0,-0.0142394534102922,-0.0466902720979419,-0.030464862754117,-0.0006195219857981,0.0027544647941458,-0.0027544647941458
VTC_2018-06-25,VTC,2018-06-25,80.69999694824219,80.7699966430664,80.66000366210938,80.66999816894531,1800.0,-0.0136936390028747,-0.0478158009270253,-0.03075471996495,0.0002479434927225,0.0027550827421554,-0.0027550827421554
VTC_2018-06-26,VTC,2018-06-26,80.7699966430664,80.8499984741211,80.67400360107422,80.73999786376953,4600.0,-0.016325584032555,-0.0470908218468464,-0.0317082029397007,0.0008677289749978,0.0027165118034315,-0.0027165118034315
VTC_2018-06-27,VTC,2018-06-27,80.98600006103516,81.12000274658203,80.94000244140625,81.12000274658203,1100.0,-0.0143377917548033,-0.0401135877879135,-0.0272256897713584,0.0047065257972098,0.0027634452944939,-0.0027634452944939
VTC_2018-06-28,VTC,2018-06-28,81.08999633789062,81.08999633789062,80.9739990234375,81.05999755859375,800.0,-0.0185252312282152,-0.0456793592099202,-0.0321022952190677,-0.0007397088998596,0.0027220473051791,-0.0027220473051791
VTC_2018-06-29,VTC,2018-06-29,81.05999755859375,81.08999633789062,80.98500061035156,80.98500061035156,900.0,-0.0168143995392539,-0.0471231598315554,-0.0319687796854046,-0.0009252029422771,0.0027063949159384,-0.0027063949159384
VTC_2018-07-02,VTC,2018-07-02,80.91000366210938,80.91000366210938,80.6500015258789,80.78500366210938,6200.0,-0.0172140308840129,-0.0495881922104779,-0.0334011115472454,-0.0024695554329182,0.0027112205268144,-0.0027112205268144
VTC_2018-07-03,VTC,2018-07-03,81.08999633789062,81.08999633789062,81.02300262451172,81.02300262451172,600.0,-0.0149179012217419,-0.0426207579577887,-0.0287693295897653,0.0029460784998882,0.0027393152960792,-0.0027393152960792
VTC_2018-07-05,VTC,2018-07-05,81.13999938964844,81.16400146484375,81.12000274658203,81.16400146484375,1800.0,-0.0120024350909421,-0.04265153770368,-0.027326986397311,0.0017402322274511,0.0027475462128209,-0.0027475462128209
VTC_2018-07-06,VTC,2018-07-06,81.25,81.38999938964844,81.20999908447266,81.38999938964844,5100.0,-0.0147682025383044,-0.0402123058890466,-0.0274902542136755,0.0027844601144089,0.0026738083403271,-0.0026738083403271
VTC_2018-07-09,VTC,2018-07-09,81.37000274658203,81.37000274658203,81.25700378417969,81.37000274658203,6000.0,-0.0128593661854832,-0.0393151631834771,-0.0260872646844801,-0.0002456891905192,0.0026621793384877,-0.0026621793384877
VTC_2018-07-10,VTC,2018-07-10,81.3499984741211,81.37000274658203,81.34500122070312,81.3499984741211,1500.0,-0.0130900820000936,-0.0396647461535323,-0.0263774140768129,-0.00024584333029,0.0026620734178652,-0.0026620734178652
VTC_2018-07-11,VTC,2018-07-11,81.41000366210938,81.41000366210938,81.31800079345703,81.32499694824219,1000.0,-0.0160315130450643,-0.0367760671054178,-0.026403790075241,-0.0003073328377118,0.0026363056339938,-0.0026363056339938
VTC_2018-07-12,VTC,2018-07-12,81.47799682617188,81.47799682617188,81.45999908447266,81.45999908447266,500.0,-0.0138611975779894,-0.0362044212036155,-0.0250328093908024,0.0016600324782845,0.0026469843096329,-0.0026469843096329
VTC_2018-07-13,VTC,2018-07-13,81.62999725341797,81.70999908447266,81.62300109863281,81.6500015258789,3900.0,-0.0085243330092965,-0.0347558214835245,-0.0216400772464105,0.0023324630928269,0.0026407330456784,-0.0026407330456784
VTC_2018-07-16,VTC,2018-07-16,81.5,81.56999969482422,81.4000015258789,81.56999969482422,5400.0,-0.0095920460135117,-0.0374085231161026,-0.0235002845648071,-0.0009798142015874,0.0026427078577505,-0.0026427078577505
VTC_2018-07-17,VTC,2018-07-17,81.58999633789062,81.58999633789062,81.45999908447266,81.45999908447266,3600.0,-0.0127257668715627,-0.0384797224888827,-0.0256027446802227,-0.0013485424882077,0.0026347431952667,-0.0026347431952667
VTC_2018-07-18,VTC,2018-07-18,81.58999633789062,81.58999633789062,81.31900024414062,81.37000274658203,14500.0,-0.010662989334506,-0.0376108833873031,-0.0241369363609045,-0.0011047917861783,0.0026095979443025,-0.0026095979443025
VTC_2018-07-19,VTC,2018-07-19,81.45999908447266,81.4800033569336,81.43099975585938,81.4800033569336,1800.0,-0.0038510278019825,-0.0332225375286917,-0.0185367826653371,0.0013518570313209,0.002525307643936,-0.002525307643936
VTC_2018-07-20,VTC,2018-07-20,81.4000015258789,81.4000015258789,81.25700378417969,81.28600311279297,3500.0,-0.0041531012215256,-0.0338047573216752,-0.0189789292716004,-0.002380955279184,0.0025294966114934,-0.0025294966114934
VTC_2018-07-23,VTC,2018-07-23,81.2699966430664,81.2699966430664,81.0,81.0,2400.0,-0.0057690096190116,-0.0366547026185767,-0.0212118561187941,-0.003518479219554,0.0025565422625474,-0.0025565422625474
VTC_2018-07-24,VTC,2018-07-24,81.12000274658203,81.26000213623047,81.11100006103516,81.21700286865234,9600.0,-0.0020028801949705,-0.037028617557993,-0.0195157488764817,0.00267904776114,0.0025766522669522,-0.0025766522669522
VTC_2018-07-25,VTC,2018-07-25,81.37999725341797,81.37999725341797,81.30000305175781,81.30999755859375,5200.0,0.0015396933393978,-0.0345867759274453,-0.0165235412940237,0.0011450150418848,0.0025627579043973,-0.0025627579043973
VTC_2018-07-26,VTC,2018-07-26,81.48999786376953,81.48999786376953,81.36199951171875,81.36199951171875,3200.0,0.0003934302218575,-0.0380468461772296,-0.018826707977686,0.0006395517732924,0.002554125610075,-0.002554125610075
VTC_2018-07-27,VTC,2018-07-27,81.55400085449219,81.55999755859375,81.5,81.5,1500.0,0.0009333414664565,-0.0351718417891679,-0.0171192501613557,0.0016961295089776,0.0025589396970142,-0.0025589396970142
VTC_2018-07-30,VTC,2018-07-30,81.52999877929688,81.52999877929688,81.31300354003906,81.4000015258789,3600.0,-0.0011043850809896,-0.0338278750637518,-0.0174661300723707,-0.00122697514259,0.0025616364102046,-0.0025616364102046
VTC_2018-07-31,VTC,2018-07-31,81.66999816894531,81.67500305175781,81.61499786376953,81.6500015258789,1400.0,0.0078380811086151,-0.0291319499725803,-0.0106469344319826,0.0030712530136811,0.0024799079689901,-0.0024799079689901
VTC_2018-08-01,VTC,2018-08-01,80.97000122070312,80.9800033569336,80.87999725341797,80.94999694824219,4000.0,-0.0007407133243543,-0.0393971736926298,-0.020068943508492,-0.0085732341035518,0.0027113988964156,-0.0027113988964156
VTC_2018-08-02,VTC,2018-08-02,80.5999984741211,81.23699951171875,80.5999984741211,81.13999938964844,7000.0,0.0006166365028488,-0.0308170304997161,-0.0151001969984336,0.0023471581046226,0.0027248298857358,-0.0027248298857358
VTC_2018-08-03,VTC,2018-08-03,81.41999816894531,81.44999694824219,81.30999755859375,81.39900207519531,4300.0,0.0044299254147612,-0.0230556604256473,-0.009312867505443,0.0031920469250079,0.0027527337580931,-0.0027527337580931
VTC_2018-08-06,VTC,2018-08-06,81.4000015258789,81.61000061035156,81.4000015258789,81.5,8000.0,0.0054900955295635,-0.0235310668126901,-0.0090204856415632,0.0012407759583021,0.0027566319753168,-0.0027566319753168
VTC_2018-08-07,VTC,2018-08-07,81.37999725341797,81.48999786376953,81.37999725341797,81.45999908447266,1500.0,0.006486705896282,-0.0229685267229666,-0.0082409104133422,-0.0004908087794766,0.0027503466860457,-0.0027503466860457
VTC_2018-08-08,VTC,2018-08-08,80.88999938964844,81.3479995727539,80.88999938964844,81.25,5300.0,0.003829967250349,-0.0226151487493363,-0.0093925907494936,-0.002577941159254,0.0027710662920043,-0.0027710662920043
VTC_2018-08-09,VTC,2018-08-09,81.44000244140625,81.44999694824219,81.43000030517578,81.44000244140625,1400.0,0.0032027856030187,-0.0160685544956049,-0.006432884446293,0.0023384915865385,0.0027615949263107,-0.0027615949263107
VTC_2018-08-10,VTC,2018-08-10,81.56999969482422,81.56999969482422,81.33000183105469,81.37000274658203,2800.0,0.0004918346812585,-0.0146882219565036,-0.0070981936376225,-0.0008595247142162,0.0027542945559336,-0.0027542945559336
VTC_2018-08-13,VTC,2018-08-13,81.34300231933594,81.43399810791016,81.34300231933594,81.3499984741211,2500.0,0.0014772265447315,-0.0157290142499363,-0.0071258938526023,-0.00024584333029,0.0027499301790397,-0.0027499301790397
VTC_2018-08-14,VTC,2018-08-14,81.51000213623047,81.55999755859375,81.51000213623047,81.51000213623047,1100.0,0.0100372393880978,-0.0112809349543235,-0.0006218477831128,0.0019668551335041,0.0026290604174184,-0.0026290604174184
VTC_2018-08-15,VTC,2018-08-15,81.51000213623047,81.69999694824219,81.51000213623047,81.5999984741211,2500.0,0.0114030511336808,-0.0093481151728247,0.001027467980428,0.0011041140416143,0.0026311785412853,-0.0026311785412853
VTC_2018-08-16,VTC,2018-08-16,81.75,81.75,81.69999694824219,81.69999694824219,3200.0,0.0136476240067706,-0.0101769318871807,0.0017353460597949,0.0012254715194977,0.0026300358814676,-0.0026300358814676
VTC_2018-08-17,VTC,2018-08-17,81.83000183105469,81.88999938964844,81.75900268554688,81.83999633789062,2800.0,0.013623959663426,-0.0096566246239681,0.0019836675197289,0.001713578884674,0.0026298197591248,-0.0026298197591248
VTC_2018-08-20,VTC,2018-08-20,81.9800033569336,82.12000274658203,81.9800033569336,82.11000061035156,4500.0,0.0162506477672237,-0.0044014279131695,0.005924609927027,0.0032991725872784,0.0026577235146282,-0.0026577235146282
VTC_2018-08-21,VTC,2018-08-21,81.94000244140625,81.97000122070312,81.89800262451172,81.91999816894531,5900.0,0.014765649955865,-0.0027997973543693,0.0059829263007478,-0.0023139987820471,0.0026739046531796,-0.0026739046531796
VTC_2018-08-22,VTC,2018-08-22,81.98999786376953,81.98999786376953,81.86000061035156,81.86000061035156,700.0,0.0088735669967847,-0.004959366248692,0.0019571003740463,-0.0007323920890478,0.0026027023462968,-0.0026027023462968
VTC_2018-08-23,VTC,2018-08-23,81.9000015258789,81.9000015258789,81.8499984741211,81.875,2800.0,0.0075682727984489,-0.0079364932628738,-0.0001841102322124,0.0001832322200903,0.0025970931718612,-0.0025970931718612
VTC_2018-08-24,VTC,2018-08-24,81.80000305175781,81.875,81.77999877929688,81.875,2600.0,0.0050575423988983,-0.0091370843339431,-0.0020397709675223,0.0,0.0025792546917218,-0.0025792546917218
VTC_2018-08-27,VTC,2018-08-27,81.83000183105469,81.94000244140625,81.80000305175781,81.8499984741211,11800.0,-0.0023159731751086,-0.0053590537255264,-0.0038375134503175,-0.0003053621481393,0.002418836758665,-0.002418836758665
VTC_2018-08-28,VTC,2018-08-28,81.7699966430664,81.79000091552734,81.5999984741211,81.6760025024414,4700.0,0.0005022400335399,-0.0093874405633592,-0.0044426002649096,-0.0021257907748734,0.0023519451439886,-0.0023519451439886
VTC_2018-08-29,VTC,2018-08-29,81.7699966430664,81.7699966430664,81.59500122070312,81.66500091552734,6300.0,-0.0010763817633268,-0.0083181247272156,-0.0046972532452712,-0.0001346979109774,0.0023448129037477,-0.0023448129037477
VTC_2018-08-30,VTC,2018-08-30,81.68000030517578,81.69999694824219,81.62000274658203,81.62000274658203,3500.0,0.0046899191390661,-0.0046341128465605,2.790314625278345e-05,-0.0005510092259946,0.0022044757781746,-0.0022044757781746
VTC_2018-08-31,VTC,2018-08-31,81.61000061035156,81.83999633789062,81.61000061035156,81.62999725341797,12300.0,0.0081511179790632,-0.0051552550565321,0.0014979314612655,0.0001224516846314,0.002161390189146,-0.002161390189146
VTC_2018-09-04,VTC,2018-09-04,81.20999908447266,81.22899627685547,81.03900146484375,81.22899627685547,7600.0,0.0013312715161879,-0.0104884894560257,-0.0045786089699189,-0.0049124217818801,0.0022409047770362,-0.0022409047770362
VTC_2018-09-05,VTC,2018-09-05,81.16999816894531,81.19999694824219,81.11000061035156,81.15499877929688,1600.0,0.0032140694359341,-0.010666829367561,-0.0037263799658134,-0.0009109739249564,0.0022152921336117,-0.0022152921336117
VTC_2018-09-06,VTC,2018-09-06,81.24600219726562,81.37999725341797,81.24600219726562,81.33000183105469,5200.0,0.0039501257423262,-0.0101022613687816,-0.0030760678132277,0.0021564050815123,0.0022245266800202,-0.0022245266800202
VTC_2018-09-07,VTC,2018-09-07,81.2300033569336,81.2300033569336,81.00900268554688,81.06999969482422,6900.0,0.0011113402588285,-0.0125456613695497,-0.0057171605553605,-0.0031968785242445,0.002261643034683,-0.002261643034683
VTC_2018-09-10,VTC,2018-09-10,81.05000305175781,81.13099670410156,81.05000305175781,81.12300109863281,1400.0,0.0018895872004824,-0.0109363031107783,-0.0045233579551479,0.0006537733317886,0.0022629664343617,-0.0022629664343617
VTC_2018-09-11,VTC,2018-09-11,81.12999725341797,81.12999725341797,81.01000213623047,81.01699829101562,3300.0,0.0002098554446372,-0.013431617373056,-0.0066108809642094,-0.0013066923829445,0.0022687838471447,-0.0022687838471447
VTC_2018-09-12,VTC,2018-09-12,81.02999877929688,81.16999816894531,81.0199966430664,81.16999816894531,5800.0,0.0032133790022024,-0.0125545031310847,-0.0046705620644411,0.0018884910717145,0.0022764271994286,-0.0022764271994286
VTC_2018-09-13,VTC,2018-09-13,81.30899810791016,81.37000274658203,81.30899810791016,81.37000274658203,1600.0,0.0027357435166648,-0.0105787346763875,-0.0039214955798613,0.0024640209701671,0.0022674333972146,-0.0022674333972146
VTC_2018-09-14,VTC,2018-09-14,81.14299774169922,81.2300033569336,81.14299774169922,81.22000122070312,900.0,0.0008132919219738,-0.0121624906975579,-0.005674599387792,-0.0018434499301428,0.0022798849194868,-0.0022798849194868
VTC_2018-09-17,VTC,2018-09-17,81.08000183105469,81.29000091552734,81.08000183105469,81.1500015258789,3300.0,0.0018642325897659,-0.0110653092471892,-0.0046005383287116,-0.0008618529151951,0.0022694085988928,-0.0022694085988928
VTC_2018-09-18,VTC,2018-09-18,81.08999633789062,81.08999633789062,80.88999938964844,80.88999938964844,5300.0,-0.0029581889793471,-0.0114872592004454,-0.0072227240898963,-0.0032039695790708,0.0022962234620647,-0.0022962234620647
VTC_2018-09-19,VTC,2018-09-19,80.81999969482422,80.81999969482422,80.80000305175781,80.80000305175781,1400.0,0.0003838831786056,-0.0103132610284292,-0.0049646889249118,-0.0011125768150536,0.0022305142033349,-0.0022305142033349
VTC_2018-09-20,VTC,2018-09-20,80.8499984741211,80.96700286865234,80.8499984741211,80.93900299072266,2500.0,0.0029616611092779,-0.0124933747889566,-0.0047658568398393,0.0017202962093429,0.0022380233345633,-0.0022380233345633
VTC_2018-09-21,VTC,2018-09-21,81.01000213623047,81.01000213623047,80.92500305175781,80.95999908447266,4300.0,0.0038437390294936,-0.0104504471236301,-0.0033033540470682,0.0002594063797944,0.0022365251352517,-0.0022365251352517
VTC_2018-09-24,VTC,2018-09-24,81.02999877929688,81.02999877929688,80.80999755859375,80.87000274658203,15300.0,0.0024792931966832,-0.0112482963522091,-0.0043845015777629,-0.0011116148580575,0.0022412695439051,-0.0022412695439051
VTC_2018-09-25,VTC,2018-09-25,80.8499984741211,80.8499984741211,80.72000122070312,80.79499816894531,1300.0,0.0006812027078397,-0.0156555023567652,-0.0074871498244627,-0.0009274709421212,0.0022420110229266,-0.0022420110229266
VTC_2018-09-26,VTC,2018-09-26,80.5999984741211,81.08999633789062,80.5999984741211,81.08999633789062,1900.0,-0.0003699014752889,-0.0147023896597697,-0.0075361455675293,0.0036511934603731,0.002210094963362,-0.002210094963362
VTC_2018-09-27,VTC,2018-09-27,81.13999938964844,81.14900207519531,81.04000091552734,81.04000091552734,1400.0,-0.0002466894111605,-0.0187673506609925,-0.0095070200360765,-0.000616542417328,0.0022094875794055,-0.0022094875794055
VTC_2018-09-28,VTC,2018-09-28,81.29000091552734,81.29000091552734,81.12999725341797,81.12999725341797,2000.0,0.0017904135577406,-0.0150540907104136,-0.0066318385763364,0.0011105174836367,0.002210646568414,-0.002210646568414
VTC_2018-10-01,VTC,2018-10-01,80.91000366210938,80.91000366210938,80.80000305175781,80.87999725341797,1400.0,0.001175881500308,-0.0160583910441671,-0.0074412547719295,-0.0030814742815669,0.0022231187941968,-0.0022231187941968
VTC_2018-10-02,VTC,2018-10-02,80.97000122070312,80.97000122070312,80.87999725341797,80.90699768066406,5500.0,-0.0014317532069906,-0.0163282956758168,-0.0088800244414037,0.0003338331869806,0.0021918245351622,-0.0021918245351622
VTC_2018-10-03,VTC,2018-10-03,80.86000061035156,80.9000015258789,80.47000122070312,80.58000183105469,3800.0,-0.0071953036229001,-0.0191113775491487,-0.0131533405860244,-0.0040416262991245,0.0022374884021761,-0.0022374884021761
VTC_2018-10-04,VTC,2018-10-04,80.38999938964844,80.38999938964844,80.18000030517578,80.30000305175781,3600.0,-0.0133922637432684,-0.0279626866181658,-0.0206774751807171,-0.0034747924166584,0.0022457454457109,-0.0022457454457109
VTC_2018-10-05,VTC,2018-10-05,80.19999694824219,80.19999694824219,79.9000015258789,80.03399658203125,22600.0,-0.0164189027830271,-0.0290671322852595,-0.0227430175341433,-0.0033126582766765,0.0022794870208287,-0.0022794870208287
VTC_2018-10-08,VTC,2018-10-08,80.01000213623047,80.08000183105469,79.91999816894531,80.00499725341797,8700.0,-0.0165335125498619,-0.0294071695149282,-0.022970341032395,-0.000362337629654,0.0022795224484062,-0.0022795224484062
VTC_2018-10-09,VTC,2018-10-09,80.03500366210938,80.11299896240234,80.03500366210938,80.11299896240234,900.0,-0.0149031421004688,-0.030695735228537,-0.0227994386645029,0.0013499370375862,0.002288535966955,-0.002288535966955
VTC_2018-10-10,VTC,2018-10-10,80.07499694824219,80.07499694824219,79.87999725341797,79.91799926757812,7700.0,-0.0189295339335261,-0.0325283455016036,-0.0257289397175649,-0.0024340581097923,0.0022919610186338,-0.0022919610186338
VTC_2018-10-11,VTC,2018-10-11,80.12000274658203,80.33899688720703,80.08000183105469,80.33899688720703,11000.0,-0.0160563945397643,-0.0244438574950752,-0.0202501260174198,0.0052678698601968,0.0023746987077456,-0.0023746987077456
VTC_2018-10-12,VTC,2018-10-12,80.20999908447266,80.39900207519531,80.20500183105469,80.33999633789062,5700.0,-0.0150791143991096,-0.024526520853462,-0.0198028176262858,1.244041775882998e-05,0.0023730979507112,-0.0023730979507112
VTC_2018-10-15,VTC,2018-10-15,80.33000183105469,80.33000183105469,80.08999633789062,80.16000366210938,2400.0,-0.0159586967465492,-0.0284813769637414,-0.0222200368551453,-0.0022403869054741,0.002382468844152,-0.002382468844152
VTC_2018-10-16,VTC,2018-10-16,80.1500015258789,80.19999694824219,80.1449966430664,80.16799926757812,2500.0,-0.0147720712600614,-0.0252775461562729,-0.0200248087081671,9.974557264813556e-05,0.0023803513340006,-0.0023803513340006
VTC_2018-10-17,VTC,2018-10-17,80.18000030517578,80.18000030517578,80.04499816894531,80.04499816894531,2600.0,-0.0176117467951253,-0.0213949512705584,-0.0195033490328419,-0.0015342917343149,0.0023771204826844,-0.0023771204826844
VTC_2018-10-18,VTC,2018-10-18,80.0199966430664,80.12000274658203,79.87200164794922,80.05000305175781,4200.0,-0.015205570623519,-0.0192955215711141,-0.0172505460973165,6.252586578781028e-05,0.0023621621943466,-0.0023621621943466
VTC_2018-10-19,VTC,2018-10-19,79.90899658203125,80.0,79.88999938964844,79.97000122070312,2100.0,-0.012716034312307,-0.0184116850070553,-0.0155638596596812,-0.0009993982261682,0.0023268348736968,-0.0023268348736968
VTC_2018-10-22,VTC,2018-10-22,80.0,80.01000213623047,79.94999694824219,79.95700073242188,5000.0,-0.0155140191305532,-0.0174858266038627,-0.016499922867208,-0.0001625670636838,0.0022974730827183,-0.0022974730827183
VTC_2018-10-23,VTC,2018-10-23,80.0,80.02899932861328,79.82599639892578,79.9000015258789,3000.0,-0.0173409921910128,-0.0158279986617899,-0.0165844954264013,-0.0007128732446295,0.0022912513729562,-0.0022912513729562
VTC_2018-10-24,VTC,2018-10-24,80.12000274658203,80.12000274658203,80.02999877929688,80.04000091552734,253400.0,-0.0162483543192789,-0.015861316691066,-0.0160548355051725,0.0017521825653918,0.002302674280648,-0.002302674280648
VTC_2018-10-25,VTC,2018-10-25,80.00499725341797,80.05999755859375,79.96199798583984,80.00499725341797,6900.0,-0.0183435919826016,-0.0174273713511863,-0.0178854816668939,-0.0004373271078084,0.0022891295346279,-0.0022891295346279
VTC_2018-10-26,VTC,2018-10-26,80.26000213623047,80.26000213623047,80.04000091552734,80.08200073242188,3000.0,-0.0161916556357558,-0.0172781588938247,-0.0167349072647903,0.0009624833653827,0.0022913133022201,-0.0022913133022201
VTC_2018-10-29,VTC,2018-10-29,80.12000274658203,80.12000274658203,79.93000030517578,80.0250015258789,5200.0,-0.0199020204486457,-0.0122199329905324,-0.0160609767195891,-0.0007117605207369,0.0022519290610073,-0.0022519290610073
VTC_2018-10-30,VTC,2018-10-30,79.98999786376953,79.98999786376953,79.8489990234375,79.8489990234375,2500.0,-0.0136009631415877,-0.0143316020513191,-0.0139662825964534,-0.002199343943586,0.0020045937129579,-0.0020045937129579
VTC_2018-10-31,VTC,2018-10-31,79.80999755859375,79.81300354003906,79.7249984741211,79.7249984741211,4700.0,-0.0174390057452707,-0.0168331227699379,-0.0171360642576043,-0.0015529380559925,0.0019842998910601,-0.0019842998910601
VTC_2018-11-01,VTC,2018-11-01,79.4800033569336,79.5199966430664,79.43599700927734,79.5009994506836,3900.0,-0.0233172714176319,-0.0189906397761265,-0.0211539555968792,-0.0028096460046996,0.0019589604344438,-0.0019589604344438
VTC_2018-11-02,VTC,2018-11-02,79.31999969482422,79.5,79.31999969482422,79.33000183105469,2300.0,-0.0266257444042369,-0.0212818267549984,-0.0239537855796176,-0.0021508864141385,0.001960512377712,-0.001960512377712
VTC_2018-11-05,VTC,2018-11-05,79.4520034790039,79.4800033569336,79.42500305175781,79.43099975585938,2400.0,-0.024907922310547,-0.0185827867807809,-0.021745354545664,0.0012731365495211,0.0019721387891838,-0.0019721387891838
VTC_2018-11-06,VTC,2018-11-06,79.51000213623047,79.56999969482422,79.5,79.54000091552734,7900.0,-0.0210461425781249,-0.0172967813645964,-0.0191714619713607,0.001372274804585,0.0019645058817368,-0.0019645058817368
VTC_2018-11-07,VTC,2018-11-07,79.7699966430664,79.8499984741211,79.67500305175781,79.68000030517578,9100.0,-0.0216110275475094,-0.0184774574323863,-0.0200442424899479,0.0017601130002138,0.0019531257774542,-0.0019531257774542
VTC_2018-11-08,VTC,2018-11-08,79.6500015258789,79.74099731445312,79.51000213623047,79.62999725341797,15200.0,-0.0213838691708432,-0.0209025518180622,-0.0211432104944527,-0.0006275483379304,0.0019523583567685,-0.0019523583567685
VTC_2018-11-09,VTC,2018-11-09,79.58999633789062,79.69999694824219,79.51000213623047,79.63999938964844,9800.0,-0.0210202718690478,-0.0195740970278986,-0.0202971844484732,0.0001256076425399,0.0019532115910511,-0.0019532115910511
VTC_2018-11-12,VTC,2018-11-12,79.6500015258789,79.72899627685547,79.5199966430664,79.68000030517578,5700.0,-0.0224512548533141,-0.012639364084742,-0.0175453094690281,0.0005022716704408,0.001933990645277,-0.001933990645277
VTC_2018-11-13,VTC,2018-11-13,79.70999908447266,79.70999908447266,79.4000015258789,79.55999755859375,2100.0,-0.0250000116871854,-0.0138820369651161,-0.0194410243261508,-0.0015060585607733,0.0019301061604275,-0.0019301061604275
VTC_2018-11-14,VTC,2018-11-14,79.4800033569336,79.4800033569336,79.34500122070312,79.34500122070312,5200.0,-0.0288249181824447,-0.0155706858210539,-0.0221978020017493,-0.0027023170498753,0.001940166173941,-0.001940166173941
VTC_2018-11-15,VTC,2018-11-15,79.197998046875,79.24199676513672,79.10399627685547,79.22000122070312,4000.0,-0.0320136270091019,-0.0188258197087279,-0.0254197233589149,-0.0015753985516026,0.0019248627880593,-0.0019248627880593
VTC_2018-11-16,VTC,2018-11-16,79.19999694824219,79.30000305175781,79.12000274658203,79.30000305175781,5600.0,-0.0342223546182691,-0.0185278422817118,-0.0263750984499905,0.0010098690964648,0.0018726054632355,-0.0018726054632355
VTC_2018-11-19,VTC,2018-11-19,79.23100280761719,79.27999877929688,79.19000244140625,79.19000244140625,2000.0,-0.0333251439033108,-0.0190515613570508,-0.0261883526301808,-0.0013871450960697,0.0018621416239677,-0.0018621416239677
VTC_2018-11-20,VTC,2018-11-20,79.45999908447266,79.45999908447266,79.12999725341797,79.30000305175781,4500.0,-0.0312728749023492,-0.0226768098561923,-0.0269748423792707,0.0013890719403999,0.0018776524962204,-0.0018776524962204
VTC_2018-11-21,VTC,2018-11-21,79.48999786376953,79.48999786376953,79.36499786376953,79.44999694824219,1600.0,-0.0296183578840648,-0.0222742448979247,-0.0259463013909947,0.0018914740316777,0.0018999164643363,-0.0018999164643363
VTC_2018-11-23,VTC,2018-11-23,79.4800033569336,79.4800033569336,79.37000274658203,79.37000274658203,1100.0,-0.0305953863012882,-0.0256925813658193,-0.0281439838335537,-0.0010068496505074,0.0019000881652021,-0.0019000881652021
VTC_2018-11-26,VTC,2018-11-26,79.48999786376953,79.48999786376953,79.37000274658203,79.37000274658203,1300.0,-0.030299276405279,-0.0325450772690079,-0.0314221768371434,0.0,0.0019009594833183,-0.0019009594833183
VTC_2018-11-27,VTC,2018-11-27,79.41000366210938,79.41000366210938,79.26000213623047,79.38999938964844,3000.0,-0.0279886752871461,-0.0275004922868211,-0.0277445837869836,0.0002519420735092,0.0018914676767604,-0.0018914676767604
VTC_2018-11-28,VTC,2018-11-28,79.33999633789062,79.44599914550781,79.1500015258789,79.44599914550781,4500.0,-0.0271720044712278,-0.0282191387844688,-0.0276955716278483,0.0007053754413641,0.0018966713335645,-0.0018966713335645
VTC_2018-11-29,VTC,2018-11-29,79.43800354003906,79.43900299072266,79.29000091552734,79.33000183105469,4400.0,-0.0280568590843773,-0.023498524345713,-0.0257776917150452,-0.0014600774828279,0.0019010180952625,-0.0019010180952625
VTC_2018-11-30,VTC,2018-11-30,79.26799774169922,79.34100341796875,79.0999984741211,79.23999786376953,9800.0,-0.0292784450577494,-0.0213659791385955,-0.0253222120981724,-0.0011345514333509,0.0019015111824179,-0.0019015111824179
VTC_2018-12-03,VTC,2018-12-03,79.20999908447266,79.2300033569336,79.04000091552734,79.04000091552734,9000.0,-0.0269484477423221,-0.025653051927019,-0.0263007498346706,-0.0025239393441935,0.0018341217235369,-0.0018341217235369
VTC_2018-12-04,VTC,2018-12-04,79.30999755859375,79.3290023803711,79.1500015258789,79.25599670410156,3200.0,-0.0233996932260414,-0.0202608320289153,-0.0218302626274783,0.0027327402084049,0.0018757478306489,-0.0018757478306489
VTC_2018-12-06,VTC,2018-12-06,79.48999786376953,79.5199966430664,79.12999725341797,79.302001953125,11100.0,-0.0249354461117855,-0.0210838185170419,-0.0230096323144137,0.0005804639514559,0.0018518132771336,-0.0018518132771336
VTC_2018-12-07,VTC,2018-12-07,79.46900177001953,79.4739990234375,79.30000305175781,79.4209976196289,5300.0,-0.0203404722018346,-0.0192517371286475,-0.0197961046652411,0.0015005379886152,0.0018318046980281,-0.0018318046980281
VTC_2018-12-10,VTC,2018-12-10,79.52999877929688,79.62000274658203,79.37799835205078,79.58999633789062,4900.0,-0.0188972885615794,-0.0170434094356867,-0.017970348998633,0.0021278846064249,0.0018537850203443,-0.0018537850203443
VTC_2018-12-11,VTC,2018-12-11,79.70999908447266,79.76000213623047,79.5999984741211,79.7300033569336,16200.0,-0.01588549268956,-0.0156789709020543,-0.0157822317958072,0.0017591032225781,0.0018671530171683,-0.0018671530171683
VTC_2018-12-12,VTC,2018-12-12,80.0,80.0,79.6709976196289,79.68000030517578,2600.0,-0.018356509761997,-0.0152021171828177,-0.0167793134724074,-0.0006271547679982,0.0018474244557131,-0.0018474244557131
VTC_2018-12-13,VTC,2018-12-13,79.91000366210938,79.97000122070312,79.69999694824219,79.83799743652344,9200.0,-0.018827642354024,-0.0161434064378631,-0.0174855243959435,0.0019828957171501,0.0018368102672144,-0.0018368102672144
VTC_2018-12-14,VTC,2018-12-14,79.9010009765625,80.0199966430664,79.87699890136719,79.93000030517578,3200.0,-0.0158827985242447,-0.0150824239540089,-0.0154826112391268,0.0011523694432027,0.001834985769495,-0.001834985769495
VTC_2018-12-17,VTC,2018-12-17,79.93000030517578,80.01899719238281,79.93000030517578,79.9729995727539,8400.0,-0.0145040287245052,-0.0126668350177705,-0.0135854318711379,0.0005379615590386,0.0018359622878169,-0.0018359622878169
VTC_2018-12-18,VTC,2018-12-18,79.9800033569336,80.22799682617188,79.9800033569336,80.17900085449219,17500.0,-0.0087896963842385,-0.0117218837806101,-0.0102557900824243,0.0025758853968067,0.001829365207953,-0.001829365207953
VTC_2018-12-19,VTC,2018-12-19,80.33999633789062,80.45999908447266,80.30999755859375,80.33000183105469,7200.0,-0.0058168465711821,-0.0054351963821277,-0.0056260214766549,0.0018832983069536,0.0018425264592511,-0.0018425264592511
VTC_2018-12-20,VTC,2018-12-20,80.21900177001953,80.21900177001953,79.85600280761719,79.91999816894531,9600.0,-0.0125897871745979,-0.0096654127483689,-0.0111275999614834,-0.0051039916938091,0.0019327196122816,-0.0019327196122816
VTC_2018-12-21,VTC,2018-12-21,80.22000122070312,80.22000122070312,79.83000183105469,79.83999633789062,2200.0,-0.0138340261764755,-0.0100434615333313,-0.0119387438549034,-0.0010010239350302,0.0019344182260907,-0.0019344182260907
VTC_2018-12-24,VTC,2018-12-24,79.77999877929688,79.77999877929688,79.58699798583984,79.58699798583984,1700.0,-0.0158650267981648,-0.0134250676544874,-0.0146450472263261,-0.0031688171800517,0.0019668167195257,-0.0019668167195257
VTC_2018-12-26,VTC,2018-12-26,77.77999877929688,79.6050033569336,77.77999877929688,79.41000366210938,6100.0,-0.0171420822850922,-0.016472556810123,-0.0168073195476076,-0.0022239100381944,0.0019807319551281,-0.0019807319551281
VTC_2018-12-27,VTC,2018-12-27,80.0,80.0,79.54100036621094,79.54100036621094,13000.0,-0.0191021832733255,-0.0194650188228404,-0.019283601048083,0.0016496247079771,0.0019322400332581,-0.0019322400332581
VTC_2018-12-28,VTC,2018-12-28,79.56999969482422,79.79000091552734,79.56999969482422,79.77999877929688,12200.0,-0.015547903775863,-0.0157907576837963,-0.0156693307298296,0.0030047197292664,0.0019761638327336,-0.0019761638327336
VTC_2018-12-31,VTC,2018-12-31,79.83000183105469,80.0,79.80000305175781,80.0,9500.0,-0.0139282298985947,-0.0121627536324999,-0.0130454917655473,0.0027575986972843,0.0020050936036811,-0.0020050936036811
VTC_2019-01-02,VTC,2019-01-02,80.04000091552734,80.16000366210938,79.9800033569336,80.1500015258789,17400.0,-0.0090256645935804,-0.0078603962052959,-0.0084430303994382,0.0018750190734864,0.001988199958243,-0.001988199958243
VTC_2019-01-03,VTC,2019-01-03,80.2699966430664,80.3499984741211,80.20099639892578,80.29000091552734,15900.0,-0.0076260000101842,-0.0090468346672037,-0.008336417338694,0.0017467172424598,0.0020015770234855,-0.0020015770234855
VTC_2019-01-04,VTC,2019-01-04,80.11000061035156,80.19000244140625,80.04000091552734,80.125,4100.0,-0.0056465850175662,-0.0128012597468324,-0.0092239223821993,-0.0020550618214706,0.001953871538398,-0.001953871538398
VTC_2019-01-07,VTC,2019-01-07,80.31999969482422,80.37000274658203,80.16899871826172,80.16899871826172,13900.0,-0.0016314362206394,-0.0150018513397607,-0.0083166437802,0.0005491259689449,0.0019065701998492,-0.0019065701998492
VTC_2019-01-08,VTC,2019-01-08,80.11000061035156,80.30000305175781,80.11000061035156,80.22000122070312,30700.0,0.0023240703527935,-0.0141329911154171,-0.0059044603813117,0.0006361873449443,0.0018610813925146,-0.0018610813925146
VTC_2019-01-09,VTC,2019-01-09,80.3499984741211,80.54900360107422,80.3499984741211,80.5,14800.0,0.0061871478479538,-0.0104486599885,-0.0021307560702731,0.003490386126105,0.001910343315655,-0.001910343315655
VTC_2019-01-10,VTC,2019-01-10,80.55000305175781,80.55000305175781,80.31999969482422,80.31999969482422,2300.0,0.0025838594872602,-0.0123577902383148,-0.0048869653755272,-0.002236028635724,0.0019258512482655,-0.0019258512482655
VTC_2019-01-11,VTC,2019-01-11,80.5,80.5,80.46499633789062,80.47000122070312,1700.0,0.0069071042591646,-0.0121531779388177,-0.0026230368398265,0.0018675488850701,0.0019128313526031,-0.0019128313526031
VTC_2019-01-14,VTC,2019-01-14,80.5,80.5,80.3550033569336,80.38999938964844,152400.0,0.0006348411657792,-0.0154317466342129,-0.0073984527342168,-0.0009941820534495,0.0017999094457355,-0.0017999094457355
VTC_2019-01-15,VTC,2019-01-15,80.4000015258789,80.41999816894531,80.30000305175781,80.37999725341797,7400.0,0.0004978954113852,-0.0145887268095914,-0.0070454156991031,-0.0001244201555716,0.0017999910885665,-0.0017999910885665
VTC_2019-01-16,VTC,2019-01-16,80.3499984741211,80.44999694824219,80.3499984741211,80.44999694824219,1300.0,0.0036176805499559,-0.0123987496634159,-0.0043905345567299,0.0008708596319495,0.0017798347912576,-0.0017798347912576
VTC_2019-01-17,VTC,2019-01-17,80.61000061035156,80.61000061035156,80.38999938964844,80.5530014038086,8800.0,0.0048024416194476,-0.0100405716504385,-0.0026190650154954,0.0012803537535579,0.0017864748970358,-0.0017864748970358
VTC_2019-01-18,VTC,2019-01-18,80.56999969482422,80.69000244140625,80.53299713134766,80.69000244140625,3900.0,0.0080580209534089,-0.0096956416664177,-0.0008188103565044,0.0017007564610891,0.0017858888056327,-0.0017858888056327
VTC_2019-01-22,VTC,2019-01-22,80.80000305175781,80.88999938964844,80.74500274658203,80.80000305175781,6900.0,0.0093691439276406,-0.0059788898755518,0.0016951270260444,0.0013632495603335,0.0017926143348431,-0.0017926143348431
VTC_2019-01-23,VTC,2019-01-23,80.77999877929688,80.98999786376953,80.77999877929688,80.98999786376953,6100.0,0.0127547408715349,-0.000123483163339,0.0063156288540979,0.0023514208519275,0.0018076199975076,-0.0018076199975076
VTC_2019-01-24,VTC,2019-01-24,81.20999908447266,81.20999908447266,81.08100128173828,81.10099792480469,3100.0,0.0143076551384315,-0.0014283332276526,0.0064396609553894,0.0013705403625503,0.0018129337542579,-0.0018129337542579
VTC_2019-01-25,VTC,2019-01-25,81.06999969482422,81.13999938964844,81.06999969482422,81.1259994506836,2200.0,0.0153441539598417,-0.0022629210851662,0.0065406164373377,0.0003082764271542,0.0018089543975578,-0.0018089543975578
VTC_2019-01-28,VTC,2019-01-28,81.02999877929688,81.1500015258789,81.02999877929688,81.14399719238281,4700.0,0.013793056774457,-0.0026794120184391,0.0055568223780089,0.000221849244645,0.0017986119250512,-0.0017986119250512
VTC_2019-01-29,VTC,2019-01-29,81.12999725341797,81.25,81.12999725341797,81.18699645996094,6800.0,0.0147740672098137,-0.003840534233608,0.0054667664881028,0.0005299131059095,0.0017970461503341,-0.0017970461503341
VTC_2019-01-30,VTC,2019-01-30,81.25,81.51000213623047,81.25,81.49500274658203,10800.0,0.0176444394650105,0.0011670911415513,0.0094057653032809,0.0037937884150325,0.0018501659931847,-0.0018501659931847
VTC_2019-01-31,VTC,2019-01-31,82.11199951171875,82.20999908447266,82.11199951171875,82.16500091552734,3200.0,0.0267416350995806,0.0063074020823528,0.0165245185909667,0.0082213405284339,0.0020986143318989,-0.0020986143318989
VTC_2019-02-01,VTC,2019-02-01,81.88999938964844,81.91000366210938,81.55999755859375,81.66999816894531,7500.0,0.0228055350446323,0.0088943946614783,0.0158499648530553,-0.006024496331363,0.0022270564464913,-0.0022270564464913
VTC_2019-02-04,VTC,2019-02-04,81.54000091552734,81.66000366210938,81.52999877929688,81.6500015258789,6300.0,0.0241455388974722,0.0062854589606458,0.015215498929059,-0.0002448468656144,0.0022149951116004,-0.0022149951116004
VTC_2019-02-05,VTC,2019-02-05,81.77999877929688,81.94000244140625,81.63999938964844,81.86000061035156,13700.0,0.0296725975266678,0.0056634420988403,0.0176680198127541,0.002571942198998,0.0021936228040472,-0.0021936228040472
VTC_2019-02-06,VTC,2019-02-06,81.98999786376953,81.98999786376953,81.72000122070312,81.80999755859375,12500.0,0.0312617631450531,0.0038036510256902,0.0175327070853716,-0.0006108362006472,0.0021724624082921,-0.0021724624082921
VTC_2019-02-07,VTC,2019-02-07,81.8499984741211,81.86000061035156,81.73999786376953,81.80000305175781,4300.0,0.0298246692497872,0.0041738763946286,0.0169992728222079,-0.0001221673039261,0.0021714729082521,-0.0021714729082521
VTC_2019-02-08,VTC,2019-02-08,81.88999938964844,81.98999786376953,81.76000213623047,81.9749984741211,4600.0,0.0306134967383235,0.0089230581430288,0.0197682774406762,0.0021393082620371,0.0021787577227403,-0.0021787577227403
VTC_2019-02-11,VTC,2019-02-11,81.86000061035156,81.93000030517578,81.80500030517578,81.80799865722656,10700.0,0.0267068065248559,0.0045186174458315,0.0156127119853437,-0.0020372042696317,0.0021952665152505,-0.0021952665152505
VTC_2019-02-12,VTC,2019-02-12,81.88999938964844,81.91000366210938,81.77999877929688,81.87000274658203,6700.0,0.0281301716743171,0.0061447705926371,0.0171374711334771,0.0007579220904212,0.0021915313743269,-0.0021915313743269
VTC_2019-02-13,VTC,2019-02-13,81.76000213623047,81.79000091552734,81.72000122070312,81.74299621582031,2900.0,0.02640628882834,0.0048309495890677,0.0156186192087038,-0.0015513194882239,0.0022055848754629,-0.0022055848754629
VTC_2019-02-14,VTC,2019-02-14,82.0199966430664,82.0199966430664,81.76000213623047,81.87999725341797,7200.0,0.0276104033611466,0.0045392603053686,0.0160748318332576,0.0016759972589692,0.0022112736494414,-0.0022112736494414
VTC_2019-02-15,VTC,2019-02-15,81.86000061035156,81.95999908447266,81.8499984741211,81.91000366210938,5900.0,0.029537533630326,0.0037990832571719,0.016668308443749,0.0003664681203949,0.0021973053353376,-0.0021973053353376
VTC_2019-02-19,VTC,2019-02-19,81.9000015258789,82.0199966430664,81.87300109863281,81.87300109863281,8600.0,0.0318608587691353,0.0021175539394477,0.0169892063542915,-0.0004517465733392,0.002163015902703,-0.002163015902703
VTC_2019-02-20,VTC,2019-02-20,81.88999938964844,81.91999816894531,81.80999755859375,81.83000183105469,9600.0,0.0329462328974248,-0.0001221225230103,0.0164120551872072,-0.0005251947162205,0.0021507734075108,-0.0021507734075108
VTC_2019-02-21,VTC,2019-02-21,81.70999908447266,81.9280014038086,81.62000274658203,81.71700286865234,10300.0,0.0304791894562348,-0.0047862347920829,0.0128464773320759,-0.0013808989352784,0.0021629925667429,-0.0021629925667429
VTC_2019-02-22,VTC,2019-02-22,81.94000244140625,82.05999755859375,81.9000015258789,82.01300048828125,6600.0,0.0356484146968396,0.0011352822438317,0.0183918484703357,0.0036222280460369,0.002185245631719,-0.002185245631719
VTC_2019-02-25,VTC,2019-02-25,81.87999725341797,82.05000305175781,81.87999725341797,82.05000305175781,6400.0,0.0346784349832258,0.0023210657218371,0.0184997503525314,0.0004511792430013,0.0021826892573683,-0.0021826892573683
VTC_2019-02-26,VTC,2019-02-26,82.18000030517578,82.23999786376953,82.0,82.1449966430664,14200.0,0.0339207023076397,0.0032976689229484,0.0186091856152941,0.0011577524408947,0.0021773322651878,-0.0021773322651878
VTC_2019-02-27,VTC,2019-02-27,82.18000030517578,82.18000030517578,81.91000366210938,81.94999694824219,13300.0,0.0325059104495402,0.0009159932609732,0.0167109518552567,-0.0023738474988503,0.0021996122607509,-0.0021996122607509
VTC_2019-02-28,VTC,2019-02-28,81.9800033569336,81.9800033569336,81.82099914550781,81.91999816894531,10000.0,0.0321279492770723,0.0008552192563124,0.0164915842666923,-0.0003660619940696,0.0022014646410252,-0.0022014646410252
VTC_2019-03-01,VTC,2019-03-01,81.70999908447266,81.70999908447266,81.54000091552734,81.54000091552734,12600.0,0.0270815158383694,-0.0016651352018605,0.0127081903182544,-0.0046386384510689,0.0022947615693556,-0.0022947615693556
VTC_2019-03-04,VTC,2019-03-04,81.55999755859375,81.69000244140625,81.55999755859375,81.64600372314453,6400.0,0.0276918233932377,-0.0002326234270475,0.013729599983095,0.0013000098899558,0.0022971474111366,-0.0022971474111366
VTC_2019-03-05,VTC,2019-03-05,81.64600372314453,81.7300033569336,81.63700103759766,81.7300033569336,4600.0,0.0302533905267023,0.0013477163274926,0.0158005534270975,0.0010288272537366,0.0022853799882061,-0.0022853799882061
VTC_2019-03-06,VTC,2019-03-06,81.77999877929688,81.93000030517578,81.70999908447266,81.8499984741211,7800.0,0.0329379187369327,0.0026951026351274,0.01781651068603,0.0014681893094199,0.0022793173892936,-0.0022793173892936
VTC_2019-03-07,VTC,2019-03-07,81.9000015258789,82.08000183105469,81.9000015258789,82.05999755859375,5200.0,0.0382084591103937,0.0102303527044202,0.024219405907407,0.0025656577689374,0.002259908191828,-0.002259908191828
VTC_2019-03-08,VTC,2019-03-08,82.04000091552734,82.08999633789062,81.8479995727539,82.05500030517578,6400.0,0.0353159851301114,0.01108990868605,0.0232029469080807,-6.089755747795689e-05,0.0022446995552005,-0.0022446995552005
VTC_2019-03-11,VTC,2019-03-11,82.0999984741211,82.16999816894531,82.0999984741211,82.16999816894531,12900.0,0.0361654957653601,0.0103282468828111,0.0232468713240856,0.0014014729552354,0.0022472402420002,-0.0022472402420002
VTC_2019-03-12,VTC,2019-03-12,82.23999786376953,82.48899841308594,82.20500183105469,82.41899871826172,8400.0,0.0377482175808361,0.0166399288086296,0.0271940731947328,0.0030303097829507,0.0022656840273908,-0.0022656840273908
VTC_2019-03-13,VTC,2019-03-13,82.33000183105469,82.37999725341797,82.19999694824219,82.33000183105469,15100.0,0.0344265060841524,0.0148786499029338,0.0246525779935431,-0.001079810342167,0.0022666280441266,-0.0022666280441266
VTC_2019-03-14,VTC,2019-03-14,82.29000091552734,82.29000091552734,82.1500015258789,82.23999786376953,5100.0,0.0314811789935496,0.0150955922652287,0.0232883856293891,-0.0010932098297513,0.0022703665430281,-0.0022703665430281
VTC_2019-03-15,VTC,2019-03-15,82.41999816894531,82.51000213623047,82.29000091552734,82.38500213623047,3900.0,0.033948316022772,0.0149686336662997,0.0244584748445358,0.0017631842926495,0.0022712899716785,-0.0022712899716785
VTC_2019-03-18,VTC,2019-03-18,82.41999816894531,82.48300170898438,82.33000183105469,82.41000366210938,6500.0,0.0322153148647152,0.0127811340840962,0.0224982244744057,0.0003034718119878,0.0022638368887147,-0.0022638368887147
VTC_2019-03-19,VTC,2019-03-19,82.33000183105469,82.61000061035156,82.1709976196289,82.44999694824219,9600.0,0.0315275445195166,0.0151440003577041,0.0233357724386104,0.000485296497459,0.0022623241394709,-0.0022623241394709
VTC_2019-03-20,VTC,2019-03-20,82.44400024414062,82.87000274658203,82.44400024414062,82.87000274658203,3000.0,0.0362247657247447,0.0211953319576292,0.0287100488411869,0.0050940668755088,0.002335351540456,-0.002335351540456
VTC_2019-03-21,VTC,2019-03-21,82.9000015258789,83.0,82.87999725341797,82.98999786376953,5300.0,0.0350590176894161,0.0259611631841578,0.0305100904367869,0.0014479921951304,0.0023240037242301,-0.0023240037242301
VTC_2019-03-22,VTC,2019-03-22,83.1500015258789,83.45500183105469,83.1500015258789,83.38500213623047,9100.0,0.0380306266094812,0.0319925617183056,0.0350115941638934,0.0047596611956701,0.0023782453931801,-0.0023782453931801
VTC_2019-03-25,VTC,2019-03-25,83.41000366210938,83.69000244140625,83.29000091552734,83.6449966430664,7500.0,0.0466090910843954,0.0334325053726436,0.0400207982285195,0.0031180008415803,0.002284174942657,-0.002284174942657
VTC_2019-03-26,VTC,2019-03-26,83.55999755859375,83.72000122070312,83.52999877929688,83.66999816894531,10500.0,0.0479709670181565,0.0334733092282408,0.0407221381231986,0.0002989004349607,0.0022741725980714,-0.0022741725980714
VTC_2019-03-27,VTC,2019-03-27,83.6500015258789,83.87899780273438,83.6500015258789,83.69599914550781,9100.0,0.0516290507703161,0.0349449276981164,0.0432869892342162,0.0003107562702462,0.0022191356969725,-0.0022191356969725
VTC_2019-03-28,VTC,2019-03-28,83.80000305175781,83.81999969482422,83.69999694824219,83.77999877929688,37900.0,0.0550307885110028,0.0369453639210415,0.0459880762160221,0.0010036278274547,0.0021851530416107,-0.0021851530416107
VTC_2019-03-29,VTC,2019-03-29,83.66999816894531,83.8499984741211,83.6500015258789,83.76000213623047,6800.0,0.0530418494939091,0.0329264510903948,0.0429841502921519,-0.0002386803933845,0.0021869999744096,-0.0021869999744096
VTC_2019-04-01,VTC,2019-04-01,83.2300033569336,83.33999633789062,83.1500015258789,83.18499755859375,11800.0,0.0426798549936864,0.0264683689392137,0.0345741119664501,-0.0068649064347146,0.0023737235425968,-0.0023737235425968
VTC_2019-04-02,VTC,2019-04-02,83.25,83.27999877929688,83.13500213623047,83.25499725341797,19700.0,0.0406874656677245,0.0261925313933186,0.0334399985305216,0.0008414942222594,0.0023587249587718,-0.0023587249587718
VTC_2019-04-03,VTC,2019-04-03,83.13999938964844,83.16000366210938,83.05999755859375,83.12999725341797,7100.0,0.0371802329483035,0.0278189920426203,0.0324996124954619,-0.0015014113761786,0.0023684567736868,-0.0023684567736868
VTC_2019-04-04,VTC,2019-04-04,83.1500015258789,83.16500091552734,83.05999755859375,83.09500122070312,6400.0,0.0349358609190564,0.0270434400331478,0.0309896504761021,-0.000420979596669,0.0023670142588713,-0.0023670142588713
VTC_2019-04-05,VTC,2019-04-05,83.19000244140625,83.33000183105469,83.19000244140625,83.26000213623047,7300.0,0.0391263917158248,0.0332588762010046,0.0361926339584147,0.0019856900307286,0.0023500272890991,-0.0023500272890991
VTC_2019-04-08,VTC,2019-04-08,83.31999969482422,83.31999969482422,83.23999786376953,83.28199768066406,6200.0,0.0388304583089826,0.0371356726721938,0.0379830654905882,0.0002641790039543,0.0023504246523865,-0.0023504246523865
VTC_2019-04-09,VTC,2019-04-09,83.44000244140625,83.44000244140625,83.3499984741211,83.3949966430664,7100.0,0.0395786010228067,0.0419946548288423,0.0407866279258245,0.0013568233897993,0.0023523188364127,-0.0023523188364127
VTC_2019-04-10,VTC,2019-04-10,83.61000061035156,83.70999908447266,83.55000305175781,83.6520004272461,17300.0,0.0391552848105105,0.0455846921946156,0.0423699885025631,0.0030817650281786,0.0023448253598085,-0.0023448253598085
VTC_2019-04-11,VTC,2019-04-11,83.66999816894531,83.67500305175781,83.625,83.63500213623047,7900.0,0.0412724409113745,0.0439629425866459,0.0426176917490102,-0.000203202444996,0.002318836790897,-0.002318836790897
VTC_2019-04-12,VTC,2019-04-12,83.83999633789062,83.83999633789062,83.4800033569336,83.55999755859375,9900.0,0.0383993574129042,0.0455716900372047,0.0419855237250544,-0.0008968084620186,0.0023214791582724,-0.0023214791582724
VTC_2019-04-15,VTC,2019-04-15,83.5999984741211,83.5999984741211,83.5,83.51499938964844,17800.0,0.0388729944486403,0.0395325137915325,0.0392027541200864,-0.0005385132869799,0.0023171350158693,-0.0023171350158693
VTC_2019-04-16,VTC,2019-04-16,83.47000122070312,83.47000122070312,83.29399871826172,83.29399871826172,12400.0,0.0362528186665227,0.0367687641899716,0.0365107914282472,-0.0026462392744041,0.0023515219272543,-0.0023515219272543
VTC_2019-04-17,VTC,2019-04-17,83.2300033569336,83.37999725341797,83.2300033569336,83.31500244140625,10600.0,0.0356122511105534,0.0393587654086922,0.0374855082596228,0.0002521637028807,0.0023515292035192,-0.0023515292035192
VTC_2019-04-18,VTC,2019-04-18,83.38999938964844,83.45999908447266,83.37000274658203,83.4000015258789,13600.0,0.0353431910972308,0.040315366328568,0.0378292787128994,0.0010202134307375,0.0023504690384554,-0.0023504690384554
VTC_2019-04-22,VTC,2019-04-22,83.41000366210938,83.41000366210938,83.28299713134766,83.31999969482422,10500.0,0.0325938427790699,0.0409145056005446,0.0367541741898073,-0.0009592545514506,0.0023534301054339,-0.0023534301054339
VTC_2019-04-23,VTC,2019-04-23,83.41999816894531,83.55500030517578,83.38800048828125,83.4800033569336,16300.0,0.0331683193558676,0.0428482220413914,0.0380082706986295,0.0019203512085383,0.0023577230772968,-0.0023577230772968
VTC_2019-04-24,VTC,2019-04-24,83.66999816894531,83.86000061035156,83.66999816894531,83.82499694824219,10100.0,0.0350043111402633,0.048205522929779,0.0416049170350212,0.0041326494661662,0.0023904821322622,-0.0023904821322622
VTC_2019-04-25,VTC,2019-04-25,83.80000305175781,83.81999969482422,83.66000366210938,83.70999908447266,8900.0,0.032169778750281,0.0469377079889512,0.0395537433696161,-0.0013718803215768,0.002400231896901,-0.002400231896901
VTC_2019-04-26,VTC,2019-04-26,83.87000274658203,84.0,83.87000274658203,83.97000122070312,11300.0,0.035056600710952,0.0509386685494115,0.0429976346301818,0.0031059866094145,0.0024223027134295,-0.0024223027134295
VTC_2019-04-29,VTC,2019-04-29,83.9000015258789,83.9000015258789,83.70999908447266,83.77999877929688,16500.0,0.032485478632072,0.0467266094576466,0.0396060440448593,-0.002262741915495,0.0024478224923082,-0.0024478224923082
VTC_2019-04-30,VTC,2019-04-30,83.81999969482422,83.90799713134766,83.72000122070312,83.875,17600.0,0.0331087939848189,0.0483720127422002,0.0407404033635095,0.0011339367639928,0.0024490822764867,-0.0024490822764867
VTC_2019-05-01,VTC,2019-05-01,83.68000030517578,83.83000183105469,83.48999786376953,83.48999786376953,10000.0,0.0244799687091386,0.042556343500143,0.0335181561046408,-0.0045901894036419,0.0024956693913526,-0.0024956693913526
VTC_2019-05-02,VTC,2019-05-02,83.54000091552734,83.54000091552734,83.25,83.2699966430664,15100.0,0.0134484965037009,0.0405497663894216,0.0269991314465612,-0.0026350608016795,0.0023142073433256,-0.0023142073433256
VTC_2019-05-03,VTC,2019-05-03,83.43000030517578,83.58999633789062,83.38999938964844,83.46099853515625,7800.0,0.0219297221301022,0.0452353762212918,0.033582549175697,0.0022937660596837,0.0021862510147277,-0.0021862510147277
VTC_2019-05-06,VTC,2019-05-06,83.9800033569336,83.9800033569336,83.58899688720703,83.66999816894531,10700.0,0.0247397012286174,0.0494825935444172,0.0371111473865173,0.0025041592774741,0.0022016325340728,-0.0022016325340728
VTC_2019-05-07,VTC,2019-05-07,83.7699966430664,83.7699966430664,83.6729965209961,83.68000030517578,14400.0,0.0222330769759862,0.0525653876475418,0.037399232311764,0.0001195426849451,0.0021840483885808,-0.0021840483885808
VTC_2019-05-08,VTC,2019-05-08,83.76000213623047,83.76000213623047,83.45999908447266,83.45999908447266,16500.0,0.0201687027883987,0.0520609751429657,0.0361148389656822,-0.0026290776756786,0.0022130006935211,-0.0022130006935211
VTC_2019-05-09,VTC,2019-05-09,83.68000030517578,83.68000030517578,83.41999816894531,83.54499816894531,10300.0,0.0213324578494622,0.0517933605988947,0.0365629092241784,0.001018440994549,0.0022139953057308,-0.0022139953057308
VTC_2019-05-10,VTC,2019-05-10,83.55500030517578,83.5999984741211,83.5250015258789,83.5999984741211,2800.0,0.0198231171728902,0.0510434688441294,0.0354332930085098,0.0006583315145278,0.0022023877211551,-0.0022023877211551
VTC_2019-05-13,VTC,2019-05-13,83.72000122070312,83.72000122070312,83.57499694824219,83.6449966430664,5700.0,0.0224549923722841,0.0497615000339435,0.0361082462031138,0.0005382556192179,0.0021818478068037,-0.0021818478068037
VTC_2019-05-14,VTC,2019-05-14,83.6500015258789,83.70999908447266,83.625,83.66999816894531,10500.0,0.0219860188344556,0.0507346609930208,0.0363603399137382,0.0002989004349607,0.0021812465639179,-0.0021812465639179
VTC_2019-05-15,VTC,2019-05-15,83.98999786376953,83.98999786376953,83.6500015258789,83.86000061035156,11100.0,0.0258982970105703,0.0529884637499336,0.0394433803802519,0.0022708550921992,0.0021807329094797,-0.0021807329094797
VTC_2019-05-16,VTC,2019-05-16,83.86000061035156,83.88999938964844,83.75599670410156,83.87999725341797,21500.0,0.0244259900719099,0.0527108048714373,0.0385683974716736,0.0002384526940242,0.0021747668401071,-0.0021747668401071
VTC_2019-05-17,VTC,2019-05-17,83.94999694824219,83.94999694824219,83.7699966430664,83.84600067138672,12800.0,0.0236356601479792,0.053871332884801,0.0387534965163901,-0.000405300228236,0.0021770479841912,-0.0021770479841912
VTC_2019-05-20,VTC,2019-05-20,83.9000015258789,83.97000122070312,83.63999938964844,83.73999786376953,4900.0,0.0228035706531331,0.0553909707662798,0.0390972707097064,-0.0012642559784412,0.0021844081200288,-0.0021844081200288
VTC_2019-05-21,VTC,2019-05-21,83.7300033569336,83.7300033569336,83.55999755859375,83.55999755859375,18300.0,0.0211413380035208,0.0547840983465728,0.0379627181750468,-0.0021495140884599,0.002204521833869,-0.002204521833869
VTC_2019-05-22,VTC,2019-05-22,83.80999755859375,83.83000183105469,83.59500122070312,83.80000305175781,43700.0,0.0254904133776612,0.0567465299725515,0.0411184716751064,0.002872253472671,0.0022162343354212,-0.0022162343354212
VTC_2019-05-23,VTC,2019-05-23,83.91999816894531,84.04199981689453,83.81500244140625,83.9800033569336,19800.0,0.0239840373714093,0.0604874449785695,0.0422357411749894,0.0021479749238744,0.0021893040443566,-0.0021893040443566
VTC_2019-05-24,VTC,2019-05-24,84.12999725341797,84.31999969482422,83.9000015258789,84.23999786376953,12000.0,0.0266909778251958,0.0622950141475715,0.0444929959863836,0.0030959096980611,0.0022159121233473,-0.0022159121233473
VTC_2019-05-28,VTC,2019-05-28,84.43000030517578,84.43000030517578,84.06999969482422,84.23999786376953,12200.0,0.025503698415209,0.060289504084535,0.042896601249872,0.0,0.0022145005859542,-0.0022145005859542
VTC_2019-05-29,VTC,2019-05-29,84.2300033569336,84.44000244140625,84.16000366210938,84.38999938964844,15400.0,0.0297742834932295,0.0632480341356998,0.0465111588144646,0.0017806449392541,0.0021922450575041,-0.0021922450575041
VTC_2019-05-30,VTC,2019-05-30,84.37999725341797,84.5999984741211,84.29900360107422,84.58000183105469,11400.0,0.0324707485542614,0.0656419163938735,0.0490563324740674,0.0022514805401165,0.0022009661043017,-0.0022009661043017
VTC_2019-05-31,VTC,2019-05-31,84.6500015258789,84.79100036621094,84.5250015258789,84.79000091552734,19100.0,0.0398577380857143,0.0680186618893337,0.053938199987524,0.0024828455891041,0.0021134212866154,-0.0021134212866154
VTC_2019-06-03,VTC,2019-06-03,84.69000244140625,84.95999908447266,84.5199966430664,84.83999633789062,21800.0,0.0391200116245331,0.0678951394708189,0.053507575547676,0.0005896381863834,0.0021116440090819,-0.0021116440090819
VTC_2019-06-04,VTC,2019-06-04,84.6500015258789,84.9469985961914,84.60399627685547,84.7020034790039,13900.0,0.0363636363636363,0.0677171501822186,0.0520403932729275,-0.0016265071292216,0.002129603461631,-0.002129603461631
VTC_2019-06-05,VTC,2019-06-05,84.83999633789062,84.87999725341797,84.69999694824219,84.79000091552734,6700.0,0.0359193951889418,0.0700404240456877,0.0529799096173148,0.0010389061994886,0.002127366686275,-0.002127366686275
VTC_2019-06-06,VTC,2019-06-06,84.79000091552734,84.85800170898438,84.70999908447266,84.73400115966797,5700.0,0.0325859575996805,0.0720394759385945,0.0523127167691375,-0.0006604523558758,0.0021171751546763,-0.0021171751546763
VTC_2019-06-07,VTC,2019-06-07,85.11000061035156,85.25599670410156,85.02999877929688,85.22000122070312,26700.0,0.0385717007343391,0.0752498834740276,0.0569107921041833,0.0057355967425563,0.0022155715643063,-0.0022155715643063
VTC_2019-06-10,VTC,2019-06-10,85.08000183105469,85.08999633789062,84.9000015258789,84.98400115966797,9900.0,0.0342461123698327,0.071650135767084,0.0529481240684583,-0.00276930365706,0.0022533290287822,-0.0022533290287822
VTC_2019-06-11,VTC,2019-06-11,84.83999633789062,85.02999877929688,84.83999633789062,84.94000244140625,4000.0,0.0305876528755493,0.0694904998324186,0.0500390763539839,-0.0005177294274372,0.002234269198482,-0.002234269198482
VTC_2019-06-12,VTC,2019-06-12,84.98500061035156,85.00900268554688,84.80999755859375,84.94999694824219,8000.0,0.0318230907192722,0.0673451546296881,0.0495841226744802,0.0001176654879757,0.0022258562024942,-0.0022258562024942
VTC_2019-06-13,VTC,2019-06-13,84.98999786376953,85.25599670410156,84.98999786376953,85.19000244140625,10400.0,0.0358706791617795,0.0684811094266413,0.0521758942942104,0.0028252560539854,0.0022353509365097,-0.0022353509365097
VTC_2019-06-14,VTC,2019-06-14,85.12999725341797,85.27999877929688,85.12999725341797,85.23999786376953,16300.0,0.0346543139346902,0.0697790855584696,0.0522166997465799,0.0005868695965547,0.0022300624448674,-0.0022300624448674
VTC_2019-06-17,VTC,2019-06-17,85.19999694824219,85.37999725341797,85.18900299072266,85.26399993896484,24900.0,0.0346316727342614,0.0679626578404029,0.0512971652873321,0.0002815823063917,0.0022301021257983,-0.0022301021257983
VTC_2019-06-18,VTC,2019-06-18,85.70999908447266,85.7699966430664,85.5999984741211,85.65699768066406,11600.0,0.0388963111112674,0.0716501608109894,0.0552732359611284,0.0046091872534779,0.0022881485048236,-0.0022881485048236
VTC_2019-06-19,VTC,2019-06-19,85.61000061035156,86.1500015258789,85.47000122070312,86.08000183105469,6800.0,0.0387353563181225,0.0763633012507558,0.0575493287844391,0.0049383490181107,0.0022833038664404,-0.0022833038664404
VTC_2019-06-20,VTC,2019-06-20,86.25,86.5999984741211,86.25,86.49500274658203,13500.0,0.0422340640201734,0.0787737665071686,0.060503915263671,0.0048211071874957,0.0023421565193654,-0.0023421565193654
VTC_2019-06-21,VTC,2019-06-21,86.33999633789062,86.33999633789062,86.0999984741211,86.2770004272461,7100.0,0.0346824754683199,0.0740320983522293,0.0543572869102746,-0.0025204036350475,0.0023160478504266,-0.0023160478504266
VTC_2019-06-24,VTC,2019-06-24,86.44000244140625,86.58000183105469,86.37100219726562,86.4800033569336,9200.0,0.0338933209115286,0.0820821488774421,0.0579877348944853,0.0023529205776999,0.0023043093916648,-0.0023043093916648
VTC_2019-06-25,VTC,2019-06-25,86.55999755859375,86.58999633789062,86.31999969482422,86.38999938964844,16300.0,0.0325086802943503,0.0820391201427108,0.0572739002185306,-0.0010407488875049,0.002312659549137,-0.002312659549137
VTC_2019-06-26,VTC,2019-06-26,86.36000061035156,86.36000061035156,86.0199966430664,86.21499633789062,18900.0,0.0300969845404852,0.0832799140536755,0.0566884492970803,-0.0020257327583542,0.002334546485153,-0.002334546485153
VTC_2019-06-27,VTC,2019-06-27,86.4000015258789,86.61000061035156,86.2750015258789,86.5,7200.0,0.0324659973780672,0.0892834153245811,0.0608747063513241,0.0033057318821008,0.0023608471364885,-0.0023608471364885
VTC_2019-06-28,VTC,2019-06-28,86.5999984741211,86.73999786376953,86.50599670410156,86.73999786376953,17500.0,0.035577789536016,0.0905067507878205,0.0630422701619183,0.0027745417776825,0.0023759092129338,-0.0023759092129338
VTC_2019-07-01,VTC,2019-07-01,86.66000366210938,86.70999908447266,86.36299896240234,86.58999633789062,13400.0,0.0409328470184597,0.0853597099873728,0.0631462785029163,-0.0017293236058697,0.0021986133183277,-0.0021986133183277
VTC_2019-07-02,VTC,2019-07-02,86.58999633789062,86.86000061035156,86.5,86.86000061035156,25500.0,0.0433007444100972,0.0857500076293944,0.0645253760197458,0.0031181924457801,0.002220590234109,-0.002220590234109
VTC_2019-07-03,VTC,2019-07-03,86.80000305175781,87.0199966430664,86.76000213623047,87.01000213623047,7300.0,0.0466739445567943,0.0855895256363357,0.066131735096565,0.0017269344327062,0.0022067507930886,-0.0022067507930886
VTC_2019-07-05,VTC,2019-07-05,86.5,86.52999877929688,86.12999725341797,86.45999908447266,14700.0,0.0404957917364003,0.0768464080033668,0.0586710998698836,-0.0063211474342533,0.002375029261161,-0.002375029261161
VTC_2019-07-08,VTC,2019-07-08,86.6500015258789,86.6500015258789,86.23999786376953,86.33899688720703,16500.0,0.0369804788851517,0.0775537833036759,0.0572671310944138,-0.0013995165226338,0.0023822171512973,-0.0023822171512973
VTC_2019-07-09,VTC,2019-07-09,86.30000305175781,86.30000305175781,86.1500015258789,86.1500015258789,21900.0,0.0344372604534763,0.0746049333687732,0.0545210969111248,-0.0021889918593219,0.0024073688003377,-0.0024073688003377
VTC_2019-07-10,VTC,2019-07-10,86.33000183105469,86.44999694824219,86.2249984741211,86.33000183105469,9000.0,0.0351940200987141,0.0761655512013965,0.0556797856500553,0.0020893824955037,0.0024131380244149,-0.0024131380244149
VTC_2019-07-11,VTC,2019-07-11,86.37999725341797,86.37999725341797,85.76000213623047,85.95999908447266,23900.0,0.0275904777583158,0.0678260755835111,0.0477082766709134,-0.0042859114877132,0.0024665023241,-0.0024665023241
VTC_2019-07-12,VTC,2019-07-12,85.86000061035156,86.08999633789062,85.86000061035156,86.05500030517578,13500.0,0.0289352317466728,0.0714019003005688,0.0501685660236208,0.0011051794057113,0.0024665494368696,-0.0024665494368696
VTC_2019-07-15,VTC,2019-07-15,85.97000122070312,86.16699981689453,85.97000122070312,86.1500015258789,17600.0,0.0309957401024216,0.0705853140177963,0.050790527060109,0.0011039593325921,0.0024617278750506,-0.0024617278750506
VTC_2019-07-16,VTC,2019-07-16,85.9800033569336,86.0,85.83999633789062,85.947998046875,26700.0,0.0291324753039288,0.0691379363033339,0.0491352058036314,-0.0023447878749395,0.0024842869686895,-0.0024842869686895
VTC_2019-07-17,VTC,2019-07-17,86.0,86.36900329589844,86.0,86.2699966430664,9500.0,0.0357288396595159,0.0732769294713802,0.054502884565448,0.0037464350945766,0.0024859635480379,-0.0024859635480379
VTC_2019-07-18,VTC,2019-07-18,86.41000366210938,86.68000030517578,86.26599884033203,86.68000030517578,9300.0,0.0403888587308878,0.0774394480206344,0.0589141533757611,0.0047525637888421,0.0025410133874489,-0.0025410133874489
VTC_2019-07-19,VTC,2019-07-19,86.4800033569336,86.58000183105469,86.0009994506836,86.45099639892578,22300.0,0.0365826716693782,0.0732188111222671,0.0549007413958226,-0.0026419463018428,0.0025736648363825,-0.0025736648363825
VTC_2019-07-22,VTC,2019-07-22,86.69999694824219,86.69999694824219,86.48999786376953,86.5999984741211,26600.0,0.0393662841011823,0.0732432253550423,0.0563047547281123,0.0017235437577578,0.0025700832511851,-0.0025700832511851
VTC_2019-07-23,VTC,2019-07-23,86.61000061035156,86.72000122070312,86.53800201416016,86.72000122070312,19500.0,0.0388116642726563,0.073267301303852,0.0560394827882542,0.0013857130334464,0.0025665882186596,-0.0025665882186596
VTC_2019-07-24,VTC,2019-07-24,86.7300033569336,86.80000305175781,86.66999816894531,86.77999877929688,9900.0,0.0352520362497508,0.0714903206352284,0.0533711784424896,0.0006918537563329,0.0025266707102673,-0.0025266707102673
VTC_2019-07-25,VTC,2019-07-25,86.75,86.75,86.5,86.66000366210938,124600.0,0.0352407670517334,0.0685442334810588,0.0518925002663961,-0.0013827508512955,0.0025268046641624,-0.0025268046641624
VTC_2019-07-26,VTC,2019-07-26,86.69000244140625,86.7300033569336,86.66999816894531,86.7300033569336,8900.0,0.0328689067060532,0.0690777795552048,0.050973343130629,0.0008077508869852,0.0025058560096047,-0.0025058560096047
VTC_2019-07-29,VTC,2019-07-29,86.83000183105469,86.86499786376953,86.66999816894531,86.80000305175781,19200.0,0.0360468407312417,0.069703318237642,0.0528750794844419,0.0008070989520909,0.0024806600413573,-0.0024806600413573
VTC_2019-07-30,VTC,2019-07-30,86.70999908447266,86.70999908447266,86.55000305175781,86.6500015258789,11700.0,0.0330849660313432,0.0672891633404884,0.0501870646859158,-0.00172812811757,0.0024962364210261,-0.0024962364210261
VTC_2019-07-31,VTC,2019-07-31,86.75,87.0,86.5,86.79000091552734,28600.0,0.0395257292633115,0.0649732865880219,0.0522495079256667,0.0016156882536999,0.0024123710864521,-0.0024123710864521
VTC_2019-08-01,VTC,2019-08-01,86.7699966430664,87.18000030517578,86.68900299072266,87.11000061035156,13900.0,0.0461150969387591,0.060183772162409,0.053149434550584,0.0036870571661322,0.0024063384371082,-0.0024063384371082
VTC_2019-08-02,VTC,2019-08-02,87.19999694824219,87.27999877929688,87.08000183105469,87.24500274658203,24000.0,0.0453385926101979,0.0682625774780119,0.0568005850441049,0.0015497891778735,0.0024003021354239,-0.0024003021354239
VTC_2019-08-05,VTC,2019-08-05,87.63999938964844,87.63999938964844,87.25900268554688,87.41999816894531,26900.0,0.044818932497501,0.0706674407254923,0.0577431866114966,0.0020057930752961,0.0023950990485385,-0.0023950990485385
VTC_2019-08-06,VTC,2019-08-06,87.5199966430664,87.81999969482422,87.36000061035156,87.80000305175781,16300.0,0.0492352142872447,0.0725629415724082,0.0608990779298265,0.0043468873343843,0.0024374453409932,-0.0024374453409932
VTC_2019-08-07,VTC,2019-08-07,88.12999725341797,88.22000122070312,87.84500122070312,87.88500213623047,29800.0,0.0530194476431651,0.074257483913084,0.0636384657781246,0.00096809887834,0.0023984500463243,-0.0023984500463243
VTC_2019-08-08,VTC,2019-08-08,87.72000122070312,87.98999786376953,87.51000213623047,87.94999694824219,12800.0,0.0527260623118222,0.0751832966631194,0.0639546794874708,0.0007395438406085,0.0023983412397561,-0.0023983412397561
VTC_2019-08-09,VTC,2019-08-09,88.01000213623047,88.01000213623047,87.75,87.75499725341797,16600.0,0.0497009432432355,0.0705092880376396,0.0601051156404376,-0.00221716545299,0.0024286144311287,-0.0024286144311287
VTC_2019-08-12,VTC,2019-08-12,88.02999877929688,88.23999786376953,87.9000015258789,88.2300033569336,16100.0,0.0548150743962909,0.0785009388460298,0.0666580066211603,0.0054128667128083,0.002497680546027,-0.002497680546027
VTC_2019-08-13,VTC,2019-08-13,88.30999755859375,88.30999755859375,88.01100158691406,88.20500183105469,14100.0,0.0542010728021333,0.0773787574440643,0.0657899151230988,-0.0002833676179039,0.0025008299036784,-0.0025008299036784
VTC_2019-08-14,VTC,2019-08-14,88.4800033569336,88.4800033569336,88.25,88.45999908447266,22700.0,0.0548533083787419,0.0821722126617172,0.0685127605202295,0.0028909613754828,0.0025077581170512,-0.0025077581170512
VTC_2019-08-15,VTC,2019-08-15,88.41000366210938,88.87999725341797,88.41000366210938,88.73799896240234,34300.0,0.0579160928475879,0.0837567408283967,0.0708364168379923,0.003142662003243,0.0025229616332499,-0.0025229616332499
VTC_2019-08-16,VTC,2019-08-16,88.6500015258789,88.93000030517578,88.5,88.77999877929688,17600.0,0.0588459564964549,0.083872479673267,0.071359218084861,0.0004733013746718,0.0025180693124164,-0.0025180693124164
VTC_2019-08-19,VTC,2019-08-19,88.33000183105469,88.66000366210938,88.33000183105469,88.54000091552734,33300.0,0.0573203149535135,0.0814309934585488,0.0693756542060312,-0.0027032875317576,0.0025445089781464,-0.0025445089781464
VTC_2019-08-20,VTC,2019-08-20,88.83000183105469,88.9000015258789,88.73500061035156,88.9000015258789,14200.0,0.0639062245489014,0.0863986256461397,0.0751524250975206,0.0040659657401067,0.0025453202600459,-0.0025453202600459
VTC_2019-08-21,VTC,2019-08-21,88.91999816894531,89.19999694824219,88.9000015258789,89.08999633789062,36000.0,0.0631264092301466,0.0902259408741317,0.0766761750521392,0.0021371744516383,0.0025382134592613,-0.0025382134592613
VTC_2019-08-22,VTC,2019-08-22,89.0,89.0999984741211,88.78500366210938,88.87999725341797,20000.0,0.058347150519372,0.083730588129353,0.0710388693243625,-0.0023571567303268,0.0025679305623301,-0.0025679305623301
VTC_2019-08-23,VTC,2019-08-23,88.72000122070312,89.18000030517578,88.72000122070312,88.98999786376953,11400.0,0.0563865161497458,0.0845825052271347,0.0704845106884403,0.0012376306677635,0.0025529735849147,-0.0025529735849147
VTC_2019-08-26,VTC,2019-08-26,89.2300033569336,89.31999969482422,88.98500061035156,89.06999969482422,24800.0,0.05733620552633,0.0843021892355548,0.0708191973809424,0.0008989980107332,0.0025505192471508,-0.0025505192471508
VTC_2019-08-27,VTC,2019-08-27,89.16999816894531,89.56999969482422,89.16999816894531,89.38500213623047,20700.0,0.0591895104006214,0.0907261191563444,0.0749578147784829,0.0035365717130966,0.002569945488365,-0.002569945488365
VTC_2019-08-28,VTC,2019-08-28,89.75,89.75,89.5,89.51000213623047,15600.0,0.0582880136964676,0.0926514176871944,0.075469715691831,0.0013984448958168,0.0025650405637668,-0.0025650405637668
VTC_2019-08-29,VTC,2019-08-29,89.44999694824219,89.55999755859375,89.125,89.34500122070312,26600.0,0.0537209606792401,0.0957198947454207,0.0747204277123304,-0.0018433796401459,0.0025799271062224,-0.0025799271062224
VTC_2019-08-30,VTC,2019-08-30,89.27999877929688,89.37000274658203,89.08000183105469,89.37000274658203,30800.0,0.0533947030201396,0.0946035160475091,0.0739991095338243,0.0002798312780492,0.0025806959590034,-0.0025806959590034
VTC_2019-09-03,VTC,2019-09-03,89.20999908447266,89.20999908447266,88.77999877929688,89.0,31200.0,0.0507425603228084,0.0889513806981834,0.0698469705104959,-0.0041401223588547,0.0026380691778063,-0.0026380691778063
VTC_2019-09-04,VTC,2019-09-04,89.0,89.2229995727539,88.92500305175781,89.15499877929688,17400.0,0.0514801016232822,0.0892486309267976,0.0703643662750399,0.0017415593179423,0.0026406251508716,-0.0026406251508716
VTC_2019-09-05,VTC,2019-09-05,88.94999694824219,89.19999694824219,88.5,88.58000183105469,42900.0,0.0453891073093495,0.0794541124352998,0.0624216098723247,-0.006449407841568,0.0027888468575819,-0.0027888468575819
VTC_2019-09-06,VTC,2019-09-06,88.83000183105469,88.94000244140625,88.71499633789062,88.93000030517578,20600.0,0.0435343702338666,0.0837852656685242,0.0636598179511954,0.0039512132184038,0.002745697160017,-0.002745697160017
VTC_2019-09-09,VTC,2019-09-09,88.5999984741211,88.5999984741211,88.30000305175781,88.30000305175781,34700.0,0.0390191312110586,0.0746014971329185,0.0568103141719885,-0.0070841926375356,0.0028834938892702,-0.0028834938892702
VTC_2019-09-10,VTC,2019-09-10,88.20999908447266,88.2300033569336,87.64099884033203,87.6500015258789,32500.0,0.0319048623331754,0.0634684100628142,0.0476866361979948,-0.0073612854293776,0.0030507874607574,-0.0030507874607574
VTC_2019-09-11,VTC,2019-09-11,87.66999816894531,87.76000213623047,87.61000061035156,87.64800262451172,20900.0,0.0317599267003312,0.0645937164482255,0.0481768215742783,-2.280549152755551e-05,0.0030511251084867,-0.0030511251084867
VTC_2019-09-12,VTC,2019-09-12,88.05000305175781,88.05000305175781,87.41999816894531,87.50399780273438,31500.0,0.0271627573073458,0.0640077830216465,0.0455852701644962,-0.001642990341654,0.0030481569319448,-0.0030481569319448
VTC_2019-09-13,VTC,2019-09-13,87.16000366210938,87.29499816894531,86.69999694824219,86.75,42200.0,0.0177147134452508,0.0529829186209358,0.0353488160330933,-0.0086167240545301,0.0032541128063269,-0.0032541128063269
VTC_2019-09-16,VTC,2019-09-16,87.02999877929688,87.16000366210938,86.93000030517578,87.12999725341797,23900.0,0.0218849375561651,0.0572745222856816,0.0395797299209234,0.0043803717973252,0.0032947838911657,-0.0032947838911657
VTC_2019-09-17,VTC,2019-09-17,87.0999984741211,87.58999633789062,87.0,87.3550033569336,15400.0,0.0198233153419622,0.0594906802940273,0.0396569978179948,0.0025824183473941,0.0032622503123756,-0.0032622503123756
VTC_2019-09-18,VTC,2019-09-18,87.63999938964844,87.87000274658203,87.41300201416016,87.62000274658203,18000.0,0.0178903448277083,0.0573186900273865,0.0376045174275474,0.003033591431113,0.0032273680939653,-0.0032273680939653
VTC_2019-09-19,VTC,2019-09-19,88.0,88.0,87.75,87.75,14500.0,0.0145094770052198,0.057356335206131,0.0359329061056754,0.001483648132196,0.0031787619379883,-0.0031787619379883
VTC_2019-09-20,VTC,2019-09-20,87.97000122070312,88.23400115966797,87.9000015258789,88.23400115966797,11400.0,0.0226827627609995,0.0581519325923316,0.0404173476766656,0.0055156827312587,0.0032273292105313,-0.0032273292105313
VTC_2019-09-23,VTC,2019-09-23,88.5999984741211,88.61000061035156,88.2300033569336,88.24600219726562,27300.0,0.0204208923656388,0.0550063451354159,0.0377136187505273,0.0001360137525208,0.0032173329995072,-0.0032173329995072
VTC_2019-09-24,VTC,2019-09-24,88.4000015258789,88.55999755859375,88.4000015258789,88.52899932861328,10700.0,0.0247598096316359,0.0580733986614501,0.041416604146543,0.0032069116368018,0.0032326993121449,-0.0032326993121449
VTC_2019-09-25,VTC,2019-09-25,88.41000366210938,88.4219970703125,88.04000091552734,88.14900207519531,11800.0,0.0224323588639383,0.053204489762358,0.0378184243131481,-0.0042923477764325,0.003272426577376,-0.003272426577376
VTC_2019-09-26,VTC,2019-09-26,88.29000091552734,88.4000015258789,88.24199676513672,88.30000305175781,11900.0,0.0208092838353504,0.0539508753678554,0.0373800796016029,0.001713019694014,0.003255390332783,-0.003255390332783
VTC_2019-09-27,VTC,2019-09-27,88.3499984741211,88.52999877929688,88.25,88.33000183105469,27700.0,0.0183306894909354,0.0545606444397099,0.0364456669653227,0.0003397370131379,0.0032403454400862,-0.0032403454400862
VTC_2019-09-30,VTC,2019-09-30,88.26000213623047,88.53099822998047,88.19200134277344,88.45999908447266,17900.0,0.0215960598876217,0.063412895121663,0.0425044775046423,0.0014717225260179,0.0032332033788706,-0.0032332033788706
VTC_2019-10-01,VTC,2019-10-01,88.04000091552734,88.5999984741211,87.8499984741211,88.4000015258789,27500.0,0.0177296903604191,0.0617981435612828,0.039763916960851,-0.0006782450736457,0.0032160038607636,-0.0032160038607636
VTC_2019-10-02,VTC,2019-10-02,88.44000244140625,88.45999908447266,88.22000122070312,88.38999938964844,17000.0,0.0158602139930685,0.0632744172984343,0.0395673156457514,-0.0001131463354957,0.003211040626219,-0.003211040626219
VTC_2019-10-03,VTC,2019-10-03,88.43000030517578,88.86000061035156,88.43000030517578,88.7300033569336,21300.0,0.0262549652613703,0.0678139726030415,0.0470344689322059,0.0038466338910845,0.0031296807488453,-0.0031296807488453
VTC_2019-10-04,VTC,2019-10-04,88.86000061035156,89.0,88.83000183105469,88.94000244140625,20400.0,0.030125501198458,0.0682200355445838,0.0491727683715209,0.0023667201231571,0.0031304071931708,-0.0031304071931708
VTC_2019-10-07,VTC,2019-10-07,88.80999755859375,88.93599700927734,88.62999725341797,88.81999969482422,28000.0,0.0309924332171167,0.066496988165378,0.0487447106912474,-0.0013492550403412,0.0031206490455171,-0.0031206490455171
VTC_2019-10-08,VTC,2019-10-08,88.79000091552734,88.91999816894531,88.62999725341797,88.65499877929688,44100.0,0.0269315058372423,0.0630733538936809,0.0450024298654616,-0.0018577000235787,0.0031276227534075,-0.0031276227534075
VTC_2019-10-09,VTC,2019-10-09,88.87000274658203,89.0,88.47000122070312,88.97799682617188,41400.0,0.0351093272899345,0.0636684881619527,0.0493889077259436,0.0036433145487835,0.0030942840444087,-0.0030942840444087
VTC_2019-10-10,VTC,2019-10-10,88.41000366210938,88.54000091552734,88.08999633789062,88.08999633789062,28300.0,0.0236476210039877,0.0532671021446684,0.0384573615743281,-0.0099800008986048,0.0033656342681348,-0.0033656342681348
VTC_2019-10-11,VTC,2019-10-11,88.0,88.19999694824219,87.73999786376953,87.90499877929688,38700.0,0.0203714129115921,0.0519985800341404,0.0361849964728663,-0.0021000972446876,0.0033786496035807,-0.0033786496035807
VTC_2019-10-14,VTC,2019-10-14,87.97000122070312,88.26799774169922,87.97000122070312,88.18000030517578,9800.0,0.0259692175387664,0.0558582404313059,0.0409137289850362,0.0031283946271287,0.0033792395161784,-0.0033792395161784
VTC_2019-10-15,VTC,2019-10-15,88.19999694824219,88.25,87.91999816894531,87.91999816894531,31100.0,0.0191260181996484,0.0555382082967446,0.0373321132481965,-0.0029485386179478,0.0033779795709828,-0.0033779795709828
VTC_2019-10-16,VTC,2019-10-16,88.01000213623047,88.21900177001953,87.9800033569336,87.9800033569336,28500.0,0.0149977278170381,0.0559923276580127,0.0354950277375254,0.0006824976027977,0.0033301562492886,-0.0033301562492886
VTC_2019-10-17,VTC,2019-10-17,88.11000061035156,88.33000183105469,88.05999755859375,88.16000366210938,16700.0,0.0197685085698424,0.0570743650976246,0.0384214368337335,0.0020459229177967,0.0033170295525953,-0.0033170295525953
VTC_2019-10-18,VTC,2019-10-18,88.12999725341797,88.3740005493164,88.12999725341797,88.2300033569336,13000.0,0.0188222276158538,0.0589294728767788,0.0388758502463163,0.0007940073946968,0.0033127331056712,-0.0033127331056712
VTC_2019-10-21,VTC,2019-10-21,88.12999725341797,88.19000244140625,88.01000213623047,88.05000305175781,26500.0,0.0153367367658334,0.0547436453168834,0.0350401910413584,-0.002040125788589,0.0033227501646931,-0.0033227501646931
VTC_2019-10-22,VTC,2019-10-22,88.3499984741211,88.36000061035156,88.15499877929688,88.20999908447266,9800.0,0.0164784550045065,0.0523113903474161,0.0343949226759613,0.0018171042267971,0.0033281995118177,-0.0033281995118177
VTC_2019-10-23,VTC,2019-10-23,88.41000366210938,88.41000366210938,88.26799774169922,88.2750015258789,12800.0,0.0186360234886033,0.0545335383028693,0.0365847808957363,0.0007369055898527,0.0033219823797843,-0.0033219823797843
VTC_2019-10-24,VTC,2019-10-24,88.43000030517578,88.58000183105469,88.31999969482422,88.31999969482422,21300.0,0.018332713897716,0.0518041968665421,0.0350684553821291,0.0005097498517983,0.0033214577860277,-0.0033214577860277
VTC_2019-10-25,VTC,2019-10-25,88.43000030517578,88.45999908447266,88.16000366210938,88.20999908447266,42400.0,0.0162441933541648,0.0528765859360516,0.0345603896451082,-0.0012454779294797,0.0033264052848885,-0.0033264052848885
VTC_2019-10-28,VTC,2019-10-28,88.16000366210938,88.16000366210938,87.98999786376953,88.06999969482422,40900.0,0.016387745458045,0.0500148994911977,0.0332013224746213,-0.0015871147387085,0.003325092236191,-0.003325092236191
VTC_2019-10-29,VTC,2019-10-29,88.05000305175781,88.05000305175781,87.87000274658203,87.87999725341797,27800.0,0.0125590082543209,0.0525811414777084,0.0325700748660147,-0.0021574025441652,0.0033343112664164,-0.0033343112664164
VTC_2019-10-30,VTC,2019-10-30,87.87000274658203,88.1969985961914,87.74800109863281,88.08999633789062,14200.0,0.0112500943711693,0.0578839905024251,0.0345670424367972,0.0023896118688657,0.0033164074967666,-0.0033164074967666
VTC_2019-10-31,VTC,2019-10-31,88.4800033569336,88.7300033569336,88.41999816894531,88.63500213623047,10800.0,0.0159321376112042,0.0619930709179663,0.0389626042645853,0.0061869204336135,0.0033976940268006,-0.0033976940268006
VTC_2019-11-01,VTC,2019-11-01,88.5199966430664,88.55899810791016,88.36599731445312,88.47000122070312,31700.0,0.0120110166294971,0.057368270070542,0.0346896433500195,-0.0018615773853509,0.0034005167546648,-0.0034005167546648
VTC_2019-11-04,VTC,2019-11-04,88.23999786376953,88.23999786376953,87.98999786376953,87.98999786376953,43700.0,0.0021639499476977,0.0515057067743243,0.026834828361011,-0.0054256058586021,0.0034308364039705,-0.0034308364039705
VTC_2019-11-05,VTC,2019-11-05,87.97000122070312,87.97000122070312,87.58000183105469,87.6500015258789,29700.0,-0.0026739557904008,0.050203720193735,0.0237648822016671,-0.0038640339373234,0.0034636131005658,-0.0034636131005658
VTC_2019-11-06,VTC,2019-11-06,87.95999908447266,88.0999984741211,87.76000213623047,87.94999694824219,17200.0,0.0,0.0527260623118222,0.0263630311559111,0.003422651650208,0.003489708028526,-0.003489708028526
VTC_2019-11-07,VTC,2019-11-07,87.7300033569336,87.80999755859375,87.36000061035156,87.59500122070312,36400.0,-0.0018232127824334,0.047787115065782,0.0229819511416742,-0.0040363358710288,0.0035158290602338,-0.0035158290602338
VTC_2019-11-08,VTC,2019-11-08,87.47000122070312,87.68699645996094,87.3499984741211,87.3499984741211,79200.0,-0.009973986731616,0.0442943628399536,0.0171601880541688,-0.0027969946134794,0.0034628534823129,-0.0034628534823129
VTC_2019-11-11,VTC,2019-11-11,87.58000183105469,87.58000183105469,87.27999877929688,87.37699890136719,14500.0,-0.0093872559662028,0.0443050174918941,0.0174588807628456,0.0003091062131397,0.0034632987268674,-0.0034632987268674
VTC_2019-11-12,VTC,2019-11-12,87.5,87.5999984741211,87.25,87.47000122070312,193900.0,-0.0111914749493062,0.0430479440028284,0.015928234526761,0.001064379876916,0.0034450810723129,-0.0034450810723129
VTC_2019-11-13,VTC,2019-11-13,87.69000244140625,87.78700256347656,87.61000061035156,87.63999938964844,27900.0,-0.0123734993530688,0.0448259687571372,0.0162262347020342,0.0019435025331298,0.0034297462067176,-0.0034297462067176
VTC_2019-11-14,VTC,2019-11-14,87.98999786376953,88.0979995727539,87.9280014038086,88.05000305175781,16100.0,-0.0082225246404181,0.0501395695287556,0.0209585224441687,0.0046782709375259,0.003483394999814,-0.003483394999814
VTC_2019-11-15,VTC,2019-11-15,88.11000061035156,88.11000061035156,88.0,88.0199966430664,29500.0,-0.0058730999218878,0.0511105670943494,0.0226187335862307,-0.0003407882754276,0.0034678738502426,-0.0034678738502426
VTC_2019-11-18,VTC,2019-11-18,88.19999694824219,88.33799743652344,88.11000061035156,88.1500015258789,26300.0,-0.0084364452995163,0.0549306378816798,0.0232470962910817,0.0014769925899871,0.0034330247768893,-0.0034330247768893
VTC_2019-11-19,VTC,2019-11-19,88.30999755859375,88.36000061035156,88.18000030517578,88.36000061035156,17200.0,-0.0081939135430022,0.0544152433476325,0.0231106649023151,0.0023822924655423,0.0034357719434478,-0.0034357719434478
VTC_2019-11-20,VTC,2019-11-20,88.44000244140625,88.5,88.38400268554688,88.47000122070312,29100.0,-0.0046129168022569,0.0534650831661205,0.0244260831819317,0.0012449140967827,0.0034279856804737,-0.0034279856804737
VTC_2019-11-21,VTC,2019-11-21,88.4000015258789,88.4000015258789,88.23999786376953,88.30000305175781,38400.0,-0.0077536220763596,0.0481956943369585,0.0202210361302994,-0.0019215346060776,0.0034316891031479,-0.0034316891031479
VTC_2019-11-22,VTC,2019-11-22,88.41000366210938,88.48300170898438,88.3489990234375,88.41500091552734,27500.0,-0.0073537530205575,0.0495608162111957,0.0211035315953191,0.0013023540180641,0.0034339921148097,-0.0034339921148097
VTC_2019-11-25,VTC,2019-11-25,88.63999938964844,88.75,88.57499694824219,88.66000366210938,31500.0,-0.0081109633248778,0.0505984631276665,0.0212437499013943,0.0027710540524239,0.0034222100771467,-0.0034222100771467
VTC_2019-11-26,VTC,2019-11-26,89.0,89.0,88.80000305175781,88.86000061035156,50700.0,-0.0072617753364548,0.0506029638997409,0.021670594281643,0.0022557741933373,0.0034300552399265,-0.0034300552399265
VTC_2019-11-27,VTC,2019-11-27,88.76000213623047,88.90499877929688,88.6500015258789,88.90499877929688,16200.0,-0.0049247572376135,0.04853164075171,0.0218034417570482,0.0005063939751994,0.0034236709809946,-0.0034236709809946
VTC_2019-11-29,VTC,2019-11-29,88.81999969482422,88.9000015258789,88.69000244140625,88.9000015258789,14100.0,-0.0052590489678719,0.0478548486944598,0.0212978998632939,-5.620891385837989e-05,0.0034233748339516,-0.0034233748339516
VTC_2019-12-02,VTC,2019-12-02,90.06999969482422,90.06999969482422,88.02999877929688,88.08999633789062,41300.0,-0.0102247602484198,0.0399989695606968,0.0148871046561384,-0.0091114192810501,0.00357256365332,-0.00357256365332
VTC_2019-12-03,VTC,2019-12-03,88.51000213623047,88.86000061035156,88.5,88.73500061035156,21400.0,-0.0047108762794672,0.0465267089542131,0.0209079163373729,0.0073221057926584,0.0036877200467618,-0.0036877200467618
VTC_2019-12-04,VTC,2019-12-04,88.70999908447266,88.70999908447266,88.43800354003906,88.6259994506836,22500.0,0.0005192777001363,0.0459319545607408,0.0232256161304386,-0.0012283896874764,0.0035996176386614,-0.0035996176386614
VTC_2019-12-05,VTC,2019-12-05,88.41000366210938,88.61000061035156,88.41000366210938,88.52999877929688,24300.0,-0.0044979368548998,0.0388406185306369,0.0171713408378685,-0.0010832111567908,0.0035665460899734,-0.0035665460899734
VTC_2019-12-06,VTC,2019-12-06,88.33999633789062,88.62999725341797,88.32499694824219,88.36000061035156,15800.0,0.0006794740262758,0.0397251177235202,0.020202295874898,-0.0019202323651795,0.003460393494379,-0.003460393494379
VTC_2019-12-09,VTC,2019-12-09,88.66000366210938,88.76000213623047,88.43000030517578,88.46499633789062,18100.0,0.0092982863413995,0.0414998092202316,0.0253990477808155,0.0011882721459235,0.0033316323137701,-0.0033316323137701
VTC_2019-12-10,VTC,2019-12-10,88.56999969482422,88.58499908447266,88.41000366210938,88.41999816894531,18000.0,0.0088079080106464,0.0408475732237789,0.0248277406172127,-0.0005086550704579,0.0033326065597782,-0.0033326065597782
VTC_2019-12-11,VTC,2019-12-11,88.58699798583984,88.8219985961914,88.58699798583984,88.7699966430664,29000.0,0.0144678971489513,0.0420236424353019,0.0282457697921266,0.003958363281713,0.0033587606284823,-0.0033587606284823
VTC_2019-12-12,VTC,2019-12-12,88.7699966430664,88.7699966430664,88.19999694824219,88.41500091552734,19700.0,0.0191930941271163,0.0372478077349567,0.0282204509310365,-0.0039990508163074,0.0032095815595666,-0.0032095815595666
VTC_2019-12-13,VTC,2019-12-13,88.52999877929688,88.91999816894531,88.49500274658203,88.7770004272461,23400.0,0.0189028259582955,0.0412014506801932,0.0300521383192443,0.0040943223205369,0.0032039233598796,-0.0032039233598796
VTC_2019-12-16,VTC,2019-12-16,88.75,88.77999877929688,88.55999755859375,88.625,12900.0,0.0145383388960238,0.0346498523144702,0.024594095605247,-0.0017121599796634,0.0032003137302812,-0.0032003137302812
VTC_2019-12-17,VTC,2019-12-17,88.66999816894531,88.7699966430664,88.5999984741211,88.5999984741211,16400.0,0.011184611924442,0.0292750533162429,0.0202298326203425,-0.0002821046643599,0.0031807379462142,-0.0031807379462142
VTC_2019-12-18,VTC,2019-12-18,88.72000122070312,88.72000122070312,88.5,88.5,34500.0,0.0085470085470085,0.0231804981762047,0.0158637533616066,-0.0011286509688858,0.0031805169424977,-0.0031805169424977
VTC_2019-12-19,VTC,2019-12-19,88.56999969482422,88.70999908447266,88.53600311279297,88.5999984741211,22000.0,0.0041480303470633,0.0269248818963507,0.015536456121707,0.0011299262612551,0.003108132042946,-0.003108132042946
VTC_2019-12-20,VTC,2019-12-20,88.5199966430664,88.69999694824219,88.4800033569336,88.63999938964844,91100.0,0.0044647596783145,0.0249768264207828,0.0147207930495486,0.0004514776096642,0.0031084934377704,-0.0031084934377704
VTC_2019-12-23,VTC,2019-12-23,88.62999725341797,88.62999725341797,88.29000091552734,88.3949966430664,50100.0,-0.0015136586492914,0.0232086730823408,0.0108475072165247,-0.0027640201745154,0.0031024971259917,-0.0031024971259917
VTC_2019-12-24,VTC,2019-12-24,88.33000183105469,88.6500015258789,88.33000183105469,88.49600219726562,19900.0,0.0039365178720265,0.0264571821175445,0.0151968499947855,0.0011426614405232,0.0030569926177109,-0.0030569926177109
VTC_2019-12-26,VTC,2019-12-26,88.62000274658203,88.70999908447266,88.4749984741211,88.58899688720703,44500.0,0.0032728632555065,0.0241502530312951,0.0137115581434008,0.001050834926239,0.0030523766196822,-0.0030523766196822
VTC_2019-12-27,VTC,2019-12-27,88.77999877929688,89.33999633789062,88.58999633789062,88.79499816894531,60200.0,0.005264308029564,0.0236914959163738,0.0144779019729689,0.0023253596832184,0.0030655717657512,-0.0030655717657512
VTC_2019-12-30,VTC,2019-12-30,88.48999786376953,88.83999633789062,88.41000366210938,88.83999633789062,51700.0,0.0042956958778068,0.0259845258708646,0.0151401108743357,0.0005067646812684,0.0030609536872387,-0.0030609536872387
VTC_2019-12-31,VTC,2019-12-31,88.66000366210938,88.75,88.5199966430664,88.58399963378906,42000.0,0.002081426524142,0.019848019932342,0.010964723228242,-0.0028815478911988,0.0030821848819139,-0.0030821848819139
VTC_2020-01-02,VTC,2020-01-02,88.83000183105469,88.9800033569336,88.62999725341797,88.68000030517578,73300.0,0.003280924511029,0.0191931746689377,0.0112370495899833,0.001083724733401,0.0030849276045261,-0.0030849276045261
VTC_2020-01-03,VTC,2020-01-03,88.9800033569336,89.12999725341797,88.77999877929688,89.05000305175781,37300.0,0.0036064429473416,0.0299560952430115,0.0167812690951766,0.0041723358740273,0.0030916470267235,-0.0030916470267235
VTC_2020-01-06,VTC,2020-01-06,89.18000030517578,89.18000030517578,88.79000091552734,88.86499786376953,40400.0,-0.000843316568224,0.0292567792959472,0.0142067313638616,-0.0020775427473118,0.0030889097429309,-0.0030889097429309
VTC_2020-01-07,VTC,2020-01-07,88.87000274658203,88.9280014038086,88.58000183105469,88.67500305175781,36200.0,-0.0016324774100945,0.0293093613599113,0.0138384419749084,-0.0021380162783887,0.0030960213026378,-0.0030960213026378
VTC_2020-01-08,VTC,2020-01-08,88.72000122070312,88.87899780273438,88.51000213623047,88.53500366210938,24700.0,-0.0013535065009274,0.0255415473680842,0.0120940204335783,-0.0015787920477061,0.0030935513104838,-0.0030935513104838
VTC_2020-01-09,VTC,2020-01-09,88.52999877929688,88.80999755859375,88.44999694824219,88.77799987792969,42900.0,-0.002247712416283,0.0327826992027744,0.0152674933932456,0.0027446343905705,0.0030784369554043,-0.0030784369554043
VTC_2020-01-10,VTC,2020-01-10,88.91000366210938,89.0999984741211,88.91000366210938,89.0999984741211,27600.0,0.0114655713272635,0.0353843258165924,0.023424948571928,0.0036270089057441,0.0028370271222323,-0.0028370271222323
VTC_2020-01-13,VTC,2020-01-13,89.01000213623047,89.02999877929688,88.89800262451172,88.9000015258789,34900.0,0.0113190689994795,0.031921067339435,0.0216200681694572,-0.0022446346988465,0.0028389625676405,-0.0028389625676405
VTC_2020-01-14,VTC,2020-01-14,89.0,89.05000305175781,88.9000015258789,88.98999786376953,44200.0,0.0091857286889371,0.0353934924142789,0.022289610551608,0.0010123322423614,0.0028159733768314,-0.0028159733768314
VTC_2020-01-15,VTC,2020-01-15,89.2699966430664,89.2699966430664,89.04000091552734,89.22000122070312,41700.0,0.0147862042633322,0.0341950236748249,0.0244906139690785,0.0025845978475658,0.0028040656378147,-0.0028040656378147
VTC_2020-01-16,VTC,2020-01-16,89.19000244140625,89.29900360107422,89.13999938964844,89.19999694824219,42300.0,0.0138667145346551,0.0290724115620006,0.0214695630483279,-0.0002242128691688,0.0028040684670502,-0.0028040684670502
VTC_2020-01-17,VTC,2020-01-17,89.19999694824219,89.30000305175781,89.10299682617188,89.2490005493164,37000.0,0.0123525050132804,0.0323652041843371,0.0223588545988088,0.0005493677438426,0.0027946953934709,-0.0027946953934709
VTC_2020-01-21,VTC,2020-01-21,89.54000091552734,89.63899993896484,89.37000274658203,89.55999755859375,53400.0,0.0150741714956041,0.0341801285984686,0.0246271500470364,0.0034845993497203,0.0028243401662802,-0.0028243401662802
VTC_2020-01-22,VTC,2020-01-22,89.5999984741211,89.83999633789062,89.5999984741211,89.75599670410156,47600.0,0.0193752821489503,0.0350091725168661,0.0271922273329082,0.0021884675173151,0.0028194862584339,-0.0028194862584339
VTC_2020-01-23,VTC,2020-01-23,89.87999725341797,89.9000015258789,89.78500366210938,89.80500030517578,30600.0,0.018081864156644,0.0348582803460535,0.0264700722513487,0.0005459646471952,0.0028130576424658,-0.0028130576424658
VTC_2020-01-24,VTC,2020-01-24,89.95999908447266,90.05999755859375,89.88700103759766,89.93499755859375,44800.0,0.0188048258739275,0.0377912965392166,0.028298061206572,0.0014475502808999,0.0028163080995577,-0.0028163080995577
VTC_2020-01-27,VTC,2020-01-27,90.41999816894533,90.41999816894533,90.0,90.12999725341795,40600.0,0.0204936318483683,0.0392020496354859,0.0298478407419271,0.0021682292780089,0.0028260379108684,-0.0028260379108684
VTC_2020-01-28,VTC,2020-01-28,90.22000122070312,90.22000122070312,90.0199966430664,90.125,44800.0,0.0217095673438731,0.0383064151076069,0.03000799122574,-5.544495251563752e-05,0.0028193338775446,-0.0028193338775446
VTC_2020-01-29,VTC,2020-01-29,90.3000030517578,90.43000030517578,90.26000213623048,90.37999725341795,56200.0,0.0262291082842991,0.0430466896924988,0.0346378989883989,0.002829373130851,0.0028254214405678,-0.0028254214405678
VTC_2020-01-30,VTC,2020-01-30,90.4000015258789,90.45999908447266,90.19000244140624,90.3499984741211,25500.0,0.0281065236447428,0.0410185219615182,0.0345625228031305,-0.0003319183470734,0.0028079213726522,-0.0028079213726522
VTC_2020-01-31,VTC,2020-01-31,90.4800033569336,90.63999938964844,90.4000015258789,90.5999984741211,22700.0,0.028493611540211,0.0400642617301829,0.0342789366351969,0.0027670172022371,0.0028125380700349,-0.0028125380700349
VTC_2020-02-03,VTC,2020-02-03,90.23999786376952,90.41000366210938,90.10299682617188,90.34500122070312,41600.0,0.0192925937074432,0.0355321035764715,0.0274123486419574,-0.0028145392683511,0.0027442046956591,-0.0027442046956591
VTC_2020-02-04,VTC,2020-02-04,90.08000183105467,90.0999984741211,89.96499633789062,90.05000305175781,38700.0,0.0178591817480946,0.0300847053065573,0.023971943527326,-0.0032652406326794,0.0027676937491397,-0.0027676937491397
VTC_2020-02-05,VTC,2020-02-05,90.0999984741211,90.0999984741211,89.81999969482422,89.93000030517578,51500.0,0.0220479882771431,0.0242596489679203,0.0231538186225317,-0.001332623459358,0.0026780755052286,-0.0026780755052286
VTC_2020-02-06,VTC,2020-02-06,90.04000091552734,90.11499786376952,89.94000244140625,89.9749984741211,36500.0,0.0265259202255201,0.0237810352971366,0.0251534777613283,0.000500368829007,0.0026232022547806,-0.0026232022547806
VTC_2020-02-07,VTC,2020-02-07,90.27999877929688,90.41999816894533,90.1709976196289,90.25,35000.0,0.0261512578915874,0.0261512578915874,0.0261512578915874,0.0030564215675759,0.0026168367656095,-0.0026168367656095
VTC_2020-02-10,VTC,2020-02-10,90.47000122070312,90.5500030517578,90.38500213623048,90.5019989013672,51500.0,0.0331867987916301,0.0313030794134319,0.032244939102531,0.0027922315940964,0.0025705740295531,-0.0025705740295531
VTC_2020-02-11,VTC,2020-02-11,90.61000061035156,90.61000061035156,90.3000030517578,90.31999969482422,29900.0,0.0340011593884919,0.0236880455442756,0.0288446024663837,-0.0020109965387762,0.0025560740612763,-0.0025560740612763
VTC_2020-02-12,VTC,2020-02-12,90.2699966430664,90.36000061035156,90.08999633789062,90.2750015258789,45400.0,0.0331666532491352,0.0234680534193405,0.0283173533342379,-0.0004982082495278,0.0025592418725173,-0.0025592418725173
VTC_2020-02-13,VTC,2020-02-13,90.2300033569336,90.63999938964844,90.2300033569336,90.25,62900.0,0.0317823109694765,0.0202351450831241,0.0260087280263003,-0.0002769484957775,0.0025602299723506,-0.0025602299723506
VTC_2020-02-14,VTC,2020-02-14,90.51000213623048,90.58000183105467,90.43000030517578,90.51000213623048,31300.0,0.0327476354012963,0.019968933202775,0.0263582843020356,0.0028809100967366,0.0025714541119702,-0.0025714541119702
VTC_2020-02-18,VTC,2020-02-18,90.56999969482422,90.72000122070312,90.54000091552734,90.6269989013672,49300.0,0.0292674135183683,0.0208042368491341,0.0250358251837512,0.0012926390716534,0.0025178598578686,-0.0025178598578686
VTC_2020-02-19,VTC,2020-02-19,90.68000030517578,90.69000244140624,90.5,90.58000183105467,83000.0,0.0290843590731939,0.023040443804305,0.0260624014387494,-0.0005185769238996,0.0025188725707973,-0.0025188725707973
VTC_2020-02-20,VTC,2020-02-20,90.62000274658205,90.77999877929688,90.58000183105467,90.74099731445312,28800.0,0.0293930316928419,0.0207086136892618,0.0250508226910518,0.0017773844131592,0.002521115337816,-0.002521115337816
VTC_2020-02-21,VTC,2020-02-21,90.9800033569336,91.18000030517578,90.96499633789062,90.99400329589844,34700.0,0.0298098989062058,0.0213717256288406,0.0255908122675232,0.0027882212994481,0.0025266122269786,-0.0025266122269786
VTC_2020-02-24,VTC,2020-02-24,91.22000122070312,91.26000213623048,91.0,91.05999755859376,32400.0,0.0292754188103769,0.0245274569367963,0.0269014378735866,0.0007252594710085,0.0025248876323421,-0.0025248876323421
VTC_2020-02-25,VTC,2020-02-25,91.16999816894533,91.36799621582033,91.0,91.0,37200.0,0.0305775408258996,0.0225868320539515,0.0265821864399256,-0.0006588794223847,0.0025106394977203,-0.0025106394977203
VTC_2020-02-26,VTC,2020-02-26,91.0,91.2249984741211,90.81999969482422,90.91999816894533,87300.0,0.0283322651979756,0.0207701636966393,0.0245512144473074,-0.0008791410006008,0.0025141740340143,-0.0025141740340143
VTC_2020-02-27,VTC,2020-02-27,90.97000122070312,90.99199676513672,90.52999877929688,90.54399871826172,76400.0,0.0212496613843193,0.0129663428352873,0.0171080021098033,-0.0041354977810814,0.0025613216048541,-0.0025613216048541
VTC_2020-02-28,VTC,2020-02-28,90.79000091552734,91.37000274658205,90.51000213623048,91.1999969482422,70600.0,0.026333517013481,0.0188805135926555,0.0226070153030683,0.0072450768606067,0.0026952379173207,-0.0026952379173207
VTC_2020-03-02,VTC,2020-03-02,91.2699966430664,91.51300048828124,90.94000244140624,90.94000244140624,63000.0,0.0228896427653204,0.0178521595938321,0.0203709011795762,-0.0028508170563154,0.0027264348543789,-0.0027264348543789
VTC_2020-03-03,VTC,2020-03-03,91.3000030517578,92.22000122070312,91.0500030517578,91.72000122070312,87200.0,0.0317210308933832,0.0262951594707316,0.0290080951820574,0.0085770701380776,0.0029154390033294,-0.0029154390033294
VTC_2020-03-04,VTC,2020-03-04,92.04000091552734,92.47000122070312,91.91000366210938,91.9499969482422,43300.0,0.0438188304100457,0.0331460331263169,0.0384824317681813,0.0025075853083085,0.0026533454405031,-0.0026533454405031
VTC_2020-03-05,VTC,2020-03-05,92.19000244140624,92.26000213623048,91.8939971923828,91.96399688720705,44900.0,0.036389206678822,0.031506905348783,0.0339480560138025,0.0001522560024957,0.0025141641950908,-0.0025141641950908
VTC_2020-03-06,VTC,2020-03-06,92.88999938964844,93.03800201416016,92.0,92.43000030517578,56100.0,0.0429219515499956,0.0434635176624182,0.0431927346062069,0.0050672375466704,0.0025660860354331,-0.0025660860354331
VTC_2020-03-09,VTC,2020-03-09,92.55999755859376,92.55999755859376,89.2699966430664,90.36000061035156,158800.0,0.0206709799648459,0.0160800663473352,0.0183755231560905,-0.0223953228171557,0.0038729965103618,-0.0038729965103618
VTC_2020-03-10,VTC,2020-03-10,89.5,90.74400329589844,88.77999877929688,88.77999877929688,68700.0,0.0047532612725684,0.005435965016419,0.0050946131444937,-0.0174856332490295,0.004469545741913,-0.004469545741913
VTC_2020-03-11,VTC,2020-03-11,88.91000366210938,88.91000366210938,86.19999694824219,86.2300033569336,136700.0,-0.0252641504942872,-0.0162007774583557,-0.0207324639763215,-0.0287226341228327,0.0057544326453684,-0.0057544326453684
VTC_2020-03-12,VTC,2020-03-12,85.48999786376953,86.61000061035156,80.0,81.9000015258789,172800.0,-0.0737389366442708,-0.06558051440439,-0.0696597255243304,-0.0502145617823001,0.008515955736543,-0.008515955736543
VTC_2020-03-13,VTC,2020-03-13,80.0199966430664,85.32499694824219,80.0199966430664,85.10900115966797,89900.0,-0.0412413610661591,-0.0273701396873956,-0.0343057503767774,0.0391819239804906,0.009902118657266,-0.009902118657266
VTC_2020-03-16,VTC,2020-03-16,78.66000366210938,84.04000091552734,77.87000274658203,83.80000305175781,65600.0,-0.0521970006897217,-0.0340057285099963,-0.043101364599859,-0.015380254615542,0.0100672130622273,-0.0100672130622273
VTC_2020-03-17,VTC,2020-03-17,81.23999786376953,83.68499755859375,80.2699966430664,81.19000244140625,109300.0,-0.0854613013429924,-0.0681739354901529,-0.0768176184165727,-0.0311455908747346,0.0107469456616029,-0.0107469456616029
VTC_2020-03-18,VTC,2020-03-18,78.0,80.20700073242188,73.87000274658203,77.18499755859375,203200.0,-0.1290832433444992,-0.1164215603860157,-0.1227524018652574,-0.0493287937231293,0.0123299690922847,-0.0123299690922847
VTC_2020-03-19,VTC,2020-03-19,72.69000244140625,76.2750015258789,72.69000244140625,74.25,74400.0,-0.1619638681857601,-0.1525907592727573,-0.1572773137292587,-0.0380254926660545,0.0131304332797329,-0.0131304332797329
VTC_2020-03-20,VTC,2020-03-20,75.58000183105469,77.18000030517578,74.83999633789062,74.99600219726562,57600.0,-0.1525875457936087,-0.1453447043046652,-0.148966125049137,0.0100471676399411,0.0132273384501912,-0.0132273384501912
VTC_2020-03-23,VTC,2020-03-23,72.03099822998047,79.97599792480469,68.58000183105469,79.62000274658203,111900.0,-0.1013543553294981,-0.0976267459241485,-0.0994905506268233,0.0616566272046565,0.0155007286873718,-0.0155007286873718
VTC_2020-03-24,VTC,2020-03-24,80.02999877929688,81.73999786376953,80.02999877929688,80.63999938964844,41000.0,-0.0902527082026837,-0.0861909051768111,-0.0882218066897474,0.0128108089409755,0.0156046685905177,-0.0156046685905177
VTC_2020-03-25,VTC,2020-03-25,81.73999786376953,84.51799774169922,80.5199966430664,84.16999816894531,234600.0,-0.0477968056402714,-0.049238116241297,-0.0485174609407842,0.0437747867809386,0.0166074320042278,-0.0166074320042278
VTC_2020-03-26,VTC,2020-03-26,83.87999725341797,84.44000244140625,83.41999816894531,84.18000030517578,70600.0,-0.0487705860708722,-0.0450260544825429,-0.0468983202767075,0.0001188325584895,0.0166061589521161,-0.0166061589521161
VTC_2020-03-27,VTC,2020-03-27,84.75,84.75,83.0,84.31900024414062,84900.0,-0.0482000789387313,-0.0450849679504958,-0.0466425234446136,0.001651222837502,0.0166073274587792,-0.0166073274587792
VTC_2020-03-30,VTC,2020-03-30,84.3499984741211,85.37999725341797,84.3499984741211,84.91000366210938,37800.0,-0.0437524025783994,-0.0387184206730416,-0.0412354116257205,0.0070091369235585,0.0166313199466732,-0.0166313199466732
VTC_2020-03-31,VTC,2020-03-31,85.08999633789062,85.63999938964844,85.0,85.38999938964844,46700.0,-0.0388338258718584,-0.0347049482997687,-0.0367693870858136,0.0056529938386193,0.0166493409368863,-0.0166493409368863
VTC_2020-04-01,VTC,2020-04-01,85.0,85.01200103759766,83.4749984741211,83.71499633789062,27300.0,-0.0549648166263337,-0.0529977953294125,-0.0539813059778731,-0.0196159159588993,0.0168206867137073,-0.0168206867137073
VTC_2020-04-02,VTC,2020-04-02,84.11000061035156,84.55999755859375,83.83999633789062,84.12999725341797,32900.0,-0.0513081082104174,-0.0481955217292304,-0.0497518149698239,0.0049573067393124,0.016834600196187,-0.016834600196187
VTC_2020-04-03,VTC,2020-04-03,84.27999877929688,84.27999877929688,83.5,83.75,33600.0,-0.059517157441054,-0.0561253597264114,-0.0578212585837327,-0.0045167867089468,0.0168296632229259,-0.0168296632229259
VTC_2020-04-06,VTC,2020-04-06,84.91999816894531,84.94000244140625,84.41999816894531,84.88999938964844,71800.0,-0.044730755299345,-0.0455363496805159,-0.0451335524899304,0.0136119330107276,0.0169267703856016,-0.0169267703856016
VTC_2020-04-07,VTC,2020-04-07,84.94000244140625,85.45999908447266,84.9000015258789,85.37999725341797,46600.0,-0.0371582259367571,-0.0387300433824107,-0.0379441346595839,0.0057721506336738,0.0169443940010066,-0.0169443940010066
VTC_2020-04-08,VTC,2020-04-08,85.4000015258789,86.4800033569336,85.3499984741211,86.22000122070312,28900.0,-0.0261478776263609,-0.0274659928049356,-0.0268069352156483,0.009838416424305,0.0169932150872756,-0.0169932150872756
VTC_2020-04-09,VTC,2020-04-09,87.68000030517578,89.51000213623047,87.68000030517578,89.31999969482422,54400.0,0.0061051140782601,0.0038436791212606,0.0049743965997604,0.0359545167041441,0.0175930125111072,-0.0175930125111072
VTC_2020-04-13,VTC,2020-04-13,89.01000213623047,89.38999938964844,88.47000122070312,89.16400146484375,270900.0,0.0007183276298399,0.0121921349937796,0.0064552313118098,-0.0017465095220943,0.0175893958599167,-0.0175893958599167
VTC_2020-04-14,VTC,2020-04-14,89.38999938964844,89.41000366210938,88.77999877929688,88.8030014038086,30900.0,-0.00109111496519,0.0102156036287122,0.004562244331761,-0.0040487198320444,0.0175948474173425,-0.0175948474173425
VTC_2020-04-15,VTC,2020-04-15,89.20999908447266,89.20999908447266,88.43099975585938,89.1500015258789,23400.0,0.0017979960214664,0.0110002406140408,0.0063991183177536,0.0039075269595045,0.017600955996842,-0.017600955996842
VTC_2020-04-16,VTC,2020-04-16,89.19999694824219,89.56999969482422,88.93000030517578,89.01899719238281,22300.0,-0.0022529032231582,0.0124999891529307,0.0051235429648862,-0.0014694821228697,0.0175994369329622,-0.0175994369329622
VTC_2020-04-17,VTC,2020-04-17,89.80000305175781,89.83300018310547,89.0,89.12999725341797,38800.0,-0.0007847499688238,0.0130710826620323,0.0061431663466042,0.001246925538773,0.0175999535326502,-0.0175999535326502
VTC_2020-04-20,VTC,2020-04-20,88.69999694824219,89.25,88.5,88.85399627685547,51100.0,-0.0044258677411481,0.0078719667186715,0.0017230494887616,-0.0030966115232536,0.0176045790483496,-0.0176045790483496
VTC_2020-04-21,VTC,2020-04-21,88.75,88.77999877929688,88.1500015258789,88.62999725341797,23400.0,-0.0103841037352344,0.0045335359998366,-0.0029252838676989,-0.0025209786033658,0.0176021166927083,-0.0176021166927083
VTC_2020-04-22,VTC,2020-04-22,88.69999694824219,89.0,88.25,88.62000274658203,20200.0,-0.0126564686398008,0.006473590858244,-0.0030914388907783,-0.0001127666382224,0.0175998614397206,-0.0175998614397206
VTC_2020-04-23,VTC,2020-04-23,88.9000015258789,89.0,88.60800170898438,88.95999908447266,25200.0,-0.0094092892136478,0.0085024374536244,-0.0004534258800116,0.0038365642896995,0.0176065397886468,-0.0176065397886468
VTC_2020-04-24,VTC,2020-04-24,88.95999908447266,88.95999908447266,88.69200134277344,88.91799926757812,35900.0,-0.0113081483140424,0.007284029799883,-0.0020120592570797,-0.0004721202487272,0.0176056594434657,-0.0176056594434657
VTC_2020-04-27,VTC,2020-04-27,88.98999786376953,88.98999786376953,88.3740005493164,88.4000015258789,29200.0,-0.0191944500195071,0.0009058178366294,-0.0091443160914388,-0.0058255667690005,0.0176183763429223,-0.0176183763429223
VTC_2020-04-28,VTC,2020-04-28,88.80999755859375,89.0,88.44999694824219,88.63999938964844,51100.0,-0.0164771218901699,0.0048747342663952,-0.0058011938118873,0.0027149079143315,0.0176220857012221,-0.0176220857012221
VTC_2020-04-29,VTC,2020-04-29,89.0,89.19999694824219,88.68000030517578,89.02999877929688,22600.0,-0.0149369165207629,0.0109004097626796,-0.0020182533790416,0.0043998126391455,0.0176274221085609,-0.0176274221085609
VTC_2020-04-30,VTC,2020-04-30,88.73999786376953,89.19000244140625,88.73999786376953,88.75,28900.0,-0.0177088932057855,0.0098998950133466,-0.0039044990962194,-0.0031449936328875,0.017631617249197,-0.017631617249197
VTC_2020-05-01,VTC,2020-05-01,88.19000244140625,88.44999694824219,87.91999816894531,88.1500015258789,35200.0,-0.0270419093764333,0.0006811805027,-0.0131803644368666,-0.0067605461872799,0.0176472148163046,-0.0176472148163046
VTC_2020-05-04,VTC,2020-05-04,88.12000274658203,88.4000015258789,88.0,88.22599792480469,28200.0,-0.0234545715564488,-0.0046144773686263,-0.0140345244625375,0.0008621258946146,0.0176447837286681,-0.0176447837286681
VTC_2020-05-05,VTC,2020-05-05,88.19999694824219,88.33999633789062,88.16000366210938,88.23999786376953,25600.0,-0.0201000014064181,-0.0025997892365776,-0.0113498953214978,0.000158682693244,0.0176405365975658,-0.0176405365975658
VTC_2020-05-06,VTC,2020-05-06,89.0,89.0,87.26000213623047,87.38999938964844,57300.0,-0.0282442000100956,-0.0068189395236721,-0.0175315697668839,-0.0096328025237871,0.0176803155013719,-0.0176803155013719
VTC_2020-05-07,VTC,2020-05-07,87.5999984741211,87.5999984741211,87.41999816894531,87.44999694824219,34200.0,-0.0280633683656594,-0.0022818548106661,-0.0151726115881627,0.0006865494794918,0.0176804671722081,-0.0176804671722081
VTC_2020-05-08,VTC,2020-05-08,87.11000061035156,87.37000274658203,87.11000061035156,87.22000122070312,18000.0,-0.0335733936764196,-0.00830012226116,-0.0209367579687898,-0.0026300255639252,0.0176775806749792,-0.0176775806749792
VTC_2020-05-11,VTC,2020-05-11,87.29000091552734,87.29000091552734,86.75299835205078,86.87000274658203,209600.0,-0.040131667796017,-0.0082767105887058,-0.0242041891923614,-0.0040128235407318,0.0176786235221176,-0.0176786235221176
VTC_2020-05-12,VTC,2020-05-12,87.51000213623047,87.69000244140625,87.19499969482422,87.45500183105469,24300.0,-0.0317205256139268,0.0012020991272794,-0.0152592132433236,0.0067341897775601,0.0177008582251104,-0.0177008582251104
VTC_2020-05-13,VTC,2020-05-13,87.80000305175781,87.80000305175781,87.48999786376953,87.53399658203125,35400.0,-0.0303628346443384,0.0017967849964872,-0.0142830248239255,0.0009032616696889,0.0177015592081657,-0.0177015592081657
VTC_2020-05-14,VTC,2020-05-14,87.63999938964844,87.97000122070312,87.58499908447266,87.91600036621094,164000.0,-0.0258614917871364,0.0050988812082266,-0.0103813052894549,0.0043640619541653,0.0177114601343055,-0.0177114601343055
VTC_2020-05-15,VTC,2020-05-15,88.12000274658203,88.45999908447266,87.97000122070312,88.37000274658203,30400.0,-0.0236437889640909,0.0083295682567041,-0.0076571103536933,0.0051640472551066,0.0177203275168633,-0.0177203275168633
VTC_2020-05-18,VTC,2020-05-18,88.41000366210938,88.62000274658203,88.41000366210938,88.57499694824219,76600.0,-0.0226422807551895,0.0059624517693175,-0.008339914492936,0.0023197260980971,0.0177222190054311,-0.0177222190054311
VTC_2020-05-19,VTC,2020-05-19,88.44999694824219,88.9000015258789,88.37000274658203,88.69000244140625,46500.0,-0.0208655260702418,0.0076119725504741,-0.0066267767598838,0.001298396806395,0.0177231856289933,-0.0177231856289933
VTC_2020-05-20,VTC,2020-05-20,88.79000091552734,89.54000091552734,88.79000091552734,89.35299682617188,59000.0,-0.0152962886606953,0.0136471387347598,-0.0008245749629677,0.0074754128595682,0.0177478587618606,-0.0177478587618606
VTC_2020-05-21,VTC,2020-05-21,89.48999786376953,89.68900299072266,89.29000091552734,89.38500213623047,65500.0,-0.0176824966633871,0.0116002888048738,-0.0030411039292566,0.000358189553741,0.0177441432600396,-0.0177441432600396
VTC_2020-05-22,VTC,2020-05-22,89.48999786376953,89.72899627685547,89.27999877929688,89.45500183105469,34200.0,-0.0176256948228701,0.0111337243897433,-0.0032459852165633,0.0007831257274852,0.0177441896572467,-0.0177441896572467
VTC_2020-05-26,VTC,2020-05-26,89.4800033569336,89.83000183105469,89.30000305175781,89.45999908447266,42000.0,-0.0169230869838169,0.0131369874589346,-0.0018930497624411,5.586332028029162e-05,0.0177440728822473,-0.0177440728822473
VTC_2020-05-27,VTC,2020-05-27,89.45999908447266,89.9800033569336,89.45999908447266,89.7969970703125,38000.0,-0.0123515301501226,0.0156307882200388,0.001639629034958,0.0037670242486995,0.0177505044530635,-0.0177505044530635
VTC_2020-05-28,VTC,2020-05-28,89.58000183105469,89.9800033569336,89.58000183105469,89.83499908447266,32200.0,-0.0078304431417393,0.013252823977329,0.0027111904177948,0.0004231991647827,0.017742839668895,-0.017742839668895
VTC_2020-05-29,VTC,2020-05-29,89.86000061035156,90.4000015258789,89.7699966430664,90.375,63100.0,-0.0090460194720226,0.0170492840337876,0.0040016322808825,0.0060110304561764,0.0177354254310557,-0.0177354254310557
VTC_2020-06-01,VTC,2020-06-01,89.79000091552734,90.08999633789062,89.79000091552734,89.97000122070312,113600.0,-0.0106663865698496,0.0119791064172902,0.0006563599237203,-0.0044813142937413,0.0177408569657181,-0.0177408569657181
VTC_2020-06-02,VTC,2020-06-02,90.0999984741211,90.41999816894533,90.03299713134766,90.33999633789062,37200.0,-0.0150458445752942,0.016197916617499,0.0005760360211023,0.0041124276110642,0.0177148779715098,-0.0177148779715098
VTC_2020-06-03,VTC,2020-06-03,90.41000366210938,90.52999877929688,90.05999755859375,90.19000244140624,64600.0,-0.0191407783061335,0.0238393255853992,0.0023492736396328,-0.0016603265725557,0.0177128171619102,-0.0177128171619102
VTC_2020-06-04,VTC,2020-06-04,90.4000015258789,90.58999633789062,90.01000213623047,90.11000061035156,76500.0,-0.0201600228307757,0.0154955766106075,-0.0023322231100841,-0.0008870365771045,0.0177130127389078,-0.0177130127389078
VTC_2020-06-05,VTC,2020-06-05,90.0,90.41000366210938,90.0,90.4000015258789,41300.0,-0.0219625529870651,0.0200167229277055,-0.0009729150296798,0.0032182988964937,0.0177057272915495,-0.0177057272915495
VTC_2020-06-08,VTC,2020-06-08,90.6999969482422,90.83999633789062,90.3499984741211,90.63999938964844,68800.0,0.003098702715865,0.0238337359024678,0.0134662193091664,0.0026548435809574,0.0174790315075036,-0.0174790315075036
VTC_2020-06-09,VTC,2020-06-09,90.9000015258789,90.9000015258789,90.5999984741211,90.5999984741211,43600.0,0.0205001094824146,0.0253508131314692,0.0229254613069419,-0.0004413163702196,0.0173321759324823,-0.0173321759324823
VTC_2020-06-10,VTC,2020-06-10,90.7300033569336,91.18000030517578,90.4000015258789,91.1500015258789,51200.0,0.057056685346281,0.0303510461667002,0.0437038657564906,0.0060706739627034,0.0169367995930355,-0.0169367995930355
VTC_2020-06-11,VTC,2020-06-11,90.81999969482422,90.93000030517578,90.05000305175781,90.26000213623048,294300.0,0.1020757076263296,0.0208098168444819,0.0614427622354057,-0.0097641182089913,0.0156834589190663,-0.0156834589190663
VTC_2020-06-12,VTC,2020-06-12,90.4800033569336,90.76000213623048,90.4250030517578,90.5780029296875,66100.0,0.0642587939642185,0.0203673127745049,0.0423130533693617,0.0035231640364583,0.0149331233511166,-0.0149331233511166
VTC_2020-06-15,VTC,2020-06-15,90.4499969482422,91.94000244140624,90.29499816894533,91.61000061035156,82800.0,0.0931980581643896,0.0361363983683804,0.064667228266385,0.011393469134721,0.014837269368557,-0.014837269368557
VTC_2020-06-16,VTC,2020-06-16,91.91999816894533,91.91999816894533,91.4000015258789,91.4800033569336,56300.0,0.1267397537394274,0.0304471081099733,0.0785934309247003,-0.0014190290639871,0.0142423413893834,-0.0142423413893834
VTC_2020-06-17,VTC,2020-06-17,91.76000213623048,91.76000213623048,90.9000015258789,91.25,51200.0,0.1822245628851517,0.0296191819464033,0.1059218724157775,-0.0025142473600069,0.0126540568332167,-0.0126540568332167
VTC_2020-06-18,VTC,2020-06-18,91.4499969482422,91.48999786376952,91.29000091552734,91.4459991455078,28100.0,0.231595948087647,0.0321219042934632,0.1318589261905551,0.0021479358411813,0.011528940018527,-0.011528940018527
VTC_2020-06-19,VTC,2020-06-19,91.5199966430664,91.63999938964844,91.31500244140624,91.46900177001952,69100.0,0.21965170262575,0.0335480425990906,0.1265998726124203,0.0002515432575143,0.0115035411731591,-0.0115035411731591
VTC_2020-06-22,VTC,2020-06-22,91.69000244140624,91.6999969482422,91.4499969482422,91.48899841308594,50600.0,0.1490705257104934,0.0326072233489787,0.090838874529736,0.0002186166097744,0.0087425905214293,-0.0087425905214293
VTC_2020-06-23,VTC,2020-06-23,91.61000061035156,91.61000061035156,91.3550033569336,91.3550033569336,44400.0,0.1328745541714453,0.0306295576035644,0.0817520558875048,-0.0014646029410808,0.0086488217998831,-0.0086488217998831
VTC_2020-06-24,VTC,2020-06-24,91.29000091552734,91.29000091552734,90.97000122070312,91.1999969482422,44100.0,0.0835214320093762,0.0317325687165555,0.0576270003629658,-0.0016967478845768,0.0068097713501255,-0.0068097713501255
VTC_2020-06-25,VTC,2020-06-25,91.29000091552734,91.30999755859376,91.08499908447266,91.25499725341795,19200.0,0.0840460551507882,0.0311764937132672,0.0576112744320277,0.000603073541844,0.0068086936084567,-0.0068086936084567
VTC_2020-06-26,VTC,2020-06-26,91.33000183105467,91.3489990234375,91.18000030517578,91.3000030517578,27800.0,0.0827927606755785,0.0306020641367286,0.0566974124061535,0.0004931872192692,0.0068093053282771,-0.0068093053282771
VTC_2020-06-29,VTC,2020-06-29,91.38999938964844,91.54000091552734,91.30500030517578,91.52999877929688,25300.0,0.077964843147706,0.0308012913649462,0.0543830672563261,0.0025191206993573,0.0067718321239122,-0.0067718321239122
VTC_2020-06-30,VTC,2020-06-30,91.69000244140624,91.87999725341795,91.5,91.87999725341795,40900.0,0.0760041914762712,0.0342188320670917,0.0551115117716815,0.0038238662601211,0.0067564000631396,-0.0067564000631396
VTC_2020-07-01,VTC,2020-07-01,91.66000366210938,94.0,91.56999969482422,91.91799926757812,70800.0,0.0979872578215081,0.0376365895372978,0.067811923679403,0.0004136048682648,0.0062110137619602,-0.0062110137619602
VTC_2020-07-02,VTC,2020-07-02,92.06999969482422,92.08000183105467,91.91000366210938,91.95999908447266,208700.0,0.0930702732280972,0.0369869053677194,0.0650285892979083,0.000456927013525,0.0061965146414714,-0.0061965146414714
VTC_2020-07-06,VTC,2020-07-06,92.20999908447266,92.31999969482422,92.08399963378906,92.29000091552734,228200.0,0.101970160185401,0.036384028666303,0.069177094425852,0.0035885366935635,0.006155010644527,-0.006155010644527
VTC_2020-07-07,VTC,2020-07-07,92.3499984741211,92.48999786376952,92.24500274658205,92.35199737548828,35000.0,0.087901967716939,0.0392392910093166,0.0635706293631278,0.0006717570630179,0.0059591647182989,-0.0059591647182989
VTC_2020-07-08,VTC,2020-07-08,92.48999786376952,92.5199966430664,92.3499984741211,92.45999908447266,46900.0,0.0829234253784338,0.0426839120660149,0.0628036687222244,0.0011694572077878,0.0059322969549281,-0.0059322969549281
VTC_2020-07-09,VTC,2020-07-09,92.4499969482422,92.83499908447266,92.4499969482422,92.74500274658205,23600.0,0.0756785134945248,0.0475518033583641,0.0616151584264444,0.0030824536548936,0.0058354083875283,-0.0058354083875283
VTC_2020-07-10,VTC,2020-07-10,93.12000274658205,93.12000274658205,92.5500030517578,92.6050033569336,81600.0,0.0367779184206571,0.0431075658864366,0.0399427421535468,-0.0015095087120865,0.0037814253398066,-0.0037814253398066
VTC_2020-07-13,VTC,2020-07-13,92.70999908447266,92.79499816894533,92.48999786376952,92.5199966430664,41800.0,0.0376384541192431,0.0383838184906215,0.0380111363049323,-0.0009179494712563,0.0037746362668207,-0.0037746362668207
VTC_2020-07-14,VTC,2020-07-14,92.62999725341795,93.02999877929688,92.62999725341795,92.9000015258789,40300.0,0.0461358293898228,0.0449943749307539,0.0455651021602884,0.0041072729853042,0.0037526475984017,-0.0037526475984017
VTC_2020-07-15,VTC,2020-07-15,92.9000015258789,93.08999633789062,92.9000015258789,93.01699829101562,45100.0,0.043376294996632,0.0452522814239284,0.0443142882102802,0.0012593838882137,0.0037311728133104,-0.0037311728133104
VTC_2020-07-16,VTC,2020-07-16,93.06999969482422,93.3000030517578,93.06999969482422,93.23999786376952,74200.0,0.0474168526327534,0.0450571238294668,0.0462369882311101,0.0023974066767475,0.003727028302736,-0.003727028302736
VTC_2020-07-17,VTC,2020-07-17,93.43000030517578,93.56999969482422,92.87999725341795,93.55999755859376,70700.0,0.0497026864320464,0.0488789322815945,0.0492908093568205,0.0034320002376211,0.0037419359600827,-0.0037419359600827
VTC_2020-07-20,VTC,2020-07-20,93.63999938964844,93.70999908447266,93.6050033569336,93.6500015258789,59300.0,0.0539762469892723,0.049311487517786,0.0516438672535292,0.0009619919798391,0.0037089604139771,-0.0037089604139771
VTC_2020-07-21,VTC,2020-07-21,93.88999938964844,93.94499969482422,93.8000030517578,93.8000030517578,62900.0,0.0583324603244355,0.0473426262700606,0.0528375432972481,0.0016017247563786,0.003684968159565,-0.003684968159565
VTC_2020-07-22,VTC,2020-07-22,93.98999786376952,94.11000061035156,93.9499969482422,94.0500030517578,57600.0,0.0612728519170036,0.0478408853484439,0.0545568686327238,0.0026652451158455,0.0036891873379006,-0.0036891873379006
VTC_2020-07-23,VTC,2020-07-23,94.20999908447266,94.2300033569336,94.12000274658205,94.19499969482422,51200.0,0.0588466801284544,0.048883685482215,0.0538651828053347,0.0015416973775814,0.003671524449079,-0.003671524449079
VTC_2020-07-24,VTC,2020-07-24,94.3499984741211,94.3499984741211,94.01000213623048,94.0999984741211,200100.0,0.058278405376047,0.0463112362105062,0.0522948207932766,-0.0010085590637604,0.0036754125191237,-0.0036754125191237
VTC_2020-07-27,VTC,2020-07-27,94.1500015258789,94.1500015258789,93.8249969482422,93.88999938964844,79600.0,0.0621040471607043,0.0417175441119621,0.0519107956363332,-0.0022316587447173,0.0035962828548761,-0.0035962828548761
VTC_2020-07-28,VTC,2020-07-28,94.08000183105467,94.16000366210938,93.86000061035156,93.8759994506836,135200.0,0.05907039820723,0.0416199661656986,0.0503451821864643,-0.0001491100123107,0.0035918817141648,-0.0035918817141648
VTC_2020-07-29,VTC,2020-07-29,93.91999816894533,94.13999938964844,93.8499984741211,94.13999938964844,49600.0,0.0573963908841459,0.0416021492641536,0.0494992700741497,0.0028122197421027,0.0035725754287767,-0.0035725754287767
VTC_2020-07-30,VTC,2020-07-30,94.1999969482422,94.24500274658205,94.1449966430664,94.18000030517578,40300.0,0.0611831020301496,0.0423907238045135,0.0517869129173316,0.0004249088143901,0.0035356228828156,-0.0035356228828156
VTC_2020-07-31,VTC,2020-07-31,94.0199966430664,94.31999969482422,94.0199966430664,94.30999755859376,69200.0,0.0698808386396501,0.0409492179575741,0.0554150282986121,0.0013803063601267,0.0033952828250137,-0.0033952828250137
VTC_2020-08-03,VTC,2020-08-03,94.08999633789062,94.16999816894533,93.97000122070312,94.12999725341795,57600.0,0.0669190427706498,0.0418949137370476,0.0544069782538487,-0.0019086025854679,0.0034160114343256,-0.0034160114343256
VTC_2020-08-04,VTC,2020-08-04,94.29000091552734,94.41000366210938,94.20999908447266,94.37999725341795,68100.0,0.0695829503433096,0.0480843315371284,0.058833640940219,0.002655901490435,0.0034201713933379,-0.0034201713933379
VTC_2020-08-05,VTC,2020-08-05,94.5199966430664,94.5199966430664,94.2699966430664,94.3499984741211,62400.0,0.0796429698258709,0.0491493178466155,0.0643961438362432,-0.0003178510295599,0.0031396842570925,-0.0031396842570925
VTC_2020-08-06,VTC,2020-08-06,94.5,94.69000244140624,94.40299987792967,94.5999984741211,34000.0,0.0817610265911235,0.0514031684182829,0.0665820975047032,0.0026497085749139,0.0031440239553905,-0.0031440239553905
VTC_2020-08-07,VTC,2020-08-07,94.66999816894533,94.93000030517578,94.36000061035156,94.38999938964844,98500.0,0.082205893930249,0.0458725694143871,0.064039231672318,-0.0022198635080327,0.0031362683562925,-0.0031362683562925
VTC_2020-08-10,VTC,2020-08-10,94.58999633789062,94.58999633789062,94.20999908447266,94.25700378417967,77300.0,0.0850351191900737,0.0414908502397259,0.0632629847148998,-0.0014090010205397,0.0030823598246807,-0.0030823598246807
VTC_2020-08-11,VTC,2020-08-11,94.02999877929688,94.02999877929688,93.66999816894533,93.7699966430664,128000.0,0.0722085035709108,0.0381974862699194,0.0552029949204151,-0.0051668005724897,0.0031085776089858,-0.0031085776089858
VTC_2020-08-12,VTC,2020-08-12,93.55999755859376,93.79499816894533,93.427001953125,93.6500015258789,69900.0,0.0698700525814119,0.0373857650839528,0.0536279088326824,-0.0012796749651624,0.0031230745331312,-0.0031230745331312
VTC_2020-08-13,VTC,2020-08-13,93.51000213623048,93.52999877929688,92.75,92.91999816894533,86300.0,0.056917941920588,0.0295844672459315,0.0432512045832598,-0.0077950170319202,0.0032880367331506,-0.0032880367331506
VTC_2020-08-14,VTC,2020-08-14,93.16000366210938,93.16000366210938,92.52999877929688,92.58000183105467,41600.0,0.0476405901734056,0.0228703971491299,0.0352554936612677,-0.0036590222190112,0.0032907125590869,-0.0032907125590869
VTC_2020-08-17,VTC,2020-08-17,92.76000213623048,92.91000366210938,92.697998046875,92.76300048828124,55400.0,0.0472820060325405,0.0235691528220935,0.035425579427317,0.0019766542839403,0.0032883465181951,-0.0032883465181951
VTC_2020-08-18,VTC,2020-08-18,92.91999816894533,93.05599975585938,92.7699966430664,92.97000122070312,47400.0,0.0482579621319154,0.0263855082947135,0.0373217352133145,0.0022315010438676,0.0032930053653152,-0.0032930053653152
VTC_2020-08-19,VTC,2020-08-19,93.13999938964844,93.13999938964844,92.7249984741211,92.79000091552734,57800.0,0.0384654595977551,0.0225807921635863,0.0305231258806707,-0.0019361116791691,0.0031951793099992,-0.0031951793099992
VTC_2020-08-20,VTC,2020-08-20,92.94000244140624,93.04000091552734,92.9250030517578,93.0199966430664,29900.0,0.0406667161152594,0.0222651303798531,0.0314659232475562,0.0024786693099447,0.0032037021063054,-0.0032037021063054
VTC_2020-08-21,VTC,2020-08-21,92.91000366210938,93.2040023803711,92.91000366210938,93.1999969482422,42900.0,0.041864569230688,0.0235009822866667,0.0326827757586773,0.0019350710779584,0.0032078285681982,-0.0032078285681982
VTC_2020-08-24,VTC,2020-08-24,93.2699966430664,93.36000061035156,93.08499908447266,93.0999984741211,197500.0,0.0406885694936276,0.023076906309023,0.0318827379013253,-0.0010729450364321,0.0032143820455925,-0.0032143820455925
VTC_2020-08-25,VTC,2020-08-25,92.83000183105467,92.86000061035156,92.55999755859376,92.76000213623048,61600.0,0.0329967054866868,0.0202376155338905,0.0266171605102887,-0.0036519478352635,0.0032337531000108,-0.0032337531000108
VTC_2020-08-26,VTC,2020-08-26,92.73999786376952,92.8000030517578,92.51000213623048,92.73999786376952,93100.0,0.0323370491334369,0.0242533925670866,0.0282952208502618,-0.000215656231137,0.0032350648053579,-0.0032350648053579
VTC_2020-08-27,VTC,2020-08-27,92.9000015258789,92.9000015258789,92.16999816894533,92.20999908447266,66500.0,0.0203042775598634,0.011074585197669,0.0156894313787662,-0.0057148888452143,0.0032507707337632,-0.0032507707337632
VTC_2020-08-28,VTC,2020-08-28,92.36000061035156,92.4000015258789,92.16999816894533,92.3499984741211,75200.0,0.0264532313118419,0.0155046843507986,0.0209789578313203,0.0015182669020545,0.0031951217027279,-0.0031951217027279
VTC_2020-08-31,VTC,2020-08-31,92.33000183105467,92.77999877929688,92.33000183105467,92.64099884033205,133700.0,0.0254704737183648,0.0100414043542449,0.0177559390363049,0.0031510597836392,0.0031794574669262,-0.0031794574669262
VTC_2020-09-01,VTC,2020-09-01,92.38999938964844,92.91000366210938,92.3499984741211,92.86000061035156,53500.0,0.0296041478730411,0.0098967231355275,0.0197504355042843,0.0023639832553723,0.003177734083079,-0.003177734083079
VTC_2020-09-02,VTC,2020-09-02,92.9499969482422,93.37999725341795,92.91000366210938,93.33000183105467,74700.0,0.0357341160680584,0.014853692641513,0.0252939043547857,0.0050613958390466,0.0032248410858458,-0.0032248410858458
VTC_2020-09-03,VTC,2020-09-03,93.4000015258789,93.4000015258789,93.0500030517578,93.22000122070312,46100.0,0.0311946863631074,0.0085470184238776,0.0198708523934925,-0.0011786200385024,0.0032139998271226,-0.0032139998271226
VTC_2020-09-04,VTC,2020-09-04,92.9800033569336,92.9800033569336,92.36000061035156,92.4000015258789,36600.0,0.0194174994272062,0.0225763712012818,0.020996935314244,-0.0087963922343534,0.0034077243029035,-0.0034077243029035
VTC_2020-09-08,VTC,2020-09-08,92.45999908447266,92.56999969482422,92.4000015258789,92.41999816894533,43400.0,0.0200882971906903,0.0410002189648293,0.0305442580777598,0.0002164138824263,0.0034063894742476,-0.0034063894742476
VTC_2020-09-09,VTC,2020-09-09,92.5,92.56500244140624,92.44000244140624,92.5,28500.0,0.0148107345202601,0.0727124712858109,0.0437616029030355,0.0008656333330414,0.0033268918986647,-0.0033268918986647
VTC_2020-09-10,VTC,2020-09-10,92.4499969482422,92.56999969482422,92.33999633789062,92.50900268554688,40700.0,0.0249169122101498,0.1295360312821938,0.0772264717461718,9.732633023640248e-05,0.0030707941226608,-0.0030707941226608
VTC_2020-09-11,VTC,2020-09-11,92.62000274658205,92.68000030517578,92.51000213623048,92.63099670410156,40200.0,0.0226654784606781,0.0883807287354014,0.0555231035980398,0.0013187259078921,0.0030470464924824,-0.0030470464924824
VTC_2020-09-14,VTC,2020-09-14,92.68000030517578,92.91999816894533,92.61000061035156,92.76000213623048,55900.0,0.0125532312871634,0.1069212262312051,0.0597372287591843,0.0013926810324735,0.0027042011752694,-0.0027042011752694
VTC_2020-09-15,VTC,2020-09-15,92.76000213623048,92.91999816894533,92.76000213623048,92.87000274658205,39800.0,0.0151945708203027,0.1438600807236716,0.0795273257719871,0.0011858625249923,0.00269893067056,-0.00269893067056
VTC_2020-09-16,VTC,2020-09-16,93.01000213623048,93.0199966430664,92.77200317382812,92.88500213623048,25000.0,0.0179178316299231,0.2034074635516873,0.1106626475908052,0.0001615095208877,0.0026757956301876,-0.0026757956301876
VTC_2020-09-17,VTC,2020-09-17,93.0,93.0540008544922,92.84500122070312,92.91999816894533,15200.0,0.0161187918248026,0.2514477867871425,0.1337832893059726,0.0003767673134518,0.002665195118958,-0.002665195118958
VTC_2020-09-18,VTC,2020-09-18,93.0,93.0,92.75399780273438,92.76599884033205,42000.0,0.0141796351246246,0.2369459187481104,0.1255627769363675,-0.0016573324542396,0.0026760905506061,-0.0026760905506061
VTC_2020-09-21,VTC,2020-09-21,92.91999816894533,92.93000030517578,92.5999984741211,92.62000274658205,81300.0,0.0123621894775747,0.1632755532724228,0.0878188713749987,-0.0015738104000937,0.0026856926259859,-0.0026856926259859
VTC_2020-09-22,VTC,2020-09-22,92.79000091552734,92.81999969482422,92.68000030517578,92.75,42700.0,0.0152700628515769,0.1501736198165955,0.0827218413340862,0.0014035548430466,0.002681350455476,-0.002681350455476
VTC_2020-09-23,VTC,2020-09-23,92.73999786376952,92.76499938964844,92.25,92.27400207519533,92300.0,0.0117763724001289,0.0962813838962397,0.0540288781481843,-0.0051320530976245,0.0027553662140569,-0.0027553662140569
VTC_2020-09-24,VTC,2020-09-24,92.01000213623048,92.27999877929688,92.0,92.0500030517578,41900.0,0.0087119152075814,0.0934901724643748,0.0511010438359781,-0.0024275420855268,0.0027744203561263,-0.0027744203561263
VTC_2020-09-25,VTC,2020-09-25,91.80999755859376,92.08999633789062,91.80999755859376,92.0500030517578,34500.0,0.0082146766147952,0.0916875530453695,0.0499511148300824,0.0,0.0027741077684386,-0.0027741077684386
VTC_2020-09-28,VTC,2020-09-28,92.02999877929688,92.33000183105467,92.02999877929688,92.31999969482422,43700.0,0.0086310600465782,0.0872688224370141,0.0479499412417961,0.002933151918687,0.0027803335633182,-0.0027803335633182
VTC_2020-09-29,VTC,2020-09-29,92.30999755859376,92.45999908447266,92.25,92.2699966430664,35700.0,0.0042446604408659,0.0805714639020362,0.0424080621714511,-0.0005416275121653,0.0027411707887623,-0.0027411707887623
VTC_2020-09-30,VTC,2020-09-30,92.2300033569336,92.25,92.0500030517578,92.16500091552734,32600.0,0.002687195651748,0.1009377644064009,0.0518124800290744,-0.0011379184064048,0.0027450094894799,-0.0027450094894799
VTC_2020-10-01,VTC,2020-10-01,92.01000213623048,92.25,91.90699768066406,92.25,43400.0,0.0031535550066823,0.0965173304608915,0.0498354427337869,0.0009222490492954,0.0027467576312481,-0.0027467576312481
VTC_2020-10-02,VTC,2020-10-02,92.06999969482422,92.25,91.9499969482422,92.16000366210938,70300.0,-0.0014085735413195,0.1004179541744403,0.0495046903165604,-0.0009755700584349,0.0027119914771857,-0.0027119914771857
VTC_2020-10-05,VTC,2020-10-05,92.04000091552734,92.13999938964844,91.9000015258789,91.91000366210938,106400.0,-0.0047859680996592,0.0826953036038891,0.0389546677521149,-0.0027126735033191,0.0027315430003701,-0.0027315430003701
VTC_2020-10-06,VTC,2020-10-06,91.9000015258789,92.29000091552734,91.8499984741211,91.8939971923828,47300.0,-0.0061215866071202,0.0762942158411004,0.03508631461699,-0.0001741537274377,0.0027269313592096,-0.0027269313592096
VTC_2020-10-07,VTC,2020-10-07,91.93000030517578,92.05999755859376,91.77999877929688,91.86000061035156,64500.0,-0.0095423161358749,0.0654140490581918,0.0279358664611584,-0.0003699543285734,0.0026965931165,-0.0026965931165
VTC_2020-10-08,VTC,2020-10-08,92.01000213623048,92.12899780273438,91.9800033569336,92.08000183105467,25300.0,-0.0056692565935705,0.0309001583705825,0.012615450888506,0.002394962108005,0.0027096473997856,-0.0027096473997856
VTC_2020-10-09,VTC,2020-10-09,92.06999969482422,92.25,91.97000122070312,92.19000244140624,81400.0,-0.0035667338265613,0.0339374739451951,0.0151853700593169,0.0011946199844063,0.0027122641100957,-0.0027122641100957
VTC_2020-10-12,VTC,2020-10-12,92.41000366210938,92.66999816894533,92.3949966430664,92.62000274658205,25500.0,-0.0030139803519686,0.0429827965545515,0.0199844081012914,0.0046642834774748,0.0027269131032503,-0.0027269131032503
VTC_2020-10-13,VTC,2020-10-13,92.4499969482422,92.70999908447266,92.4499969482422,92.51000213623048,22800.0,-0.0054505753152659,0.0376892939185897,0.0161193593016619,-0.0011876550106841,0.0027254721355713,-0.0027254721355713
VTC_2020-10-14,VTC,2020-10-14,92.79000091552734,92.79000091552734,92.5199966430664,92.6500015258789,104100.0,-0.0063277171965687,0.0407890950023732,0.0172306889029022,0.0015133432754899,0.002714749531402,-0.002714749531402
VTC_2020-10-15,VTC,2020-10-15,92.75,92.75,92.58100128173828,92.62000274658205,23600.0,-0.010046973455969,0.0391563514048043,0.0145546889744176,-0.0003237860637107,0.0026769759293597,-0.0026769759293597
VTC_2020-10-16,VTC,2020-10-16,92.6999969482422,92.7300033569336,92.43000030517578,92.4499969482422,17100.0,-0.0128137165839244,0.0404708940741633,0.0138285887451194,-0.001835519253924,0.0026813181092555,-0.0026813181092555
VTC_2020-10-19,VTC,2020-10-19,92.4499969482422,92.45999908447266,92.3000030517578,92.3000030517578,127500.0,-0.0159914706950735,0.0414081677995121,0.0127083485522193,-0.0016224326818352,0.0026771183353215,-0.0026771183353215
VTC_2020-10-20,VTC,2020-10-20,92.22000122070312,92.27999877929688,92.18000030517578,92.1999969482422,27700.0,-0.0196704523496665,0.0403971348533753,0.0103633412518543,-0.0010834897097404,0.0026527748193478,-0.0026527748193478
VTC_2020-10-21,VTC,2020-10-21,92.1999969482422,92.22000122070312,92.06999969482422,92.0770034790039,23200.0,-0.0224852298177425,0.0350382691840123,0.0062765196831348,-0.0013339856107299,0.0026450968096511,-0.0026450968096511
VTC_2020-10-22,VTC,2020-10-22,92.0,92.06999969482422,91.8249969482422,91.8499984741211,42400.0,-0.0239107336502113,0.0329741922973298,0.0045317293235592,-0.0024653821943128,0.0026572208271923,-0.0026572208271923
VTC_2020-10-23,VTC,2020-10-23,91.83999633789062,92.12100219726562,91.83999633789062,92.06999969482422,22600.0,-0.0193843828592555,0.0415158156741766,0.0110657164074605,0.0023952229108104,0.0026691483784909,-0.0026691483784909
VTC_2020-10-26,VTC,2020-10-26,92.1999969482422,92.23999786376952,92.08000183105467,92.1750030517578,60100.0,-0.0181196089402956,0.0398804567514718,0.0108804239055881,0.0011404730887545,0.0026753176728487,-0.0026753176728487
VTC_2020-10-27,VTC,2020-10-27,92.1999969482422,92.5,92.1999969482422,92.5,34500.0,-0.0174208561746471,0.0389756404389622,0.0107773921321575,0.0035258685921573,0.0026901204906765,-0.0026901204906765
VTC_2020-10-28,VTC,2020-10-28,92.41999816894533,92.5999984741211,92.15499877929688,92.1760025024414,33800.0,-0.0212783796585339,0.0386028450979314,0.0086622327196987,-0.003502675649282,0.0027189857721338,-0.0027189857721338
VTC_2020-10-29,VTC,2020-10-29,92.08000183105467,92.16999816894533,91.76499938964844,91.88999938964844,174000.0,-0.0256600385069654,0.0424276551222924,0.0083838083076634,-0.0031027936233771,0.0027319318677422,-0.0027319318677422
VTC_2020-10-30,VTC,2020-10-30,91.88999938964844,92.00700378417967,91.62000274658205,91.6500015258789,31300.0,-0.0263464973961741,0.0388094629883644,0.0062314827960951,-0.0026117952482712,0.0027395839710672,-0.0027395839710672
VTC_2020-11-02,VTC,2020-11-02,91.5999984741211,91.7689971923828,91.5999984741211,91.72000122070312,15400.0,-0.028183896059803,0.0394379356434964,0.0056270197918466,0.0007637718893485,0.002715585583478,-0.002715585583478
VTC_2020-11-03,VTC,2020-11-03,91.75,91.8000030517578,91.59500122070312,91.7699966430664,48100.0,-0.0273450119001575,0.0501201199680612,0.0113875540339518,0.0005450874585466,0.0027184379926596,-0.0027184379926596
VTC_2020-11-04,VTC,2020-11-04,92.5,92.87999725341795,92.5,92.81999969482422,50400.0,-0.0188160550529375,0.0614065515606627,0.0212952482538625,0.0114416812702056,0.0030809275003588,-0.0030809275003588
VTC_2020-11-05,VTC,2020-11-05,93.04000091552734,93.1999969482422,92.9000015258789,93.0500030517578,35800.0,-0.0141963804063505,0.0668424873820205,0.026323053487835,0.0024779504168259,0.0030904687692571,-0.0030904687692571
VTC_2020-11-06,VTC,2020-11-06,92.9000015258789,92.94000244140624,92.7300033569336,92.83999633789062,58000.0,-0.0150334446184345,0.0687233038166732,0.0268449295991193,-0.0022569232346006,0.0030975587843361,-0.0030975587843361
VTC_2020-11-09,VTC,2020-11-09,92.70999908447266,92.79000091552734,92.21199798583984,92.30999755859376,163600.0,-0.0155700025246892,0.0555142144633185,0.0199721059693146,-0.0057087333067952,0.0031121915756953,-0.0031121915756953
VTC_2020-11-10,VTC,2020-11-10,92.11000061035156,92.4280014038086,92.08999633789062,92.12000274658205,43000.0,-0.0163374132874313,0.0523911433685435,0.0180268650405561,-0.0020582257289208,0.0031179096977825,-0.0031179096977825
VTC_2020-11-11,VTC,2020-11-11,92.0500030517578,92.26000213623048,92.0500030517578,92.26000213623048,49200.0,-0.0071028416457225,0.0494108211466031,0.0211539897504403,0.00151975016798,0.0029721170833845,-0.0029721170833845
VTC_2020-11-12,VTC,2020-11-12,92.5,92.5999984741211,92.33699798583984,92.54000091552734,81200.0,-0.0004320686404859,0.0471879375278914,0.0233779344437027,0.0030348880643142,0.0029627884392205,-0.0029627884392205
VTC_2020-11-13,VTC,2020-11-13,92.68000030517578,92.77999877929688,92.6050033569336,92.68000030517578,37800.0,-0.0008947552652303,0.0463449449434618,0.0227250948391157,0.0015128526935743,0.0029583641361919,-0.0029583641361919
VTC_2020-11-16,VTC,2020-11-16,92.76000213623048,92.98999786376952,92.76000213623048,92.9800033569336,118600.0,0.0001075845552236,0.048370738498531,0.0242391615268773,0.0032369772417992,0.0029733255911761,-0.0029733255911761
VTC_2020-11-17,VTC,2020-11-17,93.0,93.22000122070312,92.98999786376952,93.18000030517578,111600.0,0.004203032501352,0.042830163675976,0.023516598088664,0.0021509673157833,0.0029748535509342,-0.0029748535509342
VTC_2020-11-18,VTC,2020-11-18,93.2699966430664,93.38999938964844,93.23500061035156,93.3239974975586,69700.0,0.0032681236880569,0.0440677436615681,0.0236679336748125,0.0015453658715518,0.0029649774275059,-0.0029649774275059
VTC_2020-11-19,VTC,2020-11-19,93.43000030517578,93.81900024414062,93.43000030517578,93.7699966430664,50000.0,0.0061158767541671,0.0482364845306364,0.0271761806424017,0.0047790403054635,0.0030152697838457,-0.0030152697838457
VTC_2020-11-20,VTC,2020-11-20,93.8499984741211,93.8499984741211,93.5500030517578,93.73999786376952,60600.0,0.0068743222356371,0.0478425980672709,0.027358460151454,-0.0003199187412907,0.0030120308586396,-0.0030120308586396
VTC_2020-11-23,VTC,2020-11-23,94.04000091552734,94.04000091552734,93.68000030517578,93.81999969482422,36500.0,0.0114273127876494,0.0448010819488946,0.028114197368272,0.0008534439180483,0.0029744443415171,-0.0029744443415171
VTC_2020-11-24,VTC,2020-11-24,93.8000030517578,93.86000061035156,93.66000366210938,93.66000366210938,46500.0,0.0099202697814517,0.0425781111662286,0.0262491904738402,-0.0017053510257437,0.0029835858520102,-0.0029835858520102
VTC_2020-11-25,VTC,2020-11-25,93.69000244140624,93.79000091552734,93.62000274658205,93.68499755859376,62100.0,0.0159960794790798,0.036625145876556,0.0263106126778179,0.000266857735502,0.0028871989009769,-0.0028871989009769
VTC_2020-11-27,VTC,2020-11-27,93.63999938964844,93.97000122070312,93.63999938964844,93.95999908447266,56700.0,0.0174336831288928,0.0443480916931608,0.0308908874110268,0.0029353848860047,0.0029026704011179,-0.0029026704011179
VTC_2020-11-30,VTC,2020-11-30,94.01000213623048,94.31500244140624,93.99500274658205,94.2979965209961,46200.0,0.0178862242571444,0.0438122685803719,0.0308492464187581,0.0035972481887698,0.0029103265248211,-0.0029103265248211
VTC_2020-12-01,VTC,2020-12-01,93.91000366210938,94.0999984741211,93.62000274658205,93.7300033569336,64000.0,0.0093689720101621,0.0392504803160105,0.0243097261630863,-0.0060233852787745,0.0030040485104272,-0.0030040485104272
VTC_2020-12-02,VTC,2020-12-02,93.51000213623048,93.66999816894533,93.37999725341795,93.55999755859376,39400.0,0.0024643279012832,0.0382865045485958,0.0203754162249395,-0.0018137820575171,0.0029471839209773,-0.0029471839209773
VTC_2020-12-03,VTC,2020-12-03,93.69000244140624,93.9499969482422,93.63999938964844,93.81999969482422,34100.0,0.0064363705885452,0.0378318375134791,0.0221341040510122,0.002778988275065,0.0029628542788667,-0.0029628542788667
VTC_2020-12-04,VTC,2020-12-04,93.63999938964844,93.63999938964844,93.30999755859376,93.37999725341795,77800.0,0.0106060141921597,0.0302294558938671,0.0204177350430134,-0.0046898576299029,0.0028047943306645,-0.0028047943306645
VTC_2020-12-07,VTC,2020-12-07,93.52999877929688,93.66300201416016,93.47200012207033,93.48999786376952,40400.0,0.0115775775375823,0.0318984485465958,0.0217380130420891,0.0011779890082137,0.0028076584374125,-0.0028076584374125
VTC_2020-12-08,VTC,2020-12-08,93.76000213623048,93.83000183105467,93.45500183105467,93.48999786376952,57600.0,0.0107026796083191,0.0256719286749134,0.0181873041416162,0.0,0.002806399641779,-0.002806399641779
VTC_2020-12-09,VTC,2020-12-09,93.26000213623048,93.30999755859376,93.0500030517578,93.19000244140624,54100.0,0.0073614430605655,0.0324617797011954,0.0199116113808804,-0.0032088504569272,0.002838563033436,-0.002838563033436
VTC_2020-12-10,VTC,2020-12-10,93.1500015258789,93.62999725341795,93.1500015258789,93.56999969482422,30900.0,0.0101370278214989,0.0330322668679203,0.0215846473447096,0.004077661159596,0.0028783521016374,-0.0028783521016374
VTC_2020-12-11,VTC,2020-12-11,93.54000091552734,93.66999816894533,93.5,93.63200378417967,48100.0,0.0094006212577328,0.0220718607177874,0.0157362409877601,0.0006626492418262,0.0028747938685801,-0.0028747938685801
VTC_2020-12-14,VTC,2020-12-14,93.73999786376952,93.73999786376952,93.51399993896484,93.61900329589844,31700.0,0.008065042825079,0.0233821585097562,0.0157236006674176,-0.0001388466310215,0.002871957572054,-0.002871957572054
VTC_2020-12-15,VTC,2020-12-15,93.68000030517578,93.75,93.5999984741211,93.73999786376952,38200.0,0.0092048846194248,0.0272876478221317,0.0182462662207782,0.0012924146125403,0.002875679652754,-0.002875679652754
VTC_2020-12-16,VTC,2020-12-16,93.66000366210938,93.88999938964844,93.5199966430664,93.7300033569336,41900.0,0.0087172320700601,0.0249765351438886,0.0168468836069743,-0.000106619448087,0.0028757084038953,-0.0028757084038953
VTC_2020-12-17,VTC,2020-12-17,93.94000244140624,93.97000122070312,93.64900207519533,93.80999755859376,47300.0,0.0112541096017155,0.0255933238941452,0.0184237167479304,0.0008534535239004,0.0028677591128497,-0.0028677591128497
VTC_2020-12-18,VTC,2020-12-18,93.81999969482422,93.9499969482422,93.62000274658205,93.7300033569336,85400.0,0.011984458836485,0.0244948024649827,0.0182396306507338,-0.0008527257620938,0.0028620728921056,-0.0028620728921056
VTC_2020-12-21,VTC,2020-12-21,93.79000091552734,93.79000091552734,93.48999786376952,93.54100036621094,80300.0,0.0085283058351584,0.0239285964528557,0.016228451144007,-0.0020164620073992,0.0028711641627761,-0.0028711641627761
VTC_2020-12-22,VTC,2020-12-22,93.79000091552734,93.8499984741211,93.6500015258789,93.80500030517578,24000.0,0.0165918698175984,0.028563634255514,0.0225777520365562,0.0028222911657058,0.0028098795226136,-0.0028098795226136
VTC_2020-12-23,VTC,2020-12-23,93.58000183105467,93.63999938964844,93.3000030517578,93.5999984741211,38600.0,0.0168386243452025,0.0256972362202916,0.021267930282747,-0.0021854040870716,0.0028063003215323,-0.0028063003215323
VTC_2020-12-24,VTC,2020-12-24,93.77999877929688,93.91000366210938,93.7699966430664,93.86000061035156,23500.0,0.019663199332824,0.0280394027713504,0.0238513010520872,0.0027778006460368,0.0028237740801201,-0.0028237740801201
VTC_2020-12-28,VTC,2020-12-28,93.8499984741211,93.98999786376952,93.73500061035156,93.9499969482422,54400.0,0.0176559495104653,0.0264393991174476,0.0220476743139564,0.0009588358971384,0.0028051210071067,-0.0028051210071067
VTC_2020-12-29,VTC,2020-12-29,93.7699966430664,93.98999786376952,93.7699966430664,93.98999786376952,50200.0,0.0186409589604374,0.0229647439423825,0.02080285145141,0.0004257681407839,0.0028031884161826,-0.0028031884161826
VTC_2020-12-30,VTC,2020-12-30,94.0,94.0999984741211,93.91999816894533,94.05999755859376,114600.0,0.0205609138419393,0.0233033606919594,0.0219321372669494,0.0007447568508907,0.0027976736508535,-0.0027976736508535
VTC_2020-12-31,VTC,2020-12-31,94.11000061035156,94.19000244140624,94.08000183105467,94.16500091552734,38100.0,0.0207588175124915,0.0239778365920733,0.0223683270522824,0.0011163444573574,0.0027984465482945,-0.0027984465482945
VTC_2021-01-04,VTC,2021-01-04,93.9499969482422,93.99500274658205,93.8000030517578,93.80999755859376,58100.0,0.017903578894526,0.0164697868456809,0.0171866828701034,-0.003770013842532,0.002841292929231,-0.002841292929231
VTC_2021-01-05,VTC,2021-01-05,93.5199966430664,93.60299682617188,93.33000183105467,93.55999755859376,68600.0,0.0179522775621931,0.0130803904348051,0.0155163339984991,-0.0026649611609237,0.0028404870815927,-0.0028404870815927
VTC_2021-01-06,VTC,2021-01-06,92.91999816894533,92.9499969482422,92.61000061035156,92.9000015258789,101200.0,0.0109474434047092,0.0047588410746604,0.0078531422396848,-0.0070542544884262,0.0029869634575207,-0.0029869634575207
VTC_2021-01-07,VTC,2021-01-07,92.61000061035156,92.9000015258789,92.61000061035156,92.87000274658205,90400.0,0.0109950155619382,0.0013477815116524,0.0061713985367953,-0.0003229147341672,0.0029868303475392,-0.0029868303475392
VTC_2021-01-08,VTC,2021-01-08,92.88999938964844,92.88999938964844,92.5999984741211,92.79000091552734,47700.0,0.0077106762636185,0.0019977058677995,0.004854191065709,-0.0008614388789565,0.0029760025525347,-0.0029760025525347
VTC_2021-01-11,VTC,2021-01-11,92.58000183105467,92.6500015258789,92.5,92.52999877929688,51500.0,0.0036879957575306,0.0001081078317486,0.0018980517946396,-0.0028020490749554,0.0029953967257212,-0.0029953967257212
VTC_2021-01-12,VTC,2021-01-12,92.44000244140624,92.6500015258789,92.20999908447266,92.62999725341795,76600.0,0.0001079087296429,-0.0029063968571166,-0.0013992440637368,0.0010807140974853,0.0029401225288599,-0.0029401225288599
VTC_2021-01-13,VTC,2021-01-13,92.6999969482422,93.29000091552734,92.6999969482422,93.23999786376952,42300.0,0.0078909924406231,0.0023974066767475,0.0051441995586853,0.0065853463072305,0.0030502575379204,-0.0030502575379204
VTC_2021-01-14,VTC,2021-01-14,93.0500030517578,93.37999725341795,92.91000366210938,92.9499969482422,35900.0,0.003237942983514,-0.0031102630005529,6.383999148057429e-05,-0.0031102630005529,0.0030719665509927,-0.0030719665509927
VTC_2021-01-15,VTC,2021-01-15,93.13999938964844,93.13999938964844,92.97000122070312,93.0469970703125,248400.0,0.0046101739480481,-0.0054831178032042,-0.000436471927578,0.0010435731603553,0.003074069967917,-0.003074069967917
VTC_2021-01-19,VTC,2021-01-19,93.1500015258789,93.23999786376952,93.0,93.18000030517578,67900.0,0.0078961966579866,-0.0050186995520042,0.0014387485529911,0.0014294199603537,0.0030688129503268,-0.0030688129503268
VTC_2021-01-20,VTC,2021-01-20,93.22000122070312,93.27200317382812,93.1729965209961,93.22000122070312,32900.0,0.0099674771238027,-0.0061833881895998,0.0018920444671014,0.0004292864927701,0.0030607975578404,-0.0030607975578404
VTC_2021-01-21,VTC,2021-01-21,93.01000213623048,93.06999969482422,92.7689971923828,92.97000122070312,46600.0,0.0083514565937912,-0.0114832726848538,-0.0015659080455313,-0.0026818278988015,0.0030778647292853,-0.0030778647292853
VTC_2021-01-22,VTC,2021-01-22,92.95999908447266,92.97000122070312,92.8000030517578,92.86000061035156,34000.0,0.0085037208180456,-0.0141727171165967,-0.0028344981492755,-0.0011831839185462,0.0030767609782995,-0.0030767609782995
VTC_2021-01-25,VTC,2021-01-25,93.19000244140624,93.23999786376952,92.96499633789062,93.16000366210938,2004200.0,0.0142624410424718,-0.0099893180367078,0.0021365615028819,0.0032307026683819,0.0030826789899451,-0.0030826789899451
VTC_2021-01-26,VTC,2021-01-26,92.87999725341795,93.30999755859376,92.87999725341795,93.2300033569336,225800.0,0.012599149190337,-0.0070294604005248,0.002784844394906,0.000751392143329,0.0030709867077373,-0.0030709867077373
VTC_2021-01-27,VTC,2021-01-27,93.4499969482422,93.48999786376952,93.04499816894533,93.0999984741211,43600.0,0.0100352090234692,-0.0082662339799658,0.0008844875217516,-0.0013944532675256,0.0030751146705396,-0.0030751146705396
VTC_2021-01-28,VTC,2021-01-28,93.1999969482422,93.1999969482422,92.9530029296875,92.95999908447266,23800.0,0.00497296307538,-0.0125345263737651,-0.0037807816491925,-0.0015037528672715,0.0030516037043754,-0.0030516037043754
VTC_2021-01-29,VTC,2021-01-29,92.73999786376952,92.9739990234375,92.7040023803711,92.79000091552734,37100.0,0.006661152538804,-0.014758965652414,-0.004048906556805,-0.0018287238663894,0.0030270654044151,-0.0030270654044151
VTC_2021-02-01,VTC,2021-02-01,92.86000061035156,92.86000061035156,92.5999984741211,92.8000030517578,71700.0,0.0099031849837172,-0.0160109696312718,-0.0030538923237772,0.0001077932550033,0.0029990019617316,-0.0029990019617316
VTC_2021-02-02,VTC,2021-02-02,92.61000061035156,92.66000366210938,92.51000213623048,92.61499786376952,47500.0,0.0105291469920829,-0.0160947565479019,-0.0027828047779094,-0.0019935903222448,0.002990783620193,-0.002990783620193
VTC_2021-02-03,VTC,2021-02-03,92.5,92.5500030517578,92.33999633789062,92.41999816894533,115600.0,0.00763188987054,-0.0207671025801141,-0.006567606354787,-0.0021054872247692,0.0030034259820167,-0.0030034259820167
VTC_2021-02-04,VTC,2021-02-04,92.37000274658205,92.52999877929688,92.25,92.5,115600.0,0.0079547061527407,-0.0196078272818257,-0.0058265605645425,0.0008656333330414,0.0030044202602762,-0.0030044202602762
VTC_2021-02-05,VTC,2021-02-05,92.58999633789062,92.58999633789062,92.27999877929688,92.27999877929688,49200.0,-0.0058177215826629,-0.0245243100660184,-0.0151710158243406,-0.0023783915751689,0.0026486685247711,-0.0026486685247711
VTC_2021-02-08,VTC,2021-02-08,92.0999984741211,92.62000274658205,92.0999984741211,92.55999755859376,67600.0,-0.0052660448908472,-0.0193876665206903,-0.0123268557057688,0.0030342304183006,0.0026582743100028,-0.0026582743100028
VTC_2021-02-09,VTC,2021-02-09,92.47000122070312,92.65499877929688,92.45999908447266,92.45999908447266,56500.0,-0.0040930339121834,-0.0190649461319778,-0.0115789900220806,-0.0010803638370647,0.0026468444740232,-0.0026468444740232
VTC_2021-02-10,VTC,2021-02-10,92.66000366210938,92.6999969482422,92.54000091552734,92.66999816894533,41900.0,0.0038999092175584,-0.0117308149034941,-0.0039154528429678,0.0022712425540996,0.0025618188185464,-0.0025618188185464
VTC_2021-02-11,VTC,2021-02-11,92.77999877929688,92.77999877929688,92.45500183105467,92.50499725341795,39600.0,0.0041792715518584,-0.012226420222156,-0.0040235743351487,-0.0017805214070099,0.0025583430877904,-0.0025583430877904
VTC_2021-02-12,VTC,2021-02-12,92.3000030517578,92.4000015258789,92.19000244140624,92.26000213623048,55400.0,0.0,-0.0071028416457225,-0.0035514208228612,-0.0026484527805163,0.002574079936175,-0.002574079936175
VTC_2021-02-16,VTC,2021-02-16,92.0500030517578,92.0500030517578,91.68000030517578,91.68000030517578,92200.0,-0.0092932850858364,-0.0097213383892696,-0.009507311737553,-0.0062866011015073,0.0026633638284009,-0.0026633638284009
VTC_2021-02-17,VTC,2021-02-17,91.9000015258789,92.01000213623048,91.83499908447266,92.01000213623048,54800.0,-0.0072291558776341,-0.0081174428175798,-0.007673299347607,0.003599496400046,0.0026970707973838,-0.0026970707973838
VTC_2021-02-18,VTC,2021-02-18,92.0,92.02999877929688,91.74500274658205,91.93000030517578,63800.0,-0.0112927835432209,-0.011186413917092,-0.0112395987301565,-0.0008694905901235,0.0026642610210201,-0.0026642610210201
VTC_2021-02-19,VTC,2021-02-19,91.8000030517578,91.8000030517578,91.3730010986328,91.44000244140624,102400.0,-0.0186735121063623,-0.0145489649833078,-0.016611238544835,-0.0053301192444569,0.0027248682304113,-0.0027248682304113
VTC_2021-02-22,VTC,2021-02-22,91.3000030517578,91.3499984741211,90.83999633789062,90.8499984741211,117300.0,-0.0265097840831585,-0.0233282976484289,-0.0249190408657937,-0.0064523616746752,0.0028222816742255,-0.0028222816742255
VTC_2021-02-23,VTC,2021-02-23,90.62000274658205,90.95999908447266,90.62000274658205,90.95999908447266,55100.0,-0.0299669154227438,-0.0240343126300047,-0.0270006140263743,0.0012107937501275,0.0027511194958967,-0.0027511194958967
VTC_2021-02-24,VTC,2021-02-24,90.27999877929688,91.02999877929688,90.27999877929688,91.0,52100.0,-0.0292297623875722,-0.0225563749574585,-0.0258930686725153,0.0004397638074973,0.0027534922921104,-0.0027534922921104
VTC_2021-02-25,VTC,2021-02-25,90.80999755859376,90.80999755859376,89.41400146484375,89.8499984741211,131000.0,-0.0423150845621047,-0.0313713194813822,-0.0368432020217435,-0.0126373794052626,0.0031457890746033,-0.0031457890746033
VTC_2021-02-26,VTC,2021-02-26,90.33000183105467,90.86000061035156,90.12999725341795,90.83000183105467,45600.0,-0.0302156920820151,-0.0205951701176501,-0.0254054310998326,0.0109071048812074,0.0034647199545592,-0.0034647199545592
VTC_2021-03-01,VTC,2021-03-01,90.44000244140624,90.75,90.44000244140624,90.73999786376952,51200.0,-0.0314351259173844,-0.0159418852109138,-0.0236885055641491,-0.0009909057081444,0.0034639649311897,-0.0034639649311897
VTC_2021-03-02,VTC,2021-03-02,90.37999725341795,90.72000122070312,90.37999725341795,90.61000061035156,50700.0,-0.0356534536692507,-0.0188413415540783,-0.0272473976116645,-0.0014326345214722,0.0034376899247862,-0.0034376899247862
VTC_2021-03-03,VTC,2021-03-03,90.37000274658205,90.4000015258789,90.04000091552734,90.06999969482422,49600.0,-0.0448365498966935,-0.0277522822259178,-0.0362944160613056,-0.0059596171712822,0.0034615984293313,-0.0034615984293313
VTC_2021-03-04,VTC,2021-03-04,90.08999633789062,90.1520004272461,89.3949966430664,89.4800033569336,148200.0,-0.0453430048840983,-0.0363988502175519,-0.0408709275508251,-0.0065504201164611,0.0034752269922712,-0.0034752269922712
VTC_2021-03-05,VTC,2021-03-05,89.33999633789062,89.44100189208984,89.13999938964844,89.375,51700.0,-0.044730629198369,-0.0423765322346612,-0.0435535807165151,-0.0011734840522383,0.0034729428432727,-0.0034729428432727
VTC_2021-03-08,VTC,2021-03-08,89.1500015258789,89.21499633789062,88.66000366210938,88.66000366210938,295600.0,-0.054998892021948,-0.0489165146844154,-0.0519577033531817,-0.0079999590253496,0.0035621430077475,-0.0035621430077475
VTC_2021-03-09,VTC,2021-03-09,89.12999725341797,89.2699966430664,89.0999984741211,89.19000244140625,68800.0,-0.0448703676938514,-0.0347402492582602,-0.0398053084760558,0.0059778790593867,0.0036315353707252,-0.0036315353707252
VTC_2021-03-10,VTC,2021-03-10,89.2300033569336,89.61000061035156,89.2300033569336,89.54000091552734,93800.0,-0.0422504763985338,-0.0311620570274552,-0.0367062667129945,0.0039241895340347,0.0036709762383799,-0.0036709762383799
VTC_2021-03-11,VTC,2021-03-11,89.80000305175781,89.80000305175781,89.51000213623047,89.62999725341797,35100.0,-0.0412878457434153,-0.0310270567198057,-0.0361574512316105,0.0010050964593526,0.0036761522698703,-0.0036761522698703
VTC_2021-03-12,VTC,2021-03-12,89.19999694824219,89.19999694824219,88.70999908447266,88.75,45200.0,-0.0476446220097259,-0.0406339121212271,-0.0441392670654765,-0.0098181109046548,0.0038406216913573,-0.0038406216913573
VTC_2021-03-15,VTC,2021-03-15,88.5999984741211,89.05000305175781,88.5999984741211,88.93000030517578,66000.0,-0.0495885369753302,-0.0399541895327777,-0.044771363254054,0.0020281724526849,0.0038074578274104,-0.0038074578274104
VTC_2021-03-16,VTC,2021-03-16,88.94999694824219,89.08999633789062,88.80999755859375,88.86000061035156,41400.0,-0.0509655137235715,-0.0420439999575598,-0.0465047568405656,-0.0007871325152817,0.0038028544314567,-0.0038028544314567
VTC_2021-03-17,VTC,2021-03-17,88.72000122070312,89.08000183105469,88.46099853515625,88.95999908447266,46500.0,-0.0497655822792753,-0.0421019010064935,-0.0459337416428844,0.0011253485644184,0.0038098508926064,-0.0038098508926064
VTC_2021-03-18,VTC,2021-03-18,88.47000122070312,88.61199951171875,88.26000213623047,88.4800033569336,90100.0,-0.0561125946949579,-0.0474242200353967,-0.0517684073651773,-0.0053956354820021,0.0038435581201502,-0.0038435581201502
VTC_2021-03-19,VTC,2021-03-19,88.45999908447266,88.69000244140625,88.41999816894531,88.58000183105469,51000.0,-0.0549450692567156,-0.0467068061064717,-0.0508259376815936,0.0011301816266631,0.0038508738845171,-0.0038508738845171
VTC_2021-03-22,VTC,2021-03-22,88.83000183105469,89.08000183105469,88.77999877929688,88.91999816894531,35500.0,-0.052126633801415,-0.041459163049669,-0.046792898425542,0.0038382968035954,0.0038908160243431,-0.0038908160243431
VTC_2021-03-23,VTC,2021-03-23,88.91999816894531,89.16999816894531,88.91999816894531,89.13999938964844,824300.0,-0.0489704876015627,-0.0375729135579412,-0.0432717005797519,0.0024741478321348,0.0039131796225045,-0.0039131796225045
VTC_2021-03-24,VTC,2021-03-24,89.06999969482422,89.37999725341797,89.04000091552734,89.37999725341797,226800.0,-0.0444832009119288,-0.0363342614186742,-0.0404087311653015,0.0026923700405296,0.0039342723131121,-0.0039342723131121
VTC_2021-03-25,VTC,2021-03-25,89.4000015258789,89.4739990234375,89.18499755859375,89.30999755859375,42400.0,-0.0479185835718611,-0.0321217726547307,-0.0400201781132959,-0.0007831695790474,0.0039081330973471,-0.0039081330973471
VTC_2021-03-26,VTC,2021-03-26,89.2300033569336,89.3550033569336,89.05999755859375,89.2300033569336,31000.0,-0.0466879827823473,-0.030635519840652,-0.0386617513114996,-0.0008956914550095,0.0039039835843073,-0.0039039835843073
VTC_2021-03-29,VTC,2021-03-29,89.13999938964844,89.19100189208984,88.94000244140625,89.06999969482422,37300.0,-0.0510334635028658,-0.0323737453355431,-0.0417036044192045,-0.0017931598799715,0.0038797410204199,-0.0038797410204199
VTC_2021-03-30,VTC,2021-03-30,88.91000366210938,89.27999877929688,88.88999938964844,89.26000213623047,38300.0,-0.04992011670416,-0.0331455542537799,-0.04153283547897,0.0021331811166189,0.0038912474325427,-0.0038912474325427
VTC_2021-03-31,VTC,2021-03-31,89.33000183105469,89.66600036621094,89.33000183105469,89.4000015258789,59400.0,-0.0488349445921194,-0.0311043158296588,-0.0399696302108891,0.0015684448386497,0.003899730867532,-0.003899730867532
VTC_2021-04-01,VTC,2021-04-01,89.55999755859375,89.73999786376953,89.52999877929688,89.73999786376953,63200.0,-0.0459281289278487,-0.0263115393877163,-0.0361198341577825,0.0038030909629482,0.00393795328837,-0.00393795328837
VTC_2021-04-05,VTC,2021-04-05,89.73999786376953,89.73999786376953,89.35900115966797,89.4000015258789,45500.0,-0.0506026585601903,-0.0308942924023967,-0.0407484754812935,-0.0037886822596848,0.0039491650173774,-0.0039491650173774
VTC_2021-04-06,VTC,2021-04-06,89.41999816894531,89.9000015258789,89.41999816894531,89.9000015258789,28300.0,-0.0416799502662035,-0.0245225916495882,-0.0331012709578958,0.0055928410678522,0.0040118893668348,-0.0040118893668348
VTC_2021-04-07,VTC,2021-04-07,89.62999725341797,89.95999908447266,89.62999725341797,89.7300033569336,38700.0,-0.0409362366567138,-0.0237188577773336,-0.0323275472170237,-0.0018909695890981,0.0040068561779358,-0.0040068561779358
VTC_2021-04-08,VTC,2021-04-08,89.83000183105469,90.02999877929688,89.80999755859375,90.0199966430664,31000.0,-0.0310011284769486,-0.020393068171723,-0.0256970983243358,0.0032318430322493,0.0039510878963874,-0.0039510878963874
VTC_2021-04-09,VTC,2021-04-09,89.91999816894531,90.08000183105467,89.76499938964844,89.93000030517578,118800.0,-0.031657180515314,-0.0210102361457886,-0.0263337083305513,-0.0009997371833667,0.0039515407137226,-0.0039515407137226
VTC_2021-04-12,VTC,2021-04-12,89.76000213623047,89.83000183105469,89.75,89.83000183105469,31600.0,-0.0318999790415708,-0.0244352731891579,-0.0281676261153643,-0.0011119590101384,0.0039520334641863,-0.0039520334641863
VTC_2021-04-13,VTC,2021-04-13,89.83000183105469,90.1760025024414,89.81300354003906,90.16000366210938,26100.0,-0.0256132621685257,-0.0220197280132092,-0.0238164950908675,0.0036736260083276,0.0039755159272828,-0.0039755159272828
VTC_2021-04-14,VTC,2021-04-14,90.16000366210938,90.2030029296875,90.05000305175781,90.11000061035156,35100.0,-0.0272049737427084,-0.027100000667222,-0.0271524872049652,-0.0005546034796671,0.0039710016901909,-0.0039710016901909
VTC_2021-04-15,VTC,2021-04-15,90.27999877929688,90.7750015258789,90.2300033569336,90.61000061035156,41800.0,-0.0282067493959038,-0.0205383362015382,-0.024372542798721,0.0055487736834236,0.0039435179360043,-0.0039435179360043
VTC_2021-04-16,VTC,2021-04-16,90.23999786376952,90.30999755859376,90.1230010986328,90.1230010986328,48200.0,-0.0304141575301349,-0.027274693854595,-0.028844425692365,-0.0053746772810763,0.0039783548859021,-0.0039783548859021
VTC_2021-04-19,VTC,2021-04-19,89.83000183105469,89.98500061035156,89.83000183105469,89.91999816894531,35800.0,-0.0336066611478521,-0.0291514197535086,-0.0313790404506804,-0.0022525096502868,0.003979637126146,-0.003979637126146
VTC_2021-04-20,VTC,2021-04-20,89.79000091552734,90.18000030517578,89.79000091552734,90.11000061035156,33800.0,-0.0329469809483751,-0.0253109401312439,-0.0291289605398095,0.0021130165177412,0.0039860055242676,-0.0039860055242676
VTC_2021-04-21,VTC,2021-04-21,89.97000122070312,90.27999877929688,89.97000122070312,90.27999877929688,23500.0,-0.0315383222796322,-0.0218852026616748,-0.0267117624706535,0.0018865627321478,0.0039958419270041,-0.0039958419270041
VTC_2021-04-22,VTC,2021-04-22,90.23999786376952,90.45999908447266,90.23999786376952,90.37999725341795,29200.0,-0.0278584912689924,-0.0197396936558027,-0.0237990924623975,0.0011076481554406,0.0039909979488562,-0.0039909979488562
VTC_2021-04-23,VTC,2021-04-23,90.52999877929688,90.58999633789062,90.3499984741211,90.45999908447266,33600.0,-0.0258453748665102,-0.0175614359007671,-0.0217034053836387,0.0008851718686202,0.0039932968635687,-0.0039932968635687
VTC_2021-04-26,VTC,2021-04-26,90.41999816894533,90.52999877929688,90.41999816894533,90.46499633789062,41300.0,-0.0289288022571737,-0.0150789565513241,-0.0220038794042489,5.524268702794544e-05,0.0039665829018118,-0.0039665829018118
VTC_2021-04-27,VTC,2021-04-27,90.4800033569336,90.4800033569336,90.10700225830078,90.12000274658205,37200.0,-0.0333583663881768,-0.0211795042327104,-0.0272689353104436,-0.0038135588932101,0.0039857808402881,-0.0039857808402881
VTC_2021-04-28,VTC,2021-04-28,90.0199966430664,90.14900207519533,89.88999938964844,90.13999938964844,36300.0,-0.0317937608269182,-0.0220776088389893,-0.0269356848329537,0.000221889064103,0.0039853324282771,-0.0039853324282771
VTC_2021-04-29,VTC,2021-04-29,89.9800033569336,90.0999984741211,89.7750015258789,90.0749969482422,31400.0,-0.0310348769862708,-0.0262162492081924,-0.0286255630972316,-0.0007211275998044,0.0039833879850434,-0.0039833879850434
VTC_2021-04-30,VTC,2021-04-30,90.12999725341795,90.23999786376952,90.08899688720705,90.20999908447266,288900.0,-0.0278047397952224,-0.0213287988694962,-0.0245667693323593,0.0014987748077086,0.0039874426666636,-0.0039874426666636
VTC_2021-05-03,VTC,2021-05-03,90.06999969482422,90.33499908447266,90.02200317382812,90.18000030517578,32400.0,-0.0282327872890343,-0.0186091968204462,-0.0234209920547402,-0.0003325438377267,0.0039868534549876,-0.0039868534549876
VTC_2021-05-04,VTC,2021-05-04,90.3000030517578,90.41999816894533,90.12999725341795,90.27999877929688,26400.0,-0.0252118894167364,-0.0149482021142703,-0.0200800457655034,0.0011088764003404,0.0039865982934044,-0.0039865982934044
VTC_2021-05-05,VTC,2021-05-05,90.25,90.37000274658205,90.15799713134766,90.3499984741211,33900.0,-0.0223977465465887,-0.0149367938110405,-0.0186672701788146,0.0007753621596222,0.0039832107193341,-0.0039832107193341
VTC_2021-05-06,VTC,2021-05-06,90.33999633789062,90.52999877929688,90.29499816894533,90.48600006103516,836900.0,-0.0217729723131334,-0.0139914637572154,-0.0178822180351744,0.0015052749220911,0.0039871768765533,-0.0039871768765533
VTC_2021-05-07,VTC,2021-05-07,90.58999633789062,90.81999969482422,90.39099884033205,90.44499969482422,42800.0,-0.0198851225481847,-0.0255871580242251,-0.0227361402862049,-0.0004531128150573,0.0039786825367537,-0.0039786825367537
VTC_2021-05-10,VTC,2021-05-10,90.41999816894533,90.50399780273438,90.0999984741211,90.0999984741211,32500.0,-0.0265773460388804,-0.0317034334324073,-0.0291403897356438,-0.0038144863935786,0.0039793712593609,-0.0039793712593609
VTC_2021-05-11,VTC,2021-05-11,89.9800033569336,89.9800033569336,89.76899719238281,89.83999633789062,44900.0,-0.0283366079658767,-0.0323136591806996,-0.0303251335732882,-0.0028857063333375,0.0039906899674326,-0.0039906899674326
VTC_2021-05-12,VTC,2021-05-12,89.75,89.75,89.37000274658203,89.43000030517578,284400.0,-0.034962748762148,-0.031199191090758,-0.033080969926453,-0.0045636247710078,0.0040084299348088,-0.0040084299348088
VTC_2021-05-13,VTC,2021-05-13,89.51000213623047,89.83799743652344,89.51000213623047,89.72000122070312,36800.0,-0.0301064387374155,-0.0260529901685002,-0.0280797144529579,0.003242769926621,0.0040335779461511,-0.0040335779461511
VTC_2021-05-14,VTC,2021-05-14,89.88999938964844,90.08000183105467,89.88999938964844,90.05000305175781,37900.0,-0.023954032444194,-0.023954032444194,-0.023954032444194,0.0036781300330448,0.0040573315137432,-0.0040573315137432
VTC_2021-05-17,VTC,2021-05-17,90.12999725341795,90.12999725341795,89.947998046875,89.98999786376953,23900.0,-0.0184337089417618,-0.0275556843152131,-0.0229946966284875,-0.0006663540916682,0.003986459733768,-0.003986459733768
VTC_2021-05-18,VTC,2021-05-18,89.91999816894531,89.91999816894531,89.7699966430664,89.7699966430664,36200.0,-0.0243452390083364,-0.0313983993583011,-0.0278718191833187,-0.002444729702474,0.0039640745040844,-0.0039640745040844
VTC_2021-05-19,VTC,2021-05-19,89.6500015258789,89.9000015258789,89.51000213623047,89.63500213623047,24500.0,-0.0249646270132352,-0.0359754904273584,-0.0304700587202968,-0.0015037820194278,0.0039661339909898,-0.0039661339909898
VTC_2021-05-20,VTC,2021-05-20,89.79000091552734,90.16899871826172,89.79000091552734,90.08999633789062,19300.0,-0.0147638458822294,-0.0331616651337735,-0.0239627555080014,0.0050760773226583,0.0039739067541565,-0.0039739067541565
VTC_2021-05-21,VTC,2021-05-21,90.22000122070312,90.31999969482422,90.1500015258789,90.18000030517578,21400.0,-0.0073747735850118,-0.0336890540127694,-0.0205319137988906,0.0009990450765209,0.003895791423092,-0.003895791423092
VTC_2021-05-24,VTC,2021-05-24,90.36000061035156,90.45999908447266,90.29000091552734,90.4000015258789,29700.0,-0.0061565255522231,-0.0359389488944456,-0.0210477372233343,0.0024395788418565,0.0039055744657319,-0.0039055744657319
VTC_2021-05-25,VTC,2021-05-25,90.5,90.7300033569336,90.37999725341795,90.72000122070312,41600.0,-0.0030769096626029,-0.0322167347118493,-0.0176468221872261,0.0035398195732618,0.0039318042573518,-0.0039318042573518
VTC_2021-05-26,VTC,2021-05-26,90.77999877929688,90.77999877929688,90.54399871826172,90.66000366210938,44700.0,0.0090150829353834,-0.0336814756234663,-0.0123331963440414,-0.0006613487410321,0.0035874103433499,-0.0035874103433499
VTC_2021-05-27,VTC,2021-05-27,90.43000030517578,90.54000091552734,90.36000061035156,90.43000030517578,23800.0,-0.0044038480437653,-0.0344864748093139,-0.0194451614265396,-0.0025369881716619,0.0033275807089496,-0.0033275807089496
VTC_2021-05-28,VTC,2021-05-28,90.48999786376952,90.6500015258789,90.48999786376952,90.52999877929688,18100.0,-0.0023142945714845,-0.0336766703476044,-0.0179954824595445,0.0011058108347188,0.0033286518158403,-0.0033286518158403
VTC_2021-06-01,VTC,2021-06-01,90.18000030517578,90.36000061035156,90.08899688720705,90.31999969482422,53800.0,-0.0032005398253381,-0.0387398831962096,-0.0209702115107739,-0.0023196629548688,0.0033365414955129,-0.0033365414955129
VTC_2021-06-02,VTC,2021-06-02,90.4800033569336,90.52999877929688,90.4000015258789,90.45999908447266,36200.0,0.004329958820582,-0.0407007314908209,-0.0181853863351194,0.00155003753456,0.0032549907614107,-0.0032549907614107
VTC_2021-06-03,VTC,2021-06-03,90.26000213623048,90.29000091552734,90.13999938964844,90.22000122070312,21500.0,0.008269980286184,-0.0374480103544221,-0.014589015034119,-0.0026530827570031,0.0031627935012676,-0.0031627935012676
VTC_2021-06-04,VTC,2021-06-04,90.3499984741211,90.71900177001952,90.25,90.69000244140624,40200.0,0.0147133140297202,-0.0306754509627914,-0.0079810684665356,0.0052095013782293,0.0032218645920487,-0.0032218645920487
VTC_2021-06-07,VTC,2021-06-07,90.5,90.6790008544922,90.5,90.6500015258789,20300.0,0.0224452716171046,-0.0337880854749159,-0.0056714069289056,-0.0004410730449938,0.0030461268752199,-0.0030461268752199
VTC_2021-06-08,VTC,2021-06-08,90.95999908447266,90.95999908447266,90.83000183105467,90.91999816894533,27900.0,0.0193967449286214,-0.0263439618422411,-0.0034736084568098,0.0029784516108291,0.002979569773885,-0.002979569773885
VTC_2021-06-09,VTC,2021-06-09,91.19000244140624,91.3000030517578,91.08999633789062,91.16000366210938,31100.0,0.0180925031272933,-0.0249223901476105,-0.0034149435101585,0.0026397437087282,0.0029587577283054,-0.0029587577283054
VTC_2021-06-10,VTC,2021-06-10,91.12000274658205,91.50900268554688,91.0009994506836,91.50900268554688,22800.0,0.0209640242073894,-0.0211893809336618,-0.0001126783631362,0.0038284226570579,0.0029909856652464,-0.0029909856652464
VTC_2021-06-11,VTC,2021-06-11,91.54000091552734,91.61000061035156,91.49500274658205,91.54000091552734,18400.0,0.0314366300341109,-0.0177057783308498,0.0068654258516305,0.0003387451405953,0.0026939397344419,-0.0026939397344419
VTC_2021-06-14,VTC,2021-06-14,91.47000122070312,91.52899932861328,91.2300033569336,91.3000030517578,28100.0,0.0266502050876984,-0.0242598765680234,0.0011951642598375,-0.002621781312751,0.0027148748694333,-0.0027148748694333
VTC_2021-06-15,VTC,2021-06-15,91.25,91.38999938964844,91.19000244140624,91.31999969482422,45300.0,0.0276839868059384,-0.0246924555271143,0.001495765639412,0.0002190212748962,0.0027106081237634,-0.0027106081237634
VTC_2021-06-16,VTC,2021-06-16,91.37999725341795,91.56999969482422,90.9540023803711,91.12999725341795,28200.0,0.0243929652796506,-0.0265865471202846,-0.001096790920317,-0.0020806224489839,0.0027275212770007,-0.0027275212770007
VTC_2021-06-17,VTC,2021-06-17,91.4000015258789,91.8499984741211,91.2300033569336,91.5,27700.0,0.0341319679982781,-0.0238958599831083,0.0051180540075848,0.0040601641362187,0.002663640475423,-0.002663640475423
VTC_2021-06-18,VTC,2021-06-18,91.66999816894533,92.05999755859376,91.62999725341795,91.93299865722656,38800.0,0.0378527518272908,-0.0191721395001326,0.0093403061635791,0.004732225762039,0.0027147608911873,-0.0027147608911873
VTC_2021-06-21,VTC,2021-06-21,91.6500015258789,91.6750030517578,91.48999786376952,91.48999786376952,25900.0,0.0289023813286779,-0.0247308363202458,0.002085772504216,-0.0048187353825885,0.0027664761607681,-0.0027664761607681
VTC_2021-06-22,VTC,2021-06-22,91.2699966430664,91.66999816894533,91.2699966430664,91.62999725341795,21500.0,0.0279335638413598,-0.0224048440019637,0.002764359919698,0.0015302152466645,0.0027579133126756,-0.0027579133126756
VTC_2021-06-23,VTC,2021-06-23,91.54000091552734,91.66000366210938,91.43000030517578,91.51000213623048,19300.0,0.0238308900007384,-0.0217123851790032,0.0010592524108676,-0.0013095615058854,0.0027513049240548,-0.0027513049240548
VTC_2021-06-24,VTC,2021-06-24,91.54000091552734,91.72000122070312,91.54000091552734,91.66999816894533,32200.0,0.0264248200074492,-0.0227600035103102,0.0018324082485695,0.0017483993987525,0.0027525646059374,-0.0027525646059374
VTC_2021-06-25,VTC,2021-06-25,91.7699966430664,91.7699966430664,91.26300048828124,91.4499969482422,29100.0,0.0248794520653361,-0.0229701021466718,0.0009546749593321,-0.0023999260946604,0.0027706071505922,-0.0027706071505922
VTC_2021-06-28,VTC,2021-06-28,91.72000122070312,91.83000183105467,91.68000030517578,91.8000030517578,34200.0,0.030650088315788,-0.0219475553505011,0.0043512664826434,0.003827294862718,0.0027894720380905,-0.0027894720380905
VTC_2021-06-29,VTC,2021-06-29,91.62000274658205,91.85199737548828,91.62000274658205,91.83200073242188,22000.0,0.0288146822164083,-0.0225438667867882,0.00313540771481,0.0003485586013112,0.0027814956055496,-0.0027814956055496
VTC_2021-06-30,VTC,2021-06-30,92.0,92.12000274658205,91.95999908447266,92.0,60900.0,0.0290827564848359,-0.0211724429088066,0.0039551567880146,0.0018294196602297,0.0027833745705085,-0.0027833745705085
VTC_2021-07-01,VTC,2021-07-01,91.79000091552734,91.83499908447266,91.5999984741211,91.75,38600.0,0.0223980631165354,-0.0245587669418636,-0.001080351912664,-0.0027173913043477,0.0027782447332837,-0.0027782447332837
VTC_2021-07-02,VTC,2021-07-02,91.6999969482422,91.9800033569336,91.6999969482422,91.94000244140624,29600.0,0.0284116428654876,-0.0236287203577588,0.0023914612538644,0.0020708712959807,0.0027350167870676,-0.0027350167870676
VTC_2021-07-06,VTC,2021-07-06,92.02999877929688,92.4800033569336,92.02999877929688,92.25,42800.0,0.0261401383118398,-0.0166293316191527,0.0047554033463435,0.0033717375501629,0.0026814243690796,-0.0026814243690796
VTC_2021-07-07,VTC,2021-07-07,92.44000244140624,92.63999938964844,92.3249969482422,92.51000213623048,36700.0,0.0309818196288083,-0.011222696128286,0.0098795617502611,0.0028184513412519,0.0026817968819716,-0.0026817968819716
VTC_2021-07-08,VTC,2021-07-08,92.52999877929688,92.66000366210938,92.48999786376952,92.58999633789062,26100.0,0.02854920896092,-0.0033369772109413,0.0126061158749893,0.0008647086781203,0.002659220941472,-0.002659220941472
VTC_2021-07-09,VTC,2021-07-09,92.25,92.30999755859376,92.23999786376952,92.26000213623048,24500.0,0.0259090606376946,-0.0065683276872091,0.0096703664752427,-0.0035640373119347,0.0027010710806316,-0.0027010710806316
VTC_2021-07-12,VTC,2021-07-12,92.41999816894533,92.41999816894533,92.1500015258789,92.19000244140624,30300.0,0.0262718530807786,-0.0064661975234521,0.0099028277786632,-0.0007587220160789,0.002698226597061,-0.002698226597061
VTC_2021-07-13,VTC,2021-07-13,92.43499755859376,92.43499755859376,91.83999633789062,91.9010009765625,27300.0,0.0193100847796969,-0.0067977716527876,0.0062561565634546,-0.0031348460482731,0.0027019630271133,-0.0027019630271133
VTC_2021-07-14,VTC,2021-07-14,92.18000030517578,92.33000183105467,92.18000030517578,92.29000091552734,15500.0,0.0241926566464294,-0.0036704776851115,0.0102610894806589,0.0042328150382611,0.0027443230730771,-0.0027443230730771
VTC_2021-07-15,VTC,2021-07-15,92.5500030517578,92.55999755859376,92.25,92.5199966430664,31900.0,0.0210793071388264,-0.0077220209909816,0.0066786430739224,0.0024920980090743,0.002677737544755,-0.002677737544755
VTC_2021-07-16,VTC,2021-07-16,92.5199966430664,92.5199966430664,92.3550033569336,92.41000366210938,27900.0,0.0253764581249755,-0.0058095030001293,0.009783477562423,-0.0011888563007775,0.0025840809233014,-0.0025840809233014
VTC_2021-07-19,VTC,2021-07-19,92.79000091552734,93.04499816894533,92.79000091552734,92.9499969482422,42400.0,0.0336966063278161,-0.0010424852507275,0.0163270605385442,0.0058434505435933,0.002650440967322,-0.002650440967322
VTC_2021-07-20,VTC,2021-07-20,93.3000030517578,93.31999969482422,92.73999786376952,92.87000274658205,70000.0,0.0306292544394171,-0.0033268679714365,0.0136511932339902,-0.0008606154307321,0.0026482657866082,-0.0026482657866082
VTC_2021-07-21,VTC,2021-07-21,92.55999755859376,92.62999725341795,92.4800033569336,92.52999877929688,34400.0,0.0249224637840377,-0.007401871190418,0.0087602962968098,-0.003661074159898,0.0026926843119813,-0.0026926843119813
VTC_2021-07-22,VTC,2021-07-22,92.62999725341795,92.91000366210938,92.62000274658205,92.86900329589844,13000.0,0.0275393462947506,-0.0010863496125479,0.0132264983411013,0.0036637255060401,0.0027226947807768,-0.0027226947807768
VTC_2021-07-23,VTC,2021-07-23,92.5199966430664,92.79000091552734,92.5199966430664,92.7750015258789,17100.0,0.0255914488706159,-0.0009153465853324,0.0123380511426417,-0.0010121974682987,0.002728122892288,-0.002728122892288
VTC_2021-07-26,VTC,2021-07-26,92.8000030517578,92.88999938964844,92.61000061035156,92.63999938964844,19000.0,0.0240424820627205,-0.0055818404038173,0.0092303208294515,-0.0014551563892221,0.0027378639797346,-0.0027378639797346
VTC_2021-07-27,VTC,2021-07-27,92.8499984741211,92.98999786376952,92.81999969482422,92.9499969482422,27500.0,0.0314025090480536,-0.0030033937424562,0.0141995576527986,0.0033462603695613,0.0027093993118099,-0.0027093993118099
VTC_2021-07-28,VTC,2021-07-28,92.77999877929688,93.13999938964844,92.7699966430664,93.12999725341795,56500.0,0.033170600000169,0.0003222210503601,0.0167464105252646,0.0019365283602534,0.0027152222353575,-0.0027152222353575
VTC_2021-07-29,VTC,2021-07-29,92.95999908447266,92.9800033569336,92.87000274658205,92.91999816894533,15500.0,0.0315848050745746,-0.000430302451821,0.0155772513113767,-0.0022549027237829,0.0027333615001465,-0.0027333615001465
VTC_2021-07-30,VTC,2021-07-30,92.8499984741211,93.06999969482422,92.8499984741211,92.98999786376952,497000.0,0.0308169693771271,0.0021553717670963,0.0164861705721117,0.000753332933745,0.0027305687330135,-0.0027305687330135
VTC_2021-08-02,VTC,2021-08-02,93.05999755859376,93.1999969482422,92.90499877929688,93.0199966430664,14000.0,0.0314925296992667,0.0023706205180393,0.016931575108653,0.0003226022151419,0.0027286496769303,-0.0027286496769303
VTC_2021-08-03,VTC,2021-08-03,93.04000091552734,93.20899963378906,93.04000091552734,93.1500015258789,110500.0,0.031790017560791,0.0057766417367557,0.0187833296487733,0.0013976014567207,0.0027299378827275,-0.0027299378827275
VTC_2021-08-04,VTC,2021-08-04,93.2699966430664,93.33000183105467,92.83499908447266,93.18000030517578,30800.0,0.0313226549955647,0.0082233515612191,0.0197730032783919,0.0003220480816474,0.0027297992380357,-0.0027297992380357
VTC_2021-08-05,VTC,2021-08-05,93.0999984741211,93.0999984741211,92.87000274658205,92.87999725341795,17300.0,0.0264571004439138,0.0041080784153293,0.0152825894296215,-0.0032196077567641,0.0027662116667678,-0.0027662116667678
VTC_2021-08-06,VTC,2021-08-06,92.48999786376952,92.48999786376952,92.2300033569336,92.25,19200.0,0.0199568833132415,-0.0003250843053067,0.0098158995039673,-0.0067829163657169,0.0029096120278605,-0.0029096120278605
VTC_2021-08-09,VTC,2021-08-09,92.27999877929688,92.27999877929688,91.91400146484376,91.93000030517578,41100.0,0.0203107864822029,-0.0068063663573367,0.006752210062433,-0.0034688313802083,0.0029020100216185,-0.0029020100216185
VTC_2021-08-10,VTC,2021-08-10,91.9499969482422,92.11000061035156,91.6999969482422,91.6999969482422,37500.0,0.0207034804782946,-0.0082197938974248,0.0062418432904348,-0.0025019401302083,0.0028955609308521,-0.0028955609308521
VTC_2021-08-11,VTC,2021-08-11,91.66000366210938,91.9800033569336,91.59500122070312,91.88999938964844,18300.0,0.0275075374715199,-0.0084169504123101,0.0095452935296048,0.0020720005204959,0.0028347507495303,-0.0028347507495303
VTC_2021-08-12,VTC,2021-08-12,91.87999725341795,91.93000030517578,91.76000213623048,91.90699768066406,14500.0,0.0243757961458461,-0.00646451100491,0.008955642570468,0.0001849852119766,0.0028119832505527,-0.0028119832505527
VTC_2021-08-13,VTC,2021-08-13,92.18000030517578,92.43000030517578,92.08000183105467,92.43000030517578,22900.0,0.0264297298474274,0.0018425987969767,0.0141361643222021,0.0056905636971074,0.0028609848083209,-0.0028609848083209
VTC_2021-08-16,VTC,2021-08-16,92.55999755859376,92.76000213623048,92.5,92.51000213623048,25800.0,0.028003159598646,0.0090532485633929,0.0185282040810195,0.0008655396601813,0.0028581269770081,-0.0028581269770081
VTC_2021-08-17,VTC,2021-08-17,92.3000030517578,92.45800018310548,92.3000030517578,92.38999938964844,23900.0,0.0291857284678243,0.0041299559243062,0.0166578421960652,-0.0012971867237159,0.0028430466450967,-0.0028430466450967
VTC_2021-08-18,VTC,2021-08-18,92.4000015258789,92.44000244140624,92.19499969482422,92.27999877929688,13800.0,0.0295085243490755,0.0038072280317547,0.0166578761904151,-0.0011906116579527,0.0028398283592943,-0.0028398283592943
VTC_2021-08-19,VTC,2021-08-19,92.12999725341795,92.53500366210938,92.12999725341795,92.48999786376952,15700.0,0.0266400446602026,0.0114828892643141,0.0190614669622584,0.0022756728137252,0.0027879424050789,-0.0027879424050789
VTC_2021-08-20,VTC,2021-08-20,92.61000061035156,92.66999816894533,92.5,92.58000183105467,24700.0,0.0266134566173996,0.0190424148155201,0.0228279357164599,0.0009731210872956,0.0027878576583084,-0.0027878576583084
VTC_2021-08-23,VTC,2021-08-23,92.66999816894533,92.68000030517578,92.58999633789062,92.63999938964844,20400.0,0.0247787370128338,0.0184696605330394,0.0216241987729366,0.0006480617563957,0.0027760456831139,-0.0027760456831139
VTC_2021-08-24,VTC,2021-08-24,92.54000091552734,92.55999755859376,92.41500091552734,92.43000030517578,18000.0,0.018849196003785,0.0157142890678656,0.0172817425358253,-0.0022668295105378,0.0027662380875142,-0.0027662380875142
VTC_2021-08-25,VTC,2021-08-25,92.38999938964844,92.41999816894533,92.13999938964844,92.20999908447266,25000.0,0.0170967941733173,0.0262660061261024,0.0216814001497098,-0.0023801927942956,0.0027842924297388,-0.0027842924297388
VTC_2021-08-26,VTC,2021-08-26,92.18000030517578,92.23999786376952,92.08000183105467,92.20999908447266,17800.0,0.0196837197090553,0.0151931875547552,0.0174384536319053,0.0,0.0027612476601086,-0.0027612476601086
VTC_2021-08-27,VTC,2021-08-27,92.2300033569336,92.61499786376952,92.16999816894533,92.61499786376952,17700.0,0.023031029632019,0.0206634344736815,0.0218472320528503,0.0043921351623248,0.0028071232109528,-0.0028071232109528
VTC_2021-08-30,VTC,2021-08-30,92.62000274658205,92.73999786376952,92.5,92.73999786376952,33300.0,0.0267936024924939,0.0235073086753143,0.0251504555839041,0.0013496734101734,0.0027885193194941,-0.0027885193194941
VTC_2021-08-31,VTC,2021-08-31,92.7699966430664,92.83699798583984,92.5500030517578,92.55999755859376,16200.0,0.0232146638887327,0.0276451412479867,0.0254299025683597,-0.0019409134065343,0.0028004342340342,-0.0028004342340342
VTC_2021-09-01,VTC,2021-09-01,92.66999816894533,92.66999816894533,92.30999755859376,92.47000122070312,27800.0,0.024939037569905,0.0334152632051487,0.0291771503875268,-0.0009723027254151,0.0027791120001228,-0.0027791120001228
VTC_2021-09-02,VTC,2021-09-02,92.5999984741211,92.5999984741211,92.48500061035156,92.55999755859376,29600.0,0.0206196390654604,0.0356363363199301,0.0281279876926953,0.000973249018088,0.0027111591325139,-0.0027111591325139
VTC_2021-09-03,VTC,2021-09-03,92.48999786376952,92.48999786376952,92.3000030517578,92.37000274658205,20000.0,0.0189740892636622,0.0418452394679769,0.0304096643658196,-0.0020526665624795,0.0027260910771276,-0.0027260910771276
VTC_2021-09-07,VTC,2021-09-07,92.0199966430664,92.0500030517578,91.83999633789062,91.93000030517578,37900.0,0.0111086906794002,0.0307209080476209,0.0209147993635105,-0.0047634776261014,0.002777509425647,-0.002777509425647
VTC_2021-09-08,VTC,2021-09-08,92.01000213623048,92.29900360107422,92.0019989013672,92.24299621582033,38000.0,0.0118801284577074,0.0301875728462746,0.021033850651991,0.0034047200000599,0.0027900835315231,-0.0027900835315231
VTC_2021-09-09,VTC,2021-09-09,92.12999725341795,92.72100067138672,92.12999725341795,92.70999908447266,49500.0,0.0131243523989958,0.0343635158477841,0.02374393412339,0.0050627460925021,0.0028202070880055,-0.0028202070880055
VTC_2021-09-10,VTC,2021-09-10,92.70999908447266,92.70999908447266,92.41000366210938,92.5199966430664,26600.0,0.0107056556449391,0.0424788354148326,0.0265922455298859,-0.0020494277131113,0.0028344750757823,-0.0028344750757823
VTC_2021-09-13,VTC,2021-09-13,92.62000274658205,92.75,92.62000274658205,92.6999969482422,47100.0,0.0153339961630751,0.0423928553933334,0.0288634257782043,0.0019455286609035,0.0028202133937806,-0.0028202133937806
VTC_2021-09-14,VTC,2021-09-14,92.83999633789062,93.08999633789062,92.7699966430664,92.9499969482422,124400.0,0.0178492910519618,0.0460274173958781,0.0319383542239199,0.0026968717176936,0.0028370660939373,-0.0028370660939373
VTC_2021-09-15,VTC,2021-09-15,92.87999725341795,92.94000244140624,92.75,92.8499984741211,50300.0,0.0188741498139202,0.0437275115746647,0.0313008306942924,-0.0010758308488895,0.0028263579413843,-0.0028263579413843
VTC_2021-09-16,VTC,2021-09-16,92.73999786376952,92.7699966430664,92.55999755859376,92.75,46200.0,0.0136612021857922,0.0482594538998939,0.0309603280428431,-0.0010769895074254,0.0027900192270182,-0.0027900192270182
VTC_2021-09-17,VTC,2021-09-17,92.55999755859376,92.61000061035156,92.4499969482422,92.58000183105467,112100.0,0.0070377686280034,0.0451569193645879,0.0260973439962957,-0.0018328643552056,0.0027409107092959,-0.0027409107092959
VTC_2021-09-20,VTC,2021-09-20,92.66000366210938,92.81999969482422,92.61499786376952,92.8000030517578,120200.0,0.0143185617944696,0.0436347836562096,0.0289766727253396,0.00237633631834,0.0026812687343504,-0.0026812687343504
VTC_2021-09-21,VTC,2021-09-21,92.8270034790039,92.8499984741211,92.75,92.79000091552734,16000.0,0.0126596496440047,0.0409468426169046,0.0268032461304547,-0.0001077816368699,0.0026763870381456,-0.0026763870381456
VTC_2021-09-22,VTC,2021-09-22,92.7300033569336,93.02999877929688,92.7300033569336,93.02999877929688,25800.0,0.0166101694632634,0.0408368945853747,0.0287235320243191,0.0025864625649483,0.0026858628617131,-0.0026858628617131
VTC_2021-09-23,VTC,2021-09-23,92.73999786376952,92.9000015258789,92.37000274658205,92.48999786376952,34900.0,0.0089451261176307,0.0356063194726823,0.0222757227951565,-0.0058045890853815,0.0027853136453112,-0.0027853136453112
VTC_2021-09-24,VTC,2021-09-24,92.43000030517578,92.43000030517578,92.16999816894533,92.26000213623048,31000.0,0.0088573560964329,0.0339571743281958,0.0214072652123143,-0.002486709188574,0.0027866138166057,-0.0027866138166057
VTC_2021-09-27,VTC,2021-09-27,92.04000091552734,92.26000213623048,92.0199966430664,92.1989974975586,26400.0,0.004346344581011,0.0351296487420578,0.0197379966615344,-0.0006612252033314,0.0027480304111826,-0.0027480304111826
VTC_2021-09-28,VTC,2021-09-28,91.81999969482422,91.81999969482422,91.43000030517578,91.47000122070312,26800.0,-0.0039419756602443,0.024759119780209,0.0104085720599823,-0.0079067701020802,0.0029257349945411,-0.0029257349945411
VTC_2021-09-29,VTC,2021-09-29,91.66000366210938,91.72000122070312,91.30999755859376,91.43000030517578,15700.0,-0.006195648856785,0.0227069210810835,0.0082556361121492,-0.0004373118508091,0.0029160655237917,-0.0029160655237917
VTC_2021-09-30,VTC,2021-09-30,91.30999755859376,91.35800170898438,91.18000030517578,91.23999786376952,37600.0,-0.005558606389433,0.016714954710352,0.0055781741604594,-0.0020781192253316,0.0029078919617729,-0.0029078919617729
VTC_2021-10-01,VTC,2021-10-01,91.22000122070312,91.68000030517578,91.22000122070312,91.61000061035156,83900.0,-0.0035893171882933,0.0247203472791095,0.010565515045408,0.0040552691280693,0.0029421591240572,-0.0029421591240572
VTC_2021-10-04,VTC,2021-10-04,91.36000061035156,91.5,91.29000091552734,91.43000030517578,25100.0,-0.0088888855807502,0.0170188960325705,0.0040650052259101,-0.001964854316958,0.0029187020037669,-0.0029187020037669
VTC_2021-10-05,VTC,2021-10-05,91.37000274658205,91.38999938964844,91.12000274658205,91.16999816894533,59700.0,-0.0144849630995776,0.0160480860151495,0.0007815614577859,-0.0028437289222642,0.0029133835385936,-0.0029133835385936
VTC_2021-10-06,VTC,2021-10-06,91.12000274658205,91.20999908447266,91.0469970703125,91.16999816894533,21000.0,-0.0153364102506632,0.0127749563293002,-0.0012807269606814,0.0,0.0029101905844678,-0.0029101905844678
VTC_2021-10-07,VTC,2021-10-07,91.01000213623048,91.5199966430664,90.8000030517578,90.8000030517578,23600.0,-0.0158248325457098,0.0096742215459766,-0.0030753054998666,-0.0040582990525227,0.0029199430217618,-0.0029199430217618
VTC_2021-10-08,VTC,2021-10-08,90.7699966430664,90.89199829101562,90.41999816894533,90.45999908447266,27300.0,-0.0187656287137331,0.0070132165265099,-0.0058762060936115,-0.0037445369587855,0.0029524014737658,-0.0029524014737658
VTC_2021-10-11,VTC,2021-10-11,90.30999755859376,90.47000122070312,90.30999755859376,90.30999755859376,22800.0,-0.017312144601934,0.0016636411977812,-0.0078242517020764,-0.0016582083506193,0.0029353156614765,-0.0029353156614765
VTC_2021-10-12,VTC,2021-10-12,90.37999725341795,90.77899932861328,90.37999725341795,90.76000213623048,25600.0,-0.0165781640927413,0.0072134227219642,-0.0046823706853885,0.0049828877178825,0.0029553390128141,-0.0029553390128141
VTC_2021-10-13,VTC,2021-10-13,90.91000366210938,91.15499877929688,90.91000366210938,91.13999938964844,24500.0,-0.0149156647588506,0.005849230501344,-0.0045332171287533,0.0041868361004175,0.0029883319943529,-0.0029883319943529
VTC_2021-10-14,VTC,2021-10-14,90.9800033569336,91.5,90.9800033569336,91.45999908447266,24000.0,-0.0102803218265237,0.0148352581421098,0.002277468157793,0.0035110785271803,0.0030225824026928,-0.0030225824026928
VTC_2021-10-15,VTC,2021-10-15,91.3499984741211,91.3499984741211,91.13999938964844,91.27999877929688,26400.0,-0.0179666296264134,0.0151245622558435,-0.0014210336852849,-0.0019680768311568,0.0029311976452686,-0.0029311976452686
VTC_2021-10-18,VTC,2021-10-18,91.13999938964844,91.2699966430664,90.97000122070312,91.19000244140624,17300.0,-0.0180898057014178,0.0119853714764108,-0.0030522171125034,-0.0009859371066408,0.0029316381035749,-0.0029316381035749
VTC_2021-10-19,VTC,2021-10-19,91.8000030517578,91.8000030517578,90.78099822998048,90.79000091552734,23900.0,-0.0188046891464873,0.0056491154533269,-0.0065777868465802,-0.0043864624977492,0.0029464964670838,-0.0029464964670838
VTC_2021-10-20,VTC,2021-10-20,90.6500015258789,90.81999969482422,90.55799865722656,90.55999755859376,28400.0,-0.0248630399310708,0.0019915944970778,-0.0114357227169965,-0.0025333555965879,0.0029154162061161,-0.0029154162061161
VTC_2021-10-21,VTC,2021-10-21,90.52999877929688,90.55500030517578,90.36000061035156,90.4499969482422,17800.0,-0.0250606794868999,-0.0001105697140358,-0.0125856246004679,-0.0012146710834481,0.0029162186284665,-0.0029162186284665
VTC_2021-10-22,VTC,2021-10-22,90.4800033569336,90.7770004272461,90.4800033569336,90.66000366210938,17200.0,-0.0213730110166678,0.0021556108120579,-0.0096087001023049,0.0023217990155084,0.0029329228977479,-0.0029329228977479
VTC_2021-10-25,VTC,2021-10-25,90.66999816894533,90.88500213623048,90.66999816894533,90.7699966430664,25200.0,-0.0234534736605714,0.0072125374686478,-0.0081204680959618,0.0012132470385395,0.0029018457094103,-0.0029018457094103
VTC_2021-10-26,VTC,2021-10-26,90.9000015258789,91.08999633789062,90.8000030517578,91.08000183105467,21600.0,-0.0220121924494961,0.010428249919804,-0.005791971264846,0.0034152825763262,0.0029266982684892,-0.0029266982684892
VTC_2021-10-27,VTC,2021-10-27,91.4499969482422,91.71499633789062,91.3290023803711,91.58000183105467,21200.0,-0.0144209681908763,0.0167083534144025,0.0011436926117631,0.0054896792923593,0.0030069031436902,-0.0030069031436902
VTC_2021-10-28,VTC,2021-10-28,91.52999877929688,91.52999877929688,91.2699966430664,91.4000015258789,19600.0,-0.0170985737651049,0.0131914693879104,-0.0019535521885972,-0.0019654979425293,0.0030121256060256,-0.0030121256060256
VTC_2021-10-29,VTC,2021-10-29,91.16000366210938,91.52400207519533,91.13999938964844,91.41000366210938,21400.0,-0.0173080309509668,0.0136394250695406,-0.0018343029407131,0.0001094325608697,0.0030115697108263,-0.0030115697108263
VTC_2021-11-01,VTC,2021-11-01,91.08999633789062,91.1500015258789,90.9000015258789,91.1500015258789,24700.0,-0.0214707457567175,0.0096367164194239,-0.0059170146686468,-0.0028443510098911,0.003021030208517,-0.003021030208517
VTC_2021-11-02,VTC,2021-11-02,91.18000030517578,91.43000030517578,91.16999816894533,91.41999816894533,16600.0,-0.0188881962917604,0.011842830247869,-0.0035226830219456,0.0029621134234403,0.003048546690287,-0.003048546690287
VTC_2021-11-03,VTC,2021-11-03,91.47000122070312,91.51499938964844,91.11000061035156,91.26000213623048,27300.0,-0.0174418084096988,0.008553832357196,-0.0044439880262514,-0.0017501207166857,0.003031406179275,-0.003031406179275
VTC_2021-11-04,VTC,2021-11-04,91.3000030517578,91.72000122070312,91.28500366210938,91.61000061035156,29400.0,-0.0069376627604166,0.0128807664266485,0.0029715518331159,0.0038351793329853,0.0029580116289118,-0.0029580116289118
VTC_2021-11-05,VTC,2021-11-05,91.93000030517578,92.27799987792967,91.83999633789062,92.2300033569336,46300.0,0.0032633857365593,0.0236404541496666,0.013451919943113,0.0067678500431314,0.0030500434942124,-0.0030500434942124
VTC_2021-11-08,VTC,2021-11-08,92.08000183105467,92.08000183105467,91.89099884033205,92.0,70400.0,0.0032715710113613,0.0240427843962229,0.0136571777037921,-0.0024938018926821,0.0030499335682462,-0.0030499335682462
VTC_2021-11-09,VTC,2021-11-09,92.43000030517578,92.43000030517578,92.19000244140624,92.1999969482422,33700.0,0.0033735723218286,0.0309739084604041,0.0171737403911164,0.0021738798721977,0.0030510463091313,-0.0030510463091313
VTC_2021-11-10,VTC,2021-11-10,92.16999816894533,92.16999816894533,91.33999633789062,91.43000030517578,44700.0,-0.0051900006259113,0.0190592851226809,0.0069346422483848,-0.0083513738454749,0.0032296415588013,-0.0032296415588013
VTC_2021-11-11,VTC,2021-11-11,91.5500030517578,91.5500030517578,91.1449966430664,91.16000366210938,14800.0,-0.0137400913001543,0.0123264916461309,-0.0007067998270116,-0.0029530421323986,0.0031635760949726,-0.0031635760949726
VTC_2021-11-12,VTC,2021-11-12,91.26000213623048,91.28199768066406,91.0,91.0999984741211,23900.0,-0.0152416347373229,0.0123347109312295,-0.0014534619030467,-0.0006582402981322,0.003161008240622,-0.003161008240622
VTC_2021-11-15,VTC,2021-11-15,91.0,91.01000213623048,90.52999877929688,90.52999877929688,27700.0,-0.0201320556622923,0.0084661040954729,-0.0058329757834096,-0.0062568573476555,0.0032483451522286,-0.0032483451522286
VTC_2021-11-16,VTC,2021-11-16,90.51000213623048,90.7300033569336,90.41000366210938,90.41000366210938,22700.0,-0.0202643600121832,0.0086461929760544,-0.0058090835180644,-0.0013254735314869,0.0032489741438282,-0.0032489741438282
VTC_2021-11-17,VTC,2021-11-17,90.29000091552734,90.7300033569336,90.29000091552734,90.7300033569336,28000.0,-0.0190290252728544,0.0071040853042392,-0.0059624699843076,0.0035394279599871,0.003269095836655,-0.003269095836655
VTC_2021-11-18,VTC,2021-11-18,90.6500015258789,90.93099975585938,90.6500015258789,90.87000274658205,27400.0,-0.0184705017352789,0.0076513909854873,-0.0054095553748957,0.0015430330041728,0.00327346026525,-0.00327346026525
VTC_2021-11-19,VTC,2021-11-19,91.06999969482422,91.2689971923828,91.06999969482422,91.1259994506836,29200.0,-0.0163428319186066,0.008030950360071,-0.0041559407792677,0.0028171750452727,0.0032948300865517,-0.0032948300865517
VTC_2021-11-22,VTC,2021-11-22,90.94000244140624,90.94000244140624,90.44000244140624,90.49099731445312,31500.0,-0.0209780697210933,-0.0025242934652621,-0.0117511815931777,-0.0069683969455295,0.0033928921333217,-0.0033928921333217
VTC_2021-11-23,VTC,2021-11-23,90.41999816894533,90.41999816894533,89.94999694824219,90.0,26200.0,-0.0239670220845366,-0.0072799871547459,-0.0156235046196412,-0.0054259244457979,0.0034438806796195,-0.0034438806796195
VTC_2021-11-24,VTC,2021-11-24,90.0999984741211,90.31999969482422,89.86000061035156,90.29000091552734,28700.0,-0.0208220170047548,-0.0015481520421981,-0.0111850845234764,0.0032222323947481,0.0034734032187634,-0.0034734032187634
VTC_2021-11-26,VTC,2021-11-26,90.5,90.93000030517578,90.5,90.93000030517578,23900.0,-0.018193571208329,0.0044184417460788,-0.0068875647311251,0.0070882642945944,0.0035482998607623,-0.0035482998607623
VTC_2021-11-29,VTC,2021-11-29,90.5500030517578,91.0199966430664,90.5500030517578,91.0199966430664,29700.0,-0.0185464876032206,0.0077501876728007,-0.0053981499652099,0.0009897320750971,0.0035459139555,-0.0035459139555
VTC_2021-11-30,VTC,2021-11-30,91.18000030517578,91.45700073242188,91.0500030517578,91.2300033569336,27100.0,-0.0143689956432663,0.0085120968411893,-0.0029284494010384,0.0023072590816579,0.0035544133028353,-0.0035544133028353
VTC_2021-12-01,VTC,2021-12-01,90.88999938964844,91.01499938964844,90.73999786376952,90.91999816894533,43600.0,-0.0167622259251226,0.0077587778626804,-0.0045017240312211,-0.0033980617842945,0.0035757307850614,-0.0035757307850614
VTC_2021-12-02,VTC,2021-12-02,90.94000244140624,91.13999938964844,90.9010009765625,91.13999938964844,19800.0,-0.0153413807951584,0.0049619245355401,-0.0051897281298091,0.002419723109698,0.0035884116875623,-0.0035884116875623
VTC_2021-12-03,VTC,2021-12-03,91.22000122070312,91.91000366210938,91.1500015258789,91.73999786376952,40900.0,-0.0068204488911941,0.0120242285663882,0.002601889837597,0.0065832617746235,0.0036817464299041,-0.0036817464299041
VTC_2021-12-06,VTC,2021-12-06,91.77999877929688,91.77999877929688,91.33499908447266,91.37999725341795,38100.0,-0.0059828461865768,0.0050593829051543,-0.0004617316407112,-0.0039241401649708,0.0036660914431374,-0.0036660914431374
VTC_2021-12-07,VTC,2021-12-07,91.38999938964844,91.5989990234375,91.30699920654295,91.31999969482422,15800.0,-0.0100061420255319,0.0017551121795462,-0.0041255149229928,-0.000656572120782,0.0036392822978632,-0.0036392822978632
VTC_2021-12-08,VTC,2021-12-08,91.38999938964844,91.38999938964844,90.72000122070312,90.87999725341795,41900.0,-0.0197389909300645,-0.0068737000040354,-0.01330634546705,-0.0048182483889255,0.0036237571651614,-0.0036237571651614
VTC_2021-12-09,VTC,2021-12-09,90.94000244140624,91.11000061035156,90.81500244140624,90.83999633789062,44000.0,-0.0181582400143945,-0.0076469802341675,-0.012902610124281,-0.000440150932397,0.0036169631947649,-0.0036169631947649
VTC_2021-12-10,VTC,2021-12-10,91.0,91.20700073242188,90.84200286865234,90.86000061035156,23500.0,-0.0198489363372684,-0.0048193036878301,-0.0123341200125492,0.0002202143688616,0.0036063229435021,-0.0036063229435021
VTC_2021-12-13,VTC,2021-12-13,91.13999938964844,91.4000015258789,91.13999938964844,91.22000122070312,33600.0,-0.0186121117196206,-0.0010950336668339,-0.0098535726932272,0.0039621462462389,0.0036268134195014,-0.0036268134195014
VTC_2021-12-14,VTC,2021-12-14,91.01000213623048,91.0479965209961,90.8000030517578,90.93000030517578,24800.0,-0.0206784943510844,-0.0021946335374729,-0.0114365639442787,-0.0031791373782784,0.003643789060868,-0.003643789060868
VTC_2021-12-15,VTC,2021-12-15,90.77999877929688,91.375,90.75,91.04000091552734,33600.0,-0.0184366478110259,-0.0050273123986083,-0.0117319801048171,0.0012097284722576,0.0036475656737598,-0.0036475656737598
VTC_2021-12-16,VTC,2021-12-16,91.05999755859376,91.23999786376952,90.9250030517578,90.98999786376952,18100.0,-0.0171743782224879,-0.0102574788947441,-0.013715928558616,-0.0005492426543824,0.0036423828847986,-0.0036423828847986
VTC_2021-12-17,VTC,2021-12-17,91.16000366210938,91.26100158691406,91.12999725341795,91.16999816894533,21100.0,-0.0175647072113064,-0.0034976467624436,-0.010531176986875,0.0019782427673566,0.0036380634296201,-0.0036380634296201
VTC_2021-12-20,VTC,2021-12-20,91.27999877929688,91.27999877929688,90.82599639892578,90.86000061035156,37600.0,-0.020799658218915,-0.0084033249606767,-0.0146014915897959,-0.0034002145971234,0.0036592130201077,-0.0036592130201077
VTC_2021-12-21,VTC,2021-12-21,90.4000015258789,90.9800033569336,90.4000015258789,90.97000122070312,32700.0,-0.0221433686512332,-0.0059010042937542,-0.0140221864724937,0.0012106604623887,0.0036456253018061,-0.0036456253018061
VTC_2021-12-22,VTC,2021-12-22,91.08000183105467,91.12200164794922,90.94000244140624,91.0999984741211,27000.0,-0.0150286454941407,-0.0062179525058322,-0.0106232989999864,0.0014290123301481,0.003584421957933,-0.003584421957933
VTC_2021-12-23,VTC,2021-12-23,90.9000015258789,90.9000015258789,90.68000030517578,90.8000030517578,19500.0,-0.0158248325457098,-0.0071076426263008,-0.0114662375860053,-0.0032930343291774,0.0035940220714226,-0.0035940220714226
VTC_2021-12-27,VTC,2021-12-27,90.77999877929688,91.04000091552734,90.77999877929688,90.97000122070312,21100.0,-0.0133298225600339,-0.0090414139810726,-0.0111856182705532,0.0018722264673098,0.0036034713230098,-0.0036034713230098
VTC_2021-12-28,VTC,2021-12-28,91.12999725341795,91.1999969482422,90.83999633789062,90.87000274658205,22300.0,-0.0065595109447235,-0.0104756291724806,-0.008517570058602,-0.0010992467052789,0.0034683798661483,-0.0034683798661483
VTC_2021-12-29,VTC,2021-12-29,90.5999984741211,90.65499877929688,90.44000244140624,90.48999786376952,36000.0,-0.0102811160261261,-0.0164130666981574,-0.0133470913621417,-0.0041818517808598,0.0035061581302374,-0.0035061581302374
VTC_2021-12-30,VTC,2021-12-30,90.6999969482422,90.79000091552734,90.48899841308594,90.76000213623048,40300.0,-0.0052608038007159,-0.0107901674525288,-0.0080254856266223,0.0029838023962323,0.0035194209223392,-0.0035194209223392
VTC_2021-12-31,VTC,2021-12-31,90.7699966430664,90.95500183105467,90.69000244140624,90.69000244140624,29700.0,-0.0100425517172343,-0.0135958230020347,-0.0118191873596345,-0.000771261493793,0.0034803193339421,-0.0034803193339421
VTC_2022-01-03,VTC,2022-01-03,90.2300033569336,90.30999755859376,89.93499755859375,89.94999694824219,65300.0,-0.0161872837361218,-0.0249322824038786,-0.0205597830700002,-0.0081597251432665,0.0036171253830743,-0.0036171253830743
VTC_2022-01-04,VTC,2022-01-04,89.83000183105469,89.94999694824219,89.66699981689453,89.9000015258789,37500.0,-0.0139299842993636,-0.0282131720903874,-0.0210715781948755,-0.0005558134970482,0.0036021447750372,-0.0036021447750372
VTC_2022-01-05,VTC,2022-01-05,90.01000213623047,90.04000091552734,89.47000122070312,89.51000213623047,36100.0,-0.0182077006257996,-0.0332648701099443,-0.025736285367872,-0.0043381466410339,0.0036392179118896,-0.0036392179118896
VTC_2022-01-06,VTC,2022-01-06,89.41000366210938,89.49099731445312,89.26499938964844,89.4000015258789,19700.0,-0.0154185184892654,-0.0309993555617797,-0.0232089370255226,-0.0012289197600973,0.0036092376966981,-0.0036092376966981
VTC_2022-01-07,VTC,2022-01-07,89.3499984741211,89.3499984741211,88.92500305175781,89.06999969482422,35200.0,-0.0153659009917791,-0.0338431789126485,-0.0246045399522138,-0.0036912955863782,0.0036084100621679,-0.0036084100621679
VTC_2022-01-10,VTC,2022-01-10,88.93000030517578,89.02999877929688,88.6500015258789,88.98999786376953,43800.0,-0.0146163185750038,-0.0316754233562196,-0.0231458709656117,-0.0008981905392252,0.0036048587053099,-0.0036048587053099
VTC_2022-01-11,VTC,2022-01-11,89.02999877929688,89.26000213623047,88.95700073242188,89.20999908447266,209700.0,-0.0170780411555222,-0.0333730826796047,-0.0252255619175634,0.0024722016629319,0.0035599284700584,-0.0035599284700584
VTC_2022-01-12,VTC,2022-01-12,89.30000305175781,89.43000030517578,89.22000122070312,89.22000122070312,49500.0,-0.0210664711630816,-0.0356679155004118,-0.0283671933317467,0.0001121190038462,0.0035144264330659,-0.0035144264330659
VTC_2022-01-13,VTC,2022-01-13,89.37999725341797,89.3949966430664,89.12999725341797,89.36000061035156,26500.0,-0.0229608407516113,-0.0330051177458009,-0.0279829792487061,0.0015691480355635,0.0034885987496793,-0.0034885987496793
VTC_2022-01-14,VTC,2022-01-14,89.06999969482422,89.06999969482422,88.73999786376953,88.80999755859375,29400.0,-0.0270596105799175,-0.0445400702052066,-0.0357998403925621,-0.0061549132497891,0.0035588477026786,-0.0035588477026786
VTC_2022-01-18,VTC,2022-01-18,88.35700225830078,88.35700225830078,87.98500061035156,88.0,61600.0,-0.0349819317469144,-0.0524389210999703,-0.0437104264234424,-0.0091205672881518,0.0037231527537428,-0.0037231527537428
VTC_2022-01-19,VTC,2022-01-19,88.19999694824219,88.43000030517578,88.13999938964844,88.19000244140625,20900.0,-0.0286374980493742,-0.0469036679471098,-0.037770582998242,0.0021591186523437,0.003705889407058,-0.003705889407058
VTC_2022-01-20,VTC,2022-01-20,88.19000244140625,88.3219985961914,88.04000091552734,88.12000274658203,31100.0,-0.0269434063360372,-0.0511365512794961,-0.0390399788077666,-0.0007937373045286,0.0036966179320918,-0.0036966179320918
VTC_2022-01-21,VTC,2022-01-21,88.52999877929688,88.68499755859375,88.51499938964844,88.58999633789062,18500.0,-0.0205638548712823,-0.0451091901822379,-0.0328365225267601,0.0053335630578701,0.0037655233900132,-0.0037655233900132
VTC_2022-01-24,VTC,2022-01-24,88.5999984741211,88.68000030517578,88.3499984741211,88.43000030517578,55300.0,-0.0245974329015563,-0.0454447227138375,-0.0350210778076969,-0.0018060282123119,0.0037546618966765,-0.0037546618966765
VTC_2022-01-25,VTC,2022-01-25,88.43000030517578,88.4749984741211,88.11100006103516,88.1760025024414,62700.0,-0.0285776604225879,-0.0513608886771574,-0.0399692745498727,-0.0028723035379149,0.0037618298096307,-0.0037618298096307
VTC_2022-01-26,VTC,2022-01-26,88.31999969482422,88.38500213623047,87.58100128173828,87.63999938964844,24300.0,-0.0377690203365074,-0.0589498338417273,-0.0483594270891173,-0.0060787867172604,0.0037943865321864,-0.0037943865321864
VTC_2022-01-27,VTC,2022-01-27,87.81999969482422,88.04499816894531,87.73999786376953,87.77999877929688,17000.0,-0.0414938084273899,-0.0553163957268165,-0.0484051020771032,0.0015974371362783,0.0037246152050762,-0.0037246152050762
VTC_2022-01-28,VTC,2022-01-28,87.37999725341797,87.94999694824219,87.37999725341797,87.87999725341797,37100.0,-0.0385120811126494,-0.054952153218002,-0.0467321171653257,0.0011391942983789,0.0037276770732267,-0.0037276770732267
VTC_2022-01-31,VTC,2022-01-31,87.77999877929688,87.9800033569336,87.61000061035156,87.87999725341797,50200.0,-0.0386172876848339,-0.0552569294253093,-0.0469371085550716,0.0,0.0037273589029438,-0.0037273589029438
VTC_2022-02-01,VTC,2022-02-01,87.81999969482422,87.88999938964844,87.55000305175781,87.77999877929688,22400.0,-0.036972053649667,-0.0576489818423688,-0.0473105177460179,-0.0011378980114522,0.0037171060294498,-0.0037171060294498
VTC_2022-02-02,VTC,2022-02-02,87.9000015258789,88.1500015258789,87.81999969482422,87.81999969482422,24700.0,-0.0393786758502036,-0.0575230799827958,-0.0484508779164997,0.0004556951023424,0.0036917904692925,-0.0036917904692925
VTC_2022-02-03,VTC,2022-02-03,87.3499984741211,87.3949966430664,87.1500015258789,87.33000183105469,12400.0,-0.0430637761689858,-0.059754474445347,-0.0514091253071664,-0.005579570319657,0.003741705814558,-0.003741705814558
VTC_2022-02-04,VTC,2022-02-04,86.81999969482422,86.81999969482422,86.36000061035156,86.58000183105469,36600.0,-0.0549066558867428,-0.061463394785315,-0.0581850253360289,-0.0085881138700869,0.0038257124743349,-0.0038257124743349
VTC_2022-02-07,VTC,2022-02-07,86.41000366210938,86.73999786376953,86.38999938964844,86.66999816894531,28100.0,-0.0602841264839908,-0.0572174711059402,-0.0587507987949655,0.0010394587201123,0.0037070338196307,-0.0037070338196307
VTC_2022-02-08,VTC,2022-02-08,86.52999877929688,86.625,86.4000015258789,86.44000244140625,16000.0,-0.0604347560716711,-0.0573609016563525,-0.0588978288640118,-0.0026536948470996,0.0037081417314005,-0.0037081417314005
VTC_2022-02-09,VTC,2022-02-09,86.58999633789062,86.80999755859375,86.55999755859375,86.58000183105469,32700.0,-0.0609543959132924,-0.0577864576544107,-0.0593704267838515,0.001619613439314,0.0037011838219297,-0.0037011838219297
VTC_2022-02-10,VTC,2022-02-10,86.23999786376953,86.23999786376953,85.5999984741211,85.62999725341797,38600.0,-0.0634365419708904,-0.0682973069042672,-0.0658669244375788,-0.0109725636122124,0.0037987063846238,-0.0037987063846238
VTC_2022-02-11,VTC,2022-02-11,85.88999938964844,86.12999725341797,85.5,86.11000061035156,36600.0,-0.055397135244487,-0.0683760648486151,-0.0618866000465511,0.0056055514694581,0.0038810651335394,-0.0038810651335394
VTC_2022-02-14,VTC,2022-02-14,85.80000305175781,85.80000305175781,85.5,85.52999877929688,30700.0,-0.0611416003086596,-0.0754513371068226,-0.0682964687077411,-0.0067355919979515,0.0039499569333722,-0.0039499569333722
VTC_2022-02-15,VTC,2022-02-15,85.41999816894531,85.5,85.11000061035156,85.11000061035156,27600.0,-0.0598696370488055,-0.0787963938455501,-0.0693330154471778,-0.0049105363608046,0.0039245807080199,-0.0039245807080199
VTC_2022-02-16,VTC,2022-02-16,85.2699966430664,85.2699966430664,84.88999938964844,85.19000244140625,51500.0,-0.0577369871614198,-0.0768313440797452,-0.0672841656205825,0.000939981558935,0.0039316609581945,-0.0039316609581945
VTC_2022-02-17,VTC,2022-02-17,85.36000061035156,85.47599792480469,85.15699768066406,85.26000213623047,23300.0,-0.0602887800982883,-0.0781705686509828,-0.0692296743746355,0.000821689081091,0.0038965175229197,-0.0038965175229197
VTC_2022-02-18,VTC,2022-02-18,85.45999908447266,85.45999908447266,85.19999694824219,85.43000030517578,23700.0,-0.0598657673267307,-0.0772305183027175,-0.0685481428147241,0.0019938794825935,0.0039016349140133,-0.0039016349140133
VTC_2022-02-22,VTC,2022-02-22,85.19000244140625,85.37000274658203,85.16999816894531,85.3499984741211,65200.0,-0.0633847750519148,-0.0786917202456494,-0.0710382476487821,-0.0009364606200269,0.0038713824886717,-0.0038713824886717
VTC_2022-02-23,VTC,2022-02-23,85.25,85.25,84.72000122070312,84.7300033569336,81600.0,-0.0636637248841481,-0.0833062525459172,-0.0734849887150327,-0.0072641491303071,0.0038788698490354,-0.0038788698490354
VTC_2022-02-24,VTC,2022-02-24,84.6500015258789,85.05799865722656,84.6500015258789,84.98999786376953,42200.0,-0.0556666904025607,-0.0782995476888461,-0.0669831190457034,0.0030685058011938,0.0038714469628068,-0.0038714469628068
VTC_2022-02-25,VTC,2022-02-25,85.02999877929688,85.22699737548828,85.02999877929688,85.19000244140625,22300.0,-0.0564846430657642,-0.0761305358720962,-0.0663075894689302,0.002353271945686,0.0038580434619875,-0.0038580434619875
VTC_2022-02-28,VTC,2022-02-28,85.52999877929688,86.0199966430664,85.52999877929688,85.98999786376953,11600.0,-0.0543275313408864,-0.0715326907391923,-0.0629301110400393,0.0093907195614124,0.0039450071497204,-0.0039450071497204
VTC_2022-03-01,VTC,2022-03-01,86.0999984741211,86.61000061035156,86.0999984741211,86.0999984741211,19100.0,-0.054054035930577,-0.0715980110265072,-0.0628260234785421,0.0012792256434968,0.003947386347942,-0.003947386347942
VTC_2022-03-02,VTC,2022-03-02,85.62999725341797,85.62999725341797,85.0199966430664,85.0199966430664,17900.0,-0.0680697849979331,-0.0814606861971259,-0.0747652355975295,-0.012543575495873,0.0041902985430799,-0.0041902985430799
VTC_2022-03-03,VTC,2022-03-03,85.30000305175781,85.43000030517578,85.1500015258789,85.2249984741211,41000.0,-0.0626374814069169,-0.0783497637173161,-0.0704936225621165,0.0024112189972829,0.0042030291302727,-0.0042030291302727
VTC_2022-03-04,VTC,2022-03-04,85.77999877929688,85.77999877929688,85.30000305175781,85.3499984741211,17800.0,-0.0635286477320842,-0.0778954113509833,-0.0707120295415337,0.0014667058050807,0.0041921595056478,-0.0041921595056478
VTC_2022-03-07,VTC,2022-03-07,84.80999755859375,85.05999755859375,84.48999786376953,84.48999786376953,30800.0,-0.0790276887815711,-0.0853091333604414,-0.0821684110710063,-0.0100761643318871,0.004229273246259,-0.004229273246259
VTC_2022-03-08,VTC,2022-03-08,84.0,84.19000244140625,83.62999725341797,84.05999755859375,130600.0,-0.0801050548789593,-0.0856086448434281,-0.0828568498611937,-0.0050893634281907,0.0042434714035779,-0.0042434714035779
VTC_2022-03-09,VTC,2022-03-09,83.9800033569336,84.25,83.9800033569336,84.0199966430664,13100.0,-0.079938710864577,-0.08914497479586,-0.0845418428302185,-0.0004758614880931,0.0042439850892144,-0.0042439850892144
VTC_2022-03-10,VTC,2022-03-10,83.44000244140625,83.4540023803711,83.11000061035156,83.27999877929688,28700.0,-0.0836267463007129,-0.101715029644037,-0.092670887972375,-0.0088074017297714,0.0043260957703358,-0.0043260957703358
VTC_2022-03-11,VTC,2022-03-11,83.2699966430664,83.36000061035156,83.19999694824219,83.19999694824219,309100.0,-0.0841039156500019,-0.1007349765778733,-0.0924194461139376,-0.0009606367942763,0.0043247764805096,-0.0043247764805096
VTC_2022-03-14,VTC,2022-03-14,82.69999694824219,82.69999694824219,82.19999694824219,82.19999694824219,72000.0,-0.0953115078575373,-0.1132686121431325,-0.1042900600003349,-0.0120192312100935,0.004521951499663,-0.004521951499663
VTC_2022-03-15,VTC,2022-03-15,82.55999755859375,82.71700286865234,82.4209976196289,82.66000366210938,31000.0,-0.0938390423596156,-0.1107046113391768,-0.1022718268493962,0.0055961889409417,0.0045587809953255,-0.0045587809953255
VTC_2022-03-16,VTC,2022-03-16,82.91999816894531,83.33000183105469,82.53500366210938,83.19999694824219,127400.0,-0.0850104842295221,-0.1039310897626835,-0.0944707869961028,0.0065327033899025,0.0046658397855261,-0.0046658397855261
VTC_2022-03-17,VTC,2022-03-17,83.45999908447266,84.04000091552734,83.45999908447266,83.8499984741211,29300.0,-0.0789763001878436,-0.0959568897668884,-0.087466594977366,0.0078125186264521,0.0047976662589862,-0.0047976662589862
VTC_2022-03-18,VTC,2022-03-18,83.62000274658203,84.04000091552734,83.62000274658203,83.94999694824219,24500.0,-0.0773711515640174,-0.0932167283660354,-0.0852939399650264,0.0011925876677501,0.0048070351656181,-0.0048070351656181
VTC_2022-03-21,VTC,2022-03-21,83.37999725341797,83.58599853515625,82.88999938964844,83.0199966430664,62600.0,-0.0893934593568414,-0.1053879966279391,-0.0973907279923902,-0.0110780266704375,0.0049443925409147,-0.0049443925409147
VTC_2022-03-22,VTC,2022-03-22,82.73999786376953,82.9000015258789,82.7300033569336,82.79000091552734,32400.0,-0.0888179577439362,-0.1077702327980753,-0.0982940952710057,-0.0027703654160322,0.0049410690245408,-0.0049410690245408
VTC_2022-03-23,VTC,2022-03-23,82.83999633789062,83.06500244140625,82.69999694824219,83.0,31900.0,-0.0876113126718228,-0.1078146717285454,-0.0977129922001841,0.0025365271427757,0.0049554444492325,-0.0049554444492325
VTC_2022-03-24,VTC,2022-03-24,82.56199645996094,83.11000061035156,82.44999694824219,83.04000091552734,18800.0,-0.0884741788539477,-0.1021731772787072,-0.0953236780663274,0.0004819387412933,0.0049480247545335,-0.0049480247545335
VTC_2022-03-25,VTC,2022-03-25,82.9000015258789,82.9000015258789,82.27100372314453,82.47000122070312,20700.0,-0.0917401051881727,-0.106113165931554,-0.0989266355598634,-0.0068641580989872,0.0049896748525046,-0.0049896748525046
VTC_2022-03-28,VTC,2022-03-28,82.54000091552734,82.94499969482422,82.54000091552734,82.8740005493164,26800.0,-0.088996378616561,-0.1011398952411506,-0.0950681369288558,0.0048987428475004,0.0050371457609491,-0.0050371457609491
VTC_2022-03-29,VTC,2022-03-29,83.04000091552734,83.44300079345703,83.01000213623047,83.38999938964844,18400.0,-0.0823154300742546,-0.0883349920544865,-0.0853252110643706,0.0062263054385189,0.0051294524410095,-0.0051294524410095
VTC_2022-03-30,VTC,2022-03-30,83.13999938964844,83.60199737548828,83.13999938964844,83.5,37300.0,-0.0772460827581495,-0.0867330228448755,-0.0819895528015125,0.0013191103388496,0.0051272825428745,-0.0051272825428745
VTC_2022-03-31,VTC,2022-03-31,83.54000091552734,83.76000213623047,83.47000122070312,83.51000213623047,55600.0,-0.0798810029677807,-0.0847215684844787,-0.0823012857261297,0.0001197860626402,0.0051016604783855,-0.0051016604783855
VTC_2022-04-01,VTC,2022-04-01,82.94000244140625,83.69000244140625,82.86000061035156,83.48999786376953,29700.0,-0.0793913814512083,-0.0886366411143163,-0.0840140112827623,-0.0002395434313162,0.0051030019892597,-0.0051030019892597
VTC_2022-04-04,VTC,2022-04-04,83.48999786376953,83.76000213623047,83.33000183105469,83.76000213623047,29000.0,-0.0688159535522106,-0.0838892939226111,-0.0763526237374108,0.0032339714860396,0.0050576416476923,-0.0050576416476923
VTC_2022-04-05,VTC,2022-04-05,83.48999786376953,83.48999786376953,82.47000122070312,82.47000122070312,25000.0,-0.0826473879762611,-0.095426095458732,-0.0890367417174965,-0.0154011566693759,0.0053673513242228,-0.0053673513242228
VTC_2022-04-06,VTC,2022-04-06,81.87000274658203,82.36000061035156,81.63999938964844,82.05999755859375,61800.0,-0.0832309730738037,-0.0999232290590815,-0.0915771010664426,-0.0049715491213846,0.0053736207094927,-0.0053736207094927
VTC_2022-04-07,VTC,2022-04-07,81.86000061035156,82.0979995727539,81.7300033569336,81.80999755859375,47200.0,-0.0848993717867896,-0.0990088677424335,-0.0919541197646116,-0.0030465513945633,0.0053777608123654,-0.0053777608123654
VTC_2022-04-08,VTC,2022-04-08,81.30000305175781,81.43299865722656,81.10099792480469,81.30000305175781,39800.0,-0.08723472178835,-0.1012601826820839,-0.0942474522352169,-0.006233889769654,0.0054047600208196,-0.0054047600208196
VTC_2022-04-11,VTC,2022-04-11,80.81999969482422,80.93000030517578,80.5,80.68000030517578,35200.0,-0.0933812536024005,-0.1066326820258185,-0.1000069678141095,-0.0076261097577982,0.0054601989804681,-0.0054601989804681
VTC_2022-04-12,VTC,2022-04-12,81.02999877929688,81.22200012207031,80.72000122070312,80.73999786376953,27500.0,-0.0949445276048361,-0.1104011022104314,-0.1026728149076338,0.0007436484676104,0.0054440308277207,-0.0054440308277207
VTC_2022-04-13,VTC,2022-04-13,80.72000122070312,81.13800048828125,80.72000122070312,81.04000091552734,21600.0,-0.0916834812066517,-0.1108185049567626,-0.1012509930817071,0.0037156683142844,0.0054807706983723,-0.0054807706983723
VTC_2022-04-14,VTC,2022-04-14,80.9800033569336,80.98999786376953,80.25199890136719,80.2699966430664,23300.0,-0.1017234098612143,-0.1223485955982914,-0.1120360027297528,-0.0095015333633023,0.0055573808425696,-0.0055573808425696
VTC_2022-04-18,VTC,2022-04-18,80.12000274658203,80.23500061035156,79.7300033569336,79.80000305175781,46500.0,-0.101452480064437,-0.1257668260414441,-0.1136096530529406,-0.0058551589755073,0.0055536201787147,-0.0055536201787147
VTC_2022-04-19,VTC,2022-04-19,79.4000015258789,79.61000061035156,79.19999694824219,79.19999694824219,32300.0,-0.100000034679066,-0.1314837720381483,-0.1157419033586071,-0.0075188731900983,0.005522594728734,-0.005522594728734
VTC_2022-04-20,VTC,2022-04-20,79.3499984741211,80.05000305175781,79.3499984741211,79.94000244140625,29400.0,-0.0935480187278748,-0.1195065355734067,-0.1065272771506408,0.009343504061593,0.0056747246991632,-0.0056747246991632
VTC_2022-04-21,VTC,2022-04-21,79.69999694824219,79.73999786376953,79.052001953125,79.17900085449219,27200.0,-0.1014639311553657,-0.1256735535658323,-0.113568742360599,-0.0095196592903765,0.0057619879667836,-0.0057619879667836
VTC_2022-04-22,VTC,2022-04-22,79.0,79.23899841308594,78.81500244140625,79.08000183105469,36300.0,-0.1073484016249861,-0.1257047595445881,-0.1165265805847871,-0.0012503191802006,0.0056920041315954,-0.0056920041315954
VTC_2022-04-25,VTC,2022-04-25,79.36000061035156,79.9749984741211,79.36000061035156,79.87999725341797,67300.0,-0.0966866789805651,-0.1189058677834228,-0.1077962733819939,0.0101162797652987,0.0058861705036367,-0.0058861705036367
VTC_2022-04-26,VTC,2022-04-26,80.16999816894531,80.16999816894531,79.76000213623047,79.83000183105469,34500.0,-0.0946516108070972,-0.120524349637589,-0.1075879802223431,-0.0006258816234641,0.005885116259226,-0.005885116259226
VTC_2022-04-27,VTC,2022-04-27,79.79000091552734,79.95999908447266,79.19100189208984,79.22000122070312,63400.0,-0.0960748314420896,-0.1302151995160342,-0.1131450154790619,-0.0076412451003384,0.005907715172896,-0.005907715172896
VTC_2022-04-28,VTC,2022-04-28,79.04000091552734,79.36000061035156,79.0,79.36000061035156,24200.0,-0.0959216027117465,-0.1334352585321671,-0.1146784306219568,0.0017672227656044,0.0059092288143298,-0.0059092288143298
VTC_2022-04-29,VTC,2022-04-29,78.95999908447266,79.08999633789062,78.56999969482422,78.68000030517578,18900.0,-0.1046881797425678,-0.1391685011854359,-0.1219283404640018,-0.0085685521666576,0.0059634450005033,-0.0059634450005033
VTC_2022-05-02,VTC,2022-05-02,78.08000183105469,78.2249984741211,77.91500091552734,78.16000366210938,27200.0,-0.1106053014917515,-0.1449513124294108,-0.1277783069605811,-0.0066090066223881,0.005990479472513,-0.005990479472513
VTC_2022-05-03,VTC,2022-05-03,78.63999938964844,78.77999877929688,78.36000061035156,78.4800033569336,31000.0,-0.1059466342184173,-0.1390016232237594,-0.1224741287210883,0.0040941617173868,0.0060364762415508,-0.0060364762415508
VTC_2022-05-04,VTC,2022-05-04,78.36000061035156,79.1500015258789,78.1500015258789,79.04000091552734,42700.0,-0.0999772125917501,-0.1354189181948963,-0.1176980653933232,0.0071355445290546,0.0061338670063551,-0.0061338670063551
VTC_2022-05-05,VTC,2022-05-05,78.44000244140625,78.51699829101562,77.6449966430664,78.0,51400.0,-0.1068361575109566,-0.145299165306136,-0.1260676614085463,-0.0131579061675217,0.0062845894901226,-0.0062845894901226
VTC_2022-05-06,VTC,2022-05-06,77.47000122070312,77.86000061035156,77.47000122070312,77.56999969482422,22500.0,-0.1040656265382377,-0.1532583868790071,-0.1286620067086224,-0.0055128244253305,0.0062425985675484,-0.0062425985675484
VTC_2022-05-09,VTC,2022-05-09,77.51000213623047,77.80000305175781,77.2249984741211,77.7699966430664,70700.0,-0.1026883779151602,-0.1567820252364777,-0.129735201575819,0.0025782770275752,0.0062565785814575,-0.0062565785814575
VTC_2022-05-10,VTC,2022-05-10,78.33000183105469,78.37000274658203,77.98999786376953,77.98999786376953,43200.0,-0.0977557188682936,-0.1522826319155485,-0.1250191753919211,0.0028288701324348,0.0062811675588673,-0.0062811675588673
VTC_2022-05-11,VTC,2022-05-11,77.93000030517578,78.46499633789062,77.69999694824219,78.37999725341797,27200.0,-0.0947101455788549,-0.1498915417815283,-0.1223008436801916,0.0050006334187837,0.0063235257794378,-0.0063235257794378
VTC_2022-05-12,VTC,2022-05-12,78.45999908447266,78.73899841308594,78.31999969482422,78.47000122070312,18200.0,-0.0836155116474565,-0.1417477747043056,-0.112681643175881,0.0011483027614067,0.0062159528288964,-0.0062159528288964
VTC_2022-05-13,VTC,2022-05-13,78.2300033569336,78.3499984741211,77.91300201416016,78.0,24600.0,-0.0941818668315818,-0.1443615964616215,-0.1192717316466016,-0.0059895656096806,0.0061777449853991,-0.0061777449853991
VTC_2022-05-16,VTC,2022-05-16,78.12999725341797,78.35099792480469,78.08000183105469,78.19000244140625,16900.0,-0.0858178001011187,-0.1417123627766273,-0.113765081438873,0.0024359287359776,0.0061616190373967,-0.0061616190373967
VTC_2022-05-17,VTC,2022-05-17,77.80999755859375,77.8489990234375,77.63099670410156,77.7699966430664,28500.0,-0.0862413807384279,-0.1409477776238359,-0.1135945791811319,-0.0053716048756308,0.006166122757169,-0.006166122757169
VTC_2022-05-18,VTC,2022-05-18,77.55999755859375,77.98999786376953,77.55999755859375,77.98999786376953,42500.0,-0.0845170133970695,-0.1373742428410611,-0.1109456281190653,0.0028288701324348,0.0061823135646946,-0.0061823135646946
VTC_2022-05-19,VTC,2022-05-19,78.33999633789062,78.4749984741211,78.0999984741211,78.11000061035156,17900.0,-0.0838611464547521,-0.1390940403356395,-0.1114775933951958,0.0015386940616621,0.0061870935297062,-0.0061870935297062
VTC_2022-05-20,VTC,2022-05-20,78.29000091552734,78.51000213623047,78.25499725341797,78.51000213623047,16500.0,-0.0810019682105287,-0.1360184905553607,-0.1085102293829447,0.0051210027237651,0.0062269351256069,-0.0062269351256069
VTC_2022-05-23,VTC,2022-05-23,78.37000274658203,78.5,78.08999633789062,78.29000091552734,27400.0,-0.0827181919720174,-0.140859893033085,-0.1117890425025512,-0.0028022062758498,0.0062295139632189,-0.0062295139632189
VTC_2022-05-24,VTC,2022-05-24,78.55999755859375,79.16999816894531,78.55999755859375,79.11499786376953,29300.0,-0.0662693883005089,-0.1257141570796527,-0.0959917726900808,0.0105377051806696,0.006359332531658,-0.006359332531658
VTC_2022-05-25,VTC,2022-05-25,79.47000122070312,79.73999786376953,79.3499984741211,79.73999786376953,19500.0,-0.061771974725958,-0.1140000237358941,-0.0878859992309261,0.0078998927747708,0.0064386548697734,-0.0064386548697734
VTC_2022-05-26,VTC,2022-05-26,79.77999877929688,80.04499816894531,79.62000274658203,79.70999908447266,24400.0,-0.064326836481813,-0.1171780011493524,-0.0907524188155827,-0.0003762074253892,0.0064249562677548,-0.0064249562677548
VTC_2022-05-27,VTC,2022-05-27,80.0999984741211,80.26000213623047,79.86000061035156,80.12000274658203,11000.0,-0.0682636965113907,-0.1188826297406098,-0.0935731631260002,0.0051436917177087,0.0063354643127906,-0.0063354643127906
VTC_2022-05-31,VTC,2022-05-31,79.80000305175781,79.80000305175781,79.22000122070312,79.44000244140625,54500.0,-0.0773518716695056,-0.1272247267495617,-0.1022882992095337,-0.0084872726143883,0.0063954658076582,-0.0063954658076582
VTC_2022-06-01,VTC,2022-06-01,79.55999755859375,79.80400085449219,78.78900146484375,78.98999786376953,35300.0,-0.0709244767982314,-0.134166447909418,-0.1025454623538247,-0.0056647100177097,0.0062568822776334,-0.0062568822776334
VTC_2022-06-02,VTC,2022-06-02,79.08999633789062,79.15699768066406,78.73999786376953,79.01000213623047,40800.0,-0.0729245696587231,-0.1309942396895345,-0.1019594046741288,0.0002532507026451,0.0062429759988281,-0.0062429759988281
VTC_2022-06-03,VTC,2022-06-03,78.87999725341797,78.87999725341797,78.56999969482422,78.87999725341797,9800.0,-0.0758055223945304,-0.1345183477982658,-0.1051619350963981,-0.0016454231021072,0.0062339859468668,-0.0062339859468668
VTC_2022-06-06,VTC,2022-06-06,78.87000274658203,78.87000274658203,78.33999633789062,78.33999633789062,27000.0,-0.0727896991522604,-0.1460649862427225,-0.1094273426974914,-0.0068458536299447,0.0061730507269389,-0.0061730507269389
VTC_2022-06-07,VTC,2022-06-07,78.58000183105469,78.8949966430664,78.55000305175781,78.75,18400.0,-0.0631691376732723,-0.1382140253122578,-0.100691581492765,0.0052336441316767,0.0062045361155136,-0.0062045361155136
VTC_2022-06-08,VTC,2022-06-08,78.48999786376953,78.76000213623047,78.33000183105469,78.33000183105469,10100.0,-0.0677219119179919,-0.1422470204465602,-0.104984466182276,-0.0053333100818452,0.0062278500498319,-0.0062278500498319
VTC_2022-06-09,VTC,2022-06-09,78.18000030517578,78.34700012207031,77.91999816894531,77.91999816894531,27200.0,-0.0643611994346479,-0.14260562803863,-0.103483413736639,-0.0052343119178484,0.0061724903123578,-0.0061724903123578
VTC_2022-06-10,VTC,2022-06-10,77.69000244140625,77.69000244140625,77.0,77.27999877929688,32200.0,-0.0711538267558841,-0.1492734269622343,-0.1102136268590592,-0.0082135447213538,0.0062383373229811,-0.0062383373229811
VTC_2022-06-13,VTC,2022-06-13,76.27999877929688,76.27999877929688,75.38999938964844,75.77999877929688,46800.0,-0.0781021704050392,-0.165969642634326,-0.1220359065196826,-0.0194099381947951,0.0065095922919703,-0.0065095922919703
VTC_2022-06-14,VTC,2022-06-14,75.98999786376953,76.15499877929688,75.27999877929688,75.45999908447266,29600.0,-0.0871038502135602,-0.1727691506833,-0.1299365004484301,-0.0042227461068743,0.0064599251899836,-0.0064599251899836
VTC_2022-06-15,VTC,2022-06-15,76.08000183105469,76.62000274658203,75.68000030517578,76.37999725341797,32100.0,-0.0819711531848597,-0.1600132299892845,-0.1209921915870721,0.0121918656255937,0.0066099680530043,-0.0066099680530043
VTC_2022-06-16,VTC,2022-06-16,75.44000244140625,76.56999969482422,75.43699645996094,76.56999969482422,22000.0,-0.0868216924481367,-0.1589411365903796,-0.1228814145192582,0.002487594242454,0.006524603656229,-0.006524603656229
VTC_2022-06-17,VTC,2022-06-17,76.56999969482422,76.7699966430664,76.33999633789062,76.61000061035156,11800.0,-0.0874329553867162,-0.158039318507818,-0.1227361369472671,0.0005224097647482,0.0065208212492743,-0.0065208212492743
VTC_2022-06-21,VTC,2022-06-21,76.26000213623047,76.53700256347656,75.93000030517578,75.94000244140625,15600.0,-0.0852805888694462,-0.1670505213712593,-0.1261655551203527,-0.0087455705992356,0.0064715964862314,-0.0064715964862314
VTC_2022-06-22,VTC,2022-06-22,76.66000366210938,76.7300033569336,76.41000366210938,76.41000366210938,14500.0,-0.0770624131279771,-0.1590358447190668,-0.1180491289235219,0.006189112530853,0.0065389380176229,-0.0065389380176229
VTC_2022-06-23,VTC,2022-06-23,76.69000244140625,77.41000366210938,76.6500015258789,76.90499877929688,26400.0,-0.0734337496470256,-0.1546114351178584,-0.114022592382442,0.0064781454451487,0.0065943840864659,-0.0065943840864659
VTC_2022-06-24,VTC,2022-06-24,76.83000183105469,77.25,76.83000183105469,76.91999816894531,42700.0,-0.0736994542281811,-0.1556531343873064,-0.1146762943077437,0.0001950379024318,0.0065933109124992,-0.0065933109124992
VTC_2022-06-27,VTC,2022-06-27,76.68000030517578,76.75,76.37000274658203,76.4800033569336,37100.0,-0.0726324454359994,-0.1577092424397994,-0.1151708439378994,-0.0057201614987734,0.0065789998500983,-0.0065789998500983
VTC_2022-06-28,VTC,2022-06-28,76.93000030517578,76.93000030517578,76.11000061035156,76.44999694824219,16700.0,-0.0775153070745202,-0.1596131040740983,-0.1185642055743093,-0.000392343192656,0.0065338328819667,-0.0065338328819667
VTC_2022-06-29,VTC,2022-06-29,76.58999633789062,76.77999877929688,76.4000015258789,76.77999877929688,147600.0,-0.0792661069520536,-0.1550567133422382,-0.1171614101471459,0.0043165708859098,0.0065029028477373,-0.0065029028477373
VTC_2022-06-30,VTC,2022-06-30,76.93000030517578,77.25299835205078,76.91999816894531,77.06099700927734,27500.0,-0.0771138082721276,-0.1484031514146923,-0.1127584798434099,0.0036597842465222,0.0065246952196403,-0.0065246952196403
VTC_2022-07-01,VTC,2022-07-01,77.30999755859375,77.81999969482422,77.30999755859375,77.66999816894531,38100.0,-0.0699317904190484,-0.1442265718288229,-0.1070791811239356,0.0079028455808149,0.0066240153264606,-0.0066240153264606
VTC_2022-07-05,VTC,2022-07-05,77.6500015258789,77.7509994506836,77.4800033569336,77.5999984741211,18700.0,-0.0705473654372244,-0.1443378940886284,-0.1074426297629264,-0.0009012449655523,0.0066231076628179,-0.0066231076628179
VTC_2022-07-06,VTC,2022-07-06,77.91000366210938,77.91000366210938,77.31999969482422,77.31999969482422,17100.0,-0.0768863691160368,-0.1404113138623601,-0.1086488414891985,-0.0036082317629201,0.0066063217104191,-0.0066063217104191
VTC_2022-07-07,VTC,2022-07-07,77.55000305175781,77.55000305175781,77.16100311279297,77.22000122070312,17900.0,-0.0636595116077438,-0.1410456072297804,-0.1023525594187621,-0.0012933067061016,0.0063530723344498,-0.0063530723344498
VTC_2022-07-08,VTC,2022-07-08,76.94000244140625,77.08999633789062,76.88999938964844,77.08000183105469,16300.0,-0.0606872517146148,-0.1388671657750364,-0.0997772087448256,-0.0018129938802811,0.0063338483829715,-0.0063338483829715
VTC_2022-07-11,VTC,2022-07-11,77.27999877929688,77.53700256347656,77.18099975585938,77.31999969482422,23200.0,-0.0548832416301408,-0.1351230606809089,-0.0950031511555248,0.0031136203693347,0.0063488606287365,-0.0063488606287365
VTC_2022-07-12,VTC,2022-07-12,77.47000122070312,77.75599670410156,77.33000183105469,77.33000183105469,13700.0,-0.0488315014966938,-0.1318064208374723,-0.090318961167083,0.0001293602725032,0.0063127562883341,-0.0063127562883341
VTC_2022-07-13,VTC,2022-07-13,76.69000244140625,77.87999725341797,76.69000244140625,77.87999725341797,25000.0,-0.0347050451309701,-0.1248454981127128,-0.0797752716218415,0.0071123161688897,0.0063278324405433,-0.0063278324405433
VTC_2022-07-14,VTC,2022-07-14,77.19000244140625,77.61000061035156,76.94000244140625,77.52999877929688,38300.0,-0.0397572351920147,-0.1309270308826707,-0.0853421330373427,-0.0044940740429434,0.0063450695015619,-0.0063450695015619
VTC_2022-07-15,VTC,2022-07-15,77.4800033569336,78.08699798583984,77.4800033569336,77.95999908447266,19400.0,-0.038005945166081,-0.1262049090133573,-0.0821054270897191,0.0055462441886509,0.0063694075692611,-0.0063694075692611
VTC_2022-07-18,VTC,2022-07-18,77.76000213623047,77.81999969482422,77.46499633789062,77.52999877929688,13100.0,-0.0341347698811222,-0.132385874555201,-0.0832603222181616,-0.005515653030086,0.0062989156049322,-0.0062989156049322
VTC_2022-07-19,VTC,2022-07-19,77.4800033569336,77.70999908447266,77.33999633789062,77.58999633789062,13400.0,-0.0276943186635443,-0.1263371414158699,-0.0770157300397071,0.0007738624988831,0.0062638222138026,-0.0062638222138026
VTC_2022-07-20,VTC,2022-07-20,77.87999725341797,77.92500305175781,77.52999877929688,77.55000305175781,31100.0,-0.0208332570714953,-0.1187499653209339,-0.0697916111962146,-0.0005154438461196,0.0061977163174181,-0.0061977163174181
VTC_2022-07-21,VTC,2022-07-21,77.66999816894531,78.45999908447266,77.66999816894531,78.45999908447266,20600.0,-0.018513926841801,-0.1103300043947526,-0.0644219656182768,0.0117343133063128,0.0062647684219691,-0.0062647684219691
VTC_2022-07-22,VTC,2022-07-22,79.08999633789062,79.36799621582031,78.73999786376953,78.98999786376953,20200.0,-0.0023870342980203,-0.1036087675697062,-0.0529979009338633,0.0067550189329756,0.0062128381129083,-0.0062128381129083
VTC_2022-07-25,VTC,2022-07-25,78.62999725341797,78.62999725341797,78.37000274658203,78.45899963378906,32100.0,-0.0078528348872869,-0.1143582472388979,-0.0611055410630924,-0.0067223476938973,0.0062683338482301,-0.0062683338482301
VTC_2022-07-26,VTC,2022-07-26,78.5999984741211,78.68000030517578,78.41999816894531,78.51000213623047,16800.0,-0.017150665551993,-0.1121791036380297,-0.0646648845950114,0.0006500529280193,0.0061313093874103,-0.0061313093874103
VTC_2022-07-27,VTC,2022-07-27,78.63999938964844,79.20099639892578,78.63999938964844,78.77999877929688,25100.0,-0.0131529879453083,-0.1065596472564559,-0.0598563176008821,0.0034390094984064,0.006148717957535,-0.006148717957535
VTC_2022-07-28,VTC,2022-07-28,79.31999969482422,79.54000091552734,79.2699966430664,79.43000030517578,44200.0,0.0026508341484066,-0.093678675737672,-0.0455139207946327,0.0082508445792173,0.0061641303100719,-0.0061641303100719
VTC_2022-07-29,VTC,2022-07-29,79.33999633789062,79.77999877929688,79.33999633789062,79.68000030517578,26600.0,0.0040322541880433,-0.0922761288079614,-0.044121937309959,0.0031474253939252,0.0061727397949877,-0.0061727397949877
VTC_2022-08-01,VTC,2022-08-01,79.48999786376953,79.7300033569336,79.38999938964844,79.48999786376953,19600.0,0.0102948342075752,-0.0954710929889351,-0.0425881293906799,-0.0023845687836161,0.0060814434426247,-0.0060814434426247
VTC_2022-08-02,VTC,2022-08-02,79.61000061035156,79.61000061035156,78.69000244140625,78.69000244140625,57600.0,0.0067809461932486,-0.1045743638966065,-0.0488967088516789,-0.0100641016965973,0.006158749799072,-0.006158749799072
VTC_2022-08-03,VTC,2022-08-03,78.69000244140625,79.44000244140625,78.55999755859375,79.44000244140625,21600.0,0.0122324037131662,-0.0950102125070618,-0.0413889043969478,0.0095310709967058,0.006252628428119,-0.006252628428119
VTC_2022-08-04,VTC,2022-08-04,79.44000244140625,79.54499816894531,79.18399810791016,79.54499816894531,28900.0,0.0063891352172134,-0.0942268453044256,-0.0439188550436061,0.0013216984430042,0.0061914028619933,-0.0061914028619933
VTC_2022-08-05,VTC,2022-08-05,78.69999694824219,78.7300033569336,78.28700256347656,78.7300033569336,25800.0,0.0093590173965845,-0.0984770215711013,-0.0445590020872584,-0.0102457078480378,0.0061008799451337,-0.0061008799451337
VTC_2022-08-08,VTC,2022-08-08,78.87999725341797,79.15499877929688,78.87000274658203,78.87000274658203,14800.0,0.0167590957441314,-0.0890505765929334,-0.0361457404244009,0.0017782215633057,0.0060604333924271,-0.0060604333924271
VTC_2022-08-09,VTC,2022-08-09,78.58999633789062,78.75,78.58999633789062,78.6500015258789,8900.0,0.0113154805297392,-0.0925348657263506,-0.0406096925983056,-0.0027894156592084,0.0060653586655592,-0.0060653586655592
VTC_2022-08-10,VTC,2022-08-10,79.01000213623047,79.36000061035156,79.01000213623047,79.22000122070312,90800.0,0.0157712961998297,-0.083526157065963,-0.0338774304330666,0.00724729413561,0.0061215694270219,-0.0061215694270219
VTC_2022-08-11,VTC,2022-08-11,79.33999633789062,79.62999725341797,78.55000305175781,78.56999969482422,37900.0,0.0024241190107718,-0.0925156152324938,-0.0450457481108609,-0.008205017872545,0.0061826507048784,-0.0061826507048784
VTC_2022-08-12,VTC,2022-08-12,79.01000213623047,79.29000091552734,78.83999633789062,79.25,17700.0,0.0099400887875999,-0.0745065684696528,-0.0322832398410264,0.0086547067305204,0.0062756464147571,-0.0062756464147571
VTC_2022-08-15,VTC,2022-08-15,79.45999908447266,79.47000122070312,79.24600219726562,79.3499984741211,27400.0,0.0173076727451422,-0.0785042630160871,-0.0305982951354724,0.0012618103990043,0.0062270428130416,-0.0062270428130416
VTC_2022-08-16,VTC,2022-08-16,79.18000030517578,79.18000030517578,78.6709976196289,79.08999633789062,50600.0,0.011510344908338,-0.0752952476712194,-0.0318924513814407,-0.0032766495429141,0.0062368974660904,-0.0062368974660904
VTC_2022-08-17,VTC,2022-08-17,78.66000366210938,78.69999694824219,78.30000305175781,78.41999816894531,42300.0,0.0083579986361854,-0.0786041874448367,-0.0351230944043256,-0.0084713389805067,0.0062935363968884,-0.0062935363968884
VTC_2022-08-18,VTC,2022-08-18,78.51000213623047,78.80999755859375,78.51000213623047,78.58000183105469,24100.0,0.0075651235215541,-0.0775912715215371,-0.0350130739999914,0.0020403425892037,0.0062889085540015,-0.0062889085540015
VTC_2022-08-19,VTC,2022-08-19,77.95999908447266,78.12000274658203,77.70999908447266,77.91000366210938,464900.0,-0.0025604525243811,-0.0862068764949957,-0.0443836645096884,-0.0085263190803405,0.0063799662176938,-0.0063799662176938
VTC_2022-08-22,VTC,2022-08-22,77.62999725341797,77.66899871826172,77.40499877929688,77.52999877929688,39200.0,-0.0124825287258697,-0.0924733875413585,-0.0524779581336141,-0.0048774851103916,0.0063743585761074,-0.0063743585761074
VTC_2022-08-23,VTC,2022-08-23,77.44000244140625,77.79000091552734,77.30000305175781,77.52999877929688,60400.0,-0.0097075249373222,-0.0916227279980012,-0.0506651264676617,0.0,0.0063655319985785,-0.0063655319985785
VTC_2022-08-24,VTC,2022-08-24,77.27999877929688,77.41999816894531,77.20999908447266,77.27999877929688,15700.0,-0.0231940736146185,-0.0879264048444897,-0.0555602392295541,-0.003224558286292,0.0062280271047666,-0.0062280271047666
VTC_2022-08-25,VTC,2022-08-25,77.44499969482422,78.04000091552734,77.43000030517578,78.02999877929688,9800.0,-0.0214446843526893,-0.0818919785788069,-0.0516683314657481,0.0097049690973975,0.0062706148521551,-0.0062706148521551
VTC_2022-08-26,VTC,2022-08-26,77.72000122070312,77.8499984741211,77.55000305175781,77.62999725341797,25000.0,-0.0260946161704306,-0.0887428685447926,-0.0574187423576116,-0.00512625313516,0.0062997341670937,-0.0062997341670937
VTC_2022-08-29,VTC,2022-08-29,77.22000122070312,77.27999877929688,77.01000213623047,77.18000030517578,22200.0,-0.0366949867775893,-0.1024537478481052,-0.0695743673128472,-0.0057966889625565,0.0062952399975624,-0.0062952399975624
VTC_2022-08-30,VTC,2022-08-30,77.19999694824219,77.27999877929688,76.8499984741211,77.16000366210938,12800.0,-0.0287008900960012,-0.1038326941980004,-0.0662667921470008,-0.0002590909949123,0.0062132310180178,-0.0062132310180178
VTC_2022-08-31,VTC,2022-08-31,77.04000091552734,77.14199829101562,76.55000305175781,76.6500015258789,17600.0,-0.0296239574778355,-0.0984473705912584,-0.0640356640345469,-0.0066096696737316,0.006227164783694,-0.006227164783694
VTC_2022-09-01,VTC,2022-09-01,75.7699966430664,76.04000091552734,75.45500183105469,76.04000091552734,38800.0,-0.0375901928920618,-0.107773513910743,-0.0726818534014024,-0.0079582595982807,0.0062975749931339,-0.0062975749931339
VTC_2022-09-02,VTC,2022-09-02,76.33000183105469,76.43099975585938,76.11000061035156,76.11000061035156,10900.0,-0.0351165915253169,-0.1082600823545554,-0.0716883369399362,0.0009205640975988,0.0062989263995106,-0.0062989263995106
VTC_2022-09-06,VTC,2022-09-06,75.75,75.79000091552734,75.20999908447266,75.20999908447266,30400.0,-0.0399540132720696,-0.1098354718183306,-0.0748947425452001,-0.0118250100993495,0.0064094922328748,-0.0064094922328748
VTC_2022-09-07,VTC,2022-09-07,75.55000305175781,76.08499908447266,75.4749984741211,76.02899932861328,47700.0,-0.0345523894779266,-0.0955388825033273,-0.0650456359906269,0.0108895127524302,0.0065313524438918,-0.0065313524438918
VTC_2022-09-08,VTC,2022-09-08,75.93000030517578,76.19000244140625,75.83999633789062,75.91000366210938,25000.0,-0.030894907600856,-0.0965245573075882,-0.0637097324542221,-0.0015651352451658,0.0065039168733497,-0.0065039168733497
VTC_2022-09-09,VTC,2022-09-09,75.9800033569336,76.27999877929688,75.94999694824219,75.94999694824219,11100.0,-0.025282357122645,-0.0880163537283444,-0.0566493554254947,0.0005268513266161,0.0064763947825619,-0.0064763947825619
VTC_2022-09-12,VTC,2022-09-12,76.16999816894531,76.33000183105469,75.7300033569336,75.83999633789062,12900.0,-0.0186335722586996,-0.088461549042245,-0.0535475606504723,-0.0014483293584135,0.006400146885021,-0.006400146885021
VTC_2022-09-13,VTC,2022-09-13,75.20999908447266,75.44999694824219,75.12000274658203,75.44000244140625,21900.0,-0.0044866236918377,-0.0822383790487536,-0.0433625013702956,-0.0052741813792063,0.0059506100293241,-0.0059506100293241
VTC_2022-09-14,VTC,2022-09-14,75.29000091552734,75.73500061035156,75.29000091552734,75.58999633789062,16300.0,0.0017227306519371,-0.0855311760342878,-0.0419042226911753,0.0019882541308355,0.0059318503701701,-0.0059318503701701
VTC_2022-09-15,VTC,2022-09-15,75.56999969482422,75.56999969482422,75.27999877929688,75.38999938964844,13600.0,-0.0129614807458667,-0.0938701664070044,-0.0534158235764355,-0.0026458123816832,0.0057330017611891,-0.0057330017611891
VTC_2022-09-16,VTC,2022-09-16,75.0,75.37000274658203,75.0,75.16000366210938,17300.0,-0.0184144709198705,-0.1036373878372072,-0.0610259293785389,-0.0030507458469437,0.0057337298365937,-0.0057337298365937
VTC_2022-09-19,VTC,2022-09-19,75.0,75.3499984741211,74.83000183105469,75.33000183105469,205500.0,-0.0167079854992707,-0.1026801123352273,-0.059694048917249,0.0022618169327075,0.0057418322931705,-0.0057418322931705
VTC_2022-09-20,VTC,2022-09-20,74.69999694824219,74.91899871826172,74.6449966430664,74.66999816894531,20500.0,-0.0167237849832945,-0.1005781596212394,-0.0586509723022669,-0.0087614980229203,0.0057422126762018,-0.0057422126762018
VTC_2022-09-21,VTC,2022-09-21,74.81999969482422,75.05999755859375,74.33000183105469,74.83999633789062,51900.0,-0.0205471436850263,-0.096026144337748,-0.0582866440113871,0.0022766596104728,0.0056923745910157,-0.0056923745910157
VTC_2022-09-22,VTC,2022-09-22,74.29000091552734,74.34500122070312,73.88999938964844,73.98999786376953,17300.0,-0.0379039199245403,-0.1085542426051864,-0.0732290812648633,-0.0113575429678468,0.0057918008793732,-0.0057918008793732
VTC_2022-09-23,VTC,2022-09-23,73.80999755859375,74.01399993896484,73.61000061035156,73.94000244140625,45400.0,-0.0387414950400007,-0.1095857222277501,-0.0741636086338754,-0.0006757051467325,0.00579092003583,-0.00579092003583
VTC_2022-09-26,VTC,2022-09-26,73.51000213623047,73.61000061035156,72.79000091552734,72.83999633789062,40600.0,-0.0475942319465519,-0.1167697919276251,-0.0821820119370885,-0.0148770092939518,0.0060311677184412,-0.0060311677184412
VTC_2022-09-27,VTC,2022-09-27,72.83999633789062,72.88800048828125,71.93000030517578,71.95999908447266,24100.0,-0.0587311712623001,-0.1316939135615769,-0.0952125424119385,-0.012081236925601,0.0061973110950826,-0.0061973110950826
VTC_2022-09-28,VTC,2022-09-28,72.4000015258789,73.13999938964844,72.38999938964844,73.08000183105469,82600.0,-0.0481895937362252,-0.1236358991972073,-0.0859127464667162,0.0155642407008271,0.0065055734238253,-0.0065055734238253
VTC_2022-09-29,VTC,2022-09-29,72.47000122070312,72.65499877929688,72.1520004272461,72.62000274658203,36300.0,-0.0576295977868112,-0.1302993683044068,-0.093964483045609,-0.006294459126261,0.006517298097766,-0.006517298097766
VTC_2022-09-30,VTC,2022-09-30,72.80999755859375,73.03900146484375,72.5,72.56999969482422,24900.0,-0.0656623998242891,-0.1310023010604136,-0.0983323504423513,-0.0006885575580642,0.0064188305783683,-0.0064188305783683
VTC_2022-10-03,VTC,2022-10-03,73.16000366210938,73.7699966430664,73.06800079345703,73.3499984741211,30500.0,-0.0547680423140386,-0.1214516666558532,-0.0881098544849459,0.0107482262998066,0.0065889393587881,-0.0065889393587881
VTC_2022-10-04,VTC,2022-10-04,73.80999755859375,73.94000244140625,73.55500030517578,73.63999938964844,27500.0,-0.0475944169645685,-0.120821424170005,-0.0842079205672868,0.0039536594623059,0.0066071469982219,-0.0066071469982219
VTC_2022-10-05,VTC,2022-10-05,73.44000244140625,73.44000244140625,72.76000213623047,73.0999984741211,28800.0,-0.0533540880788983,-0.1136171044972629,-0.0834855962880806,-0.0073329837045497,0.0066587396930341,-0.0066587396930341
VTC_2022-10-06,VTC,2022-10-06,73.05000305175781,73.25,72.8499984741211,72.97599792480469,22700.0,-0.0532434329107208,-0.1106994870101326,-0.0819714599604267,-0.0016963139795455,0.0066584832176145,-0.0066584832176145
VTC_2022-10-07,VTC,2022-10-07,72.56900024414062,72.63800048828125,72.37699890136719,72.41000366210938,19700.0,-0.0635022769282747,-0.1149003077496969,-0.0892012923389858,-0.0077558961684706,0.0066949445550665,-0.0066949445550665
VTC_2022-10-10,VTC,2022-10-10,72.31999969482422,72.31999969482422,71.71900177001953,71.83999633789062,7600.0,-0.0709945087698077,-0.1163592418052517,-0.0936768752875297,-0.0078719416571031,0.0067484914873794,-0.0067484914873794
VTC_2022-10-11,VTC,2022-10-11,71.97000122070312,72.28900146484375,71.68900299072266,71.8270034790039,29500.0,-0.0777220594232674,-0.1097297569742812,-0.0937259081987743,-0.0001808582899365,0.006666602741856,-0.006666602741856
VTC_2022-10-12,VTC,2022-10-12,71.6500015258789,71.81900024414062,71.55000305175781,71.6989974975586,23800.0,-0.0752096140016367,-0.1119767228810877,-0.0935931684413622,-0.001782142860557,0.0066541375800667,-0.0066541375800667
VTC_2022-10-13,VTC,2022-10-13,70.70999908447266,71.87999725341797,70.70999908447266,71.83999633789062,31000.0,-0.0785018319452617,-0.1135242407909942,-0.0960130363681279,0.0019665385187126,0.006610581711475,-0.006610581711475
VTC_2022-10-14,VTC,2022-10-14,71.95999908447266,72.06500244140625,71.11000061035156,71.19000244140625,28200.0,-0.0817747509056276,-0.1131181584825004,-0.097446454694064,-0.0090477996884522,0.0066619039661874,-0.0066619039661874
VTC_2022-10-17,VTC,2022-10-17,71.6500015258789,71.86399841308594,71.43000030517578,71.5,224100.0,-0.0784894525754296,-0.1040100593276228,-0.0912497559515262,0.0043545097339883,0.0066953448327629,-0.0066953448327629
VTC_2022-10-18,VTC,2022-10-18,71.83999633789062,71.86900329589844,71.44400024414062,71.86000061035156,29200.0,-0.073372046647228,-0.0926767250090598,-0.0830243858281439,0.0050349735713506,0.0067418517052288,-0.0067418517052288
VTC_2022-10-19,VTC,2022-10-19,71.33999633789062,71.36000061035156,70.9020004272461,70.91999816894531,323900.0,-0.0960999363179896,-0.1128346759692976,-0.1044673061436436,-0.0130810246788508,0.0066995640449107,-0.0066995640449107
VTC_2022-10-20,VTC,2022-10-20,70.25,71.08000183105469,70.25,70.44999694824219,91600.0,-0.1081149657739691,-0.1102439259405577,-0.1091794458572634,-0.0066272029446967,0.0066429285729919,-0.0066429285729919
VTC_2022-10-21,VTC,2022-10-21,70.26000213623047,70.70999908447266,70.09300231933594,70.66000366210938,284900.0,-0.0994021846834889,-0.1064744306270207,-0.1029383076552548,0.0029809329022607,0.0066392774822573,-0.0066392774822573
VTC_2022-10-24,VTC,2022-10-24,70.5,70.9000015258789,70.30000305175781,70.54000091552734,83100.0,-0.1015157432663622,-0.1169253462573319,-0.1092205447618471,-0.001698312204396,0.0066328090336127,-0.0066328090336127
VTC_2022-10-25,VTC,2022-10-25,70.66999816894531,71.55500030517578,70.66999816894531,71.30000305175781,172700.0,-0.094947903572509,-0.106852042886696,-0.1008999732296025,0.010774059063886,0.0067866388089526,-0.0067866388089526
VTC_2022-10-26,VTC,2022-10-26,71.43000030517578,71.91999816894531,71.43000030517578,71.58000183105469,37700.0,-0.0988291381588925,-0.096440283664775,-0.0976347109118337,0.0039270514349574,0.0067072259645176,-0.0067072259645176
VTC_2022-10-27,VTC,2022-10-27,71.76000213623047,72.13999938964844,71.76000213623047,71.91000366210938,53300.0,-0.0975150177372889,-0.0938759688879138,-0.0956954933126014,0.0046102517828032,0.0067265295861733,-0.0067265295861733
VTC_2022-10-28,VTC,2022-10-28,71.58000183105469,72.05899810791016,71.58000183105469,71.91999816894531,25600.0,-0.0952321033873687,-0.0859176678954051,-0.0905748856413869,0.0001389863207752,0.0067293258326194,-0.0067293258326194
VTC_2022-10-31,VTC,2022-10-31,71.69000244140625,71.80000305175781,71.47599792480469,71.73999786376953,42100.0,-0.0883213160758483,-0.082139271974627,-0.0852302940252376,-0.0025027851746178,0.0066421600039696,-0.0066421600039696
VTC_2022-11-01,VTC,2022-11-01,72.0,72.0,71.58000183105469,71.81999969482422,147100.0,-0.0959214817774261,-0.0848624283541263,-0.0903919550657762,0.0011151635550172,0.006500981165228,-0.006500981165228
VTC_2022-11-02,VTC,2022-11-02,71.79000091552734,72.36000061035156,71.47000122070312,71.47000122070312,775500.0,-0.101514829770839,-0.095774286527584,-0.0986445581492115,-0.0048732731218086,0.0065032568350205,-0.0065032568350205
VTC_2022-11-03,VTC,2022-11-03,70.94999694824219,71.47000122070312,70.91999816894531,71.37999725341797,59100.0,-0.0933571166025909,-0.084871830084385,-0.0891144733434879,-0.0012593251119056,0.0064101647434405,-0.0064101647434405
VTC_2022-11-04,VTC,2022-11-04,71.55000305175781,71.67900085449219,71.22000122070312,71.45700073242188,27700.0,-0.0939901325726961,-0.078806226459354,-0.0863981795160251,0.0010787823195135,0.0064049387254554,-0.0064049387254554
VTC_2022-11-07,VTC,2022-11-07,71.45999908447266,71.45999908447266,71.12000274658203,71.26000213623047,39200.0,-0.0939605752864078,-0.0837083038168851,-0.0888344395516465,-0.0027568830789453,0.0064048381153255,-0.0064048381153255
VTC_2022-11-08,VTC,2022-11-08,71.33999633789062,71.65499877929688,71.3270034790039,71.51000213623047,123400.0,-0.0973238950475773,-0.0830875228238641,-0.0902057089357207,0.0035082794345426,0.0063390388960913,-0.0063390388960913
VTC_2022-11-09,VTC,2022-11-09,71.44999694824219,71.62000274658203,71.23999786376953,71.43000030517578,302400.0,-0.0908743721188888,-0.0886705434011624,-0.0897724577600256,-0.0011187502260492,0.0062826424018607,-0.0062826424018607
VTC_2022-11-10,VTC,2022-11-10,72.77999877929688,73.40899658203125,72.77999877929688,73.4000015258789,50900.0,-0.0738170154463229,-0.0646106743462949,-0.0692138448963089,0.0275794653827039,0.0071659324151592,-0.0071659324151592
VTC_2022-11-11,VTC,2022-11-11,73.05999755859375,73.60900115966797,73.05999755859375,73.43000030517578,37900.0,-0.0746061535322655,-0.0585897396772335,-0.0665979466047495,0.0004087027067198,0.0071620270424763,-0.0071620270424763
VTC_2022-11-14,VTC,2022-11-14,73.37000274658203,73.41899871826172,73.19999694824219,73.19999694824219,38300.0,-0.0744721161003094,-0.0638189709343397,-0.0691455435173246,-0.0031322804845117,0.0071613765146182,-0.0071613765146182
VTC_2022-11-15,VTC,2022-11-15,73.69999694824219,74.0510025024414,73.63999938964844,74.0510025024414,347000.0,-0.0557127744008804,-0.0478204230571555,-0.0517665987290179,0.0116257594218336,0.0072790111058945,-0.0072790111058945
VTC_2022-11-16,VTC,2022-11-16,74.26000213623047,74.62000274658203,74.15699768066406,74.5999984741211,294200.0,-0.0506490616466326,-0.043467104532686,-0.0470580830896593,0.0074137547518224,0.007345006888139,-0.007345006888139
VTC_2022-11-17,VTC,2022-11-17,74.0,74.2699966430664,73.95800018310547,74.22899627685547,37600.0,-0.0472469158289119,-0.0496863948683897,-0.0484666553486508,-0.0049732199042111,0.0072982020676466,-0.0072982020676466
VTC_2022-11-18,VTC,2022-11-18,74.44999694824219,74.44999694824219,74.08999633789062,74.23999786376953,127000.0,-0.0424351988562894,-0.0543880289934476,-0.0484116139248685,0.0001482114465487,0.0072797116238459,-0.0072797116238459
VTC_2022-11-21,VTC,2022-11-21,74.37999725341797,74.44000244140625,74.13999938964844,74.1500015258789,286100.0,-0.0435959926046141,-0.0528803083565598,-0.0482381504805869,-0.0012122351896584,0.0072795354954953,-0.0072795354954953
VTC_2022-11-22,VTC,2022-11-22,74.33999633789062,74.70899963378906,74.33999633789062,74.61000061035156,49900.0,-0.0345496662929631,-0.0569423924042222,-0.0457460293485927,0.0062036287930771,0.0073231899470804,-0.0073231899470804
VTC_2022-11-23,VTC,2022-11-23,74.9000015258789,75.25,74.83599853515625,75.25,53500.0,-0.0356273077378859,-0.0563079757218001,-0.045967641729843,0.0085779303633948,0.0072991170259042,-0.0072991170259042
VTC_2022-11-25,VTC,2022-11-25,75.22000122070312,75.33000183105469,75.21499633789062,75.33000183105469,23400.0,-0.0296276633226598,-0.0549491569906589,-0.0422884101566594,0.0010631472565407,0.0072781459069773,-0.0072781459069773
VTC_2022-11-28,VTC,2022-11-28,75.33999633789062,75.36000061035156,74.87999725341797,74.97000122070312,31700.0,-0.0286343492580221,-0.0642785989682034,-0.0464564741131127,-0.0047789805071152,0.0072672114862621,-0.0072672114862621
VTC_2022-11-29,VTC,2022-11-29,74.91999816894531,74.91999816894531,74.56400299072266,74.62999725341797,32500.0,-0.0327890913506242,-0.0605489053394235,-0.0466689983450239,-0.0045352002367483,0.007285486739606,-0.007285486739606
VTC_2022-11-30,VTC,2022-11-30,74.51699829101562,75.38999938964844,74.41000366210938,75.38999938964844,108300.0,-0.0164383837070773,-0.0455753712049701,-0.0310068774560237,0.0101836012890335,0.0073652323564587,-0.0073652323564587
VTC_2022-12-01,VTC,2022-12-01,75.4800033569336,76.01899719238281,75.3499984741211,76.0,430500.0,-0.0005260509606224,-0.0380964694956034,-0.0193112602281129,0.008091266949066,0.0073714012730349,-0.0073714012730349
VTC_2022-12-02,VTC,2022-12-02,75.4800033569336,76.4000015258789,75.4800033569336,76.4000015258789,51200.0,0.003810286600995,-0.0314401092024835,-0.0138149113007442,0.0052631779720908,0.0074002222579883,-0.0074002222579883
VTC_2022-12-05,VTC,2022-12-05,76.0,76.0,75.5999984741211,75.87000274658203,59100.0,0.0087754775979731,-0.0315291512225146,-0.0113768368122707,-0.006937156658529,0.007298238165056,-0.007298238165056
VTC_2022-12-06,VTC,2022-12-06,76.16999816894531,76.16999816894531,75.88800048828125,76.06999969482422,41200.0,0.0005392727324178,-0.034031749906994,-0.0167462385872881,0.0026360477264013,0.007175666511919,-0.007175666511919
VTC_2022-12-07,VTC,2022-12-07,76.33000183105469,76.76000213623047,76.32099914550781,76.76000213623047,83600.0,0.0111974500476197,-0.0200434017378227,-0.0044229758451014,0.0090706250055789,0.0072620355308844,-0.0072620355308844
VTC_2022-12-08,VTC,2022-12-08,76.51000213623047,76.75,76.51000213623047,76.61000061035156,49100.0,0.0086899761504815,-0.0168120840525871,-0.0040610539510528,-0.0019541626068833,0.0072669743355494,-0.0072669743355494
VTC_2022-12-09,VTC,2022-12-09,76.45999908447266,76.5,76.0999984741211,76.14600372314453,72300.0,0.0040349077008199,-0.0146738493020801,-0.0053194708006301,-0.0060566098878784,0.007306542641072,-0.007306542641072
VTC_2022-12-12,VTC,2022-12-12,76.43000030517578,76.55999755859375,76.0009994506836,76.04000091552734,69100.0,0.0079533199191914,0.0034310126737755,0.0056921662964835,-0.0013920994199853,0.0072768826650692,-0.0072768826650692
VTC_2022-12-13,VTC,2022-12-13,77.66999816894531,77.66999816894531,76.5,76.62000274658203,55700.0,0.0136262264663598,0.0153724314363008,0.0144993289513303,0.0076275884280829,0.0073342968044193,-0.0073342968044193
VTC_2022-12-14,VTC,2022-12-14,76.55000305175781,76.73999786376953,76.18000030517578,76.70999908447266,49700.0,0.0175089495358911,0.0043205268777346,0.0109147382068128,0.0011745801966136,0.0073258302483494,-0.0073258302483494
VTC_2022-12-15,VTC,2022-12-15,76.62999725341797,76.80999755859375,76.5770034790039,76.76000213623047,57900.0,0.0212878977669304,0.0024814214726853,0.0118846596198078,0.0006518452920687,0.007313341538023,-0.007313341538023
VTC_2022-12-16,VTC,2022-12-16,76.2300033569336,76.55999755859375,76.16999816894531,76.5,42800.0,0.0155316360083106,-0.0014358518401669,0.0070478920840718,-0.0033872085590751,0.007324278127301,-0.007324278127301
VTC_2022-12-19,VTC,2022-12-19,76.0999984741211,76.11499786376953,75.7300033569336,75.94999694824219,107600.0,0.0171420759432832,0.0001316105677457,0.0086368432555145,-0.0071895823759191,0.0072956330878359,-0.0072956330878359
VTC_2022-12-20,VTC,2022-12-20,75.33999633789062,75.33999633789062,75.08000183105469,75.1500015258789,97900.0,0.004142239486339,-0.0164900153885908,-0.0061738879511258,-0.0105331857078079,0.0074170355309845,-0.0074170355309845
VTC_2022-12-21,VTC,2022-12-21,75.4800033569336,75.6500015258789,75.35900115966797,75.5999984741211,56800.0,0.0217597061337384,-0.0169689919496766,0.0023953570920309,0.0059879832216267,0.0073062548330442,-0.0073062548330442
VTC_2022-12-22,VTC,2022-12-22,75.61000061035156,75.62000274658203,75.44999694824219,75.62000274658203,37700.0,0.0227211286137987,-0.0169006169176967,0.0029102558480509,0.0002646067839244,0.0073050488473346,-0.0073050488473346
VTC_2022-12-23,VTC,2022-12-23,75.47000122070312,75.47000122070312,75.03500366210938,75.16000366210938,72500.0,0.0318507336746241,-0.0172594094781057,0.0072956620982591,-0.0060830344851243,0.0070895980266172,-0.0070895980266172
VTC_2022-12-27,VTC,2022-12-27,75.0,75.0,74.31999969482422,74.31999969482422,57400.0,0.0327960066756143,-0.0278613124714708,0.0024673471020717,-0.011176209770578,0.007064520129119,-0.007064520129119
VTC_2022-12-28,VTC,2022-12-28,74.37999725341797,74.62999725341797,74.1500015258789,74.19999694824219,75200.0,0.0153256032994728,-0.0336025250335164,-0.0091384608670218,-0.0016146763599944,0.0068017808457793,-0.0068017808457793
VTC_2022-12-29,VTC,2022-12-29,74.45999908447266,74.6500015258789,74.33000183105469,74.60800170898438,102900.0,0.0273753633601441,-0.0318318656063799,-0.0022282511231179,0.0054987166782067,0.0067806180847993,-0.0067806180847993
VTC_2022-12-30,VTC,2022-12-30,74.36000061035156,74.38999938964844,74.04000091552734,74.2300033569336,67000.0,0.0228745165921195,-0.0442898788864285,-0.0107076811471544,-0.0050664586021912,0.0068148351677168,-0.0068148351677168
VTC_2023-01-03,VTC,2023-01-03,75.05999755859375,75.05999755859375,74.55000305175781,74.62999725341797,33400.0,0.0174505631346193,-0.03827321235958,-0.0104113246124803,0.005388574409205,0.0067160758445736,-0.0067160758445736
VTC_2023-01-04,VTC,2023-01-04,75.19000244140625,75.19000244140625,74.93000030517578,75.04000091552734,80400.0,0.0190114277224682,-0.0294878270602152,-0.0052381996688735,0.0054938185340827,0.0067323853178053,-0.0067323853178053
VTC_2023-01-05,VTC,2023-01-05,74.6500015258789,75.0999984741211,74.62999725341797,75.0999984741211,35200.0,0.0273597816928552,-0.0274540625883031,-4.714044772397008e-05,0.0007995410162813,0.0066608430108798,-0.0066608430108798
VTC_2023-01-06,VTC,2023-01-06,75.0999984741211,76.16999816894531,75.08999633789062,76.11000061035156,39200.0,0.0429456639808638,-0.0125843435088285,0.0151806602360176,0.0134487637383708,0.0068526607380445,-0.0068526607380445
VTC_2023-01-09,VTC,2023-01-09,75.98999786376953,76.44000244140625,75.93000030517578,76.31999969482422,69100.0,0.0539980090452731,-0.0129332644069699,0.0205323723191516,0.0027591523162344,0.0067711848390225,-0.0067711848390225
VTC_2023-01-10,VTC,2023-01-10,76.12000274658203,76.16999816894531,75.8499984741211,76.11000061035156,44700.0,0.0594377017000042,-0.0157765575044017,0.0218305720978012,-0.0027515603421431,0.0066950146805666,-0.0066950146805666
VTC_2023-01-11,VTC,2023-01-11,76.47000122070312,76.56999969482422,76.3499984741211,76.54000091552734,124700.0,0.0656159551177868,-0.0172059114682597,0.0242050218247635,0.0056497214784845,0.0067195413642648,-0.0067195413642648
VTC_2023-01-12,VTC,2023-01-12,76.83999633789062,77.36000061035156,76.44000244140625,77.31800079345703,128400.0,0.078369342557262,-0.0027343994476684,0.0378174715547968,0.0101646180901973,0.0068068664862949,-0.0068068664862949
VTC_2023-01-13,VTC,2023-01-13,77.0,77.30799865722656,77.0,77.0999984741211,46400.0,0.0732182962745529,-0.0110313060601722,0.0310934951071903,-0.00281955452933,0.0068250956801931,-0.0068250956801931
VTC_2023-01-17,VTC,2023-01-17,76.87000274658203,77.05000305175781,76.7699966430664,76.94999694824219,30200.0,0.080910160265506,-0.0074809988415679,0.036714580711969,-0.0019455451212395,0.0067117331649493,-0.0067117331649493
VTC_2023-01-18,VTC,2023-01-18,77.8499984741211,77.94000244140625,77.36000061035156,77.68000030517578,80100.0,0.0864335707017591,0.0011599944778086,0.0437967825897839,0.0094867236632198,0.0067807173816797,-0.0067807173816797
VTC_2023-01-19,VTC,2023-01-19,77.44000244140625,77.55999755859375,77.31500244140625,77.51799774169922,25000.0,0.0787363913622429,-0.0004127054648499,0.0391618429486965,-0.002085511880022,0.0067774649850463,-0.0067774649850463
VTC_2023-01-20,VTC,2023-01-20,77.12999725341797,77.26000213623047,76.95999908447266,77.12999725341797,46400.0,0.0875634411281176,-0.016951336306068,0.0353060524110248,-0.0050052955389033,0.0065758710931959,-0.0065758710931959
VTC_2023-01-23,VTC,2023-01-23,76.93000030517578,77.12999725341797,76.93000030517578,76.97000122070312,47200.0,0.0925479709708294,-0.0255728155171013,0.033487577726864,-0.0020743684482337,0.0065114418163743,-0.0065114418163743
VTC_2023-01-24,VTC,2023-01-24,76.91999816894531,77.41300201416016,76.80999755859375,77.33999633789062,49300.0,0.0945371119385225,-0.0142622682053229,0.0401374218665998,0.0048070041746079,0.0065225268917343,-0.0065225268917343
VTC_2023-01-25,VTC,2023-01-25,77.22000122070312,77.41600036621094,77.09600067138672,77.41000366210938,65700.0,0.0973915885655991,-0.0140109342018915,0.0416903271818537,0.0009051891328375,0.0065104580066879,-0.0065104580066879
VTC_2023-01-26,VTC,2023-01-26,77.47000122070312,77.52999877929688,77.0999984741211,77.38999938964844,23800.0,0.0854136897227031,-0.0176440646253693,0.0338848125486668,-0.0002584197327809,0.0064044108701903,-0.0064044108701903
VTC_2023-01-27,VTC,2023-01-27,77.0199966430664,77.25,77.0199966430664,77.13999938964844,41700.0,0.0776752922096402,-0.0288304281345712,0.0244224320375344,-0.0032303915489297,0.0064209144518443,-0.0064209144518443
VTC_2023-01-30,VTC,2023-01-30,77.0,77.20999908447266,76.93699645996094,76.94999694824219,40100.0,0.0700875125777316,-0.0342620901917373,0.0179127111929971,-0.0024630858557116,0.0064223100240744,-0.0064223100240744
VTC_2023-01-31,VTC,2023-01-31,77.33999633789062,77.48999786376953,77.01000213623047,77.48999786376953,33600.0,0.0774471612435234,-0.0251603982104466,0.0261433815165383,0.0070175560356493,0.0064641118922136,-0.0064641118922136
VTC_2023-02-01,VTC,2023-02-01,77.47000122070312,77.93000030517578,77.12999725341797,77.9000015258789,50100.0,0.0858656794750245,-0.0100394064178049,0.0379131365286097,0.0052910526959901,0.0064665830402458,-0.0064665830402458
VTC_2023-02-02,VTC,2023-02-02,78.18000030517578,78.33499908447266,77.8949966430664,77.94999694824219,35800.0,0.0853522316828934,-0.018756362630566,0.0332979345261637,0.0006417897481898,0.0064671103882687,-0.0064671103882687
VTC_2023-02-03,VTC,2023-02-03,77.33000183105469,77.37899780273438,77.1500015258789,77.25,29700.0,0.0808730751444641,-0.0288515710827094,0.0260107520308773,-0.0089800766600026,0.0065507160535583,-0.0065507160535583
VTC_2023-02-06,VTC,2023-02-06,77.0,77.0,76.68000030517578,76.73999786376953,41500.0,0.0750910733622212,-0.0252763293320602,0.0249073720150804,-0.0066019694010416,0.0066180428045062,-0.0066180428045062
VTC_2023-02-07,VTC,2023-02-07,76.6500015258789,76.91000366210938,76.47000122070312,76.55000305175781,43100.0,0.0712736648212708,-0.0294154889569185,0.0209290879321761,-0.0024758250886194,0.0066339783333094,-0.0066339783333094
VTC_2023-02-08,VTC,2023-02-08,76.4800033569336,76.6449966430664,76.30999755859375,76.55000305175781,23800.0,0.0742352056826247,-0.0267005522362273,0.0237673267231987,0.0,0.0066170975251696,-0.0066170975251696
VTC_2023-02-09,VTC,2023-02-09,76.7699966430664,76.77999877929688,76.06199645996094,76.12000274658203,24300.0,0.0644665147900465,-0.0391315125770402,0.0126675011065031,-0.0056172473942952,0.0066645454950504,-0.0066645454950504
VTC_2023-02-10,VTC,2023-02-10,76.12000274658203,76.12000274658203,75.66999816894531,75.72000122070312,20800.0,0.0600588113845561,-0.0362733675091109,0.0118927219377226,-0.0052548806022851,0.0067061358587559,-0.0067061358587559
VTC_2023-02-13,VTC,2023-02-13,75.6500015258789,75.8499984741211,75.6500015258789,75.8499984741211,19100.0,0.0333787043230289,-0.0429022274558852,-0.0047617615664281,0.0017168152578215,0.0057768037686145,-0.0057768037686145
VTC_2023-02-14,VTC,2023-02-14,75.88999938964844,75.9749984741211,75.39800262451172,75.77999877929688,21100.0,0.0320032475058487,-0.0449905452233692,-0.0064936488587602,-0.0009228700887594,0.0057797186087523,-0.0057797186087523
VTC_2023-02-15,VTC,2023-02-15,75.6500015258789,75.6500015258789,75.36000061035156,75.5,55100.0,0.0314208080279578,-0.0453912821357752,-0.0069852370539086,-0.0036948902587389,0.0057858787900951,-0.0057858787900951
VTC_2023-02-16,VTC,2023-02-16,75.2300033569336,75.30999755859375,75.0,75.02999877929688,23900.0,0.0132205674976944,-0.0432287613976366,-0.0150040969499711,-0.0062251817311672,0.0056685274893466,-0.0056685274893466
VTC_2023-02-17,VTC,2023-02-17,74.83999633789062,75.27999877929688,74.83799743652344,75.27999877929688,196000.0,0.009115285778614,-0.0419954565393463,-0.0164400853803661,0.00333200058733,0.0056080323389319,-0.0056080323389319
VTC_2023-02-21,VTC,2023-02-21,74.79000091552734,74.79000091552734,74.41999816894531,74.44000244140625,33800.0,0.0028426379869637,-0.0445385837196503,-0.0208479728663433,-0.0111582937235864,0.0057516366387351,-0.0057516366387351
VTC_2023-02-22,VTC,2023-02-22,74.72000122070312,74.80000305175781,74.54000091552734,74.55999755859375,18000.0,0.0043103408409497,-0.0383077681860639,-0.0169987136725571,0.0016119708926924,0.0057549488267437,-0.0057549488267437
VTC_2023-02-23,VTC,2023-02-23,74.58000183105469,75.01000213623047,74.58000183105469,74.94999694824219,28700.0,0.0107888793782975,-0.0332774651319049,-0.0112442928768037,0.0052306786805076,0.005788680537728,-0.005788680537728
VTC_2023-02-24,VTC,2023-02-24,74.48999786376953,74.5999984741211,74.4000015258789,74.58999633789062,35500.0,-0.0002681178434162,-0.0348085207543623,-0.0175383192988893,-0.0048032104737798,0.0057702274816145,-0.0057702274816145
VTC_2023-02-27,VTC,2023-02-27,74.75,74.75,74.54000091552734,74.54000091552734,20800.0,-0.0094352037803675,-0.0447263606096006,-0.0270807821949841,-0.0006702698058437,0.0056654832674855,-0.0056654832674855
VTC_2023-02-28,VTC,2023-02-28,74.38999938964844,74.63999938964844,74.25499725341797,74.63999938964844,14300.0,-0.0091597295185753,-0.0385160114589323,-0.0238378704887538,0.0013415410905939,0.0056665410867768,-0.0056665410867768
VTC_2023-03-01,VTC,2023-03-01,74.13999938964844,74.23999786376953,73.91000366210938,74.01000213623047,35800.0,-0.0128051096284036,-0.0410727929050387,-0.0269389512667211,-0.0084404777407506,0.005733372808883,-0.005733372808883
VTC_2023-03-02,VTC,2023-03-02,73.7699966430664,73.95999908447266,73.63999938964844,73.95999908447266,43600.0,-0.0089775987351335,-0.0414723227807223,-0.0252249607579279,-0.000675625595386,0.0057067349408792,-0.0057067349408792
VTC_2023-03-03,VTC,2023-03-03,74.43000030517578,74.69999694824219,74.27999877929688,74.69999694824219,63800.0,-0.0091524399388839,-0.0254403723263899,-0.0172964061326369,0.0100053795690877,0.0057015831691192,-0.0057015831691192
VTC_2023-03-06,VTC,2023-03-06,74.80000305175781,74.83999633789062,74.43000030517578,74.43000030517578,63600.0,-0.0206578907213712,-0.0211730745787352,-0.0209154826500532,-0.0036144130401167,0.0056194898990164,-0.0056194898990164
VTC_2023-03-07,VTC,2023-03-07,74.6500015258789,74.6500015258789,74.25,74.36000061035156,40800.0,-0.0267015821306801,-0.022993036210303,-0.0248473091704916,-0.0009404768848207,0.0055743252127416,-0.0055743252127416
VTC_2023-03-08,VTC,2023-03-08,74.41999816894531,74.62000274658203,74.0199966430664,74.1500015258789,77900.0,-0.0226703724586408,-0.0140938382063162,-0.0183821053324785,-0.0028240866426704,0.0055205226110384,-0.0055205226110384
VTC_2023-03-09,VTC,2023-03-09,74.18000030517578,74.4229965209961,74.0999984741211,74.2300033569336,28700.0,-0.0241881996223515,-0.0236619709264361,-0.0239250852743938,0.0010789188052378,0.005510419300087,-0.005510419300087
VTC_2023-03-10,VTC,2023-03-10,74.98999786376953,75.16999816894531,74.84500122070312,75.12999725341797,24100.0,-0.0212350812591124,-0.0102754099731489,-0.0157552456161306,0.01212439520118,0.0056074136954792,-0.0056074136954792
VTC_2023-03-13,VTC,2023-03-13,75.1500015258789,75.92500305175781,75.1050033569336,75.12999725341797,49000.0,-0.0193186704756874,-0.0107965731108985,-0.015057621793293,0.0,0.0056036609773212,-0.0056036609773212
VTC_2023-03-14,VTC,2023-03-14,75.51000213623047,75.51000213623047,74.93099975585938,75.0199966430664,31800.0,-0.0147874743915927,-0.0108122327850711,-0.0127998535883319,-0.001464137020803,0.0055571680746522,-0.0055571680746522
VTC_2023-03-15,VTC,2023-03-15,75.06999969482422,75.78500366210938,75.06999969482422,75.61000061035156,26900.0,-0.0056549224092391,0.0022534221029135,-0.0017007501531627,0.0078646226831,0.005647354279119,-0.005647354279119
VTC_2023-03-16,VTC,2023-03-16,75.61000061035156,75.88999938964844,75.26000213623047,75.37000274658203,37100.0,-0.0163142776715152,-0.0029103532473425,-0.0096123154594289,-0.0031741550301835,0.0055732355156228,-0.0055732355156228
VTC_2023-03-17,VTC,2023-03-17,75.43000030517578,75.97000122070312,75.43000030517578,75.77999877929688,60600.0,-0.0121235864460338,0.0051730918265797,-0.003475247309727,0.0054397773354657,0.0056165059138024,-0.0056165059138024
VTC_2023-03-20,VTC,2023-03-20,75.6500015258789,75.89399719238281,75.5,75.61000061035156,22800.0,-0.0149817807956535,0.0059871863533322,-0.0044972972211606,-0.0022433118459188,0.0056214478724432,-0.0056214478724432
VTC_2023-03-21,VTC,2023-03-21,75.52999877929688,75.83000183105469,75.41000366210938,75.83000183105469,26500.0,-0.0087581459992851,0.0066374616732569,-0.001060342163014,0.0029096841545721,0.0056202788754947,-0.0056202788754947
VTC_2023-03-22,VTC,2023-03-22,75.91999816894531,76.58399963378906,75.6500015258789,76.26000213623047,20100.0,0.0040817011250118,0.0212937458989577,0.0126877235119847,0.0056705828140926,0.005592995422099,-0.005592995422099
VTC_2023-03-23,VTC,2023-03-23,76.22000122070312,76.41500091552734,75.94999694824219,76.30000305175781,31400.0,0.0153027478713076,0.0195083750041287,0.0174055614377182,0.0005245333648939,0.0054255596518754,-0.0054255596518754
VTC_2023-03-24,VTC,2023-03-24,76.52999877929688,76.7300033569336,76.41000366210938,76.6500015258789,16200.0,0.0138889295363839,0.0359508546953464,0.0249198921158652,0.0045871357814188,0.0054045171782951,-0.0054045171782951
VTC_2023-03-27,VTC,2023-03-27,76.08000183105469,76.19000244140625,75.76000213623047,75.83000183105469,41300.0,0.002777030902477,0.0255612567925753,0.0141691438475262,-0.0106979736268807,0.0055772155246593,-0.0055772155246593
VTC_2023-03-28,VTC,2023-03-28,75.62999725341797,75.74600219726562,75.5,75.58000183105469,22200.0,0.0055880541309372,0.0376167714294453,0.0216024127801912,-0.0032968481334998,0.0055386367355475,-0.0055386367355475
VTC_2023-03-29,VTC,2023-03-29,75.38999938964844,75.97000122070312,75.38999938964844,75.88999938964844,15600.0,0.0211248614272203,0.0546136791992231,0.0378692703132217,0.0041015817819995,0.0053686507653739,-0.0053686507653739
VTC_2023-03-30,VTC,2023-03-30,76.02999877929688,76.16000366210938,75.98600006103516,76.05000305175781,22100.0,0.0249326978383312,0.04064040977406,0.0327865538061956,0.0021083629384137,0.0053672105064815,-0.0053672105064815
VTC_2023-03-31,VTC,2023-03-31,76.20999908447266,76.62999725341797,76.20999908447266,76.62999725341797,15000.0,0.0271015909569669,0.055218870217196,0.0411602305870815,0.0076264849228924,0.0054063317898594,-0.0054063317898594
VTC_2023-04-03,VTC,2023-04-03,76.4000015258789,76.83000183105469,76.26000213623047,76.83000183105469,1036300.0,0.0350262475621756,0.0587019726353161,0.0468641100987459,0.0026100037166294,0.0053666103236874,-0.0053666103236874
VTC_2023-04-04,VTC,2023-04-04,76.5999984741211,76.98999786376953,76.48999786376953,76.87000274658203,50100.0,0.0300148140908778,0.0479891526337636,0.0390019833623207,0.0005206418661203,0.0053309036557789,-0.0053309036557789
VTC_2023-04-05,VTC,2023-04-05,77.08000183105469,77.2300033569336,76.96499633789062,77.1500015258789,41100.0,0.0281183446776178,0.0476643422776001,0.037891343477609,0.0036424973239554,0.0053078922368382,-0.0053078922368382
VTC_2023-04-06,VTC,2023-04-06,77.26000213623047,77.26000213623047,77.05500030517578,77.12999725341797,28600.0,0.0270306101270614,0.0551299434120176,0.0410802767695395,-0.0002592906294918,0.0053084571244889,-0.0053084571244889
VTC_2023-04-10,VTC,2023-04-10,76.62999725341797,76.79000091552734,76.51000213623047,76.79000091552734,31500.0,0.0089344409370992,0.0522638004163047,0.030599120676702,-0.0044080947750267,0.0050740655446594,-0.0050740655446594
VTC_2023-04-11,VTC,2023-04-11,76.58999633789062,76.80999755859375,76.58999633789062,76.77999877929688,42500.0,0.0060272416969604,0.0603507097939042,0.0331889757454323,-0.0001302531073215,0.0050631836785193,-0.0050631836785193
VTC_2023-04-12,VTC,2023-04-12,77.11000061035156,77.11000061035156,76.5199966430664,76.69000244140625,25500.0,0.00762057320199,0.0675112242587572,0.0375658987303736,-0.0011721325777734,0.0050526956547151,-0.0050526956547151
VTC_2023-04-13,VTC,2023-04-13,76.79000091552734,76.9000015258789,76.66100311279297,76.70999908447266,37400.0,0.0022210369337849,0.0679827275113338,0.0351018822225593,0.0002607464132196,0.0050031688426096,-0.0050031688426096
VTC_2023-04-14,VTC,2023-04-14,76.51000213623047,76.58000183105469,76.31800079345703,76.55000305175781,24400.0,-0.00993297464779,0.0676579272166866,0.0288624762844482,-0.0020857259108901,0.0048389855520997,-0.0048389855520997
VTC_2023-04-17,VTC,2023-04-17,76.26000213623047,76.37000274658203,76.0199966430664,76.12000274658203,321900.0,-0.0127107100769658,0.0595769296613117,0.0234331097921729,-0.0056172473942952,0.0048765992855617,-0.0048765992855617
VTC_2023-04-18,VTC,2023-04-18,76.16999816894531,76.39900207519531,76.16999816894531,76.33000183105469,369300.0,-0.008057116852188,0.0722011407975293,0.0320720119726706,0.0027587897647847,0.0048853143144252,-0.0048853143144252
VTC_2023-04-19,VTC,2023-04-19,76.22000122070312,76.22000122070312,75.95999908447266,75.95999908447266,23700.0,-0.0221421371517235,0.0623776095730441,0.0201177362106603,-0.0048474091144524,0.0047631041190705,-0.0047631041190705
VTC_2023-04-20,VTC,2023-04-20,76.16999816894531,76.31800079345703,76.16999816894531,76.26000213623047,20300.0,-0.0162284326494159,0.0612301904885466,0.0225008789195653,0.0039494873008645,0.0047881393640105,-0.0047881393640105
VTC_2023-04-21,VTC,2023-04-21,76.58999633789062,76.58999633789062,76.12999725341797,76.30999755859375,30400.0,-0.0106313979518245,0.076001121387629,0.0326848617179022,0.0006555916727351,0.0047503984013585,-0.0047503984013585
VTC_2023-04-24,VTC,2023-04-24,76.5199966430664,76.61000061035156,76.41000366210938,76.61000061035156,35300.0,-0.0046771547959223,0.0874379549886279,0.0413804000963528,0.0039313728391545,0.0047715455273631,-0.0047715455273631
VTC_2023-04-25,VTC,2023-04-25,76.88500213623047,77.22000122070312,76.87999725341797,76.93000030517578,199800.0,-0.0053012160864814,0.0887347341934632,0.0417167590534908,0.0041769963748177,0.0047618242699047,-0.0047618242699047
VTC_2023-04-26,VTC,2023-04-26,76.9000015258789,76.9800033569336,76.5999984741211,76.68000030517578,61900.0,-0.0094303490814962,0.0870428028063279,0.0388062268624158,-0.0032497075134312,0.0047768038897276,-0.0047768038897276
VTC_2023-04-27,VTC,2023-04-27,76.5999984741211,76.5999984741211,76.36000061035156,76.41000366210938,33800.0,-0.0126630796649178,0.071669009700352,0.029502965017717,-0.0035210829680732,0.0047957663734378,-0.0047957663734378
VTC_2023-04-28,VTC,2023-04-28,76.87999725341797,76.87999725341797,76.66500091552734,76.83000183105469,43700.0,-0.0040186357408158,0.0733445077633723,0.0346629360112782,0.0054966385134933,0.0048324553867683,-0.0048324553867683
VTC_2023-05-01,VTC,2023-05-01,76.29000091552734,76.29000091552734,75.55999755859375,75.69999694824219,45400.0,-0.0162443151341613,0.052704673802288,0.0182301793340633,-0.0147078596366211,0.0051657266613374,-0.0051657266613374
VTC_2023-05-02,VTC,2023-05-02,75.80000305175781,76.41000366210938,75.80000305175781,76.41000366210938,51200.0,-0.0139372077872401,0.0624305562775002,0.02424667424513,0.0093792172059483,0.0052274926337779,-0.0052274926337779
VTC_2023-05-03,VTC,2023-05-03,76.45999908447266,76.62999725341797,76.30999755859375,76.48999786376953,58000.0,-0.0181001750255545,0.0662113206222838,0.0240555727983646,0.0010469074443955,0.0051826204536448,-0.0051826204536448
VTC_2023-05-04,VTC,2023-05-04,76.27999877929688,76.55999755859375,76.12999725341797,76.41000366210938,49400.0,-0.0197561686520058,0.0639098299469351,0.0220768306474646,-0.0010458125754249,0.0051821580056305,-0.0051821580056305
VTC_2023-05-05,VTC,2023-05-05,76.1500015258789,76.26499938964844,76.01000213623047,76.12000274658203,34500.0,-0.0146277961607503,0.0650622841256076,0.0252172439824286,-0.0037953265492532,0.0050823507062171,-0.0050823507062171
VTC_2023-05-08,VTC,2023-05-08,76.19000244140625,76.19000244140625,75.5999984741211,75.68000030517578,53300.0,-0.0138128432121601,0.0602410089270759,0.0232140828574579,-0.0057803786853647,0.0050667438160785,-0.0050667438160785
VTC_2023-05-09,VTC,2023-05-09,75.62000274658203,75.80000305175781,75.62000274658203,75.66999816894531,37300.0,-0.0114958177365127,0.0589584980245594,0.0237313401440233,-0.0001321635331678,0.0050584222723882,-0.0050584222723882
VTC_2023-05-10,VTC,2023-05-10,76.0199966430664,76.1500015258789,75.98999786376953,76.1500015258789,55500.0,-0.0052253626379146,0.0686219371745182,0.0316982872683018,0.0063433774091272,0.0051245794157212,-0.0051245794157212
VTC_2023-05-11,VTC,2023-05-11,76.41000366210938,76.51499938964844,76.31999969482422,76.36000061035156,15100.0,0.0031528882699667,0.0678226587783004,0.0354877735241335,0.0027577029581711,0.0050868518831009,-0.0050868518831009
VTC_2023-05-12,VTC,2023-05-12,76.45999908447266,76.45999908447266,75.98999786376953,76.01000213623047,29200.0,0.0038299116594315,0.0641187429859611,0.0339743273226963,-0.0045835315783594,0.0050762245993099,-0.0050762245993099
VTC_2023-05-15,VTC,2023-05-15,75.5999984741211,75.7300033569336,75.58000183105469,75.69000244140625,28400.0,-0.002109374237752,0.0311989219062884,0.0145447738342682,-0.0042099682387942,0.0051001391012521,-0.0051001391012521
VTC_2023-05-16,VTC,2023-05-16,75.33999633789062,75.44999694824219,75.30999755859375,75.30999755859375,18900.0,-0.0062021803678298,0.0256025772246313,0.0097001984284007,-0.005020542615343,0.0051378197624444,-0.0051378197624444
VTC_2023-05-17,VTC,2023-05-17,75.41000366210938,75.48500061035156,75.2699966430664,75.30999755859375,46500.0,-0.0025165886278973,0.028825146151898,0.0131542787620003,0.0,0.0051170030562813,-0.0051170030562813
VTC_2023-05-18,VTC,2023-05-18,75.19000244140625,75.19000244140625,74.95999908447266,75.06999969482422,24000.0,0.0005331322961235,0.0137607481053239,0.0071469402007237,-0.0031867995159978,0.0050717618171208,-0.0050717618171208
VTC_2023-05-19,VTC,2023-05-19,75.01000213623047,75.0999984741211,74.9000015258789,74.97000122070312,36700.0,-0.0041179272531949,0.0049598224416906,0.0004209475942478,-0.0013320697286214,0.005056671697511,-0.005056671697511
VTC_2023-05-22,VTC,2023-05-22,74.94999694824219,75.05999755859375,74.87999725341797,74.88999938964844,54400.0,0.0060450958286357,0.0089049178346369,0.0074750068316363,-0.0010671179105249,0.0048550243023219,-0.0048550243023219
VTC_2023-05-23,VTC,2023-05-23,74.80000305175781,75.08000183105469,74.76000213623047,75.03500366210938,55300.0,0.006370790223569,0.0107085913418085,0.0085396907826887,0.0019362301194114,0.0048568167604635,-0.0048568167604635
VTC_2023-05-24,VTC,2023-05-24,75.02999877929688,75.05000305175781,74.76000213623047,74.79000091552734,41700.0,-0.0021347036588318,0.0086311446591822,0.0032482205001752,-0.0032651793779514,0.0048302864349978,-0.0048302864349978
VTC_2023-05-25,VTC,2023-05-25,74.83000183105469,74.87999725341797,74.5199966430664,74.61000061035156,56800.0,0.0002681897498737,0.0,0.0001340948749368,-0.0024067429198066,0.0048013796955561,-0.0048013796955561
VTC_2023-05-26,VTC,2023-05-26,74.63999938964844,74.8499984741211,74.52999877929688,74.80999755859375,70900.0,0.0036221711799062,-0.005847208523671,-0.0011125186718823,0.0026805648921874,0.0048122067392513,-0.0048122067392513
VTC_2023-05-30,VTC,2023-05-30,74.97000122070312,75.30999755859375,74.97000122070312,75.25,43600.0,0.0081725698732544,-0.0010620181748317,0.0035552758492113,0.0058815994621792,0.0048652758492866,-0.0048652758492866
VTC_2023-05-31,VTC,2023-05-31,75.33999633789062,75.58000183105469,75.24500274658203,75.55000305175781,50200.0,0.0208080106887804,0.0077364522023579,0.0142722314455692,0.0039867515183762,0.0047625837384586,-0.0047625837384586
VTC_2023-06-01,VTC,2023-06-01,75.55999755859375,75.58499908447266,75.4000015258789,75.52999877929688,28300.0,0.0212276867801344,0.0120595143910136,0.016643600585574,-0.0002647818881917,0.0047614544010771,-0.0047614544010771
VTC_2023-06-02,VTC,2023-06-02,75.58000183105469,75.58000183105469,75.27999877929688,75.33000183105469,498100.0,0.0084338006499387,-0.0007958291428503,0.0038189857535441,-0.0026479140934,0.0046118951368873,-0.0046118951368873
VTC_2023-06-05,VTC,2023-06-05,75.02999877929688,75.38999938964844,75.02999877929688,75.18000030517578,34700.0,0.0100765819820618,-0.0107894696687397,-0.0003564438433389,-0.0019912587579026,0.0045950644768948,-0.0045950644768948
VTC_2023-06-06,VTC,2023-06-06,75.23999786376953,75.26000213623047,75.00399780273438,75.26000213623047,29300.0,0.0121033017548632,-0.0149214576816767,-0.0014090779634067,0.0010641371472457,0.0045941944754904,-0.0045941944754904
VTC_2023-06-07,VTC,2023-06-07,75.23999786376953,75.2699966430664,74.72000122070312,74.73999786376953,68400.0,0.0079567946830683,-0.0148939612746146,-0.0034685832957731,-0.0069094373864042,0.004665860750607,-0.004665860750607
VTC_2023-06-08,VTC,2023-06-08,74.69000244140625,75.1500015258789,74.69000244140625,75.12000274658203,28200.0,0.0119897527872778,-0.012488457368915,-0.0002493522908185,0.0050843576889731,0.0047060259723832,-0.0047060259723832
VTC_2023-06-09,VTC,2023-06-09,74.9000015258789,75.04000091552734,74.9000015258789,74.94000244140625,59700.0,-0.0025288808592772,-0.0237102611278483,-0.0131195709935628,-0.0023961701090855,0.0044618441798944,-0.0044618441798944
VTC_2023-06-12,VTC,2023-06-12,75.05000305175781,75.13999938964844,74.80000305175781,75.13999938964844,19300.0,0.0001331310607763,-0.0191881113300043,-0.0095274901346139,0.0026687608984075,0.0044747872750147,-0.0044747872750147
VTC_2023-06-13,VTC,2023-06-13,75.12999725341797,75.22000122070312,74.77400207519531,74.8499984741211,29300.0,-0.0022660380772094,-0.017020003488765,-0.0096430207829872,-0.0038594745526081,0.0044976496996973,-0.0044976496996973
VTC_2023-06-14,VTC,2023-06-14,74.98999786376953,75.16999816894531,74.83000183105469,75.08000183105469,442800.0,-0.0070096386062495,-0.0126249220530535,-0.0098172803296515,0.0030728572027041,0.0044015484900087,-0.0044015484900087
VTC_2023-06-15,VTC,2023-06-15,75.43000030517578,75.58999633789062,75.25,75.56999969482422,278600.0,0.0026535351061964,-0.0137040330738522,-0.0055252489838278,0.0065263432581172,0.0044616106681731,-0.0044616106681731
VTC_2023-06-16,VTC,2023-06-16,75.44000244140625,75.51000213623047,75.26000213623047,75.47000122070312,81600.0,-0.0040907569752883,-0.0161647487755025,-0.0101277528753954,-0.0013232562461945,0.0044109570422556,-0.0044109570422556
VTC_2023-06-20,VTC,2023-06-20,75.51000213623047,75.72000122070312,75.51000213623047,75.68000030517578,30300.0,0.0009257994214939,-0.0140698514981532,-0.0065720260383296,0.0027825504316416,0.0044161953097945,-0.0044161953097945
VTC_2023-06-21,VTC,2023-06-21,75.43000030517578,75.66999816894531,75.26000213623047,75.6500015258789,63200.0,-0.0023737346805926,-0.0111110911649816,-0.0067424129227871,-0.0003963897882651,0.0044009721634136,-0.0044009721634136
VTC_2023-06-22,VTC,2023-06-22,75.4800033569336,75.54000091552734,75.22000122070312,75.33999633789062,31400.0,-0.0120640673035433,-0.0080316080956166,-0.01004783769958,-0.0040978873990138,0.0043689197451163,-0.0043689197451163
VTC_2023-06-23,VTC,2023-06-23,75.75,75.75,75.36000061035156,75.5,19600.0,-0.0104849674935809,0.0046573315637334,-0.0029138179649237,0.0021237545777381,0.0043777353904839,-0.0043777353904839
VTC_2023-06-26,VTC,2023-06-26,75.55999755859375,75.68000030517578,75.55000305175781,75.55000305175781,35900.0,-0.0143509256650139,-0.0006613151239731,-0.0075061203944935,0.0006622920762624,0.0043368570685629,-0.0043368570685629
VTC_2023-06-27,VTC,2023-06-27,75.68000030517578,75.68000030517578,75.34500122070312,75.41999816894531,34100.0,-0.0054068792326135,-0.0026448634008514,-0.0040258713167324,-0.0017207793191409,0.0041295634450087,-0.0041295634450087
VTC_2023-06-28,VTC,2023-06-28,75.48999786376953,75.7300033569336,75.44999694824219,75.70999908447266,25500.0,0.0017199953726987,0.0073176609308835,0.0045188281517911,0.0038451461491384,0.0041377875173606,-0.0041377875173606
VTC_2023-06-29,VTC,2023-06-29,75.30999755859375,75.30999755859375,75.10199737548828,75.2699966430664,47800.0,-0.0081697555879358,0.012782520884595,0.0023063826483296,-0.0058116820331132,0.0041690498843325,-0.0041690498843325
VTC_2023-06-30,VTC,2023-06-30,75.31999969482422,75.70999908447266,75.30999755859375,75.66000366210938,39800.0,-0.0051281968967576,0.0196766411578912,0.0072742221305667,0.0051814406328778,0.0042133053801454,-0.0042133053801454
VTC_2023-07-03,VTC,2023-07-03,75.43000030517578,75.58999633789062,75.27999877929688,75.31999969482422,12400.0,-0.0170951012077104,0.0095431853089573,-0.0037759579493765,-0.0044938402171321,0.0041320028957268,-0.0041320028957268
VTC_2023-07-05,VTC,2023-07-05,75.16000366210938,75.2300033569336,74.79000091552734,74.87000274658203,94900.0,-0.0255108556261991,0.0086218423912904,-0.0084445066174543,-0.0059744682695891,0.0041769571080676,-0.0041769571080676
VTC_2023-07-06,VTC,2023-07-06,74.41000366210938,74.41000366210938,74.08999633789062,74.19999694824219,629500.0,-0.0347340406262515,-0.0057617623073955,-0.0202479014668235,-0.0089489217812327,0.0043114564622074,-0.0043114564622074
VTC_2023-07-07,VTC,2023-07-07,74.4000015258789,74.44999694824219,74.19999694824219,74.19999694824219,212000.0,-0.0382372588372169,-0.0111940825831112,-0.0247156707101641,0.0,0.0042786008024987,-0.0042786008024987
VTC_2023-07-10,VTC,2023-07-10,74.20999908447266,74.56999969482422,74.20999908447266,74.56999969482422,30700.0,-0.0331906865001256,-0.0070572408796987,-0.0201239636899122,0.0049865601320728,0.0043361871957865,-0.0043361871957865
VTC_2023-07-11,VTC,2023-07-11,74.62000274658203,74.8499984741211,74.62000274658203,74.77999877929688,54300.0,-0.0261753107470537,-0.0174747315778341,-0.0218250211624439,0.0028161336372813,0.0043273927264003,-0.0043273927264003
VTC_2023-07-12,VTC,2023-07-12,75.06999969482422,75.44000244140625,75.06999969482422,75.41000366210938,26600.0,-0.0178431250191281,-0.011923428149287,-0.0148832765842075,0.0084247779231967,0.0044683018083029,-0.0044683018083029
VTC_2023-07-13,VTC,2023-07-13,75.70999908447266,75.8499984741211,75.62999725341797,75.83000183105469,43800.0,-0.0112139859561046,-0.0036788697549792,-0.0074464278555419,0.0055695285578714,0.004526835998163,-0.004526835998163
VTC_2023-07-14,VTC,2023-07-14,75.7699966430664,75.78500366210938,75.33999633789062,75.38999938964844,14500.0,-0.0172076614597614,-0.0150248433776227,-0.0161162524186921,-0.0058024849107422,0.0045816752091753,-0.0045816752091753
VTC_2023-07-17,VTC,2023-07-17,75.33000183105469,75.5199966430664,75.30000305175781,75.47000122070312,39400.0,-0.0141084492227187,-0.0239012850020599,-0.0190048671123893,0.001061172989818,0.0045786596755727,-0.0045786596755727
VTC_2023-07-18,VTC,2023-07-18,75.69999694824219,75.80899810791016,75.62000274658203,75.66000366210938,155600.0,-0.0060430776126491,-0.0186769758821079,-0.0123600267473785,0.0025175889536639,0.0045383865997434,-0.0045383865997434
VTC_2023-07-19,VTC,2023-07-19,75.88999938964844,75.9800033569336,75.73999786376953,75.97000122070312,28500.0,-0.004716371043045,-0.0127354875426209,-0.008725929292833,0.004097244826714,0.0045550211854947,-0.0045550211854947
VTC_2023-07-20,VTC,2023-07-20,75.7699966430664,75.79000091552734,75.38999938964844,75.54000091552734,35200.0,-0.005529201869503,-0.0275489106750923,-0.0165390562722976,-0.005660132924397,0.0045699110733621,-0.0045699110733621
VTC_2023-07-21,VTC,2023-07-21,75.70999908447266,75.75,75.61000061035156,75.68000030517578,33800.0,-0.0076055837241989,-0.0237105896703873,-0.0156580866972931,0.0018533146406098,0.0045476938100114,-0.0045476938100114
VTC_2023-07-24,VTC,2023-07-24,75.68000030517578,75.8280029296875,75.58000183105469,75.61000061035156,22900.0,-0.0091730699860749,-0.0197069453804376,-0.0144400076832562,-0.000924943109698,0.0045477562764708,-0.0045477562764708
VTC_2023-07-25,VTC,2023-07-25,75.48999786376953,75.60600280761719,75.45999908447266,75.5199966430664,21600.0,-0.0142279592559861,-0.0188385676840382,-0.0165332634700122,-0.0011903712016745,0.0045195639542947,-0.0045195639542947
VTC_2023-07-26,VTC,2023-07-26,75.69000244140625,75.80000305175781,75.50700378417969,75.80000305175781,33800.0,-0.0146886422583563,-0.0199119906782092,-0.0173003164682827,0.0037077121443054,0.00451258586183,-0.00451258586183
VTC_2023-07-27,VTC,2023-07-27,75.75,75.75,75.0199966430664,75.08000183105469,37000.0,-0.020865916376543,-0.0300994925827031,-0.025482704479623,-0.0094986964606254,0.0046468298289122,-0.0046468298289122
VTC_2023-07-28,VTC,2023-07-28,75.26000213623047,75.46600341796875,75.26000213623047,75.45999908447266,37400.0,-0.0124329869402665,-0.0249386267010868,-0.0186858068206766,0.0050612312753139,0.0046772926978735,-0.0046772926978735
VTC_2023-07-31,VTC,2023-07-31,75.48999786376953,75.69999694824219,75.4800033569336,75.62000274658203,36300.0,-0.0157490440665794,-0.0197043901360255,-0.0177267171013024,0.002120377207138,0.0046302165918279,-0.0046302165918279
VTC_2023-08-01,VTC,2023-08-01,75.0999984741211,75.0999984741211,74.70999908447266,74.80000305175781,282500.0,-0.0118889555187131,-0.0279401427128125,-0.0199145491157628,-0.0108436877154343,0.0044578763424104,-0.0044578763424104
VTC_2023-08-02,VTC,2023-08-02,74.55999755859375,74.55999755859375,74.23999786376953,74.44000244140625,378600.0,-0.0257819804513373,-0.0393598594198607,-0.032570919935599,-0.0048128421880204,0.004323587569692,-0.004323587569692
VTC_2023-08-03,VTC,2023-08-03,74.01000213623047,74.01000213623047,73.8499984741211,73.91999816894531,106900.0,-0.0335991602379365,-0.0510911845824728,-0.0423451724102046,-0.0069855488367326,0.0043978694162736,-0.0043978694162736
VTC_2023-08-04,VTC,2023-08-04,74.19999694824219,74.62000274658203,74.16500091552734,74.56999969482422,25300.0,-0.0240806684870974,-0.0433610953912191,-0.0337208819391582,0.0087933109034081,0.0045513815233949,-0.0045513815233949
VTC_2023-08-07,VTC,2023-08-07,74.55000305175781,74.55000305175781,74.36000061035156,74.43000030517578,28300.0,-0.0222018179246864,-0.0365048504184365,-0.0293533341715614,-0.0018774224248542,0.0045345289901839,-0.0045345289901839
VTC_2023-08-08,VTC,2023-08-08,74.7300033569336,74.76000213623047,74.58999633789062,74.69000244140625,39400.0,-0.0130813670689404,-0.0267135194087766,-0.0198974432388585,0.0034932437883168,0.0045057076509083,-0.0045057076509083
VTC_2023-08-09,VTC,2023-08-09,74.69999694824219,74.78800201416016,74.63999938964844,74.66999816894531,27800.0,-0.013215277179832,-0.0245591744985479,-0.01888722583919,-0.0002678306574782,0.0045057076165262,-0.0045057076165262
VTC_2023-08-10,VTC,2023-08-10,74.69999694824219,74.91000366210938,74.27999877929688,74.30000305175781,48700.0,-0.0242941357459117,-0.0293925527145793,-0.0268433442302455,-0.0049550706610487,0.0044656929625205,-0.0044656929625205
VTC_2023-08-11,VTC,2023-08-11,74.05000305175781,74.26000213623047,74.05000305175781,74.05999755859375,52700.0,-0.0301205216523533,-0.0270626000217897,-0.0285915608370715,-0.0032302218479973,0.0044615440880344,-0.0044615440880344
VTC_2023-08-14,VTC,2023-08-14,74.01000213623047,74.20999908447266,73.8499984741211,74.05000305175781,37700.0,-0.0257860680093102,-0.0220549147123984,-0.0239204913608543,-0.0001349514875156,0.0044305746649173,-0.0044305746649173
VTC_2023-08-15,VTC,2023-08-15,73.91999816894531,74.01000213623047,73.7300033569336,73.7300033569336,35200.0,-0.0258950854967926,-0.0279498373083133,-0.026922461402553,-0.0043214001571417,0.0044321401719425,-0.0044321401719425
VTC_2023-08-16,VTC,2023-08-16,73.69999694824219,73.86000061035156,73.41999816894531,73.48999786376953,60400.0,-0.0241667740515885,-0.0302190677278418,-0.0271929208897152,-0.0032551943881268,0.0044080143094721,-0.0044080143094721
VTC_2023-08-17,VTC,2023-08-17,73.48999786376953,73.48999786376953,73.18000030517578,73.27999877929688,27400.0,-0.0269552362914029,-0.0294039896781871,-0.028179612984795,-0.0028575192621713,0.004418743622666,-0.004418743622666
VTC_2023-08-18,VTC,2023-08-18,73.29000091552734,73.63899993896484,73.29000091552734,73.58999633789062,31200.0,-0.0197149775269764,-0.0191923559220901,-0.0194536667245333,0.0042303160993137,0.0044426906673517,-0.0044426906673517
VTC_2023-08-21,VTC,2023-08-21,73.33000183105469,73.33999633789062,73.10199737548828,73.16999816894531,59500.0,-0.024009644156985,-0.0280287014421664,-0.0260191727995757,-0.0057072725892916,0.0044928968080929,-0.0044928968080929
VTC_2023-08-22,VTC,2023-08-22,73.30000305175781,73.4000015258789,73.18000030517578,73.3499984741211,23400.0,-0.0205635055158006,-0.0146427180485805,-0.0176031117821905,0.0024600288325848,0.004506099187832,-0.004506099187832
VTC_2023-08-23,VTC,2023-08-23,73.68000030517578,74.26000213623047,73.68000030517578,74.19000244140625,63900.0,-0.0112614270602058,-0.0049623810260553,-0.0081119040431306,0.0114519970655693,0.0047365309829695,-0.0047365309829695
VTC_2023-08-24,VTC,2023-08-24,74.1500015258789,74.1500015258789,73.97000122070312,74.0,23400.0,-0.0105629215918798,-0.0126750765433415,-0.0116189990676107,-0.002561024870653,0.004729932436611,-0.004729932436611
VTC_2023-08-25,VTC,2023-08-25,74.0,74.11000061035156,73.76899719238281,74.0,30200.0,-0.0081758558552662,-0.0079098587861293,-0.0080428573206978,0.0,0.0047211844079551,-0.0047211844079551
VTC_2023-08-28,VTC,2023-08-28,74.16000366210938,74.22599792480469,74.0739974975586,74.13999938964844,30800.0,-0.0089559977384111,-0.0053662667154003,-0.0071611322269057,0.0018918836438976,0.0047146815872002,-0.0047146815872002
VTC_2023-08-29,VTC,2023-08-29,74.06999969482422,74.70999908447266,74.06999969482422,74.69000244140625,27900.0,-0.0074418280211794,0.000669922992587,-0.0033859525142961,0.0074184388492806,0.0047501402119298,-0.0047501402119298
VTC_2023-08-30,VTC,2023-08-30,74.66000366210938,74.75,74.55999755859375,74.55999755859375,68600.0,-0.0131039768785427,0.0074313661192835,-0.0028363053796295,-0.001740592831209,0.0047252607564055,-0.0047252607564055
VTC_2023-08-31,VTC,2023-08-31,74.66000366210938,74.88999938964844,74.66000366210938,74.75,495000.0,-0.010327006380287,0.0106814619430302,0.0001772277813715,0.0025483160894277,0.0047378975932036,-0.0047378975932036
VTC_2023-09-01,VTC,2023-09-01,74.47000122070312,74.50499725341797,74.0,74.0999984741211,56200.0,-0.0163282002792481,-0.008032108415437,-0.0121801543473425,-0.0086956725870087,0.0048492088572095,-0.0048492088572095
VTC_2023-09-05,VTC,2023-09-05,73.8499984741211,73.8499984741211,73.62999725341797,73.66000366210938,68700.0,-0.0202180983891504,-0.0103452457330281,-0.0152816720610893,-0.0059378518363314,0.0048973231528269,-0.0048973231528269
VTC_2023-09-06,VTC,2023-09-06,73.76000213623047,73.76000213623047,73.47000122070312,73.58999633789062,81100.0,-0.0221898186412075,-0.0103550869572444,-0.0162724527992259,-0.0009504116309834,0.0048947667371933,-0.0048947667371933
VTC_2023-09-07,VTC,2023-09-07,73.73999786376953,73.87000274658203,73.61000061035156,73.87000274658203,77900.0,-0.0116402882265699,-0.0037761129269721,-0.007708200576771,0.0038049520672041,0.0048489035592702,-0.0048489035592702
VTC_2023-09-08,VTC,2023-09-08,73.94000244140625,74.1500015258789,73.88999938964844,73.88999938964844,127200.0,-0.0163738460058769,-0.0045804115843866,-0.0104771287951317,0.000270700451102,0.0048024066652577,-0.0048024066652577
VTC_2023-09-11,VTC,2023-09-11,73.75,73.83599853515625,73.69400024414062,73.77999877929688,52000.0,-0.0154790982695304,-0.0179688343334749,-0.0167239663015026,-0.0014887076906238,0.0047972258393108,-0.0047972258393108
VTC_2023-09-12,VTC,2023-09-12,73.7300033569336,73.77999877929688,73.6500015258789,73.7699966430664,29000.0,-0.0182326691204467,-0.0181019653942512,-0.0181673172573489,-0.0001355670425041,0.004782824517111,-0.004782824517111
VTC_2023-09-13,VTC,2023-09-13,73.62000274658203,73.91899871826172,73.62000274658203,73.83999633789062,26200.0,-0.0134936827898489,-0.0157291436680547,-0.0146114132289518,0.0009488911211819,0.0047631201698736,-0.0047631201698736
VTC_2023-09-14,VTC,2023-09-14,73.9800033569336,74.01000213623047,73.76100158691406,73.80000305175781,64600.0,-0.0170484649451279,-0.0239385999733208,-0.0204935324592243,-0.0005416209116506,0.0047447407224866,-0.0047447407224866
VTC_2023-09-15,VTC,2023-09-15,73.69999694824219,73.79000091552734,73.5999984741211,73.68000030517578,21500.0,-0.0250099165976029,-0.0224227461831012,-0.0237163313903521,-0.0016260534094811,0.0046671569277679,-0.0046671569277679
VTC_2023-09-18,VTC,2023-09-18,73.62999725341797,73.80999755859375,73.5999984741211,73.80999755859375,32500.0,-0.0219955430669053,-0.0259963216209674,-0.0239959323439363,0.0017643492518937,0.0046734190945033,-0.0046734190945033
VTC_2023-09-19,VTC,2023-09-19,73.66000366210938,73.72000122070312,73.58999633789062,73.62999725341797,27000.0,-0.0270877780588171,-0.0261870564865795,-0.0266374172726983,-0.0024386981591875,0.0046633968856965,-0.0046633968856965
VTC_2023-09-20,VTC,2023-09-20,73.7699966430664,73.91000366210938,73.63999938964844,73.6500015258789,23200.0,-0.0264375407754066,-0.0287485197485911,-0.0275930302619988,0.0002716864485554,0.0046642227323633,-0.0046642227323633
VTC_2023-09-21,VTC,2023-09-21,73.16000366210938,73.16000366210938,72.99800109863281,73.05999755859375,30800.0,-0.0302627938694257,-0.041961768790935,-0.0361122813301804,-0.0080109158867816,0.0047395106271025,-0.0047395106271025
VTC_2023-09-22,VTC,2023-09-22,73.22000122070312,73.45500183105469,73.18000030517578,73.4000015258789,22600.0,-0.0278145493261071,-0.0380078821741554,-0.0329112157501312,0.0046537637372965,0.0047725032040771,-0.0047725032040771
VTC_2023-09-25,VTC,2023-09-25,72.91000366210938,73.06999969482422,72.81999969482422,72.81999969482422,25400.0,-0.036135052900836,-0.0499674071077687,-0.0430512300043023,-0.0079019321389277,0.0048618376438444,-0.0048618376438444
VTC_2023-09-26,VTC,2023-09-26,72.9000015258789,72.94499969482422,72.62000274658203,72.6500015258789,41000.0,-0.036727614827853,-0.0419359122825904,-0.0393317635552217,-0.002334498347401,0.0048647897262664,-0.0048647897262664
VTC_2023-09-27,VTC,2023-09-27,72.9800033569336,72.9800033569336,72.19200134277344,72.44000244140625,4144800.0,-0.0431910802088102,-0.0415453732942125,-0.0423682267515114,-0.0028905585693326,0.0048398731486962,-0.0048398731486962
VTC_2023-09-28,VTC,2023-09-28,72.25,72.5199966430664,72.0999984741211,72.5199966430664,51700.0,-0.0365351417914978,-0.0444064142006266,-0.0404707779960622,0.0011042821502507,0.0048000779994647,-0.0048000779994647
VTC_2023-09-29,VTC,2023-09-29,72.7699966430664,72.87000274658203,72.19999694824219,72.44999694824219,147600.0,-0.042426732203223,-0.0473373564635565,-0.0448820443333897,-0.0009652468017717,0.0047432294189192,-0.0047432294189192
VTC_2023-10-02,VTC,2023-10-02,71.95999908447266,71.95999908447266,71.58999633789062,71.5999984741211,248600.0,-0.0493892888446035,-0.0656400751609386,-0.0575146820027711,-0.01173220855659,0.0049214968364108,-0.0049214968364108
VTC_2023-10-03,VTC,2023-10-03,71.41999816894531,71.52999877929688,70.91000366210938,71.01000213623047,35400.0,-0.0515560367136193,-0.0757516537305583,-0.0636538452220888,-0.0082401724925157,0.0049680384649037,-0.0049680384649037
VTC_2023-10-04,VTC,2023-10-04,71.29000091552734,71.51000213623047,71.07499694824219,71.51000213623047,218800.0,-0.0362533008443128,-0.0697281178462022,-0.0529907093452575,0.0070412615822876,0.0049548846155092,-0.0049548846155092
VTC_2023-10-05,VTC,2023-10-05,71.68000030517578,71.68000030517578,71.36000061035156,71.44999694824219,38100.0,-0.0370619961334802,-0.0738821058315174,-0.0554720509824988,-0.0008391160144838,0.0049544448869177,-0.0049544448869177
VTC_2023-10-06,VTC,2023-10-06,70.9000015258789,71.37000274658203,70.87999725341797,71.30000305175781,36000.0,-0.0438513699403082,-0.075586599368144,-0.0597189846542261,-0.0020992848550158,0.0049060646702945,-0.0049060646702945
VTC_2023-10-09,VTC,2023-10-09,71.5,72.02999877929688,71.47000122070312,72.0199966430664,304700.0,-0.0369082934111331,-0.062117518109007,-0.04951290576007,0.0100980864024078,0.0050731681088132,-0.0050731681088132
VTC_2023-10-10,VTC,2023-10-10,71.80000305175781,72.12999725341797,71.63999938964844,71.94000244140625,17200.0,-0.0460151313113735,-0.0630372025897413,-0.0545261669505574,-0.0011107220964839,0.0049405671682986,-0.0049405671682986
VTC_2023-10-11,VTC,2023-10-11,72.26000213623047,72.33000183105469,72.08999633789062,72.30999755859375,19500.0,-0.0464196780622968,-0.057113114400524,-0.0517663962314104,0.005143106820004,0.0049320748133903,-0.0049320748133903
VTC_2023-10-12,VTC,2023-10-12,72.20999908447266,72.25,71.5999984741211,71.68000030517578,37600.0,-0.049210758913762,-0.0655716182939575,-0.0573911886038597,-0.0087124502100484,0.0049934737751159,-0.0049934737751159
VTC_2023-10-13,VTC,2023-10-13,72.12999725341797,72.20999908447266,71.99600219726562,72.05000305175781,21800.0,-0.0453159946154489,-0.0587851054291587,-0.0520505500223038,0.0051618686524379,0.0050444383879682,-0.0050444383879682
VTC_2023-10-16,VTC,2023-10-16,72.12000274658203,72.12000274658203,71.6500015258789,71.6500015258789,22600.0,-0.053000290009749,-0.0587230827563762,-0.0558616863830626,-0.005551721151095,0.0050632305616289,-0.0050632305616289
VTC_2023-10-17,VTC,2023-10-17,71.19999694824219,71.3499984741211,71.01000213623047,71.20999908447266,56200.0,-0.0626563388146068,-0.0670771993156034,-0.0648667690651051,-0.006140996957932,0.005066139788239,-0.005066139788239
VTC_2023-10-18,VTC,2023-10-18,70.95999908447266,71.0,70.6760025024414,70.69000244140625,18500.0,-0.0642043740447475,-0.069378576969252,-0.0667914755069998,-0.0073022981288001,0.0050945757610386,-0.0050945757610386
VTC_2023-10-19,VTC,2023-10-19,70.69999694824219,70.79000091552734,70.30000305175781,70.33999633789062,48400.0,-0.0705603058371017,-0.0776292372476514,-0.0740947715423765,-0.0049512815310162,0.0051043684992328,-0.0051043684992328
VTC_2023-10-20,VTC,2023-10-20,70.48699951171875,70.57599639892578,70.4000015258789,70.56999969482422,27100.0,-0.0666578610612698,-0.0752194738227076,-0.0709386674419887,0.0032698801380188,0.0051345952805172,-0.0051345952805172
VTC_2023-10-23,VTC,2023-10-23,70.37000274658203,71.13800048828125,70.33999633789062,70.98999786376953,35300.0,-0.0599840966718684,-0.0733586046444001,-0.0666713506581342,0.0059515115596084,0.0052104308314014,-0.0052104308314014
VTC_2023-10-24,VTC,2023-10-24,71.02999877929688,71.30999755859375,71.0,71.2699966430664,29100.0,-0.0597626151228282,-0.0735734257072214,-0.0666680204150248,0.0039442004186871,0.0052139377455808,-0.0052139377455808
VTC_2023-10-25,VTC,2023-10-25,70.94000244140625,70.9489974975586,70.64600372314453,70.80000305175781,28500.0,-0.0570058427665963,-0.0766822799949973,-0.0668440613807968,-0.0065945504903334,0.0051497085797904,-0.0051497085797904
VTC_2023-10-26,VTC,2023-10-26,70.77999877929688,71.19400024414062,70.77999877929688,71.16999816894531,100400.0,-0.056851324775726,-0.068577479937519,-0.0627144023566225,0.0052259195090291,0.0051528336611866,-0.0051528336611866
VTC_2023-10-27,VTC,2023-10-27,71.08999633789062,71.16500091552734,70.96900177001953,71.12999725341797,19400.0,-0.059375896986026,-0.0741898274344798,-0.0667828622102529,-0.0005620474435363,0.0051384051717734,-0.0051384051717734
VTC_2023-10-30,VTC,2023-10-30,70.97000122070312,71.02999877929688,70.73999786376953,70.88999938964844,12100.0,-0.0522727740987369,-0.0635402609313505,-0.0579065175150437,-0.0033740738512119,0.004990678418127,-0.004990678418127
VTC_2023-10-31,VTC,2023-10-31,70.96499633789062,71.1500015258789,70.83000183105469,70.83000183105469,32200.0,-0.0484954391718766,-0.0730271111585056,-0.0607612751651911,-0.0008463472860815,0.0049646971619312,-0.0049646971619312
VTC_2023-11-01,VTC,2023-11-01,70.82499694824219,71.41000366210938,70.82499694824219,71.41000366210938,444300.0,-0.0339555542344482,-0.0664138363646936,-0.0501846952995709,0.0081886462806837,0.0050263175973632,-0.0050263175973632
VTC_2023-11-02,VTC,2023-11-02,71.98999786376953,72.06999969482422,71.822998046875,72.05000305175781,42000.0,-0.0337937059592252,-0.0570605994161681,-0.0454271526876967,0.0089623211990959,0.0050314196380761,-0.0050314196380761
VTC_2023-11-03,VTC,2023-11-03,72.79000091552734,72.83999633789062,72.32499694824219,72.33000183105469,59600.0,-0.0282144090489149,-0.0497898158010448,-0.0390021124249798,0.0038861730386845,0.0050589055975954,-0.0050589055975954
VTC_2023-11-06,VTC,2023-11-06,72.30000305175781,72.30000305175781,71.94999694824219,72.04000091552734,118100.0,-0.0354800032033445,-0.0480972433267749,-0.0417886232650597,-0.004009413911045,0.0050530883905737,-0.0050530883905737
VTC_2023-11-07,VTC,2023-11-07,72.16000366210938,72.54199981689453,72.16000366210938,72.45999908447266,28300.0,-0.0295968814606423,-0.0424210276483134,-0.0360089545544778,0.005830068900718,0.0051167896296116,-0.0051167896296116
VTC_2023-11-08,VTC,2023-11-08,72.5,72.80999755859375,72.5,72.69000244140625,35300.0,-0.0216689171497076,-0.0454366252809175,-0.0335527712153125,0.0031742114247814,0.0051041907702071,-0.0051041907702071
VTC_2023-11-09,VTC,2023-11-09,72.61000061035156,72.70999908447266,72.12999725341797,72.12999725341797,28000.0,-0.0260599563704931,-0.0553955385427297,-0.0407277474566114,-0.0077040193861555,0.0051757422541215,-0.0051757422541215
VTC_2023-11-10,VTC,2023-11-10,72.41999816894531,72.5,72.36000061035156,72.41000366210938,28000.0,-0.0221471886841402,-0.0473621677798261,-0.0347546782319831,0.0038819689359981,0.0052037999419323,-0.0052037999419323
VTC_2023-11-13,VTC,2023-11-13,72.18000030517578,72.47599792480469,72.18000030517578,72.44999694824219,30100.0,-0.0173607263042533,-0.0428062543091108,-0.0300834903066821,0.0005523171400381,0.0051798606047258,-0.0051798606047258
VTC_2023-11-14,VTC,2023-11-14,73.33999633789062,73.4540023803711,73.27999877929688,73.33999633789062,39500.0,-0.002041114848812,-0.0261585617390359,-0.014099838293924,0.0122843261164558,0.0054004520125026,-0.0054004520125026
VTC_2023-11-15,VTC,2023-11-15,73.16000366210938,73.16999816894531,72.91000366210938,73.04000091552734,245000.0,-0.0032750800732455,-0.0301420358074009,-0.0167085579403232,-0.004090475011495,0.0054131270002526,-0.0054131270002526
VTC_2023-11-16,VTC,2023-11-16,73.30000305175781,73.55000305175781,73.30000305175781,73.54000091552734,35900.0,-0.000679377970529,-0.0203809615760843,-0.0105301697733067,0.0068455639886733,0.0054562410123492,-0.0054562410123492
VTC_2023-11-17,VTC,2023-11-17,73.66999816894531,73.80000305175781,73.58999633789062,73.66999816894531,78200.0,0.0068334018383535,-0.017340309865152,-0.0052534540133992,0.0017677080745115,0.0054111330396615,-0.0054111330396615
VTC_2023-11-20,VTC,2023-11-20,73.61000061035156,73.97000122070312,73.61000061035156,73.94999694824219,28500.0,0.0081799384676577,-0.0125517752579416,-0.0021859183951419,0.0038007165230919,0.0054230973412242,-0.0054230973412242
VTC_2023-11-21,VTC,2023-11-21,73.91000366210938,74.0250015258789,73.81300354003906,73.94999694824219,19600.0,-0.0032350112584726,-0.0144600074753522,-0.0088475093669124,0.0,0.0052263019666533,-0.0052263019666533
VTC_2023-11-22,VTC,2023-11-22,74.19999694824219,74.23999786376953,73.98999786376953,74.22000122070312,159100.0,0.0029729894689611,-0.0076213355775729,-0.0023241730543058,0.0036511735443331,0.0052365250545951,-0.0052365250545951
VTC_2023-11-24,VTC,2023-11-24,74.0,74.04000091552734,73.91000366210938,73.91000366210938,37900.0,-0.0012161667282516,-0.0093820793796518,-0.0052991230539517,-0.0041767387967555,0.0052636744488458,-0.0052636744488458
VTC_2023-11-27,VTC,2023-11-27,74.0199966430664,74.38099670410156,74.0199966430664,74.36000061035156,69200.0,0.0029673755397121,-0.0060151980073216,-0.0015239112338047,0.0060884444046223,0.0053143851302486,-0.0053143851302486
VTC_2023-11-28,VTC,2023-11-28,74.33999633789062,74.66999816894531,74.25,74.66999816894531,24800.0,-0.0002678306574782,-0.0077076655289659,-0.0039877480932221,0.0041688751485915,0.005257285885199,-0.005257285885199
VTC_2023-11-29,VTC,2023-11-29,74.9000015258789,75.1500015258789,74.9000015258789,75.08999633789062,26700.0,0.0071083529593782,-0.0060887716119885,0.0005097906736948,0.0056247245111087,0.0052994681060573,-0.0052994681060573
VTC_2023-11-30,VTC,2023-11-30,74.94999694824219,75.01000213623047,74.7699966430664,74.8219985961914,33200.0,0.0009631919222929,-0.0093737613471209,-0.0042052847124139,-0.0035690205722381,0.0053104054873584,-0.0053104054873584
VTC_2023-12-01,VTC,2023-12-01,74.83999633789062,75.3499984741211,74.7699966430664,75.3499984741211,34400.0,0.0168690961638353,0.0002654539038942,0.0085672750338647,0.0070567465162119,0.0052636164210431,-0.0052636164210431
VTC_2023-12-04,VTC,2023-12-04,75.13999938964844,75.16000366210938,74.9000015258789,75.0,367700.0,0.0181916409349829,-0.0023942578404511,0.0078986915472659,-0.0046449698899635,0.0052414599893295,-0.0052414599893295
VTC_2023-12-05,VTC,2023-12-05,75.30999755859375,75.5999984741211,75.30999755859375,75.55999755859375,23300.0,0.0267699594882135,0.0039861203009301,0.0153780398945718,0.0074666341145832,0.0053158273449057,-0.0053158273449057
VTC_2023-12-06,VTC,2023-12-06,75.7699966430664,75.91000366210938,75.68199920654297,75.80999755859375,34100.0,0.0262622815741195,0.0143162928205393,0.0202892871973294,0.0033086290110866,0.0053111156332585,-0.0053111156332585
VTC_2023-12-07,VTC,2023-12-07,75.58999633789062,75.95999908447266,75.58999633789062,75.80000305175781,68400.0,0.0258492851250038,0.0090521869051278,0.0174507360150658,-0.0001318362637884,0.0053115469155697,-0.0053115469155697
VTC_2023-12-08,VTC,2023-12-08,75.47000122070312,75.5999984741211,75.39900207519531,75.4800033569336,23500.0,0.0230415370800161,0.0072057765937432,0.0151236568368796,-0.0042216316878735,0.0053384707918258,-0.0053384707918258
VTC_2023-12-11,VTC,2023-12-11,75.37999725341797,75.43000030517578,75.18000030517578,75.43000030517578,39200.0,0.0225024229042769,0.0038594745526081,0.0131809487284425,-0.000662467534896,0.0053396972403193,-0.0053396972403193
VTC_2023-12-12,VTC,2023-12-12,75.36000061035156,75.77899932861328,75.31700134277344,75.72000122070312,72600.0,0.0254605224275692,0.0116232834244189,0.0185419029259941,0.0038446362767341,0.0053572187906239,-0.0053572187906239
VTC_2023-12-13,VTC,2023-12-13,76.02999877929688,76.90499877929688,75.90499877929688,76.8499984741211,119200.0,0.0413278495425568,0.0235748082032452,0.032451328872901,0.0149233654939378,0.0056585957175216,-0.0056585957175216
VTC_2023-12-14,VTC,2023-12-14,77.43000030517578,77.6780014038086,77.29000091552734,77.48999786376953,46400.0,0.0517100643704273,0.0254068833756633,0.0385584738730453,0.0083279037391776,0.0057322581275923,-0.0057322581275923
VTC_2023-12-15,VTC,2023-12-15,77.4800033569336,77.51000213623047,77.31999969482422,77.44999694824219,32900.0,0.0493158042277246,0.0262355332650492,0.0377756687463869,-0.000516207467158,0.0057333782852653,-0.0057333782852653
VTC_2023-12-18,VTC,2023-12-18,77.19999694824219,77.30999755859375,77.12999725341797,77.16999816894531,37900.0,0.0480782432103514,0.0196881323699946,0.033883187790173,-0.0036152200171678,0.0057459356141039,-0.0057459356141039
VTC_2023-12-19,VTC,2023-12-19,77.26000213623047,77.44000244140625,77.2300033569336,77.2300033569336,55900.0,0.0486083062713413,0.0208856814168627,0.034746993844102,0.0007775714579767,0.0057455930006553,-0.0057455930006553
VTC_2023-12-20,VTC,2023-12-20,77.31999969482422,77.48999786376953,77.2509994506836,77.48999786376953,50500.0,0.0606351006461907,0.0285373192246574,0.044586209935424,0.0033664961224244,0.0056430355766994,-0.0056430355766994
VTC_2023-12-21,VTC,2023-12-21,77.58999633789062,77.6449966430664,77.3499984741211,77.44999694824219,59200.0,0.0551770482039479,0.0258277741489032,0.0405024111764256,-0.000516207467158,0.0056258785018092,-0.0056258785018092
VTC_2023-12-22,VTC,2023-12-22,77.38999938964844,77.4000015258789,77.06500244140625,77.19000244140625,44700.0,0.0600110239617679,0.02170746953544,0.0408592467486039,-0.003356933726023,0.0055400856422965,-0.0055400856422965
VTC_2023-12-26,VTC,2023-12-26,77.19000244140625,77.30500030517578,77.11199951171875,77.30000305175781,56000.0,0.0640055255087987,0.024927140393204,0.0444663329510014,0.0014250629210053,0.0055244650229314,-0.0055244650229314
VTC_2023-12-27,VTC,2023-12-27,77.52999877929688,77.88999938964844,77.5199966430664,77.87999725341797,48400.0,0.0750965575465283,0.0286619758973205,0.0518792667219244,0.0075031588455669,0.0055614699729575,-0.0055614699729575
VTC_2023-12-28,VTC,2023-12-28,77.87000274658203,77.87000274658203,77.5999984741211,77.67500305175781,98200.0,0.0710839306028052,0.0319517273276368,0.051517828965221,-0.0026321803914953,0.0055820158319293,-0.0055820158319293
VTC_2023-12-29,VTC,2023-12-29,77.5199966430664,77.63400268554688,77.43000030517578,77.48999786376953,30800.0,0.0695652329582274,0.024187075245631,0.0468761541019292,-0.0023817853970987,0.0055933347062166,-0.0055933347062166
VTC_2024-01-02,VTC,2024-01-02,77.11000061035156,77.15499877929688,77.0009994506836,77.06999969482422,57700.0,0.0763966667217204,0.0232342008376329,0.0498154337796766,-0.0054200307203993,0.00541371642647,-0.00541371642647
VTC_2024-01-03,VTC,2024-01-03,76.7699966430664,76.97000122070312,76.54000091552734,76.95999908447266,516100.0,0.0837909698527723,0.0279150028211536,0.055852986336963,-0.0014272818319337,0.0052890455164789,-0.0052890455164789
VTC_2024-01-04,VTC,2024-01-04,76.51000213623047,76.70999908447266,76.5,76.58000183105469,40500.0,0.0708991685549889,0.0320755388234403,0.0514873536892146,-0.0049375943079322,0.0052943350547497,-0.0052943350547497
VTC_2024-01-05,VTC,2024-01-05,76.31999969482422,76.90499877929688,76.31999969482422,76.38999938964844,56200.0,0.0691392953450333,0.0295148589148039,0.0493270771299186,-0.0024810973735077,0.0053080669811871,-0.0053080669811871
VTC_2024-01-08,VTC,2024-01-08,76.51000213623047,76.87999725341797,76.4800033569336,76.83999633789062,45900.0,0.0776997622582322,0.0304411512988642,0.0540704567785482,0.005890783503569,0.0053264083766137,-0.0053264083766137
VTC_2024-01-09,VTC,2024-01-09,76.75,76.94000244140625,76.69000244140625,76.89600372314453,18400.0,0.0677035171807045,0.0282964024925,0.0479999598366023,0.0007288832368967,0.0052034052761244,-0.0052034052761244
VTC_2024-01-10,VTC,2024-01-10,77.0,77.22000122070312,76.78600311279297,76.83000183105469,110000.0,0.0679733003016125,0.0188303686511928,0.0434018344764026,-0.0008583266866178,0.0052018088691688,-0.0052018088691688
VTC_2024-01-11,VTC,2024-01-11,76.9800033569336,77.2699966430664,76.80000305175781,77.19999694824219,17100.0,0.067625495156268,0.0180666633800139,0.0428460792681409,0.0048157634826184,0.0051978242125301,-0.0051978242125301
VTC_2024-01-12,VTC,2024-01-12,77.36000061035156,77.58000183105469,77.23999786376953,77.41999816894531,48000.0,0.0800780948567472,0.0269266321227164,0.0535023634897318,0.0028497568575116,0.0050494832260413,-0.0050494832260413
VTC_2024-01-16,VTC,2024-01-16,77.0,77.13999938964844,76.69999694824219,76.79000091552734,44600.0,0.0657876150312513,0.017490389207283,0.0416390021192671,-0.0081373969041331,0.0051595082912496,-0.0051595082912496
VTC_2024-01-17,VTC,2024-01-17,76.66999816894531,76.68000030517578,76.41999816894531,76.6500015258789,27300.0,0.0697836691349416,0.0130848244230963,0.0414342467790189,-0.0018231460864603,0.005103937754166,-0.005103937754166
VTC_2024-01-18,VTC,2024-01-18,76.63999938964844,76.7509994506836,76.41000366210938,76.55999755859375,27100.0,0.0751298770243582,0.0077661751798134,0.0414480261020858,-0.0011742200325302,0.0050283351460975,-0.0050283351460975
VTC_2024-01-19,VTC,2024-01-19,76.52999877929688,76.58000183105469,76.27100372314453,76.58000183105469,28400.0,0.0833215332610939,0.0137675523288691,0.0485445427949815,0.0002612888335795,0.0049119048880169,-0.0049119048880169
VTC_2024-01-22,VTC,2024-01-22,76.77999877929688,76.88200378417969,76.68900299072266,76.73999786376953,29500.0,0.0909866627677284,0.0140063101786385,0.0524964864731835,0.0020892665041691,0.0048474456155511,-0.0048474456155511
VTC_2024-01-23,VTC,2024-01-23,76.54000091552734,76.58000183105469,76.41000366210938,76.51000213623047,43500.0,0.0841717793268164,0.0119032074938998,0.0480374934103581,-0.002997077585894,0.0048725827267167,-0.0048725827267167
VTC_2024-01-24,VTC,2024-01-24,76.88999938964844,76.88999938964844,76.36000061035156,76.43000030517578,29300.0,0.0766305480364384,0.0120498371631339,0.0443401925997861,-0.0010456388553256,0.0048444016706695,-0.0048444016706695
VTC_2024-01-25,VTC,2024-01-25,76.80999755859375,76.84100341796875,76.61199951171875,76.83999633789062,20200.0,0.0781535001709039,0.0137202274968601,0.045936863833882,0.0053643337835638,0.0048607280368718,-0.0048607280368718
VTC_2024-01-26,VTC,2024-01-26,76.83999633789062,76.83999633789062,76.63999938964844,76.63999938964844,45300.0,0.0824858204260434,0.0207778039497663,0.0516318121879049,-0.0026027714442193,0.0047827869859883,-0.0047827869859883
VTC_2024-01-29,VTC,2024-01-29,76.94000244140625,77.02899932861328,76.77999877929688,76.97000122070312,56900.0,0.0814950569197656,0.0200106301954776,0.0507528435576216,0.0043058694374058,0.0047719056250992,-0.0047719056250992
VTC_2024-01-30,VTC,2024-01-30,76.9800033569336,77.12000274658203,76.83300018310547,77.0999984741211,25400.0,0.0839308512754968,0.0195714847101875,0.0517511679928421,0.0016889340178807,0.0047665011701089,-0.0047665011701089
VTC_2024-01-31,VTC,2024-01-31,77.26000213623047,77.55000305175781,77.2300033569336,77.33000183105469,26800.0,0.0908450063034791,0.033823511712242,0.0623342590078606,0.0029831823798387,0.0047333188669115,-0.0047333188669115
VTC_2024-02-01,VTC,2024-02-01,77.3499984741211,77.6719970703125,77.3499984741211,77.5,43000.0,0.0941691090853666,0.0411068976119708,0.0676380033486687,0.0021983468889179,0.004725631892855,-0.004725631892855
VTC_2024-02-02,VTC,2024-02-02,76.75,76.9800033569336,76.75,76.94000244140625,41200.0,0.0774401133693138,0.0408550371654321,0.059147575267373,-0.0072257749495967,0.0047694486254413,-0.0047694486254413
VTC_2024-02-05,VTC,2024-02-05,76.5999984741211,76.5999984741211,76.25,76.37999725341797,133200.0,0.0600970717315536,0.0242724630012218,0.0421847673663877,-0.0072784659503325,0.0047817891831567,-0.0047817891831567
VTC_2024-02-06,VTC,2024-02-06,76.4800033569336,76.80999755859375,76.37000274658203,76.70999908447266,30300.0,0.0605557464750046,0.0306327928247815,0.0455942696498931,0.0043205268777346,0.0047864193619161,-0.0047864193619161
VTC_2024-02-07,VTC,2024-02-07,76.56999969482422,76.76000213623047,76.49299621582031,76.55999755859375,40200.0,0.0627428732041031,0.02503675265849,0.0438898129312965,-0.0019554364185785,0.0047590456466837,-0.0047590456466837
VTC_2024-02-08,VTC,2024-02-08,76.38999938964844,76.38999938964844,76.19000244140625,76.19999694824219,31100.0,0.0516146551342002,0.020490140843919,0.0360523979890596,-0.0047022024795134,0.0047708101758731,-0.0047708101758731
VTC_2024-02-09,VTC,2024-02-09,76.1500015258789,76.17500305175781,76.05999755859375,76.1500015258789,40500.0,0.0475993804961236,0.0248990363140682,0.0362492084050959,-0.0006561079313066,0.0047646018301097,-0.0047646018301097
VTC_2024-02-12,VTC,2024-02-12,76.22000122070312,76.23899841308594,76.0199966430664,76.16999816894531,45700.0,0.0560099968024871,0.0284904223590096,0.0422502095807484,0.0002625954388144,0.0046407309908218,-0.0046407309908218
VTC_2024-02-13,VTC,2024-02-13,75.66999816894531,75.72899627685547,75.47000122070312,75.52999877929688,35500.0,0.0430879016626832,0.0199864370904159,0.0315371693765496,-0.0084022502958306,0.0047686989431742,-0.0047686989431742
VTC_2024-02-14,VTC,2024-02-14,75.66999816894531,75.80999755859375,75.5989990234375,75.80000305175781,33800.0,0.0462388715614281,0.0280754048633791,0.0371571382124036,0.0035747951386826,0.0047825671878962,-0.0047825671878962
VTC_2024-02-15,VTC,2024-02-15,76.05999755859375,76.08999633789062,75.88999938964844,76.04000091552734,31300.0,0.0368148992699333,0.0346986409835639,0.0357567701267486,0.0031661986029956,0.0045600245947672,-0.0045600245947672
VTC_2024-02-16,VTC,2024-02-16,75.75,75.83699798583984,75.66699981689453,75.81999969482422,17000.0,0.0380613190642209,0.0346615851233467,0.0363614520937838,-0.0028932301164426,0.0045426903005648,-0.0045426903005648
VTC_2024-02-20,VTC,2024-02-20,76.01000213623047,76.05999755859375,75.83399963378906,75.9800033569336,58400.0,0.0331792549772875,0.0324773357518484,0.0328282953645679,0.0021103094533552,0.0044764311105255,-0.0044764311105255
VTC_2024-02-21,VTC,2024-02-21,75.97000122070312,76.02999877929688,75.79000091552734,75.8499984741211,26000.0,0.0295914260806202,0.0366270380243527,0.0331092320524865,-0.0017110407616299,0.0044823451831705,-0.0044823451831705
VTC_2024-02-22,VTC,2024-02-22,75.95999908447266,76.0,75.81999969482422,75.87999725341797,25700.0,0.0260987205520317,0.0344921449478896,0.0302954327499607,0.0003955013829974,0.0044620537934587,-0.0044620537934587
VTC_2024-02-23,VTC,2024-02-23,75.97000122070312,76.16000366210938,75.88999938964844,76.05999755859375,37100.0,0.0285328018583741,0.0252054866646538,0.0268691442615139,0.0023721706864936,0.0044684668549428,-0.0044684668549428
VTC_2024-02-26,VTC,2024-02-26,76.13999938964844,76.13999938964844,75.77999877929688,75.87999725341797,29400.0,0.0223658852790722,0.0254053682894319,0.0238856267842521,-0.0023665568098015,0.0044633899644398,-0.0044633899644398
VTC_2024-02-27,VTC,2024-02-27,75.83000183105469,75.98999786376953,75.80999755859375,75.83999633789062,31500.0,0.0261127395501763,0.0248648153769004,0.0254887774635383,-0.0005271602131685,0.004427081963983,-0.004427081963983
VTC_2024-02-28,VTC,2024-02-28,75.83999633789062,75.86000061035156,75.7490005493164,75.8499984741211,40000.0,0.0200376257603487,0.0230644604606162,0.0215510431104825,0.0001318847140485,0.0043672472743424,-0.0043672472743424
VTC_2024-02-29,VTC,2024-02-29,75.87999725341797,76.13999938964844,75.81999969482422,75.9000015258789,28300.0,0.0164725242680552,0.016200281763572,0.0163364030158136,0.0006592360285264,0.0043397130049096,-0.0043397130049096
VTC_2024-03-01,VTC,2024-03-01,75.61000061035156,76.08999633789062,75.3499984741211,76.05999755859375,343800.0,0.0129178488215435,0.0201180264098213,0.0165179376156824,0.0021079845783704,0.0042920629653834,-0.0042920629653834
VTC_2024-03-04,VTC,2024-03-04,75.80000305175781,76.0,75.80000305175781,75.94000244140625,34800.0,0.0149421809920986,0.0159197651024247,0.0154309730472617,-0.0015776376681455,0.0042710435826024,-0.0042710435826024
VTC_2024-03-05,VTC,2024-03-05,76.25,76.37000274658203,76.16000366210938,76.27999877929688,28600.0,0.0123424064234745,0.0294197078281603,0.0208810571258174,0.004477170489334,0.0042167009387863,-0.0042167009387863
VTC_2024-03-06,VTC,2024-03-06,76.47000122070312,76.58000183105469,76.38500213623047,76.4000015258789,35100.0,0.0186666870117186,0.0371979056142646,0.0279322963129916,0.0015731875786892,0.0041739402971123,-0.0041739402971123
VTC_2024-03-07,VTC,2024-03-07,76.58000183105469,76.61000061035156,76.44200134277344,76.61000061035156,40400.0,0.0138962822351016,0.0410382446357857,0.0274672634354437,0.0027486790612369,0.0040846935435064,-0.0040846935435064
VTC_2024-03-08,VTC,2024-03-08,76.5999984741211,76.80999755859375,76.5999984741211,76.63999938964844,23100.0,0.0109484481966006,0.0374982610000589,0.0242233545983298,0.0003915778496001,0.004065690298277,-0.004065690298277
VTC_2024-03-11,VTC,2024-03-11,76.63999938964844,76.72000122070312,76.5999984741211,76.66000366210938,19300.0,0.0113456540333427,0.0374882162043839,0.0244169351188633,0.0002610160832496,0.0040655040481016,-0.0040655040481016
VTC_2024-03-12,VTC,2024-03-12,76.41999816894531,76.58699798583984,76.39900207519531,76.43000030517578,18400.0,0.0125860745361894,0.0359176141193229,0.0242518443277561,-0.0030003045388227,0.0040470114786808,-0.0040470114786808
VTC_2024-03-13,VTC,2024-03-13,76.38999938964844,76.53500366210938,76.3499984741211,76.3499984741211,18800.0,0.0121967143738985,0.0349735929030596,0.0235851536384791,-0.0010467333603983,0.0040486316670102,-0.0040486316670102
VTC_2024-03-14,VTC,2024-03-14,76.2300033569336,76.2300033569336,75.9000015258789,75.91999816894531,27600.0,0.0026412697440303,0.0281690402791547,0.0154051550115925,-0.0056319621973736,0.0040869191616225,-0.0040869191616225
VTC_2024-03-15,VTC,2024-03-15,75.8499984741211,75.98699951171875,75.8499984741211,75.93000030517578,23700.0,-0.0119713492155125,0.028861750207844,0.0084452004961657,0.000131745738563,0.0036164930585952,-0.0036164930585952
VTC_2024-03-18,VTC,2024-03-18,75.8499984741211,76.0199966430664,75.80000305175781,75.81999969482422,35400.0,-0.0215511448571883,0.0290445084254173,0.0037466817841145,-0.0014487107850579,0.0034513094128895,-0.0034513094128895
VTC_2024-03-19,VTC,2024-03-19,75.86000061035156,76.11100006103516,75.86000061035156,76.01000213623047,49300.0,-0.0185925741607715,0.029806322319551,0.0056068740793897,0.0025059673195859,0.0034697730362404,-0.0034697730362404
VTC_2024-03-20,VTC,2024-03-20,75.9800033569336,76.19999694824219,75.83999633789062,76.13999938964844,27800.0,-0.0133471401287574,0.0340893960323209,0.0103711279517817,0.0017102650935989,0.003452330776673,-0.003452330776673
VTC_2024-03-21,VTC,2024-03-21,76.31999969482422,76.37000274658203,76.20999908447266,76.22000122070312,29100.0,-0.0130778465923735,0.0348947677064361,0.0109084605570313,0.0010507201431046,0.003453758944351,-0.003453758944351
VTC_2024-03-22,VTC,2024-03-22,76.54000091552734,76.54499816894531,76.44000244140625,76.45999908447266,22200.0,-0.0132920222956729,0.0465371152408282,0.0166225464725776,0.0031487517702157,0.0034502363460381,-0.0034502363460381
VTC_2024-03-25,VTC,2024-03-25,76.33999633789062,76.5,76.23999786376953,76.27999877929688,31500.0,-0.015106497289176,0.0392370189856543,0.0120652608482391,-0.0023541761356408,0.0034606521755347,-0.0034606521755347
VTC_2024-03-26,VTC,2024-03-26,76.16999816894531,76.33999633789062,76.16200256347656,76.2699966430664,38800.0,-0.011918717051968,0.0473770524952006,0.0177291677216163,-0.0001311239694615,0.0034375127438485,-0.0034375127438485
VTC_2024-03-27,VTC,2024-03-27,76.23999786376953,76.69999694824219,76.23999786376953,76.69999694824219,258700.0,-0.0077620450171764,0.0557466667212749,0.0239923108520492,0.0056378697273073,0.0035095493532572,-0.0035095493532572
VTC_2024-03-28,VTC,2024-03-28,76.66000366210938,76.76200103759766,76.56500244140625,76.62000274658203,25300.0,-0.0161786665545964,0.0577029288279884,0.020762131136696,-0.0010429492156842,0.0033727342060648,-0.0033727342060648
VTC_2024-04-01,VTC,2024-04-01,76.69000244140625,76.69000244140625,75.71600341796875,75.7699966430664,25100.0,-0.0245253470723654,0.044815225461138,0.0101449391943863,-0.0110937884761893,0.0036278315408674,-0.0036278315408674
VTC_2024-04-02,VTC,2024-04-02,75.52999877929688,75.7300033569336,75.375,75.72000122070312,37600.0,-0.02284161429683,0.0451346364416966,0.0111465110724333,-0.0006598313920851,0.0036190406368836,-0.0036190406368836
VTC_2024-04-03,VTC,2024-04-03,75.3499984741211,75.80000305175781,75.3499984741211,75.76000213623047,61200.0,-0.0169975030982351,0.0581006110441881,0.0205515539729765,0.0005282741004024,0.0035620505008225,-0.0035620505008225
VTC_2024-04-04,VTC,2024-04-04,76.0,76.0,75.70999908447266,75.83000183105469,33000.0,-0.0146829166691863,0.0678777573556075,0.0265974203432106,0.0009239663787012,0.0035620026921739,-0.0035620026921739
VTC_2024-04-05,VTC,2024-04-05,75.66999816894531,75.7699966430664,75.54000091552734,75.56999969482422,40400.0,-0.0131888497268342,0.0567752403483254,0.0217931953107456,-0.0034287502301495,0.0035347980559886,-0.0035347980559886
VTC_2024-04-08,VTC,2024-04-08,75.56999969482422,75.6500015258789,75.46499633789062,75.52999877929688,22000.0,-0.0112580261450833,0.0571028972053029,0.0229224355301098,-0.0005293226900738,0.003523057232763,-0.003523057232763
VTC_2024-04-09,VTC,2024-04-09,75.7699966430664,75.9000015258789,75.76000213623047,75.86000061035156,28100.0,-0.0127537190817877,0.0639550822358812,0.0256006815770467,0.0043691491644131,0.0034858306366829,-0.0034858306366829
VTC_2024-04-10,VTC,2024-04-10,75.38999938964844,75.38999938964844,74.88999938964844,74.94000244140625,35000.0,-0.0254369692446,0.0405443756518275,0.0075537032036137,-0.012127579245231,0.0037934621866398,-0.0037934621866398
VTC_2024-04-11,VTC,2024-04-11,74.94999694824219,75.08000183105469,74.75,74.83000183105469,32700.0,-0.0260314974923194,0.0401723560129467,0.0070704292603136,-0.0014678490361348,0.00379542207155,-0.00379542207155
VTC_2024-04-12,VTC,2024-04-12,75.06999969482422,75.11000061035156,74.95999908447266,74.95999908447266,14200.0,-0.0290155175170707,0.0366477888998899,0.0038161356914095,0.0017372344011359,0.0037465396440384,-0.0037465396440384
VTC_2024-04-15,VTC,2024-04-15,74.7699966430664,74.7699966430664,74.26000213623047,74.33499908447266,40500.0,-0.0398475737204306,0.0370396033481206,-0.001403985186155,-0.0083377802512468,0.0038508007365979,-0.0038508007365979
VTC_2024-04-16,VTC,2024-04-16,74.05000305175781,74.18000030517578,73.95999908447266,74.1500015258789,24700.0,-0.0343794681361256,0.0291464036804069,-0.0026165322278593,-0.0024887006238275,0.0037374609219874,-0.0037374609219874
VTC_2024-04-17,VTC,2024-04-17,74.37999725341797,74.52999877929688,74.33000183105469,74.44999694824219,24400.0,-0.0287019508655057,0.03907879082671,0.0051884199806021,0.0040457911826015,0.0037780932490588,-0.0037780932490588
VTC_2024-04-18,VTC,2024-04-18,74.44999694824219,74.44999694824219,74.25,74.3499984741211,22000.0,-0.0288662376560457,0.0440949224830578,0.007614342413506,-0.0013431629042324,0.0037786718138068,-0.0037786718138068
VTC_2024-04-19,VTC,2024-04-19,74.48999786376953,74.50399780273438,74.37000274658203,74.37999725341797,11100.0,-0.0287281865373967,0.0521996701735905,0.0117357418180968,0.0004034805637194,0.0037791506799743,-0.0037791506799743
VTC_2024-04-22,VTC,2024-04-22,74.44999694824219,74.55999755859375,74.37999725341797,74.55999755859375,23300.0,-0.0284076148796064,0.0599943338130357,0.0157933594667146,0.0024200095700797,0.0037829706507168,-0.0037829706507168
VTC_2024-04-23,VTC,2024-04-23,74.44999694824219,74.81999969482422,74.43099975585938,74.69999694824219,22400.0,-0.0236571054430957,0.0585234132248533,0.0174331538908787,0.0018776742788706,0.003779890989297,-0.003779890989297
VTC_2024-04-24,VTC,2024-04-24,74.47000122070312,74.62000274658203,74.30000305175781,74.44999694824219,38100.0,-0.0259061016489294,0.0487392476206638,0.0114165729858671,-0.0033467203509154,0.0037975728566314,-0.0037975728566314
VTC_2024-04-25,VTC,2024-04-25,73.9800033569336,74.29000091552734,73.94999694824219,74.29000091552734,24600.0,-0.0331857827159454,0.0423741323797963,0.0045941748319254,-0.0021490401514197,0.0037307152387671,-0.0037307152387671
VTC_2024-04-26,VTC,2024-04-26,74.44000244140625,74.58000183105469,74.44000244140625,74.48999786376953,74200.0,-0.028053256041248,0.052118568544611,0.0120326562516814,0.0026921112636624,0.003742858379464,-0.003742858379464
VTC_2024-04-29,VTC,2024-04-29,74.72000122070312,74.7699966430664,74.56999969482422,74.75,17100.0,-0.0288424215343002,0.0503021206008236,0.0107298495332616,0.0034904301743432,0.003727543935827,-0.003727543935827
VTC_2024-04-30,VTC,2024-04-30,74.44999694824219,74.59500122070312,74.38999938964844,74.38999938964844,18400.0,-0.0351491457601296,0.045831607790113,0.0053412310149917,-0.0048160616769439,0.0037571037113272,-0.0037571037113272
VTC_2024-05-01,VTC,2024-05-01,74.4000015258789,74.66000366210938,74.20999908447266,74.41000366210938,27000.0,-0.0377602237140085,0.0496544548281507,0.0059471155570711,0.0002689107759787,0.0037312819564141,-0.0037312819564141
VTC_2024-05-02,VTC,2024-05-02,74.37999725341797,74.81999969482422,74.37999725341797,74.81999969482422,23800.0,-0.0345806490990423,0.0563320310690738,0.0108756909850157,0.0055099585074152,0.0037941924185017,-0.0037941924185017
VTC_2024-05-03,VTC,2024-05-03,75.19999694824219,75.25,75.01699829101562,75.22000122070312,22400.0,-0.0223550970382798,0.0533538350820077,0.0154993690218639,0.0053461845430424,0.003768010115358,-0.003768010115358
VTC_2024-05-06,VTC,2024-05-06,75.33999633789062,75.37999725341797,75.2300033569336,75.37999725341797,32400.0,-0.0130924330447688,0.0462178217989528,0.016562694377092,0.0021270410810736,0.0036743038728587,-0.0036743038728587
VTC_2024-05-07,VTC,2024-05-07,75.45999908447266,75.62999725341797,75.37000274658203,75.43000030517578,15200.0,-0.0166862051176319,0.0428590957506394,0.0130864453165037,0.0006633464258389,0.0036303184274677,-0.0036303184274677
VTC_2024-05-08,VTC,2024-05-08,75.19999694824219,75.3499984741211,75.19999694824219,75.2699966430664,17500.0,-0.0168495422761745,0.0448361422333474,0.0139932999785864,-0.0021212204886918,0.0036316266540077,-0.0036316266540077
VTC_2024-05-09,VTC,2024-05-09,75.1500015258789,75.41999816894531,75.1500015258789,75.37999725341797,32100.0,-0.0107611512816883,0.0402980707402607,0.0147684597292861,0.0014614137804893,0.0035929288108999,-0.0035929288108999
VTC_2024-05-10,VTC,2024-05-10,75.22000122070312,75.30799865722656,75.11000061035156,75.16000366210938,24100.0,-0.013000628285386,0.0339799303582928,0.0104896510364533,-0.0029184611213105,0.0036091819504384,-0.0036091819504384
VTC_2024-05-13,VTC,2024-05-13,75.30000305175781,75.3550033569336,75.18000030517578,75.18000030517578,29300.0,-0.0129972152759373,0.0422848075405033,0.014643796132283,0.0002660543120287,0.0036091891467308,-0.0036091891467308
VTC_2024-05-14,VTC,2024-05-14,75.27999877929688,75.43000030517578,75.27999877929688,75.37000274658203,24500.0,-0.0021183110724304,0.0408783170110729,0.0193800029693212,0.0025273003542827,0.003468565753422,-0.003468565753422
VTC_2024-05-15,VTC,2024-05-15,75.7699966430664,75.9800033569336,75.7300033569336,75.91999816894531,20200.0,0.0015830489756782,0.0478951189353682,0.0247390839555232,0.0072972721549784,0.0035613885034934,-0.0035613885034934
VTC_2024-05-16,VTC,2024-05-16,76.05000305175781,76.05000305175781,75.80999755859375,75.80999755859375,18800.0,-0.0030247679400885,0.0336787748028153,0.0153270034313633,-0.0014489016465303,0.0035432857562118,-0.0035432857562118
VTC_2024-05-17,VTC,2024-05-17,75.69000244140625,75.81500244140625,75.66000366210938,75.66999816894531,50200.0,-0.0019783899562472,0.0360076289766155,0.0170146195101841,-0.0018467140767315,0.0035321382810145,-0.0035321382810145
VTC_2024-05-20,VTC,2024-05-20,75.51000213623047,75.69000244140625,75.51000213623047,75.62999725341797,28400.0,-0.0046065555152898,0.0284198573819889,0.0119066509333495,-0.0005286231861408,0.0035220369110404,-0.0035220369110404
VTC_2024-05-21,VTC,2024-05-21,75.87000274658203,75.87000274658203,75.73500061035156,75.7699966430664,37100.0,-0.0010547374115239,0.0285054774849489,0.0137253700367124,0.001851109278496,0.0035238134150823,-0.0035238134150823
VTC_2024-05-22,VTC,2024-05-22,75.6500015258789,75.7699966430664,75.62999725341797,75.68000030517578,22300.0,-0.002635700520313,0.0233942316203803,0.0103792655500336,-0.0011877569206525,0.003526514985818,-0.003526514985818
VTC_2024-05-23,VTC,2024-05-23,75.69000244140625,75.69000244140625,75.33000183105469,75.43000030517578,25900.0,-0.0082828986805139,0.0200135688709961,0.0058653350952411,-0.003303382650527,0.0035364896558141,-0.0035364896558141
VTC_2024-05-24,VTC,2024-05-24,75.37000274658203,75.58000183105469,75.37000274658203,75.55000305175781,23900.0,-0.0043488958039635,0.0179197225704665,0.0067854133832515,0.001590915366519,0.0035311903737289,-0.0035311903737289
VTC_2024-05-28,VTC,2024-05-28,75.54000091552734,75.58999633789062,75.18000030517578,75.19000244140625,31300.0,-0.0085705950404909,0.0173183427936032,0.0043738738765561,-0.0047650641404333,0.003580200013493,-0.003580200013493
VTC_2024-05-29,VTC,2024-05-29,75.0199966430664,75.0199966430664,74.80000305175781,74.87999725341797,16700.0,-0.0127884145051641,0.006992961791262,-0.002897726356951,-0.004122957546515,0.0036151358404691,-0.0036151358404691
VTC_2024-05-30,VTC,2024-05-30,75.05999755859375,75.27999877929688,75.05999755859375,75.23999786376953,18300.0,-0.0086957002482317,0.0076335838864567,-0.0005310581808875,0.0048077006351001,0.0036683882159188,-0.0036683882159188
VTC_2024-05-31,VTC,2024-05-31,75.4000015258789,75.5999984741211,75.4000015258789,75.5999984741211,27700.0,-0.0060478451122522,0.006791878560435,0.0003720167240914,0.0047846972431258,0.0037100148675372,-0.0037100148675372
VTC_2024-06-03,VTC,2024-06-03,75.5199966430664,75.72000122070312,75.47000122070312,75.72000122070312,23600.0,-0.0028970399477254,0.0120018529491328,0.0045524065007036,0.0015873379497899,0.0037109672881993,-0.0037109672881993
VTC_2024-06-04,VTC,2024-06-04,75.7699966430664,76.04000091552734,75.7699966430664,76.0,29900.0,-0.0036706709986585,0.0086264305115035,0.0024778797564224,0.0036978179448354,0.0036969412312491,-0.0036969412312491
VTC_2024-06-05,VTC,2024-06-05,76.06999969482422,76.20999908447266,75.87000274658203,76.19000244140625,28000.0,-0.0027486790612369,0.0158666992187499,0.0065590100787564,0.0025000321237664,0.0037053460248588,-0.0037053460248588
VTC_2024-06-06,VTC,2024-06-06,76.12000274658203,76.18499755859375,76.0999984741211,76.16000366210938,30300.0,-0.0058738669189017,0.0079407904036834,0.0010334617423908,-0.0003937364265074,0.0036883547237626,-0.0036883547237626
VTC_2024-06-07,VTC,2024-06-07,75.66000366210938,75.69999694824219,75.54499816894531,75.55000305175781,38600.0,-0.0142222905345932,-0.0034295543491474,-0.0088259224418703,-0.0080094614104522,0.0038202876088808,-0.0038202876088808
VTC_2024-06-10,VTC,2024-06-10,75.5,75.5,75.38999938964844,75.41000366210938,18400.0,-0.0163057649398187,-0.0051451104742322,-0.0107254377070254,-0.001853069278535,0.0038252746342126,-0.0038252746342126
VTC_2024-06-11,VTC,2024-06-11,75.38999938964844,75.7239990234375,75.38999938964844,75.69999694824219,26900.0,-0.0095512672251574,0.0029145943498209,-0.0033183364376682,0.003845554595544,0.0038431867261621,-0.0038431867261621
VTC_2024-06-12,VTC,2024-06-12,76.2699966430664,76.4800033569336,76.06099700927734,76.06099700927734,19300.0,-0.003785218999601,0.0083653281393167,0.0022900545698578,0.0047688253049993,0.0038907280241418,-0.0038907280241418
VTC_2024-06-13,VTC,2024-06-13,76.41999816894531,76.4800033569336,76.22000122070312,76.37000274658203,33100.0,0.0059273523246841,0.0085842778050719,0.007255815064878,0.0040626043498614,0.0038580826640735,-0.0038580826640735
VTC_2024-06-14,VTC,2024-06-14,76.29000091552734,76.4739990234375,76.29000091552734,76.44999694824219,22700.0,0.0068483687735605,-0.0052049646560969,0.0008217020587317,0.0010474557913215,0.0038599242803453,-0.0038599242803453
VTC_2024-06-17,VTC,2024-06-17,76.01000213623047,76.18000030517578,76.01000213623047,76.16999816894531,25500.0,0.004616176147848,-0.0170344525901888,-0.0062091382211704,-0.0036625087046954,0.0038843951489297,-0.0038843951489297
VTC_2024-06-18,VTC,2024-06-18,76.37000274658203,76.4800033569336,76.29000091552734,76.44999694824219,18300.0,0.005788643594867,-0.0129115563512323,-0.0035614563781826,0.0036759719840853,0.0038989479089013,-0.0038989479089013
VTC_2024-06-20,VTC,2024-06-20,76.05000305175781,76.2300033569336,76.05000305175781,76.19000244140625,26300.0,0.0006567251399873,-0.0126991803912395,-0.006021227625626,-0.0034008439138586,0.0039180117057675,-0.0039180117057675
VTC_2024-06-21,VTC,2024-06-21,76.25,76.38999938964844,76.12999725341797,76.26000213623047,30400.0,0.0005248086445381,-0.0125599013147787,-0.0060175463351203,0.0009187517073261,0.0039174859016552,-0.0039174859016552
VTC_2024-06-24,VTC,2024-06-24,76.4000015258789,76.4000015258789,76.2699966430664,76.2699966430664,63200.0,-0.0024849914161826,-0.0157439831505471,-0.0091144872833648,0.0001310583078411,0.0038969571878293,-0.0038969571878293
VTC_2024-06-25,VTC,2024-06-25,76.33999633789062,76.33999633789062,76.19000244140625,76.27999877929688,32000.0,0.0,-0.015106497289176,-0.007553248644588,0.0001311411652118,0.003885633499598,-0.003885633499598
VTC_2024-06-26,VTC,2024-06-26,75.94999694824219,76.06300354003906,75.83000183105469,75.98999786376953,195600.0,-0.0036711523747304,-0.0155461140002893,-0.0096086331875099,-0.0038017949681201,0.0039151533573253,-0.0039151533573253
VTC_2024-06-27,VTC,2024-06-27,76.16999816894531,76.18000030517578,76.08499908447266,76.11000061035156,28000.0,-0.0076922602524842,-0.015394597599297,-0.0115434289258906,0.0015791913403808,0.003852934955528,-0.003852934955528
VTC_2024-06-28,VTC,2024-06-28,76.30000305175781,76.30000305175781,75.69999694824219,75.69999694824219,14300.0,-0.0120073840428162,-0.027991787134791,-0.0199995855888036,-0.0053869880281358,0.0039082786621819,-0.0039082786621819
VTC_2024-07-01,VTC,2024-07-01,76.98999786376953,76.98999786376953,75.04000091552734,75.08999633789062,112200.0,-0.0089745326026486,-0.0332797761481219,-0.0211271543753853,-0.0080581325619951,0.0037884825497504,-0.0037884825497504
VTC_2024-07-02,VTC,2024-07-02,75.25,75.45999908447266,75.23999786376953,75.41999816894531,30700.0,-0.0039620053740276,-0.0267131210722622,-0.0153375632231449,0.0043947509275368,0.0038304995754407,-0.0038304995754407
VTC_2024-07-03,VTC,2024-07-03,75.69999694824219,75.91000366210938,75.5999984741211,75.91000366210938,32000.0,0.001979956727155,-0.0150512006916843,-0.0065356219822646,0.0064970234030823,0.0039179933996814,-0.0039179933996814
VTC_2024-07-05,VTC,2024-07-05,76.0199966430664,76.26000213623047,76.01000213623047,76.23999786376953,31500.0,0.0054067786207929,-0.0093555253283311,-0.001974373353769,0.0043471767321869,0.0039540366234993,-0.0039540366234993
VTC_2024-07-08,VTC,2024-07-08,76.33999633789062,76.33999633789062,76.16000366210938,76.25,19100.0,0.0089982838152948,-0.0043092429245785,0.0023445204453581,0.0001311927664051,0.0039282446734358,-0.0039282446734358
VTC_2024-07-09,VTC,2024-07-09,76.22000122070312,76.22000122070312,75.98999786376953,76.12999725341797,30000.0,0.0079438432916478,-0.0034036148489052,0.0022701142213713,-0.0015738065125512,0.0039333579493289,-0.0039333579493289
VTC_2024-07-10,VTC,2024-07-10,76.12000274658203,76.2699966430664,76.0999984741211,76.23999786376953,30900.0,0.0050091912781518,-0.0078084136220244,-0.0013996111719363,0.0014449049562605,0.0038996745706489,-0.0038996745706489
VTC_2024-07-11,VTC,2024-07-11,76.58999633789062,76.7699966430664,76.55999755859375,76.61000061035156,51800.0,0.0222844691024801,-0.0037193494973118,0.0092825598025841,0.0048531316493893,0.0036185280514143,-0.0036185280514143
VTC_2024-07-12,VTC,2024-07-12,76.61000061035156,76.86499786376953,76.61000061035156,76.8499984741211,20600.0,0.0269944753927307,0.000260271281919,0.0136273733373248,0.0031327223842509,0.0036275309843311,-0.0036275309843311
VTC_2024-07-15,VTC,2024-07-15,76.61000061035156,76.73999786376953,76.5199966430664,76.56999969482422,32000.0,0.0214781300695754,-0.0081605865067629,0.0066587717814062,-0.0036434454763348,0.0036594433829985,-0.0036594433829985
VTC_2024-07-16,VTC,2024-07-16,76.62999725341797,76.93000030517578,76.62999725341797,76.91999816894531,40800.0,0.0347749931567917,-0.0064582796670816,0.014158356744855,0.0045709608922037,0.0035243952178401,-0.0035243952178401
VTC_2024-07-17,VTC,2024-07-17,76.68000030517578,76.97000122070312,76.68000030517578,76.94100189208984,18500.0,0.0376399232471607,0.0019664145691131,0.0198031689081369,0.0002730593297519,0.0035031152527375,-0.0035031152527375
VTC_2024-07-18,VTC,2024-07-18,76.91000366210938,76.94000244140625,76.68000030517578,76.68000030517578,18400.0,0.0299530349005103,0.0003913734990175,0.0151722041997639,-0.003392230156817,0.0035101932590949,-0.0035101932590949
VTC_2024-07-19,VTC,2024-07-19,76.5199966430664,76.55799865722656,76.41999816894531,76.47000122070312,12900.0,0.028513823673042,-0.0011755007936324,0.0136691614397047,-0.0027386421966208,0.0035262155883397,-0.0035262155883397
VTC_2024-07-22,VTC,2024-07-22,76.77999877929688,76.77999877929688,76.35800170898438,76.45999908447266,35500.0,0.0279645322379882,-0.0015670245979723,0.0131987538200079,-0.0001307981701426,0.0035269777447827,-0.0035269777447827
VTC_2024-07-23,VTC,2024-07-23,76.55000305175781,76.56999969482422,76.38999938964844,76.4000015258789,22300.0,0.0246781656053458,-0.0044304970987123,0.0101238342533167,-0.000784692117606,0.0035211241828874,-0.0035211241828874
VTC_2024-07-24,VTC,2024-07-24,76.54000091552734,76.54000091552734,76.06999969482422,76.08000183105469,33900.0,0.0184739617026847,-0.005620184200363,0.0064268887511608,-0.004188477597292,0.0035625716158696,-0.0035625716158696
VTC_2024-07-25,VTC,2024-07-25,76.25,76.39199829101562,76.22000122070312,76.31999969482422,92800.0,0.0251175664638652,-0.0014392334150509,0.0118391665244071,0.003154545977831,0.0035494632558317,-0.0035494632558317
VTC_2024-07-26,VTC,2024-07-26,76.73999786376953,76.73999786376953,76.5,76.62000274658203,32300.0,0.0313635994392307,-0.0028630088728949,0.0142502952831679,0.0039308576121255,0.0035616704919028,-0.0035616704919028
VTC_2024-07-29,VTC,2024-07-29,76.33999633789062,76.80000305175781,76.33999633789062,76.73999786376953,25500.0,0.0302053975637761,0.0013047817708438,0.0157550896673099,0.0015661069288182,0.003553290469397,-0.003553290469397
VTC_2024-07-30,VTC,2024-07-30,76.91999816894531,76.91999816894531,76.69000244140625,76.86000061035156,141000.0,0.0282274329144021,-0.0014291361388464,0.0133991483877778,0.0015637574918241,0.0035351962169544,-0.0035351962169544
VTC_2024-07-31,VTC,2024-07-31,77.04000091552734,77.2300033569336,76.92500305175781,77.2300033569336,27100.0,0.0381772279955194,0.0016861852838574,0.0199317066396884,0.0048139831335389,0.0035120289667351,-0.0035120289667351
VTC_2024-08-01,VTC,2024-08-01,77.23999786376953,77.31999969482422,77.0999984741211,77.16999816894531,110000.0,0.0370917130896657,-0.0020691020085443,0.0175113055405606,-0.0007769673103723,0.0035160934026665,-0.0035160934026665
VTC_2024-08-02,VTC,2024-08-02,77.6500015258789,77.88999938964844,77.58499908447266,77.87999725341797,34100.0,0.0408981231097951,0.0049031903666834,0.0229006567382392,0.0092004548570583,0.0036284272565857,-0.0036284272565857
VTC_2024-08-05,VTC,2024-08-05,78.08999633789062,78.08999633789062,77.52999877929688,77.76000213623047,67700.0,0.0337676266193445,0.0106576510112368,0.0222126388152906,-0.001540769407028,0.0035879618198018,-0.0035879618198018
VTC_2024-08-06,VTC,2024-08-06,77.80000305175781,77.80000305175781,77.29000091552734,77.30000305175781,39100.0,0.025471025050386,0.0120451143155635,0.0187580696829747,-0.0059156259238106,0.0036724390090785,-0.0036724390090785
VTC_2024-08-07,VTC,2024-08-07,77.29000091552734,77.33499908447266,76.94999694824219,77.0,12200.0,0.0208139956048294,0.0037804838872177,0.0122972397460235,-0.0038810225085882,0.0037117212610047,-0.0037117212610047
VTC_2024-08-08,VTC,2024-08-08,76.81999969482422,77.05000305175781,76.81999969482422,77.0199966430664,32200.0,0.0232496356854985,0.0060083476899357,0.0146289916877171,0.0002596966632,0.0036984183990651,-0.0036984183990651
VTC_2024-08-09,VTC,2024-08-09,77.19000244140625,77.3499984741211,77.19000244140625,77.30000305175781,19800.0,0.025471025050386,0.014435776214831,0.0199534006326085,0.003635502738192,0.0037188378301195,-0.0037188378301195
VTC_2024-08-12,VTC,2024-08-12,77.33000183105469,77.51300048828125,77.2300033569336,77.45999908447266,297600.0,0.0306013213184925,0.0172028566296029,0.0239020889740477,0.0020698062923454,0.0036999669041256,-0.0036999669041256
VTC_2024-08-13,VTC,2024-08-13,77.87000274658203,77.9000015258789,77.69000244140625,77.9000015258789,19600.0,0.0361798511527255,0.0227123985627049,0.0294461248577152,0.0056803827344023,0.0037572302241745,-0.0037572302241745
VTC_2024-08-14,VTC,2024-08-14,77.98999786376953,78.24600219726562,77.98999786376953,78.1500015258789,23100.0,0.0368846845958612,0.0346882402876482,0.0357864624417547,0.0032092425558805,0.0037639328142181,-0.0037639328142181
VTC_2024-08-15,VTC,2024-08-15,78.0,78.0,77.72000122070312,77.91000366210938,33200.0,0.0262118748835542,0.0278364185409176,0.0270241467122359,-0.0030709898795082,0.0036915559631622,-0.0036915559631622
VTC_2024-08-16,VTC,2024-08-16,77.94000244140625,78.1510009765625,77.91000366210938,78.0999984741211,27100.0,0.0302071097384932,0.0270909723013048,0.028649041019899,0.0024386446294588,0.0036923461308803,-0.0036923461308803
VTC_2024-08-19,VTC,2024-08-19,78.16000366210938,78.33000183105469,78.12999725341797,78.25,29100.0,0.0340954393218619,0.0320495952909065,0.0330725173063842,0.0019206341716972,0.0036845681072879,-0.0036845681072879
VTC_2024-08-20,VTC,2024-08-20,78.41999816894531,78.48999786376953,78.33399963378906,78.48999786376953,26600.0,0.0378156910513745,0.0330349354559074,0.0354253132536409,0.0030670653516873,0.0036955961047486,-0.0036955961047486
VTC_2024-08-21,VTC,2024-08-21,78.5,78.75,78.47000122070312,78.63999938964844,133100.0,0.037877825969848,0.0367831373982063,0.0373304816840271,0.0019110909665107,0.0036959323638738,-0.0036959323638738
VTC_2024-08-22,VTC,2024-08-22,78.50199890136719,78.53099822998047,78.2300033569336,78.30000305175781,29800.0,0.0346194864695692,0.0318925393507554,0.0332560129101623,-0.0043234529568851,0.0037411926241343,-0.0037411926241343
VTC_2024-08-23,VTC,2024-08-23,78.48999786376953,78.77999877929688,78.47000122070312,78.77999877929688,30600.0,0.0444120172420472,0.0357612583225201,0.0400866377822837,0.0061302133950336,0.0037732373852768,-0.0037732373852768
VTC_2024-08-26,VTC,2024-08-26,78.81999969482422,78.83399963378906,78.6500015258789,78.6500015258789,42500.0,0.0410324070006635,0.0365050655340681,0.0387687362673658,-0.0016501301781198,0.0037829349613755,-0.0037829349613755
VTC_2024-08-27,VTC,2024-08-27,78.47000122070312,78.66899871826172,78.40499877929688,78.62300109863281,25400.0,0.045657647902084,0.0366957396509231,0.0411766937765035,-0.0003432984961507,0.003721449953723,-0.003721449953723
VTC_2024-08-28,VTC,2024-08-28,78.54000091552734,78.6500015258789,78.4800033569336,78.52999877929688,30200.0,0.0487446802852586,0.0353328986036849,0.0420387894444718,-0.0011828894602899,0.0036779736642605,-0.0036779736642605
VTC_2024-08-29,VTC,2024-08-29,78.44999694824219,78.5,78.33799743652344,78.45999908447266,39900.0,0.0427964023408573,0.0337285574061667,0.038262479873512,-0.0008913752185447,0.0036468266781155,-0.0036468266781155
VTC_2024-08-30,VTC,2024-08-30,78.44000244140625,78.55999755859375,78.18000030517578,78.18000030517578,23500.0,0.0341270090360894,0.0278727690590425,0.030999889047566,-0.0035686819087955,0.0036467393150348,-0.0036467393150348
VTC_2024-09-03,VTC,2024-09-03,78.33999633789062,78.33999633789062,78.08000183105469,78.20999908447266,239400.0,0.0328842818756944,0.0298919748497228,0.0313881283627086,0.0003837142386771,0.0036443124329326,-0.0036443124329326
VTC_2024-09-04,VTC,2024-09-04,78.29000091552734,78.62999725341797,78.23500061035156,78.58999633789062,24700.0,0.0340788991827714,0.0302831357572164,0.0321810174699939,0.0048586786583073,0.0036635221636089,-0.0036635221636089
VTC_2024-09-05,VTC,2024-09-05,78.9000015258789,78.91000366210938,78.56999969482422,78.9000015258789,36900.0,0.0355689591499459,0.0327225124354635,0.0341457357927047,0.0039445884009898,0.0036804774645418,-0.0036804774645418
VTC_2024-09-06,VTC,2024-09-06,78.98999786376953,79.24400329589844,78.80000305175781,78.93000030517578,48400.0,0.0363707524930767,0.0302832486142905,0.0333270005536836,0.0003802126580065,0.0036785284161486,-0.0036785284161486
VTC_2024-09-09,VTC,2024-09-09,78.80999755859375,79.08799743652344,78.80999755859375,78.98999786376953,22100.0,0.0455326892529051,0.0306628195829357,0.0380977544179204,0.0007601363025691,0.0035105775669464,-0.0035105775669464
VTC_2024-09-10,VTC,2024-09-10,79.12000274658203,79.23999786376953,79.04000091552734,79.23999786376953,53100.0,0.0507889406665627,0.0336550231986927,0.0422219819326277,0.0031649576751624,0.0035083413776576,-0.0035083413776576
VTC_2024-09-11,VTC,2024-09-11,79.06999969482422,79.30999755859375,79.06999969482422,79.25,53700.0,0.0468956828913087,0.0368965024671503,0.0418960926792295,0.0001262258518439,0.0034873721666248,-0.0034873721666248
VTC_2024-09-12,VTC,2024-09-12,79.30999755859375,79.30999755859375,79.06400299072266,79.2300033569336,42900.0,0.0416640127300687,0.0377210863178822,0.0396925495239754,-0.0002523235718158,0.0034508511930103,-0.0034508511930103
VTC_2024-09-13,VTC,2024-09-13,79.4800033569336,79.5199966430664,79.36599731445312,79.43000030517578,20500.0,0.0400680561548192,0.0462329059652983,0.0431504810600588,0.0025242577277346,0.0034317325818206,-0.0034317325818206
VTC_2024-09-16,VTC,2024-09-16,79.56999969482422,79.7300033569336,79.4000015258789,79.7300033569336,36000.0,0.0429039442723853,0.0500461350781633,0.0464750396752743,0.0037769488934304,0.0034542492715066,-0.0034542492715066
VTC_2024-09-17,VTC,2024-09-17,79.91999816894531,79.91999816894531,79.58999633789062,79.69000244140625,36900.0,0.0462124767897926,0.0510419778707307,0.0486272273302617,-0.000501704676322,0.0034129716675537,-0.0034129716675537
VTC_2024-09-18,VTC,2024-09-18,79.56999969482422,79.9000015258789,79.41600036621094,79.44999694824219,26800.0,0.0392413357718124,0.0452571334736489,0.0422492346227306,-0.003011739061503,0.0034236336594367,-0.0034236336594367
VTC_2024-09-19,VTC,2024-09-19,79.4800033569336,79.55000305175781,79.40399932861328,79.48999786376953,31800.0,0.0433127092350618,0.043997878920085,0.0436552940775734,0.0005034728390662,0.0033848501713529,-0.0033848501713529
VTC_2024-09-20,VTC,2024-09-20,79.62000274658203,79.62000274658203,79.30000305175781,79.55999755859375,24100.0,0.0432729521364054,0.0438204708002996,0.0435467114683525,0.0008806100981935,0.0033848099885212,-0.0033848099885212
VTC_2024-09-23,VTC,2024-09-23,79.41999816894531,79.58000183105469,79.26000213623047,79.44499969482422,28600.0,0.0416284671758464,0.0390400293760631,0.0403342482759547,-0.0014454231686575,0.0033947336717248,-0.0033947336717248
VTC_2024-09-24,VTC,2024-09-24,79.55000305175781,79.62000274658203,79.2750015258789,79.55999755859375,33500.0,0.042999460301343,0.042999460301343,0.042999460301343,0.0014475154410129,0.0033955192313912,-0.0033955192313912
VTC_2024-09-25,VTC,2024-09-25,79.54000091552734,79.54000091552734,79.2300033569336,79.2300033569336,57000.0,0.0426372625904341,0.0388095823278926,0.0407234224591633,-0.0041477402185329,0.0034031456066513,-0.0034031456066513
VTC_2024-09-26,VTC,2024-09-26,79.25,79.3489990234375,79.05000305175781,79.16999816894531,34700.0,0.0402049340961057,0.0322034070271202,0.0362041705616129,-0.0007573543537282,0.0034057935210024,-0.0034057935210024
VTC_2024-09-27,VTC,2024-09-27,79.5,79.51599884033203,79.33999633789062,79.45999908447266,29900.0,0.0496697792313158,0.0370659910739472,0.0433678851526315,0.0036630153117913,0.0033380287589788,-0.0033380287589788
VTC_2024-09-30,VTC,2024-09-30,79.36000061035156,79.4800033569336,79.19200134277344,79.30000305175781,35500.0,0.0560661462137108,0.0465884461539622,0.0513272961838365,-0.0020135418393946,0.0031622777233267,-0.0031622777233267
VTC_2024-10-01,VTC,2024-10-01,79.25,79.37999725341797,79.21199798583984,79.30999755859375,17000.0,0.0515778239736177,0.0474114669838259,0.0494946454787218,0.0001260341292725,0.0031311402851414,-0.0031311402851414
VTC_2024-10-02,VTC,2024-10-02,79.01000213623047,79.23999786376953,78.9000015258789,79.22000122070312,174800.0,0.0436042339469144,0.045670525170405,0.0446373795586597,-0.001134741402862,0.0030539907234132,-0.0030539907234132
VTC_2024-10-03,VTC,2024-10-03,79.13999938964844,79.13999938964844,78.81999969482422,78.81999969482422,49000.0,0.0338405286377998,0.0394302755053479,0.0366354020715739,-0.0050492491759059,0.003101203626657,-0.003101203626657
VTC_2024-10-04,VTC,2024-10-04,78.52999877929688,78.52999877929688,78.33000183105469,78.37999725341797,32200.0,0.0279343902087603,0.0371840355953607,0.0325592129020605,-0.0055823705038042,0.0031952646147075,-0.0031952646147075
VTC_2024-10-07,VTC,2024-10-07,78.27999877929688,78.27999877929688,78.01000213623047,78.08000183105469,39500.0,0.0256141422302385,0.0337614602538134,0.0296878012420259,-0.0038274487480949,0.0032306208001243,-0.0032306208001243
VTC_2024-10-08,VTC,2024-10-08,78.11000061035156,78.20999908447266,77.91000366210938,78.20999908447266,27900.0,0.0258394710900078,0.0309780972213757,0.0284087841556918,0.0016649238008377,0.0032318799347748,-0.0032318799347748
VTC_2024-10-09,VTC,2024-10-09,78.0,78.12799835205078,77.95999908447266,78.0,23600.0,0.0181438373394375,0.0408326322245089,0.0294882347819732,-0.0026850669598632,0.003204159130144,-0.003204159130144
VTC_2024-10-10,VTC,2024-10-10,78.02200317382812,78.02999877929688,77.80999755859375,78.0199966430664,20400.0,0.0152244397160177,0.0426298908720306,0.0289271652940241,0.0002563672188,0.0031834325613298,-0.0031834325613298
VTC_2024-10-11,VTC,2024-10-11,77.9000015258789,78.11799621582031,77.9000015258789,78.01000213623047,35600.0,0.0188063529730375,0.0406884083379024,0.02974738065547,-0.0001281018619068,0.0031447528368909,-0.0031447528368909
VTC_2024-10-14,VTC,2024-10-14,77.7699966430664,78.04000091552734,77.76499938964844,78.02999877929688,30200.0,0.0144305855014919,0.0497074021703465,0.0320689938359192,0.0002563343484016,0.0030968716353918,-0.0030968716353918
VTC_2024-10-15,VTC,2024-10-15,78.16999816894531,78.37000274658203,78.16999816894531,78.30999755859375,44100.0,0.0177927975050795,0.0561024402846839,0.0369476188948817,0.0035883478620681,0.0031256119751899,-0.0031256119751899
VTC_2024-10-16,VTC,2024-10-16,78.48999786376953,78.58300018310547,78.42500305175781,78.52999877929688,45700.0,0.0241262189196447,0.0548019072974725,0.0394640631085586,0.0028093631408749,0.0031055322411376,-0.0031055322411376
VTC_2024-10-17,VTC,2024-10-17,78.44999694824219,78.44999694824219,78.0199966430664,78.02999877929688,34400.0,0.0204001246723062,0.0494956339031624,0.0349478792877343,-0.0063669936046378,0.0031966689020644,-0.0031966689020644
VTC_2024-10-18,VTC,2024-10-18,78.08000183105469,78.18499755859375,78.01499938964844,78.0199966430664,36100.0,0.0204027933203383,0.0489378801298781,0.0346703367251082,-0.0001281832165441,0.0031966628969417,-0.0031966628969417
VTC_2024-10-21,VTC,2024-10-21,77.8499984741211,77.8499984741211,77.36000061035156,77.36000061035156,39500.0,0.012565432791876,0.0375536902285627,0.0250595615102193,-0.0084593189068471,0.0033806011238333,-0.0033806011238333
VTC_2024-10-22,VTC,2024-10-22,77.33999633789062,77.39800262451172,77.20099639892578,77.3499984741211,94600.0,0.0166929102589481,0.035475256146463,0.0260840832027056,-0.0001292933835516,0.0033338964139859,-0.0033338964139859
VTC_2024-10-23,VTC,2024-10-23,77.2699966430664,77.2699966430664,77.05000305175781,77.1500015258789,35700.0,0.0108752860898002,0.0362660132748395,0.0235706496823199,-0.0025856102415968,0.0033321814187867,-0.0033321814187867
VTC_2024-10-24,VTC,2024-10-24,77.16000366210938,77.41999816894531,77.16000366210938,77.31999969482422,19000.0,0.0091359556662691,0.0407860915595112,0.0249610236128902,0.0022034758986788,0.0033078138920319,-0.0033078138920319
VTC_2024-10-25,VTC,2024-10-25,77.41000366210938,77.5199966430664,77.14299774169922,77.19000244140625,43700.0,0.0058640160302789,0.03624653852957,0.0210552772799245,-0.0016812888506344,0.0033106876955202,-0.0033106876955202
VTC_2024-10-28,VTC,2024-10-28,77.1500015258789,77.27999877929688,77.01000213623047,77.0999984741211,41100.0,0.0031225326810264,0.0314381066772053,0.0172803196791159,-0.0011660054986197,0.0033090603759816,-0.0033090603759816
VTC_2024-10-29,VTC,2024-10-29,76.95999908447266,77.23999786376953,76.83499908447266,77.19999694824219,44300.0,-0.0003885330491664,0.037773861831551,0.0186926643911923,0.0012969970959813,0.0032567300640876,-0.0032567300640876
VTC_2024-10-30,VTC,2024-10-30,77.5,77.52999877929688,77.12000274658203,77.13999938964844,19900.0,-0.0003887362966006,0.0366885578978839,0.0181499108006416,-0.0007771704788275,0.003256730845015,-0.003256730845015
VTC_2024-10-31,VTC,2024-10-31,76.87000274658203,77.19000244140625,76.83999633789062,77.05000305175781,32600.0,-0.0106573475979896,0.0298049099977188,0.0095737811998646,-0.0011666624138281,0.0030389337586749,-0.0030389337586749
VTC_2024-11-01,VTC,2024-11-01,77.08999633789062,77.08999633789062,76.3550033569336,76.37999725341797,25400.0,-0.0177469758860708,0.0154213774779303,-0.0011627992040702,-0.0086957270837455,0.0032194920847067,-0.0032194920847067
VTC_2024-11-04,VTC,2024-11-04,76.91000366210938,76.97000122070312,76.69999694824219,76.83000183105469,40400.0,-0.0060802225374871,0.0192359330123346,0.0065778552374237,0.0058916548025482,0.0032297319808334,-0.0032297319808334
VTC_2024-11-05,VTC,2024-11-05,76.9000015258789,77.12000274658203,76.66000366210938,77.08000183105469,49800.0,0.001038984818892,0.0218746058491754,0.0114567953340337,0.0032539371865398,0.0032197931182158,-0.0032197931182158
VTC_2024-11-06,VTC,2024-11-06,76.30999755859375,76.7300033569336,76.30999755859375,76.4800033569336,47800.0,-0.0070110790660677,0.0160755515853825,0.0045322362596573,-0.0077841004134403,0.0033663498008426,-0.0033663498008426
VTC_2024-11-07,VTC,2024-11-07,76.9000015258789,77.24500274658203,76.7760009765625,77.1500015258789,42500.0,-0.0019405112542941,0.0234810869853232,0.0107702878655145,0.0087604359249098,0.0035167849493029,-0.0035167849493029
VTC_2024-11-08,VTC,2024-11-08,77.18000030517578,77.44100189208984,77.18000030517578,77.38500213623047,28400.0,-0.0009682022867105,0.0296034907625049,0.0143176442378971,0.0030460221089267,0.0035282945404775,-0.0035282945404775
VTC_2024-11-11,VTC,2024-11-11,77.41999816894531,77.41999816894531,77.16000366210938,77.30000305175781,50200.0,-0.0077021625464509,0.0281990255117901,0.0102484314826695,-0.0010983922223458,0.0034545772397274,-0.0034545772397274
VTC_2024-11-12,VTC,2024-11-12,76.88999938964844,77.06800079345703,76.68199920654297,76.7300033569336,24200.0,-0.0181701617558521,0.0180443221545887,-6.29198006317222e-05,-0.0073738638075158,0.0035463249683961,-0.0035463249683961
VTC_2024-11-13,VTC,2024-11-13,76.94000244140625,77.04000091552734,76.45999908447266,76.52999877929688,160800.0,-0.0177128073154442,0.008034781678921,-0.0048390128182616,-0.0026066019664606,0.0035409188813918,-0.0035409188813918
VTC_2024-11-14,VTC,2024-11-14,76.81999969482422,76.81999969482422,76.43099975585938,76.45999908447266,61200.0,-0.0209987121855305,0.0085740871496073,-0.0062123125179615,-0.0009146700109859,0.0035245977355804,-0.0035245977355804
VTC_2024-11-15,VTC,2024-11-15,76.26000213623047,76.68000030517578,76.12999725341797,76.54000091552734,34900.0,-0.0218530234437399,0.0114973274432967,-0.0051778480002215,0.0010463226786898,0.0035173040104935,-0.0035173040104935
VTC_2024-11-18,VTC,2024-11-18,76.58000183105469,76.69999694824219,76.41000366210938,76.63999938964844,32400.0,-0.0235698627146356,0.013354517690199,-0.0051076725122183,0.0013064864505483,0.0034966944153344,-0.0034966944153344
VTC_2024-11-19,VTC,2024-11-19,76.7699966430664,76.88999938964844,76.75299835205078,76.80000305175781,28900.0,-0.0233977155667785,0.013593855804739,-0.0049019298810197,0.0020877304721245,0.0034986253257013,-0.0034986253257013
VTC_2024-11-20,VTC,2024-11-20,76.70999908447266,76.70999908447266,76.53500366210938,76.62999725341797,16500.0,-0.0213282979980976,0.0125528137475074,-0.004387742125295,-0.0022136170779221,0.00347015094065,-0.00347015094065
VTC_2024-11-21,VTC,2024-11-21,76.95999908447266,76.95999908447266,76.5,76.55999755859375,33400.0,-0.0281797569827652,0.0149807404062867,-0.0065995082882392,-0.0009134764104549,0.0033704879786042,-0.0033704879786042
VTC_2024-11-22,VTC,2024-11-22,76.80999755859375,76.80999755859375,76.54000091552734,76.58999633789062,44100.0,-0.0261920552831834,0.0137656286449165,-0.0062132133191334,0.0003918335978774,0.0033685591838114,-0.0033685591838114
VTC_2024-11-25,VTC,2024-11-25,77.13999938964844,77.40899658203125,77.13999938964844,77.4000015258789,49000.0,-0.0155552389970416,0.0293921932798826,0.0069184771414204,0.0105758614273174,0.0036421381199229,-0.0036421381199229
VTC_2024-11-26,VTC,2024-11-26,77.12000274658203,77.26000213623047,77.04499816894531,77.26000213623047,35500.0,-0.0161721210086306,0.0317842544085278,0.0078060666999485,-0.001808777608378,0.0036455971752636,-0.0036455971752636
VTC_2024-11-27,VTC,2024-11-27,77.1500015258789,77.54000091552734,77.1500015258789,77.5,30700.0,-0.0122355225041372,0.0300372434927822,0.0089008604943224,0.0031063662585246,0.0036690101974001,-0.0036690101974001
VTC_2024-11-29,VTC,2024-11-29,77.5999984741211,77.83000183105469,77.5999984741211,77.80000305175781,23300.0,-0.0048605430024897,0.0291005902386334,0.0121200236180718,0.0038710071194556,0.0036781850996417,-0.0036781850996417
VTC_2024-12-02,VTC,2024-12-02,77.37999725341797,77.70600128173828,77.3280029296875,77.68000030517578,561500.0,-0.0067766115011002,0.02588482637183,0.0095541074353649,-0.0015424516950494,0.0036823501943025,-0.0036823501943025
VTC_2024-12-03,VTC,2024-12-03,77.68000030517578,77.76000213623047,77.45500183105469,77.47000122070312,29000.0,-0.0142511155283959,0.019342121325041,0.0025455028983225,-0.0027033867616844,0.0036410829596832,-0.0036410829596832
VTC_2024-12-04,VTC,2024-12-04,77.55000305175781,77.8499984741211,77.2699966430664,77.76000213623047,36800.0,-0.0144486611863311,0.0206063741241067,0.0030788564688877,0.003743396294795,0.003637456643049,-0.003637456643049
VTC_2024-12-05,VTC,2024-12-05,77.75,77.7750015258789,77.59700012207031,77.75,27500.0,-0.014949959465519,0.020877051752056,0.0029635461432684,-0.0001286282916111,0.0036366571354373,-0.0036366571354373
VTC_2024-12-06,VTC,2024-12-06,78.0,78.01499938964844,77.75299835205078,77.91999816894531,17500.0,-0.0135460149862214,0.0313698877757009,0.0089119363947397,0.0021864716263062,0.0036473609985301,-0.0036473609985301
VTC_2024-12-09,VTC,2024-12-09,77.87000274658203,77.87999725341797,77.6729965209961,77.7699966430664,28500.0,-0.0185512526543775,0.0312954895418315,0.006372118443727,-0.0019250709625746,0.0036277198220476,-0.0036277198220476
VTC_2024-12-10,VTC,2024-12-10,77.66999816894531,77.7300033569336,77.55999755859375,77.62000274658203,28200.0,-0.020567788686662,0.0253633537086215,0.0023977825109797,-0.0019286859066329,0.0036331446324038,-0.0036331446324038
VTC_2024-12-11,VTC,2024-12-11,77.68000030517578,77.8270034790039,77.47000122070312,77.51000213623047,34400.0,-0.021708963117854,0.0190505670965157,-0.0013291980106691,-0.0014171683388197,0.0036357405626748,-0.0036357405626748
VTC_2024-12-12,VTC,2024-12-12,77.29000091552734,77.30999755859375,77.08999633789062,77.1500015258789,25200.0,-0.0287045042243101,0.0102134182433533,-0.0092455429904784,-0.0046445697384813,0.0036567157445159,-0.0036567157445159
VTC_2024-12-13,VTC,2024-12-13,77.02999877929688,77.03700256347656,76.74099731445312,76.80000305175781,53900.0,-0.0367490302497394,0.0045782356767467,-0.0160853972864963,-0.0045365971121036,0.0036515136556889,-0.0036515136556889
VTC_2024-12-16,VTC,2024-12-16,76.98999786376953,76.98999786376953,76.75499725341797,76.87999725341797,40200.0,-0.0352617028723821,0.0093212432918519,-0.0129702297902651,0.0010415911260608,0.0036572711604243,-0.0036572711604243
VTC_2024-12-17,VTC,2024-12-17,76.98999786376953,76.98999786376953,76.79000091552734,76.87999725341797,47400.0,-0.032347385695917,0.0056245954524616,-0.0133613951217276,0.0,0.0036444086769629,-0.0036444086769629
VTC_2024-12-18,VTC,2024-12-18,76.86000061035156,76.94000244140625,76.0999984741211,76.0999984741211,52800.0,-0.0426468672883629,-0.0011813094159482,-0.0219140883521556,-0.0101456660661131,0.0038382056669754,-0.0038382056669754
VTC_2024-12-19,VTC,2024-12-19,76.01000213623047,76.01000213623047,75.6719970703125,75.83000183105469,277200.0,-0.0468828034439294,-0.0056386086169737,-0.0262607060304516,-0.0035479191653101,0.0038496189159403,-0.0038496189159403
VTC_2024-12-20,VTC,2024-12-20,76.0,76.2979965209961,75.91999816894531,76.06999969482422,54000.0,-0.042482220567242,-0.002622223115836,-0.022552221841539,0.0031649460368501,0.003879975978724,-0.003879975978724
VTC_2024-12-23,VTC,2024-12-23,76.06999969482422,76.08999633789062,75.80999755859375,75.875,64400.0,-0.0463172155816099,-0.0053093705529371,-0.0258132930672735,-0.0025634244196991,0.0038773858568321,-0.0038773858568321
VTC_2024-12-24,VTC,2024-12-24,75.5999984741211,75.76000213623047,75.44000244140625,75.76000213623047,46400.0,-0.0437965552654423,-0.0030266579024174,-0.0234116065839298,-0.0015156225867483,0.003854241851311,-0.003854241851311
VTC_2024-12-26,VTC,2024-12-26,75.66000366210938,75.80000305175781,75.49500274658203,75.80000305175781,37900.0,-0.0425665680829761,-0.0040730200513438,-0.0233197940671599,0.0005279951742267,0.0038573518348752,-0.0038573518348752
VTC_2024-12-27,VTC,2024-12-27,75.80000305175781,75.80000305175781,75.55000305175781,75.58999633789062,82200.0,-0.0487037854413752,-0.0014531124806619,-0.0250784489610185,-0.0027705370107147,0.003825471514195,-0.003825471514195
VTC_2024-12-30,VTC,2024-12-30,75.83999633789062,75.86000061035156,75.73500061035156,75.83999633789062,51200.0,-0.043631861043043,0.0099880148698521,-0.0168219230865954,0.0033073159427405,0.0038565213603304,-0.0038565213603304
VTC_2024-12-31,VTC,2024-12-31,75.94000244140625,75.98999786376953,75.62000274658203,75.70999908447266,46500.0,-0.0453914838600447,0.0038451461491384,-0.0207731688554531,-0.0017140988883859,0.0038571282818972,-0.0038571282818972
VTC_2025-01-02,VTC,2025-01-02,75.6500015258789,75.97899627685547,75.58000183105469,75.72000122070312,130500.0,-0.0441807617529462,-0.0025029960774601,-0.0233418789152032,0.0001321111656507,0.0038582850719604,-0.0038582850719604
VTC_2025-01-03,VTC,2025-01-03,75.98999786376953,75.98999786376953,75.5739974975586,75.5999984741211,77800.0,-0.0408525911338536,-0.0083945357762473,-0.0246235634550505,-0.0015848223012074,0.0038199347776701,-0.0038199347776701
VTC_2025-01-06,VTC,2025-01-06,75.47000122070312,75.58000183105469,75.41200256347656,75.44999694824219,55900.0,-0.0373819904037826,-0.0104918433017417,-0.0239369168527622,-0.0019841472077576,0.0037716635732518,-0.0037716635732518
VTC_2025-01-07,VTC,2025-01-07,75.44999694824219,75.44999694824219,75.02999877929688,75.18000030517578,43400.0,-0.0371414121141259,-0.0124786152964104,-0.0248100137052681,-0.0035784844796166,0.0037683537972425,-0.0037683537972425
VTC_2025-01-08,VTC,2025-01-08,75.11000061035156,75.30000305175781,75.03299713134766,75.2300033569336,67300.0,-0.0381024902496219,-0.0132475673548766,-0.0256750288022493,0.0006651110874547,0.0037607865394129,-0.0037607865394129
VTC_2025-01-10,VTC,2025-01-10,74.8499984741211,75.08000183105469,74.80000305175781,74.91000366210938,54800.0,-0.0396153376652643,-0.0221902745685722,-0.0309028061169183,-0.0042536179787997,0.0037798929143173,-0.0037798929143173
VTC_2025-01-13,VTC,2025-01-13,74.86000061035156,74.86000061035156,74.66000366210938,74.73999786376953,44800.0,-0.042040488598103,-0.027456091766379,-0.034748290182241,-0.002269467227724,0.0037836862752247,-0.0037836862752247
VTC_2025-01-14,VTC,2025-01-14,74.9000015258789,74.9000015258789,74.62999725341797,74.79000091552734,36200.0,-0.0412767739075301,-0.0232466865141857,-0.0322617302108579,0.0006690266682767,0.0037868742747129,-0.0037868742747129
VTC_2025-01-15,VTC,2025-01-15,75.44000244140625,75.58999633789062,75.35399627685547,75.48999786376953,43500.0,-0.0325515949668483,-0.0185907480397354,-0.0255711715032919,0.0093594991265317,0.0039906627178478,-0.0039906627178478
VTC_2025-01-16,VTC,2025-01-16,75.58000183105469,75.73600006103516,75.36699676513672,75.63999938964844,33800.0,-0.0340952400994207,-0.0169090922973171,-0.0255021661983689,0.0019870384173226,0.0039691323748815,-0.0039691323748815
VTC_2025-01-17,VTC,2025-01-17,75.80000305175781,75.80000305175781,75.66000366210938,75.70999908447266,35500.0,-0.0359098400440528,-0.0126499897866804,-0.0242799149153666,0.0009254322499876,0.0039505233621898,-0.0039505233621898
VTC_2025-01-21,VTC,2025-01-21,76.0,76.05000305175781,75.87999725341797,76.05000305175781,60200.0,-0.0253748014675658,-0.005492325908733,-0.0154335636881494,0.0044908726904857,0.0039304530096015,-0.0039304530096015
VTC_2025-01-22,VTC,2025-01-22,76.0999984741211,76.0999984741211,75.80999755859375,75.80999755859375,124900.0,-0.0283260597226526,-0.0085011971444152,-0.0184136284335339,-0.0031558906447475,0.0039455535733502,-0.0039455535733502
VTC_2025-01-23,VTC,2025-01-23,75.48999786376953,75.76000213623047,75.48999786376953,75.75,41200.0,-0.0208117967638191,-0.008507873205457,-0.0146598349846381,-0.000791420136208,0.0038103998646248,-0.0038103998646248
VTC_2025-01-24,VTC,2025-01-24,75.7699966430664,75.91999816894531,75.6500015258789,75.9000015258789,47300.0,-0.0187459208383476,-0.0023659345536753,-0.0105559276960115,0.0019802181634178,0.0038214148570549,-0.0038214148570549
VTC_2025-01-27,VTC,2025-01-27,76.08000183105469,76.31999969482422,76.08000183105469,76.31999969482422,38300.0,-0.0107582866447031,0.0,-0.0053791433223515,0.005533572602131,0.0038793250111248,-0.0038793250111248
VTC_2025-01-28,VTC,2025-01-28,76.27999877929688,76.27999877929688,76.08000183105469,76.25,41900.0,-0.0138385889685388,-0.00482906203757,-0.0093338255030544,-0.0009171867807143,0.0038685125336848,-0.0038685125336848
VTC_2025-01-29,VTC,2025-01-29,76.22000122070312,76.30999755859375,75.94999694824219,76.1500015258789,35100.0,-0.0134732592645891,-0.0076882506426179,-0.0105807549536035,-0.0013114553983094,0.0038665298504877,-0.0038665298504877
VTC_2025-01-30,VTC,2025-01-30,76.36000061035156,76.41000366210938,76.2229995727539,76.27999877929688,26600.0,-0.0106355345143029,-0.0075462116373776,-0.0090908730758403,0.0017071208248602,0.003871987532718,-0.003871987532718
VTC_2025-01-31,VTC,2025-01-31,76.25,76.37999725341797,75.98999786376953,76.08000183105469,36700.0,-0.0145077093453563,-0.0148906056699744,-0.0146991575076654,-0.0026218792795322,0.0038796361885557,-0.0038796361885557
VTC_2025-02-03,VTC,2025-02-03,75.87999725341797,76.0999984741211,75.79000091552734,75.9000015258789,546400.0,-0.0160746418664857,-0.0164571293663381,-0.0162658856164119,-0.0023659345536753,0.0038884400268931,-0.0038884400268931
VTC_2025-02-04,VTC,2025-02-04,75.69000244140625,76.06999969482422,75.69000244140625,76.0,67200.0,-0.0136275536686544,-0.0241396676902869,-0.0188836106794706,0.0013175029263603,0.0038915862781327,-0.0038915862781327
VTC_2025-02-05,VTC,2025-02-05,76.43000030517578,76.56199645996094,76.33999633789062,76.47000122070312,45400.0,0.0011783709154444,-0.0165895174908475,-0.0077055732877015,0.006184226588199,0.0038191564350834,-0.0038191564350834
VTC_2025-02-06,VTC,2025-02-06,76.56999969482422,76.56999969482422,76.27799987792969,76.37000274658203,24300.0,-0.0059872325069596,-0.0120310513384207,-0.0090091419226902,-0.0013076823921119,0.0037478540366112,-0.0037478540366112
VTC_2025-02-07,VTC,2025-02-07,76.2300033569336,76.2300033569336,76.0199966430664,76.05000305175781,51700.0,-0.0133627238561104,-0.0123376227044439,-0.0128501732802772,-0.0041901228665143,0.003758110757164,-0.003758110757164
VTC_2025-02-10,VTC,2025-02-10,76.19999694824219,76.26599884033203,76.05999755859375,76.12999725341797,33300.0,-0.0045764394371445,-0.0115554327244774,-0.008065936080811,0.0010518632274836,0.0036335710629395,-0.0036335710629395
VTC_2025-02-11,VTC,2025-02-11,75.97000122070312,76.00199890136719,75.88999938964844,75.9800033569336,36000.0,-0.0151652384420608,-0.017076321380484,-0.0161207799112724,-0.0019702338354891,0.0034605183256723,-0.0034605183256723
VTC_2025-02-12,VTC,2025-02-12,75.79000091552734,75.79000091552734,75.43000030517578,75.62999725341797,38200.0,-0.0226788761951953,-0.0236251207421137,-0.0231519984686545,-0.0046065555152898,0.0034776991384146,-0.0034776991384146
VTC_2025-02-13,VTC,2025-02-13,75.79000091552734,76.19999694824219,75.79000091552734,76.12999725341797,42600.0,-0.0151359088246922,-0.0227214921410872,-0.0189287004828897,0.0066111333883118,0.0035852098124576,-0.0035852098124576
VTC_2025-02-14,VTC,2025-02-14,76.36000061035156,76.55999755859375,76.36000061035156,76.38999938964844,40500.0,-0.004431173627134,-0.0225208202414129,-0.0134759969342735,0.0034152390071022,0.0034952972683217,-0.0034952972683217
VTC_2025-02-18,VTC,2025-02-18,76.3499984741211,76.3499984741211,76.06500244140625,76.1500015258789,61900.0,-0.0049653372465591,-0.0225901945000989,-0.013777765873329,-0.0031417445436195,0.0035022182076333,-0.0035022182076333
VTC_2025-02-19,VTC,2025-02-19,76.12000274658203,76.19999694824219,76.0,76.16999816894531,42400.0,-0.0037928448731335,-0.0247119122008088,-0.0142523785369712,0.0002625954388144,0.0035007952460524,-0.0035007952460524
VTC_2025-02-20,VTC,2025-02-20,76.30000305175781,76.36000061035156,76.2300033569336,76.30999755859375,213500.0,-0.0030050085469353,-0.0247923634684504,-0.0138986860076928,0.0018379859920427,0.0035062262424237,-0.0035062262424237
VTC_2025-02-21,VTC,2025-02-21,76.4800033569336,76.6500015258789,76.36399841308594,76.55000305175781,28900.0,-0.0011742737292189,-0.0247164589732675,-0.0129453663512432,0.0031451382629095,0.003525230173051,-0.003525230173051
VTC_2025-02-24,VTC,2025-02-24,76.45999908447266,76.76699829101562,76.45999908447266,76.69999694824219,64100.0,-0.0013021627544497,-0.0246694106874779,-0.0129857867209638,0.0019594237819031,0.0035240340823139,-0.0035240340823139
VTC_2025-02-25,VTC,2025-02-25,76.94000244140625,77.19000244140625,76.94000244140625,77.18000030517578,54700.0,0.0071773857689036,-0.0143039936517204,-0.0035633039414083,0.0062581926470937,0.0035995950975376,-0.0035995950975376
VTC_2025-02-26,VTC,2025-02-26,77.05999755859375,77.3499984741211,77.05999755859375,77.2699966430664,36800.0,0.009273760542237,-0.0191673287589246,-0.0049467841083438,0.00116605775505,0.0035995009083979,-0.0035995009083979
VTC_2025-02-27,VTC,2025-02-27,77.08000183105469,77.18000030517578,77.01100158691406,77.06999969482422,19300.0,0.0062671808315013,-0.0200890247984903,-0.0069109219834945,-0.0025882872645385,0.003615855067244,-0.003615855067244
VTC_2025-02-28,VTC,2025-02-28,77.0999984741211,77.38999938964844,77.08000183105469,77.38999938964844,61000.0,-0.0001292265637374,-0.0156824554106955,-0.0079058409872165,0.0041520656038838,0.0033999662948833,-0.0033999662948833
VTC_2025-03-03,VTC,2025-03-03,77.12000274658203,77.23999786376953,76.90499877929688,77.19000244140625,749000.0,-0.0009060276066364,-0.0170634962271754,-0.0089847619169059,-0.0025842738056531,0.0034080281782798,-0.0034080281782798
VTC_2025-03-04,VTC,2025-03-04,77.19999694824219,77.2699966430664,77.00299835205078,77.08000183105469,80800.0,-0.0054193312121976,-0.0175885453673306,-0.0115039382897641,-0.0014250629210054,0.0033889893246296,-0.0033889893246296
VTC_2025-03-05,VTC,2025-03-05,77.25,77.25,76.77999877929688,76.83000183105469,45200.0,-0.0124678815251179,-0.0172678238533048,-0.0148678526892113,-0.0032433834206173,0.0033736884610348,-0.0033736884610348
VTC_2025-03-06,VTC,2025-03-06,76.75,76.80999755859375,76.5199966430664,76.6500015258789,53700.0,-0.0132595104949844,-0.0199462674447654,-0.0166028889698749,-0.0023428387464,0.0033803505944273,-0.0033803505944273
VTC_2025-03-07,VTC,2025-03-07,77.0,77.0,76.48999786376953,76.52999877929688,20800.0,-0.0121337605085133,-0.0262119564141086,-0.019172858461311,-0.0015655935315476,0.0033698168938897,-0.0033698168938897
VTC_2025-03-10,VTC,2025-03-10,76.9000015258789,76.97799682617188,76.75,76.79000091552734,48300.0,-0.0124742951910384,-0.026742719512616,-0.0196085073518272,0.0033973884800426,0.0033635819977103,-0.0033635819977103
VTC_2025-03-11,VTC,2025-03-11,76.77999877929688,76.77999877929688,76.31999969482422,76.38999938964844,47100.0,-0.0174919692649718,-0.0321804244990074,-0.0248361968819896,-0.0052090313987485,0.003422384502014,-0.003422384502014
VTC_2025-03-12,VTC,2025-03-12,76.41999816894531,76.41999816894531,76.16999816894531,76.16999816894531,23900.0,-0.0224589327659591,-0.0357007187123582,-0.0290798257391586,-0.0028799741125922,0.003423154081008,-0.003423154081008
VTC_2025-03-13,VTC,2025-03-13,76.04000091552734,76.41000366210938,75.94400024414062,76.41000366210938,27600.0,-0.0174873735329944,-0.0357142135026999,-0.0266007935178472,0.0031509189829797,0.003445262272237,-0.003445262272237
VTC_2025-03-14,VTC,2025-03-14,76.36000061035156,76.4800033569336,76.31999969482422,76.36000061035156,23700.0,-0.0162329566045519,-0.0364668692700118,-0.0263499129372818,-0.0006544045198444,0.0034391271765576,-0.0034391271765576
VTC_2025-03-17,VTC,2025-03-17,76.51000213623047,76.68099975585938,76.44300079345703,76.4800033569336,255700.0,-0.0132885918063395,-0.0347090733747815,-0.0239988325905605,0.001571539361221,0.0034434331138187,-0.0034434331138187
VTC_2025-03-18,VTC,2025-03-18,76.38999938964844,76.69999694824219,76.37999725341797,76.62000274658203,18300.0,-0.0068697183255284,-0.0353770306911436,-0.021123374508336,0.0018305358721686,0.0034052515459984,-0.0034052515459984
VTC_2025-03-19,VTC,2025-03-19,76.62000274658203,76.98999786376953,76.48999786376953,76.93000030517578,28000.0,0.0016926725032857,-0.0351185618194799,-0.016712944658097,0.0040459089987121,0.0033967142724051,-0.0033967142724051
VTC_2025-03-20,VTC,2025-03-20,77.2699966430664,77.30000305175781,76.87000274658203,76.87999725341797,14800.0,0.0,-0.0352617028723821,-0.017630851436191,-0.0006499811719674,0.0033952945926401,-0.0033952945926401
VTC_2025-03-21,VTC,2025-03-21,76.91000366210938,77.00800323486328,76.77999877929688,76.80999755859375,29500.0,-0.0009105059485561,-0.0332284391573768,-0.0170694725529664,-0.0009105059485561,0.0033972563901594,-0.0033972563901594
VTC_2025-03-24,VTC,2025-03-24,76.66999816894531,76.69999694824219,76.48999786376953,76.5,46500.0,0.0052562619434866,-0.0376147684504132,-0.0161792532534633,-0.0040359011645231,0.0031837098087053,-0.0031837098087053
VTC_2025-03-25,VTC,2025-03-25,76.5,76.70899963378906,76.47599792480469,76.5999984741211,33100.0,0.0101542479819785,-0.0372046150742111,-0.0135251835461163,0.0013071695963542,0.0031528862587931,-0.0031528862587931
VTC_2025-03-26,VTC,2025-03-26,76.51000213623047,76.51000213623047,76.30999755859375,76.31999969482422,45300.0,0.003286446707019,-0.0393353894141129,-0.0180244713535469,-0.0036553366171602,0.0031652942109847,-0.0031652942109847
VTC_2025-03-27,VTC,2025-03-27,76.26000213623047,76.31999969482422,76.2030029296875,76.30999755859375,55400.0,0.005733081497117,-0.0408496744561419,-0.0175582964795124,-0.0001310552446339,0.0031476007956366,-0.0031476007956366
VTC_2025-03-28,VTC,2025-03-28,76.55999755859375,76.69999694824219,76.47000122070312,76.6709976196289,73400.0,0.0120247552496144,-0.0322984428736711,-0.0101368438120283,0.0047307046597395,0.0031940643075227,-0.0031940643075227
VTC_2025-03-31,VTC,2025-03-31,76.87999725341797,76.88999938964844,76.58300018310547,76.80000305175781,63900.0,0.0131926116060598,-0.0299355206770377,-0.0083714545354889,0.0016825844991468,0.0031993152331364,-0.0031993152331364
VTC_2025-04-01,VTC,2025-04-01,76.69000244140625,76.9000015258789,76.69000244140625,76.7300033569336,40600.0,0.0150814535556673,-0.034356855763827,-0.0096377011040798,-0.0009114543234723,0.0031798661677352,-0.0031798661677352
VTC_2025-04-02,VTC,2025-04-02,76.95999908447266,76.95999908447266,76.61000061035156,76.88999938964844,35300.0,0.0138449776168201,-0.0303909655657441,-0.008272993974462,0.0020851821414704,0.0031645591350483,-0.0031645591350483
VTC_2025-04-03,VTC,2025-04-03,76.9000015258789,77.19300079345703,76.86000061035156,76.93000030517578,92800.0,0.0161141359854188,-0.0300087924181265,-0.0069473282163538,0.0005202356072944,0.0031550032107525,-0.0031550032107525
VTC_2025-04-04,VTC,2025-04-04,77.16999816894531,77.26699829101562,76.7040023803711,76.83000183105469,129900.0,0.0146592788227275,-0.0301691410353556,-0.007754931106314,-0.0012998631707319,0.0031610820181523,-0.0031610820181523
VTC_2025-04-07,VTC,2025-04-07,76.4000015258789,76.4000015258789,75.55999755859375,75.56999969482422,96200.0,-0.0003968092579677,-0.0412331897054475,-0.0208149994817076,-0.0163998712248003,0.0037876757630603,-0.0037876757630603
VTC_2025-04-08,VTC,2025-04-08,75.68000030517578,75.7249984741211,74.75,74.75,274100.0,-0.0092776272571936,-0.0463128014878779,-0.0277952143725357,-0.0108508627515633,0.0040202159555087,-0.0040202159555087
VTC_2025-04-09,VTC,2025-04-09,73.86000061035156,75.87000274658203,73.83100128173828,75.87000274658203,272500.0,0.0091780053020131,-0.0283042908894204,-0.0095631427937036,0.0149833143355455,0.0044240431164417,-0.0044240431164417
VTC_2025-04-10,VTC,2025-04-10,75.04000091552734,75.43399810791016,74.20999908447266,74.70999908447266,75800.0,-0.0069121925994571,-0.0447513110979548,-0.025831751848706,-0.0152893583776974,0.0048321682257591,-0.0048321682257591
VTC_2025-04-11,VTC,2025-04-11,74.2300033569336,74.80000305175781,73.79000091552734,74.70999908447266,107500.0,-0.0026699314892422,-0.0421794989170172,-0.0224247152031297,0.0,0.0048028030598433,-0.0048028030598433
VTC_2025-04-14,VTC,2025-04-14,75.11000061035156,75.23999786376953,74.9000015258789,75.12000274658203,53600.0,0.0050843576889731,-0.0371698797905818,-0.0160427610508043,0.0054879355793566,0.004843756463713,-0.004843756463713
VTC_2025-04-15,VTC,2025-04-15,75.12000274658203,75.55999755859375,75.12000274658203,75.44000244140625,79100.0,0.0086910217665736,-0.0329444894814408,-0.0121267338574335,0.0042598466869567,0.0048717013048822,-0.0048717013048822
VTC_2025-04-16,VTC,2025-04-16,75.55000305175781,75.7030029296875,75.36000061035156,75.68000030517578,23900.0,0.0025169220662732,-0.0301166027282394,-0.013799840330983,0.0031813077412867,0.0047438107872465,-0.0047438107872465
VTC_2025-04-17,VTC,2025-04-17,75.77999877929688,75.77999877929688,75.55999755859375,75.5999984741211,102900.0,-0.0005288328377858,-0.0346060422546298,-0.0175674375462078,-0.0010571066428658,0.0047392739715175,-0.0047392739715175
VTC_2025-04-21,VTC,2025-04-21,75.41000366210938,75.45999908447266,74.98300170898438,75.02999877929688,48700.0,-0.0089816446096779,-0.0445689552324648,-0.0267752999210714,-0.0075396786551436,0.0048317878995198,-0.0048317878995198
VTC_2025-04-22,VTC,2025-04-22,75.37999725341797,75.38999938964844,75.16999816894531,75.16999816894531,52400.0,-0.0115713983892096,-0.0366525779199471,-0.0241119881545783,0.0018659121941377,0.0048025124316233,-0.0048025124316233
VTC_2025-04-23,VTC,2025-04-23,76.1500015258789,76.1500015258789,75.375,75.4000015258789,31200.0,-0.0054082053280367,-0.033581071903575,-0.0194946386158059,0.0030597760081976,0.0048040979002369,-0.0048040979002369
VTC_2025-04-24,VTC,2025-04-24,75.86000061035156,76.0479965209961,75.8280029296875,76.0199966430664,23100.0,0.0035643121196884,-0.0173216643835684,-0.0068786761319399,0.0082227467458964,0.0049153546340453,-0.0049153546340453
VTC_2025-04-25,VTC,2025-04-25,76.29000091552734,76.40499877929688,76.177001953125,76.3499984741211,17600.0,0.0059288134281361,-0.0129282484774007,-0.0034997175246322,0.0043409871826769,0.00493910599417,-0.00493910599417
VTC_2025-04-28,VTC,2025-04-28,76.36000061035156,76.59500122070312,76.3499984741211,76.52999877929688,26500.0,0.002751560342143,-0.0080363283774409,-0.0026423840176489,0.0023575678948677,0.0048988571116158,-0.0048988571116158
VTC_2025-04-29,VTC,2025-04-29,76.44000244140625,76.69000244140625,76.44000244140625,76.6500015258789,30100.0,0.0052459216508708,-0.0086652634711554,-0.0017096709101422,0.0015680484580706,0.0049009043683406,-0.0049009043683406
VTC_2025-04-30,VTC,2025-04-30,76.54000091552734,76.60700225830078,76.37000274658203,76.5199966430664,30900.0,0.0048587670357664,-0.008679955656802,-0.0019105943105177,-0.001696084543046,0.0049029237279237,-0.0049029237279237
VTC_2025-05-01,VTC,2025-05-01,76.26000213623047,76.26000213623047,75.83999633789062,75.94000244140625,27100.0,-0.0044572147788616,-0.0150453444315462,-0.0097512796052039,-0.0075796422778948,0.0049922746603443,-0.0049922746603443
VTC_2025-05-02,VTC,2025-05-02,75.72000122070312,75.81999969482422,75.62000274658203,75.72000122070312,107200.0,-0.0047318691073507,-0.0191709298710375,-0.0119513994891941,-0.0028970399477254,0.0049946731639449,-0.0049946731639449
VTC_2025-05-05,VTC,2025-05-05,75.5999984741211,75.73999786376953,75.43000030517578,75.66999816894531,234300.0,-0.0030303471977556,-0.0190562773183063,-0.011043312258031,-0.0006603678149986,0.0049866049999167,-0.0049866049999167
VTC_2025-05-06,VTC,2025-05-06,75.41999816894531,75.75,75.41999816894531,75.75,27800.0,-0.0032894736842105,-0.0168721998736917,-0.0100808367789511,0.0010572463722817,0.0049855734035982,-0.0049855734035982
VTC_2025-05-07,VTC,2025-05-07,75.91999816894531,76.08999633789062,75.80500030517578,75.91000366210938,24900.0,-0.007323101211644,-0.0061533596256782,-0.0067382304186611,0.0021122595658003,0.004929660270725,-0.004929660270725
VTC_2025-05-08,VTC,2025-05-08,76.01000213623047,76.01000213623047,75.5999984741211,75.5999984741211,27700.0,-0.0100825487071938,-0.0160094146507806,-0.0130459816789872,-0.0040838515746642,0.0049529404943173,-0.0049529404943173
VTC_2025-05-09,VTC,2025-05-09,75.7699966430664,75.7699966430664,75.53500366210938,75.54000091552734,50900.0,-0.0067061422191314,-0.0199792537486278,-0.0133426979838796,-0.0007936185159354,0.0049266562521094,-0.0049266562521094
VTC_2025-05-12,VTC,2025-05-12,75.54000091552734,75.6500015258789,75.48999786376953,75.52999877929688,24400.0,-0.0078812359880146,-0.0124216074259703,-0.0101514217069924,-0.0001324084737787,0.0049244692580141,-0.0049244692580141
VTC_2025-05-13,VTC,2025-05-13,75.5999984741211,75.63999938964844,75.46499633789062,75.55999755859375,55800.0,-0.0055278465357098,-0.0206092538669855,-0.0130685502013476,0.0003971770128652,0.0049191029978911,-0.0049191029978911
VTC_2025-05-14,VTC,2025-05-14,75.52999877929688,75.58999633789062,75.25,75.25,92800.0,-0.0050244250590766,-0.0275893529404051,-0.0163068889997408,-0.0041026676629172,0.004912022354701,-0.004912022354701
VTC_2025-05-15,VTC,2025-05-15,75.44999694824219,75.87999725341797,75.38999938964844,75.80999755859375,53400.0,-0.004203332541298,-0.0192756201078853,-0.0117394763245916,0.0074418280211794,0.004931317901558,-0.004931317901558
VTC_2025-05-16,VTC,2025-05-16,76.0199966430664,76.0199966430664,75.77100372314453,75.83000183105469,20500.0,-0.007330770559865,-0.0117294602698277,-0.0095301154148464,0.0002638738043154,0.0049114939416935,-0.0049114939416935
VTC_2025-05-19,VTC,2025-05-19,75.2699966430664,75.875,75.2699966430664,75.86000061035156,41700.0,-0.0038082850914821,-0.008754712918231,-0.0062814990048565,0.0003956056781286,0.0048964128949673,-0.0048964128949673
VTC_2025-05-20,VTC,2025-05-20,75.72000122070312,75.80000305175781,75.5999984741211,75.72000122070312,29700.0,-0.0059077978083194,-0.0096782353208242,-0.0077930165645718,-0.0018454968167945,0.0049014516435259,-0.0049014516435259
VTC_2025-05-21,VTC,2025-05-21,75.37999725341797,75.52999877929688,75.02999877929688,75.05000305175781,37500.0,-0.0165115259749348,-0.0194669172451925,-0.0179892216100637,-0.0088483644762821,0.0050174663120424,-0.0050174663120424
VTC_2025-05-22,VTC,2025-05-22,74.94000244140625,75.3759994506836,74.91000366210938,75.31999969482422,38500.0,-0.0160679726701244,-0.0172233782011551,-0.0166456754356398,0.0035975567233514,0.005022727632557,-0.005022727632557
VTC_2025-05-23,VTC,2025-05-23,75.50499725341797,75.50499725341797,75.13999938964844,75.37000274658203,23300.0,-0.0173402119240975,-0.0186197949004254,-0.0179800034122614,0.0006638748268774,0.0050162060137346,-0.0050162060137346
VTC_2025-05-27,VTC,2025-05-27,75.7300033569336,76.01000213623047,75.61000061035156,75.91999816894531,248700.0,-0.0163255005344431,-0.0092652891807455,-0.0127953948575943,0.0072972721549784,0.005039654400048,-0.005039654400048
VTC_2025-05-28,VTC,2025-05-28,75.81999969482422,75.9000015258789,75.62000274658203,75.80000305175781,43500.0,-0.0190241187417017,-0.0099267833212023,-0.014475451031452,-0.001580546892539,0.0050390982317543,-0.0050390982317543
VTC_2025-05-29,VTC,2025-05-29,76.0,76.10900115966797,75.93000030517578,76.06999969482422,53300.0,-0.0129752173862686,-0.0067893545884549,-0.0098822859873617,0.003561960846915,0.0050534548554134,-0.0050534548554134
VTC_2025-05-30,VTC,2025-05-30,76.08000183105469,76.25,75.98999786376953,76.25,46100.0,-0.0147305775764216,-0.0148579005582371,-0.0147942390673293,0.0023662456408295,0.0050336491380826,-0.0050336491380826
VTC_2025-06-02,VTC,2025-06-02,75.69999694824219,75.76000213623047,75.55500030517578,75.75,32400.0,-0.0186552972646857,-0.0195444226569904,-0.019099859960838,-0.0065573770491803,0.005088301816937,-0.005088301816937
VTC_2025-06-03,VTC,2025-06-03,75.87999725341797,75.95999908447266,75.74500274658203,75.80999755859375,28100.0,-0.0164764432056521,-0.0218064831149193,-0.0191414631602857,0.0007920469781352,0.0050879644310106,-0.0050879644310106
VTC_2025-06-04,VTC,2025-06-04,76.08999633789062,76.31500244140625,76.02200317382812,76.26000213623047,61600.0,-0.0074189728132197,-0.0197943554642643,-0.013606664138742,0.0059359529366678,0.0051321292422752,-0.0051321292422752
VTC_2025-06-05,VTC,2025-06-05,76.2699966430664,76.27999877929688,76.06400299072266,76.06999969482422,74600.0,-0.0075668860992633,-0.0207260633886002,-0.0141464747439318,-0.0024915084721192,0.005133208805919,-0.005133208805919
VTC_2025-06-06,VTC,2025-06-06,75.83999633789062,75.91000366210938,75.66000366210938,75.66000366210938,57800.0,-0.0113680273234612,-0.0233638509109774,-0.0173659391172193,-0.0053897204464263,0.0051731827655904,-0.0051731827655904
VTC_2025-06-09,VTC,2025-06-09,75.7300033569336,75.94000244140625,75.72599792480469,75.86000061035156,20800.0,-0.0121109557766359,-0.024434175330271,-0.0182725655534534,0.002643364242161,0.0051656670369321,-0.0051656670369321
VTC_2025-06-10,VTC,2025-06-10,76.11000061035156,76.11000061035156,75.9000015258789,76.01000213623047,27500.0,-0.0049744371835858,-0.0223793937462318,-0.0136769154649088,0.0019773467528609,0.0051320651677869,-0.0051320651677869
VTC_2025-06-11,VTC,2025-06-11,76.08999633789062,76.27999877929688,76.08000183105469,76.22000122070312,63500.0,0.0006564664954684,-0.0218172098073754,-0.0105803716559534,0.0027627822466875,0.005131405107752,-0.005131405107752
VTC_2025-06-12,VTC,2025-06-12,76.41999816894531,76.55000305175781,76.36699676513672,76.55000305175781,54500.0,0.0018322128378311,-0.0156872012854505,-0.0069274942238096,0.0043295962446803,0.0051451223782655,-0.0051451223782655
VTC_2025-06-13,VTC,2025-06-13,76.38999938964844,76.41999816894531,76.05999755859375,76.16999816894531,50900.0,-0.0024882456768929,-0.0186808106973503,-0.0105845281871216,-0.0049641393554951,0.0051830434498916,-0.0051830434498916
VTC_2025-06-16,VTC,2025-06-16,76.19000244140625,76.375,76.06999969482422,76.08000183105469,45800.0,-0.0052301452447914,-0.0184492357858852,-0.0118396905153383,-0.001181519496574,0.0051809598860956,-0.0051809598860956
VTC_2025-06-17,VTC,2025-06-17,76.2699966430664,76.34700012207031,76.13999938964844,76.31999969482422,30800.0,-0.003915466470943,-0.0107582866447031,-0.0073368765578231,0.003154545977831,0.005191468230407,-0.005191468230407
VTC_2025-06-18,VTC,2025-06-18,76.44999694824219,76.52100372314453,76.29000091552734,76.37999725341797,30000.0,-0.0071493961988299,-0.0054688252819051,-0.0063091107403675,0.0007861315360804,0.0051661801457264,-0.0051661801457264
VTC_2025-06-20,VTC,2025-06-20,76.27999877929688,76.52999877929688,76.20999908447266,76.45999908447266,61600.0,-0.0054630356913369,-0.0054630356913369,-0.0054630356913369,0.0010474186165423,0.005167695363876,-0.005167695363876
VTC_2025-06-23,VTC,2025-06-23,76.56999969482422,76.76899719238281,76.55999755859375,76.62000274658203,32300.0,-0.0024735687807668,-0.003381822530234,-0.0029276956555004,0.0020926453573797,0.005173700219242,-0.005173700219242
VTC_2025-06-24,VTC,2025-06-24,76.55000305175781,76.97000122070312,76.55000305175781,76.93000030517578,34400.0,0.0056209190219056,0.0109067259881343,0.00826382250502,0.0040459089987121,0.0051728679680257,-0.0051728679680257
VTC_2025-06-25,VTC,2025-06-25,76.79000091552734,76.87999725341797,76.70999908447266,76.86000061035156,57500.0,0.0033942838304144,0.013582998212128,0.0084886410212712,-0.0009099141368326,0.005172079502782,-0.005172079502782
VTC_2025-06-26,VTC,2025-06-26,76.88999938964844,77.11000061035156,76.80999755859375,77.08999633789062,35500.0,0.0100890545878582,0.0134086584351045,0.0117488565114813,0.0029923982007891,0.0051627170248293,-0.0051627170248293
VTC_2025-06-27,VTC,2025-06-27,76.94999694824219,77.18000030517578,76.94000244140625,76.98999786376953,47300.0,0.0089110251203146,0.0146951942506692,0.0118031096854919,-0.0012971653764619,0.0051659123282622,-0.0051659123282622
VTC_2025-06-30,VTC,2025-06-30,77.22000122070312,77.39800262451172,77.13999938964844,77.33000183105469,60700.0,0.0085952215555502,0.0207233322406863,0.0146592768981183,0.0044162095950019,0.0051615685008338,-0.0051615685008338
VTC_2025-07-01,VTC,2025-07-01,77.04000091552734,77.11000061035156,76.9000015258789,77.06999969482422,105400.0,0.0035155811502305,0.0167545724529749,0.0101350768016027,-0.0033622414337776,0.0051765038565645,-0.0051765038565645
VTC_2025-07-02,VTC,2025-07-02,76.8499984741211,77.05999755859375,76.81999969482422,77.05999755859375,85100.0,0.0043007192391884,0.0194470338923176,0.011873876565753,-0.0001297798919174,0.0051750526835962,-0.0051750526835962
VTC_2025-07-03,VTC,2025-07-03,76.94000244140625,76.9800033569336,76.83499908447266,76.87999725341797,52200.0,-0.0001300837080226,0.0137130929027715,0.0067915045973744,-0.0023358462351223,0.005177416291441,-0.005177416291441
VTC_2025-07-07,VTC,2025-07-07,76.80999755859375,76.80999755859375,76.4800033569336,76.55999755859375,64900.0,-0.0048096028222313,0.011227030569274,0.0032087138735213,-0.0041623270845003,0.0052035354230028,-0.0052035354230028
VTC_2025-07-08,VTC,2025-07-08,76.41000366210938,76.41000366210938,76.30500030517578,76.36000061035156,107500.0,-0.0061174177990602,0.0084521840904758,0.0011673831457078,-0.0026122904208444,0.0052111878425087,-0.0052111878425087
VTC_2025-07-09,VTC,2025-07-09,76.51000213623047,76.75499725341797,76.46499633789062,76.75,53500.0,0.0156146660042477,0.0152116607022494,0.0154131633532486,0.0051073780320998,0.0048144645208409,-0.0048144645208409
VTC_2025-07-10,VTC,2025-07-10,76.73999786376953,76.79000091552734,76.6050033569336,76.75,25700.0,0.0267558528428093,0.0172299947559917,0.0219929237994005,0.0,0.0045999762680597,-0.0045999762680597
VTC_2025-07-11,VTC,2025-07-11,76.52999877929688,76.52999877929688,76.37000274658203,76.41999816894531,29300.0,0.007249181526991,0.0164937198554941,0.0118714506912426,-0.004299698124491,0.004243706395187,-0.004243706395187
VTC_2025-07-14,VTC,2025-07-14,76.3499984741211,76.47000122070312,76.30000305175781,76.41999816894531,23800.0,0.0228884902346098,0.0158180879823401,0.019353289108475,0.0,0.0037573755785753,-0.0037573755785753
VTC_2025-07-15,VTC,2025-07-15,76.51000213623047,76.51000213623047,76.13500213623047,76.18000030517578,57700.0,0.0196760974262766,0.0169536321049306,0.0183148647656036,-0.0031405112473171,0.0037830576478241,-0.0037830576478241
VTC_2025-07-16,VTC,2025-07-16,76.30999755859375,76.4000015258789,76.0999984741211,76.30000305175781,35000.0,0.0157082037011702,0.0208724275164116,0.0182903156087909,0.0015752526398176,0.00372851116174,-0.00372851116174
VTC_2025-07-17,VTC,2025-07-17,76.37000274658203,76.4800033569336,76.36000061035156,76.44000244140625,24900.0,0.0132555669093024,0.022061793096413,0.0176586800028577,0.0018348543125676,0.0036988917061251,-0.0036988917061251
VTC_2025-07-18,VTC,2025-07-18,76.69000244140625,76.69000244140625,76.4800033569336,76.5260009765625,40400.0,0.0111786557607724,0.0137237136324013,0.0124511846965869,0.0011250462115326,0.0036813323509496,-0.0036813323509496
VTC_2025-07-21,VTC,2025-07-21,76.81999969482422,76.94999694824219,76.77100372314453,76.79199981689453,40600.0,0.0157672138469879,0.0152300427887595,0.0154986283178737,0.0034759276185554,0.0037009478945212,-0.0037009478945212
VTC_2025-07-22,VTC,2025-07-22,76.95999908447266,76.96399688720703,76.80000305175781,76.9530029296875,47300.0,0.0256298038341598,0.0164179614350274,0.0210238826345936,0.0020966131000217,0.0035704289927182,-0.0035704289927182
VTC_2025-07-23,VTC,2025-07-23,77.0,77.0,76.7750015258789,76.84500122070312,146900.0,0.022282866736184,0.0104536244187163,0.0163682455774502,-0.001403476211098,0.0035726567467319,-0.0035726567467319
VTC_2025-07-24,VTC,2025-07-24,76.56999969482422,76.87000274658203,76.56999969482422,76.75199890136719,45800.0,0.0179309993120391,0.0124258194579858,0.0151784093850124,-0.0012102585445842,0.003561023334736,-0.003561023334736
VTC_2025-07-25,VTC,2025-07-25,76.86000061035156,76.9800033569336,76.76000213623047,76.96499633789062,37100.0,0.0124309357610372,0.0160395556157177,0.0142352456883775,0.0027751386227368,0.0034289416246901,-0.0034289416246901
VTC_2025-07-28,VTC,2025-07-28,76.94000244140625,76.94000244140625,76.80999755859375,76.83100128173828,42700.0,0.0062999714110043,0.0122661361942388,0.0092830538026216,-0.001740986974963,0.0033959877548112,-0.0033959877548112
VTC_2025-07-29,VTC,2025-07-29,76.91999816894531,77.2300033569336,76.91400146484375,77.22000122070312,39700.0,0.0090161041736867,0.0117924728705147,0.0104042885221007,0.0050630596045257,0.0034417258145665,-0.0034417258145665
VTC_2025-07-30,VTC,2025-07-30,77.0999984741211,77.26799774169922,77.0,77.0270004272461,30200.0,0.0049184461038778,0.0101901695376536,0.0075543078207657,-0.002499362735121,0.0034527957008517,-0.0034527957008517
VTC_2025-07-31,VTC,2025-07-31,77.22000122070312,77.23999786376953,77.04000091552734,77.05000305175781,29400.0,0.0069263778351122,0.0118187985271811,0.0093725881811467,0.0002986306669625,0.0034453491034955,-0.0034453491034955
VTC_2025-08-01,VTC,2025-08-01,77.48999786376953,77.48999786376953,77.0260009765625,77.33899688720703,79900.0,0.0184223650358743,0.0138830378193133,0.0161527014275938,0.0037507310058779,0.0033310141149969,-0.0033310141149969
VTC_2025-08-04,VTC,2025-08-04,77.4800033569336,77.4800033569336,77.30999755859375,77.45999908447266,56200.0,0.0229793691986073,0.0181387647240391,0.0205590669613232,0.0015645690031653,0.0033094074337993,-0.0033094074337993
VTC_2025-08-05,VTC,2025-08-05,77.41999816894531,77.47799682617188,77.31999969482422,77.47000122070312,54300.0,0.0237875392535231,0.0206851075528491,0.0222363234031861,0.0001291264697738,0.0033069517881262,-0.0033069517881262
VTC_2025-08-06,VTC,2025-08-06,77.4000015258789,77.48999786376953,77.11000061035156,77.48999786376953,41900.0,0.0229702688286406,0.0196052350495989,0.0212877519391198,0.0002581211146419,0.0033058391727582,-0.0033058391727582
VTC_2025-08-07,VTC,2025-08-07,77.41000366210938,77.58000183105469,77.36000061035156,77.40699768066406,74500.0,0.0197206421596038,0.0122531246894665,0.0159868834245352,-0.0010711083416389,0.0033030436581176,-0.0033030436581176
VTC_2025-08-08,VTC,2025-08-08,77.36000061035156,77.36000061035156,77.18399810791016,77.19599914550781,61000.0,0.0211111204179859,0.0108157178109142,0.01596341911445,-0.0027258328249172,0.0032782087386091,-0.0032782087386091
VTC_2025-08-11,VTC,2025-08-11,77.30999755859375,77.37000274658203,77.19000244140625,77.29299926757812,73900.0,0.0232062262484094,0.0163444597756867,0.019775343012048,0.0012565433849425,0.0032769803068307,-0.0032769803068307
VTC_2025-08-12,VTC,2025-08-12,77.29000091552734,77.38700103759766,77.13400268554688,77.37300109863281,43800.0,0.0244009314063582,0.0163273859196027,0.0203641586629804,0.0010350462760246,0.0032773972093201,-0.0032773972093201
VTC_2025-08-13,VTC,2025-08-13,77.68000030517578,77.74400329589844,77.62000274658203,77.69000244140625,44000.0,0.0281895837961185,0.0225059095672783,0.0253477466816984,0.0040970537302713,0.0033105455368392,-0.0033105455368392
VTC_2025-08-14,VTC,2025-08-14,77.52999877929688,77.55999755859375,77.4000015258789,77.46499633789062,43400.0,0.0294351672809385,0.0242628474297574,0.026849007355348,-0.0028962040989163,0.0032872116710742,-0.0032872116710742
VTC_2025-08-15,VTC,2025-08-15,77.4800033569336,77.5199966430664,77.31500244140625,77.37200164794922,38300.0,0.0206041965394891,0.0163142577083894,0.0184592271239393,-0.001200473689249,0.0031696263037617,-0.0031696263037617
VTC_2025-08-18,VTC,2025-08-18,77.5,77.5,77.2249984741211,77.27400207519531,304200.0,0.0190425980386732,0.0115722305617227,0.0153074143001979,-0.0012666025263222,0.0031759900673253,-0.0031759900673253
VTC_2025-08-19,VTC,2025-08-19,77.41000366210938,77.41000366210938,77.30500030517578,77.38400268554688,51300.0,0.0200896660022877,0.0162048737352762,0.018147269868782,0.0014235138260927,0.0031791048163446,-0.0031791048163446
VTC_2025-08-20,VTC,2025-08-20,77.38999938964844,77.4800033569336,77.30500030517578,77.41000366210938,95800.0,0.0223191021415907,0.0162794475905556,0.0192992748660731,0.0003359993753251,0.0031669868127939,-0.0031669868127939
VTC_2025-08-21,VTC,2025-08-21,77.3499984741211,77.3499984741211,77.0999984741211,77.18699645996094,45400.0,0.0284742614431254,0.0114925819607554,0.0199834217019404,-0.0028808576617803,0.0029704107136514,-0.0029704107136514
VTC_2025-08-22,VTC,2025-08-22,77.30999755859375,77.75,77.30999755859375,77.68000030517578,46800.0,0.0313329875187684,0.0147615572615189,0.0230472723901437,0.0063871360180542,0.0030381060461658,-0.0030381060461658
VTC_2025-08-25,VTC,2025-08-25,77.55999755859375,77.62999725341797,77.5,77.52200317382812,76400.0,0.0285524790874933,0.0107171611250602,0.0196348201062768,-0.0020339486447855,0.0030546465025284,-0.0030546465025284
VTC_2025-08-26,VTC,2025-08-26,77.4800033569336,77.5979995727539,77.41500091552734,77.58000183105469,65000.0,0.0218651699439633,0.0051827095659142,0.0135239397549388,0.0007481573598724,0.0029266763807904,-0.0029266763807904
VTC_2025-08-27,VTC,2025-08-27,77.41000366210938,77.62000274658203,77.36199951171875,77.59400177001953,661000.0,0.0236675283117961,0.0041931557011682,0.0139303420064822,0.0001804580901574,0.0029163551922107,-0.0029163551922107
VTC_2025-08-28,VTC,2025-08-28,77.63999938964844,77.75,77.56999969482422,77.67500305175781,231700.0,0.0210990319885961,0.0078500500756355,0.0144745410321158,0.0010439116412421,0.0028891084951702,-0.0028891084951702
VTC_2025-08-29,VTC,2025-08-29,77.62999725341797,77.62999725341797,77.44999694824219,77.48799896240234,51500.0,0.0162360519659323,0.0012663079664918,0.0087511799662121,-0.0024075195623856,0.0028975798025892,-0.0028975798025892
VTC_2025-09-02,VTC,2025-09-02,76.97000122070312,77.0,76.81500244140625,76.98899841308594,97500.0,0.0163564146942039,-0.0026040163487868,0.0068761991727085,-0.0064397139685917,0.0028931493691314,-0.0028931493691314
VTC_2025-09-03,VTC,2025-09-03,77.16000366210938,77.41100311279297,77.11000061035156,77.37000274658203,73800.0,0.0205778292867315,0.003762336645541,0.0121700829661363,0.004948815302828,0.0029522357198398,-0.0029522357198398
VTC_2025-09-04,VTC,2025-09-04,77.4800033569336,77.7699966430664,77.4800033569336,77.76499938964844,135500.0,0.0197350801371529,0.0121696933009289,0.0159523867190409,0.0051052944170129,0.0029285442258678,-0.0029285442258678
VTC_2025-09-05,VTC,2025-09-05,78.5999984741211,78.5999984741211,78.13999938964844,78.16000366210938,69800.0,0.0274747466237648,0.0196999622461933,0.023587354434979,0.0050794608829318,0.0029666337552214,-0.0029666337552214
VTC_2025-09-08,VTC,2025-09-08,78.5199966430664,78.5199966430664,78.322998046875,78.4000015258789,97600.0,0.0362146144745922,0.0244348984242752,0.0303247564494337,0.0030705968849114,0.0028892058149842,-0.0028892058149842
VTC_2025-09-09,VTC,2025-09-09,78.36000061035156,78.38999938964844,78.1500015258789,78.28800201416016,49800.0,0.0320063456930328,0.0195077624791368,0.0257570540860848,-0.0014285651726905,0.0028875964272328,-0.0028875964272328
VTC_2025-09-10,VTC,2025-09-10,78.43000030517578,78.62999725341797,78.38800048828125,78.47000122070312,44800.0,0.0323641496557738,0.0272287190427251,0.0297964343492495,0.0023247394474321,0.0028907846612447,-0.0028907846612447
VTC_2025-09-11,VTC,2025-09-11,78.61000061035156,78.81999969482422,78.56800079345703,78.75700378417969,127100.0,0.0332852600740638,0.0339635772275639,0.0336244186508138,0.0036574813178522,0.002904197911538,-0.002904197911538
VTC_2025-09-12,VTC,2025-09-12,78.6500015258789,78.66000366210938,78.47000122070312,78.6500015258789,56200.0,0.0274330292671736,0.0293155052534084,0.028374267260291,-0.0013586380024562,0.0028722224955606,-0.0028722224955606
VTC_2025-09-15,VTC,2025-09-15,78.8499984741211,78.87000274658203,78.7750015258789,78.80999755859375,150800.0,0.0346593075109824,0.032084820962011,0.0333720642364967,0.0020342788253118,0.002794367599183,-0.002794367599183
VTC_2025-09-16,VTC,2025-09-16,78.83000183105469,78.87999725341797,78.72899627685547,78.77999877929688,245400.0,0.0354889180239226,0.0300731605832855,0.0327810393036041,-0.0003806468750944,0.0027882022915419,-0.0027882022915419
VTC_2025-09-17,VTC,2025-09-17,78.88999938964844,79.0,78.56999969482422,78.67900085449219,48300.0,0.0309093444588672,0.0268728534860567,0.028891098972462,-0.0012820249602647,0.0027775583413351,-0.0027775583413351
VTC_2025-09-18,VTC,2025-09-18,78.52999877929688,78.58000183105469,78.37999725341797,78.51000213623047,48500.0,0.0278869463132533,0.0205381752864544,0.0242125607998539,-0.0021479520129426,0.0027969941954,-0.0027969941954
VTC_2025-09-19,VTC,2025-09-19,78.44999694824219,78.56500244140625,78.41999816894531,78.54000091552734,431400.0,0.0272037909489994,0.0215921399767684,0.0243979654628839,0.0003821013690055,0.0027959216339495,-0.0027959216339495
VTC_2025-09-22,VTC,2025-09-22,78.48999786376953,78.48999786376953,78.3499984741211,78.36000061035156,54300.0,0.0227094466379036,0.0201797044789047,0.0214445755584041,-0.0022918296801317,0.0028084079108835,-0.0028084079108835
VTC_2025-09-23,VTC,2025-09-23,78.51000213623047,78.51000213623047,78.36499786376953,78.48999786376953,60100.0,0.0202781431483862,0.0260130439708434,0.0231455935596148,0.001658974635087,0.0027737722814118,-0.0027737722814118
VTC_2025-09-24,VTC,2025-09-24,78.4000015258789,78.4000015258789,78.20999908447266,78.24400329589844,52500.0,0.0180068003455164,0.021462204367181,0.0197345023563487,-0.0031340880948684,0.0028037042683314,-0.0028037042683314
VTC_2025-09-25,VTC,2025-09-25,78.19000244140625,78.19000244140625,77.91000366210938,78.10900115966797,104100.0,0.0132183794290374,0.0234407949685182,0.0183295871987778,-0.001725399142985,0.0027932695485254,-0.0027932695485254
VTC_2025-09-26,VTC,2025-09-26,78.1500015258789,78.29499816894531,78.08999633789062,78.21399688720703,40100.0,0.0158981563501705,0.0249508503410882,0.0204245033456293,0.0013442205889233,0.0027900688277266,-0.0027900688277266
VTC_2025-09-29,VTC,2025-09-29,78.30000305175781,78.48999786376953,78.30000305175781,78.41999816894531,61300.0,0.0140953874574059,0.0228117619910639,0.0184535747242349,0.0026338160679264,0.0027560137384934,-0.0027560137384934
VTC_2025-09-30,VTC,2025-09-30,78.55999755859375,78.58000183105469,78.33999633789062,78.37999725341797,62200.0,0.016997503098235,0.0205728403499587,0.0187851717240968,-0.0005100856473009,0.0027193023399083,-0.0027193023399083
VTC_2025-10-01,VTC,2025-10-01,78.37999725341797,78.37999725341797,78.16999816894531,78.33300018310547,239700.0,0.0165196297020873,0.0208913952305598,0.0187055124663235,-0.0005996054090248,0.0027210634279049,-0.0027210634279049
VTC_2025-10-02,VTC,2025-10-02,78.37000274658203,78.4800033569336,78.29000091552734,78.45999908447266,74800.0,0.0205515333962169,0.0204187762685246,0.0204851548323707,0.0016212694658741,0.0027057166387589,-0.0027057166387589
VTC_2025-10-03,VTC,2025-10-03,78.5,78.55000305175781,78.30999755859375,78.33399963378906,123800.0,0.0231713967054087,0.0182503486681882,0.0207108726867984,-0.001605906858958,0.0026560234059364,-0.0026560234059364
VTC_2025-10-06,VTC,2025-10-06,78.18000030517578,78.30999755859375,78.0999984741211,78.16000366210938,59500.0,0.0235725908508412,0.0173109696649402,0.0204417802578907,-0.00222120627688,0.0026493962941275,-0.0026493962941275
VTC_2025-10-07,VTC,2025-10-07,78.19999694824219,78.3280029296875,78.1500015258789,78.26100158691406,89100.0,0.0196873170933429,0.0356093939785226,0.0276483555359328,0.001292194473804,0.0025821934547729,-0.0025821934547729
VTC_2025-10-08,VTC,2025-10-08,78.37000274658203,78.43499755859375,78.19999694824219,78.23500061035156,57100.0,0.0193485421544177,0.0466220817438336,0.0329853119491256,-0.0003322341400604,0.0025831816259298,-0.0025831816259298
VTC_2025-10-09,VTC,2025-10-09,78.12000274658203,78.16999816894531,78.02799987792969,78.0979995727539,47200.0,0.0219576216175634,0.0293659779295611,0.0256617997735623,-0.0017511476516756,0.0025292606323642,-0.0025292606323642
VTC_2025-10-10,VTC,2025-10-10,78.30999755859375,78.36000061035156,78.2300033569336,78.28600311279297,194600.0,0.0244177569819143,0.0478651328087558,0.0361414448953351,0.0024072772806928,0.0025420704396056,-0.0025420704396056
VTC_2025-10-13,VTC,2025-10-13,78.33000183105469,78.54900360107422,78.20999908447266,78.50299835205078,33000.0,0.0304935421051339,0.0507696334367435,0.0406315877709387,0.0027718267714493,0.0025188018770072,-0.0025188018770072
VTC_2025-10-14,VTC,2025-10-14,78.45999908447266,78.69999694824219,78.3499984741211,78.66000366210938,410700.0,0.0309305441147973,0.0471246111035108,0.039027577609154,0.0019999912532575,0.0025223466096533,-0.0025223466096533
VTC_2025-10-15,VTC,2025-10-15,78.83999633789062,78.93000030517578,78.63999938964844,78.70600128173828,63600.0,0.0296441492406935,0.0432926661537254,0.0364684076972094,0.0005847650328938,0.0025164807359997,-0.0025164807359997
VTC_2025-10-16,VTC,2025-10-16,78.62999725341797,78.89900207519531,78.62999725341797,78.8499984741211,88400.0,0.0303687304694042,0.0418868678139858,0.036127799141695,0.0018295579757299,0.0025210137375531,-0.0025210137375531
VTC_2025-10-17,VTC,2025-10-17,78.86000061035156,78.86000061035156,78.72000122070312,78.81999969482422,100300.0,0.0264089994109453,0.0425926095991309,0.0345008045050381,-0.0003804537714318,0.0024937204166276,-0.0024937204166276
VTC_2025-10-20,VTC,2025-10-20,78.91999816894531,78.9800033569336,78.89299774169922,78.96499633789062,45100.0,0.0261457426169775,0.0524456567055087,0.0392956996612431,0.0018395920277569,0.0024911369959705,-0.0024911369959705
VTC_2025-10-21,VTC,2025-10-21,79.1500015258789,79.1500015258789,78.99500274658203,79.00299835205078,46600.0,0.0280824659648293,0.0509910905477311,0.0395367782562802,0.0004812513888754,0.002480266394894,-0.002480266394894
VTC_2025-10-22,VTC,2025-10-22,79.06999969482422,79.06999969482422,78.88999938964844,79.01699829101562,170200.0,0.0295106241149387,0.0479707784076806,0.0387407012613096,0.0001772076915671,0.0024714965363434,-0.0024714965363434
VTC_2025-10-23,VTC,2025-10-23,78.9000015258789,79.04000091552734,78.9000015258789,78.947998046875,29000.0,0.0257649815284681,0.03851620011977,0.0321405908241191,-0.0008732329199155,0.002459200472466,-0.002459200472466
VTC_2025-10-24,VTC,2025-10-24,79.06999969482422,79.1500015258789,78.9800033569336,79.0739974975586,60200.0,0.0291938954120261,0.035677787529502,0.032435841470764,0.0015959803136336,0.0024481048315272,-0.0024481048315272
VTC_2025-10-27,VTC,2025-10-27,79.0,79.16000366210938,78.96299743652344,79.1500015258789,84500.0,0.0249935285504545,0.03423497698122,0.0296142527658372,0.0009611759962262,0.0023772234796574,-0.0023772234796574
VTC_2025-10-28,VTC,2025-10-28,79.2300033569336,79.2300033569336,79.02999877929688,79.16000366210938,44800.0,0.0276916305066035,0.0327462764026564,0.0302189534546299,0.0001263693750808,0.0023485095716658,-0.0023485095716658
VTC_2025-10-29,VTC,2025-10-29,79.23999786376953,79.23999786376953,78.75,78.77799987792969,72700.0,0.0224269533774204,0.0295086687653152,0.0259678110713678,-0.0048257171110078,0.0024403024419988,-0.0024403024419988
VTC_2025-10-30,VTC,2025-10-30,78.5,78.66999816894531,78.41000366210938,78.51399993896484,68200.0,0.0151928923188835,0.0338951463630072,0.0245440193409454,-0.0033511886487842,0.0024449406449815,-0.0024449406449815
VTC_2025-10-31,VTC,2025-10-31,78.62000274658203,78.62000274658203,78.2699966430664,78.29000091552734,58800.0,0.0107152316145724,0.0339408300764993,0.0223280308455359,-0.0028529819345802,0.0024696293402452,-0.0024696293402452
VTC_2025-11-03,VTC,2025-11-03,77.93000030517578,77.93000030517578,77.73999786376953,77.79299926757812,257400.0,0.0041693306026266,0.0280560479715206,0.0161126892870736,-0.00634821359225,0.0026026976055994,-0.0026026976055994
VTC_2025-11-04,VTC,2025-11-04,77.77999877929688,78.05000305175781,77.77999877929688,77.93000030517578,69100.0,0.0056781836822319,0.028778881916512,0.0172285327993719,0.0017610972566621,0.0026113295149383,-0.0026113295149383
VTC_2025-11-05,VTC,2025-11-05,78.0,78.0,77.69999694824219,77.72200012207031,71100.0,0.0040694310701181,0.0238703250236489,0.0139698780468835,-0.0026690643178614,0.0026305116125175,-0.0026305116125175
VTC_2025-11-06,VTC,2025-11-06,77.95999908447266,78.04000091552734,77.91000366210938,78.0199966430664,77400.0,0.0106740958945998,0.0320105584363696,0.0213423271654847,0.0038341334567826,0.0026479193294414,-0.0026479193294414
VTC_2025-11-07,VTC,2025-11-07,77.94999694824219,77.98999786376953,77.83000183105469,77.93000030517578,100800.0,0.0082413807671306,0.0316388583622213,0.019940119564676,-0.001153503483246,0.0026494067298035,-0.0026494067298035
VTC_2025-11-10,VTC,2025-11-10,78.01000213623047,78.0199966430664,77.91000366210938,77.94000244140625,72200.0,0.0073281549729555,0.0319079001861439,0.0196180275795497,0.0001283476991056,0.0026468931986667,-0.0026468931986667
VTC_2025-11-11,VTC,2025-11-11,78.0999984741211,78.24600219726562,78.05999755859375,78.21499633789062,32900.0,0.006757547689361,0.0351376239423251,0.0209475858158431,0.0035282767240238,0.0026340457743692,-0.0026340457743692
VTC_2025-11-12,VTC,2025-11-12,78.16000366210938,78.18000030517578,78.08499908447266,78.11000061035156,80900.0,0.0083263964752224,0.0380066526292566,0.0231665245522395,-0.0013423989318555,0.0026126278341048,-0.0026126278341048
VTC_2025-11-13,VTC,2025-11-13,77.9800033569336,78.0,77.83499908447266,77.83999633789062,44200.0,0.0060486310289713,0.0267774547509764,0.0164130428899739,-0.0034567183504177,0.0026464741628,-0.0026464741628
VTC_2025-11-14,VTC,2025-11-14,78.0,78.0,77.68800354003906,77.68800354003906,53800.0,0.0053575776292895,0.0245021978652184,0.014929887747254,-0.0019526311022907,0.0026535863313832,-0.0026535863313832
VTC_2025-11-17,VTC,2025-11-17,77.66000366210938,77.87000274658203,77.66000366210938,77.72000122070312,98700.0,0.0043419637586026,0.0245188583625948,0.0144304110605987,0.0004118741530996,0.0026484319465094,-0.0026484319465094
VTC_2025-11-18,VTC,2025-11-18,77.87999725341797,77.87999725341797,77.68299865722656,77.7699966430664,70400.0,0.0046504710493024,0.0270733675292489,0.0158619192892757,0.000643276139707,0.0026492083845504,-0.0026492083845504
VTC_2025-11-19,VTC,2025-11-19,77.91999816894531,77.94000244140625,77.72000122070312,77.74199676513672,56100.0,0.0071903342613373,0.0358693351620837,0.0215298347117105,-0.0003600344495088,0.0026227159355451,-0.0026227159355451
VTC_2025-11-20,VTC,2025-11-20,77.88999938964844,78.01799774169922,77.77999877929688,77.86000061035156,59100.0,0.0023172026836846,0.0337227950852194,0.018019998884452,0.0015178905884207,0.0025040234683651,-0.0025040234683651
VTC_2025-11-21,VTC,2025-11-21,78.08000183105469,78.08000183105469,77.90499877929688,78.06999969482422,48300.0,0.0070689159020738,0.0358232300630323,0.021446072982553,0.0026971369487085,0.0025117586522054,-0.0025117586522054
VTC_2025-11-24,VTC,2025-11-24,78.25,78.37999725341797,78.13300323486328,78.31999969482422,47000.0,0.0095385131000771,0.0316122442539865,0.0205753786770318,0.0032022543996061,0.0025406018827524,-0.0025406018827524
VTC_2025-11-25,VTC,2025-11-25,78.30999755859375,78.60800170898438,78.30999755859375,78.51000213623047,86600.0,0.0118050409221819,0.0357519653742257,0.0237785031482038,0.0024259760233222,0.0025566815867444,-0.0025566815867444
VTC_2025-11-26,VTC,2025-11-26,78.54000091552734,78.69999694824219,78.40599822998047,78.68000030517578,39600.0,0.0129384900409763,0.034310511644831,0.0236245008429036,0.0021653058759358,0.0025666102641731,-0.0025666102641731
VTC_2025-11-28,VTC,2025-11-28,78.63999938964844,78.66999816894531,78.48999786376953,78.58999633789062,56500.0,0.0142215232067481,0.0306884765624999,0.022454999884624,-0.0011439243382823,0.0025507348873486,-0.0025507348873486
VTC_2025-12-01,VTC,2025-12-01,77.94000244140625,77.9800033569336,77.83300018310547,77.94499969482422,262600.0,0.0124173752281961,0.0289768936610457,0.0206971344446209,-0.0082071087049463,0.0026336172441695,-0.0026336172441695
VTC_2025-12-02,VTC,2025-12-02,77.9000015258789,78.05999755859375,77.9000015258789,78.0,59700.0,0.0081426551771164,0.0288880426320234,0.0185153489045699,0.0007056296797884,0.0025635193261663,-0.0025635193261663
VTC_2025-12-03,VTC,2025-12-03,78.16000366210938,78.21900177001953,78.0,78.16000366210938,77300.0,0.0050794608829318,0.0249147845876629,0.0149971227352974,0.0020513290014021,0.0024959421394867,-0.0024959421394867
VTC_2025-12-04,VTC,2025-12-04,78.04000091552734,78.06500244140625,77.94999694824219,78.04000091552734,31600.0,-0.0015353472487131,0.0258972160984136,0.0121809344248502,-0.0015353472487131,0.0024203755985268,-0.0024203755985268
VTC_2025-12-05,VTC,2025-12-05,78.12999725341797,78.12999725341797,77.87000274658203,77.9520034790039,76700.0,-0.0057142606907618,0.0302934140359072,0.0122895766725726,-0.0011275939965542,0.0023914906943383,-0.0023914906943383
VTC_2025-12-08,VTC,2025-12-08,77.94000244140625,77.9800033569336,77.69000244140625,77.83000183105469,90700.0,-0.0058501963432739,0.0259689059432237,0.0100593547999748,-0.0015650867521587,0.0023927863905444,-0.0023927863905444
VTC_2025-12-09,VTC,2025-12-09,77.9800033569336,77.9800033569336,77.69000244140625,77.75399780273438,57200.0,-0.0091245495964111,0.022944291770683,0.0069098710871359,-0.0009765389506901,0.0023751279088367,-0.0023751279088367
VTC_2025-12-10,VTC,2025-12-10,77.75,78.05999755859375,77.73500061035156,78.05999755859375,45200.0,-0.0088500856063031,0.024140597066677,0.0076452557301869,0.0039354858207512,0.0023825488511192,-0.0023825488511192
VTC_2025-12-11,VTC,2025-12-11,78.19000244140625,78.23999786376953,77.94999694824219,77.97000122070312,108100.0,-0.0086459032674275,0.0185499426823694,0.0049520197074709,-0.001152912384132,0.0023809897633112,-0.0023809897633112
VTC_2025-12-12,VTC,2025-12-12,77.86000061035156,77.86000061035156,77.55000305175781,77.62999725341797,93100.0,-0.0149727235341997,0.0191676397475337,0.002097458106667,-0.0043607023465696,0.0024229621350756,-0.0024229621350756
VTC_2025-12-15,VTC,2025-12-15,77.80999755859375,77.90799713134766,77.62000274658203,77.68000030517578,943200.0,-0.0139629156025091,0.021030473654221,0.0035337790258559,0.0006441202309279,0.0024254176363299,-0.0024254176363299
VTC_2025-12-16,VTC,2025-12-16,77.51000213623047,77.83999633789062,77.5,77.80999755859375,347000.0,-0.0110449203276685,0.0195230328842699,0.0042390562783006,0.001673497076561,0.0024331206985171,-0.0024331206985171
VTC_2025-12-17,VTC,2025-12-17,77.79000091552734,77.83599853515625,77.72000122070312,77.77999877929688,49800.0,-0.0092982210810145,0.0183294262401436,0.0045156025795645,-0.0003855388798115,0.0024201487277485,-0.0024201487277485
VTC_2025-12-18,VTC,2025-12-18,77.69999694824219,77.75,77.58999633789062,77.69999694824219,36600.0,-0.0106952375540282,0.0162176023884017,0.0027611824171867,-0.0010285655992576,0.0024217149798242,-0.0024217149798242
VTC_2025-12-19,VTC,2025-12-19,77.58999633789062,77.68000030517578,77.54499816894531,77.56999969482422,72800.0,-0.0100816859287132,0.0123988112005721,0.0011585626359294,-0.0016730663902672,0.0024142047070464,-0.0024142047070464
VTC_2025-12-22,VTC,2025-12-22,77.5999984741211,77.5999984741211,77.48799896240234,77.5459976196289,76400.0,-0.0120270132479691,0.0080072444041272,-0.0020098844219209,-0.0003094247168975,0.0024030224360632,-0.0024030224360632
VTC_2025-12-23,VTC,2025-12-23,77.4800033569336,77.62999725341797,77.41000366210938,77.5999984741211,46700.0,-0.0082307243322135,0.0096278670035538,0.0006985713356701,0.0006963719102186,0.0023756119983177,-0.0023756119983177
VTC_2025-12-24,VTC,2025-12-24,77.69999694824219,77.83000183105469,77.63999938964844,77.83000183105469,51000.0,-0.0035719228830357,0.0095992415140424,0.0030136593155033,0.0029639608435081,0.0023981250148347,-0.0023981250148347
VTC_2025-12-26,VTC,2025-12-26,77.87000274658203,77.93000030517578,77.7300033569336,77.86699676513672,66900.0,-0.0044365476242151,0.0113910757981705,0.0034772640869776,0.0004753299911559,0.0023924460160487,-0.0023924460160487
VTC_2025-12-29,VTC,2025-12-29,77.86000061035156,77.93000030517578,77.83000183105469,77.93000030517578,52900.0,-0.0062483789238798,0.0077589352116134,0.0007552781438667,0.0008091173752224,0.0023701539405726,-0.0023701539405726
VTC_2025-12-30,VTC,2025-12-30,77.80999755859375,77.94999694824219,77.79499816894531,77.88999938964844,44800.0,-0.0062515677588667,0.010639674297018,0.0021940532690756,-0.0005132928958129,0.0023701629969481,-0.0023701629969481
VTC_2025-12-31,VTC,2025-12-31,77.79000091552734,77.87000274658203,77.63999938964844,77.63999938964844,31100.0,-0.0088468562653941,0.0075266266471611,-0.0006601148091164,-0.0032096546663117,0.002401695574403,-0.002401695574403
VTC_2026-01-02,VTC,2026-01-02,77.80000305175781,77.90399932861328,77.53199768066406,77.5999984741211,134800.0,-0.010961007142323,0.0093652607495522,-0.0007978731963854,-0.0005152101473699,0.0023915130090417,-0.0023915130090417
VTC_2026-01-05,VTC,2026-01-05,77.62999725341797,77.83999633789062,77.62999725341797,77.79000091552734,193400.0,-0.0069446054178888,0.0160658750804194,0.0045606348312652,0.0024484851178137,0.0024068101282954,-0.0024068101282954
VTC_2026-01-06,VTC,2026-01-06,77.66999816894531,77.8499984741211,77.62999725341797,77.83000183105469,124800.0,-0.0042221317245749,0.0192509325426046,0.0075144004090148,0.0005142166738214,0.0023927005104191,-0.0023927005104191
VTC_2026-01-07,VTC,2026-01-07,78.0199966430664,78.02999877929688,77.86000061035156,77.87000274658203,473000.0,-0.0049960878650116,0.0145928696623065,0.0047983908986474,0.0005139523909323,0.0023875875388504,-0.0023875875388504
VTC_2026-01-08,VTC,2026-01-08,77.68000030517578,77.7699966430664,77.67500305175781,77.69000244140625,53100.0,-0.0069661681433309,0.0122475888131108,0.0026407103348899,-0.0023115487200067,0.0024039708806483,-0.0024039708806483
VTC_2026-01-09,VTC,2026-01-09,77.72000122070312,77.92900085449219,77.66999816894531,77.87999725341797,88200.0,-0.002791394408673,0.0191049348266794,0.0081567702090031,0.0024455503416287,0.0024158239602283,-0.0024158239602283
VTC_2026-01-12,VTC,2026-01-12,77.76000213623047,77.91699981689453,77.72000122070312,77.80999755859375,114400.0,-0.0060803404858132,0.0181889482197512,0.0060543038669689,-0.0008988148085886,0.0023976122718733,-0.0023976122718733
VTC_2026-01-13,VTC,2026-01-13,77.91999816894531,77.99400329589844,77.86299896240234,77.97000122070312,40900.0,-0.0067895130445515,0.0234969927586849,0.0083537398570667,0.0020563380944573,0.0023854825472804,-0.0023854825472804
VTC_2026-01-14,VTC,2026-01-14,78.02999877929688,78.1500015258789,77.99199676513672,78.12999725341797,454700.0,-0.006737940300233,0.0239841956548649,0.0086231276773159,0.002052020395151,0.0023862320577631,-0.0023862320577631
VTC_2026-01-15,VTC,2026-01-15,78.20999908447266,78.20999908447266,78.05000305175781,78.05999755859375,503200.0,-0.0082078076973073,0.0211930280670684,0.0064926101848805,-0.0008959387851655,0.0023866256922765,-0.0023866256922765
VTC_2026-01-16,VTC,2026-01-16,78.0199966430664,78.09300231933594,77.83999633789062,77.91000366210938,185000.0,-0.0119213041243143,0.0180853914732948,0.0030820436744902,-0.0019215206402202,0.0023837900180824,-0.0023837900180824
VTC_2026-01-20,VTC,2026-01-20,77.55999755859375,77.6500015258789,77.44200134277344,77.51699829101562,96700.0,-0.0165313550983704,0.0094410677655198,-0.0035451436664252,-0.0050443505663045,0.002461045778232,-0.002461045778232
VTC_2026-01-21,VTC,2026-01-21,77.66000366210938,77.91000366210938,77.58000183105469,77.8499984741211,106100.0,-0.0141201534284692,0.0116564072912552,-0.001231873068607,0.0042958343388803,0.0025137608023245,-0.0025137608023245
VTC_2026-01-22,VTC,2026-01-22,77.88999938964844,78.02999877929688,77.80000305175781,77.98500061035156,52000.0,-0.0128855583070764,0.0148350494051563,0.0009747455490399,0.0017341315205721,0.0025243524687847,-0.0025243524687847
VTC_2026-01-23,VTC,2026-01-23,78.04000091552734,78.04000091552734,77.83999633789062,78.0270004272461,62500.0,-0.0125289227024724,0.0166119650840284,0.0020415211907779,0.0005385627565022,0.0025256398184635,-0.0025256398184635
VTC_2026-01-26,VTC,2026-01-26,78.16000366210938,78.17500305175781,78.05999755859375,78.08399963378906,97700.0,-0.0109438926186948,0.0145391197186031,0.0017976135499541,0.0007305061867155,0.0025267955676563,-0.0025267955676563
VTC_2026-01-27,VTC,2026-01-27,78.01000213623047,78.11399841308594,77.9800033569336,78.01000213623047,69300.0,-0.0134556920732504,0.0153453792716928,0.0009448435992212,-0.0009476653079457,0.0025184059295328,-0.0025184059295328
VTC_2026-01-28,VTC,2026-01-28,78.0,78.01499938964844,77.83999633789062,77.9209976196289,93600.0,-0.0155275285225126,0.0090779123004964,-0.003224808111008,-0.0011409372409211,0.0025165381072214,-0.0025165381072214
VTC_2026-01-29,VTC,2026-01-29,77.86000061035156,77.98500061035156,77.80000305175781,77.95999908447266,46200.0,-0.0151592284249869,0.0121126183293065,-0.0015233050478402,0.0005005257380577,0.0025178704198765,-0.0025178704198765
VTC_2026-01-30,VTC,2026-01-30,78.01000213623047,78.0250015258789,77.9000015258789,77.96900177001953,52100.0,-0.0102693405413153,0.0119273028145681,0.0008289811366263,0.000115478266452,0.002448708839755,-0.002448708839755
VTC_2026-02-02,VTC,2026-02-02,77.73999786376953,77.73999786376953,77.5199966430664,77.53600311279297,72400.0,-0.0124563367925739,0.0025473077427324,-0.0049545145249207,-0.0055534718592877,0.0025099410088569,-0.0025099410088569
VTC_2026-02-03,VTC,2026-02-03,77.55999755859375,77.56900024414062,77.44000244140625,77.54000091552734,51500.0,-0.0095797674189482,0.0010328147689162,-0.004273476325016,5.1560598610667085e-05,0.0024869164650503,-0.0024869164650503
VTC_2026-02-04,VTC,2026-02-04,77.54000091552734,77.54000091552734,77.41799926757812,77.50499725341797,86500.0,-0.0037021585087565,0.0004517365711036,-0.0016252109688264,-0.0004514271562559,0.0023574611897269,-0.0023574611897269
VTC_2026-02-05,VTC,2026-02-05,77.75,77.83999633789062,77.59300231933594,77.83000183105469,297800.0,-0.0012831832892274,0.0043877142425903,0.0015522654766814,0.0041933370641127,0.0024070944000458,-0.0024070944000458
VTC_2026-02-06,VTC,2026-02-06,77.86000061035156,77.86000061035156,77.72000122070312,77.8499984741211,55800.0,0.0016468741392365,0.0057230070501455,0.003684940594691,0.0002569271822685,0.0023832181797407,-0.0023832181797407
VTC_2026-02-09,VTC,2026-02-09,77.75,77.88999938964844,77.70999908447266,77.83899688720703,128000.0,-0.0023199149403636,0.0083294179596953,0.0030047515096658,-0.0001413177537533,0.0023329395947341,-0.0023329395947341
VTC_2026-02-10,VTC,2026-02-10,78.0999984741211,78.11000061035156,77.95999908447266,78.0,185500.0,0.0008982380925202,0.0091470215817908,0.0050226298371555,0.0020684119686982,0.00234329829735,-0.00234329829735
VTC_2026-02-11,VTC,2026-02-11,77.86000061035156,78.05000305175781,77.86000061035156,77.94000244140625,77100.0,0.0,0.0073281549729555,0.0036640774864777,-0.0007691994691506,0.0023453377050578,-0.0023453377050578
VTC_2026-02-12,VTC,2026-02-12,78.12000274658203,78.29000091552734,78.0999984741211,78.22000122070312,108700.0,6.398878791569196e-05,0.0068219688845627,0.0034429788362392,0.0035924912820906,0.0023469080497478,-0.0023469080497478
VTC_2026-02-13,VTC,2026-02-13,78.41000366210938,78.44000244140625,78.36000061035156,78.41999816894531,78900.0,0.0039687307152915,0.0123281724159529,0.0081484515656222,0.0025568517658018,0.0023622011198798,-0.0023622011198798
VTC_2026-02-17,VTC,2026-02-17,78.37999725341797,78.5199966430664,78.33999633789062,78.51000213623047,86200.0,0.008607474689894,0.0147081691573558,0.0116578219236249,0.0011477170286493,0.0023223568468036,-0.0023223568468036
VTC_2026-02-18,VTC,2026-02-18,78.5199966430664,78.52999877929688,78.40499877929688,78.44000244140625,80500.0,0.0096797300368212,0.0150891675712137,0.0123844488040174,-0.0008916022534651,0.0023107641930395,-0.0023107641930395
VTC_2026-02-19,VTC,2026-02-19,78.37000274658203,78.51000213623047,78.3499984741211,78.48799896240234,85600.0,0.0098815971389181,0.0142664664341751,0.0120740317865466,0.0006118883159387,0.0023112593941228,-0.0023112593941228
VTC_2026-02-20,VTC,2026-02-20,78.45999908447266,78.51000213623047,78.37999725341797,78.44999694824219,61400.0,0.0087437358175122,0.0134348693570967,0.0110893025873044,-0.0004841761117946,0.0023118118650058,-0.0023118118650058
VTC_2026-02-23,VTC,2026-02-23,78.4800033569336,78.59100341796875,78.45999908447266,78.55000305175781,62000.0,0.0103934336683186,0.0176585001918543,0.0140259669300865,0.0012747751103368,0.0023152716758932,-0.0023152716758932
VTC_2026-02-24,VTC,2026-02-24,78.51000213623047,78.54000091552734,78.41500091552734,78.48999786376953,52800.0,0.0080914108461258,0.0104273629687381,0.0092593869074319,-0.0007639107021898,0.0023116394631732,-0.0023116394631732
VTC_2026-02-25,VTC,2026-02-25,78.5,78.55999755859375,78.45999908447266,78.48999786376953,132900.0,0.0053797639373265,0.0124867089382463,0.0089332364377864,0.0,0.0022881963233742,-0.0022881963233742
VTC_2026-02-26,VTC,2026-02-26,78.45999908447266,78.54000091552734,78.43000030517578,78.5260009765625,49600.0,0.0026302513092564,0.0121938530959035,0.00741205220258,0.0004586968247273,0.0022538146939178,-0.0022538146939178
VTC_2026-02-27,VTC,2026-02-27,78.58000183105469,78.66400146484375,78.54000091552734,78.5530014038086,125300.0,0.0005476915858888,0.0123591980296549,0.0064534448077718,0.0003438405994231,0.0022334997518989,-0.0022334997518989
VTC_2026-03-02,VTC,2026-03-02,78.04000091552734,78.30000305175781,77.87000274658203,77.98999786376953,165500.0,-0.0087697310463896,0.0040552919167808,-0.0023572195648043,-0.0071671805020522,0.0023921709384439,-0.0023921709384439
VTC_2026-03-03,VTC,2026-03-03,77.75,78.08799743652344,77.58000183105469,77.97000122070312,116700.0,-0.0078889826450925,0.0062203472118909,-0.0008343177166008,-0.0002564000976296,0.0023887562644343,-0.0023887562644343
VTC_2026-03-04,VTC,2026-03-04,78.04000091552734,78.0999984741211,77.93000030517578,77.97000122070312,89500.0,0.0003207585602256,0.0127421167678218,0.0065314376640237,0.0,0.0021529169565747,-0.0021529169565747
VTC_2026-03-05,VTC,2026-03-05,77.69999694824219,77.75,77.56999969482422,77.72000122070312,80200.0,-0.0035897279397035,0.0045236973206201,0.0004669846904583,-0.0032063613708603,0.0021885729795023,-0.0021885729795023
VTC_2026-03-06,VTC,2026-03-06,77.5,77.70500183105469,77.3499984741211,77.5199966430664,64200.0,-0.0081884210472885,-0.0031505529287594,-0.0056694869880239,-0.0025733990542378,0.0021943461067601,-0.0021943461067601
VTC_2026-03-09,VTC,2026-03-09,77.43000030517578,77.9000015258789,77.3949966430664,77.88999938964844,106500.0,-0.0019221107652378,-0.0034545069064758,-0.0026883088358568,0.0047729974536205,0.002271665286007,-0.002271665286007
VTC_2026-03-10,VTC,2026-03-10,77.62999725341797,77.80999755859375,77.44999694824219,77.47799682617188,101800.0,-0.0060807500984846,-0.0117602637979884,-0.0089205069482365,-0.0052895438015797,0.0023628458979368,-0.0023628458979368
VTC_2026-03-11,VTC,2026-03-11,77.37999725341797,77.37999725341797,76.87200164794922,76.94999694824219,369300.0,-0.011306756547722,-0.0170908061451863,-0.0141987813464541,-0.0068148364640131,0.0025039194568021,-0.0025039194568021
VTC_2026-03-12,VTC,2026-03-12,76.7300033569336,76.83300018310547,76.45999908447266,76.58000183105469,85200.0,-0.0150988502823761,-0.0240856296705369,-0.0195922399764565,-0.0048082538253557,0.0025693265136433,-0.0025693265136433
VTC_2026-03-13,VTC,2026-03-13,76.69999694824219,76.81199645996094,76.27999877929688,76.3499984741211,49300.0,-0.0219062149366464,-0.0305624286654503,-0.0262343218010484,-0.0030034389061652,0.0025360360475755,-0.0025360360475755
VTC_2026-03-16,VTC,2026-03-16,76.55999755859375,76.83000183105469,76.55999755859375,76.63999938964844,385900.0,-0.0170578659770693,-0.0255562885853104,-0.0213070772811899,0.003798309382097,0.0025869088829581,-0.0025869088829581
VTC_2026-03-17,VTC,2026-03-17,76.86000061035156,77.03399658203125,76.86000061035156,77.01000213623047,337900.0,-0.0079865405013936,-0.0228396837726713,-0.0154131121370325,0.0048278020554368,0.002611448929719,-0.002611448929719
VTC_2026-03-18,VTC,2026-03-18,76.88999938964844,77.01699829101562,76.63999938964844,76.6500015258789,50400.0,-0.0132595104949844,-0.0270372846715215,-0.0201483975832529,-0.0046747253650859,0.0026715050828596,-0.0026715050828596
VTC_2026-03-19,VTC,2026-03-19,76.4749984741211,77.01000213623047,76.47100067138672,76.94000244140625,28600.0,-0.0111810197209216,-0.0221024465765905,-0.0166417331487561,0.0037834430496317,0.0027084473321485,-0.0027084473321485
VTC_2026-03-20,VTC,2026-03-20,76.6500015258789,76.72000122070312,76.11000061035156,76.15899658203125,159500.0,-0.0208408616958875,-0.0299452998373348,-0.0253930807666111,-0.0101508426643185,0.0029859213360916,-0.0029859213360916
VTC_2026-03-23,VTC,2026-03-23,76.30999755859375,76.76000213623047,76.2760009765625,76.56999969482422,285500.0,-0.0145430797657648,-0.0250827756269309,-0.0198129276963479,0.0053966455867138,0.0030702114635611,-0.0030702114635611
VTC_2026-03-24,VTC,2026-03-24,76.30999755859375,76.56999969482422,76.23999786376953,76.41000366210938,70800.0,-0.0149541837988719,-0.0248851063432047,-0.0199196450710383,-0.0020895394195183,0.0030738196657505,-0.0030738196657505
VTC_2026-03-25,VTC,2026-03-25,76.87999725341797,76.87999725341797,76.62000274658203,76.63999938964844,35400.0,-0.0116833654578084,-0.0235698627146356,-0.017626614086222,0.0030100211558177,0.003100845385918,-0.003100845385918
VTC_2026-03-26,VTC,2026-03-26,76.41000366210938,76.54000091552734,76.11000061035156,76.18000030517578,114300.0,-0.0182989458359186,-0.0263790565893865,-0.0223390012126525,-0.0060020757846559,0.0031839755653314,-0.0031839755653314
VTC_2026-03-27,VTC,2026-03-27,76.0,76.16999816894531,75.87699890136719,76.01000213623047,48800.0,-0.0233842946422497,-0.0268726906281491,-0.0251284926351994,-0.0022315327942281,0.0031656164175207,-0.0031656164175207
VTC_2026-03-30,VTC,2026-03-30,76.4800033569336,76.55999755859375,76.3499984741211,76.40899658203125,39100.0,-0.0187242380427629,-0.0230777146931742,-0.0209009763679685,0.005249236081926,0.0032423977893151,-0.0032423977893151
VTC_2026-03-31,VTC,2026-03-31,76.62000274658203,76.91500091552734,76.62000274658203,76.83000183105469,50000.0,-0.0141152119827213,-0.0202753937135422,-0.0171953028481318,0.005509891084245,0.0033213385405958,-0.0033213385405958
VTC_2026-04-01,VTC,2026-04-01,76.5199966430664,76.69400024414062,76.45999908447266,76.552001953125,60500.0,-0.0171780388626021,-0.0233222169475548,-0.0202501279050785,-0.0036183765625958,0.0033486846429952,-0.0033486846429952
VTC_2026-04-02,VTC,2026-04-02,76.41000366210938,76.87000274658203,76.41000366210938,76.8280029296875,146500.0,-0.0104584810193751,-0.0192128126064365,-0.0148356468129058,0.0036054050778646,0.0033622225244108,-0.0033622225244108
VTC_2026-04-06,VTC,2026-04-06,76.69000244140625,76.90499877929688,76.68000030517578,76.69999694824219,75300.0,-0.011597958035773,-0.0224318398772295,-0.0170148989565012,-0.0016661370407149,0.0033672994841848,-0.0033672994841848
VTC_2026-04-07,VTC,2026-04-07,76.58000183105469,76.83999633789062,76.37999725341797,76.83999633789062,66600.0,-0.0122124253304526,-0.019072220273226,-0.0156423228018393,0.0018252854656943,0.0033603628170838,-0.0033603628170838
VTC_2026-04-08,VTC,2026-04-08,77.30000305175781,77.33999633789062,76.94499969482422,77.0469970703125,65100.0,-0.0100604489569697,-0.0142401041408399,-0.0121502765489048,0.0026939190823438,0.0033788948009237,-0.0033788948009237
VTC_2026-04-09,VTC,2026-04-09,77.11000061035156,77.20999908447266,76.86000061035156,77.06199645996094,77300.0,-0.0103763485054784,-0.0153205952216385,-0.0128484718635584,0.0001946784458679,0.0033781148442508,-0.0033781148442508
VTC_2026-04-10,VTC,2026-04-10,77.0999984741211,77.11000061035156,76.9000015258789,76.90599822998047,43100.0,-0.0100914427440914,-0.0169873122004583,-0.0135393774722749,-0.0020243211588933,0.0033753568372929,-0.0033753568372929
VTC_2026-04-13,VTC,2026-04-13,76.94999694824219,77.1729965209961,76.88999938964844,77.1729965209961,37100.0,-0.0090780785484791,-0.0118441324594505,-0.0104611055039648,0.0034717485912763,0.0033905527629104,-0.0033905527629104
VTC_2026-04-14,VTC,2026-04-14,77.2300033569336,77.44000244140625,77.19999694824219,77.38500213623047,62700.0,-0.0054619642166579,-0.0115090941003126,-0.0084855291584852,0.0027471476396112,0.0034084446561143,-0.0034084446561143
VTC_2026-04-15,VTC,2026-04-15,77.31999969482422,77.36000061035156,77.23999786376953,77.33999633789062,184900.0,-0.0080800932788137,-0.0148147464246475,-0.0114474198517306,-0.0005815829566123,0.0033979488823997,-0.0033979488823997
VTC_2026-04-16,VTC,2026-04-16,77.37000274658203,77.37000274658203,77.04000091552734,77.09200286865234,62900.0,-0.0132854783214549,-0.019933901861898,-0.0166096900916765,-0.0032065358285617,0.0034082282570668,-0.0034082282570668
VTC_2026-04-17,VTC,2026-04-17,77.44000244140625,77.55000305175781,77.37999725341797,77.4219970703125,128000.0,-0.0081732066133149,-0.0163139302024698,-0.0122435684078924,0.0042805244303016,0.0034534378902703,-0.0034534378902703
VTC_2026-04-20,VTC,2026-04-20,77.37999725341797,77.4800033569336,77.30000305175781,77.41000366210938,237000.0,-0.0064176611025262,-0.0182624583370706,-0.0123400597197984,-0.0001549095690754,0.0034457738230666,-0.0034457738230666
VTC_2026-04-21,VTC,2026-04-21,77.41999816894531,77.4749984741211,77.1500015258789,77.1500015258789,92500.0,-0.0047344037208321,-0.0211874927101144,-0.0129609482154732,-0.0033587666183994,0.0034131237976444,-0.0034131237976444
VTC_2026-04-22,VTC,2026-04-22,77.44000244140625,77.44000244140625,77.30000305175781,77.30999755859375,54100.0,-0.0069364280810725,-0.0209586380807914,-0.0139475330809319,0.0020738305839329,0.0033785916243851,-0.0033785916243851
VTC_2026-04-23,VTC,2026-04-23,77.3499984741211,77.3949966430664,76.9800033569336,77.16200256347656,48700.0,-0.0105532864067934,-0.0233028597265438,-0.0169280730666686,-0.0019143060379095,0.0033778299896353,-0.0033778299896353
VTC_2026-04-24,VTC,2026-04-24,77.04000091552734,77.26000213623047,77.04000091552734,77.20999908447266,100800.0,-0.0104707516410966,-0.022868487105621,-0.0166696193733588,0.0006220227495601,0.0033781258360058,-0.0033781258360058
VTC_2026-04-27,VTC,2026-04-27,77.19999694824219,77.19999694824219,76.9990005493164,77.0479965209961,83700.0,-0.0132678028488779,-0.0240664940579087,-0.0186671484533933,-0.0020982070379164,0.0033848714525685,-0.0033848714525685
VTC_2026-04-28,VTC,2026-04-28,76.94999694824219,77.05500030517578,76.86000061035156,77.0530014038086,57000.0,-0.0122676670454469,-0.0255582891684765,-0.0189129781069617,6.495798772832018e-05,0.0033836984977854,-0.0033836984977854
VTC_2026-04-29,VTC,2026-04-29,76.9000015258789,77.1500015258789,76.68099975585938,76.69999694824219,57100.0,-0.0156697258593508,-0.0309539422666424,-0.0233118340629966,-0.0045813199892945,0.003426776545057,-0.003426776545057
VTC_2026-04-30,VTC,2026-04-30,76.69999694824219,76.93099975585938,76.69999694824219,76.81999969482422,444000.0,-0.0146228758727049,-0.0295604327821074,-0.0220916543274061,0.0015645730294227,0.0034331260086113,-0.0034331260086113
VTC_2026-05-01,VTC,2026-05-01,76.48999786376953,76.55999755859375,76.48999786376953,76.55999755859375,8939.0,-0.018071338345229,-0.0281550981590398,-0.0231132182521344,-0.0033845630989762,0.0034557234052519,-0.0034557234052519
